protein,target_layer,target_head,source_layer,source_head,source_group,upstream_mode,alpha_star,indirect_metric,indirect_drop,indirect_fraction_of_total_drop,pass_c_attn_diff_l1,pass_c_q_norm,pass_c_k_norm,pass_c_ctx_norm,target_total_attn_diff_l1
2B61A,11,1,10,9,,free,0.25,0.4951852560043335,0.07860922813415527,0.3243995653663117,20.036508560180664,157.99481201171875,154.20455932617188,57.38375473022461,23.772987365722656
2B61A,11,6,10,9,,free,0.25,0.5696749687194824,0.004119515419006348,0.017000154347843466,19.102401733398438,155.62078857421875,160.10726928710938,64.47267150878906,24.592470169067383
2B61A,11,16,10,9,,free,0.25,0.5937482118606567,-0.01995372772216797,-0.08234377507768124,31.295669555664062,175.29598999023438,184.57850646972656,89.2950439453125,40.649444580078125
2B61A,12,3,10,9,,free,0.25,0.5664248466491699,0.007369637489318848,0.030412551492838814,16.86158561706543,140.06033325195312,173.30946350097656,48.3096809387207,25.700336456298828
2B61A,12,3,11,1,,free,0.25,0.5716267824172974,0.0021677017211914062,0.00894553365920611,17.3115234375,140.46646118164062,173.02252197265625,49.05564880371094,25.700336456298828
2B61A,12,3,11,6,,free,0.25,0.5721422433853149,0.0016522407531738281,0.006818362104960223,18.554893493652344,140.40321350097656,173.2353057861328,48.963478088378906,25.700336456298828
2B61A,12,3,11,16,,free,0.25,0.5708461403846741,0.0029483437538146973,0.01216703757293858,23.996837615966797,139.7177276611328,173.24307250976562,48.532466888427734,25.700336456298828
2B61A,13,8,10,9,,free,0.25,0.5697382688522339,0.004056215286254883,0.016738931384082,14.051597595214844,156.48902893066406,134.46136474609375,37.49828338623047,41.93424606323242
2B61A,13,8,11,1,,free,0.25,0.5738452672958374,-5.078315734863281e-05,-0.00020956870539055232,13.762699127197266,156.6824951171875,134.6213836669922,38.00046920776367,41.93424606323242
2B61A,13,8,11,6,,free,0.25,0.5717300772666931,0.0020644068717956543,0.008519263041316642,15.50885009765625,156.51499938964844,134.7881317138672,37.70515441894531,41.93424606323242
2B61A,13,8,11,16,,free,0.25,0.5731133222579956,0.0006811618804931641,0.002810975546013183,18.693172454833984,156.33804321289062,134.64724731445312,38.40729904174805,41.93424606323242
2B61A,13,8,12,3,,free,0.25,0.5659032464027405,0.007891237735748291,0.03256505823095234,27.084386825561523,156.42251586914062,133.93582153320312,36.95835876464844,41.93424606323242
2B61A,13,18,10,9,,free,0.25,0.5697612166404724,0.004033267498016357,0.016644231910402,15.948077201843262,175.4710235595703,180.26565551757812,51.849952697753906,50.12234878540039
2B61A,13,18,11,1,,free,0.25,0.5727704167366028,0.0010240674018859863,0.004226056252717229,19.269325256347656,175.32398986816406,180.26763916015625,52.775184631347656,50.12234878540039
2B61A,13,18,11,6,,free,0.25,0.5716829895973206,0.002111494541168213,0.00871358144185483,18.394851684570312,175.4427490234375,180.35862731933594,52.27027130126953,50.12234878540039
2B61A,13,18,11,16,,free,0.25,0.5708690285682678,0.0029254555702209473,0.012072584071917487,25.015275955200195,175.20401000976562,180.18360900878906,52.11669921875,50.12234878540039
2B61A,13,18,12,3,,free,0.25,0.5667442679405212,0.007050216197967529,0.02909438401374495,33.13078689575195,174.63951110839844,180.79869079589844,50.12004470825195,50.12234878540039
2B61A,14,0,10,9,,free,0.25,0.5692641139030457,0.004530370235443115,0.018695643885703883,16.94053840637207,158.6043243408203,134.116943359375,49.348880767822266,52.754310607910156
2B61A,14,0,11,1,,free,0.25,0.5718653798103333,0.0019291043281555176,0.007960905105592988,16.4510555267334,158.54354858398438,134.07298278808594,49.97462463378906,52.754310607910156
2B61A,14,0,11,6,,free,0.25,0.570962131023407,0.002832353115081787,0.011688374778701473,18.797643661499023,158.63201904296875,134.06582641601562,49.83347702026367,52.754310607910156
2B61A,14,0,11,16,,free,0.25,0.5710524320602417,0.0027420520782470703,0.011315726200454188,22.817108154296875,158.44577026367188,133.91896057128906,49.66798782348633,52.754310607910156
2B61A,14,0,12,3,,free,0.25,0.5687705874443054,0.00502389669418335,0.020732297501471222,30.571956634521484,158.29075622558594,134.33828735351562,47.77913284301758,52.754310607910156
2B61A,14,0,13,8,,free,0.25,0.5672978162765503,0.0064966678619384766,0.02681003593045615,38.972267150878906,158.3401641845703,134.95248413085938,47.70491027832031,52.754310607910156
2B61A,14,0,13,18,,free,0.25,0.5661131143569946,0.007681369781494141,0.0316989884989334,40.327999114990234,157.9459991455078,134.52645874023438,47.78845977783203,52.754310607910156
2B61A,14,9,10,9,,free,0.25,0.5692089200019836,0.004585564136505127,0.01892341456785371,14.472034454345703,175.0790252685547,173.7288360595703,64.47201538085938,48.90373992919922
2B61A,14,9,11,1,,free,0.25,0.5721674561500549,0.0016270279884338379,0.006714315670241674,16.095273971557617,175.21038818359375,173.80105590820312,64.5156478881836,48.90373992919922
2B61A,14,9,11,6,,free,0.25,0.5750858187675476,-0.0012913346290588379,-0.005328997655265629,16.183744430541992,175.1913604736328,173.84341430664062,64.77532196044922,48.90373992919922
2B61A,14,9,11,16,,free,0.25,0.5745354890823364,-0.0007410049438476562,-0.003057932095557918,18.919771194458008,175.08786010742188,173.27703857421875,64.67485046386719,48.90373992919922
2B61A,14,9,12,3,,free,0.25,0.5605751872062683,0.013219296932220459,0.05455255421083669,25.302928924560547,175.01132202148438,172.69700622558594,63.26566696166992,48.90373992919922
2B61A,14,9,13,8,,free,0.25,0.5619680881500244,0.011826395988464355,0.04880441914478996,34.48863983154297,175.77133178710938,173.8673095703125,64.90473175048828,48.90373992919922
2B61A,14,9,13,18,,free,0.25,0.5598840117454529,0.013910472393035889,0.057404853163546606,35.900474548339844,175.71701049804688,174.35545349121094,65.19056701660156,48.90373992919922
2B61A,14,13,10,9,,free,0.25,0.5694522261619568,0.004342257976531982,0.017919354174186768,10.969442367553711,178.0613250732422,177.55410766601562,53.63886260986328,41.50669860839844
2B61A,14,13,11,1,,free,0.25,0.5721688270568848,0.001625657081604004,0.006708658299086765,12.39061164855957,178.23477172851562,177.54702758789062,53.67498779296875,41.50669860839844
2B61A,14,13,11,6,,free,0.25,0.5736784934997559,0.00011599063873291016,0.00047866279423710656,12.778074264526367,178.0060272216797,177.65811157226562,53.90892791748047,41.50669860839844
2B61A,14,13,11,16,,free,0.25,0.5714695453643799,0.0023249387741088867,0.009594409533408314,18.0466365814209,178.158203125,177.67422485351562,54.00127410888672,41.50669860839844
2B61A,14,13,12,3,,free,0.25,0.5671352744102478,0.006659209728240967,0.027480803371301262,30.299036026000977,178.51803588867188,177.43882751464844,53.22587966918945,41.50669860839844
2B61A,14,13,13,8,,free,0.25,0.567349910736084,0.006444573402404785,0.026595055826569597,39.32257080078125,179.02496337890625,177.72857666015625,53.28524398803711,41.50669860839844
2B61A,14,13,13,18,,free,0.25,0.569970965385437,0.003823518753051758,0.01577865412370088,41.09567642211914,178.63671875,177.71763610839844,53.29991912841797,41.50669860839844
2B61A,14,14,10,9,,free,0.25,0.5703392028808594,0.0034552812576293945,0.014259035036960467,10.106047630310059,189.77598571777344,208.41807556152344,60.7920036315918,36.27153015136719
2B61A,14,14,11,1,,free,0.25,0.5733339786529541,0.00046050548553466797,0.0019003847627316985,11.334580421447754,189.8224639892578,208.341064453125,60.828285217285156,36.27153015136719
2B61A,14,14,11,6,,free,0.25,0.5716638565063477,0.0021306276321411133,0.008792538665364651,11.715411186218262,189.92726135253906,208.45480346679688,61.10765075683594,36.27153015136719
2B61A,14,14,11,16,,free,0.25,0.5727402567863464,0.001054227352142334,0.0043505184181252335,11.058478355407715,189.77914428710938,208.16629028320312,61.213584899902344,36.27153015136719
2B61A,14,14,12,3,,free,0.25,0.5792272686958313,-0.005432784557342529,-0.022419669941587644,16.874969482421875,189.64288330078125,208.52684020996094,60.71588897705078,36.27153015136719
2B61A,14,14,13,8,,free,0.25,0.5757437348365784,-0.0019492506980895996,-0.008044043864304263,24.97562026977539,189.71853637695312,207.95913696289062,60.23066711425781,36.27153015136719
2B61A,14,14,13,18,,free,0.25,0.5770697593688965,-0.003275275230407715,-0.013516197607054989,26.00493812561035,189.89390563964844,207.83912658691406,60.44788360595703,36.27153015136719
2B61A,14,19,10,9,,free,0.25,0.5744898319244385,-0.000695347785949707,-0.0028695170388335486,8.856110572814941,197.37957763671875,191.48162841796875,66.12596893310547,32.97380828857422
2B61A,14,19,11,1,,free,0.25,0.5744974613189697,-0.000702977180480957,-0.0029010015391739133,11.052370071411133,197.29612731933594,191.53504943847656,66.00989532470703,32.97380828857422
2B61A,14,19,11,6,,free,0.25,0.5743974447250366,-0.0006029605865478516,-0.002488259417524445,10.690075874328613,197.24681091308594,191.6145477294922,66.29298400878906,32.97380828857422
2B61A,14,19,11,16,,free,0.25,0.5744643807411194,-0.0006698966026306152,-0.0027644867134793633,13.089750289916992,197.12535095214844,191.97434997558594,66.24987030029297,32.97380828857422
2B61A,14,19,12,3,,free,0.25,0.5699743628501892,0.0038201212882995605,0.01576463368214306,17.478878021240234,197.30865478515625,192.0604705810547,65.44708251953125,32.97380828857422
2B61A,14,19,13,8,,free,0.25,0.5683246850967407,0.005469799041748047,0.022572418962770194,23.777311325073242,197.29165649414062,191.50338745117188,65.21829223632812,32.97380828857422
2B61A,14,19,13,18,,free,0.25,0.5679859519004822,0.005808532238006592,0.023970281583350603,24.145404815673828,197.61477661132812,191.6536407470703,65.47769165039062,32.97380828857422
2B61A,15,2,10,9,,free,0.25,0.5689294934272766,0.004864990711212158,0.020076534392819565,11.105842590332031,149.03692626953125,123.15717315673828,63.25878143310547,50.437217712402344
2B61A,15,2,11,1,,free,0.25,0.5720478892326355,0.0017465949058532715,0.0072077368240133265,13.091917037963867,149.13714599609375,123.02234649658203,62.716697692871094,50.437217712402344
2B61A,15,2,11,6,,free,0.25,0.5758461356163025,-0.0020516514778137207,-0.008466624892310095,13.41586685180664,149.4272918701172,123.19244384765625,62.962432861328125,50.437217712402344
2B61A,15,2,11,16,,free,0.25,0.577793300151825,-0.003998816013336182,-0.01650205971355254,16.832197189331055,149.06951904296875,123.07498931884766,62.447235107421875,50.437217712402344
2B61A,15,2,12,3,,free,0.25,0.5720316171646118,0.0017628669738769531,0.007274887359895511,21.500490188598633,148.32020568847656,122.5246353149414,61.848384857177734,50.437217712402344
2B61A,15,2,13,8,,free,0.25,0.5693231821060181,0.004471302032470703,0.018451884980724968,26.68791961669922,148.806884765625,122.27522277832031,63.97276306152344,50.437217712402344
2B61A,15,2,13,18,,free,0.25,0.5726575255393982,0.0011369585990905762,0.004691928468691062,28.03103256225586,148.7678985595703,122.44197845458984,63.463626861572266,50.437217712402344
2B61A,15,2,14,0,,free,0.25,0.570589005947113,0.0032054781913757324,0.013228163623472433,44.045806884765625,148.21519470214844,121.46770477294922,62.092281341552734,50.437217712402344
2B61A,15,2,14,9,,free,0.25,0.5687251687049866,0.005069315433502197,0.020919728667559957,45.90199279785156,148.2100372314453,121.69239807128906,62.264652252197266,50.437217712402344
2B61A,15,2,14,13,,free,0.25,0.5703878402709961,0.0034066438674926758,0.014058321347290641,45.360870361328125,148.0286865234375,121.46925354003906,62.149085998535156,50.437217712402344
2B61A,15,2,14,14,,free,0.25,0.5725163817405701,0.0012781023979187012,0.005274391724987809,45.28583526611328,148.0251922607422,121.53919982910156,61.988258361816406,50.437217712402344
2B61A,15,2,14,19,,free,0.25,0.5726580023765564,0.001136481761932373,0.0046899606874197895,44.31431579589844,148.18490600585938,121.36569213867188,61.706260681152344,50.437217712402344
2B61A,16,7,10,9,,free,0.25,0.5714021921157837,0.002392292022705078,0.009872358637975595,12.580850601196289,183.12396240234375,192.11343383789062,118.9321517944336,80.5358657836914
2B61A,16,7,11,1,,free,0.25,0.5747148394584656,-0.0009203553199768066,-0.003798063826215397,16.419008255004883,183.3525390625,192.60125732421875,117.38436889648438,80.5358657836914
2B61A,16,7,11,6,,free,0.25,0.5737171769142151,7.730722427368164e-05,0.00031902653860510136,15.685564041137695,183.345947265625,192.61947631835938,117.81787872314453,80.5358657836914
2B61A,16,7,11,16,,free,0.25,0.573854386806488,-5.990266799926758e-05,-0.00024720252220364444,18.61286735534668,183.29290771484375,192.73361206054688,117.61640930175781,80.5358657836914
2B61A,16,7,12,3,,free,0.25,0.5698658227920532,0.003928661346435547,0.01621254989401653,28.873096466064453,183.09808349609375,193.0550079345703,116.45487976074219,80.5358657836914
2B61A,16,7,13,8,,free,0.25,0.5676050186157227,0.006189465522766113,0.025542292846438653,37.332496643066406,183.854248046875,193.3372344970703,117.44619750976562,80.5358657836914
2B61A,16,7,13,18,,free,0.25,0.5682188272476196,0.005575656890869141,0.02300926640499275,37.485233306884766,184.0875701904297,193.8645782470703,116.9316635131836,80.5358657836914
2B61A,16,7,14,0,,free,0.25,0.5652784705162048,0.008516013622283936,0.035143343641637514,59.14786911010742,185.38729858398438,195.244873046875,115.44759368896484,80.5358657836914
2B61A,16,7,14,9,,free,0.25,0.5633561611175537,0.010438323020935059,0.04307620786411486,65.071533203125,185.57664489746094,195.5640411376953,115.41458129882812,80.5358657836914
2B61A,16,7,14,13,,free,0.25,0.5644476413726807,0.009346842765808105,0.03857195653417144,59.7799072265625,185.36138916015625,195.3337860107422,115.85951232910156,80.5358657836914
2B61A,16,7,14,14,,free,0.25,0.5630556344985962,0.010738849639892578,0.044316402010334544,62.27275466918945,185.17819213867188,195.1383819580078,115.67623138427734,80.5358657836914
2B61A,16,7,14,19,,free,0.25,0.5645653605461121,0.009229123592376709,0.03808616053282597,59.51176071166992,185.13824462890625,194.82391357421875,115.3816909790039,80.5358657836914
2B61A,16,7,15,2,,free,0.25,0.5639417767524719,0.009852707386016846,0.04065952649033297,82.02532958984375,186.64695739746094,196.13072204589844,113.80562591552734,80.5358657836914
2B61A,16,15,10,9,,free,0.25,0.5731285810470581,0.0006659030914306641,0.0027480065453324536,8.090522766113281,184.38795471191406,186.5770263671875,72.1009292602539,45.12685775756836
2B61A,16,15,11,1,,free,0.25,0.5719658136367798,0.0018286705017089844,0.007546441175331156,10.194820404052734,184.42274475097656,186.466064453125,72.01966857910156,45.12685775756836
2B61A,16,15,11,6,,free,0.25,0.5737749338150024,1.9550323486328125e-05,8.067903212218446e-05,10.303131103515625,184.35275268554688,186.73951721191406,72.21376037597656,45.12685775756836
2B61A,16,15,11,16,,free,0.25,0.5730732083320618,0.000721275806427002,0.0029765151454590067,12.649229049682617,184.45465087890625,186.87355041503906,72.19611358642578,45.12685775756836
2B61A,16,15,12,3,,free,0.25,0.5714925527572632,0.002301931381225586,0.009499464087069401,16.533496856689453,184.7470245361328,187.84173583984375,71.61400604248047,45.12685775756836
2B61A,16,15,13,8,,free,0.25,0.572106659412384,0.0016878247261047363,0.006965207782328955,23.968368530273438,185.06295776367188,187.2029266357422,72.08745574951172,45.12685775756836
2B61A,16,15,13,18,,free,0.25,0.5718873739242554,0.0019071102142333984,0.00787014119445553,24.64727020263672,185.23167419433594,187.21681213378906,72.32521057128906,45.12685775756836
2B61A,16,15,14,0,,free,0.25,0.5715711116790771,0.002223372459411621,0.009175272122627209,30.135913848876953,185.01382446289062,186.83370971679688,72.68616485595703,45.12685775756836
2B61A,16,15,14,9,,free,0.25,0.5711560249328613,0.0026384592056274414,0.010888225719270174,33.18668746948242,185.23223876953125,187.08819580078125,72.73158264160156,45.12685775756836
2B61A,16,15,14,13,,free,0.25,0.5715516209602356,0.002242863178253174,0.009255705182090485,30.565587997436523,185.20179748535156,186.95413208007812,72.66496276855469,45.12685775756836
2B61A,16,15,14,14,,free,0.25,0.5717757344245911,0.002018749713897705,0.008330847984592273,30.84707260131836,185.0848388671875,186.71084594726562,72.70408630371094,45.12685775756836
2B61A,16,15,14,19,,free,0.25,0.5696989893913269,0.004095494747161865,0.016901027366303098,30.248680114746094,184.9925537109375,186.72866821289062,72.48900604248047,45.12685775756836
2B61A,16,15,15,2,,free,0.25,0.5719021558761597,0.0018923282623291016,0.007809139975046074,36.10388946533203,185.7255859375,186.26173400878906,72.86536407470703,45.12685775756836
2B61A,16,17,10,9,,free,0.25,0.5735200643539429,0.00027441978454589844,0.0011324581216174915,11.672918319702148,193.2581024169922,171.6284637451172,71.48382568359375,51.60954284667969
2B61A,16,17,11,1,,free,0.25,0.571381151676178,0.002413332462310791,0.009959186986570508,13.05612564086914,193.32373046875,171.8305206298828,71.4568862915039,51.60954284667969
2B61A,16,17,11,6,,free,0.25,0.5702798962593079,0.003514587879180908,0.01450377783257502,13.064262390136719,193.4453582763672,171.89097595214844,71.61830139160156,51.60954284667969
2B61A,16,17,11,16,,free,0.25,0.5712370276451111,0.0025574564933776855,0.01055394887581271,17.021358489990234,193.8201446533203,172.13919067382812,71.4883041381836,51.60954284667969
2B61A,16,17,12,3,,free,0.25,0.5728906393051147,0.0009038448333740234,0.0037299293996975766,17.01246452331543,193.13510131835938,171.48452758789062,72.00308990478516,51.60954284667969
2B61A,16,17,13,8,,free,0.25,0.5720985531806946,0.0016959309577941895,0.006998660063940593,21.56329345703125,193.91416931152344,171.3008575439453,71.75856018066406,51.60954284667969
2B61A,16,17,13,18,,free,0.25,0.5721654295921326,0.0016290545463562012,0.006722678740644584,22.541702270507812,194.4778289794922,171.49110412597656,71.76824188232422,51.60954284667969
2B61A,16,17,14,0,,free,0.25,0.5665673613548279,0.007227122783660889,0.029824430865387157,32.597957611083984,194.95608520507812,171.7091827392578,71.99974060058594,51.60954284667969
2B61A,16,17,14,9,,free,0.25,0.5673480033874512,0.006446480751037598,0.026602926951654688,36.74524688720703,195.31216430664062,172.11480712890625,71.92278289794922,51.60954284667969
2B61A,16,17,14,13,,free,0.25,0.5667135119438171,0.007080972194671631,0.029221305905742047,33.808563232421875,194.90121459960938,171.8130340576172,72.07699584960938,51.60954284667969
2B61A,16,17,14,14,,free,0.25,0.5676198601722717,0.006174623966217041,0.025481045654370288,33.8693962097168,194.76651000976562,171.63482666015625,71.79450988769531,51.60954284667969
2B61A,16,17,14,19,,free,0.25,0.5661040544509888,0.0076904296875,0.03173637634308758,34.0843391418457,194.78334045410156,171.50418090820312,71.71001434326172,51.60954284667969
2B61A,16,17,15,2,,free,0.25,0.5647451281547546,0.00904935598373413,0.037344306993556134,42.82304382324219,195.14532470703125,173.50411987304688,72.57524871826172,51.60954284667969
2B61A,17,5,10,9,,free,0.25,0.5733981132507324,0.00039637088775634766,0.0016357181817455082,9.052393913269043,175.9402618408203,141.3939666748047,74.2212142944336,64.0061264038086
2B61A,17,5,11,1,,free,0.25,0.5732617974281311,0.000532686710357666,0.0021982576526706175,9.247976303100586,175.93711853027344,141.5523223876953,74.02777862548828,64.0061264038086
2B61A,17,5,11,6,,free,0.25,0.5732923150062561,0.000502169132232666,0.002072319651309159,11.59785270690918,176.11526489257812,141.94073486328125,74.3477783203125,64.0061264038086
2B61A,17,5,11,16,,free,0.25,0.5736413598060608,0.00015312433242797852,0.0006319037607374752,13.303581237792969,176.1267852783203,142.32424926757812,74.66753387451172,64.0061264038086
2B61A,17,5,12,3,,free,0.25,0.572956383228302,0.0008381009101867676,0.0034586215569208404,18.201454162597656,174.96054077148438,141.91500854492188,74.42311096191406,64.0061264038086
2B61A,17,5,13,8,,free,0.25,0.5724040865898132,0.0013903975486755371,0.005737804214372552,22.892452239990234,176.01702880859375,143.0284881591797,75.40652465820312,64.0061264038086
2B61A,17,5,13,18,,free,0.25,0.5722687244415283,0.0015257596969604492,0.006296408122755115,25.056652069091797,176.1459197998047,143.61917114257812,75.8105239868164,64.0061264038086
2B61A,17,5,14,0,,free,0.25,0.5727635025978088,0.0010309815406799316,0.004254589081150685,33.86368942260742,176.12356567382812,142.989990234375,75.94258880615234,64.0061264038086
2B61A,17,5,14,9,,free,0.25,0.571714460849762,0.0020800232887268066,0.008583707877950826,35.30339431762695,176.1004180908203,143.41433715820312,76.11498260498047,64.0061264038086
2B61A,17,5,14,13,,free,0.25,0.5729576349258423,0.0008368492126464844,0.0034534561310837495,33.774391174316406,176.32666015625,143.27928161621094,76.29166412353516,64.0061264038086
2B61A,17,5,14,14,,free,0.25,0.5729239583015442,0.0008705258369445801,0.00359243068336739,36.026397705078125,176.24327087402344,143.07553100585938,76.29843139648438,64.0061264038086
2B61A,17,5,14,19,,free,0.25,0.5727560520172119,0.0010384321212768555,0.004285335663514322,35.49378967285156,176.40438842773438,142.8870086669922,76.64258575439453,64.0061264038086
2B61A,17,5,15,2,,free,0.25,0.5694414377212524,0.004353046417236328,0.017963875225449316,44.367549896240234,175.8273162841797,144.5037078857422,76.47937774658203,64.0061264038086
2B61A,17,5,16,7,,free,0.25,0.5662875175476074,0.007506966590881348,0.030979272498965378,65.96427917480469,175.22299194335938,142.76177978515625,75.6893539428711,64.0061264038086
2B61A,17,5,16,15,,free,0.25,0.5683552622795105,0.0054392218589782715,0.022446234988749824,53.88218688964844,174.9268341064453,143.08282470703125,76.15532684326172,64.0061264038086
2B61A,17,5,16,17,,free,0.25,0.5687617063522339,0.005032777786254883,0.02076894742764868,49.98860168457031,175.2418212890625,142.81114196777344,76.0474624633789,64.0061264038086
2B61A,17,18,10,9,,free,0.25,0.5729265213012695,0.0008679628372192383,0.003581853859034299,13.152352333068848,236.59588623046875,233.20458984375,73.0064926147461,71.58836364746094
2B61A,17,18,11,1,,free,0.25,0.5720086097717285,0.001785874366760254,0.007369832806234423,15.893058776855469,236.55975341796875,233.383544921875,73.23519897460938,71.58836364746094
2B61A,17,18,11,6,,free,0.25,0.573884904384613,-9.042024612426758e-05,-0.0003731405235651031,16.576894760131836,236.8441925048828,233.44285583496094,73.45096588134766,71.58836364746094
2B61A,17,18,11,16,,free,0.25,0.5728066563606262,0.0009878277778625488,0.004076504876100497,19.578622817993164,237.11758422851562,233.63522338867188,73.49483489990234,71.58836364746094
2B61A,17,18,12,3,,free,0.25,0.5688059329986572,0.004988551139831543,0.02058643571473813,26.89731216430664,236.67018127441406,233.292236328125,73.12589263916016,71.58836364746094
2B61A,17,18,13,8,,free,0.25,0.5702844858169556,0.003509998321533203,0.014484837937839019,34.43935775756836,238.38934326171875,234.12001037597656,74.56062316894531,71.58836364746094
2B61A,17,18,13,18,,free,0.25,0.5690924525260925,0.00470203161239624,0.01940404514336209,35.63864517211914,238.95159912109375,234.33639526367188,75.0538101196289,71.58836364746094
2B61A,17,18,14,0,,free,0.25,0.5669801235198975,0.006814360618591309,0.028121070202441648,42.94597244262695,240.69659423828125,234.99951171875,75.3249740600586,71.58836364746094
2B61A,17,18,14,9,,free,0.25,0.565492570400238,0.008301913738250732,0.03425980985083603,46.95761489868164,241.0884552001953,235.26669311523438,75.43184661865234,71.58836364746094
2B61A,17,18,14,13,,free,0.25,0.566748321056366,0.007046163082122803,0.029077657872939134,43.71800994873047,240.2868194580078,234.67422485351562,75.35791015625,71.58836364746094
2B61A,17,18,14,14,,free,0.25,0.5671736001968384,0.006620883941650391,0.027322642951622712,44.000267028808594,240.71853637695312,234.66824340820312,75.28900146484375,71.58836364746094
2B61A,17,18,14,19,,free,0.25,0.565918505191803,0.007875978946685791,0.03250208923027161,44.814727783203125,240.64517211914062,234.77378845214844,75.04629516601562,71.58836364746094
2B61A,17,18,15,2,,free,0.25,0.5645252466201782,0.009269237518310547,0.0382517001322718,58.520965576171875,241.67868041992188,236.09706115722656,75.196044921875,71.58836364746094
2B61A,17,18,16,7,,free,0.25,0.565298318862915,0.00849616527557373,0.03506143474622078,74.07376861572266,243.00616455078125,237.81951904296875,75.31859588623047,71.58836364746094
2B61A,17,18,16,15,,free,0.25,0.56421959400177,0.00957489013671875,0.03951304792715766,65.32177734375,241.572998046875,236.96441650390625,75.3505630493164,71.58836364746094
2B61A,17,18,16,17,,free,0.25,0.5644807815551758,0.009313702583312988,0.03843519573581799,63.90837097167969,241.2159881591797,236.60208129882812,75.39078521728516,71.58836364746094
2B61A,19,0,10,9,,free,0.25,0.5729032158851624,0.000891268253326416,0.0036780291686677566,7.087352752685547,188.80181884765625,255.62237548828125,70.87828063964844,52.07868576049805
2B61A,19,0,11,1,,free,0.25,0.5716906785964966,0.0021038055419921875,0.008681850968855556,8.366064071655273,188.86253356933594,255.71986389160156,70.81197357177734,52.07868576049805
2B61A,19,0,11,6,,free,0.25,0.572950541973114,0.0008439421653747559,0.0034827268774939323,8.411301612854004,188.97055053710938,255.7043914794922,71.01731872558594,52.07868576049805
2B61A,19,0,11,16,,free,0.25,0.572403073310852,0.0013914108276367188,0.005741985749574006,11.186491966247559,188.8693389892578,255.38047790527344,70.99008178710938,52.07868576049805
2B61A,19,0,12,3,,free,0.25,0.5713836550712585,0.0024108290672302246,0.009948856134896326,14.713579177856445,188.8452606201172,255.50546264648438,70.9416732788086,52.07868576049805
2B61A,19,0,13,8,,free,0.25,0.5699329376220703,0.003861546516418457,0.015935584680084887,18.116130828857422,188.94207763671875,255.5213165283203,70.99571228027344,52.07868576049805
2B61A,19,0,13,18,,free,0.25,0.5704423189163208,0.0033521652221679688,0.013833502337047726,18.370346069335938,188.99449157714844,255.43167114257812,71.2831039428711,52.07868576049805
2B61A,19,0,14,0,,free,0.25,0.567000150680542,0.006794333457946777,0.02803842338904819,22.00372314453125,189.23463439941406,254.9951171875,71.47853088378906,52.07868576049805
2B61A,19,0,14,9,,free,0.25,0.5661969184875488,0.007597565650939941,0.03135315094050721,21.953880310058594,189.39268493652344,254.99542236328125,71.70771789550781,52.07868576049805
2B61A,19,0,14,13,,free,0.25,0.5670195817947388,0.00677490234375,0.027958236302243825,21.60223388671875,188.93896484375,255.10574340820312,71.55681610107422,52.07868576049805
2B61A,19,0,14,14,,free,0.25,0.5673970580101013,0.006397426128387451,0.0264004914533725,21.661277770996094,188.9891357421875,254.96392822265625,71.32657623291016,52.07868576049805
2B61A,19,0,14,19,,free,0.25,0.5657280683517456,0.008066415786743164,0.03328797187548618,21.809070587158203,189.32974243164062,255.02317810058594,71.31160736083984,52.07868576049805
2B61A,19,0,15,2,,free,0.25,0.5635022521018982,0.010292232036590576,0.042473328877128666,27.07321548461914,188.37167358398438,254.73822021484375,72.0198974609375,52.07868576049805
2B61A,19,0,16,7,,free,0.25,0.5674160718917847,0.0063784122467041016,0.026322026175180497,38.37299346923828,187.0454864501953,254.53443908691406,70.93942260742188,52.07868576049805
2B61A,19,0,16,15,,free,0.25,0.5634983777999878,0.010296106338500977,0.042489317099957756,32.842437744140625,187.42697143554688,254.8896026611328,71.14419555664062,52.07868576049805
2B61A,19,0,16,17,,free,0.25,0.5632513165473938,0.01054316759109497,0.04350887377113597,32.03172302246094,187.550048828125,254.7107696533203,71.13720703125,52.07868576049805
2B61A,19,0,17,5,,free,0.25,0.5627461671829224,0.011048316955566406,0.04559349205539058,44.92808532714844,187.38389587402344,254.48968505859375,71.16027069091797,52.07868576049805
2B61A,19,0,17,18,,free,0.25,0.5634127259254456,0.010381758213043213,0.04284277981081013,44.7950325012207,187.63465881347656,254.53628540039062,71.05873107910156,52.07868576049805
2B61A,19,15,10,9,,free,0.25,0.5708022713661194,0.0029922127723693848,0.012348073449895677,10.134550094604492,169.0792236328125,165.77723693847656,67.43456268310547,53.71565246582031
2B61A,19,15,11,1,,free,0.25,0.5687135457992554,0.0050809383392333984,0.02096769333604723,14.092463493347168,169.03904724121094,165.8772430419922,67.05195617675781,53.71565246582031
2B61A,19,15,11,6,,free,0.25,0.5688650608062744,0.0049294233322143555,0.0203424308371003,14.17515754699707,169.21612548828125,165.85154724121094,67.27938842773438,53.71565246582031
2B61A,19,15,11,16,,free,0.25,0.5688486099243164,0.004945874214172363,0.020410319290959215,15.558966636657715,169.11041259765625,166.1248321533203,67.1521224975586,53.71565246582031
2B61A,19,15,12,3,,free,0.25,0.5665436387062073,0.007250845432281494,0.02992232798363298,22.232389450073242,169.0629119873047,165.53363037109375,66.69152069091797,53.71565246582031
2B61A,19,15,13,8,,free,0.25,0.5639792084693909,0.0098152756690979,0.04050505566053805,32.00720977783203,169.50332641601562,165.5224151611328,66.81334686279297,53.71565246582031
2B61A,19,15,13,18,,free,0.25,0.5638130307197571,0.00998145341873169,0.04119082743357662,34.02294921875,169.43138122558594,165.7633819580078,66.9149398803711,53.71565246582031
2B61A,19,15,14,0,,free,0.25,0.5637655854225159,0.0100288987159729,0.04138662167006826,41.31620788574219,169.6536865234375,165.5308380126953,67.03470611572266,53.71565246582031
2B61A,19,15,14,9,,free,0.25,0.5638900399208069,0.009904444217681885,0.040873030758266066,41.27991485595703,169.6625213623047,165.3542938232422,67.11073303222656,53.71565246582031
2B61A,19,15,14,13,,free,0.25,0.5641546249389648,0.009639859199523926,0.039781158125368574,40.23112487792969,169.5543212890625,165.51364135742188,67.31575775146484,53.71565246582031
2B61A,19,15,14,14,,free,0.25,0.5640677213668823,0.009726762771606445,0.04013978626205804,41.41880798339844,169.50241088867188,165.56753540039062,67.25078582763672,53.71565246582031
2B61A,19,15,14,19,,free,0.25,0.5632695555686951,0.010524928569793701,0.04343360613750979,41.30970764160156,169.4464874267578,165.3827362060547,66.88788604736328,53.71565246582031
2B61A,19,15,15,2,,free,0.25,0.568566620349884,0.005227863788604736,0.02157401594025816,41.744171142578125,170.1051788330078,165.4320068359375,69.63566589355469,53.71565246582031
2B61A,19,15,16,7,,free,0.25,0.5652141571044922,0.008580327033996582,0.03540874814060043,49.35249328613281,168.78834533691406,164.9658203125,68.23261260986328,53.71565246582031
2B61A,19,15,16,15,,free,0.25,0.5654997825622559,0.00829470157623291,0.03423004715910803,43.89866638183594,168.81094360351562,165.18325805664062,68.16323852539062,53.71565246582031
2B61A,19,15,16,17,,free,0.25,0.5661548972129822,0.007639586925506592,0.03152656166503812,43.585174560546875,168.82118225097656,165.1829376220703,68.29731750488281,53.71565246582031
2B61A,19,15,17,5,,free,0.25,0.5595484375953674,0.014246046543121338,0.058789679233204835,54.777156829833984,168.5921630859375,164.14944458007812,66.46653747558594,53.71565246582031
2B61A,19,15,17,18,,free,0.25,0.5594420433044434,0.01435244083404541,0.05922874042935757,56.00537872314453,168.5484619140625,164.19442749023438,66.4585189819336,53.71565246582031
2B61A,22,14,10,9,,free,0.25,0.573529839515686,0.0002646446228027344,0.0010921186055563993,10.357572555541992,169.635498046875,147.95423889160156,54.65184020996094,54.57559585571289
2B61A,22,14,11,1,,free,0.25,0.5701068639755249,0.003687620162963867,0.015217836461388135,9.894567489624023,169.52719116210938,147.9473419189453,54.573795318603516,54.57559585571289
2B61A,22,14,11,6,,free,0.25,0.571309506893158,0.0024849772453308105,0.010254846122579245,10.422595977783203,169.57984924316406,147.9622802734375,54.627315521240234,54.57559585571289
2B61A,22,14,11,16,,free,0.25,0.5705133676528931,0.003281116485595703,0.013540302927628079,11.532989501953125,169.56399536132812,147.7288055419922,54.686466217041016,54.57559585571289
2B61A,22,14,12,3,,free,0.25,0.5667240619659424,0.007070422172546387,0.029177768745115136,13.019296646118164,169.39071655273438,147.94415283203125,54.29372787475586,54.57559585571289
2B61A,22,14,13,8,,free,0.25,0.5665670037269592,0.007227480411529541,0.029825906701340613,18.506603240966797,169.60890197753906,148.1246337890625,54.67022705078125,54.57559585571289
2B61A,22,14,13,18,,free,0.25,0.5662428736686707,0.007551610469818115,0.031163506020488292,18.995227813720703,169.668701171875,148.2212677001953,54.796180725097656,54.57559585571289
2B61A,22,14,14,0,,free,0.25,0.5651294589042664,0.008665025234222412,0.03575827528891026,24.845699310302734,170.0384979248047,148.09730529785156,54.857852935791016,54.57559585571289
2B61A,22,14,14,9,,free,0.25,0.5654724836349487,0.008322000503540039,0.0343427026368884,26.746570587158203,170.21116638183594,147.93112182617188,54.965538024902344,54.57559585571289
2B61A,22,14,14,13,,free,0.25,0.5654498934745789,0.008344590663909912,0.03443592627461495,24.842397689819336,170.05006408691406,147.93470764160156,54.5710563659668,54.57559585571289
2B61A,22,14,14,14,,free,0.25,0.5656667351722717,0.008127748966217041,0.033541077741503646,25.10190773010254,169.94960021972656,147.93099975585938,54.8515625,54.57559585571289
2B61A,22,14,14,19,,free,0.25,0.5646896958351135,0.009104788303375244,0.037573061566341596,24.55010223388672,169.9779510498047,147.92503356933594,54.77916717529297,54.57559585571289
2B61A,22,14,15,2,,free,0.25,0.5635637640953064,0.010230720043182373,0.04221948509313447,30.06478500366211,170.2913818359375,147.61785888671875,54.75149917602539,54.57559585571289
2B61A,22,14,16,7,,free,0.25,0.5543363094329834,0.01945817470550537,0.08029875839151099,38.43170928955078,170.8056182861328,147.5888671875,53.90142059326172,54.57559585571289
2B61A,22,14,16,15,,free,0.25,0.553962230682373,0.019832253456115723,0.0818424827988245,34.40098571777344,170.51736450195312,147.69346618652344,54.05595016479492,54.57559585571289
2B61A,22,14,16,17,,free,0.25,0.5534695982933044,0.020324885845184326,0.0838754468247082,33.9233512878418,170.54513549804688,147.72537231445312,54.24015808105469,54.57559585571289
2B61A,22,14,17,5,,free,0.25,0.5502077341079712,0.023586750030517578,0.09733630058350864,41.77020263671875,170.49081420898438,147.3580322265625,54.54679489135742,54.57559585571289
2B61A,22,14,17,18,,free,0.25,0.5502626299858093,0.023531854152679443,0.09710975976465336,40.84477996826172,170.54640197753906,147.21685791015625,54.56974411010742,54.57559585571289
2B61A,22,14,19,0,,free,0.25,0.5423867106437683,0.03140777349472046,0.12961160302226607,46.13143539428711,170.33592224121094,147.60389709472656,55.67930603027344,54.57559585571289
2B61A,22,14,19,15,,free,0.25,0.5436702370643616,0.030124247074127197,0.12431482778531752,46.6539306640625,170.49298095703125,147.67608642578125,55.707664489746094,54.57559585571289
2B61A,26,16,10,9,,free,0.25,0.5728496313095093,0.0009448528289794922,0.0038991585890270366,6.451837062835693,174.1261444091797,186.47193908691406,80.26890563964844,55.29010772705078
2B61A,26,16,11,1,,free,0.25,0.5700075030326843,0.0037869811058044434,0.0156278728837896,8.231175422668457,174.2942657470703,186.4915313720703,80.46744537353516,55.29010772705078
2B61A,26,16,11,6,,free,0.25,0.5712903738021851,0.002504110336303711,0.010333803346089066,7.886815071105957,174.30946350097656,186.46836853027344,80.51848602294922,55.29010772705078
2B61A,26,16,11,16,,free,0.25,0.5706720948219299,0.003122389316558838,0.012885277736953148,10.369714736938477,174.40562438964844,186.48629760742188,80.75316619873047,55.29010772705078
2B61A,26,16,12,3,,free,0.25,0.5686181783676147,0.0051763057708740234,0.02136124959030179,11.033716201782227,173.8206024169922,186.52691650390625,80.5149917602539,55.29010772705078
2B61A,26,16,13,8,,free,0.25,0.56723952293396,0.006554961204528809,0.02705059719086925,15.676901817321777,174.3087921142578,186.8623504638672,80.8421859741211,55.29010772705078
2B61A,26,16,13,18,,free,0.25,0.5661355257034302,0.007658958435058594,0.03160650277918358,16.37774658203125,174.42005920410156,186.8677520751953,80.87206268310547,55.29010772705078
2B61A,26,16,14,0,,free,0.25,0.5676074624061584,0.006187021732330322,0.025532207967423382,21.189193725585938,174.6284637451172,186.71905517578125,81.37194061279297,55.29010772705078
2B61A,26,16,14,9,,free,0.25,0.564935028553009,0.008859455585479736,0.03656063810227174,22.531055450439453,174.7320556640625,186.74679565429688,81.41397857666016,55.29010772705078
2B61A,26,16,14,13,,free,0.25,0.56623774766922,0.007556736469268799,0.031184659669154475,21.005294799804688,174.58702087402344,186.67979431152344,81.28875732421875,55.29010772705078
2B61A,26,16,14,14,,free,0.25,0.567305862903595,0.006488621234893799,0.02677682962150342,21.471397399902344,174.531005859375,186.78021240234375,81.21418762207031,55.29010772705078
2B61A,26,16,14,19,,free,0.25,0.5660770535469055,0.007717430591583252,0.031847801957573404,21.7440185546875,174.5513153076172,186.65737915039062,81.29623413085938,55.29010772705078
2B61A,26,16,15,2,,free,0.25,0.563177227973938,0.010617256164550781,0.04381461778615998,24.94595718383789,174.6745147705078,186.4049530029297,81.55918884277344,55.29010772705078
2B61A,26,16,16,7,,free,0.25,0.5607199668884277,0.013074517250061035,0.05395508662234649,33.01374435424805,174.5660858154297,186.23019409179688,82.09626007080078,55.29010772705078
2B61A,26,16,16,15,,free,0.25,0.5597646832466125,0.01402980089187622,0.057897290426682624,31.177764892578125,174.50645446777344,186.1529998779297,81.76531982421875,55.29010772705078
2B61A,26,16,16,17,,free,0.25,0.5597303509712219,0.014064133167266846,0.058038970678214265,30.50156593322754,174.36569213867188,186.2353973388672,81.59052276611328,55.29010772705078
2B61A,26,16,17,5,,free,0.25,0.5535953640937805,0.020199120044708252,0.08335644451441,40.16029357910156,174.96066284179688,186.31629943847656,82.22240447998047,55.29010772705078
2B61A,26,16,17,18,,free,0.25,0.5534493923187256,0.020345091819763184,0.08395883155607839,40.08062744140625,174.9896697998047,186.32106018066406,82.47750091552734,55.29010772705078
2B61A,26,16,19,0,,free,0.25,0.5391464829444885,0.034648001194000244,0.14298316870588249,44.738189697265625,174.73257446289062,186.4022216796875,81.99832916259766,55.29010772705078
2B61A,26,16,19,15,,free,0.25,0.5381399393081665,0.035654544830322266,0.14713690899688045,44.458499908447266,174.72010803222656,186.44363403320312,81.86396789550781,55.29010772705078
2B61A,26,16,22,14,,free,0.25,0.5211206674575806,0.0526738166809082,0.21737095813114893,48.005088806152344,173.1436004638672,185.86083984375,80.80391693115234,55.29010772705078
2B61A,27,15,10,9,,free,0.25,0.5740346908569336,-0.00024020671844482422,-0.0009912698154036688,7.089824676513672,174.5417938232422,169.40634155273438,77.13890075683594,52.31636428833008
2B61A,27,15,11,1,,free,0.25,0.5732946991920471,0.0004997849464416504,0.002062480744952795,7.512640476226807,174.65065002441406,169.4244842529297,77.29503631591797,52.31636428833008
2B61A,27,15,11,6,,free,0.25,0.5740829110145569,-0.00028842687606811523,-0.0011902616964611298,7.578539848327637,174.71754455566406,169.3706817626953,77.22762298583984,52.31636428833008
2B61A,27,15,11,16,,free,0.25,0.5739473700523376,-0.00015288591384887695,-0.0006309198701018389,10.072290420532227,174.65440368652344,169.18991088867188,76.65773010253906,52.31636428833008
2B61A,27,15,12,3,,free,0.25,0.5740317702293396,-0.00023728609085083008,-0.000979217155117123,14.325621604919434,174.31858825683594,169.1042938232422,75.58451080322266,52.31636428833008
2B61A,27,15,13,8,,free,0.25,0.5718439817428589,0.0019505023956298828,0.008049209290141354,18.946802139282227,174.6505584716797,169.24630737304688,75.98326110839844,52.31636428833008
2B61A,27,15,13,18,,free,0.25,0.5713252425193787,0.0024692416191101074,0.010189909340627242,19.067100524902344,174.72125244140625,169.27633666992188,75.98001098632812,52.31636428833008
2B61A,27,15,14,0,,free,0.25,0.5713191628456116,0.0024753212928771973,0.01021499855183597,25.152202606201172,174.7460479736328,168.6365203857422,75.5697021484375,52.31636428833008
2B61A,27,15,14,9,,free,0.25,0.5706107020378113,0.0031837821006774902,0.01313862957562952,26.397947311401367,174.67564392089844,168.57298278808594,75.4342041015625,52.31636428833008
2B61A,27,15,14,13,,free,0.25,0.5712066292762756,0.0025878548622131348,0.010679394931856349,25.2029972076416,174.7577667236328,168.5729217529297,75.60247039794922,52.31636428833008
2B61A,27,15,14,14,,free,0.25,0.5714365243911743,0.002357959747314453,0.009730678386443955,25.294750213623047,174.69454956054688,168.68959045410156,75.6179428100586,52.31636428833008
2B61A,27,15,14,19,,free,0.25,0.570572018623352,0.0032224655151367188,0.013298265831261527,25.06520652770996,174.66717529296875,168.69696044921875,75.67417907714844,52.31636428833008
2B61A,27,15,15,2,,free,0.25,0.57052081823349,0.0032736659049987793,0.013509556345264443,30.142288208007812,174.6231231689453,168.21865844726562,75.26102447509766,52.31636428833008
2B61A,27,15,16,7,,free,0.25,0.569976270198822,0.003818213939666748,0.01575676255705797,32.688480377197266,174.2705841064453,167.8594970703125,75.77770233154297,52.31636428833008
2B61A,27,15,16,15,,free,0.25,0.5708922147750854,0.0029022693634033203,0.011976900707601847,30.095998764038086,174.07321166992188,168.11497497558594,75.73078918457031,52.31636428833008
2B61A,27,15,16,17,,free,0.25,0.5709015130996704,0.0028929710388183594,0.011938528972812027,29.407188415527344,174.07891845703125,168.1171112060547,75.69725036621094,52.31636428833008
2B61A,27,15,17,5,,free,0.25,0.568005383014679,0.0057891011238098145,0.023890094496546235,37.41880416870117,174.1793975830078,167.71865844726562,75.45396423339844,52.31636428833008
2B61A,27,15,17,18,,free,0.25,0.5687842965126038,0.00501018762588501,0.02067572378992213,38.047698974609375,174.13339233398438,167.58636474609375,75.55619049072266,52.31636428833008
2B61A,27,15,19,0,,free,0.25,0.5669322609901428,0.006862223148345947,0.028318586247545654,41.54412841796875,174.17996215820312,167.74720764160156,75.65672302246094,52.31636428833008
2B61A,27,15,19,15,,free,0.25,0.5666917562484741,0.0071027278900146484,0.029311085926243867,41.901527404785156,174.24862670898438,167.7372589111328,75.52229309082031,52.31636428833008
2B61A,27,15,22,14,,free,0.25,0.5618444681167603,0.011950016021728516,0.049314566439367435,45.7886962890625,173.4840850830078,167.70533752441406,75.35688781738281,52.31636428833008
2B61A,27,15,26,16,,free,0.25,0.5533977746963501,0.020396709442138672,0.08417184387869367,52.03846740722656,173.04278564453125,167.6533966064453,75.08538055419922,52.31636428833008
2B61A,30,1,10,9,,free,0.25,0.5723111629486084,0.001483321189880371,0.006121275589611837,9.389679908752441,175.29800415039062,183.80699157714844,95.56092834472656,66.11669158935547
2B61A,30,1,11,1,,free,0.25,0.5722030401229858,0.0015914440155029297,0.006567469992872942,12.981327056884766,175.3387908935547,184.0616455078125,95.75794219970703,66.11669158935547
2B61A,30,1,11,6,,free,0.25,0.5738709568977356,-7.647275924682617e-05,-0.000315582921380374,12.508583068847656,175.26649475097656,183.94625854492188,95.71610260009766,66.11669158935547
2B61A,30,1,11,16,,free,0.25,0.5729061365127563,0.0008883476257324219,0.003665976508381211,14.232759475708008,175.3834991455078,184.04336547851562,95.9991226196289,66.11669158935547
2B61A,30,1,12,3,,free,0.25,0.5691292881965637,0.004665195941925049,0.019252034040156265,22.085468292236328,175.01280212402344,183.8548126220703,96.10454559326172,66.11669158935547
2B61A,30,1,13,8,,free,0.25,0.5664611458778381,0.007333338260650635,0.03026275414356317,36.82114028930664,174.9808349609375,184.51148986816406,96.2826919555664,66.11669158935547
2B61A,30,1,13,18,,free,0.25,0.5661097168922424,0.007684767246246338,0.03171300894049122,36.110496520996094,175.05630493164062,184.67678833007812,96.27945709228516,66.11669158935547
2B61A,30,1,14,0,,free,0.25,0.5633255839347839,0.010468900203704834,0.043202391838135235,33.56048583984375,175.17970275878906,184.02886962890625,96.09334564208984,66.11669158935547
2B61A,30,1,14,9,,free,0.25,0.5650457739830017,0.00874871015548706,0.036103620902018636,32.89616394042969,175.3643035888672,184.06387329101562,96.05327606201172,66.11669158935547
2B61A,30,1,14,13,,free,0.25,0.5637749433517456,0.010019540786743164,0.041348003962619534,31.917341232299805,175.23455810546875,183.9421844482422,95.7723617553711,66.11669158935547
2B61A,30,1,14,14,,free,0.25,0.5643764734268188,0.009418010711669922,0.03886564788890891,35.390201568603516,175.26646423339844,184.1966552734375,95.93383026123047,66.11669158935547
2B61A,30,1,14,19,,free,0.25,0.5643165111541748,0.009477972984313965,0.03911309638377146,32.52963638305664,175.21168518066406,184.04307556152344,96.11714935302734,66.11669158935547
2B61A,30,1,15,2,,free,0.25,0.5663684010505676,0.007426083087921143,0.030645487600825732,32.27434158325195,175.18055725097656,183.54811096191406,95.78218078613281,66.11669158935547
2B61A,30,1,16,7,,free,0.25,0.5659435987472534,0.007850885391235352,0.03239853474087088,39.44485855102539,174.74549865722656,183.50570678710938,95.5901870727539,66.11669158935547
2B61A,30,1,16,15,,free,0.25,0.5639997720718384,0.00979471206665039,0.040420195093214414,38.737098693847656,174.73690795898438,183.4644012451172,95.74485778808594,66.11669158935547
2B61A,30,1,16,17,,free,0.25,0.5646831393241882,0.009111344814300537,0.037600118558821595,37.81314468383789,174.77760314941406,183.47015380859375,95.5553970336914,66.11669158935547
2B61A,30,1,17,5,,free,0.25,0.5660436153411865,0.007750868797302246,0.03198579261922141,41.55702209472656,174.90655517578125,183.66355895996094,96.19733428955078,66.11669158935547
2B61A,30,1,17,18,,free,0.25,0.5657413005828857,0.008053183555603027,0.033233365945208364,41.378028869628906,174.8276824951172,183.49990844726562,96.1852035522461,66.11669158935547
2B61A,30,1,19,0,,free,0.25,0.5655690431594849,0.008225440979003906,0.03394422692945566,44.490840911865234,174.7725067138672,183.6102752685547,96.43733978271484,66.11669158935547
2B61A,30,1,19,15,,free,0.25,0.5637337565422058,0.010060727596282959,0.041517971069925726,45.26614761352539,174.8021697998047,183.67068481445312,96.34484100341797,66.11669158935547
2B61A,30,1,22,14,,free,0.25,0.5605815052986145,0.013212978839874268,0.05452648110899233,47.876243591308594,174.94203186035156,183.92001342773438,96.70352935791016,66.11669158935547
2B61A,30,1,26,16,,free,0.25,0.5593646764755249,0.014429807662963867,0.059548012940621585,52.31591033935547,174.56454467773438,183.9283447265625,96.90194702148438,66.11669158935547
2B61A,30,1,27,15,,free,0.25,0.5590547919273376,0.014739692211151123,0.06082682479428999,54.29502487182617,174.4700927734375,183.6151885986328,96.34756469726562,66.11669158935547
2B61A,32,13,10,9,,free,0.25,0.5705657601356506,0.0032287240028381348,0.013324092960446982,8.092617988586426,174.0366973876953,176.6639404296875,109.25415802001953,51.271724700927734
2B61A,32,13,11,1,,free,0.25,0.5710888504981995,0.0027056336402893066,0.01116543690586073,7.774941921234131,174.08206176757812,176.7757568359375,109.32286071777344,51.271724700927734
2B61A,32,13,11,6,,free,0.25,0.5721926093101501,0.001601874828338623,0.006610515208182035,8.095699310302734,174.0501251220703,176.7014923095703,109.16692352294922,51.271724700927734
2B61A,32,13,11,16,,free,0.25,0.5719529390335083,0.0018415451049804688,0.007599571269655521,9.322004318237305,174.1529541015625,176.6136474609375,109.15755462646484,51.271724700927734
2B61A,32,13,12,3,,free,0.25,0.570860743522644,0.0029337406158447266,0.012106774271505851,11.192249298095703,174.02191162109375,176.3800048828125,108.59375762939453,51.271724700927734
2B61A,32,13,13,8,,free,0.25,0.5613014101982117,0.0124930739402771,0.05155562333468823,17.412273406982422,174.4064178466797,176.36785888671875,108.69021606445312,51.271724700927734
2B61A,32,13,13,18,,free,0.25,0.5601709485054016,0.013623535633087158,0.0562207407835582,17.22784423828125,174.40931701660156,176.467041015625,108.88092803955078,51.271724700927734
2B61A,32,13,14,0,,free,0.25,0.5585145950317383,0.015279889106750488,0.06305607500198315,19.925996780395508,174.26266479492188,176.3877410888672,107.8275375366211,51.271724700927734
2B61A,32,13,14,9,,free,0.25,0.5575393438339233,0.01625514030456543,0.06708067964705383,21.108318328857422,174.21946716308594,176.37738037109375,107.56122589111328,51.271724700927734
2B61A,32,13,14,13,,free,0.25,0.5597322583198547,0.014062225818634033,0.05803109955312917,19.63799285888672,174.290283203125,176.44754028320312,107.60075378417969,51.271724700927734
2B61A,32,13,14,14,,free,0.25,0.5593397617340088,0.01445472240447998,0.05965082951204559,20.56047821044922,174.3421630859375,176.4076385498047,107.61054992675781,51.271724700927734
2B61A,32,13,14,19,,free,0.25,0.5602229237556458,0.013571560382843018,0.05600625262498947,19.56238555908203,174.2494659423828,176.362548828125,107.74737548828125,51.271724700927734
2B61A,32,13,15,2,,free,0.25,0.5599411725997925,0.013853311538696289,0.05716896538365278,21.993824005126953,173.5314483642578,175.9626922607422,106.55537414550781,51.271724700927734
2B61A,32,13,16,7,,free,0.25,0.5564814805984497,0.017313003540039062,0.07144620239737252,27.746658325195312,173.35580444335938,175.9124755859375,105.09437561035156,51.271724700927734
2B61A,32,13,16,15,,free,0.25,0.5572706460952759,0.01652383804321289,0.06818952439341605,24.745586395263672,173.31930541992188,175.9411163330078,105.2232894897461,51.271724700927734
2B61A,32,13,16,17,,free,0.25,0.5587928891181946,0.01500159502029419,0.06190762865753657,24.45470428466797,173.34515380859375,176.00762939453125,105.54141235351562,51.271724700927734
2B61A,32,13,17,5,,free,0.25,0.554144024848938,0.01965045928955078,0.08109226618915175,29.78145980834961,173.28973388671875,175.86073303222656,106.63616943359375,51.271724700927734
2B61A,32,13,17,18,,free,0.25,0.55391526222229,0.01987922191619873,0.08203630925404487,29.63469886779785,173.26840209960938,175.7835235595703,106.0896987915039,51.271724700927734
2B61A,32,13,19,0,,free,0.25,0.5548568964004517,0.01893758773803711,0.07815043318859892,33.81488037109375,173.35313415527344,176.130859375,106.13072204589844,51.271724700927734
2B61A,32,13,19,15,,free,0.25,0.5548449754714966,0.018949508666992188,0.07819962772038073,34.045623779296875,173.3812255859375,176.10023498535156,106.26496124267578,51.271724700927734
2B61A,32,13,22,14,,free,0.25,0.5539534687995911,0.019841015338897705,0.08187864077968414,37.02312469482422,173.0287322998047,175.5301055908203,106.96839141845703,51.271724700927734
2B61A,32,13,26,16,,free,0.25,0.5506454110145569,0.023149073123931885,0.09553012334913913,39.7042236328125,172.55419921875,175.3213348388672,106.17227935791016,51.271724700927734
2B61A,32,13,27,15,,free,0.25,0.5484578609466553,0.025336623191833496,0.10455756590376197,40.8929443359375,172.6399688720703,175.42437744140625,106.71652221679688,51.271724700927734
2B61A,32,13,30,1,,free,0.25,0.5357940793037415,0.038000404834747314,0.15681765493356586,49.97249984741211,172.10635375976562,174.7820587158203,106.0992431640625,51.271724700927734
2B61A,32,18,10,9,,free,0.25,0.5714848637580872,0.0023096203804016113,0.009531194560068675,7.57924747467041,169.99612426757812,210.59442138671875,205.176513671875,71.75942993164062
2B61A,32,18,11,1,,free,0.25,0.5711714029312134,0.0026230812072753906,0.010824764773271626,8.979766845703125,170.03720092773438,210.6959686279297,205.36181640625,71.75942993164062
2B61A,32,18,11,6,,free,0.25,0.5716424584388733,0.0021520256996154785,0.008880842849913018,9.37794017791748,169.8780059814453,210.61436462402344,204.8856201171875,71.75942993164062
2B61A,32,18,11,16,,free,0.25,0.5707701444625854,0.0030243396759033203,0.012480652713047682,11.394238471984863,170.0122528076172,210.7757568359375,205.639404296875,71.75942993164062
2B61A,32,18,12,3,,free,0.25,0.571100652217865,0.0026938319206237793,0.011116734319396727,17.938709259033203,169.87368774414062,210.4564666748047,205.04847717285156,71.75942993164062
2B61A,32,18,13,8,,free,0.25,0.5663558840751648,0.007438600063323975,0.03069714185919664,33.08143615722656,170.20181274414062,210.9270782470703,207.22164916992188,71.75942993164062
2B61A,32,18,13,18,,free,0.25,0.5667983889579773,0.006996095180511475,0.028871040839455492,31.9212589263916,170.2355194091797,211.0001983642578,207.30421447753906,71.75942993164062
2B61A,32,18,14,0,,free,0.25,0.5659657716751099,0.007828712463378906,0.03230703291175669,34.7064323425293,170.1910858154297,210.84169006347656,207.81968688964844,71.75942993164062
2B61A,32,18,14,9,,free,0.25,0.5637170672416687,0.010077416896820068,0.04158684341442027,35.87799835205078,170.2261199951172,210.599853515625,207.51971435546875,71.75942993164062
2B61A,32,18,14,13,,free,0.25,0.5653157830238342,0.008478701114654541,0.03498936475716042,34.2946662902832,170.2162628173828,210.85617065429688,207.66871643066406,71.75942993164062
2B61A,32,18,14,14,,free,0.25,0.5658086538314819,0.007985830307006836,0.03295541684064108,37.547847747802734,170.25013732910156,210.7725372314453,207.62364196777344,71.75942993164062
2B61A,32,18,14,19,,free,0.25,0.5655226111412048,0.008271872997283936,0.034135839630745846,33.54676055908203,170.21139526367188,210.76742553710938,207.78916931152344,71.75942993164062
2B61A,32,18,15,2,,free,0.25,0.5633651614189148,0.010429322719573975,0.04303906599261959,35.059486389160156,169.6306915283203,209.9237823486328,208.03192138671875,71.75942993164062
2B61A,32,18,16,7,,free,0.25,0.5616182684898376,0.012176215648651123,0.05024803267992746,41.3598747253418,169.67962646484375,210.1464080810547,208.16317749023438,71.75942993164062
2B61A,32,18,16,15,,free,0.25,0.5609270930290222,0.012867391109466553,0.053100331632637374,38.225589752197266,169.65945434570312,210.03587341308594,207.2909698486328,71.75942993164062
2B61A,32,18,16,17,,free,0.25,0.5612741708755493,0.012520313262939453,0.05166803283980969,39.14751052856445,169.68246459960938,210.11181640625,207.5576629638672,71.75942993164062
2B61A,32,18,17,5,,free,0.25,0.557654857635498,0.016139626502990723,0.066603984634088,44.85652160644531,169.24832153320312,209.22265625,204.42544555664062,71.75942993164062
2B61A,32,18,17,18,,free,0.25,0.5572641491889954,0.016530334949493408,0.06821633541323714,44.149322509765625,169.3605499267578,209.32537841796875,205.0429229736328,71.75942993164062
2B61A,32,18,19,0,,free,0.25,0.5574616193771362,0.01633286476135254,0.06740142799427129,46.972816467285156,169.20664978027344,209.27639770507812,205.735595703125,71.75942993164062
2B61A,32,18,19,15,,free,0.25,0.5563808083534241,0.017413675785064697,0.07186165021826998,48.11721420288086,169.24642944335938,209.35488891601562,205.8842010498047,71.75942993164062
2B61A,32,18,22,14,,free,0.25,0.5576579570770264,0.016136527061462402,0.06659119405582473,49.07958221435547,169.37765502929688,209.33584594726562,206.1317596435547,71.75942993164062
2B61A,32,18,26,16,,free,0.25,0.5480557084083557,0.025738775730133057,0.10621714343342166,49.88777160644531,169.31617736816406,209.29898071289062,207.199951171875,71.75942993164062
2B61A,32,18,27,15,,free,0.25,0.5464078187942505,0.02738666534423828,0.11301754953428152,50.73729705810547,169.38169860839844,209.33181762695312,207.03683471679688,71.75942993164062
2B61A,32,18,30,1,,free,0.25,0.5355217456817627,0.038272738456726074,0.15794150401212154,63.6070556640625,170.06272888183594,210.48822021484375,209.82150268554688,71.75942993164062
1PVGA,11,14,10,9,ANCHOR,free,0.25,0.573357880115509,0.018772244453430176,0.07495030121503371,49.73915481567383,179.38059997558594,141.63575744628906,95.9479751586914,46.606224060058594
1PVGA,11,16,10,9,ANCHOR,free,0.25,0.5210822224617004,0.07104790210723877,0.28366675475828607,61.49243927001953,176.03822326660156,179.42958068847656,68.26481628417969,67.21766662597656
1PVGA,12,8,10,9,ANCHOR,free,0.25,0.5862178802490234,0.0059122443199157715,0.023605301632090608,25.214614868164062,177.01223754882812,180.45437622070312,59.527591705322266,43.68634033203125
1PVGA,12,8,11,14,ANCHOR,free,0.25,0.5887237191200256,0.0034064054489135742,0.01360045758459919,28.929094314575195,177.1660614013672,180.2293243408203,59.339324951171875,43.68634033203125
1PVGA,12,8,11,16,ANCHOR,free,0.25,0.5852152109146118,0.006914913654327393,0.027608571929345682,29.682727813720703,176.38990783691406,179.60955810546875,58.547176361083984,43.68634033203125
1PVGA,12,10,10,9,ANCHOR,free,0.25,0.5895808935165405,0.0025492310523986816,0.01017809222109751,27.142892837524414,175.77713012695312,202.18988037109375,51.06676483154297,49.244239807128906
1PVGA,12,10,11,14,ANCHOR,free,0.25,0.5831364989280701,0.00899362564086914,0.03590806376246723,31.271657943725586,176.26869201660156,202.50161743164062,50.917789459228516,49.244239807128906
1PVGA,12,10,11,16,ANCHOR,free,0.25,0.5801960825920105,0.011934041976928711,0.04764800730688451,36.596683502197266,175.53138732910156,201.493408203125,49.78961944580078,49.244239807128906
1PVGA,12,15,10,9,ANCHOR,free,0.25,0.5902296304702759,0.00190049409866333,0.007587936834382242,27.465538024902344,173.03018188476562,168.0302734375,65.71385192871094,53.412147521972656
1PVGA,12,15,11,14,ANCHOR,free,0.25,0.5893137454986572,0.0028163790702819824,0.011244710784425132,31.541093826293945,172.9490203857422,168.0791778564453,65.63462829589844,53.412147521972656
1PVGA,12,15,11,16,ANCHOR,free,0.25,0.5880338549613953,0.004096269607543945,0.01635481797102353,37.433570861816406,172.5690460205078,167.68699645996094,64.9897232055664,53.412147521972656
1PVGA,13,2,10,9,ANCHOR,free,0.25,0.58725506067276,0.004875063896179199,0.01946424192203618,17.930212020874023,210.81472778320312,195.78585815429688,66.48001861572266,42.68044662475586
1PVGA,13,2,11,14,ANCHOR,free,0.25,0.5870332717895508,0.005096852779388428,0.020349759029162928,23.997875213623047,210.9754180908203,195.47714233398438,67.02409362792969,42.68044662475586
1PVGA,13,2,11,16,ANCHOR,free,0.25,0.5848870277404785,0.007243096828460693,0.028918880231371985,25.123624801635742,210.44155883789062,195.32778930664062,65.98615264892578,42.68044662475586
1PVGA,13,2,12,8,OTHER,free,0.25,0.5881966352462769,0.0039334893226623535,0.01570489934174023,34.87153244018555,209.2965087890625,194.4449462890625,63.64254379272461,42.68044662475586
1PVGA,13,2,12,10,ANCHOR,free,0.25,0.584495484828949,0.007634639739990234,0.030482159424254435,33.05602264404297,209.30197143554688,194.95909118652344,64.18558502197266,42.68044662475586
1PVGA,13,2,12,15,ANCHOR,free,0.25,0.5863754749298096,0.005754649639129639,0.02297608711146628,33.75571823120117,208.9869842529297,195.09393310546875,64.11682891845703,42.68044662475586
1PVGA,13,17,10,9,ANCHOR,free,0.25,0.5869626998901367,0.00516742467880249,0.020631525289533277,20.054824829101562,179.1224822998047,169.02903747558594,53.570316314697266,42.17718505859375
1PVGA,13,17,11,14,ANCHOR,free,0.25,0.5844044089317322,0.007725715637207031,0.030845790206218873,24.531394958496094,179.40200805664062,168.6243438720703,53.712135314941406,42.17718505859375
1PVGA,13,17,11,16,ANCHOR,free,0.25,0.5888458490371704,0.003284275531768799,0.01311284012894138,27.68836784362793,178.78793334960938,167.94874572753906,52.501182556152344,42.17718505859375
1PVGA,13,17,12,8,OTHER,free,0.25,0.5808952450752258,0.011234879493713379,0.044856522311830294,39.529624938964844,178.27963256835938,166.6577606201172,52.064300537109375,42.17718505859375
1PVGA,13,17,12,10,ANCHOR,free,0.25,0.5823865532875061,0.009743571281433105,0.03890230623542309,38.835933685302734,178.655029296875,166.85255432128906,52.29404067993164,42.17718505859375
1PVGA,13,17,12,15,ANCHOR,free,0.25,0.5808197855949402,0.011310338973999023,0.04515780278955737,40.302059173583984,178.13653564453125,166.44552612304688,52.142066955566406,42.17718505859375
1PVGA,13,18,10,9,ANCHOR,free,0.25,0.5886098146438599,0.0035203099250793457,0.014055234040315183,23.490699768066406,191.51312255859375,191.49273681640625,66.96771240234375,43.28799057006836
1PVGA,13,18,11,14,ANCHOR,free,0.25,0.5876895189285278,0.004440605640411377,0.01772961838163122,29.20646858215332,191.76931762695312,191.86398315429688,69.87582397460938,43.28799057006836
1PVGA,13,18,11,16,ANCHOR,free,0.25,0.5892972350120544,0.0028328895568847656,0.011310630762569208,29.91053009033203,191.01458740234375,191.2496795654297,68.59514617919922,43.28799057006836
1PVGA,13,18,12,8,OTHER,free,0.25,0.5826295018196106,0.009500622749328613,0.03793230684583732,41.8814582824707,189.39105224609375,189.91464233398438,62.15028762817383,43.28799057006836
1PVGA,13,18,12,10,ANCHOR,free,0.25,0.577829122543335,0.014301002025604248,0.05709836200753225,47.15176773071289,190.1503448486328,190.02349853515625,62.146697998046875,43.28799057006836
1PVGA,13,18,12,15,ANCHOR,free,0.25,0.5796507000923157,0.012479424476623535,0.049825508389983064,44.9186897277832,190.14161682128906,190.46571350097656,62.40258026123047,43.28799057006836
1PVGA,14,0,10,9,ANCHOR,free,0.25,0.587923526763916,0.004206597805023193,0.016795315731112648,23.367206573486328,166.5079803466797,135.23458862304688,41.34894943237305,45.40865707397461
1PVGA,14,0,11,14,ANCHOR,free,0.25,0.5869938135147095,0.005136311054229736,0.020507300637579457,28.312854766845703,166.7244873046875,135.13436889648438,41.38436508178711,45.40865707397461
1PVGA,14,0,11,16,ANCHOR,free,0.25,0.5855194926261902,0.0066106319427490234,0.026393692909759,32.11153030395508,166.33889770507812,134.52536010742188,41.10238265991211,45.40865707397461
1PVGA,14,0,12,8,OTHER,free,0.25,0.585282027721405,0.00684809684753418,0.027341798299383553,41.612060546875,166.08213806152344,133.0124053955078,40.11998748779297,45.40865707397461
1PVGA,14,0,12,10,ANCHOR,free,0.25,0.5847057700157166,0.007424354553222656,0.02964257212139414,40.67811584472656,165.72946166992188,132.83255004882812,40.14796829223633,45.40865707397461
1PVGA,14,0,12,15,ANCHOR,free,0.25,0.584598183631897,0.007531940937042236,0.030072122881502652,42.53753662109375,165.92587280273438,133.24632263183594,40.2699089050293,45.40865707397461
1PVGA,14,0,13,2,INTRA,free,0.25,0.5844557881355286,0.0076743364334106445,0.030640652945712755,47.18490219116211,166.12571716308594,133.92727661132812,41.47077941894531,45.40865707397461
1PVGA,14,0,13,17,OTHER,free,0.25,0.5845751762390137,0.007554948329925537,0.030163982490035553,43.889705657958984,166.2024688720703,133.85061645507812,41.797977447509766,45.40865707397461
1PVGA,14,0,13,18,ANCHOR,free,0.25,0.5841753482818604,0.007954776287078857,0.03176034066112027,45.269493103027344,166.2589874267578,133.9944610595703,41.38077926635742,45.40865707397461
1PVGA,14,3,10,9,ANCHOR,free,0.25,0.5878514051437378,0.004278719425201416,0.01708326942625464,17.2985782623291,161.33628845214844,133.43577575683594,41.83252716064453,41.1773567199707
1PVGA,14,3,11,14,ANCHOR,free,0.25,0.5890926122665405,0.0030375123023986816,0.012127610130686951,21.09459686279297,161.45608520507812,133.4359588623047,41.77849197387695,41.1773567199707
1PVGA,14,3,11,16,ANCHOR,free,0.25,0.5881988406181335,0.003931283950805664,0.015696094146103658,22.411766052246094,161.067138671875,132.76100158691406,41.546791076660156,41.1773567199707
1PVGA,14,3,12,8,OTHER,free,0.25,0.5882257223129272,0.003904402256011963,0.015588765950641643,30.139781951904297,160.017822265625,131.70889282226562,40.42387008666992,41.1773567199707
1PVGA,14,3,12,10,ANCHOR,free,0.25,0.5868712067604065,0.005258917808532715,0.020996821919320847,31.140283584594727,160.15150451660156,131.78990173339844,40.46833801269531,41.1773567199707
1PVGA,14,3,12,15,ANCHOR,free,0.25,0.5875265598297119,0.004603564739227295,0.01838025094569586,30.09191131591797,160.1690673828125,131.91943359375,40.40056228637695,41.1773567199707
1PVGA,14,3,13,2,INTRA,free,0.25,0.5859451293945312,0.006184995174407959,0.024694290151900333,35.13570785522461,160.31565856933594,132.3247833251953,40.7092170715332,41.1773567199707
1PVGA,14,3,13,17,OTHER,free,0.25,0.585211992263794,0.006918132305145264,0.02762142275540987,33.14263916015625,160.33592224121094,132.52938842773438,40.66671371459961,41.1773567199707
1PVGA,14,3,13,18,ANCHOR,free,0.25,0.5867722630500793,0.005357861518859863,0.02139186583166441,34.820556640625,160.3483428955078,132.66641235351562,40.683441162109375,41.1773567199707
1PVGA,14,4,10,9,ANCHOR,free,0.25,0.5865499377250671,0.00558018684387207,0.02227952474313519,19.62833595275879,180.73785400390625,137.3876495361328,52.421234130859375,40.48793029785156
1PVGA,14,4,11,14,ANCHOR,free,0.25,0.5897440910339355,0.002386033535003662,0.009526507743991079,23.102693557739258,181.17970275878906,137.7229766845703,53.36784744262695,40.48793029785156
1PVGA,14,4,11,16,ANCHOR,free,0.25,0.5891487002372742,0.002981424331665039,0.01190367258760545,24.688989639282227,180.77337646484375,137.31141662597656,52.96511459350586,40.48793029785156
1PVGA,14,4,12,8,OTHER,free,0.25,0.5782264471054077,0.013903677463531494,0.055511998923386346,34.670963287353516,179.7410430908203,136.2241973876953,50.219566345214844,40.48793029785156
1PVGA,14,4,12,10,ANCHOR,free,0.25,0.5719307661056519,0.020199358463287354,0.08064821470493849,36.468597412109375,180.02557373046875,136.76832580566406,49.49474334716797,40.48793029785156
1PVGA,14,4,12,15,ANCHOR,free,0.25,0.5792791247367859,0.01285099983215332,0.05130906486561546,35.1582145690918,179.9491424560547,136.74656677246094,50.181396484375,40.48793029785156
1PVGA,14,4,13,2,INTRA,free,0.25,0.5802828669548035,0.011847257614135742,0.047301510959672326,34.882118225097656,180.45086669921875,136.06297302246094,51.66156768798828,40.48793029785156
1PVGA,14,4,13,17,OTHER,free,0.25,0.584328830242157,0.0078012943267822266,0.031147546640466848,35.62987518310547,180.82205200195312,136.45738220214844,51.552093505859375,40.48793029785156
1PVGA,14,4,13,18,ANCHOR,free,0.25,0.5792281627655029,0.01290196180343628,0.051512536278298444,35.05162048339844,180.68214416503906,136.53485107421875,51.3431396484375,40.48793029785156
1PVGA,14,9,10,9,ANCHOR,free,0.25,0.5772694945335388,0.01486063003540039,0.05933273989487786,23.05093765258789,188.9091796875,174.51866149902344,61.1956901550293,52.17622375488281
1PVGA,14,9,11,14,ANCHOR,free,0.25,0.5797969698905945,0.012333154678344727,0.04924150973884385,30.57839012145996,189.3382568359375,174.89427185058594,62.05259323120117,52.17622375488281
1PVGA,14,9,11,16,ANCHOR,free,0.25,0.5692646503448486,0.022865474224090576,0.0912929822947744,33.24427032470703,188.9340057373047,174.44569396972656,61.40327072143555,52.17622375488281
1PVGA,14,9,12,8,OTHER,free,0.25,0.5604721307754517,0.03165799379348755,0.12639810740649032,47.48712921142578,188.6551971435547,171.26657104492188,58.95223617553711,52.17622375488281
1PVGA,14,9,12,10,ANCHOR,free,0.25,0.5529928207397461,0.039137303829193115,0.15626009548401745,46.5716667175293,188.7920684814453,172.1572265625,59.592872619628906,52.17622375488281
1PVGA,14,9,12,15,ANCHOR,free,0.25,0.5585057139396667,0.03362441062927246,0.13424924819692796,44.983360290527344,189.1031951904297,172.40391540527344,59.41135787963867,52.17622375488281
1PVGA,14,9,13,2,INTRA,free,0.25,0.5695810914039612,0.022549033164978027,0.09002955571005633,50.05670166015625,188.1638946533203,172.780517578125,60.08804702758789,52.17622375488281
1PVGA,14,9,13,17,OTHER,free,0.25,0.5724232792854309,0.0197068452835083,0.07868180033885724,49.46340560913086,188.42135620117188,172.57180786132812,60.55897521972656,52.17622375488281
1PVGA,14,9,13,18,ANCHOR,free,0.25,0.5686822533607483,0.023447871208190918,0.09361826787761111,46.48665237426758,188.02777099609375,173.1432342529297,60.50966262817383,52.17622375488281
1PVGA,15,8,10,9,ANCHOR,free,0.25,0.5736603140830994,0.018469810485839844,0.07374279952152091,19.799894332885742,172.87437438964844,149.36131286621094,50.41461944580078,47.32292175292969
1PVGA,15,8,11,14,ANCHOR,free,0.25,0.5838351249694824,0.008294999599456787,0.03311872057175705,23.494407653808594,173.2450714111328,149.38125610351562,50.786842346191406,47.32292175292969
1PVGA,15,8,11,16,ANCHOR,free,0.25,0.5786314606666565,0.013498663902282715,0.053894936643642664,24.89058494567871,172.62661743164062,149.20005798339844,50.63787841796875,47.32292175292969
1PVGA,15,8,12,8,OTHER,free,0.25,0.5638267397880554,0.02830338478088379,0.11300445293022038,33.620079040527344,170.95753479003906,148.36651611328125,50.87163162231445,47.32292175292969
1PVGA,15,8,12,10,ANCHOR,free,0.25,0.5565927624702454,0.03553736209869385,0.14188692248774382,34.71142578125,170.78111267089844,148.490234375,50.53160858154297,47.32292175292969
1PVGA,15,8,12,15,ANCHOR,free,0.25,0.5658525228500366,0.026277601718902588,0.10491628579237658,33.85009002685547,171.10476684570312,148.64761352539062,50.91313552856445,47.32292175292969
1PVGA,15,8,13,2,INTRA,free,0.25,0.5691680312156677,0.022962093353271484,0.09167874505496049,39.81303024291992,172.4064483642578,149.9681854248047,51.603553771972656,47.32292175292969
1PVGA,15,8,13,17,OTHER,free,0.25,0.572265088558197,0.019865036010742188,0.07931339464208605,38.634891510009766,172.3567352294922,149.43704223632812,51.664520263671875,47.32292175292969
1PVGA,15,8,13,18,ANCHOR,free,0.25,0.5683022141456604,0.02382791042327881,0.09513561726622712,39.592533111572266,172.46238708496094,149.7757568359375,51.811824798583984,47.32292175292969
1PVGA,15,8,14,0,OTHER,free,0.25,0.5649746060371399,0.027155518531799316,0.10842146759051415,43.655670166015625,172.05630493164062,148.84249877929688,50.23711013793945,47.32292175292969
1PVGA,15,8,14,3,OTHER,free,0.25,0.5639625191688538,0.02816760540008545,0.11246233845291999,43.60529708862305,172.16127014160156,148.84222412109375,50.17604446411133,47.32292175292969
1PVGA,15,8,14,4,CROSS,free,0.25,0.5643855929374695,0.027744531631469727,0.11077316876026058,44.401641845703125,172.33509826660156,148.91929626464844,50.282596588134766,47.32292175292969
1PVGA,15,8,14,9,ANCHOR,free,0.25,0.5640692710876465,0.028060853481292725,0.11203611938845774,45.42499542236328,171.9807586669922,149.0155792236328,50.04697799682617,47.32292175292969
1PVGA,16,7,10,9,ANCHOR,free,0.25,0.588213324546814,0.003916800022125244,0.015638265428814812,23.476402282714844,191.92401123046875,190.21470642089844,83.42057800292969,61.35755920410156
1PVGA,16,7,11,14,ANCHOR,free,0.25,0.5888617038726807,0.003268420696258545,0.013049537911662232,33.16202163696289,192.04049682617188,190.45713806152344,83.78498840332031,61.35755920410156
1PVGA,16,7,11,16,ANCHOR,free,0.25,0.5860068202018738,0.00612330436706543,0.024447982652336726,34.862403869628906,192.30039978027344,190.98806762695312,84.15579986572266,61.35755920410156
1PVGA,16,7,12,8,OTHER,free,0.25,0.5894813537597656,0.002648770809173584,0.010575515916045553,59.34461975097656,191.5880126953125,188.8568115234375,81.77386474609375,61.35755920410156
1PVGA,16,7,12,10,ANCHOR,free,0.25,0.587500810623169,0.004629313945770264,0.018483057554209367,59.82768630981445,191.78248596191406,189.1245880126953,82.14370727539062,61.35755920410156
1PVGA,16,7,12,15,ANCHOR,free,0.25,0.5895803570747375,0.00254976749420166,0.010180234025441541,58.99243927001953,191.8633575439453,189.11569213867188,82.22579193115234,61.35755920410156
1PVGA,16,7,13,2,INTRA,free,0.25,0.5910497903823853,0.001080334186553955,0.004313355970618728,64.7038803100586,192.99871826171875,189.77239990234375,83.36632537841797,61.35755920410156
1PVGA,16,7,13,17,OTHER,free,0.25,0.5914068222045898,0.0007233023643493652,0.0028878661905356283,63.74597930908203,193.08157348632812,189.87710571289062,83.04271697998047,61.35755920410156
1PVGA,16,7,13,18,ANCHOR,free,0.25,0.5909947156906128,0.001135408878326416,0.0045332478832726154,64.28289031982422,193.11122131347656,190.2974090576172,83.30376434326172,61.35755920410156
1PVGA,16,7,14,0,OTHER,free,0.25,0.5890765190124512,0.003053605556488037,0.012191864261007893,66.60502624511719,193.15652465820312,189.7266082763672,82.91947174072266,61.35755920410156
1PVGA,16,7,14,3,OTHER,free,0.25,0.59019935131073,0.0019307732582092285,0.007708829790689791,69.47665405273438,193.0826873779297,189.56838989257812,82.75782775878906,61.35755920410156
1PVGA,16,7,14,4,CROSS,free,0.25,0.5893983840942383,0.0027317404747009277,0.010906781654589071,69.72953033447266,193.3670654296875,189.86734008789062,83.271484375,61.35755920410156
1PVGA,16,7,14,9,ANCHOR,free,0.25,0.589853823184967,0.002276301383972168,0.00908838976650644,73.93582153320312,193.1924591064453,189.42129516601562,82.8642578125,61.35755920410156
1PVGA,16,7,15,8,CROSS,free,0.25,0.5833355188369751,0.008794605731964111,0.035113454350831595,70.49776458740234,194.24720764160156,191.0144805908203,82.7906723022461,61.35755920410156
1PVGA,16,14,10,9,ANCHOR,free,0.25,0.590585470199585,0.001544654369354248,0.006167206619508102,15.78819465637207,174.17779541015625,169.97349548339844,60.88777160644531,46.69243621826172
1PVGA,16,14,11,14,ANCHOR,free,0.25,0.5913967490196228,0.0007333755493164062,0.0029280845165513287,18.292415618896484,174.3772735595703,169.95193481445312,61.09754943847656,46.69243621826172
1PVGA,16,14,11,16,ANCHOR,free,0.25,0.5908774733543396,0.0012526512145996094,0.005001351121573693,20.816646575927734,174.379150390625,169.8302764892578,61.08929443359375,46.69243621826172
1PVGA,16,14,12,8,OTHER,free,0.25,0.5892210602760315,0.002909064292907715,0.011614766979421662,28.20000648498535,172.7039794921875,169.1106414794922,60.88950729370117,46.69243621826172
1PVGA,16,14,12,10,ANCHOR,free,0.25,0.5875203013420105,0.004609823226928711,0.018405238663042892,27.423542022705078,172.90858459472656,169.40762329101562,60.725975036621094,46.69243621826172
1PVGA,16,14,12,15,ANCHOR,free,0.25,0.5894616842269897,0.002668440341949463,0.01065404874199337,27.962331771850586,172.86561584472656,169.42970275878906,60.524288177490234,46.69243621826172
1PVGA,16,14,13,2,INTRA,free,0.25,0.5892863273620605,0.002843797206878662,0.01135418078423118,33.91410446166992,173.1404266357422,169.4813690185547,60.26181411743164,46.69243621826172
1PVGA,16,14,13,17,OTHER,free,0.25,0.5891798138618469,0.002950310707092285,0.011779447935651631,32.837520599365234,173.23126220703125,169.6953887939453,60.2060546875,46.69243621826172
1PVGA,16,14,13,18,ANCHOR,free,0.25,0.589928925037384,0.0022011995315551758,0.008788537158342049,32.865272521972656,173.38629150390625,169.88304138183594,60.3776741027832,46.69243621826172
1PVGA,16,14,14,0,OTHER,free,0.25,0.5842483043670654,0.00788182020187378,0.031469055270332,36.44579315185547,172.51626586914062,168.96728515625,59.53855514526367,46.69243621826172
1PVGA,16,14,14,3,OTHER,free,0.25,0.584513783454895,0.0076163411140441895,0.03040910009829692,36.53392028808594,172.35586547851562,168.62527465820312,59.580448150634766,46.69243621826172
1PVGA,16,14,14,4,CROSS,free,0.25,0.5845615863800049,0.007568538188934326,0.03021824153341768,36.966495513916016,172.6497802734375,168.95474243164062,59.58894348144531,46.69243621826172
1PVGA,16,14,14,9,ANCHOR,free,0.25,0.5835745930671692,0.00855553150177002,0.03415892354817495,37.622257232666016,172.40237426757812,168.8628387451172,59.56229019165039,46.69243621826172
1PVGA,16,14,15,8,CROSS,free,0.25,0.5832793712615967,0.00885075330734253,0.035337629872173544,42.98277282714844,174.25839233398438,169.14073181152344,61.078636169433594,46.69243621826172
1PVGA,17,10,10,9,ANCHOR,free,0.25,0.5885602235794067,0.0035699009895324707,0.01425323195300786,16.746105194091797,217.26333618164062,170.4742889404297,75.93016052246094,43.44169616699219
1PVGA,17,10,11,14,ANCHOR,free,0.25,0.5900173187255859,0.0021128058433532715,0.008435615398097769,22.043615341186523,217.3389129638672,170.6949920654297,76.24414825439453,43.44169616699219
1PVGA,17,10,11,16,ANCHOR,free,0.25,0.5897237062454224,0.0024064183235168457,0.00960789630906427,21.577442169189453,217.462646484375,170.34010314941406,76.10082244873047,43.44169616699219
1PVGA,17,10,12,8,OTHER,free,0.25,0.5907109379768372,0.0014191865921020508,0.005666262381265209,32.186424255371094,216.35096740722656,169.81019592285156,74.9756851196289,43.44169616699219
1PVGA,17,10,12,10,ANCHOR,free,0.25,0.5794420838356018,0.012688040733337402,0.05065843230155082,32.860633850097656,216.61273193359375,169.9285888671875,75.00358581542969,43.44169616699219
1PVGA,17,10,12,15,ANCHOR,free,0.25,0.5921758413314819,-4.571676254272461e-05,-0.00018252932576356216,31.35633087158203,216.5001220703125,169.94290161132812,75.46055603027344,43.44169616699219
1PVGA,17,10,13,2,INTRA,free,0.25,0.5880232453346252,0.004106879234313965,0.01639717810138326,33.57656478881836,217.0319061279297,170.53640747070312,76.223876953125,43.44169616699219
1PVGA,17,10,13,17,OTHER,free,0.25,0.5897130966186523,0.0024170279502868652,0.009650256439424002,34.67342758178711,216.72100830078125,170.48936462402344,76.15323638916016,43.44169616699219
1PVGA,17,10,13,18,ANCHOR,free,0.25,0.5865421891212463,0.005587935447692871,0.022310461916993422,34.07704544067383,216.7900848388672,170.6908416748047,76.18495178222656,43.44169616699219
1PVGA,17,10,14,0,OTHER,free,0.25,0.5711341500282288,0.02099597454071045,0.08382879415582507,37.20109558105469,217.28379821777344,169.98391723632812,74.81871795654297,43.44169616699219
1PVGA,17,10,14,3,OTHER,free,0.25,0.5702531337738037,0.021876990795135498,0.08734635082350592,37.32709884643555,217.24703979492188,169.90760803222656,74.84658813476562,43.44169616699219
1PVGA,17,10,14,4,CROSS,free,0.25,0.5690947771072388,0.02303534746170044,0.09197122033705099,37.82440948486328,217.33795166015625,170.0726318359375,74.96367645263672,43.44169616699219
1PVGA,17,10,14,9,ANCHOR,free,0.25,0.5695233345031738,0.02260679006576538,0.09026015664443038,38.49045944213867,217.3000030517578,169.8280029296875,74.70116424560547,43.44169616699219
1PVGA,17,10,15,8,CROSS,free,0.25,0.5626404285430908,0.02948969602584839,0.11774093424791551,40.268409729003906,217.15431213378906,169.7891082763672,75.1874008178711,43.44169616699219
1PVGA,17,10,16,7,OTHER,free,0.25,0.558601438999176,0.033528685569763184,0.1338670551106486,41.797142028808594,217.65037536621094,168.9562225341797,74.30997467041016,43.44169616699219
1PVGA,17,10,16,14,OTHER,free,0.25,0.5570908188819885,0.035039305686950684,0.13989837614344092,40.65440368652344,217.4250030517578,168.93197631835938,74.33830261230469,43.44169616699219
1PVGA,17,18,10,9,ANCHOR,free,0.25,0.584832489490509,0.007297635078430176,0.02913663033968184,21.820802688598633,246.36509704589844,247.22525024414062,75.05309295654297,58.24879455566406
1PVGA,17,18,11,14,ANCHOR,free,0.25,0.5874223709106445,0.004707753658294678,0.01879623694495884,27.127511978149414,246.6017608642578,247.55160522460938,75.25452423095703,58.24879455566406
1PVGA,17,18,11,16,ANCHOR,free,0.25,0.5853217840194702,0.006808340549468994,0.027183066799664785,29.92678451538086,246.4291534423828,247.14349365234375,74.93331146240234,58.24879455566406
1PVGA,17,18,12,8,OTHER,free,0.25,0.5820311307907104,0.01009899377822876,0.040321370602474094,40.37124252319336,244.96231079101562,246.1516571044922,74.7639389038086,58.24879455566406
1PVGA,17,18,12,10,ANCHOR,free,0.25,0.578552782535553,0.01357734203338623,0.054209067947433937,41.04366683959961,245.2039031982422,246.58534240722656,74.85759735107422,58.24879455566406
1PVGA,17,18,12,15,ANCHOR,free,0.25,0.5820947885513306,0.010035336017608643,0.040067209820315704,42.297542572021484,245.12945556640625,246.42626953125,75.0482406616211,58.24879455566406
1PVGA,17,18,13,2,INTRA,free,0.25,0.5820415019989014,0.010088622570037842,0.04027996238515615,46.56611251831055,246.36692810058594,246.68438720703125,76.46809387207031,58.24879455566406
1PVGA,17,18,13,17,OTHER,free,0.25,0.5830672383308411,0.009062886238098145,0.03618459450110773,44.1844482421875,246.33071899414062,246.59645080566406,76.35710144042969,58.24879455566406
1PVGA,17,18,13,18,ANCHOR,free,0.25,0.5844286680221558,0.007701456546783447,0.030748933054216564,45.36334228515625,246.05799865722656,246.80300903320312,76.51763916015625,58.24879455566406
1PVGA,17,18,14,0,OTHER,free,0.25,0.584877073764801,0.007253050804138184,0.028958622600866787,49.72086715698242,246.38461303710938,247.16041564941406,75.29182434082031,58.24879455566406
1PVGA,17,18,14,3,OTHER,free,0.25,0.5840573310852051,0.00807279348373413,0.032231537616807165,49.79289245605469,246.1404266357422,247.0009307861328,75.18711853027344,58.24879455566406
1PVGA,17,18,14,4,CROSS,free,0.25,0.5835217237472534,0.008608400821685791,0.03437001026519226,50.076595306396484,246.3563690185547,247.32479858398438,75.20065307617188,58.24879455566406
1PVGA,17,18,14,9,ANCHOR,free,0.25,0.5834722518920898,0.008657872676849365,0.03456753222136404,51.24177169799805,246.08929443359375,247.14443969726562,74.9742660522461,58.24879455566406
1PVGA,17,18,15,8,CROSS,free,0.25,0.5856099128723145,0.006520211696624756,0.026032679888659493,51.14142990112305,245.5850830078125,246.44058227539062,75.41688537597656,58.24879455566406
1PVGA,17,18,16,7,OTHER,free,0.25,0.579155683517456,0.012974441051483154,0.05180191784300312,58.10615539550781,245.6145477294922,247.5861358642578,74.56836700439453,58.24879455566406
1PVGA,17,18,16,14,OTHER,free,0.25,0.5797849297523499,0.012345194816589355,0.04928958134745433,54.70608139038086,245.49488830566406,247.3361053466797,74.66937255859375,58.24879455566406
1PVGA,20,3,10,9,ANCHOR,free,0.25,0.5914757251739502,0.0006543993949890137,0.0026127633214578215,9.916394233703613,188.21726989746094,293.8531188964844,59.57429504394531,36.950927734375
1PVGA,20,3,11,14,ANCHOR,free,0.25,0.5914811491966248,0.0006489753723144531,0.00259110729975706,13.364446640014648,188.2824249267578,293.87176513671875,59.67060852050781,36.950927734375
1PVGA,20,3,11,16,ANCHOR,free,0.25,0.5914053916931152,0.0007247328758239746,0.0028935776687863787,13.789101600646973,188.2230987548828,293.86566162109375,59.61384201049805,36.950927734375
1PVGA,20,3,12,8,OTHER,free,0.25,0.5913815498352051,0.0007485747337341309,0.0029887689729655507,19.81619644165039,187.91912841796875,294.1899108886719,59.65291213989258,36.950927734375
1PVGA,20,3,12,10,ANCHOR,free,0.25,0.5911548733711243,0.0009752511978149414,0.003893800297449028,18.89885711669922,187.91522216796875,294.1449279785156,59.532249450683594,36.950927734375
1PVGA,20,3,12,15,ANCHOR,free,0.25,0.5914153456687927,0.0007147789001464844,0.0028538352992915745,18.952709197998047,187.8321075439453,294.253173828125,59.57502365112305,36.950927734375
1PVGA,20,3,13,2,INTRA,free,0.25,0.5908701419830322,0.0012599825859069824,0.005030622447608789,21.785762786865234,188.09681701660156,294.1973571777344,59.6800651550293,36.950927734375
1PVGA,20,3,13,17,OTHER,free,0.25,0.5907460451126099,0.0013840794563293457,0.0055260931858613785,21.773935317993164,188.10740661621094,294.27496337890625,59.63967514038086,36.950927734375
1PVGA,20,3,13,18,ANCHOR,free,0.25,0.5907614827156067,0.0013686418533325195,0.005464456816405365,21.102203369140625,187.93716430664062,294.2624816894531,59.7081413269043,36.950927734375
1PVGA,20,3,14,0,OTHER,free,0.25,0.5904477834701538,0.0016823410987854004,0.006716936401142819,22.085485458374023,187.91574096679688,294.0343017578125,59.24991989135742,36.950927734375
1PVGA,20,3,14,3,OTHER,free,0.25,0.5903499722480774,0.0017801523208618164,0.007107458726537872,21.928871154785156,187.99192810058594,293.9925842285156,59.33548355102539,36.950927734375
1PVGA,20,3,14,4,CROSS,free,0.25,0.5902461409568787,0.0018839836120605469,0.007522016856238166,21.66535758972168,187.9524688720703,294.010986328125,59.30574417114258,36.950927734375
1PVGA,20,3,14,9,ANCHOR,free,0.25,0.5901066064834595,0.0020235180854797363,0.00807912396394677,22.4867000579834,187.9385528564453,294.0804443359375,59.308589935302734,36.950927734375
1PVGA,20,3,15,8,CROSS,free,0.25,0.5901429653167725,0.001987159252166748,0.007933957225073533,21.70690155029297,188.09075927734375,294.14739990234375,59.66438293457031,36.950927734375
1PVGA,20,3,16,7,OTHER,free,0.25,0.5898312926292419,0.0022988319396972656,0.009178345548955757,24.80436897277832,188.07955932617188,294.0737609863281,59.38071060180664,36.950927734375
1PVGA,20,3,16,14,OTHER,free,0.25,0.5895770788192749,0.0025530457496643066,0.010193322829766179,24.14884376525879,188.0836181640625,294.0838317871094,59.45222091674805,36.950927734375
1PVGA,20,3,17,10,INTRA,free,0.25,0.5891281962394714,0.0030019283294677734,0.011985537109199538,28.147485733032227,187.8899688720703,294.2805480957031,59.4083251953125,36.950927734375
1PVGA,20,3,17,18,ANCHOR,free,0.25,0.5894629955291748,0.0026671290397644043,0.010648813220263516,27.708038330078125,187.9471435546875,294.4024353027344,59.35111618041992,36.950927734375
1PVGA,21,13,10,9,ANCHOR,free,0.25,0.5922085046768188,-7.838010787963867e-05,-0.0003129414124890277,9.3516845703125,197.7147674560547,208.05032348632812,68.4511947631836,30.303403854370117
1PVGA,21,13,11,14,ANCHOR,free,0.25,0.5924153327941895,-0.00028520822525024414,-0.0011387259762433441,11.407115936279297,197.81103515625,208.09320068359375,68.36514282226562,30.303403854370117
1PVGA,21,13,11,16,ANCHOR,free,0.25,0.5921949744224548,-6.4849853515625e-05,-0.00025892034736734766,11.347530364990234,197.7810516357422,208.00050354003906,68.38446807861328,30.303403854370117
1PVGA,21,13,12,8,OTHER,free,0.25,0.5918660759925842,0.00026404857635498047,0.001054243693784329,15.321576118469238,197.98867797851562,207.92323303222656,68.28103637695312,30.303403854370117
1PVGA,21,13,12,10,ANCHOR,free,0.25,0.5918195843696594,0.00031054019927978516,0.0012398667369337144,15.395639419555664,197.7305908203125,208.0992431640625,68.27538299560547,30.303403854370117
1PVGA,21,13,12,15,ANCHOR,free,0.25,0.5919126868247986,0.000217437744140625,0.000868144694114048,15.401653289794922,197.9823455810547,208.02223205566406,68.3614273071289,30.303403854370117
1PVGA,21,13,13,2,INTRA,free,0.25,0.5909857153892517,0.0011444091796875,0.0045691826006002524,19.67023277282715,197.70843505859375,208.17137145996094,68.23177337646484,30.303403854370117
1PVGA,21,13,13,17,OTHER,free,0.25,0.5909515023231506,0.0011786222457885742,0.004705782122097365,19.23360252380371,197.3337860107422,208.37416076660156,68.14405822753906,30.303403854370117
1PVGA,21,13,13,18,ANCHOR,free,0.25,0.5908476710319519,0.0012824535369873047,0.005120340251797658,19.498287200927734,197.39297485351562,208.4080047607422,68.1372299194336,30.303403854370117
1PVGA,21,13,14,0,OTHER,free,0.25,0.5904616117477417,0.0016685128211975098,0.006661725444718899,20.2301025390625,197.88088989257812,207.80557250976562,68.49369049072266,30.303403854370117
1PVGA,21,13,14,3,OTHER,free,0.25,0.5905991792678833,0.0015309453010559082,0.006112471619605078,20.199995040893555,197.76866149902344,207.83331298828125,68.42300415039062,30.303403854370117
1PVGA,21,13,14,4,CROSS,free,0.25,0.5903730392456055,0.0017570853233337402,0.007015361139744524,20.41059684753418,197.92697143554688,207.8501434326172,68.53826904296875,30.303403854370117
1PVGA,21,13,14,9,ANCHOR,free,0.25,0.5901216864585876,0.0020084381103515625,0.008018915464053443,20.29068374633789,197.91650390625,207.84024047851562,68.53633117675781,30.303403854370117
1PVGA,21,13,15,8,CROSS,free,0.25,0.5898383855819702,0.002291738986968994,0.009150026135962453,21.678421020507812,197.7586212158203,208.0222930908203,68.60987854003906,30.303403854370117
1PVGA,21,13,16,7,OTHER,free,0.25,0.5897855758666992,0.0023445487022399902,0.00936087487471932,24.291255950927734,197.76295471191406,207.44619750976562,68.68170166015625,30.303403854370117
1PVGA,21,13,16,14,OTHER,free,0.25,0.5891491174697876,0.0029810070991516113,0.011902006739782315,23.527048110961914,197.73733520507812,207.43893432617188,68.65394592285156,30.303403854370117
1PVGA,21,13,17,10,INTRA,free,0.25,0.5884830355644226,0.0036470890045166016,0.01456141380028793,25.952245712280273,197.45936584472656,207.92918395996094,68.91912841796875,30.303403854370117
1PVGA,21,13,17,18,ANCHOR,free,0.25,0.588435709476471,0.0036944150924682617,0.014750368539083587,25.750089645385742,197.36016845703125,207.87518310546875,68.93614959716797,30.303403854370117
1PVGA,21,13,20,3,OTHER,free,0.25,0.5880606770515442,0.0040694475173950195,0.01624772775382196,28.589405059814453,196.82720947265625,207.09912109375,69.00727081298828,30.303403854370117
1PVGA,24,18,10,9,ANCHOR,free,0.25,0.5935286283493042,-0.0013985037803649902,-0.0055836839248897775,28.822446823120117,194.19725036621094,179.0203094482422,114.51210021972656,89.08000183105469
1PVGA,24,18,11,14,ANCHOR,free,0.25,0.5932810306549072,-0.0011509060859680176,-0.004595122230989077,35.10504150390625,194.35638427734375,179.1037139892578,115.283203125,89.08000183105469
1PVGA,24,18,11,16,ANCHOR,free,0.25,0.593268871307373,-0.0011387467384338379,-0.004546574665857699,40.14081954956055,194.26173400878906,179.16229248046875,115.74395751953125,89.08000183105469
1PVGA,24,18,12,8,OTHER,free,0.25,0.5938045382499695,-0.0016744136810302734,-0.006685285292503245,48.14134216308594,193.4573211669922,178.28086853027344,115.11114501953125,89.08000183105469
1PVGA,24,18,12,10,ANCHOR,free,0.25,0.5925524234771729,-0.0004222989082336426,-0.0016860759752735828,50.56998062133789,193.5128173828125,178.39935302734375,115.01146697998047,89.08000183105469
1PVGA,24,18,12,15,ANCHOR,free,0.25,0.5931859016418457,-0.0010557770729064941,-0.004215308927314181,52.356346130371094,193.72402954101562,178.5185546875,115.38750457763672,89.08000183105469
1PVGA,24,18,13,2,INTRA,free,0.25,0.5919583439826965,0.00017178058624267578,0.0006858533466109338,54.74348449707031,193.84808349609375,179.3618621826172,116.35202026367188,89.08000183105469
1PVGA,24,18,13,17,OTHER,free,0.25,0.5919802784919739,0.00014984607696533203,0.0005982773467660956,52.50146484375,193.9993133544922,179.45787048339844,116.61553192138672,89.08000183105469
1PVGA,24,18,13,18,ANCHOR,free,0.25,0.5917128920555115,0.0004172325134277344,0.0016658478231355088,53.406681060791016,194.01123046875,179.62887573242188,116.51638793945312,89.08000183105469
1PVGA,24,18,14,0,OTHER,free,0.25,0.5921789407730103,-4.881620407104492e-05,-0.0001949041953068545,57.256614685058594,193.60389709472656,179.64862060546875,116.53254699707031,89.08000183105469
1PVGA,24,18,14,3,OTHER,free,0.25,0.5921770334243774,-4.690885543823242e-05,-0.00018728889097252078,57.280548095703125,193.61007690429688,179.61878967285156,116.39201354980469,89.08000183105469
1PVGA,24,18,14,4,CROSS,free,0.25,0.5917511582374573,0.0003789663314819336,0.0015130657799279378,57.13330078125,193.68231201171875,179.6412811279297,116.5941162109375,89.08000183105469
1PVGA,24,18,14,9,ANCHOR,free,0.25,0.5911207795143127,0.0010093450546264648,0.0040299238624252436,59.36461639404297,193.51095581054688,179.56890869140625,116.95043182373047,89.08000183105469
1PVGA,24,18,15,8,CROSS,free,0.25,0.5893977284431458,0.002732396125793457,0.010909399415454,53.51990509033203,193.6480712890625,179.29034423828125,115.50970458984375,89.08000183105469
1PVGA,24,18,16,7,OTHER,free,0.25,0.5885276794433594,0.003602445125579834,0.01438316808321243,58.9163932800293,193.09718322753906,178.89598083496094,116.85134887695312,89.08000183105469
1PVGA,24,18,16,14,OTHER,free,0.25,0.5889642238616943,0.003165900707244873,0.012640215303691792,54.297515869140625,192.89195251464844,178.6806182861328,115.42878723144531,89.08000183105469
1PVGA,24,18,17,10,INTRA,free,0.25,0.5872559547424316,0.004874169826507568,0.01946067224812946,64.48323059082031,193.34811401367188,178.85092163085938,115.3293228149414,89.08000183105469
1PVGA,24,18,17,18,ANCHOR,free,0.25,0.5873874425888062,0.004742681980133057,0.018935692205581327,63.784271240234375,193.46697998046875,178.9214324951172,114.8633804321289,89.08000183105469
1PVGA,24,18,20,3,OTHER,free,0.25,0.5867964029312134,0.00533372163772583,0.021295484636183,65.85592651367188,192.81915283203125,178.97445678710938,111.83514404296875,89.08000183105469
1PVGA,24,18,21,13,OTHER,free,0.25,0.5854729413986206,0.0066571831703186035,0.026579553931168835,66.56009674072266,192.74667358398438,178.77047729492188,113.07186889648438,89.08000183105469
1PVGA,26,16,10,9,ANCHOR,free,0.25,0.5923818349838257,-0.0002517104148864746,-0.0010049821938716075,10.517609596252441,175.22769165039062,195.21115112304688,83.46343231201172,45.63057327270508
1PVGA,26,16,11,14,ANCHOR,free,0.25,0.5921727418899536,-4.26173210144043e-05,-0.0001701544562202698,13.138833045959473,175.2859344482422,195.158447265625,83.23347473144531,45.63057327270508
1PVGA,26,16,11,16,ANCHOR,free,0.25,0.5921403169631958,-1.0192394256591797e-05,-4.0694282536596e-05,14.334280014038086,175.10821533203125,195.16937255859375,82.69891357421875,45.63057327270508
1PVGA,26,16,12,8,OTHER,free,0.25,0.5911920666694641,0.0009380578994750977,0.0037453018629295194,18.403270721435547,174.6540985107422,195.06101989746094,82.21943664550781,45.63057327270508
1PVGA,26,16,12,10,ANCHOR,free,0.25,0.5912755727767944,0.0008545517921447754,0.00341189432004197,17.7230281829834,174.7129364013672,195.08193969726562,82.49552154541016,45.63057327270508
1PVGA,26,16,12,15,ANCHOR,free,0.25,0.5915466547012329,0.0005834698677062988,0.002329569191524785,18.268054962158203,174.77442932128906,195.08932495117188,82.16568756103516,45.63057327270508
1PVGA,26,16,13,2,INTRA,free,0.25,0.5912966132164001,0.0008335113525390625,0.0033278879941038507,22.047306060791016,174.66265869140625,195.2946319580078,82.50790405273438,45.63057327270508
1PVGA,26,16,13,17,OTHER,free,0.25,0.5913201570510864,0.0008099675178527832,0.003233886581226918,21.974885940551758,174.74339294433594,195.35494995117188,82.59555053710938,45.63057327270508
1PVGA,26,16,13,18,ANCHOR,free,0.25,0.5908073782920837,0.0013227462768554688,0.005281213555860458,21.824411392211914,174.7815399169922,195.4204864501953,82.62789916992188,45.63057327270508
1PVGA,26,16,14,0,OTHER,free,0.25,0.5895779728889465,0.0025521516799926758,0.010189753155859458,22.42880630493164,174.83364868164062,195.12208557128906,82.34324645996094,45.63057327270508
1PVGA,26,16,14,3,OTHER,free,0.25,0.5895873308181763,0.0025427937507629395,0.010152390568969135,22.451189041137695,174.8473663330078,195.14602661132812,82.22209167480469,45.63057327270508
1PVGA,26,16,14,4,CROSS,free,0.25,0.5889296531677246,0.0032004714012145996,0.012778242694751592,22.84849739074707,174.8118438720703,195.08753967285156,82.18634033203125,45.63057327270508
1PVGA,26,16,14,9,ANCHOR,free,0.25,0.5890518426895142,0.003078281879425049,0.012290387260833336,23.20652961730957,174.82327270507812,195.08981323242188,82.1862564086914,45.63057327270508
1PVGA,26,16,15,8,CROSS,free,0.25,0.5884536504745483,0.003676474094390869,0.01467873708268876,25.529178619384766,174.76255798339844,195.32431030273438,82.17220306396484,45.63057327270508
1PVGA,26,16,16,7,OTHER,free,0.25,0.587455689907074,0.004674434661865234,0.018663207097368448,28.923004150390625,174.48666381835938,195.03936767578125,81.52137756347656,45.63057327270508
1PVGA,26,16,16,14,OTHER,free,0.25,0.5868948698043823,0.005235254764556885,0.02090234454992302,28.29520034790039,174.3235626220703,195.0643310546875,81.24443054199219,45.63057327270508
1PVGA,26,16,17,10,INTRA,free,0.25,0.5860579013824463,0.00607222318649292,0.02424403528313285,30.19341278076172,174.50283813476562,195.17086791992188,81.7441635131836,45.63057327270508
1PVGA,26,16,17,18,ANCHOR,free,0.25,0.5876827239990234,0.0044474005699157715,0.017756747903322285,30.00823211669922,174.57107543945312,195.10475158691406,81.94950103759766,45.63057327270508
1PVGA,26,16,20,3,OTHER,free,0.25,0.5837523937225342,0.00837773084640503,0.03344903439725878,34.909969329833984,174.18896484375,194.92953491210938,81.66726684570312,45.63057327270508
1PVGA,26,16,21,13,OTHER,free,0.25,0.5794323086738586,0.012697815895080566,0.05069746073626428,36.08042907714844,173.6501922607422,194.4556884765625,81.62347412109375,45.63057327270508
1PVGA,26,16,24,18,OTHER,free,0.25,0.5692304372787476,0.02289968729019165,0.0914295818162715,42.0238037109375,173.5740966796875,193.6624755859375,82.50875854492188,45.63057327270508
1PVGA,27,15,10,9,ANCHOR,free,0.25,0.5951031446456909,-0.002973020076751709,-0.011870117652882291,12.340291976928711,179.83636474609375,185.56451416015625,69.71463775634766,54.125038146972656
1PVGA,27,15,11,14,ANCHOR,free,0.25,0.5948089957237244,-0.0026788711547851562,-0.010695694937571758,14.190850257873535,179.91661071777344,185.61599731445312,69.77388763427734,54.125038146972656
1PVGA,27,15,11,16,ANCHOR,free,0.25,0.5953279733657837,-0.0031978487968444824,-0.012767771651291882,15.872751235961914,179.92433166503906,185.5272216796875,69.71627044677734,54.125038146972656
1PVGA,27,15,12,8,OTHER,free,0.25,0.5945231914520264,-0.002393066883087158,-0.009554589178723934,19.88818359375,179.4650421142578,185.62982177734375,69.06099700927734,54.125038146972656
1PVGA,27,15,12,10,ANCHOR,free,0.25,0.5992677807807922,-0.007137656211853027,-0.028497896688639595,20.442481994628906,179.38262939453125,185.68118286132812,68.99459075927734,54.125038146972656
1PVGA,27,15,12,15,ANCHOR,free,0.25,0.5947009325027466,-0.002570807933807373,-0.01026424035137966,20.42780113220215,179.4065399169922,185.68759155273438,69.10768127441406,54.125038146972656
1PVGA,27,15,13,2,INTRA,free,0.25,0.5962076783180237,-0.004077553749084473,-0.01628009279724288,25.853687286376953,179.6419677734375,185.59567260742188,68.83123016357422,54.125038146972656
1PVGA,27,15,13,17,OTHER,free,0.25,0.5955666899681091,-0.003436565399169922,-0.013720874584385841,24.888818740844727,179.7511444091797,185.56324768066406,69.00015258789062,54.125038146972656
1PVGA,27,15,13,18,ANCHOR,free,0.25,0.5965800285339355,-0.004449903964996338,-0.017766742990261097,25.170001983642578,179.7113800048828,185.58212280273438,69.01341247558594,54.125038146972656
1PVGA,27,15,14,0,OTHER,free,0.25,0.59732586145401,-0.005195736885070801,-0.020744564963246042,29.17190170288086,179.50071716308594,185.32261657714844,69.0056381225586,54.125038146972656
1PVGA,27,15,14,3,OTHER,free,0.25,0.5981671810150146,-0.0060370564460754395,-0.02410362810946857,29.043970108032227,179.47406005859375,185.34164428710938,69.01959228515625,54.125038146972656
1PVGA,27,15,14,4,CROSS,free,0.25,0.5975838899612427,-0.005453765392303467,-0.02177477285272513,29.527446746826172,179.57273864746094,185.302490234375,69.05525970458984,54.125038146972656
1PVGA,27,15,14,9,ANCHOR,free,0.25,0.5965990424156189,-0.0044689178466796875,-0.017842658055343987,29.71435546875,179.4865264892578,185.4063720703125,69.11029052734375,54.125038146972656
1PVGA,27,15,15,8,CROSS,free,0.25,0.5942540168762207,-0.002123892307281494,-0.008479879354541083,33.20911407470703,179.19998168945312,185.29617309570312,68.45431518554688,54.125038146972656
1PVGA,27,15,16,7,OTHER,free,0.25,0.5903893709182739,0.0017407536506652832,0.00695015509638179,34.114952087402344,178.9474639892578,185.113525390625,68.85968780517578,54.125038146972656
1PVGA,27,15,16,14,OTHER,free,0.25,0.5899848341941833,0.0021452903747558594,0.00856531355004189,33.815696716308594,178.90269470214844,185.13609313964844,68.5376205444336,54.125038146972656
1PVGA,27,15,17,10,INTRA,free,0.25,0.5790864825248718,0.013043642044067383,0.05207821060338317,33.88405227661133,178.9051971435547,185.14993286132812,68.70501708984375,54.125038146972656
1PVGA,27,15,17,18,ANCHOR,free,0.25,0.58501797914505,0.00711214542388916,0.02839604199316788,34.60472106933594,178.96243286132812,185.20230102539062,68.91246032714844,54.125038146972656
1PVGA,27,15,20,3,OTHER,free,0.25,0.5650467872619629,0.02708333730697632,0.1081332759171117,37.158729553222656,178.99851989746094,185.04083251953125,68.78853607177734,54.125038146972656
1PVGA,27,15,21,13,OTHER,free,0.25,0.5631517171859741,0.028978407382965088,0.11569955672979318,38.28050231933594,178.9206085205078,184.92340087890625,68.49907684326172,54.125038146972656
1PVGA,27,15,24,18,OTHER,free,0.25,0.5588402152061462,0.03328990936279297,0.13291371419929418,46.423126220703125,178.588623046875,184.24644470214844,68.03162384033203,54.125038146972656
1PVGA,27,15,26,16,CROSS,free,0.25,0.5518652200698853,0.040264904499053955,0.16076216821517136,52.08958053588867,178.371337890625,184.0662841796875,67.47826385498047,54.125038146972656
1PVGA,29,18,10,9,ANCHOR,free,0.25,0.5918905735015869,0.00023955106735229492,0.00095643462874023,11.281000137329102,173.982421875,184.44984436035156,87.28294372558594,57.52206802368164
1PVGA,29,18,11,14,ANCHOR,free,0.25,0.5921744704246521,-4.4345855712890625e-05,-0.0001770558257732598,13.618973731994629,174.09629821777344,184.35752868652344,87.46939849853516,57.52206802368164
1PVGA,29,18,11,16,ANCHOR,free,0.25,0.5921590328216553,-2.8908252716064453e-05,-0.00011541945631724597,14.036136627197266,173.9401092529297,184.229736328125,87.43450164794922,57.52206802368164
1PVGA,29,18,12,8,OTHER,free,0.25,0.5922874808311462,-0.00015735626220703125,-0.0006282626075825347,18.43228530883789,173.7587127685547,183.96444702148438,86.57957458496094,57.52206802368164
1PVGA,29,18,12,10,ANCHOR,free,0.25,0.5923885107040405,-0.00025838613510131836,-0.0010316357590417758,18.78260612487793,173.80596923828125,184.0547332763672,86.6611328125,57.52206802368164
1PVGA,29,18,12,15,ANCHOR,free,0.25,0.5920091271400452,0.00012099742889404297,0.00048309586870929754,19.30490493774414,173.8673553466797,184.0721893310547,86.65023040771484,57.52206802368164
1PVGA,29,18,13,2,INTRA,free,0.25,0.5927032232284546,-0.0005730986595153809,-0.0022881609742068454,22.983957290649414,173.96617126464844,184.14456176757812,86.54581451416016,57.52206802368164
1PVGA,29,18,13,17,OTHER,free,0.25,0.5931695699691772,-0.0010394454002380371,-0.004150102883951448,23.160634994506836,174.1739501953125,184.23435974121094,86.57416534423828,57.52206802368164
1PVGA,29,18,13,18,ANCHOR,free,0.25,0.5927543640136719,-0.000624239444732666,-0.002492346321671169,22.752849578857422,174.1203155517578,184.28187561035156,86.51760864257812,57.52206802368164
1PVGA,29,18,14,0,OTHER,free,0.25,0.5909460186958313,0.0011841058731079102,0.004727676122058573,24.536527633666992,174.16065979003906,183.9158172607422,86.23670959472656,57.52206802368164
1PVGA,29,18,14,3,OTHER,free,0.25,0.5907355546951294,0.0013945698738098145,0.005567977359700214,24.588720321655273,174.13946533203125,183.8459930419922,86.19345092773438,57.52206802368164
1PVGA,29,18,14,4,CROSS,free,0.25,0.590976357460022,0.0011537671089172363,0.004606545187490578,24.90695571899414,174.25218200683594,183.94775390625,86.32140350341797,57.52206802368164
1PVGA,29,18,14,9,ANCHOR,free,0.25,0.5907893776893616,0.0013407468795776367,0.005353082990515733,25.136964797973633,174.10174560546875,183.82276916503906,86.15223693847656,57.52206802368164
1PVGA,29,18,15,8,CROSS,free,0.25,0.5909445285797119,0.001185595989227295,0.004733625578569772,25.276081085205078,173.6839141845703,183.6674346923828,85.9020767211914,57.52206802368164
1PVGA,29,18,16,7,OTHER,free,0.25,0.5912876725196838,0.0008424520492553711,0.00336358473317104,25.51426124572754,173.66244506835938,183.6637725830078,85.83319854736328,57.52206802368164
1PVGA,29,18,16,14,OTHER,free,0.25,0.5907332301139832,0.0013968944549560547,0.005577258511857684,24.89566421508789,173.4723358154297,183.46231079101562,85.7712631225586,57.52206802368164
1PVGA,29,18,17,10,INTRA,free,0.25,0.5901502370834351,0.0019798874855041504,0.007904923877298884,28.393070220947266,173.63824462890625,183.52978515625,85.45842742919922,57.52206802368164
1PVGA,29,18,17,18,ANCHOR,free,0.25,0.5921167135238647,1.341104507446289e-05,5.354510860078421e-05,27.933929443359375,173.60501098632812,183.46417236328125,85.62078094482422,57.52206802368164
1PVGA,29,18,20,3,OTHER,free,0.25,0.5865268111228943,0.005603313446044922,0.022371860308188985,33.570709228515625,173.78842163085938,183.58998107910156,85.03924560546875,57.52206802368164
1PVGA,29,18,21,13,OTHER,free,0.25,0.5855683088302612,0.0065618157386779785,0.026198788714452147,33.76264190673828,173.6314239501953,183.29563903808594,85.19062805175781,57.52206802368164
1PVGA,29,18,24,18,OTHER,free,0.25,0.5831063389778137,0.009023785591125488,0.03602848076225389,42.00837707519531,173.07757568359375,182.88462829589844,84.2392349243164,57.52206802368164
1PVGA,29,18,26,16,CROSS,free,0.25,0.5820854306221008,0.010044693946838379,0.04010457240720603,45.18663024902344,172.53369140625,182.3671112060547,83.56996154785156,57.52206802368164
1PVGA,29,18,27,15,CROSS,free,0.25,0.5833973288536072,0.008732795715332031,0.03486667089474709,46.26970672607422,172.19967651367188,182.29432678222656,83.16665649414062,57.52206802368164
1PVGA,32,13,10,9,ANCHOR,free,0.25,0.5912041664123535,0.0009259581565856934,0.0036969922760585897,14.072672843933105,172.91075134277344,175.0699005126953,104.99417114257812,59.21650695800781
1PVGA,32,13,11,14,ANCHOR,free,0.25,0.5909538269042969,0.001176297664642334,0.004696500969939895,14.71682357788086,172.97792053222656,175.17124938964844,105.48974609375,59.21650695800781
1PVGA,32,13,11,16,ANCHOR,free,0.25,0.5906102657318115,0.0015198588371276855,0.006068207663161762,17.598115921020508,172.7987518310547,175.02056884765625,104.51988220214844,59.21650695800781
1PVGA,32,13,12,8,OTHER,free,0.25,0.5879136323928833,0.004216492176055908,0.016834820122347004,23.520282745361328,173.02716064453125,174.9549102783203,104.44668579101562,59.21650695800781
1PVGA,32,13,12,10,ANCHOR,free,0.25,0.5887479186058044,0.0033822059631347656,0.01350383841085733,23.38216209411621,172.90155029296875,174.96556091308594,103.97274780273438,59.21650695800781
1PVGA,32,13,12,15,ANCHOR,free,0.25,0.5880956649780273,0.004034459590911865,0.016108034514939026,23.81838607788086,172.8636016845703,175.0527801513672,103.97084045410156,59.21650695800781
1PVGA,32,13,13,2,INTRA,free,0.25,0.588628888130188,0.0035012364387512207,0.013979080996971845,26.882495880126953,172.9523162841797,174.7250213623047,103.46548461914062,59.21650695800781
1PVGA,32,13,13,17,OTHER,free,0.25,0.5894300937652588,0.00270003080368042,0.010780177220030773,26.428281784057617,172.97042846679688,174.6969451904297,103.60931396484375,59.21650695800781
1PVGA,32,13,13,18,ANCHOR,free,0.25,0.5889044404029846,0.00322568416595459,0.012878907498921066,26.112571716308594,172.89447021484375,174.699951171875,103.4674072265625,59.21650695800781
1PVGA,32,13,14,0,OTHER,free,0.25,0.5860732197761536,0.0060569047927856445,0.024182874870197733,30.056396484375,173.20628356933594,174.80503845214844,102.94630432128906,59.21650695800781
1PVGA,32,13,14,3,OTHER,free,0.25,0.5867775678634644,0.0053525567054748535,0.021370685766484546,29.831804275512695,173.2178955078125,174.8148651123047,103.15702819824219,59.21650695800781
1PVGA,32,13,14,4,CROSS,free,0.25,0.586462676525116,0.005667448043823242,0.02262792491643096,29.887847900390625,173.18772888183594,174.7975616455078,103.10509490966797,59.21650695800781
1PVGA,32,13,14,9,ANCHOR,free,0.25,0.5867616534233093,0.005368471145629883,0.021434225962024142,29.987211227416992,173.21826171875,174.82037353515625,103.17782592773438,59.21650695800781
1PVGA,32,13,15,8,CROSS,free,0.25,0.5847727656364441,0.007357358932495117,0.029375084556650666,29.651533126831055,172.88356018066406,174.74525451660156,102.277099609375,59.21650695800781
1PVGA,32,13,16,7,OTHER,free,0.25,0.5827498435974121,0.0093802809715271,0.03745182873799296,29.53226089477539,172.55699157714844,174.4958953857422,102.76740264892578,59.21650695800781
1PVGA,32,13,16,14,OTHER,free,0.25,0.5829565525054932,0.009173572063446045,0.03662652013075954,29.0179443359375,172.5768280029297,174.4675750732422,102.88561248779297,59.21650695800781
1PVGA,32,13,17,10,INTRA,free,0.25,0.5814491510391235,0.010680973529815674,0.04264499033748768,30.630691528320312,172.54747009277344,174.45477294921875,103.67269134521484,59.21650695800781
1PVGA,32,13,17,18,ANCHOR,free,0.25,0.5830486416816711,0.009081482887268066,0.03625884371836748,30.750579833984375,172.63088989257812,174.4755401611328,103.64895629882812,59.21650695800781
1PVGA,32,13,20,3,OTHER,free,0.25,0.5778173804283142,0.014312744140625,0.05714524372484049,35.79398727416992,172.3977508544922,174.28627014160156,101.76731872558594,59.21650695800781
1PVGA,32,13,21,13,OTHER,free,0.25,0.574479877948761,0.017650246620178223,0.07047059844036188,36.260868072509766,172.3653106689453,174.2891387939453,102.05713653564453,59.21650695800781
1PVGA,32,13,24,18,OTHER,free,0.25,0.5698867440223694,0.022243380546569824,0.08880920319047934,44.14332580566406,171.99359130859375,173.5693359375,99.39319610595703,59.21650695800781
1PVGA,32,13,26,16,CROSS,free,0.25,0.5683994889259338,0.02373063564300537,0.09474723674517609,45.075645446777344,171.72430419921875,173.67010498046875,99.57777404785156,59.21650695800781
1PVGA,32,13,27,15,CROSS,free,0.25,0.5696077346801758,0.022522389888763428,0.08992317942763611,43.920894622802734,171.59568786621094,173.58001708984375,100.01583099365234,59.21650695800781
1PVGA,32,13,29,18,CROSS,free,0.25,0.5584332942962646,0.03369683027267456,0.1345383917833722,45.263427734375,171.55654907226562,173.45570373535156,103.95687866210938,59.21650695800781
1PVGA,32,18,10,9,ANCHOR,free,0.25,0.5885454416275024,0.0035846829414367676,0.014312250561598948,18.895063400268555,178.59124755859375,218.99420166015625,208.96160888671875,68.26904296875
1PVGA,32,18,11,14,ANCHOR,free,0.25,0.58770751953125,0.004422605037689209,0.017657748946975946,20.786968231201172,178.67372131347656,219.09432983398438,208.4295196533203,68.26904296875
1PVGA,32,18,11,16,ANCHOR,free,0.25,0.5876791477203369,0.004450976848602295,0.01777102659894916,26.877426147460938,178.49717712402344,218.7163848876953,208.43069458007812,68.26904296875
1PVGA,32,18,12,8,OTHER,free,0.25,0.5879541039466858,0.004176020622253418,0.01667323288350286,34.27216339111328,178.65188598632812,218.48538208007812,208.93719482421875,68.26904296875
1PVGA,32,18,12,10,ANCHOR,free,0.25,0.5890763998031616,0.003053724765777588,0.012192340217528788,32.7515869140625,178.35740661621094,218.24339294433594,208.2620391845703,68.26904296875
1PVGA,32,18,12,15,ANCHOR,free,0.25,0.5874947905540466,0.004635334014892578,0.018507093358514606,32.02912521362305,178.44256591796875,218.29055786132812,208.0727996826172,68.26904296875
1PVGA,32,18,13,2,INTRA,free,0.25,0.5880995392799377,0.004030585289001465,0.01609256592800991,41.67539978027344,178.5106658935547,218.8687286376953,209.62413024902344,68.26904296875
1PVGA,32,18,13,17,OTHER,free,0.25,0.5883341431617737,0.0037959814071655273,0.015155883494886859,40.4241828918457,178.4204864501953,218.77108764648438,209.23284912109375,68.26904296875
1PVGA,32,18,13,18,ANCHOR,free,0.25,0.5882821083068848,0.0038480162620544434,0.015363638516257902,40.097633361816406,178.48355102539062,218.80422973632812,209.31649780273438,68.26904296875
1PVGA,32,18,14,0,OTHER,free,0.25,0.5873007774353027,0.004829347133636475,0.019281712596272618,45.88549041748047,178.92161560058594,218.81167602539062,209.78787231445312,68.26904296875
1PVGA,32,18,14,3,OTHER,free,0.25,0.5873098373413086,0.004820287227630615,0.019245539900684533,45.562278747558594,178.90089416503906,218.7900848388672,209.7562255859375,68.26904296875
1PVGA,32,18,14,4,CROSS,free,0.25,0.5862717032432556,0.005858421325683594,0.023390407262906126,45.2442512512207,178.8039093017578,218.80953979492188,209.71832275390625,68.26904296875
1PVGA,32,18,14,9,ANCHOR,free,0.25,0.5868131518363953,0.005316972732543945,0.02122861274499713,46.154075622558594,179.04501342773438,218.8822479248047,209.91111755371094,68.26904296875
1PVGA,32,18,15,8,CROSS,free,0.25,0.5839563608169556,0.008173763751983643,0.03263467279000596,38.37514877319336,178.92918395996094,218.63539123535156,209.59214782714844,68.26904296875
1PVGA,32,18,16,7,OTHER,free,0.25,0.5844458937644958,0.007684230804443359,0.030680157336947112,40.098243713378906,179.1311798095703,218.63368225097656,209.7764434814453,68.26904296875
1PVGA,32,18,16,14,OTHER,free,0.25,0.5848264098167419,0.007303714752197266,0.02916090412224753,37.54076385498047,179.20384216308594,218.68028259277344,210.0085906982422,68.26904296875
1PVGA,32,18,17,10,INTRA,free,0.25,0.5848532319068909,0.00727689266204834,0.02905381390504596,40.03014373779297,179.12054443359375,218.64378356933594,210.3415985107422,68.26904296875
1PVGA,32,18,17,18,ANCHOR,free,0.25,0.5861431360244751,0.005986988544464111,0.02390372637069231,40.17251968383789,179.1221466064453,218.70628356933594,210.94435119628906,68.26904296875
1PVGA,32,18,20,3,OTHER,free,0.25,0.5797463655471802,0.012383759021759033,0.04944355328196414,43.65010070800781,178.54331970214844,217.87425231933594,210.5092010498047,68.26904296875
1PVGA,32,18,21,13,OTHER,free,0.25,0.5781775116920471,0.01395261287689209,0.0557073790752141,43.058082580566406,178.5244140625,217.61729431152344,210.31692504882812,68.26904296875
1PVGA,32,18,24,18,OTHER,free,0.25,0.5758857727050781,0.016244351863861084,0.06485740521117656,43.69373321533203,178.3361358642578,217.69810485839844,211.03753662109375,68.26904296875
1PVGA,32,18,26,16,CROSS,free,0.25,0.5714627504348755,0.02066737413406372,0.08251682000597563,44.743690490722656,178.44683837890625,217.98594665527344,209.10536193847656,68.26904296875
1PVGA,32,18,27,15,CROSS,free,0.25,0.5681870579719543,0.023943066596984863,0.09559539126541251,48.446144104003906,178.55430603027344,218.08587646484375,208.9423370361328,68.26904296875
1PVGA,32,18,29,18,CROSS,free,0.25,0.5601205229759216,0.03200960159301758,0.12780194116487265,64.73501586914062,179.30735778808594,218.2887725830078,210.8323211669922,68.26904296875
