protein,base_setup,variant,alpha,anchor_positions,segment_metric,faithfulness,l10h9_top3_mass,l10h9_anchor_mass,l10h9_top1_mass,l10h9_entropy,l10h9_entropy_norm
1BRTA,clean,clean_baseline,nan,"[220, 93, 108]",0.736717700958252,1.0,0.6883314847946167,0.590004026889801,0.5601003170013428,4.303760528564453,0.5304285544804385
1BRTA,corrupt,corrupt_baseline,nan,"[220, 108, 92]",0.015240747481584549,0.0,0.686940610408783,0.5838338732719421,0.5562775135040283,4.298805236816406,0.5298178262065254
1BRTA,clean,corrupt_head_patch,nan,"[220, 93, 108]",0.7075484991073608,0.9595701543752299,0.686940610408783,0.5818459391593933,0.5562775135040283,4.298805236816406,0.5298178262065254
1BRTA,clean,ln_all,0.0,"[220, 93, 108]",0.736717700958252,1.0,0.6883314847946167,0.590004026889801,0.5601003170013428,4.303760528564453,0.5304285544804385
1BRTA,clean,ln_all,0.5,"[220, 93, 108]",0.017390966415405273,0.0029803016208060523,0.2724650502204895,0.24838338792324066,0.23980839550495148,6.73636531829834,0.8302414817278408
1BRTA,clean,ln_all,1.0,"[220, 93, 108]",0.007292686961591244,-0.011016374787431579,0.08434638381004333,0.04880243539810181,0.047153349965810776,7.792544364929199,0.9604131121563122
1BRTA,clean,ln_all,2.0,"[220, 93, 108]",0.0075284745544195175,-0.010689562417761202,0.05010903626680374,0.0011266531655564904,0.017311176285147667,7.897863864898682,0.9733934975092233
1BRTA,clean,ln_all,4.0,"[220, 93, 108]",0.0075525157153606415,-0.010656240270982607,0.05016601085662842,1.7975812625081744e-06,0.017843440175056458,7.891716003417969,0.9726357877675412
1BRTA,clean,ln_all,8.0,"[220, 93, 108]",0.00739469937980175,-0.01087498091792691,0.050166018307209015,7.314848726736045e-11,0.019245993345975876,7.887510776519775,0.9721175032556436
1BRTA,clean,ln_all,10.0,"[220, 93, 108]",0.0069103362038731575,-0.011546330395681582,0.050166018307209015,6.164598996202808e-13,0.019938616082072258,7.885725021362305,0.9718974130530066
1BRTA,clean,ln_all,12.0,"[220, 93, 108]",0.007897061295807362,-0.010178684364606918,0.050166018307209015,5.3784906555083035e-15,0.020538413897156715,7.884275913238525,0.9717188138204794
1BRTA,clean,ln_all,14.0,"[220, 93, 108]",0.008836537599563599,-0.008876527311316345,0.050166018307209015,4.7809874735262525e-17,0.021037548780441284,7.883131980895996,0.9715778267988169
1BRTA,clean,ln_all,16.0,"[220, 93, 108]",0.009206189773976803,-0.00836417251934147,0.050166018307209015,4.304177190258625e-19,0.021448828279972076,7.882229328155518,0.9714665769313691
1BRTA,clean,ln_all,32.0,"[220, 93, 108]",0.0049826097674667835,-0.01421824725611213,0.050136975944042206,2.390093260359387e-35,0.023080244660377502,7.879003524780273,0.971069004108715
1BRTA,clean,k_only,0.0,"[220, 93, 108]",0.736717700958252,1.0,0.6883314847946167,0.590004026889801,0.5601003170013428,4.303760528564453,0.5304285544804385
1BRTA,clean,k_only,0.5,"[220, 93, 108]",0.6903364658355713,0.9357134903628205,0.6153108477592468,0.5357367992401123,0.5110755562782288,4.720909118652344,0.5818411556638222
1BRTA,clean,k_only,1.0,"[220, 93, 108]",0.6043502688407898,0.8165326952169333,0.5348580479621887,0.47715678811073303,0.45696669816970825,5.160672187805176,0.6360409392104277
1BRTA,clean,k_only,2.0,"[220, 93, 108]",0.2502003312110901,0.32566471125276786,0.38625845313072205,0.35317477583885193,0.34003934264183044,6.046816825866699,0.7452562211267635
1BRTA,clean,k_only,4.0,"[220, 93, 108]",0.007963216863572598,-0.010086989727035414,0.16940534114837646,0.14189384877681732,0.13714008033275604,7.360220909118652,0.907130243787689
1BRTA,clean,k_only,8.0,"[220, 93, 108]",0.006992509122937918,-0.011432434977860149,0.05141673982143402,0.01129091251641512,0.016786623746156693,7.8974289894104,0.9733399001087414
1BRTA,clean,k_only,10.0,"[220, 93, 108]",0.006965195760130882,-0.011470292545832926,0.049998342990875244,0.003054694039747119,0.01695072278380394,7.902011871337891,0.9739047297315838
1BRTA,clean,k_only,12.0,"[220, 93, 108]",0.0069576152600348,-0.011480799465090088,0.050125084817409515,0.0008582810987718403,0.01699375919997692,7.898819923400879,0.9735113295135724
1BRTA,clean,k_only,14.0,"[220, 93, 108]",0.006955448538064957,-0.011483802640672346,0.0501570887863636,0.00025292037753388286,0.017005328088998795,7.896769046783447,0.9732585637027468
1BRTA,clean,k_only,16.0,"[220, 93, 108]",0.006954811979085207,-0.011484684940483424,0.05016406998038292,7.845514483051375e-05,0.01700856350362301,7.8958539962768555,0.9731457858392326
1BRTA,clean,k_only,32.0,"[220, 93, 108]",0.006954535376280546,-0.011485068324600308,0.050166018307209015,3.0733691147588615e-08,0.0170099176466465,7.895242214202881,0.9730703851102651
1BRTA,clean,v_only,0.0,"[220, 93, 108]",0.736717700958252,1.0,0.6883314847946167,0.590004026889801,0.5601003170013428,4.303760528564453,0.5304285544804385
1BRTA,clean,v_only,0.5,"[220, 93, 108]",0.7498718500137329,1.0182322512064916,0.6883314847946167,0.590004026889801,0.5601003170013428,4.303760528564453,0.5304285544804385
1BRTA,clean,v_only,1.0,"[220, 93, 108]",0.760846734046936,1.0334439415873378,0.6883314847946167,0.590004026889801,0.5601003170013428,4.303760528564453,0.5304285544804385
1BRTA,clean,v_only,2.0,"[220, 93, 108]",0.7775021195411682,1.0565290663636357,0.6883314847946167,0.590004026889801,0.5601003170013428,4.303760528564453,0.5304285544804385
1BRTA,clean,v_only,4.0,"[220, 93, 108]",0.772493302822113,1.0495866176895394,0.6883314847946167,0.590004026889801,0.5601003170013428,4.303760528564453,0.5304285544804385
1BRTA,clean,v_only,8.0,"[220, 93, 108]",0.012480121105909348,-0.0038263542062878663,0.6883314847946167,0.590004026889801,0.5601003170013428,4.303760528564453,0.5304285544804385
1BRTA,clean,v_only,10.0,"[220, 93, 108]",0.008899752981960773,-0.0087889079049132,0.6883314847946167,0.590004026889801,0.5601003170013428,4.303760528564453,0.5304285544804385
1BRTA,clean,v_only,12.0,"[220, 93, 108]",0.008056141436100006,-0.009958192026596582,0.6883314847946167,0.590004026889801,0.5601003170013428,4.303760528564453,0.5304285544804385
1BRTA,clean,v_only,14.0,"[220, 93, 108]",0.007976685650646687,-0.010068321373168827,0.6883314847946167,0.590004026889801,0.5601003170013428,4.303760528564453,0.5304285544804385
1BRTA,clean,v_only,16.0,"[220, 93, 108]",0.008084855042397976,-0.009918393657210556,0.6883314847946167,0.590004026889801,0.5601003170013428,4.303760528564453,0.5304285544804385
1BRTA,clean,v_only,32.0,"[220, 93, 108]",0.008089017122983932,-0.009912624823478723,0.6883314847946167,0.590004026889801,0.5601003170013428,4.303760528564453,0.5304285544804385
1IN4A,clean,clean_baseline,nan,"[55, 106, 151]",0.9656463861465454,1.0,0.13809166848659515,0.1355827897787094,0.08013622462749481,7.512201309204102,0.8960479815524639
1IN4A,corrupt,corrupt_baseline,nan,"[55, 151, 106]",0.37357404828071594,0.0,0.13912363350391388,0.12060534954071045,0.06000080332159996,7.580066680908203,0.9041428963224211
1IN4A,clean,corrupt_head_patch,nan,"[55, 106, 151]",0.9643988013267517,0.9978928506873151,0.13912363350391388,0.12060534954071045,0.06000080332159996,7.580066680908203,0.9041428963224211
1IN4A,clean,ln_all,0.0,"[55, 106, 151]",0.9656463861465454,1.0,0.13809166848659515,0.1355827897787094,0.08013622462749481,7.512201309204102,0.8960479815524639
1IN4A,clean,ln_all,0.5,"[55, 106, 151]",0.9551492929458618,0.9822705900455996,0.0964173823595047,0.023505140095949173,0.026798950508236885,7.860213279724121,0.937558507017016
1IN4A,clean,ln_all,1.0,"[55, 106, 151]",0.9442991018295288,0.9639448037819761,0.09698165953159332,0.003987287171185017,0.027782462537288666,7.864082336425781,0.9380200042939576
1IN4A,clean,ln_all,2.0,"[55, 106, 151]",0.9282493591308594,0.936837064284262,0.09758366644382477,0.0001617569796508178,0.028619036078453064,7.849358558654785,0.936263766566893
1IN4A,clean,ln_all,4.0,"[55, 106, 151]",0.9201216101646423,0.923109436009119,0.09760031849145889,6.107714511927043e-07,0.03090314008295536,7.840083122253418,0.9351574016382429
1IN4A,clean,ln_all,8.0,"[55, 106, 151]",0.6052713394165039,0.391332741487229,0.09760034084320068,2.3997208734027886e-11,0.03459138050675392,7.830400466918945,0.9340024640358796
1IN4A,clean,ln_all,10.0,"[55, 106, 151]",0.01604313589632511,-0.603863564498113,0.09760034084320068,1.9662934746134814e-13,0.03529778867959976,7.8286285400390625,0.9337911103408938
1IN4A,clean,ln_all,12.0,"[55, 106, 151]",0.010648281313478947,-0.6129753811424985,0.09760034084320068,1.8443657500100087e-15,0.03563819080591202,7.827752113342285,0.9336865710267431
1IN4A,clean,ln_all,14.0,"[55, 106, 151]",0.009573450312018394,-0.6147907522259287,0.09760034084320068,1.9091399675256558e-17,0.03580122068524361,7.827322959899902,0.9336353820263429
1IN4A,clean,ln_all,16.0,"[55, 106, 151]",0.0077248853631317616,-0.6179129466448573,0.09760034084320068,2.110284437934531e-19,0.03587993606925011,7.827113151550293,0.9336103562928139
1IN4A,clean,ln_all,32.0,"[55, 106, 151]",0.007841666229069233,-0.6177157057699357,0.09760034084320068,1.0398923530828016e-34,0.0359567366540432,7.826909065246582,0.9335860130792902
1IN4A,clean,k_only,0.0,"[55, 106, 151]",0.9656463861465454,1.0,0.13809166848659515,0.1355827897787094,0.08013622462749481,7.512201309204102,0.8960479815524639
1IN4A,clean,k_only,0.5,"[55, 106, 151]",0.9633048176765442,0.9960451311094155,0.1192515641450882,0.1021617129445076,0.06061690300703049,7.643099784851074,0.9116614229478717
1IN4A,clean,k_only,1.0,"[55, 106, 151]",0.9615212082862854,0.9930326455123212,0.11064884066581726,0.0759667307138443,0.04523671418428421,7.733666896820068,0.9224641789623336
1IN4A,clean,k_only,2.0,"[55, 106, 151]",0.9590402245521545,0.9888423066373895,0.10034091770648956,0.04103831201791763,0.025912011042237282,7.830147743225098,0.9339723194023106
1IN4A,clean,k_only,4.0,"[55, 106, 151]",0.9565067887306213,0.9845633770885692,0.09576406329870224,0.011768253520131111,0.027064248919487,7.871408462524414,0.9388938574074566
1IN4A,clean,k_only,8.0,"[55, 106, 151]",0.9552825093269348,0.9824955902230326,0.09744563698768616,0.0011126826284453273,0.027423162013292313,7.860871315002441,0.9376369968176297
1IN4A,clean,k_only,10.0,"[55, 106, 151]",0.9551833271980286,0.9823280733124068,0.09755602478981018,0.0003722109831869602,0.027441754937171936,7.857767581939697,0.937266786591402
1IN4A,clean,k_only,12.0,"[55, 106, 151]",0.9551506042480469,0.9822728048124467,0.09758761525154114,0.00013035745359957218,0.027446841821074486,7.856352806091309,0.9370980335200825
1IN4A,clean,k_only,14.0,"[55, 106, 151]",0.955139696598053,0.9822543819791267,0.097596675157547,4.735186666948721e-05,0.02744833379983902,7.8557353019714355,0.9370243782361732
1IN4A,clean,k_only,16.0,"[55, 106, 151]",0.9551357626914978,0.9822477376785851,0.09759927541017532,1.769665141182486e-05,0.027448762208223343,7.855469226837158,0.9369926410559252
1IN4A,clean,k_only,32.0,"[55, 106, 151]",0.9551334977149963,0.9822439121722126,0.09760034084320068,1.1371841246443637e-08,0.02744900807738304,7.855267524719238,0.9369685822257371
1IN4A,clean,v_only,0.0,"[55, 106, 151]",0.9656463861465454,1.0,0.13809166848659515,0.1355827897787094,0.08013622462749481,7.512201309204102,0.8960479815524639
1IN4A,clean,v_only,0.5,"[55, 106, 151]",0.9652119278907776,0.9992662074750294,0.13809166848659515,0.1355827897787094,0.08013622462749481,7.512201309204102,0.8960479815524639
1IN4A,clean,v_only,1.0,"[55, 106, 151]",0.9645792841911316,0.9981976831424683,0.13809166848659515,0.1355827897787094,0.08013622462749481,7.512201309204102,0.8960479815524639
1IN4A,clean,v_only,2.0,"[55, 106, 151]",0.9626190066337585,0.9948868080483217,0.13809166848659515,0.1355827897787094,0.08013622462749481,7.512201309204102,0.8960479815524639
1IN4A,clean,v_only,4.0,"[55, 106, 151]",0.9551413655281067,0.9822572007732959,0.13809166848659515,0.1355827897787094,0.08013622462749481,7.512201309204102,0.8960479815524639
1IN4A,clean,v_only,8.0,"[55, 106, 151]",0.924339234828949,0.9302329315595266,0.13809166848659515,0.1355827897787094,0.08013622462749481,7.512201309204102,0.8960479815524639
1IN4A,clean,v_only,10.0,"[55, 106, 151]",0.9001321792602539,0.8893476308613868,0.13809166848659515,0.1355827897787094,0.08013622462749481,7.512201309204102,0.8960479815524639
1IN4A,clean,v_only,12.0,"[55, 106, 151]",0.8543520569801331,0.8120257913626207,0.13809166848659515,0.1355827897787094,0.08013622462749481,7.512201309204102,0.8960479815524639
1IN4A,clean,v_only,14.0,"[55, 106, 151]",0.7521867156028748,0.6394702861594539,0.13809166848659515,0.1355827897787094,0.08013622462749481,7.512201309204102,0.8960479815524639
1IN4A,clean,v_only,16.0,"[55, 106, 151]",0.592088520526886,0.3690671870160703,0.13809166848659515,0.1355827897787094,0.08013622462749481,7.512201309204102,0.8960479815524639
1IN4A,clean,v_only,32.0,"[55, 106, 151]",0.00975379440933466,-0.6144861541459605,0.13809166848659515,0.1355827897787094,0.08013622462749481,7.512201309204102,0.8960479815524639
1MJ5A,clean,clean_baseline,nan,"[238, 103, 127]",0.8945257067680359,1.0,0.7550017833709717,0.6442575454711914,0.5934540033340454,3.8484160900115967,0.4671312240392396
1MJ5A,corrupt,corrupt_baseline,nan,"[238, 103, 108]",0.0078092156909406185,0.0,0.6829830408096313,0.6100217700004578,0.5677255988121033,4.145258903503418,0.5031628130281705
1MJ5A,clean,corrupt_head_patch,nan,"[238, 103, 127]",0.8906804323196411,0.9956634679888225,0.6829830408096313,0.6097288131713867,0.5677255988121033,4.145258903503418,0.5031628130281705
1MJ5A,clean,ln_all,0.0,"[238, 103, 127]",0.8945257067680359,1.0,0.7550017833709717,0.6442575454711914,0.5934540033340454,3.8484160900115967,0.4671312240392396
1MJ5A,clean,ln_all,0.5,"[238, 103, 127]",0.8792272806167603,0.982747105410555,0.34484511613845825,0.3137410581111908,0.2952575087547302,6.278703689575195,0.762126150418967
1MJ5A,clean,ln_all,1.0,"[238, 103, 127]",0.8463786840438843,0.9457018977219344,0.09882157295942307,0.08218538761138916,0.07789862155914307,7.659433841705322,0.9297229359397572
1MJ5A,clean,ln_all,2.0,"[238, 103, 127]",0.27230650186538696,0.29828844826508333,0.0630863606929779,0.002503117313608527,0.024253984913229942,7.917900562286377,0.9610963302751063
1MJ5A,clean,ln_all,4.0,"[238, 103, 127]",0.20183327794075012,0.2188118346757353,0.06305409967899323,3.403840310056694e-06,0.024307262152433395,7.91091251373291,0.9602481019135997
1MJ5A,clean,ln_all,8.0,"[238, 103, 127]",0.012080046348273754,0.004816455654439621,0.06298110634088516,8.440276949572834e-11,0.02420947328209877,7.911489963531494,0.9603181943425171
1MJ5A,clean,ln_all,10.0,"[238, 103, 127]",0.016464339569211006,0.009760869415834369,0.06295078247785568,5.401635085403034e-13,0.024165809154510498,7.911948204040527,0.9603738168232682
1MJ5A,clean,ln_all,12.0,"[238, 103, 127]",0.009114738553762436,0.0014723114726737491,0.06295078247785568,3.58450578992627e-15,0.024138549342751503,7.912257194519043,0.9604113229289152
1MJ5A,clean,ln_all,14.0,"[238, 103, 127]",0.00969688594341278,0.002128831787236987,0.06295078247785568,2.428308298465988e-17,0.024123508483171463,7.9124345779418945,0.9604328542117866
1MJ5A,clean,ln_all,16.0,"[238, 103, 127]",0.01173503790050745,0.0044273702463773195,0.06295078247785568,1.670130906496496e-19,0.02411571890115738,7.912528991699219,0.9604443144107342
1MJ5A,clean,ln_all,32.0,"[238, 103, 127]",0.0063227093778550625,-0.0016764166766312146,0.06295078247785568,1.2790959111931145e-36,0.024108048528432846,7.9126296043396,0.9604565270469866
1MJ5A,clean,k_only,0.0,"[238, 103, 127]",0.8945257067680359,1.0,0.7550017833709717,0.6442575454711914,0.5934540033340454,3.8484160900115967,0.4671312240392396
1MJ5A,clean,k_only,0.5,"[238, 103, 127]",0.8916841149330139,0.9967953772557333,0.6960504651069641,0.5930641293525696,0.5493850708007812,4.244606971740723,0.5152219520703539
1MJ5A,clean,k_only,1.0,"[238, 103, 127]",0.8881679177284241,0.9928299641389448,0.6262283325195312,0.537777841091156,0.5004972219467163,4.66609525680542,0.5663833478018323
1MJ5A,clean,k_only,2.0,"[238, 103, 127]",0.8792257905006409,0.9827454249228971,0.47618210315704346,0.4190465211868286,0.3926953673362732,5.5428853034973145,0.6728105111222551
1MJ5A,clean,k_only,4.0,"[238, 103, 127]",0.8605762720108032,0.961713315249168,0.21146345138549805,0.19913174211978912,0.1879960298538208,7.017969131469727,0.8518602027368548
1MJ5A,clean,k_only,8.0,"[238, 103, 127]",0.7014584541320801,0.7822672132764364,0.07018838822841644,0.02235567197203636,0.023791687563061714,7.8910722732543945,0.9578398395003911
1MJ5A,clean,k_only,10.0,"[238, 103, 127]",0.413464218378067,0.4574799349839281,0.06285680085420609,0.006481698714196682,0.02413390390574932,7.919205665588379,0.9612547472676306
1MJ5A,clean,k_only,12.0,"[238, 103, 127]",0.3233371376991272,0.3558385630393707,0.06311938911676407,0.0018585713114589453,0.02423706278204918,7.917999267578125,0.961108311392188
1MJ5A,clean,k_only,14.0,"[238, 103, 127]",0.29959192872047424,0.32905975694114464,0.06296544522047043,0.0005478524835780263,0.024267662316560745,7.9149932861328125,0.9607434371792274
1MJ5A,clean,k_only,16.0,"[238, 103, 127]",0.2919904589653015,0.3204871524709839,0.06297706067562103,0.00016823720943648368,0.02427697740495205,7.913372993469238,0.9605467616437514
1MJ5A,clean,k_only,32.0,"[238, 103, 127]",0.28878912329673767,0.3168768263963271,0.06298110634088516,4.982991086421862e-08,0.024281419813632965,7.9121904373168945,0.9604032197579421
1MJ5A,clean,v_only,0.0,"[238, 103, 127]",0.8945257067680359,1.0,0.7550017833709717,0.6442575454711914,0.5934540033340454,3.8484160900115967,0.4671312240392396
1MJ5A,clean,v_only,0.5,"[238, 103, 127]",0.8956843018531799,1.0013066127638346,0.7550017833709717,0.6442575454711914,0.5934540033340454,3.8484160900115967,0.4671312240392396
1MJ5A,clean,v_only,1.0,"[238, 103, 127]",0.8963912725448608,1.002103903328288,0.7550017833709717,0.6442575454711914,0.5934540033340454,3.8484160900115967,0.4671312240392396
1MJ5A,clean,v_only,2.0,"[238, 103, 127]",0.8959857821464539,1.0016466090267977,0.7550017833709717,0.6442575454711914,0.5934540033340454,3.8484160900115967,0.4671312240392396
1MJ5A,clean,v_only,4.0,"[238, 103, 127]",0.8772197961807251,0.9804831524377208,0.7550017833709717,0.6442575454711914,0.5934540033340454,3.8484160900115967,0.4671312240392396
1MJ5A,clean,v_only,8.0,"[238, 103, 127]",0.3778930604457855,0.4173643419051604,0.7550017833709717,0.6442575454711914,0.5934540033340454,3.8484160900115967,0.4671312240392396
1MJ5A,clean,v_only,10.0,"[238, 103, 127]",0.08062509447336197,0.08211855707563512,0.7550017833709717,0.6442575454711914,0.5934540033340454,3.8484160900115967,0.4671312240392396
1MJ5A,clean,v_only,12.0,"[238, 103, 127]",0.013086696155369282,0.005951711192399392,0.7550017833709717,0.6442575454711914,0.5934540033340454,3.8484160900115967,0.4671312240392396
1MJ5A,clean,v_only,14.0,"[238, 103, 127]",0.008884824812412262,0.0012130248307044569,0.7550017833709717,0.6442575454711914,0.5934540033340454,3.8484160900115967,0.4671312240392396
1MJ5A,clean,v_only,16.0,"[238, 103, 127]",0.007879328913986683,7.907062037483682e-05,0.7550017833709717,0.6442575454711914,0.5934540033340454,3.8484160900115967,0.4671312240392396
1MJ5A,clean,v_only,32.0,"[238, 103, 127]",0.006925922352820635,-0.000996139518108033,0.7550017833709717,0.6442575454711914,0.5934540033340454,3.8484160900115967,0.4671312240392396
1NOXA,clean,clean_baseline,nan,"[141, 142, 184]",0.6426877975463867,1.0,0.1775367558002472,0.17654062807559967,0.09440189599990845,6.908037185668945,0.8995449035819258
1NOXA,corrupt,corrupt_baseline,nan,"[184, 176, 190]",0.013175503350794315,0.0,0.20551797747612,0.2066769152879715,0.09366636723279953,6.935421943664551,0.9031108686786216
1NOXA,clean,corrupt_head_patch,nan,"[141, 142, 184]",0.6228010654449463,0.9684093030671431,0.20551797747612,0.1014314666390419,0.09366636723279953,6.935421943664551,0.9031108686786216
1NOXA,clean,ln_all,0.0,"[141, 142, 184]",0.6426877975463867,1.0,0.1775367558002472,0.17654062807559967,0.09440189599990845,6.908037185668945,0.8995449035819258
1NOXA,clean,ln_all,0.5,"[141, 142, 184]",0.6412478089332581,0.9977125329776622,0.0991373360157013,0.03194030374288559,0.03580492362380028,7.289909362792969,0.9492712095526407
1NOXA,clean,ln_all,1.0,"[141, 142, 184]",0.6419450640678406,0.9988201446017901,0.10208962857723236,0.0052867792546749115,0.03710261359810829,7.286861419677734,0.9488743150915911
1NOXA,clean,ln_all,2.0,"[141, 142, 184]",0.6422115564346313,0.9992434760748177,0.10322170704603195,0.00017847068374976516,0.0377625934779644,7.267221450805664,0.9463168543497714
1NOXA,clean,ln_all,4.0,"[141, 142, 184]",0.6389658451080322,0.9940875619544325,0.1032482460141182,6.25086158834165e-07,0.03929048031568527,7.254641056060791,0.9446786712199418
1NOXA,clean,ln_all,8.0,"[141, 142, 184]",0.47750845551490784,0.7376074406258428,0.10324828326702118,1.1995943127729447e-10,0.04208311066031456,7.235193252563477,0.9421462337052502
1NOXA,clean,ln_all,10.0,"[141, 142, 184]",0.013158777728676796,-2.6569174695613887e-05,0.10324828326702118,2.210539694000313e-12,0.042572472244501114,7.231842994689941,0.9417099726784457
1NOXA,clean,ln_all,12.0,"[141, 142, 184]",0.012693413533270359,-0.000765814777517544,0.10324828326702118,4.218999281879743e-14,0.04276285693049431,7.230409622192383,0.9415233229991724
1NOXA,clean,ln_all,14.0,"[141, 142, 184]",0.010006647557020187,-0.005033826698846885,0.10324828326702118,8.207865725924418e-16,0.04282457008957863,7.229711532592773,0.941432419762161
1NOXA,clean,ln_all,16.0,"[141, 142, 184]",0.008170772343873978,-0.007950171987213556,0.10324828326702118,1.6185284227147482e-17,0.04282629117369652,7.229307651519775,0.9413798275205294
1NOXA,clean,ln_all,32.0,"[141, 142, 184]",0.006137119140475988,-0.011180693808867008,0.10324828326702118,4.967449166687894e-31,0.04263101518154144,7.2282209396362305,0.9412383189978868
1NOXA,clean,k_only,0.0,"[141, 142, 184]",0.6426877975463867,1.0,0.1775367558002472,0.17654062807559967,0.09440189599990845,6.908037185668945,0.8995449035819258
1NOXA,clean,k_only,0.5,"[141, 142, 184]",0.6413357257843018,0.9978521916497077,0.1438896656036377,0.1345948427915573,0.07165081053972244,7.053170204162598,0.9184437113935379
1NOXA,clean,k_only,1.0,"[141, 142, 184]",0.6400892734527588,0.995872163073561,0.11983327567577362,0.10111778974533081,0.05351988226175308,7.153235912322998,0.9314739825660414
1NOXA,clean,k_only,2.0,"[141, 142, 184]",0.6382610201835632,0.9929679254819318,0.09847511351108551,0.05542231351137161,0.034641679376363754,7.258485794067383,0.9451793220396293
1NOXA,clean,k_only,4.0,"[141, 142, 184]",0.636954665184021,0.9908927396411031,0.1008436530828476,0.015929516404867172,0.03638158366084099,7.298137187957764,0.9503426134833997
1NOXA,clean,k_only,8.0,"[141, 142, 184]",0.6370193958282471,0.9909955662972668,0.1025908887386322,0.0014045583084225655,0.03697444871068001,7.279252052307129,0.9478834449712172
1NOXA,clean,k_only,10.0,"[141, 142, 184]",0.637116014957428,0.9911490488107488,0.10267991572618484,0.00045074615627527237,0.0370083749294281,7.274981498718262,0.9473273456606478
1NOXA,clean,k_only,12.0,"[141, 142, 184]",0.637172281742096,0.9912384303608579,0.10269588232040405,0.00015442597214132547,0.03701801225543022,7.273166656494141,0.9470910220813682
1NOXA,clean,k_only,14.0,"[141, 142, 184]",0.637202799320221,0.9912869084897307,0.10269974917173386,5.688143573934212e-05,0.03702090308070183,7.27241849899292,0.946993599144981
1NOXA,clean,k_only,16.0,"[141, 142, 184]",0.6372179985046387,0.9913110528703216,0.10270069539546967,2.2601487216888927e-05,0.03702181950211525,7.2721076011657715,0.946953114916476
1NOXA,clean,k_only,32.0,"[141, 142, 184]",0.6372360587120056,0.9913397420754944,0.10270098596811295,8.926510730589143e-08,0.03702230751514435,7.271853923797607,0.9469200817729718
1NOXA,clean,v_only,0.0,"[141, 142, 184]",0.6426877975463867,1.0,0.1775367558002472,0.17654062807559967,0.09440189599990845,6.908037185668945,0.8995449035819258
1NOXA,clean,v_only,0.5,"[141, 142, 184]",0.6419174671173096,0.9987763059813447,0.1775367558002472,0.17654062807559967,0.09440189599990845,6.908037185668945,0.8995449035819258
1NOXA,clean,v_only,1.0,"[141, 142, 184]",0.6409388780593872,0.9972217866066709,0.1775367558002472,0.17654062807559967,0.09440189599990845,6.908037185668945,0.8995449035819258
1NOXA,clean,v_only,2.0,"[141, 142, 184]",0.6382638216018677,0.9929723756226682,0.1775367558002472,0.17654062807559967,0.09440189599990845,6.908037185668945,0.8995449035819258
1NOXA,clean,v_only,4.0,"[141, 142, 184]",0.6297716498374939,0.979482294741523,0.1775367558002472,0.17654062807559967,0.09440189599990845,6.908037185668945,0.8995449035819258
1NOXA,clean,v_only,8.0,"[141, 142, 184]",0.6074329018592834,0.9439964937743545,0.1775367558002472,0.17654062807559967,0.09440189599990845,6.908037185668945,0.8995449035819258
1NOXA,clean,v_only,10.0,"[141, 142, 184]",0.5994223952293396,0.931271553048328,0.1775367558002472,0.17654062807559967,0.09440189599990845,6.908037185668945,0.8995449035819258
1NOXA,clean,v_only,12.0,"[141, 142, 184]",0.5938854813575745,0.9224759919086677,0.1775367558002472,0.17654062807559967,0.09440189599990845,6.908037185668945,0.8995449035819258
1NOXA,clean,v_only,14.0,"[141, 142, 184]",0.6146778464317322,0.955505315189362,0.1775367558002472,0.17654062807559967,0.09440189599990845,6.908037185668945,0.8995449035819258
1NOXA,clean,v_only,16.0,"[141, 142, 184]",0.4926150143146515,0.7616046825209312,0.1775367558002472,0.17654062807559967,0.09440189599990845,6.908037185668945,0.8995449035819258
1NOXA,clean,v_only,32.0,"[141, 142, 184]",0.009800255298614502,-0.005361687266954485,0.1775367558002472,0.17654062807559967,0.09440189599990845,6.908037185668945,0.8995449035819258
1YKIA,clean,clean_baseline,nan,"[49, 69, 129]",0.7542582750320435,1.0,0.05516932159662247,0.04811607301235199,0.01883462630212307,7.506008625030518,0.967075833198684
1YKIA,corrupt,corrupt_baseline,nan,"[60, 93, 77]",0.17913879454135895,0.0,0.06235572323203087,0.05561421811580658,0.02159854583442211,7.4680891036987305,0.9621902735732734
1YKIA,clean,corrupt_head_patch,nan,"[49, 69, 129]",0.6836771368980408,0.8772756956975553,0.06235572323203087,0.03156953677535057,0.02159854583442211,7.4680891036987305,0.9621902735732734
1YKIA,clean,ln_all,0.0,"[49, 69, 129]",0.7542582750320435,1.0,0.05516932159662247,0.04811607301235199,0.01883462630212307,7.506008625030518,0.967075833198684
1YKIA,clean,ln_all,0.5,"[49, 69, 129]",0.8734958171844482,1.2073265576931473,0.05130001902580261,0.007475260645151138,0.014784417115151882,7.537772178649902,0.9711682565645967
1YKIA,clean,ln_all,1.0,"[49, 69, 129]",0.8797436952590942,1.2181901752310462,0.05166950821876526,0.0012107046786695719,0.014883320778608322,7.524414539337158,0.969447255322357
1YKIA,clean,ln_all,2.0,"[49, 69, 129]",0.77357017993927,1.0335789441365295,0.05174503102898598,3.821653808699921e-05,0.014905435033142567,7.517545700073242,0.9685622725324216
1YKIA,clean,ln_all,4.0,"[49, 69, 129]",0.42491447925567627,0.4273471740248212,0.051747433841228485,6.512609473929842e-08,0.01500417198985815,7.514967441558838,0.9682300891276884
1YKIA,clean,ln_all,8.0,"[49, 69, 129]",0.026264769956469536,-0.2658126350622992,0.051747437566518784,6.491102143638128e-13,0.01732766628265381,7.50797176361084,0.9673287644132736
1YKIA,clean,ln_all,10.0,"[49, 69, 129]",0.013102336786687374,-0.28869906756246794,0.051747437566518784,3.0203132373861786e-15,0.018625376746058464,7.504480361938477,0.9668789314394516
1YKIA,clean,ln_all,12.0,"[49, 69, 129]",0.014789010398089886,-0.28576633155087694,0.051747437566518784,1.6333696972651747e-17,0.019671352580189705,7.501712799072266,0.9665223580196122
1YKIA,clean,ln_all,14.0,"[49, 69, 129]",0.014360892586410046,-0.2865107295867678,0.051747437566518784,9.691292000641314e-20,0.020454464480280876,7.499696731567383,0.9662626074305218
1YKIA,clean,ln_all,16.0,"[49, 69, 129]",0.013720528222620487,-0.2876241753758814,0.051747437566518784,6.078841471469054e-22,0.02102675475180149,7.4982757568359375,0.9660795287277097
1YKIA,clean,ln_all,32.0,"[49, 69, 129]",0.008148846216499805,-0.2973120440625185,0.051747437566518784,2.5816976400319343e-39,0.022625887766480446,7.494780540466309,0.9656292042674371
1YKIA,clean,k_only,0.0,"[49, 69, 129]",0.7542582750320435,1.0,0.05516932159662247,0.04811607301235199,0.01883462630212307,7.506008625030518,0.967075833198684
1YKIA,clean,k_only,0.5,"[49, 69, 129]",0.7494753003120422,0.9916835111968031,0.05081569403409958,0.03491216525435448,0.01435354445129633,7.526878356933594,0.9697646941335751
1YKIA,clean,k_only,1.0,"[49, 69, 129]",0.7461831569671631,0.985959233969973,0.05035421624779701,0.025285400450229645,0.014503397978842258,7.5372114181518555,0.971096008056373
1YKIA,clean,k_only,2.0,"[49, 69, 129]",0.742495596408844,0.9795474174980758,0.05092892050743103,0.013255752623081207,0.014688631519675255,7.541497230529785,0.9716481930835121
1YKIA,clean,k_only,4.0,"[49, 69, 129]",0.7403620481491089,0.9758376696420047,0.05145682394504547,0.003697602776810527,0.014832599088549614,7.532094955444336,0.9704368018546369
1YKIA,clean,k_only,8.0,"[49, 69, 129]",0.7402827739715576,0.9756998301490986,0.051671452820301056,0.0003164799709338695,0.01488142553716898,7.520747184753418,0.9689747525360055
1YKIA,clean,k_only,10.0,"[49, 69, 129]",0.7403722405433655,0.9758553918625211,0.051703475415706635,9.7016898507718e-05,0.014884410426020622,7.519279956817627,0.9687857145599811
1YKIA,clean,k_only,12.0,"[49, 69, 129]",0.7404155731201172,0.9759307372093954,0.051716484129428864,3.055834531551227e-05,0.014885281212627888,7.518716812133789,0.9687131588727257
1YKIA,clean,k_only,14.0,"[49, 69, 129]",0.7404356598854065,0.9759656634568461,0.05172177776694298,9.860595127975103e-06,0.01488554384559393,7.518505096435547,0.9686858813747228
1YKIA,clean,k_only,16.0,"[49, 69, 129]",0.740448534488678,0.9759880494196037,0.05172392725944519,3.2515031307411846e-06,0.014885629527270794,7.518425941467285,0.9686756830308749
1YKIA,clean,k_only,32.0,"[49, 69, 129]",0.7404490113258362,0.9759888785293355,0.05172540619969368,8.303764897910071e-10,0.014885667711496353,7.518378734588623,0.9686696008860499
1YKIA,clean,v_only,0.0,"[49, 69, 129]",0.7542582750320435,1.0,0.05516932159662247,0.04811607301235199,0.01883462630212307,7.506008625030518,0.967075833198684
1YKIA,clean,v_only,0.5,"[49, 69, 129]",0.7412869334220886,0.9774458316054816,0.05516932159662247,0.04811607301235199,0.01883462630212307,7.506008625030518,0.967075833198684
1YKIA,clean,v_only,1.0,"[49, 69, 129]",0.7278902530670166,0.9541520973302278,0.05516932159662247,0.04811607301235199,0.01883462630212307,7.506008625030518,0.967075833198684
1YKIA,clean,v_only,2.0,"[49, 69, 129]",0.6997389197349548,0.9052034279023666,0.05516932159662247,0.04811607301235199,0.01883462630212307,7.506008625030518,0.967075833198684
1YKIA,clean,v_only,4.0,"[49, 69, 129]",0.6373170018196106,0.7966661238588891,0.05516932159662247,0.04811607301235199,0.01883462630212307,7.506008625030518,0.967075833198684
1YKIA,clean,v_only,8.0,"[49, 69, 129]",0.4670100808143616,0.5005417066161532,0.05516932159662247,0.04811607301235199,0.01883462630212307,7.506008625030518,0.967075833198684
1YKIA,clean,v_only,10.0,"[49, 69, 129]",0.34282225370407104,0.2846077462426755,0.05516932159662247,0.04811607301235199,0.01883462630212307,7.506008625030518,0.967075833198684
1YKIA,clean,v_only,12.0,"[49, 69, 129]",0.22273702919483185,0.07580726463356005,0.05516932159662247,0.04811607301235199,0.01883462630212307,7.506008625030518,0.967075833198684
1YKIA,clean,v_only,14.0,"[49, 69, 129]",0.14698874950408936,-0.05590150590941484,0.05516932159662247,0.04811607301235199,0.01883462630212307,7.506008625030518,0.967075833198684
1YKIA,clean,v_only,16.0,"[49, 69, 129]",0.10852406919002533,-0.122782704719176,0.05516932159662247,0.04811607301235199,0.01883462630212307,7.506008625030518,0.967075833198684
1YKIA,clean,v_only,32.0,"[49, 69, 129]",0.053345829248428345,-0.2187249250983564,0.05516932159662247,0.04811607301235199,0.01883462630212307,7.506008625030518,0.967075833198684
2DPMA,clean,clean_baseline,nan,"[39, 190, 42]",0.939429521560669,1.0,0.28790083527565,0.3588635325431824,0.24810251593589783,6.146336078643799,0.7541750668476392
2DPMA,corrupt,corrupt_baseline,nan,"[39, 181, 42]",0.01685342937707901,0.0,0.12334872037172318,0.12740381062030792,0.07061906158924103,7.447336196899414,0.913811936455771
2DPMA,clean,corrupt_head_patch,nan,"[39, 190, 42]",0.7424499988555908,0.7864896734546208,0.12334872037172318,0.0963764637708664,0.07061906158924103,7.447336196899414,0.913811936455771
2DPMA,clean,ln_all,0.0,"[39, 190, 42]",0.939429521560669,1.0,0.28790083527565,0.3588635325431824,0.24810251593589783,6.146336078643799,0.7541750668476392
2DPMA,clean,ln_all,0.5,"[39, 190, 42]",0.7660485506057739,0.8120686494871875,0.13551679253578186,0.1066378653049469,0.07468963414430618,7.28934907913208,0.8944264125308352
2DPMA,clean,ln_all,1.0,"[39, 190, 42]",0.4051533341407776,0.4208865892510339,0.13224180042743683,0.021282676607370377,0.05319664999842644,7.481534481048584,0.9180081751424074
2DPMA,clean,ln_all,2.0,"[39, 190, 42]",0.07316289842128754,0.061035040384509666,0.1339462250471115,0.000663912680465728,0.05540994182229042,7.4603071212768555,0.9154035103030622
2DPMA,clean,ln_all,4.0,"[39, 190, 42]",0.04858982563018799,0.0343997601086692,0.13400301337242126,1.1031797839677893e-06,0.05604804307222366,7.450641632080078,0.9142175239092458
2DPMA,clean,ln_all,8.0,"[39, 190, 42]",0.012010863050818443,-0.005248961432329107,0.134003147482872,1.954215608779286e-11,0.056257665157318115,7.445712089538574,0.9136126532955667
2DPMA,clean,ln_all,10.0,"[39, 190, 42]",0.009218254126608372,-0.00827593009959688,0.134003147482872,1.501335134771603e-13,0.056359853595495224,7.444583892822266,0.9134742199552722
2DPMA,clean,ln_all,12.0,"[39, 190, 42]",0.009143548086285591,-0.008356905577886117,0.134003147482872,1.3936068968541473e-15,0.05660390108823776,7.443778038024902,0.913375338997919
2DPMA,clean,ln_all,14.0,"[39, 190, 42]",0.01215463038533926,-0.005093128937059755,0.134003147482872,1.3966081066398367e-17,0.05691023916006088,7.443181037902832,0.9133020851762585
2DPMA,clean,ln_all,16.0,"[39, 190, 42]",0.011648734100162983,-0.005641480763497075,0.134003147482872,1.4411916113723117e-19,0.057217054069042206,7.442732810974121,0.9132470863005709
2DPMA,clean,ln_all,32.0,"[39, 190, 42]",0.00600404292345047,-0.011759882513267582,0.134003147482872,2.1630727570116522e-35,0.05857342109084129,7.441437244415283,0.9130881161460569
2DPMA,clean,k_only,0.0,"[39, 190, 42]",0.939429521560669,1.0,0.28790083527565,0.3588635325431824,0.24810251593589783,6.146336078643799,0.7541750668476392
2DPMA,clean,k_only,0.5,"[39, 190, 42]",0.9296479821205139,0.9893975797519273,0.2378559559583664,0.3032313287258148,0.21150138974189758,6.438946723937988,0.7900793275570162
2DPMA,clean,k_only,1.0,"[39, 190, 42]",0.9189985394477844,0.9778544205881949,0.20159821212291718,0.2516322731971741,0.17660710215568542,6.693287372589111,0.8212877374526328
2DPMA,clean,k_only,2.0,"[39, 190, 42]",0.8919842839241028,0.9485730900263513,0.15495234727859497,0.16411814093589783,0.11563485115766525,7.078624725341797,0.8685698613151589
2DPMA,clean,k_only,4.0,"[39, 190, 42]",0.8037413954734802,0.8529247319144845,0.13118860125541687,0.058268580585718155,0.04989483207464218,7.425319671630859,0.9111104384895503
2DPMA,clean,k_only,8.0,"[39, 190, 42]",0.6829489469528198,0.7219952080041434,0.13361012935638428,0.005689253564924002,0.054233670234680176,7.480578899383545,0.9178909222201969
2DPMA,clean,k_only,10.0,"[39, 190, 42]",0.6709333658218384,0.7089712620849049,0.1338709145784378,0.0017788715194910765,0.05452556535601616,7.471980094909668,0.9168358214486284
2DPMA,clean,k_only,12.0,"[39, 190, 42]",0.6669915914535522,0.7046986883626046,0.13395801186561584,0.0005653481930494308,0.05460955575108528,7.467133522033691,0.9162411314778958
2DPMA,clean,k_only,14.0,"[39, 190, 42]",0.6657311916351318,0.7033325139851208,0.13398753106594086,0.00018327028374187648,0.05463424697518349,7.464937210083008,0.9159716369870267
2DPMA,clean,k_only,16.0,"[39, 190, 42]",0.6653280854225159,0.7028955785214434,0.13399767875671387,6.060360465198755e-05,0.05464170500636101,7.464021682739258,0.9158592988579626
2DPMA,clean,k_only,32.0,"[39, 190, 42]",0.6651329398155212,0.702684056015443,0.134003147482872,1.5259052688065822e-08,0.0546451173722744,7.46341609954834,0.9157849918663421
2DPMA,clean,v_only,0.0,"[39, 190, 42]",0.939429521560669,1.0,0.28790083527565,0.3588635325431824,0.24810251593589783,6.146336078643799,0.7541750668476392
2DPMA,clean,v_only,0.5,"[39, 190, 42]",0.9393017888069153,0.9998615477304952,0.28790083527565,0.3588635325431824,0.24810251593589783,6.146336078643799,0.7541750668476392
2DPMA,clean,v_only,1.0,"[39, 190, 42]",0.939250648021698,0.9998061151372918,0.28790083527565,0.3588635325431824,0.24810251593589783,6.146336078643799,0.7541750668476392
2DPMA,clean,v_only,2.0,"[39, 190, 42]",0.9401208758354187,1.000749373716279,0.28790083527565,0.3588635325431824,0.24810251593589783,6.146336078643799,0.7541750668476392
2DPMA,clean,v_only,4.0,"[39, 190, 42]",0.9484050273895264,1.0097287431409736,0.28790083527565,0.3588635325431824,0.24810251593589783,6.146336078643799,0.7541750668476392
2DPMA,clean,v_only,8.0,"[39, 190, 42]",0.9223596453666687,0.9814975953326531,0.28790083527565,0.3588635325431824,0.24810251593589783,6.146336078643799,0.7541750668476392
2DPMA,clean,v_only,10.0,"[39, 190, 42]",0.8850080966949463,0.9410114511672247,0.28790083527565,0.3588635325431824,0.24810251593589783,6.146336078643799,0.7541750668476392
2DPMA,clean,v_only,12.0,"[39, 190, 42]",0.8644278049468994,0.9187040318416961,0.28790083527565,0.3588635325431824,0.24810251593589783,6.146336078643799,0.7541750668476392
2DPMA,clean,v_only,14.0,"[39, 190, 42]",0.6150957942008972,0.6484477214317079,0.28790083527565,0.3588635325431824,0.24810251593589783,6.146336078643799,0.7541750668476392
2DPMA,clean,v_only,16.0,"[39, 190, 42]",0.01562763750553131,-0.001328662082112323,0.28790083527565,0.3588635325431824,0.24810251593589783,6.146336078643799,0.7541750668476392
2DPMA,clean,v_only,32.0,"[39, 190, 42]",0.008805877529084682,-0.008722913932169065,0.28790083527565,0.3588635325431824,0.24810251593589783,6.146336078643799,0.7541750668476392
2EK8A,clean,clean_baseline,nan,"[43, 224, 267]",0.6519160270690918,1.0,0.17463839054107666,0.20843669772148132,0.1205594539642334,7.352428436279297,0.843393133613592
2EK8A,corrupt,corrupt_baseline,nan,"[43, 224, 60]",0.02347438782453537,0.0,0.10086517035961151,0.13007532060146332,0.07694300264120102,7.936041831970215,0.9103391140983362
2EK8A,clean,corrupt_head_patch,nan,"[43, 224, 267]",0.537131667137146,0.8173508043325599,0.10086517035961151,0.11263564974069595,0.07694300264120102,7.936041831970215,0.9103391140983362
2EK8A,clean,ln_all,0.0,"[43, 224, 267]",0.6519160270690918,1.0,0.17463839054107666,0.20843669772148132,0.1205594539642334,7.352428436279297,0.843393133613592
2EK8A,clean,ln_all,0.5,"[43, 224, 267]",0.4635976254940033,0.7003406683849527,0.1031246930360794,0.04674080014228821,0.0419653095304966,7.974560737609863,0.9147575971631274
2EK8A,clean,ln_all,1.0,"[43, 224, 267]",0.45895907282829285,0.6929596287210525,0.09597121179103851,0.009379267692565918,0.04367590695619583,8.028402328491211,0.9209337372569357
2EK8A,clean,ln_all,2.0,"[43, 224, 267]",0.5365979075431824,0.8165014659682127,0.09681586176156998,0.00045603091712109745,0.04441169276833534,8.013622283935547,0.9192383262507923
2EK8A,clean,ln_all,4.0,"[43, 224, 267]",0.5343984961509705,0.8130016797432646,0.09689480066299438,2.4305948045366677e-06,0.04500208795070648,8.007075309753418,0.9184873263438897
2EK8A,clean,ln_all,8.0,"[43, 224, 267]",0.006368700414896011,-0.027219213911735606,0.09691058099269867,3.3387720366206963e-10,0.04555857926607132,8.003986358642578,0.9181329944140344
2EK8A,clean,ln_all,10.0,"[43, 224, 267]",0.005584473256021738,-0.028467105696590896,0.09691058099269867,4.9836619206433674e-12,0.045773282647132874,8.002821922302246,0.9179994225442124
2EK8A,clean,ln_all,12.0,"[43, 224, 267]",0.006084611639380455,-0.02767126666854697,0.09691058099269867,7.83653198756229e-14,0.04596840962767601,8.001810073852539,0.9178833539497152
2EK8A,clean,ln_all,14.0,"[43, 224, 267]",0.006355255376547575,-0.02724060816302137,0.09691058099269867,1.2720566101319711e-15,0.04614153131842613,8.000982284545898,0.9177883986810784
2EK8A,clean,ln_all,16.0,"[43, 224, 267]",0.00635393476113677,-0.02724270957599011,0.09691058099269867,2.1120331442783776e-17,0.04629320278763771,8.000323295593262,0.9177128064107697
2EK8A,clean,ln_all,32.0,"[43, 224, 267]",0.006737044081091881,-0.026633091600300845,0.09691058099269867,1.919091270902457e-31,0.047001034021377563,7.997516632080078,0.9173908555402651
2EK8A,clean,k_only,0.0,"[43, 224, 267]",0.6519160270690918,1.0,0.17463839054107666,0.20843669772148132,0.1205594539642334,7.352428436279297,0.843393133613592
2EK8A,clean,k_only,0.5,"[43, 224, 267]",0.6207630634307861,0.9504282312105315,0.14561989903450012,0.16501618921756744,0.09587619453668594,7.551385879516602,0.86621543551859
2EK8A,clean,k_only,1.0,"[43, 224, 267]",0.5939527750015259,0.9077666907348103,0.12694889307022095,0.1288464367389679,0.07496093213558197,7.703042030334473,0.8836118314683868
2EK8A,clean,k_only,2.0,"[43, 224, 267]",0.5548315644264221,0.8455155473794289,0.10919537395238876,0.0762389749288559,0.04415234178304672,7.892867088317871,0.9053865623451987
2EK8A,clean,k_only,4.0,"[43, 224, 267]",0.5185571908950806,0.7877943983242094,0.09750449657440186,0.025301717221736908,0.04268705099821091,8.018156051635742,0.9197583923188789
2EK8A,clean,k_only,8.0,"[43, 224, 267]",0.5042396187782288,0.7650117384513486,0.09649351239204407,0.0028674835339188576,0.043592046946287155,8.026224136352539,0.920683878001675
2EK8A,clean,k_only,10.0,"[43, 224, 267]",0.5032684803009033,0.763466426338528,0.09673471003770828,0.0010163754923269153,0.043666206300258636,8.021635055541992,0.9201574669962831
2EK8A,clean,k_only,12.0,"[43, 224, 267]",0.5029709339141846,0.762992959324031,0.09682980924844742,0.00037349690683186054,0.04369192570447922,8.019063949584961,0.9198625368070611
2EK8A,clean,k_only,14.0,"[43, 224, 267]",0.5028780102729797,0.7628450957271559,0.09686803817749023,0.0001419951004208997,0.043701171875,8.017799377441406,0.9197174784128073
2EK8A,clean,k_only,16.0,"[43, 224, 267]",0.5028483271598816,0.7627978628398923,0.09688374400138855,5.57084204046987e-05,0.04370462894439697,8.01720905303955,0.9196497626163946
2EK8A,clean,k_only,32.0,"[43, 224, 267]",0.5028340816497803,0.762775194847812,0.09689544141292572,7.064302565140679e-08,0.043706849217414856,8.016706466674805,0.9195921112032938
2EK8A,clean,v_only,0.0,"[43, 224, 267]",0.6519160270690918,1.0,0.17463839054107666,0.20843669772148132,0.1205594539642334,7.352428436279297,0.843393133613592
2EK8A,clean,v_only,0.5,"[43, 224, 267]",0.6519587635993958,1.0000680039762408,0.17463839054107666,0.20843669772148132,0.1205594539642334,7.352428436279297,0.843393133613592
2EK8A,clean,v_only,1.0,"[43, 224, 267]",0.651383101940155,0.9991519894678249,0.17463839054107666,0.20843669772148132,0.1205594539642334,7.352428436279297,0.843393133613592
2EK8A,clean,v_only,2.0,"[43, 224, 267]",0.6479853391647339,0.9937453413986334,0.17463839054107666,0.20843669772148132,0.1205594539642334,7.352428436279297,0.843393133613592
2EK8A,clean,v_only,4.0,"[43, 224, 267]",0.62595534324646,0.9586903823657533,0.17463839054107666,0.20843669772148132,0.1205594539642334,7.352428436279297,0.843393133613592
2EK8A,clean,v_only,8.0,"[43, 224, 267]",0.4671802520751953,0.7060414787028346,0.17463839054107666,0.20843669772148132,0.1205594539642334,7.352428436279297,0.843393133613592
2EK8A,clean,v_only,10.0,"[43, 224, 267]",0.03763900324702263,0.022539269421285334,0.17463839054107666,0.20843669772148132,0.1205594539642334,7.352428436279297,0.843393133613592
2EK8A,clean,v_only,12.0,"[43, 224, 267]",0.010736153461039066,-0.020269558170602463,0.17463839054107666,0.20843669772148132,0.1205594539642334,7.352428436279297,0.843393133613592
2EK8A,clean,v_only,14.0,"[43, 224, 267]",0.0073480065912008286,-0.02566090504874869,0.17463839054107666,0.20843669772148132,0.1205594539642334,7.352428436279297,0.843393133613592
2EK8A,clean,v_only,16.0,"[43, 224, 267]",0.00730763329192996,-0.025725148562783504,0.17463839054107666,0.20843669772148132,0.1205594539642334,7.352428436279297,0.843393133613592
2EK8A,clean,v_only,32.0,"[43, 224, 267]",0.007680842187255621,-0.025131284515559817,0.17463839054107666,0.20843669772148132,0.1205594539642334,7.352428436279297,0.843393133613592
2FBQA,clean,clean_baseline,nan,"[47, 37, 32]",0.8185389041900635,1.0,0.3991166353225708,0.40352439880371094,0.19182701408863068,5.718786716461182,0.7260552799235939
2FBQA,corrupt,corrupt_baseline,nan,"[47, 37, 32]",0.012977154925465584,0.0,0.40141987800598145,0.3978758454322815,0.20138202607631683,5.684321403503418,0.7216795751302723
2FBQA,clean,corrupt_head_patch,nan,"[47, 37, 32]",0.8216663599014282,1.0038823289638812,0.40141987800598145,0.3978758454322815,0.20138202607631683,5.684321403503418,0.7216795751302723
2FBQA,clean,ln_all,0.0,"[47, 37, 32]",0.8185389041900635,1.0,0.3991166353225708,0.40352439880371094,0.19182701408863068,5.718786716461182,0.7260552799235939
2FBQA,clean,ln_all,0.5,"[47, 37, 32]",0.6768685579299927,0.8241347154462058,0.1703338772058487,0.10488035529851913,0.07635591179132462,6.897992134094238,0.8757668117634785
2FBQA,clean,ln_all,1.0,"[47, 37, 32]",0.5783607959747314,0.7018501580610151,0.15563860535621643,0.02085752598941326,0.08371324837207794,7.028962135314941,0.8923947200266379
2FBQA,clean,ln_all,2.0,"[47, 37, 32]",0.5228815078735352,0.6329798471855997,0.15913662314414978,0.0008267902885563672,0.08551625907421112,7.000743865966797,0.8888121378345878
2FBQA,clean,ln_all,4.0,"[47, 37, 32]",0.4908503293991089,0.5932173106653792,0.15950679779052734,1.8739751794782933e-06,0.08586937934160233,6.990359783172607,0.887493778099614
2FBQA,clean,ln_all,8.0,"[47, 37, 32]",0.008254936896264553,-0.0058620186888366675,0.15950679779052734,1.863823331782477e-11,0.08607635647058487,6.982696056365967,0.8865207938657665
2FBQA,clean,ln_all,10.0,"[47, 37, 32]",0.00710368761792779,-0.007291144735831508,0.15950679779052734,6.894043170536934e-14,0.0860288217663765,6.980098247528076,0.8861909769104405
2FBQA,clean,ln_all,12.0,"[47, 37, 32]",0.00569064961746335,-0.009045247387495903,0.15950679779052734,2.7316185215174626e-16,0.08592821657657623,6.978050708770752,0.8859310220634928
2FBQA,clean,ln_all,14.0,"[47, 37, 32]",0.004852939862757921,-0.010085154949480046,0.15950679779052734,1.143138480937178e-18,0.08580288290977478,6.976396560668945,0.8857210119647362
2FBQA,clean,ln_all,16.0,"[47, 37, 32]",0.004888263065367937,-0.010041305793729709,0.15950679779052734,5.001215570645867e-21,0.08567066490650177,6.9750261306762695,0.8855470226237657
2FBQA,clean,ln_all,32.0,"[47, 37, 32]",0.005501268897205591,-0.009280338887844132,0.15950679779052734,1.6140043608216097e-39,0.08486563712358475,6.96870756149292,0.8847448191591867
2FBQA,clean,k_only,0.0,"[47, 37, 32]",0.8185389041900635,1.0,0.3991166353225708,0.40352439880371094,0.19182701408863068,5.718786716461182,0.7260552799235939
2FBQA,clean,k_only,0.5,"[47, 37, 32]",0.8184924125671387,0.9999422867049395,0.3296729326248169,0.3330202102661133,0.1579471081495285,6.056357383728027,0.7689131407721079
2FBQA,clean,k_only,1.0,"[47, 37, 32]",0.8184516429901123,0.9998916765846556,0.2756943106651306,0.269146203994751,0.12725743651390076,6.335209369659424,0.8043160971579258
2FBQA,clean,k_only,2.0,"[47, 37, 32]",0.8176588416099548,0.9989075169210653,0.20317499339580536,0.16706439852714539,0.07833428680896759,6.717331409454346,0.8528301856042877
2FBQA,clean,k_only,4.0,"[47, 37, 32]",0.815532922744751,0.9962684655173155,0.15663737058639526,0.05711701512336731,0.0804453045129776,6.998684883117676,0.888550730049511
2FBQA,clean,k_only,8.0,"[47, 37, 32]",0.8143879175186157,0.9948470906479395,0.15813496708869934,0.005993903614580631,0.08474300801753998,7.02125358581543,0.8914160451184511
2FBQA,clean,k_only,10.0,"[47, 37, 32]",0.8142907023429871,0.9947264106681398,0.15865126252174377,0.001970485784113407,0.08505985140800476,7.011185646057129,0.8901378227992962
2FBQA,clean,k_only,12.0,"[47, 37, 32]",0.8142580986022949,0.9946859373701935,0.1587328314781189,0.0006593151483684778,0.0851600170135498,7.0057573318481445,0.8894486458133505
2FBQA,clean,k_only,14.0,"[47, 37, 32]",0.8142457008361816,0.9946705471581774,0.1587684601545334,0.0002243084309156984,0.08519254624843597,7.003253936767578,0.8891308155975901
2FBQA,clean,k_only,16.0,"[47, 37, 32]",0.8142423629760742,0.9946664036395576,0.15877825021743774,7.744183676550165e-05,0.08520328253507614,7.002175331115723,0.888993876178914
2FBQA,clean,k_only,32.0,"[47, 37, 32]",0.8142409920692444,0.9946647018372674,0.1587819755077362,2.1874528854937125e-08,0.08520884066820145,7.001420021057129,0.8888979822623875
2FBQA,clean,v_only,0.0,"[47, 37, 32]",0.8185389041900635,1.0,0.3991166353225708,0.40352439880371094,0.19182701408863068,5.718786716461182,0.7260552799235939
2FBQA,clean,v_only,0.5,"[47, 37, 32]",0.8137755393981934,0.9940869029640265,0.3991166353225708,0.40352439880371094,0.19182701408863068,5.718786716461182,0.7260552799235939
2FBQA,clean,v_only,1.0,"[47, 37, 32]",0.8089767098426819,0.9881297810427183,0.3991166353225708,0.40352439880371094,0.19182701408863068,5.718786716461182,0.7260552799235939
2FBQA,clean,v_only,2.0,"[47, 37, 32]",0.798944890499115,0.9756765838139212,0.3991166353225708,0.40352439880371094,0.19182701408863068,5.718786716461182,0.7260552799235939
2FBQA,clean,v_only,4.0,"[47, 37, 32]",0.7784895300865173,0.9502839178497396,0.3991166353225708,0.40352439880371094,0.19182701408863068,5.718786716461182,0.7260552799235939
2FBQA,clean,v_only,8.0,"[47, 37, 32]",0.7418854832649231,0.9048447608204861,0.3991166353225708,0.40352439880371094,0.19182701408863068,5.718786716461182,0.7260552799235939
2FBQA,clean,v_only,10.0,"[47, 37, 32]",0.6844403147697449,0.8335340654608564,0.3991166353225708,0.40352439880371094,0.19182701408863068,5.718786716461182,0.7260552799235939
2FBQA,clean,v_only,12.0,"[47, 37, 32]",0.5497757196426392,0.6663655085500524,0.3991166353225708,0.40352439880371094,0.19182701408863068,5.718786716461182,0.7260552799235939
2FBQA,clean,v_only,14.0,"[47, 37, 32]",0.07915019243955612,0.08214520807933134,0.3991166353225708,0.40352439880371094,0.19182701408863068,5.718786716461182,0.7260552799235939
2FBQA,clean,v_only,16.0,"[47, 37, 32]",0.049124009907245636,0.04487161290215025,0.3991166353225708,0.40352439880371094,0.19182701408863068,5.718786716461182,0.7260552799235939
2FBQA,clean,v_only,32.0,"[47, 37, 32]",0.0071282838471233845,-0.007260611720556082,0.3991166353225708,0.40352439880371094,0.19182701408863068,5.718786716461182,0.7260552799235939
2HFSA,clean,clean_baseline,nan,"[114, 291, 290]",0.6437638401985168,1.0,0.22993077337741852,0.2970181405544281,0.20745307207107544,6.828708648681641,0.8153643579423011
2HFSA,corrupt,corrupt_baseline,nan,"[114, 290, 291]",0.08225049078464508,0.0,0.16700848937034607,0.18037833273410797,0.0796336755156517,7.476119041442871,0.8926667274497256
2HFSA,clean,corrupt_head_patch,nan,"[114, 291, 290]",0.5999017357826233,0.9218859098155396,0.16700848937034607,0.18037833273410797,0.0796336755156517,7.476119041442871,0.8926667274497256
2HFSA,clean,ln_all,0.0,"[114, 291, 290]",0.6437638401985168,1.0,0.22993077337741852,0.2970181405544281,0.20745307207107544,6.828708648681641,0.8153643579423011
2HFSA,clean,ln_all,0.5,"[114, 291, 290]",0.6667646765708923,1.0409622253796542,0.08307488262653351,0.0782996118068695,0.05566486716270447,7.862645149230957,0.9388188812343822
2HFSA,clean,ln_all,1.0,"[114, 291, 290]",0.6207827925682068,0.9590730164219631,0.07272899150848389,0.014497754164040089,0.03077627345919609,8.019314765930176,0.9575256130633477
2HFSA,clean,ln_all,2.0,"[114, 291, 290]",0.6828219890594482,1.0695587182418758,0.07342332601547241,0.0005768993869423866,0.03126852214336395,8.009592056274414,0.9563646979732802
2HFSA,clean,ln_all,4.0,"[114, 291, 290]",0.6863616108894348,1.0758624362811375,0.07346177101135254,3.029451363545377e-06,0.03130051866173744,8.003576278686523,0.9556463995536483
2HFSA,clean,ln_all,8.0,"[114, 291, 290]",0.012678258121013641,-0.1239012976917708,0.0734618753194809,3.95418170429096e-10,0.031085863709449768,7.999324798583984,0.9551387625284868
2HFSA,clean,ln_all,10.0,"[114, 291, 290]",0.009359912946820259,-0.1298109437895122,0.0734618753194809,5.234329462922016e-12,0.0309907216578722,7.998387813568115,0.9550268842473695
2HFSA,clean,ln_all,12.0,"[114, 291, 290]",0.008998455479741096,-0.1304546639565509,0.0734618753194809,7.176401264690976e-14,0.030939817428588867,7.997995376586914,0.9549800263209778
2HFSA,clean,ln_all,14.0,"[114, 291, 290]",0.008197717368602753,-0.1318806997079256,0.0734618753194809,1.0104791776135687e-15,0.03091632016003132,7.997849941253662,0.9549626609898121
2HFSA,clean,ln_all,16.0,"[114, 291, 290]",0.00810636393725872,-0.1320433911763286,0.0734618753194809,1.4553586096464155e-17,0.030906083062291145,7.997791290283203,0.9549556579218337
2HFSA,clean,ln_all,32.0,"[114, 291, 290]",0.008977090939879417,-0.13049271209892183,0.0734618753194809,4.7910839893117073e-32,0.03089849092066288,7.997574806213379,0.9549298091993771
2HFSA,clean,k_only,0.0,"[114, 291, 290]",0.6437638401985168,1.0,0.22993077337741852,0.2970181405544281,0.20745307207107544,6.828708648681641,0.8153643579423011
2HFSA,clean,k_only,0.5,"[114, 291, 290]",0.6565263271331787,1.0227287328929646,0.18354900181293488,0.2469484508037567,0.17423951625823975,7.100330352783203,0.8477966475247131
2HFSA,clean,k_only,1.0,"[114, 291, 290]",0.6595286726951599,1.0280756147883199,0.1453804224729538,0.20101100206375122,0.14284969866275787,7.335002899169922,0.8758171181517962
2HFSA,clean,k_only,2.0,"[114, 291, 290]",0.6221225261688232,0.9614589500814475,0.10009129345417023,0.12549462914466858,0.08963838964700699,7.681788921356201,0.9172242094292765
2HFSA,clean,k_only,4.0,"[114, 291, 290]",0.461183100938797,0.6748416766042974,0.07398742437362671,0.04145261272788048,0.02983591891825199,7.9734978675842285,0.9520549643910012
2HFSA,clean,k_only,8.0,"[114, 291, 290]",0.37642714381217957,0.5238996603279457,0.07300671935081482,0.003992960788309574,0.031075799837708473,8.020090103149414,0.9576181902058907
2HFSA,clean,k_only,10.0,"[114, 291, 290]",0.37094178795814514,0.5141307815296763,0.073154516518116,0.0013213134370744228,0.031161805614829063,8.014747619628906,0.9569802847292297
2HFSA,clean,k_only,12.0,"[114, 291, 290]",0.36930131912231445,0.5112092680206153,0.07320523262023926,0.0004632087075151503,0.031188901513814926,8.01154899597168,0.9565983613146062
2HFSA,clean,k_only,14.0,"[114, 291, 290]",0.36879757046699524,0.5103121412544483,0.07322283089160919,0.00017151293286588043,0.03119795024394989,8.009988784790039,0.9564120683192799
2HFSA,clean,k_only,16.0,"[114, 291, 290]",0.3686390817165375,0.5100298883914965,0.07322901487350464,6.665442924713716e-05,0.03120115026831627,8.00926685333252,0.9563258679540831
2HFSA,clean,k_only,32.0,"[114, 291, 290]",0.36856013536453247,0.5098892927100449,0.07323247194290161,8.986800992261124e-08,0.03120313584804535,8.008652687072754,0.9562525350146027
2HFSA,clean,v_only,0.0,"[114, 291, 290]",0.6437638401985168,1.0,0.22993077337741852,0.2970181405544281,0.20745307207107544,6.828708648681641,0.8153643579423011
2HFSA,clean,v_only,0.5,"[114, 291, 290]",0.6533558368682861,1.0170824018338687,0.22993077337741852,0.2970181405544281,0.20745307207107544,6.828708648681641,0.8153643579423011
2HFSA,clean,v_only,1.0,"[114, 291, 290]",0.6646342873573303,1.0371682119055563,0.22993077337741852,0.2970181405544281,0.20745307207107544,6.828708648681641,0.8153643579423011
2HFSA,clean,v_only,2.0,"[114, 291, 290]",0.6876710653305054,1.0781944457381476,0.22993077337741852,0.2970181405544281,0.20745307207107544,6.828708648681641,0.8153643579423011
2HFSA,clean,v_only,4.0,"[114, 291, 290]",0.43444931507110596,0.6272314356445825,0.22993077337741852,0.2970181405544281,0.20745307207107544,6.828708648681641,0.8153643579423011
2HFSA,clean,v_only,8.0,"[114, 291, 290]",0.07395638525485992,-0.014770985477803596,0.22993077337741852,0.2970181405544281,0.20745307207107544,6.828708648681641,0.8153643579423011
2HFSA,clean,v_only,10.0,"[114, 291, 290]",0.03308626636862755,-0.0875566439646305,0.22993077337741852,0.2970181405544281,0.20745307207107544,6.828708648681641,0.8153643579423011
2HFSA,clean,v_only,12.0,"[114, 291, 290]",0.014554912224411964,-0.12055916147122102,0.22993077337741852,0.2970181405544281,0.20745307207107544,6.828708648681641,0.8153643579423011
2HFSA,clean,v_only,14.0,"[114, 291, 290]",0.011301623657345772,-0.12635294815583342,0.22993077337741852,0.2970181405544281,0.20745307207107544,6.828708648681641,0.8153643579423011
2HFSA,clean,v_only,16.0,"[114, 291, 290]",0.010528774000704288,-0.1277293173150853,0.22993077337741852,0.2970181405544281,0.20745307207107544,6.828708648681641,0.8153643579423011
2HFSA,clean,v_only,32.0,"[114, 291, 290]",0.009441605769097805,-0.12966545691486742,0.22993077337741852,0.2970181405544281,0.20745307207107544,6.828708648681641,0.8153643579423011
2PKEA,clean,clean_baseline,nan,"[131, 183, 16]",0.6155218482017517,1.0,0.4932025671005249,0.5065706372261047,0.27289867401123047,5.144152641296387,0.6453144998181558
2PKEA,corrupt,corrupt_baseline,nan,"[131, 183, 16]",0.018207404762506485,0.0,0.5101820230484009,0.5129289627075195,0.2748464047908783,5.144665718078613,0.6453788633606434
2PKEA,clean,corrupt_head_patch,nan,"[131, 183, 16]",0.5672004818916321,0.9191022972223933,0.5101820230484009,0.5129289627075195,0.2748464047908783,5.144665718078613,0.6453788633606434
2PKEA,clean,ln_all,0.0,"[131, 183, 16]",0.6155218482017517,1.0,0.4932025671005249,0.5065706372261047,0.27289867401123047,5.144152641296387,0.6453144998181558
2PKEA,clean,ln_all,0.5,"[131, 183, 16]",0.659604549407959,1.0738014988426963,0.2126924991607666,0.17413917183876038,0.09196311235427856,6.6801910400390625,0.8380047094804239
2PKEA,clean,ln_all,1.0,"[131, 183, 16]",0.49498385190963745,0.7982000977607793,0.1466689109802246,0.03613396733999252,0.1146007552742958,6.993705749511719,0.8773339444461258
2PKEA,clean,ln_all,2.0,"[131, 183, 16]",0.06405054032802582,0.07674874778108758,0.14901837706565857,0.0011661997996270657,0.12128422409296036,6.962270259857178,0.8733904811203862
2PKEA,clean,ln_all,4.0,"[131, 183, 16]",0.0467681922018528,0.047815330355813375,0.14912481606006622,2.5189572170347674e-06,0.12347756326198578,6.944999694824219,0.8712239540336214
2PKEA,clean,ln_all,8.0,"[131, 183, 16]",0.7098158001899719,1.1578631707703066,0.14912520349025726,5.508495395933899e-11,0.12537573277950287,6.9363813400268555,0.8701428140086018
2PKEA,clean,ln_all,10.0,"[131, 183, 16]",0.05520658940076828,0.061942558136090176,0.14912520349025726,3.8346675010694775e-13,0.1256621927022934,6.935183525085449,0.8699925526529059
2PKEA,clean,ln_all,12.0,"[131, 183, 16]",0.022900676354765892,0.007857287972539668,0.14912520349025726,3.090420036848049e-15,0.12576790153980255,6.934763431549072,0.8699398535070586
2PKEA,clean,ln_all,14.0,"[131, 183, 16]",0.015282182954251766,-0.004897289594090072,0.14912520349025726,2.7312939689323213e-17,0.12578025460243225,6.9347333908081055,0.8699360850096826
2PKEA,clean,ln_all,16.0,"[131, 183, 16]",0.0164959654211998,-0.0028652234348335534,0.14912520349025726,2.5565371339204376e-19,0.12574222683906555,6.934910774230957,0.8699583370894273
2PKEA,clean,ln_all,32.0,"[131, 183, 16]",0.006316788494586945,-0.019906795153747145,0.14912520349025726,2.8652456691989883e-35,0.12495669722557068,6.93829345703125,0.8703826818574637
2PKEA,clean,k_only,0.0,"[131, 183, 16]",0.6155218482017517,1.0,0.4932025671005249,0.5065706372261047,0.27289867401123047,5.144152641296387,0.6453144998181558
2PKEA,clean,k_only,0.5,"[131, 183, 16]",0.5765776634216309,0.9348012002591363,0.4244837164878845,0.4417265057563782,0.23675107955932617,5.501338005065918,0.6901220532552197
2PKEA,clean,k_only,1.0,"[131, 183, 16]",0.5342312455177307,0.8639065176191586,0.37077993154525757,0.3775826394557953,0.2012464553117752,5.829660415649414,0.731308858340262
2PKEA,clean,k_only,2.0,"[131, 183, 16]",0.42379921674728394,0.6790256228351718,0.28168731927871704,0.2594279944896698,0.13648319244384766,6.363707542419434,0.7983030512660901
2PKEA,clean,k_only,4.0,"[131, 183, 16]",0.1283261924982071,0.1843564791463161,0.15516632795333862,0.09892495721578598,0.1036563292145729,6.896628379821777,0.8651559554490226
2PKEA,clean,k_only,8.0,"[131, 183, 16]",0.01688249595463276,-0.002218109443738048,0.14833319187164307,0.009941427037119865,0.11771808564662933,6.996455669403076,0.8776789114995887
2PKEA,clean,k_only,10.0,"[131, 183, 16]",0.0151065019890666,-0.0051914076538738295,0.1488586813211441,0.003099289257079363,0.11869015544652939,6.982744216918945,0.8759588616257677
2PKEA,clean,k_only,12.0,"[131, 183, 16]",0.014723432250320911,-0.005832727720638049,0.14903999865055084,0.0009891283698379993,0.11896593123674393,6.9748406410217285,0.8749673879113327
2PKEA,clean,k_only,14.0,"[131, 183, 16]",0.014628894627094269,-0.00599099883606983,0.14909452199935913,0.0003243943792767823,0.1190459206700325,6.971221923828125,0.8745134335210553
2PKEA,clean,k_only,16.0,"[131, 183, 16]",0.01460352260619402,-0.0060334756607623,0.14911383390426636,0.00010921689681708813,0.11906981468200684,6.969694137573242,0.8743217785116405
2PKEA,clean,k_only,32.0,"[131, 183, 16]",0.01459245290607214,-0.00605200811087039,0.14912520349025726,3.602596621021803e-08,0.11908070743083954,6.968653202056885,0.8741911970866865
2PKEA,clean,v_only,0.0,"[131, 183, 16]",0.6155218482017517,1.0,0.4932025671005249,0.5065706372261047,0.27289867401123047,5.144152641296387,0.6453144998181558
2PKEA,clean,v_only,0.5,"[131, 183, 16]",0.6848605871200562,1.1160841491109148,0.4932025671005249,0.5065706372261047,0.27289867401123047,5.144152641296387,0.6453144998181558
2PKEA,clean,v_only,1.0,"[131, 183, 16]",0.772551953792572,1.2628935350812296,0.4932025671005249,0.5065706372261047,0.27289867401123047,5.144152641296387,0.6453144998181558
2PKEA,clean,v_only,2.0,"[131, 183, 16]",0.9084985852241516,1.4904899592507501,0.4932025671005249,0.5065706372261047,0.27289867401123047,5.144152641296387,0.6453144998181558
2PKEA,clean,v_only,4.0,"[131, 183, 16]",0.9712547659873962,1.5955538522346602,0.4932025671005249,0.5065706372261047,0.27289867401123047,5.144152641296387,0.6453144998181558
2PKEA,clean,v_only,8.0,"[131, 183, 16]",0.9613063931465149,1.578898683503765,0.4932025671005249,0.5065706372261047,0.27289867401123047,5.144152641296387,0.6453144998181558
2PKEA,clean,v_only,10.0,"[131, 183, 16]",0.9225965142250061,1.5140921492793067,0.4932025671005249,0.5065706372261047,0.27289867401123047,5.144152641296387,0.6453144998181558
2PKEA,clean,v_only,12.0,"[131, 183, 16]",0.8837451934814453,1.4490488188018769,0.4932025671005249,0.5065706372261047,0.27289867401123047,5.144152641296387,0.6453144998181558
2PKEA,clean,v_only,14.0,"[131, 183, 16]",0.7416223287582397,1.2111123913736637,0.4932025671005249,0.5065706372261047,0.27289867401123047,5.144152641296387,0.6453144998181558
2PKEA,clean,v_only,16.0,"[131, 183, 16]",0.14771051704883575,0.21680894160313646,0.4932025671005249,0.5065706372261047,0.27289867401123047,5.144152641296387,0.6453144998181558
2PKEA,clean,v_only,32.0,"[131, 183, 16]",0.009367153979837894,-0.01479999501061414,0.4932025671005249,0.5065706372261047,0.27289867401123047,5.144152641296387,0.6453144998181558
2QY6A,clean,clean_baseline,nan,"[64, 176, 56]",0.5565283298492432,1.0,0.4915844202041626,0.5074802041053772,0.33154624700546265,5.233577728271484,0.6537375936270301
2QY6A,corrupt,corrupt_baseline,nan,"[176, 56, 64]",0.031690217554569244,0.0,0.22558727860450745,0.27340784668922424,0.15233612060546875,6.662075996398926,0.8321744238017956
2QY6A,clean,corrupt_head_patch,nan,"[64, 176, 56]",0.10534965246915817,0.14034696259488172,0.22558727860450745,0.27340784668922424,0.15233612060546875,6.662075996398926,0.8321744238017956
2QY6A,clean,ln_all,0.0,"[64, 176, 56]",0.5565283298492432,1.0,0.4915844202041626,0.5074802041053772,0.33154624700546265,5.233577728271484,0.6537375936270301
2QY6A,clean,ln_all,0.5,"[64, 176, 56]",0.1689908802509308,0.26160573990341834,0.18121391534805298,0.17066961526870728,0.11838456988334656,6.98300838470459,0.8722627874683105
2QY6A,clean,ln_all,1.0,"[64, 176, 56]",0.08430103957653046,0.10024199994154104,0.12089723348617554,0.0334128737449646,0.0661817118525505,7.385097503662109,0.9224886151331875
2QY6A,clean,ln_all,2.0,"[64, 176, 56]",0.0969109982252121,0.12426837751070982,0.12301221489906311,0.0008400558144785464,0.07115161418914795,7.378440856933594,0.9216571188910628
2QY6A,clean,ln_all,4.0,"[64, 176, 56]",0.10724453628063202,0.14395737839183884,0.1231192797422409,7.00848261203646e-07,0.07348666340112686,7.364778995513916,0.9199505860233612
2QY6A,clean,ln_all,8.0,"[64, 176, 56]",0.08788364380598068,0.1070681128809892,0.12311939895153046,1.544824164423364e-12,0.07669779658317566,7.352261543273926,0.918387003799005
2QY6A,clean,ln_all,10.0,"[64, 176, 56]",0.16575291752815247,0.25543628946350755,0.12311939895153046,3.880881347621129e-15,0.07750555127859116,7.349189758300781,0.9180033004471592
2QY6A,clean,ln_all,12.0,"[64, 176, 56]",0.153970405459404,0.23298648676676076,0.12311939895153046,1.273178200868144e-17,0.07792262732982635,7.347644329071045,0.9178102575158751
2QY6A,clean,ln_all,14.0,"[64, 176, 56]",0.11619257181882858,0.16100651283650474,0.12311939895153046,4.903325045940038e-20,0.07812873274087906,7.346899032592773,0.9177171609093965
2QY6A,clean,ln_all,16.0,"[64, 176, 56]",0.10982151329517365,0.1488674200869335,0.12311939895153046,2.0617244527233718e-22,0.07823124527931213,7.346534252166748,0.9176715953918302
2QY6A,clean,ln_all,32.0,"[64, 176, 56]",0.01251533068716526,-0.036534859832431744,0.12311939895153046,5.037667979247717e-41,0.07821580767631531,7.346477508544922,0.917664507422431
2QY6A,clean,k_only,0.0,"[64, 176, 56]",0.5565283298492432,1.0,0.4915844202041626,0.5074802041053772,0.33154624700546265,5.233577728271484,0.6537375936270301
2QY6A,clean,k_only,0.5,"[64, 176, 56]",0.49632716178894043,0.8852957385333663,0.4187030792236328,0.4402196705341339,0.29082053899765015,5.638432502746582,0.7043088853466579
2QY6A,clean,k_only,1.0,"[64, 176, 56]",0.39179766178131104,0.6861305148978148,0.3525417447090149,0.37452661991119385,0.250143826007843,6.009830951690674,0.7507010745708566
2QY6A,clean,k_only,2.0,"[64, 176, 56]",0.1945919692516327,0.3103847603308221,0.2472359538078308,0.25535616278648376,0.17408722639083862,6.616574287414551,0.82649070622239
2QY6A,clean,k_only,4.0,"[64, 176, 56]",0.06446853280067444,0.06245414438900654,0.14184948801994324,0.09488261491060257,0.06678368151187897,7.2488226890563965,0.9054662312119436
2QY6A,clean,k_only,8.0,"[64, 176, 56]",0.03717311844229698,0.010446842100996898,0.12220709025859833,0.008123036473989487,0.06827694922685623,7.4010467529296875,0.9244808705992752
2QY6A,clean,k_only,10.0,"[64, 176, 56]",0.03596149757504463,0.008138280967822032,0.1228451281785965,0.0022734373342245817,0.0689152404665947,7.391994476318359,0.9233501310104146
2QY6A,clean,k_only,12.0,"[64, 176, 56]",0.03564945235848427,0.007543725791186606,0.12296459823846817,0.0006425217143259943,0.06908681988716125,7.386409759521484,0.9226525318708899
2QY6A,clean,k_only,14.0,"[64, 176, 56]",0.035566091537475586,0.007384894298092067,0.12301470339298248,0.00018403658759780228,0.06913316249847412,7.38398551940918,0.9223497147580704
2QY6A,clean,k_only,16.0,"[64, 176, 56]",0.03554348647594452,0.0073418237569070266,0.12302844971418381,5.342423537513241e-05,0.06914583593606949,7.383053779602051,0.9222333291092801
2QY6A,clean,k_only,32.0,"[64, 176, 56]",0.035534732043743134,0.007325143504470499,0.12303368747234344,4.076668336239209e-09,0.06915076076984406,7.382534980773926,0.9221685248176303
2QY6A,clean,v_only,0.0,"[64, 176, 56]",0.5565283298492432,1.0,0.4915844202041626,0.5074802041053772,0.33154624700546265,5.233577728271484,0.6537375936270301
2QY6A,clean,v_only,0.5,"[64, 176, 56]",0.580496609210968,1.0456679475065784,0.4915844202041626,0.5074802041053772,0.33154624700546265,5.233577728271484,0.6537375936270301
2QY6A,clean,v_only,1.0,"[64, 176, 56]",0.594508945941925,1.072366345360524,0.4915844202041626,0.5074802041053772,0.33154624700546265,5.233577728271484,0.6537375936270301
2QY6A,clean,v_only,2.0,"[64, 176, 56]",0.6103454828262329,1.1025404819434563,0.4915844202041626,0.5074802041053772,0.33154624700546265,5.233577728271484,0.6537375936270301
2QY6A,clean,v_only,4.0,"[64, 176, 56]",0.6005195379257202,1.0838186233925364,0.4915844202041626,0.5074802041053772,0.33154624700546265,5.233577728271484,0.6537375936270301
2QY6A,clean,v_only,8.0,"[64, 176, 56]",0.2796475887298584,0.4724454367293963,0.4915844202041626,0.5074802041053772,0.33154624700546265,5.233577728271484,0.6537375936270301
2QY6A,clean,v_only,10.0,"[64, 176, 56]",0.020534511655569077,-0.02125551791623075,0.4915844202041626,0.5074802041053772,0.33154624700546265,5.233577728271484,0.6537375936270301
2QY6A,clean,v_only,12.0,"[64, 176, 56]",0.012284073047339916,-0.036975486445492006,0.4915844202041626,0.5074802041053772,0.33154624700546265,5.233577728271484,0.6537375936270301
2QY6A,clean,v_only,14.0,"[64, 176, 56]",0.01180933602154255,-0.03788002636871089,0.4915844202041626,0.5074802041053772,0.33154624700546265,5.233577728271484,0.6537375936270301
2QY6A,clean,v_only,16.0,"[64, 176, 56]",0.011652404442429543,-0.0381790358640901,0.4915844202041626,0.5074802041053772,0.33154624700546265,5.233577728271484,0.6537375936270301
2QY6A,clean,v_only,32.0,"[64, 176, 56]",0.008891968987882137,-0.04343862999394159,0.4915844202041626,0.5074802041053772,0.33154624700546265,5.233577728271484,0.6537375936270301
2XD3A,clean,clean_baseline,nan,"[317, 94, 135]",0.8758501410484314,1.0,0.12381820380687714,0.16116902232170105,0.137652188539505,7.843198776245117,0.9014715382593179
2XD3A,corrupt,corrupt_baseline,nan,"[317, 94, 135]",0.013050857000052929,0.0,0.12817370891571045,0.16828420758247375,0.1357044130563736,7.828612327575684,0.89979501969911
2XD3A,clean,corrupt_head_patch,nan,"[317, 94, 135]",0.8711985945701599,0.9946087733679544,0.12817370891571045,0.16828420758247375,0.1357044130563736,7.828612327575684,0.89979501969911
2XD3A,clean,ln_all,0.0,"[317, 94, 135]",0.8758501410484314,1.0,0.12381820380687714,0.16116902232170105,0.137652188539505,7.843198776245117,0.9014715382593179
2XD3A,clean,ln_all,0.5,"[317, 94, 135]",0.014385144226253033,0.0015464630660556834,0.03495212644338608,0.03034530207514763,0.025707591325044632,8.46631145477295,0.973090065450374
2XD3A,clean,ln_all,1.0,"[317, 94, 135]",0.011998457834124565,-0.0012197496977400762,0.024057136848568916,0.005450297147035599,0.008557797409594059,8.517505645751953,0.978974157822425
2XD3A,clean,ln_all,2.0,"[317, 94, 135]",0.01184365525841713,-0.001399168687265751,0.024163145571947098,0.00024044248857535422,0.008606534451246262,8.511737823486328,0.9783112232521644
2XD3A,clean,ln_all,4.0,"[317, 94, 135]",0.011466797441244125,-0.001835953724226761,0.024167977273464203,1.1388052598704235e-06,0.008659611456096172,8.509441375732422,0.9780472770806716
2XD3A,clean,ln_all,8.0,"[317, 94, 135]",0.0059599485248327255,-0.008218491376057523,0.024167990311980247,7.743195667986313e-11,0.008866110816597939,8.508131980895996,0.9778967795335539
2XD3A,clean,ln_all,10.0,"[317, 94, 135]",0.007146329618990421,-0.0068434541963892405,0.024167990311980247,7.214011289377598e-13,0.00895489938557148,8.507589340209961,0.9778344101931971
2XD3A,clean,ln_all,12.0,"[317, 94, 135]",0.007383567281067371,-0.006568491448432616,0.024167990311980247,6.8933684240911515e-15,0.009027310647070408,8.507102966308594,0.9777785079724906
2XD3A,clean,ln_all,14.0,"[317, 94, 135]",0.007288698572665453,-0.0066784460000367625,0.024167990311980247,6.696309623514007e-17,0.009084740653634071,8.506681442260742,0.9777300593812116
2XD3A,clean,ln_all,16.0,"[317, 94, 135]",0.007274206727743149,-0.006695242310824489,0.024167990311980247,6.587668983311727e-19,0.009130606427788734,8.506325721740723,0.9776891740315576
2XD3A,clean,ln_all,32.0,"[317, 94, 135]",0.007169352378696203,-0.006816770400828173,0.024167990311980247,7.882579852604319e-35,0.009366839192807674,8.50487995147705,0.9775230019402026
2XD3A,clean,k_only,0.0,"[317, 94, 135]",0.8758501410484314,1.0,0.12381820380687714,0.16116902232170105,0.137652188539505,7.843198776245117,0.9014715382593179
2XD3A,clean,k_only,0.5,"[317, 94, 135]",0.8565303683280945,0.9776080334354408,0.09367629140615463,0.12356603890657425,0.10556009411811829,8.051651000976562,0.9254303531565473
2XD3A,clean,k_only,1.0,"[317, 94, 135]",0.8359760046005249,0.9537851535286268,0.07272583246231079,0.09336982667446136,0.07969096302986145,8.205953598022461,0.9431653874817856
2XD3A,clean,k_only,2.0,"[317, 94, 135]",0.8080286979675293,0.9213937188697305,0.047586843371391296,0.05186513438820839,0.044098861515522,8.39057445526123,0.9643851031765935
2XD3A,clean,k_only,4.0,"[317, 94, 135]",0.7878075838088989,0.8979570812502021,0.027090664952993393,0.015540556982159615,0.013098536990582943,8.504950523376465,0.9775311132428148
2XD3A,clean,k_only,8.0,"[317, 94, 135]",0.7723096013069153,0.8799946387812366,0.02413521707057953,0.0015674245078116655,0.008591852150857449,8.516334533691406,0.9788395540439395
2XD3A,clean,k_only,10.0,"[317, 94, 135]",0.770902156829834,0.8783633851361509,0.024156849831342697,0.0005384838441386819,0.008601497858762741,8.513961791992188,0.9785668388966497
2XD3A,clean,k_only,12.0,"[317, 94, 135]",0.7704737186431885,0.8778668175165821,0.02416413649916649,0.0001936829212354496,0.008604679256677628,8.512609481811523,0.9784114088006461
2XD3A,clean,k_only,14.0,"[317, 94, 135]",0.7703383564949036,0.8777099303346065,0.024166636168956757,7.244350854307413e-05,0.008605771698057652,8.511947631835938,0.9783353379356063
2XD3A,clean,k_only,16.0,"[317, 94, 135]",0.7702966928482056,0.8776616414133379,0.024167507886886597,2.79990526905749e-05,0.008606169372797012,8.511639595031738,0.9782999331958255
2XD3A,clean,k_only,32.0,"[317, 94, 135]",0.7702765464782715,0.8776382914056287,0.024167990311980247,2.6721655999040195e-08,0.008606404066085815,8.511381149291992,0.9782702282903128
2XD3A,clean,v_only,0.0,"[317, 94, 135]",0.8758501410484314,1.0,0.12381820380687714,0.16116902232170105,0.137652188539505,7.843198776245117,0.9014715382593179
2XD3A,clean,v_only,0.5,"[317, 94, 135]",0.8648648858070374,0.9872678901750479,0.12381820380687714,0.16116902232170105,0.137652188539505,7.843198776245117,0.9014715382593179
2XD3A,clean,v_only,1.0,"[317, 94, 135]",0.8512072563171387,0.9714384501854652,0.12381820380687714,0.16116902232170105,0.137652188539505,7.843198776245117,0.9014715382593179
2XD3A,clean,v_only,2.0,"[317, 94, 135]",0.8155106902122498,0.9300654834192024,0.12381820380687714,0.16116902232170105,0.137652188539505,7.843198776245117,0.9014715382593179
2XD3A,clean,v_only,4.0,"[317, 94, 135]",0.7177464962005615,0.81675501154101,0.12381820380687714,0.16116902232170105,0.137652188539505,7.843198776245117,0.9014715382593179
2XD3A,clean,v_only,8.0,"[317, 94, 135]",0.3056928515434265,0.33917737294617956,0.12381820380687714,0.16116902232170105,0.137652188539505,7.843198776245117,0.9014715382593179
2XD3A,clean,v_only,10.0,"[317, 94, 135]",0.07443869113922119,0.07114961182064003,0.12381820380687714,0.16116902232170105,0.137652188539505,7.843198776245117,0.9014715382593179
2XD3A,clean,v_only,12.0,"[317, 94, 135]",0.021483490243554115,0.009773574688117561,0.12381820380687714,0.16116902232170105,0.137652188539505,7.843198776245117,0.9014715382593179
2XD3A,clean,v_only,14.0,"[317, 94, 135]",0.009822978638112545,-0.0037411694951747223,0.12381820380687714,0.16116902232170105,0.137652188539505,7.843198776245117,0.9014715382593179
2XD3A,clean,v_only,16.0,"[317, 94, 135]",0.00856772344559431,-0.005196033002511442,0.12381820380687714,0.16116902232170105,0.137652188539505,7.843198776245117,0.9014715382593179
2XD3A,clean,v_only,32.0,"[317, 94, 135]",0.00713436771184206,-0.0068573182634666194,0.12381820380687714,0.16116902232170105,0.137652188539505,7.843198776245117,0.9014715382593179
2YHWA,clean,clean_baseline,nan,"[164, 165, 287]",0.8795609474182129,1.0,0.0984930545091629,0.11063012480735779,0.046866197139024734,7.794205188751221,0.9254506353426077
2YHWA,corrupt,corrupt_baseline,nan,"[164, 106, 165]",0.01039587240666151,0.0,0.08588859438896179,0.08168993890285492,0.03920639306306839,7.933791160583496,0.9420244774713126
2YHWA,clean,corrupt_head_patch,nan,"[164, 165, 287]",0.7099388241767883,0.8048447549055394,0.08588859438896179,0.07744709402322769,0.03920639306306839,7.933791160583496,0.9420244774713126
2YHWA,clean,ln_all,0.0,"[164, 165, 287]",0.8795609474182129,1.0,0.0984930545091629,0.11063012480735779,0.046866197139024734,7.794205188751221,0.9254506353426077
2YHWA,clean,ln_all,0.5,"[164, 165, 287]",0.8218387365341187,0.9335888975022069,0.055702805519104004,0.02121082693338394,0.02519015595316887,8.019426345825195,0.9521924336221192
2YHWA,clean,ln_all,1.0,"[164, 165, 287]",0.8080459833145142,0.9177199289758067,0.05644975230097771,0.0038573993369936943,0.02599983662366867,8.018529891967773,0.9520859925198111
2YHWA,clean,ln_all,2.0,"[164, 165, 287]",0.7952369451522827,0.9029827535755397,0.05660446360707283,0.00014391084550879896,0.02662503905594349,8.006061553955078,0.9506055553160063
2YHWA,clean,ln_all,4.0,"[164, 165, 287]",0.8319759964942932,0.9452521134454381,0.05660952627658844,3.7280270248629677e-07,0.0277569517493248,8.001249313354492,0.9500341704199992
2YHWA,clean,ln_all,8.0,"[164, 165, 287]",0.00807221420109272,-0.0026734371552353375,0.05660952627658844,1.4191156062770549e-11,0.02983752451837063,7.994927406311035,0.9492835341782964
2YHWA,clean,ln_all,10.0,"[164, 165, 287]",0.008183917962014675,-0.0025449186906381827,0.05660952627658844,1.1706545563656967e-13,0.030636176466941833,7.992654323577881,0.9490136380428161
2YHWA,clean,ln_all,12.0,"[164, 165, 287]",0.009091537445783615,-0.0015006757615756252,0.05660952627658844,1.0160870651199842e-15,0.031230084598064423,7.991035461425781,0.9488214212649778
2YHWA,clean,ln_all,14.0,"[164, 165, 287]",0.011557328514754772,0.0013362894362475687,0.05660952627658844,9.100276312658275e-18,0.031638551503419876,7.989966869354248,0.9486945412063222
2YHWA,clean,ln_all,16.0,"[164, 165, 287]",0.01323872059583664,0.0032707805121338393,0.05660952627658844,8.35097248003043e-20,0.03190905600786209,7.989288806915283,0.9486140309682998
2YHWA,clean,ln_all,32.0,"[164, 165, 287]",0.007504824548959732,-0.003326235649382663,0.05660952627658844,7.028437417881777e-36,0.03247025981545448,7.987997055053711,0.9484606538692824
2YHWA,clean,k_only,0.0,"[164, 165, 287]",0.8795609474182129,1.0,0.0984930545091629,0.11063012480735779,0.046866197139024734,7.794205188751221,0.9254506353426077
2YHWA,clean,k_only,0.5,"[164, 165, 287]",0.8494971394538879,0.9654107041013752,0.08231465518474579,0.08425484597682953,0.035540495067834854,7.880789279937744,0.9357312605325597
2YHWA,clean,k_only,1.0,"[164, 165, 287]",0.8222578763961792,0.9340711302495994,0.07144831120967865,0.06364062428474426,0.02677573636174202,7.93925142288208,0.9426728056960627
2YHWA,clean,k_only,2.0,"[164, 165, 287]",0.7773507237434387,0.8824041294187807,0.05825091153383255,0.03573101758956909,0.02450321801006794,8.000555992126465,0.9499518484185332
2YHWA,clean,k_only,4.0,"[164, 165, 287]",0.7201054692268372,0.8165417792595308,0.05614832043647766,0.010995176620781422,0.02532707154750824,8.025130271911621,0.9528696934443585
2YHWA,clean,k_only,8.0,"[164, 165, 287]",0.6894300580024719,0.7812488158095698,0.056566961109638214,0.001070536789484322,0.025627829134464264,8.013675689697266,0.9515096252743341
2YHWA,clean,k_only,10.0,"[164, 165, 287]",0.6874297261238098,0.778947375109556,0.056596625596284866,0.00034499424509704113,0.02564699947834015,8.010669708251953,0.9511527078759562
2YHWA,clean,k_only,12.0,"[164, 165, 287]",0.6868906021118164,0.7783270970663014,0.05660562217235565,0.0001138620573328808,0.025652676820755005,8.009332656860352,0.9509939521042158
2YHWA,clean,k_only,14.0,"[164, 165, 287]",0.68674635887146,0.7781611409729154,0.05660834163427353,3.850759094348177e-05,0.025654414668679237,8.008776664733887,0.9509279359737417
2YHWA,clean,k_only,16.0,"[164, 165, 287]",0.6867081522941589,0.7781171831812376,0.05660916864871979,1.3350248991628177e-05,0.025654949247837067,8.008550643920898,0.9509010992277342
2YHWA,clean,k_only,32.0,"[164, 165, 287]",0.6866937875747681,0.7781006561487971,0.05660952627658844,6.334701652122021e-09,0.025655221194028854,8.008400917053223,0.9508833212989445
2YHWA,clean,v_only,0.0,"[164, 165, 287]",0.8795609474182129,1.0,0.0984930545091629,0.11063012480735779,0.046866197139024734,7.794205188751221,0.9254506353426077
2YHWA,clean,v_only,0.5,"[164, 165, 287]",0.8912642598152161,1.0134650053637366,0.0984930545091629,0.11063012480735779,0.046866197139024734,7.794205188751221,0.9254506353426077
2YHWA,clean,v_only,1.0,"[164, 165, 287]",0.9019456505775452,1.0257542598096625,0.0984930545091629,0.11063012480735779,0.046866197139024734,7.794205188751221,0.9254506353426077
2YHWA,clean,v_only,2.0,"[164, 165, 287]",0.9200034737586975,1.0465303168560323,0.0984930545091629,0.11063012480735779,0.046866197139024734,7.794205188751221,0.9254506353426077
2YHWA,clean,v_only,4.0,"[164, 165, 287]",0.9422420859336853,1.072116494688468,0.0984930545091629,0.11063012480735779,0.046866197139024734,7.794205188751221,0.9254506353426077
2YHWA,clean,v_only,8.0,"[164, 165, 287]",0.9274902939796448,1.0551441238717454,0.0984930545091629,0.11063012480735779,0.046866197139024734,7.794205188751221,0.9254506353426077
2YHWA,clean,v_only,10.0,"[164, 165, 287]",0.8757418990135193,0.995606072408463,0.0984930545091629,0.11063012480735779,0.046866197139024734,7.794205188751221,0.9254506353426077
2YHWA,clean,v_only,12.0,"[164, 165, 287]",0.7622052431106567,0.8649788081901514,0.0984930545091629,0.11063012480735779,0.046866197139024734,7.794205188751221,0.9254506353426077
2YHWA,clean,v_only,14.0,"[164, 165, 287]",0.3849724233150482,0.4309613463281512,0.0984930545091629,0.11063012480735779,0.046866197139024734,7.794205188751221,0.9254506353426077
2YHWA,clean,v_only,16.0,"[164, 165, 287]",0.028066856786608696,0.02033098762017369,0.0984930545091629,0.11063012480735779,0.046866197139024734,7.794205188751221,0.9254506353426077
2YHWA,clean,v_only,32.0,"[164, 165, 287]",0.009506285190582275,-0.0010234962743612451,0.0984930545091629,0.11063012480735779,0.046866197139024734,7.794205188751221,0.9254506353426077
2YXZA,clean,clean_baseline,nan,"[85, 262, 252]",0.694659948348999,1.0,0.47737377882003784,0.5763201117515564,0.5560085773468018,4.493594169616699,0.5426540951749865
2YXZA,corrupt,corrupt_baseline,nan,"[85, 262, 87]",0.019154496490955353,0.0,0.16248342394828796,0.3346792161464691,0.21158452332019806,6.619262218475342,0.7993533938110623
2YXZA,clean,corrupt_head_patch,nan,"[85, 262, 252]",0.6850913166999817,0.985834856517149,0.16248342394828796,0.33227264881134033,0.21158452332019806,6.619262218475342,0.7993533938110623
2YXZA,clean,ln_all,0.0,"[85, 262, 252]",0.694659948348999,1.0,0.47737377882003784,0.5763201117515564,0.5560085773468018,4.493594169616699,0.5426540951749865
2YXZA,clean,ln_all,0.5,"[85, 262, 252]",0.5214850902557373,0.7436366240761975,0.1659919023513794,0.39134690165519714,0.3808596134185791,5.907622814178467,0.7134146057378777
2YXZA,clean,ln_all,1.0,"[85, 262, 252]",0.4921359717845917,0.7001889829203519,0.055572617799043655,0.17754636704921722,0.17300070822238922,7.3216352462768555,0.884173158456043
2YXZA,clean,ln_all,2.0,"[85, 262, 252]",0.516274094581604,0.7359224070261353,0.044877901673316956,0.006852686870843172,0.02127530798316002,8.0695219039917,0.9744892266670518
2YXZA,clean,ln_all,4.0,"[85, 262, 252]",0.546308696269989,0.7803848189959749,0.04490265995264053,7.274517884070519e-06,0.021964997053146362,8.061949729919434,0.9735747980127074
2YXZA,clean,ln_all,8.0,"[85, 262, 252]",0.688380777835846,0.9907044858100232,0.044902849942445755,1.3627859951625965e-10,0.02406354807317257,8.055169105529785,0.9727559582479228
2YXZA,clean,ln_all,10.0,"[85, 262, 252]",0.018871745094656944,-0.00041857751927933844,0.044902849942445755,1.507525983386604e-12,0.024940837174654007,8.052816390991211,0.9724718404279898
2YXZA,clean,ln_all,12.0,"[85, 262, 252]",0.02228395827114582,0.004632770574364097,0.044902849942445755,1.9183237965248075e-14,0.025346623733639717,8.051942825317383,0.9723663471474635
2YXZA,clean,ln_all,14.0,"[85, 262, 252]",0.010136948898434639,-0.013349333551220156,0.044902849942445755,2.5676427367474827e-16,0.02544437162578106,8.051956176757812,0.972367959490179
2YXZA,clean,ln_all,16.0,"[85, 262, 252]",0.008336886763572693,-0.01601409684796439,0.044902849942445755,3.527642003178864e-18,0.02539755590260029,8.052332878112793,0.9724134505882226
2YXZA,clean,ln_all,32.0,"[85, 262, 252]",0.007251239847391844,-0.017621259178327044,0.044420287013053894,6.856400674273191e-33,0.024712149053812027,8.054879188537598,0.9727209473775298
2YXZA,clean,k_only,0.0,"[85, 262, 252]",0.694659948348999,1.0,0.47737377882003784,0.5763201117515564,0.5560085773468018,4.493594169616699,0.5426540951749865
2YXZA,clean,k_only,0.5,"[85, 262, 252]",0.6831051111221313,0.9828945315021738,0.40774431824684143,0.5435096621513367,0.5254340767860413,4.754491806030273,0.574160538675953
2YXZA,clean,k_only,1.0,"[85, 262, 252]",0.6715664267539978,0.9658129752595183,0.3419684171676636,0.511549174785614,0.495457261800766,5.004332065582275,0.6043316744901692
2YXZA,clean,k_only,2.0,"[85, 262, 252]",0.6481556296348572,0.9311562644147028,0.23280060291290283,0.4487381875514984,0.43593093752861023,5.483756065368652,0.6622277343008932
2YXZA,clean,k_only,4.0,"[85, 262, 252]",0.6027926802635193,0.8640021811329726,0.10205624997615814,0.31204864382743835,0.3040418326854706,6.467698097229004,0.781050252056065
2YXZA,clean,k_only,8.0,"[85, 262, 252]",0.5775302052497864,0.8266042964168004,0.04516470432281494,0.05953133851289749,0.05788117274641991,7.918092250823975,0.9562023235065462
2YXZA,clean,k_only,10.0,"[85, 262, 252]",0.5921967029571533,0.8483161829264138,0.04433635622262955,0.018083689734339714,0.02069365419447422,8.053509712219238,0.9725555670818574
2YXZA,clean,k_only,12.0,"[85, 262, 252]",0.5971965789794922,0.8557178641542799,0.04439220950007439,0.005235732067376375,0.02114163339138031,8.071868896484375,0.9747726534829639
2YXZA,clean,k_only,14.0,"[85, 262, 252]",0.5980983376502991,0.8570528032999618,0.04441089928150177,0.0015273330500349402,0.021265635266900063,8.070241928100586,0.9745761780063504
2YXZA,clean,k_only,16.0,"[85, 262, 252]",0.5980809330940247,0.857027038065608,0.04441715031862259,0.0004558151413220912,0.021299919113516808,8.067790031433105,0.9742800827833882
2YXZA,clean,k_only,32.0,"[85, 262, 252]",0.597827136516571,0.8566513244769826,0.044420287013053894,7.476700858433105e-08,0.021313566714525223,8.065549850463867,0.9740095547091999
2YXZA,clean,v_only,0.0,"[85, 262, 252]",0.694659948348999,1.0,0.47737377882003784,0.5763201117515564,0.5560085773468018,4.493594169616699,0.5426540951749865
2YXZA,clean,v_only,0.5,"[85, 262, 252]",0.7039992809295654,1.0138256953439497,0.47737377882003784,0.5763201117515564,0.5560085773468018,4.493594169616699,0.5426540951749865
2YXZA,clean,v_only,1.0,"[85, 262, 252]",0.7106521129608154,1.0236743679385982,0.47737377882003784,0.5763201117515564,0.5560085773468018,4.493594169616699,0.5426540951749865
2YXZA,clean,v_only,2.0,"[85, 262, 252]",0.7186785936355591,1.0355565528309127,0.47737377882003784,0.5763201117515564,0.5560085773468018,4.493594169616699,0.5426540951749865
2YXZA,clean,v_only,4.0,"[85, 262, 252]",0.7291751503944397,1.0510953715480804,0.47737377882003784,0.5763201117515564,0.5560085773468018,4.493594169616699,0.5426540951749865
2YXZA,clean,v_only,8.0,"[85, 262, 252]",0.5629563331604004,0.8050295303667276,0.47737377882003784,0.5763201117515564,0.5560085773468018,4.493594169616699,0.5426540951749865
2YXZA,clean,v_only,10.0,"[85, 262, 252]",0.25463199615478516,0.3485945213560097,0.47737377882003784,0.5763201117515564,0.5560085773468018,4.493594169616699,0.5426540951749865
2YXZA,clean,v_only,12.0,"[85, 262, 252]",0.01852487213909626,-0.0009320788605439815,0.47737377882003784,0.5763201117515564,0.5560085773468018,4.493594169616699,0.5426540951749865
2YXZA,clean,v_only,14.0,"[85, 262, 252]",0.014868129976093769,-0.0063454210518531185,0.47737377882003784,0.5763201117515564,0.5560085773468018,4.493594169616699,0.5426540951749865
2YXZA,clean,v_only,16.0,"[85, 262, 252]",0.012661503627896309,-0.00961205101335516,0.47737377882003784,0.5763201117515564,0.5560085773468018,4.493594169616699,0.5426540951749865
2YXZA,clean,v_only,32.0,"[85, 262, 252]",0.00975834485143423,-0.013909808741996219,0.47737377882003784,0.5763201117515564,0.5560085773468018,4.493594169616699,0.5426540951749865
3BWXA,clean,clean_baseline,nan,"[230, 100, 101]",1.0199869871139526,1.0,0.3732285499572754,0.4369828402996063,0.3601216971874237,5.708070755004883,0.6999629763254615
3BWXA,corrupt,corrupt_baseline,nan,"[230, 101, 119]",0.009474920108914375,0.0,0.13723331689834595,0.14505016803741455,0.07026669383049011,7.4040985107421875,0.90794158885327
3BWXA,clean,corrupt_head_patch,nan,"[230, 100, 101]",1.0128875970840454,0.9929744628869713,0.13723331689834595,0.11543700098991394,0.07026669383049011,7.4040985107421875,0.90794158885327
3BWXA,clean,ln_all,0.0,"[230, 100, 101]",1.0199869871139526,1.0,0.3732285499572754,0.4369828402996063,0.3601216971874237,5.708070755004883,0.6999629763254615
3BWXA,clean,ln_all,0.5,"[230, 100, 101]",1.0280990600585938,1.0080276853780517,0.12142941355705261,0.1587398648262024,0.13519039750099182,7.308103084564209,0.8961699680894151
3BWXA,clean,ln_all,1.0,"[230, 100, 101]",1.0158346891403198,0.995890897190432,0.07896474003791809,0.03297346457839012,0.028279395774006844,7.793277740478516,0.9556654282488204
3BWXA,clean,ln_all,2.0,"[230, 100, 101]",0.8253673315048218,0.8074049168102012,0.07796633243560791,0.0008431838359683752,0.027585219591856003,7.822349548339844,0.959230413693322
3BWXA,clean,ln_all,4.0,"[230, 100, 101]",0.7621967196464539,0.7448914506963394,0.07808348536491394,1.5828470623091562e-06,0.027697987854480743,7.81643009185791,0.9585045291422781
3BWXA,clean,ln_all,8.0,"[230, 100, 101]",0.5173938274383545,0.5026351727147734,0.0780835896730423,1.0019636509372987e-10,0.027764009311795235,7.813958168029785,0.9582014048058344
3BWXA,clean,ln_all,10.0,"[230, 100, 101]",0.019938267767429352,0.01035450045591866,0.0780835896730423,1.0177448077006157e-12,0.027735790237784386,7.813258647918701,0.9581156248286811
3BWXA,clean,ln_all,12.0,"[230, 100, 101]",0.010999270714819431,0.0015084932240571212,0.07774312049150467,1.0615246440919598e-14,0.027679145336151123,7.812771797180176,0.9580559238357202
3BWXA,clean,ln_all,14.0,"[230, 100, 101]",0.010965517722070217,0.0014750913540039993,0.07774312049150467,1.1228424920502655e-16,0.027607694268226624,7.8124494552612305,0.9580163960480205
3BWXA,clean,ln_all,16.0,"[230, 100, 101]",0.008696842938661575,-0.0007699830567673178,0.07774312049150467,1.1996400866533782e-18,0.02753295935690403,7.812259674072266,0.9579931237706469
3BWXA,clean,ln_all,32.0,"[230, 100, 101]",0.006186836864799261,-0.0032538782578424375,0.07774312049150467,2.571550931122184e-34,0.02723010815680027,7.81296443939209,0.9580795469514463
3BWXA,clean,k_only,0.0,"[230, 100, 101]",1.0199869871139526,1.0,0.3732285499572754,0.4369828402996063,0.3601216971874237,5.708070755004883,0.6999629763254615
3BWXA,clean,k_only,0.5,"[230, 100, 101]",1.0215941667556763,1.001590460613189,0.30736470222473145,0.3835669457912445,0.3189304769039154,6.047392845153809,0.7415729896465761
3BWXA,clean,k_only,1.0,"[230, 100, 101]",1.0232902765274048,1.0032689262417642,0.24972054362297058,0.3309471309185028,0.2772144079208374,6.369109153747559,0.7810240606933522
3BWXA,clean,k_only,2.0,"[230, 100, 101]",1.0269044637680054,1.006845516129812,0.16721086204051971,0.2324056774377823,0.19672605395317078,6.931795597076416,0.8500245504411563
3BWXA,clean,k_only,4.0,"[230, 100, 101]",1.0341582298278809,1.0140238233432768,0.09124494343996048,0.09022816270589828,0.0770309567451477,7.608885288238525,0.933053954911934
3BWXA,clean,k_only,8.0,"[230, 100, 101]",0.9607354998588562,0.9413648889609935,0.07749034464359283,0.00778625626116991,0.02727937325835228,7.831519603729248,0.9603549090857115
3BWXA,clean,k_only,10.0,"[230, 100, 101]",0.9235214591026306,0.9045379751899182,0.07778170704841614,0.0021786366123706102,0.027446474879980087,7.827747344970703,0.9598923287181178
3BWXA,clean,k_only,12.0,"[230, 100, 101]",0.9100022912025452,0.8911594433133483,0.07799339294433594,0.0006343082641251385,0.027492402121424675,7.823728561401367,0.959399517779162
3BWXA,clean,k_only,14.0,"[230, 100, 101]",0.9060865640640259,0.8872844503603945,0.07805664837360382,0.0001942589005921036,0.027505366131663322,7.821771144866943,0.9591594858730854
3BWXA,clean,k_only,16.0,"[230, 100, 101]",0.9050156474113464,0.886224674146288,0.07807552814483643,6.271820893744007e-05,0.027509182691574097,7.820957183837891,0.9590596723618374
3BWXA,clean,k_only,32.0,"[230, 100, 101]",0.9046100974082947,0.8858233429635208,0.0780835896730423,3.3046973157979664e-08,0.02751096338033676,7.820415019989014,0.9589931884940642
3BWXA,clean,v_only,0.0,"[230, 100, 101]",1.0199869871139526,1.0,0.3732285499572754,0.4369828402996063,0.3601216971874237,5.708070755004883,0.6999629763254615
3BWXA,clean,v_only,0.5,"[230, 100, 101]",1.0186729431152344,0.9986996256238554,0.3732285499572754,0.4369828402996063,0.3601216971874237,5.708070755004883,0.6999629763254615
3BWXA,clean,v_only,1.0,"[230, 100, 101]",1.0171910524368286,0.9972331506288583,0.3732285499572754,0.4369828402996063,0.3601216971874237,5.708070755004883,0.6999629763254615
3BWXA,clean,v_only,2.0,"[230, 100, 101]",1.0136661529541016,0.9937449196637653,0.3732285499572754,0.4369828402996063,0.3601216971874237,5.708070755004883,0.6999629763254615
3BWXA,clean,v_only,4.0,"[230, 100, 101]",1.00471031665802,0.9848822483622489,0.3732285499572754,0.4369828402996063,0.3601216971874237,5.708070755004883,0.6999629763254615
3BWXA,clean,v_only,8.0,"[230, 100, 101]",0.9784294366836548,0.9588747608393571,0.3732285499572754,0.4369828402996063,0.3601216971874237,5.708070755004883,0.6999629763254615
3BWXA,clean,v_only,10.0,"[230, 100, 101]",0.8855271935462952,0.8669389530733955,0.3732285499572754,0.4369828402996063,0.3601216971874237,5.708070755004883,0.6999629763254615
3BWXA,clean,v_only,12.0,"[230, 100, 101]",0.07119307667016983,0.061076120292334654,0.3732285499572754,0.4369828402996063,0.3601216971874237,5.708070755004883,0.6999629763254615
3BWXA,clean,v_only,14.0,"[230, 100, 101]",0.013472585938870907,0.0039560792597013094,0.3732285499572754,0.4369828402996063,0.3601216971874237,5.708070755004883,0.6999629763254615
3BWXA,clean,v_only,16.0,"[230, 100, 101]",0.012079436331987381,0.002577422188329019,0.3732285499572754,0.4369828402996063,0.3601216971874237,5.708070755004883,0.6999629763254615
3BWXA,clean,v_only,32.0,"[230, 100, 101]",0.008499279618263245,-0.0009654911826463783,0.3732285499572754,0.4369828402996063,0.3601216971874237,5.708070755004883,0.6999629763254615
3CSSA,clean,clean_baseline,nan,"[40, 158, 167]",0.9002285599708557,1.0,0.24169021844863892,0.2620866596698761,0.13465772569179535,6.768293380737305,0.8396661328124707
3CSSA,corrupt,corrupt_baseline,nan,"[164, 17, 2]",0.008212209679186344,0.0,0.0773535817861557,0.07149366289377213,0.031221436336636543,7.584059238433838,0.9408690394361607
3CSSA,clean,corrupt_head_patch,nan,"[40, 158, 167]",0.010525675490498543,0.0025935239982493,0.0773535817861557,0.03878858685493469,0.031221436336636543,7.584059238433838,0.9408690394361607
3CSSA,clean,ln_all,0.0,"[40, 158, 167]",0.9002285599708557,1.0,0.24169021844863892,0.2620866596698761,0.13465772569179535,6.768293380737305,0.8396661328124707
3CSSA,clean,ln_all,0.5,"[40, 158, 167]",0.31822118163108826,0.3475373201965815,0.0892617404460907,0.06253310292959213,0.034687068313360214,7.523725509643555,0.9333841114223023
3CSSA,clean,ln_all,1.0,"[40, 158, 167]",0.009028631262481213,0.0009152540567534629,0.0849171131849289,0.011643821373581886,0.03675658628344536,7.595076084136963,0.9422357757324421
3CSSA,clean,ln_all,2.0,"[40, 158, 167]",0.008727556094527245,0.0005777320283113573,0.08545021712779999,0.0003806151798926294,0.03728841617703438,7.57666015625,0.9399511184220767
3CSSA,clean,ln_all,4.0,"[40, 158, 167]",0.008833643980324268,0.0006966624557215,0.08547571301460266,6.099376719248539e-07,0.03754113242030144,7.5703277587890625,0.9391655289996989
3CSSA,clean,ln_all,8.0,"[40, 158, 167]",0.00885083619505167,0.0007159358857676873,0.08547578752040863,3.7841617860079335e-12,0.03824286535382271,7.5593953132629395,0.9378092632853272
3CSSA,clean,ln_all,10.0,"[40, 158, 167]",0.00882764346897602,0.0006899355483657262,0.08547578752040863,1.158491790047506e-14,0.03864660859107971,7.554530143737793,0.9372056963518542
3CSSA,clean,ln_all,12.0,"[40, 158, 167]",0.009597108699381351,0.001552548918797482,0.08547578752040863,3.778441924134023e-17,0.03901858627796173,7.551206588745117,0.9367933802167658
3CSSA,clean,ln_all,14.0,"[40, 158, 167]",0.013909079134464264,0.006386507885662826,0.08547578752040863,1.2806717851336268e-19,0.0393265075981617,7.549188613891602,0.9365430327442129
3CSSA,clean,ln_all,16.0,"[40, 158, 167]",0.01595221646130085,0.00867697859975739,0.08547578752040863,4.452026511866848e-22,0.039565786719322205,7.547999382019043,0.9363954981041971
3CSSA,clean,ln_all,32.0,"[40, 158, 167]",0.007636328227818012,-0.0006455951745503673,0.08547578752040863,1.4590319610549995e-41,0.04025779291987419,7.545873641967773,0.9361317814140646
3CSSA,clean,k_only,0.0,"[40, 158, 167]",0.9002285599708557,1.0,0.24169021844863892,0.2620866596698761,0.13465772569179535,6.768293380737305,0.8396661328124707
3CSSA,clean,k_only,0.5,"[40, 158, 167]",0.8513907194137573,0.9452500612335979,0.19497480988502502,0.2112482339143753,0.10921739041805267,6.9995574951171875,0.8683564737383399
3CSSA,clean,k_only,1.0,"[40, 158, 167]",0.7779726386070251,0.8629443044134162,0.15998679399490356,0.1675204336643219,0.08703893423080444,7.181163787841797,0.8908863265281832
3CSSA,clean,k_only,2.0,"[40, 158, 167]",0.5591539144515991,0.6176363298635358,0.10914216935634613,0.10110259056091309,0.052911099046468735,7.41765022277832,0.9202245421041941
3CSSA,clean,k_only,4.0,"[40, 158, 167]",0.018328381702303886,0.011340792150065164,0.08447974920272827,0.03312520310282707,0.035833653062582016,7.58054780960083,0.940433415904053
3CSSA,clean,k_only,8.0,"[40, 158, 167]",0.010509354062378407,0.002575226768479017,0.08529970049858093,0.0031667030416429043,0.037017736583948135,7.588008403778076,0.9413589680202068
3CSSA,clean,k_only,10.0,"[40, 158, 167]",0.010487779974937439,0.002551041015119324,0.08540932089090347,0.0009875152027234435,0.03710165247321129,7.5818610191345215,0.9405963310598684
3CSSA,clean,k_only,12.0,"[40, 158, 167]",0.01048204768449068,0.002544614798329818,0.08544689416885376,0.00031249213498085737,0.03712725266814232,7.578804016113281,0.9402170830337491
3CSSA,clean,k_only,14.0,"[40, 158, 167]",0.010480305179953575,0.002542661353713544,0.08545985817909241,0.00010034108709078282,0.03713515028357506,7.577487468719482,0.9400537537871237
3CSSA,clean,k_only,16.0,"[40, 158, 167]",0.010479738935828209,0.00254202656251809,0.08546436578035355,3.266039493610151e-05,0.03713763877749443,7.5769548416137695,0.9399876767250156
3CSSA,clean,k_only,32.0,"[40, 158, 167]",0.010479454882442951,0.0025417081228558966,0.08546680212020874,5.941919845042776e-09,0.03713880851864815,7.5766191482543945,0.9399460310206967
3CSSA,clean,v_only,0.0,"[40, 158, 167]",0.9002285599708557,1.0,0.24169021844863892,0.2620866596698761,0.13465772569179535,6.768293380737305,0.8396661328124707
3CSSA,clean,v_only,0.5,"[40, 158, 167]",0.9088884592056274,1.009708229262771,0.24169021844863892,0.2620866596698761,0.13465772569179535,6.768293380737305,0.8396661328124707
3CSSA,clean,v_only,1.0,"[40, 158, 167]",0.9143494963645935,1.0158303560121074,0.24169021844863892,0.2620866596698761,0.13465772569179535,6.768293380737305,0.8396661328124707
3CSSA,clean,v_only,2.0,"[40, 158, 167]",0.9135851263999939,1.0149734547183702,0.24169021844863892,0.2620866596698761,0.13465772569179535,6.768293380737305,0.8396661328124707
3CSSA,clean,v_only,4.0,"[40, 158, 167]",0.8398259282112122,0.9322852863180218,0.24169021844863892,0.2620866596698761,0.13465772569179535,6.768293380737305,0.8396661328124707
3CSSA,clean,v_only,8.0,"[40, 158, 167]",0.5429571270942688,0.5994788293288938,0.24169021844863892,0.2620866596698761,0.13465772569179535,6.768293380737305,0.8396661328124707
3CSSA,clean,v_only,10.0,"[40, 158, 167]",0.028697947040200233,0.02296565231603155,0.24169021844863892,0.2620866596698761,0.13465772569179535,6.768293380737305,0.8396661328124707
3CSSA,clean,v_only,12.0,"[40, 158, 167]",0.017624275758862495,0.010551450179807373,0.24169021844863892,0.2620866596698761,0.13465772569179535,6.768293380737305,0.8396661328124707
3CSSA,clean,v_only,14.0,"[40, 158, 167]",0.01270629558712244,0.005038120552909855,0.24169021844863892,0.2620866596698761,0.13465772569179535,6.768293380737305,0.8396661328124707
3CSSA,clean,v_only,16.0,"[40, 158, 167]",0.011061822064220905,0.003194574162348932,0.24169021844863892,0.2620866596698761,0.13465772569179535,6.768293380737305,0.8396661328124707
3CSSA,clean,v_only,32.0,"[40, 158, 167]",0.010220945812761784,0.002251905060841797,0.24169021844863892,0.2620866596698761,0.13465772569179535,6.768293380737305,0.8396661328124707
3DGTA,clean,clean_baseline,nan,"[103, 101, 119]",0.7477116584777832,1.0,0.2468339055776596,0.24328064918518066,0.180372416973114,6.932220458984375,0.8527468467433853
3DGTA,corrupt,corrupt_baseline,nan,"[103, 101, 119]",0.04276195541024208,0.0,0.23234248161315918,0.2203848510980606,0.14438581466674805,7.1167755126953125,0.8754493474837636
3DGTA,clean,corrupt_head_patch,nan,"[103, 101, 119]",0.7538720369338989,1.0087387489196877,0.23234248161315918,0.2203848510980606,0.14438581466674805,7.1167755126953125,0.8754493474837636
3DGTA,clean,ln_all,0.0,"[103, 101, 119]",0.7477116584777832,1.0,0.2468339055776596,0.24328064918518066,0.180372416973114,6.932220458984375,0.8527468467433853
3DGTA,clean,ln_all,0.5,"[103, 101, 119]",0.8494815826416016,1.1443648018021333,0.07505768537521362,0.05074642598628998,0.03808359429240227,7.739599227905273,0.9520641871826306
3DGTA,clean,ln_all,1.0,"[103, 101, 119]",0.8874190449714661,1.1981806444995375,0.05427074804902077,0.009394676424562931,0.018137123435735703,7.809040069580078,0.9606062494444635
3DGTA,clean,ln_all,2.0,"[103, 101, 119]",0.9138606786727905,1.235689183883646,0.054873473942279816,0.0003873197128996253,0.01833057403564453,7.797218322753906,0.9591520317967902
3DGTA,clean,ln_all,4.0,"[103, 101, 119]",0.9393542408943176,1.2718528450790385,0.05491770803928375,1.406112346558075e-06,0.01839492842555046,7.792899131774902,0.9586207191373588
3DGTA,clean,ln_all,8.0,"[103, 101, 119]",0.6320231556892395,0.8358911248772317,0.054917722940444946,8.825796343758796e-11,0.01846992038190365,7.789819717407227,0.9582419139756666
3DGTA,clean,ln_all,10.0,"[103, 101, 119]",0.012242062017321587,-0.043293717637038834,0.054917722940444946,1.0552167863456252e-12,0.018479440361261368,7.7886786460876465,0.9581015484210166
3DGTA,clean,ln_all,12.0,"[103, 101, 119]",0.014967040158808231,-0.039428224638560945,0.054917722940444946,1.4498710391996905e-14,0.018470700830221176,7.787741184234619,0.9579862292900339
3DGTA,clean,ln_all,14.0,"[103, 101, 119]",0.016222387552261353,-0.037647462992743436,0.054917722940444946,2.1523148217890154e-16,0.0184470321983099,7.786960124969482,0.9578901495664581
3DGTA,clean,ln_all,16.0,"[103, 101, 119]",0.012803315185010433,-0.042497557052465794,0.054917722940444946,3.3318522812954716e-18,0.018413174897432327,7.786300182342529,0.9578089686522769
3DGTA,clean,ln_all,32.0,"[103, 101, 119]",0.007837061770260334,-0.04954239073796106,0.054917722940444946,1.583521811240944e-32,0.01818096451461315,7.7833967208862305,0.9574518078239177
3DGTA,clean,k_only,0.0,"[103, 101, 119]",0.7477116584777832,1.0,0.2468339055776596,0.24328064918518066,0.180372416973114,6.932220458984375,0.8527468467433853
3DGTA,clean,k_only,0.5,"[103, 101, 119]",0.755468487739563,1.011003379713512,0.1946924924850464,0.19077126681804657,0.14172163605690002,7.193853378295898,0.88493085593167
3DGTA,clean,k_only,1.0,"[103, 101, 119]",0.7625601887702942,1.0210632478145585,0.15081000328063965,0.14722281694412231,0.10960372537374496,7.39186954498291,0.9092892361571167
3DGTA,clean,k_only,2.0,"[103, 101, 119]",0.7742508053779602,1.0376468658468734,0.09787171334028244,0.08482125401496887,0.06343010812997818,7.635845184326172,0.9393011866372156
3DGTA,clean,k_only,4.0,"[103, 101, 119]",0.7879958748817444,1.0571448093795446,0.06012941896915436,0.02662104368209839,0.0200789887458086,7.7929277420043945,0.9586242385411528
3DGTA,clean,k_only,8.0,"[103, 101, 119]",0.7955621480941772,1.0678778775395974,0.05465433746576309,0.002701769582927227,0.018228890374302864,7.805856704711914,0.9602146571156531
3DGTA,clean,k_only,10.0,"[103, 101, 119]",0.7962914109230042,1.0689123667033682,0.05475051328539848,0.0009058961877599359,0.018260525539517403,7.801516532897949,0.9596807635601061
3DGTA,clean,k_only,12.0,"[103, 101, 119]",0.7965569496154785,1.0692890442043572,0.054778508841991425,0.0003145580121781677,0.018270643427968025,7.799142837524414,0.9593887703586654
3DGTA,clean,k_only,14.0,"[103, 101, 119]",0.7966514825820923,1.0694231430857417,0.05478702485561371,0.00011277437442913651,0.018273992463946342,7.798019886016846,0.9592506337597516
3DGTA,clean,k_only,16.0,"[103, 101, 119]",0.796687662601471,1.0694744659236992,0.05478964000940323,4.160480239079334e-05,0.018275123089551926,7.7975172996521,0.9591888095664374
3DGTA,clean,k_only,32.0,"[103, 101, 119]",0.7967079877853394,1.0695032980287131,0.05479082465171814,2.933465204080221e-08,0.018275773152709007,7.797126770019531,0.9591407697046496
3DGTA,clean,v_only,0.0,"[103, 101, 119]",0.7477116584777832,1.0,0.2468339055776596,0.24328064918518066,0.180372416973114,6.932220458984375,0.8527468467433853
3DGTA,clean,v_only,0.5,"[103, 101, 119]",0.7626829743385315,1.0212374241674287,0.2468339055776596,0.24328064918518066,0.180372416973114,6.932220458984375,0.8527468467433853
3DGTA,clean,v_only,1.0,"[103, 101, 119]",0.7776544094085693,1.0424750174381126,0.2468339055776596,0.24328064918518066,0.180372416973114,6.932220458984375,0.8527468467433853
3DGTA,clean,v_only,2.0,"[103, 101, 119]",0.8080537915229797,1.085597784895322,0.2468339055776596,0.24328064918518066,0.180372416973114,6.932220458984375,0.8527468467433853
3DGTA,clean,v_only,4.0,"[103, 101, 119]",0.8673244714736938,1.1696756697327817,0.2468339055776596,0.24328064918518066,0.180372416973114,6.932220458984375,0.8527468467433853
3DGTA,clean,v_only,8.0,"[103, 101, 119]",0.5774357914924622,0.7584567150757322,0.2468339055776596,0.24328064918518066,0.180372416973114,6.932220458984375,0.8527468467433853
3DGTA,clean,v_only,10.0,"[103, 101, 119]",0.5139776468276978,0.6684387401923745,0.2468339055776596,0.24328064918518066,0.180372416973114,6.932220458984375,0.8527468467433853
3DGTA,clean,v_only,12.0,"[103, 101, 119]",0.15721236169338226,0.1623525845675471,0.2468339055776596,0.24328064918518066,0.180372416973114,6.932220458984375,0.8527468467433853
3DGTA,clean,v_only,14.0,"[103, 101, 119]",0.05917708948254585,0.023285539380858554,0.2468339055776596,0.24328064918518066,0.180372416973114,6.932220458984375,0.8527468467433853
3DGTA,clean,v_only,16.0,"[103, 101, 119]",0.0586254820227623,0.02250306162764684,0.2468339055776596,0.24328064918518066,0.180372416973114,6.932220458984375,0.8527468467433853
3DGTA,clean,v_only,32.0,"[103, 101, 119]",0.012636140920221806,-0.042734700587757996,0.2468339055776596,0.24328064918518066,0.180372416973114,6.932220458984375,0.8527468467433853
3FD3A,clean,clean_baseline,nan,"[31, 30, 71]",0.5525997877120972,1.0,0.19329601526260376,0.17111146450042725,0.07284918427467346,6.681138515472412,0.8676307795427114
3FD3A,corrupt,corrupt_baseline,nan,"[30, 31, 33]",0.01118523720651865,0.0,0.22445344924926758,0.22998113930225372,0.1451120376586914,6.516424179077148,0.8462405288006374
3FD3A,clean,corrupt_head_patch,nan,"[31, 30, 71]",0.48739126324653625,0.8795589730555478,0.22445344924926758,0.22895589470863342,0.1451120376586914,6.516424179077148,0.8462405288006374
3FD3A,clean,ln_all,0.0,"[31, 30, 71]",0.5525997877120972,1.0,0.19329601526260376,0.17111146450042725,0.07284918427467346,6.681138515472412,0.8676307795427114
3FD3A,clean,ln_all,0.5,"[31, 30, 71]",0.5467453002929688,0.9891866825269815,0.1411844938993454,0.037166040390729904,0.052357979118824005,6.966351509094238,0.9046693129332016
3FD3A,clean,ln_all,1.0,"[31, 30, 71]",0.5178351998329163,0.9357893358301557,0.14609287679195404,0.007631022483110428,0.0542479008436203,6.957085132598877,0.9034659561335203
3FD3A,clean,ln_all,2.0,"[31, 30, 71]",0.5087953209877014,0.9190925572955313,0.1471281349658966,0.000415104441344738,0.054672058671712875,6.931618690490723,0.900158814848048
3FD3A,clean,ln_all,4.0,"[31, 30, 71]",0.5340766310691833,0.9657874790664257,0.14721234142780304,2.9522591376007767e-06,0.054489415138959885,6.919968605041504,0.8986459031344777
3FD3A,clean,ln_all,8.0,"[31, 30, 71]",0.006828276440501213,-0.008047365483526185,0.1472126692533493,5.194709107314566e-10,0.05735250189900398,6.908352375030518,0.8971373879799962
3FD3A,clean,ln_all,10.0,"[31, 30, 71]",0.007494574878364801,-0.0068167032539252406,0.1472126692533493,8.302767327827976e-12,0.05862440913915634,6.905604362487793,0.8967805236133743
3FD3A,clean,ln_all,12.0,"[31, 30, 71]",0.007420821581035852,-0.0069529265919572114,0.1472126692533493,1.3991760495438849e-13,0.05938955023884773,6.904061794281006,0.8965802015196693
3FD3A,clean,ln_all,14.0,"[31, 30, 71]",0.007585901767015457,-0.006648021254955369,0.1472126692533493,2.443095223941447e-15,0.05985383316874504,6.903186798095703,0.8964665721403962
3FD3A,clean,ln_all,16.0,"[31, 30, 71]",0.007903813384473324,-0.006060834196238536,0.1472126692533493,4.3764600889131146e-17,0.060148756951093674,6.902668476104736,0.8963992614399766
3FD3A,clean,ln_all,32.0,"[31, 30, 71]",0.005879016127437353,-0.00980066212503209,0.1472126692533493,7.23256706560942e-31,0.06086907535791397,6.901674270629883,0.8962701512188407
3FD3A,clean,k_only,0.0,"[31, 30, 71]",0.5525997877120972,1.0,0.19329601526260376,0.17111146450042725,0.07284918427467346,6.681138515472412,0.8676307795427114
3FD3A,clean,k_only,0.5,"[31, 30, 71]",0.5526455044746399,1.0000844394789539,0.15944500267505646,0.13384994864463806,0.057414889335632324,6.788951396942139,0.8816316529234529
3FD3A,clean,k_only,1.0,"[31, 30, 71]",0.5525702834129333,0.9999455051602579,0.14013999700546265,0.10351576656103134,0.048158708959817886,6.86391544342041,0.8913666874438411
3FD3A,clean,k_only,2.0,"[31, 30, 71]",0.5525025129318237,0.9998203321647292,0.1373651772737503,0.0605623796582222,0.05084790289402008,6.943784713745117,0.9017387276452009
3FD3A,clean,k_only,4.0,"[31, 30, 71]",0.5527331233024597,1.0002462726394,0.14365194737911224,0.02013496123254299,0.05340442806482315,6.972408771514893,0.9054559254699357
3FD3A,clean,k_only,8.0,"[31, 30, 71]",0.5531307458877563,1.0009806869341864,0.1460787057876587,0.0024035596288740635,0.05451533570885658,6.949121475219727,0.902431773973716
3FD3A,clean,k_only,10.0,"[31, 30, 71]",0.5531957149505615,1.0011006856722042,0.14637891948223114,0.0008868370787240565,0.054604753851890564,6.943120002746582,0.9016524064709738
3FD3A,clean,k_only,12.0,"[31, 30, 71]",0.5532231330871582,1.0011513273414594,0.1464870274066925,0.0003415242535993457,0.05463508144021034,6.940199375152588,0.9012731258453345
3FD3A,clean,k_only,14.0,"[31, 30, 71]",0.5532341003417969,1.0011715840091615,0.14652684330940247,0.0001366550859529525,0.05464573949575424,6.938827991485596,0.9010950342405445
3FD3A,clean,k_only,16.0,"[31, 30, 71]",0.5532389879226685,1.001180611437159,0.14654171466827393,5.652213440043852e-05,0.05464956909418106,6.938188076019287,0.9010119330814248
3FD3A,clean,k_only,32.0,"[31, 30, 71]",0.5532432794570923,1.0011885379593035,0.14655089378356934,9.738974426909408e-08,0.05465196073055267,6.937617301940918,0.9009378108105855
3FD3A,clean,v_only,0.0,"[31, 30, 71]",0.5525997877120972,1.0,0.19329601526260376,0.17111146450042725,0.07284918427467346,6.681138515472412,0.8676307795427114
3FD3A,clean,v_only,0.5,"[31, 30, 71]",0.5705683827400208,1.0331882381275943,0.19329601526260376,0.17111146450042725,0.07284918427467346,6.681138515472412,0.8676307795427114
3FD3A,clean,v_only,1.0,"[31, 30, 71]",0.5877705216407776,1.064960821418334,0.19329601526260376,0.17111146450042725,0.07284918427467346,6.681138515472412,0.8676307795427114
3FD3A,clean,v_only,2.0,"[31, 30, 71]",0.6113913059234619,1.1085887295723114,0.19329601526260376,0.17111146450042725,0.07284918427467346,6.681138515472412,0.8676307795427114
3FD3A,clean,v_only,4.0,"[31, 30, 71]",0.5274075865745544,0.9534696636541852,0.19329601526260376,0.17111146450042725,0.07284918427467346,6.681138515472412,0.8676307795427114
3FD3A,clean,v_only,8.0,"[31, 30, 71]",0.009268216788768768,-0.003540762648435932,0.19329601526260376,0.17111146450042725,0.07284918427467346,6.681138515472412,0.8676307795427114
3FD3A,clean,v_only,10.0,"[31, 30, 71]",0.008756778202950954,-0.00448539663608962,0.19329601526260376,0.17111146450042725,0.07284918427467346,6.681138515472412,0.8676307795427114
3FD3A,clean,v_only,12.0,"[31, 30, 71]",0.008653983473777771,-0.004675259891661885,0.19329601526260376,0.17111146450042725,0.07284918427467346,6.681138515472412,0.8676307795427114
3FD3A,clean,v_only,14.0,"[31, 30, 71]",0.008707619272172451,-0.004576193846346711,0.19329601526260376,0.17111146450042725,0.07284918427467346,6.681138515472412,0.8676307795427114
3FD3A,clean,v_only,16.0,"[31, 30, 71]",0.00864823441952467,-0.004685878472650764,0.19329601526260376,0.17111146450042725,0.07284918427467346,6.681138515472412,0.8676307795427114
3FD3A,clean,v_only,32.0,"[31, 30, 71]",0.00810885801911354,-0.005682113981850607,0.19329601526260376,0.17111146450042725,0.07284918427467346,6.681138515472412,0.8676307795427114
3HO7A,clean,clean_baseline,nan,"[63, 17, 18]",0.8569397926330566,1.0,0.29601413011550903,0.30789732933044434,0.2218359112739563,6.417745590209961,0.816716863299791
3HO7A,corrupt,corrupt_baseline,nan,"[63, 64, 17]",0.3557305335998535,0.0,0.23671385645866394,0.24086631834506989,0.1982034295797348,6.721051216125488,0.8553152801327657
3HO7A,clean,corrupt_head_patch,nan,"[63, 17, 18]",0.8495346307754517,0.9852254089002884,0.23671385645866394,0.23559725284576416,0.1982034295797348,6.721051216125488,0.8553152801327657
3HO7A,clean,ln_all,0.0,"[63, 17, 18]",0.8569397926330566,1.0,0.29601413011550903,0.30789732933044434,0.2218359112739563,6.417745590209961,0.816716863299791
3HO7A,clean,ln_all,0.5,"[63, 17, 18]",0.7248241305351257,0.736406182214645,0.09903179109096527,0.07109920680522919,0.05047314986586571,7.443874359130859,0.9473011405533452
3HO7A,clean,ln_all,1.0,"[63, 17, 18]",0.4333723783493042,0.1549090391889732,0.0761500671505928,0.012842325493693352,0.03321126103401184,7.5502729415893555,0.9608413339598283
3HO7A,clean,ln_all,2.0,"[63, 17, 18]",0.04812230169773102,-0.6137321415320156,0.07678034901618958,0.0004595609207171947,0.03372994065284729,7.534382343292236,0.9588191098914611
3HO7A,clean,ln_all,4.0,"[63, 17, 18]",0.01738804392516613,-0.6750523530377829,0.07680677622556686,1.0161642194361775e-06,0.03386477380990982,7.528936386108398,0.9581260619969428
3HO7A,clean,ln_all,8.0,"[63, 17, 18]",0.00629275431856513,-0.6971893934188864,0.07680681347846985,1.2175837595107541e-11,0.0338253453373909,7.525055408477783,0.9576321720736888
3HO7A,clean,ln_all,10.0,"[63, 17, 18]",0.005852093920111656,-0.698068587868134,0.07680681347846985,5.4264769354427436e-14,0.033729661256074905,7.523677825927734,0.9574568620861865
3HO7A,clean,ln_all,12.0,"[63, 17, 18]",0.005583280231803656,-0.6986049181203454,0.07680681347846985,2.7526453203396625e-16,0.03362903743982315,7.522642612457275,0.9573251216975166
3HO7A,clean,ln_all,14.0,"[63, 17, 18]",0.00568948732689023,-0.698393016418267,0.07680681347846985,1.5610470836015249e-18,0.03353642672300339,7.521883010864258,0.9572284554427256
3HO7A,clean,ln_all,16.0,"[63, 17, 18]",0.005701936781406403,-0.698368177582408,0.07680681347846985,9.72665364871053e-21,0.033454135060310364,7.521323204040527,0.9571572149009023
3HO7A,clean,ln_all,32.0,"[63, 17, 18]",0.005033033899962902,-0.6997027556441416,0.07680681347846985,1.047686514150184e-37,0.033064547926187515,7.519512176513672,0.9569267450730956
3HO7A,clean,k_only,0.0,"[63, 17, 18]",0.8569397926330566,1.0,0.29601413011550903,0.30789732933044434,0.2218359112739563,6.417745590209961,0.816716863299791
3HO7A,clean,k_only,0.5,"[63, 17, 18]",0.8528013229370117,0.9917430302384522,0.24252986907958984,0.2487696409225464,0.17881397902965546,6.722437381744385,0.8554916823943334
3HO7A,clean,k_only,1.0,"[63, 17, 18]",0.8489587903022766,0.9840765065949204,0.1980324536561966,0.19685746729373932,0.14117959141731262,6.968050956726074,0.886748257732704
3HO7A,clean,k_only,2.0,"[63, 17, 18]",0.8424233794212341,0.9710372205816317,0.13586211204528809,0.11723175644874573,0.0836825892329216,7.2945051193237305,0.928292537720156
3HO7A,clean,k_only,4.0,"[63, 17, 18]",0.8320624828338623,0.9503654225239556,0.08084981143474579,0.03720179200172424,0.032212283462285995,7.524412155151367,0.9575503122006738
3HO7A,clean,k_only,8.0,"[63, 17, 18]",0.8246490359306335,0.9355743013113731,0.07661493122577667,0.0035267919301986694,0.033428341150283813,7.546086311340332,0.9603085469434663
3HO7A,clean,k_only,10.0,"[63, 17, 18]",0.8240501284599304,0.9343793763176521,0.07674366235733032,0.0011226831702515483,0.03350706025958061,7.540072441101074,0.9595432269149518
3HO7A,clean,k_only,12.0,"[63, 17, 18]",0.8238646388053894,0.9340092920640236,0.07678601145744324,0.00036685989471152425,0.03353048488497734,7.536877632141113,0.95913665823504
3HO7A,clean,k_only,14.0,"[63, 17, 18]",0.8238070607185364,0.9338944137256544,0.07679995149374008,0.00012270407751202583,0.033537693321704865,7.535433292388916,0.9589528527825844
3HO7A,clean,k_only,16.0,"[63, 17, 18]",0.8237888216972351,0.9338580236930032,0.07680454850196838,4.1867071558954194e-05,0.03353997319936752,7.534821510314941,0.9588749979144758
3HO7A,clean,k_only,32.0,"[63, 17, 18]",0.8237788677215576,0.933838163773223,0.07680681347846985,1.1986325709756329e-08,0.033541083335876465,7.534400939941406,0.9588214764852696
3HO7A,clean,v_only,0.0,"[63, 17, 18]",0.8569397926330566,1.0,0.29601413011550903,0.30789732933044434,0.2218359112739563,6.417745590209961,0.816716863299791
3HO7A,clean,v_only,0.5,"[63, 17, 18]",0.858476996421814,1.0030669900067737,0.29601413011550903,0.30789732933044434,0.2218359112739563,6.417745590209961,0.816716863299791
3HO7A,clean,v_only,1.0,"[63, 17, 18]",0.8586745262145996,1.003461096438819,0.29601413011550903,0.30789732933044434,0.2218359112739563,6.417745590209961,0.816716863299791
3HO7A,clean,v_only,2.0,"[63, 17, 18]",0.8406466245651245,0.9674922843617045,0.29601413011550903,0.30789732933044434,0.2218359112739563,6.417745590209961,0.816716863299791
3HO7A,clean,v_only,4.0,"[63, 17, 18]",0.035768184810876846,-0.6383807621713956,0.29601413011550903,0.30789732933044434,0.2218359112739563,6.417745590209961,0.816716863299791
3HO7A,clean,v_only,8.0,"[63, 17, 18]",0.010784040205180645,-0.6882284937434118,0.29601413011550903,0.30789732933044434,0.2218359112739563,6.417745590209961,0.816716863299791
3HO7A,clean,v_only,10.0,"[63, 17, 18]",0.009026759304106236,-0.691734576022227,0.29601413011550903,0.30789732933044434,0.2218359112739563,6.417745590209961,0.816716863299791
3HO7A,clean,v_only,12.0,"[63, 17, 18]",0.007798419333994389,-0.6941853287726475,0.29601413011550903,0.30789732933044434,0.2218359112739563,6.417745590209961,0.816716863299791
3HO7A,clean,v_only,14.0,"[63, 17, 18]",0.007692491635680199,-0.6943966730293727,0.29601413011550903,0.30789732933044434,0.2218359112739563,6.417745590209961,0.816716863299791
3HO7A,clean,v_only,16.0,"[63, 17, 18]",0.0075953505001962185,-0.6945904865588182,0.29601413011550903,0.30789732933044434,0.2218359112739563,6.417745590209961,0.816716863299791
3HO7A,clean,v_only,32.0,"[63, 17, 18]",0.006450033280998468,-0.6968755944225615,0.29601413011550903,0.30789732933044434,0.2218359112739563,6.417745590209961,0.816716863299791
3LEWA,clean,clean_baseline,nan,"[209, 174, 353]",0.527385413646698,1.0,0.048873916268348694,0.047064270824193954,0.02654917910695076,8.545478820800781,0.9546650668492687
3LEWA,corrupt,corrupt_baseline,nan,"[209, 170, 349]",0.009947138838469982,0.0,0.03995455801486969,0.0376577153801918,0.01571393571794033,8.603795051574707,0.9611799116599156
3LEWA,clean,corrupt_head_patch,nan,"[209, 174, 353]",0.5010735988616943,0.9491498482698147,0.03995455801486969,0.029162894934415817,0.01571393571794033,8.603795051574707,0.9611799116599156
3LEWA,clean,ln_all,0.0,"[209, 174, 353]",0.527385413646698,1.0,0.048873916268348694,0.047064270824193954,0.02654917910695076,8.545478820800781,0.9546650668492687
3LEWA,clean,ln_all,0.5,"[209, 174, 353]",0.4298100769519806,0.811426132458252,0.03351312875747681,0.007941159419715405,0.010214921087026596,8.656009674072266,0.9670131103749842
3LEWA,clean,ln_all,1.0,"[209, 174, 353]",0.2898702621459961,0.5409787735769463,0.03366629779338837,0.0013961910735815763,0.010288377292454243,8.653018951416016,0.9666789993784645
3LEWA,clean,ln_all,2.0,"[209, 174, 353]",0.010067284107208252,0.00023219246543522087,0.033870767802000046,5.352108564693481e-05,0.010310935787856579,8.647412300109863,0.9660526478004862
3LEWA,clean,ln_all,4.0,"[209, 174, 353]",0.010310986079275608,0.000703170326819125,0.03370639681816101,1.5584581092298322e-07,0.01033652201294899,8.646645545959473,0.9659669892414294
3LEWA,clean,ln_all,8.0,"[209, 174, 353]",0.006514403037726879,-0.0066340971819592144,0.03370640054345131,4.523376898740716e-12,0.01042270939797163,8.645256042480469,0.9658117597382632
3LEWA,clean,ln_all,10.0,"[209, 174, 353]",0.0063627115450799465,-0.0069272558059577044,0.03370640054345131,2.990170977035071e-14,0.010466682724654675,8.643953323364258,0.9656662254202638
3LEWA,clean,ln_all,12.0,"[209, 174, 353]",0.0064710453152656555,-0.006717890215007055,0.03370640054345131,2.0736496808374265e-16,0.010496803559362888,8.642342567443848,0.9654862785219469
3LEWA,clean,ln_all,14.0,"[209, 174, 353]",0.0067824674770236015,-0.006116036473373109,0.03370640054345131,1.4792288914551032e-18,0.010668530128896236,8.640632629394531,0.9652952514120107
3LEWA,clean,ln_all,16.0,"[209, 174, 353]",0.006880925502628088,-0.0059257567233082795,0.03370640054345131,1.0757877261719228e-20,0.011170209385454655,8.63907241821289,0.9651209511599996
3LEWA,clean,ln_all,32.0,"[209, 174, 353]",0.006539014633744955,-0.006586532869042476,0.03370640054345131,1.2315820505320898e-37,0.012423206120729446,8.635480880737305,0.9647197196507862
3LEWA,clean,k_only,0.0,"[209, 174, 353]",0.527385413646698,1.0,0.048873916268348694,0.047064270824193954,0.02654917910695076,8.545478820800781,0.9546650668492687
3LEWA,clean,k_only,0.5,"[209, 174, 353]",0.5237345695495605,0.9929443872344184,0.041591137647628784,0.03465372323989868,0.019383864477276802,8.591809272766113,0.9598409107019243
3LEWA,clean,k_only,1.0,"[209, 174, 353]",0.5210201740264893,0.9876985527934364,0.03733588010072708,0.025468049570918083,0.014118053019046783,8.620950698852539,0.9630964686485618
3LEWA,clean,k_only,2.0,"[209, 174, 353]",0.5175539255142212,0.9809996890235448,0.033488236367702484,0.013741610571742058,0.010148578323423862,8.64867115020752,0.966193281255654
3LEWA,clean,k_only,4.0,"[209, 174, 353]",0.5147219300270081,0.9755265811668392,0.03360673412680626,0.004053161479532719,0.010252553038299084,8.6566801071167,0.9670880083439107
3LEWA,clean,k_only,8.0,"[209, 174, 353]",0.5137004852294922,0.9735525393395421,0.033696092665195465,0.00038819073233753443,0.010290831327438354,8.649620056152344,0.9662992890495115
3LEWA,clean,k_only,10.0,"[209, 174, 353]",0.5136341452598572,0.9734243308693442,0.03370347619056702,0.00012646839604713023,0.010293455794453621,8.64812183380127,0.9661319139297625
3LEWA,clean,k_only,12.0,"[209, 174, 353]",0.5136134028434753,0.9733842441239454,0.033705536276102066,4.25391444878187e-05,0.010294278152287006,8.647470474243164,0.9660591467707629
3LEWA,clean,k_only,14.0,"[209, 174, 353]",0.5136067271232605,0.9733713426426676,0.03370613977313042,1.4733675016032066e-05,0.010294546373188496,8.647198677062988,0.9660287827293061
3LEWA,clean,k_only,16.0,"[209, 174, 353]",0.5136050581932068,0.9733681172723482,0.03370631858706474,5.2396835599211045e-06,0.010294635780155659,8.647089004516602,0.9660165305722271
3LEWA,clean,k_only,32.0,"[209, 174, 353]",0.5136040449142456,0.9733661590117971,0.03370640054345131,2.544265687021152e-09,0.010294686071574688,8.647012710571289,0.96600800733252
3LEWA,clean,v_only,0.0,"[209, 174, 353]",0.527385413646698,1.0,0.048873916268348694,0.047064270824193954,0.02654917910695076,8.545478820800781,0.9546650668492687
3LEWA,clean,v_only,0.5,"[209, 174, 353]",0.5315860509872437,1.0081181419022442,0.048873916268348694,0.047064270824193954,0.02654917910695076,8.545478820800781,0.9546650668492687
3LEWA,clean,v_only,1.0,"[209, 174, 353]",0.5358090996742249,1.0162795959202067,0.048873916268348694,0.047064270824193954,0.02654917910695076,8.545478820800781,0.9546650668492687
3LEWA,clean,v_only,2.0,"[209, 174, 353]",0.5443040132522583,1.0326968460379755,0.048873916268348694,0.047064270824193954,0.02654917910695076,8.545478820800781,0.9546650668492687
3LEWA,clean,v_only,4.0,"[209, 174, 353]",0.5613610744476318,1.0656612826206677,0.048873916268348694,0.047064270824193954,0.02654917910695076,8.545478820800781,0.9546650668492687
3LEWA,clean,v_only,8.0,"[209, 174, 353]",0.5945989489555359,1.129896721176547,0.048873916268348694,0.047064270824193954,0.02654917910695076,8.545478820800781,0.9546650668492687
3LEWA,clean,v_only,10.0,"[209, 174, 353]",0.6101601719856262,1.1599703044186402,0.048873916268348694,0.047064270824193954,0.02654917910695076,8.545478820800781,0.9546650668492687
3LEWA,clean,v_only,12.0,"[209, 174, 353]",0.6246991753578186,1.1880683483400738,0.048873916268348694,0.047064270824193954,0.02654917910695076,8.545478820800781,0.9546650668492687
3LEWA,clean,v_only,14.0,"[209, 174, 353]",0.6380935907363892,1.213954364181354,0.048873916268348694,0.047064270824193954,0.02654917910695076,8.545478820800781,0.9546650668492687
3LEWA,clean,v_only,16.0,"[209, 174, 353]",0.6503288745880127,1.2376002451439831,0.048873916268348694,0.047064270824193954,0.02654917910695076,8.545478820800781,0.9546650668492687
3LEWA,clean,v_only,32.0,"[209, 174, 353]",0.7270386815071106,1.3858494386299656,0.048873916268348694,0.047064270824193954,0.02654917910695076,8.545478820800781,0.9546650668492687
3OKPA,clean,clean_baseline,nan,"[200, 293, 3]",0.8964419960975647,1.0,0.19252263009548187,0.22458964586257935,0.19783125817775726,7.081403732299805,0.821313056402657
3OKPA,corrupt,corrupt_baseline,nan,"[200, 156, 201]",0.1103203222155571,0.0,0.13663052022457123,0.14928469061851501,0.11610357463359833,7.510346412658691,0.8710625463547982
3OKPA,clean,corrupt_head_patch,nan,"[200, 293, 3]",0.8146975040435791,0.8960154709253634,0.13663052022457123,0.14170098304748535,0.11610357463359833,7.510346412658691,0.8710625463547982
3OKPA,clean,ln_all,0.0,"[200, 293, 3]",0.8964419960975647,1.0,0.19252263009548187,0.22458964586257935,0.19783125817775726,7.081403732299805,0.821313056402657
3OKPA,clean,ln_all,0.5,"[200, 293, 3]",0.7153197526931763,0.7696002420210922,0.06176339089870453,0.05795157700777054,0.05076901987195015,7.846738338470459,0.9100778449004032
3OKPA,clean,ln_all,1.0,"[200, 293, 3]",0.45328062772750854,0.43626873155443346,0.045921288430690765,0.011000066064298153,0.01543181762099266,7.953647613525391,0.9224773615460446
3OKPA,clean,ln_all,2.0,"[200, 293, 3]",0.3979816138744354,0.36592464145957976,0.04585113376379013,0.00042761547956615686,0.016318857669830322,7.943960189819336,0.9213537979316165
3OKPA,clean,ln_all,4.0,"[200, 293, 3]",0.34033459424972534,0.2925937290321957,0.045865848660469055,4.244957835908281e-06,0.01747649908065796,7.936795234680176,0.9205227944432135
3OKPA,clean,ln_all,8.0,"[200, 293, 3]",0.07560255378484726,-0.04416335229541169,0.04586591571569443,5.816850556783493e-09,0.018098454922437668,7.934092998504639,0.9202093845690766
3OKPA,clean,ln_all,10.0,"[200, 293, 3]",0.01061991322785616,-0.1268256712670988,0.04586591571569443,2.8975719046364645e-10,0.018217194825410843,7.933602333068848,0.9201524763706495
3OKPA,clean,ln_all,12.0,"[200, 293, 3]",0.008486095815896988,-0.12954003150273763,0.04586591571569443,1.5692041416270897e-11,0.018314145505428314,7.933253765106201,0.9201120488749738
3OKPA,clean,ln_all,14.0,"[200, 293, 3]",0.008579873479902744,-0.12942073996413564,0.04586591571569443,8.944568718506629e-13,0.01840013638138771,7.932988166809082,0.9200812443399651
3OKPA,clean,ln_all,16.0,"[200, 293, 3]",0.008352939039468765,-0.12970941593882712,0.04586591571569443,5.267556275065713e-14,0.01847917027771473,7.932774066925049,0.9200564126770945
3OKPA,clean,ln_all,32.0,"[200, 293, 3]",0.007286160718649626,-0.13106643019789366,0.04586591571569443,1.2148996732401848e-23,0.0189677644520998,7.93184757232666,0.9199489562829799
3OKPA,clean,k_only,0.0,"[200, 293, 3]",0.8964419960975647,1.0,0.19252263009548187,0.22458964586257935,0.19783125817775726,7.081403732299805,0.821313056402657
3OKPA,clean,k_only,0.5,"[200, 293, 3]",0.8793030381202698,0.978198084919018,0.15167027711868286,0.18427389860153198,0.16239476203918457,7.296402454376221,0.8462489680137717
3OKPA,clean,k_only,1.0,"[200, 293, 3]",0.8580110669136047,0.9511132557964198,0.1214485689997673,0.1485270857810974,0.13088612258434296,7.474074363708496,0.8668556534121759
3OKPA,clean,k_only,2.0,"[200, 293, 3]",0.8086063265800476,0.8882670807385719,0.08256427943706512,0.09214972704648972,0.08105289936065674,7.722776889801025,0.8957005886202096
3OKPA,clean,k_only,4.0,"[200, 293, 3]",0.7387019395828247,0.7993439670276591,0.04842108115553856,0.031108686700463295,0.02699465863406658,7.923012733459473,0.9189242768850608
3OKPA,clean,k_only,8.0,"[200, 293, 3]",0.7325074672698975,0.7914641787980102,0.04557854309678078,0.002997868461534381,0.015366761013865471,7.954763412475586,0.9226067737757041
3OKPA,clean,k_only,10.0,"[200, 293, 3]",0.7325416803359985,0.7915077001347673,0.04562428593635559,0.0009826372843235731,0.015417204238474369,7.950689315795898,0.9221342532243321
3OKPA,clean,k_only,12.0,"[200, 293, 3]",0.7325605154037476,0.791531659616327,0.0456414669752121,0.00034786624019034207,0.015431071631610394,7.948324203491211,0.9218599435409514
3OKPA,clean,k_only,14.0,"[200, 293, 3]",0.7325807809829712,0.7915574388053469,0.04564819484949112,0.00013433261483442038,0.015434972010552883,7.947188854217529,0.9217282638320542
3OKPA,clean,k_only,16.0,"[200, 293, 3]",0.7325937151908875,0.7915738919936331,0.04565092921257019,5.650553430314176e-05,0.015436106361448765,7.946661949157715,0.9216671525013816
3OKPA,clean,k_only,32.0,"[200, 293, 3]",0.7326084971427917,0.7915926956373888,0.04565298557281494,2.937034935257543e-07,0.015436624176800251,7.946155548095703,0.9216084192586901
3OKPA,clean,v_only,0.0,"[200, 293, 3]",0.8964419960975647,1.0,0.19252263009548187,0.22458964586257935,0.19783125817775726,7.081403732299805,0.821313056402657
3OKPA,clean,v_only,0.5,"[200, 293, 3]",0.9046202898025513,1.010403343371263,0.19252263009548187,0.22458964586257935,0.19783125817775726,7.081403732299805,0.821313056402657
3OKPA,clean,v_only,1.0,"[200, 293, 3]",0.9124225974082947,1.0203284069650629,0.19252263009548187,0.22458964586257935,0.19783125817775726,7.081403732299805,0.821313056402657
3OKPA,clean,v_only,2.0,"[200, 293, 3]",0.9271032214164734,1.0390031547756444,0.19252263009548187,0.22458964586257935,0.19783125817775726,7.081403732299805,0.821313056402657
3OKPA,clean,v_only,4.0,"[200, 293, 3]",0.9517950415611267,1.0704128219620492,0.19252263009548187,0.22458964586257935,0.19783125817775726,7.081403732299805,0.821313056402657
3OKPA,clean,v_only,8.0,"[200, 293, 3]",0.9675775170326233,1.0904891994438708,0.19252263009548187,0.22458964586257935,0.19783125817775726,7.081403732299805,0.821313056402657
3OKPA,clean,v_only,10.0,"[200, 293, 3]",0.7492101192474365,0.8127110831036229,0.19252263009548187,0.22458964586257935,0.19783125817775726,7.081403732299805,0.821313056402657
3OKPA,clean,v_only,12.0,"[200, 293, 3]",0.10778142511844635,-0.0032296490243974908,0.19252263009548187,0.22458964586257935,0.19783125817775726,7.081403732299805,0.821313056402657
3OKPA,clean,v_only,14.0,"[200, 293, 3]",0.020509207621216774,-0.11424581916287486,0.19252263009548187,0.22458964586257935,0.19783125817775726,7.081403732299805,0.821313056402657
3OKPA,clean,v_only,16.0,"[200, 293, 3]",0.013549013063311577,-0.12309965793764686,0.19252263009548187,0.22458964586257935,0.19783125817775726,7.081403732299805,0.821313056402657
3OKPA,clean,v_only,32.0,"[200, 293, 3]",0.008428049273788929,-0.1296138706348168,0.19252263009548187,0.22458964586257935,0.19783125817775726,7.081403732299805,0.821313056402657
3QDLA,clean,clean_baseline,nan,"[114, 113, 115]",0.718527615070343,1.0,0.2155064344406128,0.23101378977298737,0.10283856838941574,6.756981372833252,0.8759095568528804
3QDLA,corrupt,corrupt_baseline,nan,"[45, 114, 113]",0.14921444654464722,0.0,0.09283195436000824,0.08572448790073395,0.04340796545147896,7.306428909301758,0.947134608636653
3QDLA,clean,corrupt_head_patch,nan,"[114, 113, 115]",0.6683475971221924,0.9118586733588163,0.09283195436000824,0.05457358434796333,0.04340796545147896,7.306428909301758,0.947134608636653
3QDLA,clean,ln_all,0.0,"[114, 113, 115]",0.718527615070343,1.0,0.2155064344406128,0.23101378977298737,0.10283856838941574,6.756981372833252,0.8759095568528804
3QDLA,clean,ln_all,0.5,"[114, 113, 115]",0.44332700967788696,0.5166094504627027,0.0763075202703476,0.043517760932445526,0.025646312162280083,7.3328704833984375,0.9505622379538853
3QDLA,clean,ln_all,1.0,"[114, 113, 115]",0.3237919509410858,0.30664582175137073,0.078802689909935,0.00673259049654007,0.026893015950918198,7.345940113067627,0.9522564580353254
3QDLA,clean,ln_all,2.0,"[114, 113, 115]",0.26999178528785706,0.21214569664000066,0.07954022288322449,0.00016829808009788394,0.027395449578762054,7.3254923820495605,0.9496058124250398
3QDLA,clean,ln_all,4.0,"[114, 113, 115]",0.24326255917549133,0.16519574432889528,0.07955144345760345,1.7326381396287616e-07,0.028638048097491264,7.316478729248047,0.9484373698623976
3QDLA,clean,ln_all,8.0,"[114, 113, 115]",0.022598782554268837,-0.22240072949351358,0.07955145835876465,2.1587003018463946e-12,0.03234468773007393,7.298516750335693,0.9461089530559555
3QDLA,clean,ln_all,10.0,"[114, 113, 115]",0.01205188874155283,-0.2409263747724177,0.07955145835876465,1.1911766738996812e-14,0.03355330973863602,7.294290542602539,0.9455611084581299
3QDLA,clean,ln_all,12.0,"[114, 113, 115]",0.012714343145489693,-0.2397627719601863,0.07955145835876465,6.927830859522699e-17,0.03434993699193001,7.292237281799316,0.9452949436337773
3QDLA,clean,ln_all,14.0,"[114, 113, 115]",0.012322170659899712,-0.24045162390893987,0.07955145835876465,4.128032956224579e-19,0.034928616136312485,7.291155815124512,0.9451547527787769
3QDLA,clean,ln_all,16.0,"[114, 113, 115]",0.011167909018695354,-0.2424790873596685,0.07955145835876465,2.5002979964900095e-21,0.035392384976148605,7.290493965148926,0.9450689569645174
3QDLA,clean,ln_all,32.0,"[114, 113, 115]",0.006326621398329735,-0.25098282113576,0.07955145835876465,6.658139332482186e-39,0.03765999898314476,7.288389205932617,0.9447961163851647
3QDLA,clean,k_only,0.0,"[114, 113, 115]",0.718527615070343,1.0,0.2155064344406128,0.23101378977298737,0.10283856838941574,6.756981372833252,0.8759095568528804
3QDLA,clean,k_only,0.5,"[114, 113, 115]",0.7037790417671204,0.9740940942198547,0.1669631004333496,0.17930111289024353,0.07983434945344925,6.958907127380371,0.9020852540205031
3QDLA,clean,k_only,1.0,"[114, 113, 115]",0.6914791464805603,0.9524892974813354,0.12542524933815002,0.13652168214321136,0.060778167098760605,7.106202125549316,0.9211791495714847
3QDLA,clean,k_only,2.0,"[114, 113, 115]",0.673438310623169,0.9208005243161015,0.08205331116914749,0.07574060559272766,0.0336788184940815,7.2740912437438965,0.9429426671844648
3QDLA,clean,k_only,4.0,"[114, 113, 115]",0.6539294719696045,0.8865332005791766,0.07776819169521332,0.021277500316500664,0.02627192623913288,7.353421688079834,0.9532262968867171
3QDLA,clean,k_only,8.0,"[114, 113, 115]",0.6421931385993958,0.8659183017518732,0.07925397157669067,0.0016138129867613316,0.02686864510178566,7.335909366607666,0.9509561693114327
3QDLA,clean,k_only,10.0,"[114, 113, 115]",0.6407644748687744,0.8634088503469092,0.0793624222278595,0.0004614537174347788,0.026900693774223328,7.330976963043213,0.950316780332542
3QDLA,clean,k_only,12.0,"[114, 113, 115]",0.640150785446167,0.8623309033459701,0.07939370721578598,0.00013715660315938294,0.026909280568361282,7.3289971351623535,0.950060134640319
3QDLA,clean,k_only,14.0,"[114, 113, 115]",0.6398780345916748,0.8618518157899971,0.07940274477005005,4.2753934394568205e-05,0.026911640539765358,7.328254699707031,0.9499638925057353
3QDLA,clean,k_only,16.0,"[114, 113, 115]",0.6397533416748047,0.8616327923706144,0.07940536737442017,1.4102240129432175e-05,0.026912305504083633,7.327981948852539,0.9499285357292538
3QDLA,clean,k_only,32.0,"[114, 113, 115]",0.6396432518959045,0.8614394193994863,0.07940644025802612,1.3669998466525612e-08,0.026912614703178406,7.327813148498535,0.9499066540878648
3QDLA,clean,v_only,0.0,"[114, 113, 115]",0.718527615070343,1.0,0.2155064344406128,0.23101378977298737,0.10283856838941574,6.756981372833252,0.8759095568528804
3QDLA,clean,v_only,0.5,"[114, 113, 115]",0.7165398001670837,0.99650839816615,0.2155064344406128,0.23101378977298737,0.10283856838941574,6.756981372833252,0.8759095568528804
3QDLA,clean,v_only,1.0,"[114, 113, 115]",0.71503746509552,0.9938695428671338,0.2155064344406128,0.23101378977298737,0.10283856838941574,6.756981372833252,0.8759095568528804
3QDLA,clean,v_only,2.0,"[114, 113, 115]",0.7132852077484131,0.9907916984679878,0.2155064344406128,0.23101378977298737,0.10283856838941574,6.756981372833252,0.8759095568528804
3QDLA,clean,v_only,4.0,"[114, 113, 115]",0.7109601497650146,0.9867077283230156,0.2155064344406128,0.23101378977298737,0.10283856838941574,6.756981372833252,0.8759095568528804
3QDLA,clean,v_only,8.0,"[114, 113, 115]",0.6390218734741211,0.8603479666523234,0.2155064344406128,0.23101378977298737,0.10283856838941574,6.756981372833252,0.8759095568528804
3QDLA,clean,v_only,10.0,"[114, 113, 115]",0.49471914768218994,0.6068798690047312,0.2155064344406128,0.23101378977298737,0.10283856838941574,6.756981372833252,0.8759095568528804
3QDLA,clean,v_only,12.0,"[114, 113, 115]",0.3588944673538208,0.3683034793524361,0.2155064344406128,0.23101378977298737,0.10283856838941574,6.756981372833252,0.8759095568528804
3QDLA,clean,v_only,14.0,"[114, 113, 115]",0.2319122701883316,0.14525893342295285,0.2155064344406128,0.23101378977298737,0.10283856838941574,6.756981372833252,0.8759095568528804
3QDLA,clean,v_only,16.0,"[114, 113, 115]",0.018990350887179375,-0.22873894871376088,0.2155064344406128,0.23101378977298737,0.10283856838941574,6.756981372833252,0.8759095568528804
3QDLA,clean,v_only,32.0,"[114, 113, 115]",0.010603119619190693,-0.2434711413481038,0.2155064344406128,0.23101378977298737,0.10283856838941574,6.756981372833252,0.8759095568528804
3T4LA,clean,clean_baseline,nan,"[201, 30, 88]",1.0757637023925781,1.0,0.17902417480945587,0.19646568596363068,0.11578749120235443,6.976871490478516,0.8638146317251628
3T4LA,corrupt,corrupt_baseline,nan,"[201, 30, 88]",0.4086620509624481,0.0,0.222971111536026,0.23981423676013947,0.1513882875442505,6.7481689453125,0.8354987017131512
3T4LA,clean,corrupt_head_patch,nan,"[201, 30, 88]",1.0768693685531616,1.0016574178136317,0.222971111536026,0.23981423676013947,0.1513882875442505,6.7481689453125,0.8354987017131512
3T4LA,clean,ln_all,0.0,"[201, 30, 88]",1.0757637023925781,1.0,0.17902417480945587,0.19646568596363068,0.11578749120235443,6.976871490478516,0.8638146317251628
3T4LA,clean,ln_all,0.5,"[201, 30, 88]",1.08292555809021,1.0107357786962126,0.08136875182390213,0.044014181941747665,0.027358030900359154,7.472795009613037,0.9252155035385051
3T4LA,clean,ln_all,1.0,"[201, 30, 88]",1.0849801301956177,1.0138156273234842,0.08002416789531708,0.00888913031667471,0.028424710035324097,7.501559734344482,0.9287768978016041
3T4LA,clean,ln_all,2.0,"[201, 30, 88]",1.0842925310134888,1.0127849010756105,0.08075390756130219,0.00040663371328264475,0.02869570255279541,7.483697891235352,0.9265654020834584
3T4LA,clean,ln_all,4.0,"[201, 30, 88]",1.0833491086959839,1.011370690339537,0.08078567683696747,1.3485365570886643e-06,0.0287419892847538,7.4793267250061035,0.9260242028723678
3T4LA,clean,ln_all,8.0,"[201, 30, 88]",0.00895076896995306,-0.5991759743595231,0.08078579604625702,3.1749873563580167e-11,0.028744250535964966,7.476174831390381,0.9256339632317756
3T4LA,clean,ln_all,10.0,"[201, 30, 88]",0.006624248344451189,-0.6026634797801951,0.08078579604625702,1.8278041298384895e-13,0.028706258162856102,7.474827766418457,0.9254671815396919
3T4LA,clean,ln_all,12.0,"[201, 30, 88]",0.00616772985085845,-0.6033478110100969,0.08078579604625702,1.128674472710789e-15,0.02865046262741089,7.47379207611084,0.9253389515095306
3T4LA,clean,ln_all,14.0,"[201, 30, 88]",0.005868921056389809,-0.603795731943628,0.08078579604625702,7.36616908623782e-18,0.028589002788066864,7.4730682373046875,0.9252493321790587
3T4LA,clean,ln_all,16.0,"[201, 30, 88]",0.0059528653509914875,-0.603669897605755,0.08078579604625702,5.030815550319481e-20,0.028531786054372787,7.47258186340332,0.9251891136566073
3T4LA,clean,ln_all,32.0,"[201, 30, 88]",0.006007142830640078,-0.6035885344738661,0.08078579604625702,6.377768937038541e-37,0.028364842757582664,7.471068382263184,0.9250017277838025
3T4LA,clean,k_only,0.0,"[201, 30, 88]",1.0757637023925781,1.0,0.17902417480945587,0.19646568596363068,0.11578749120235443,6.976871490478516,0.8638146317251628
3T4LA,clean,k_only,0.5,"[201, 30, 88]",1.0736336708068848,0.9968070359575231,0.14117088913917542,0.15503135323524475,0.09096424281597137,7.143031120300293,0.8843870501275898
3T4LA,clean,k_only,1.0,"[201, 30, 88]",1.0717251300811768,0.9939460915697877,0.11707625538110733,0.12083979696035385,0.07048412412405014,7.266050338745117,0.8996182036641077
3T4LA,clean,k_only,2.0,"[201, 30, 88]",1.068729043006897,0.989454891363857,0.08862611651420593,0.07151233404874802,0.04107576608657837,7.413496017456055,0.9178736258585647
3T4LA,clean,k_only,4.0,"[201, 30, 88]",1.0655267238616943,0.9846545447624994,0.07897760719060898,0.023869089782238007,0.0279519222676754,7.499956130981445,0.9285783537908157
3T4LA,clean,k_only,8.0,"[201, 30, 88]",1.0639891624450684,0.9823497064918554,0.08047685027122498,0.0026823971420526505,0.02858022227883339,7.493442535400391,0.9277718978921031
3T4LA,clean,k_only,10.0,"[201, 30, 88]",1.0638693571090698,0.9821701156667665,0.08058242499828339,0.0009297318756580353,0.028630636632442474,7.487844467163086,0.9270787945062404
3T4LA,clean,k_only,12.0,"[201, 30, 88]",1.0638312101364136,0.9821129325184794,0.08061543107032776,0.00032952320179902017,0.028647633269429207,7.484977722167969,0.9267238594503796
3T4LA,clean,k_only,14.0,"[201, 30, 88]",1.0638198852539062,0.9820959562713317,0.08063067495822906,0.00011910737521247938,0.028653496876358986,7.483647346496582,0.9265591440801447
3T4LA,clean,k_only,16.0,"[201, 30, 88]",1.0638153553009033,0.9820891657724726,0.0806363970041275,4.3784326408058405e-05,0.02865557186305523,7.483057975769043,0.9264861733999977
3T4LA,clean,k_only,32.0,"[201, 30, 88]",1.0638148784637451,0.982088450983119,0.08064000308513641,2.136955146170294e-08,0.028656765818595886,7.482611656188965,0.9264309140499835
3T4LA,clean,v_only,0.0,"[201, 30, 88]",1.0757637023925781,1.0,0.17902417480945587,0.19646568596363068,0.11578749120235443,6.976871490478516,0.8638146317251628
3T4LA,clean,v_only,0.5,"[201, 30, 88]",1.0777183771133423,1.002930100257695,0.17902417480945587,0.19646568596363068,0.11578749120235443,6.976871490478516,0.8638146317251628
3T4LA,clean,v_only,1.0,"[201, 30, 88]",1.0791184902191162,1.0050289004971673,0.17902417480945587,0.19646568596363068,0.11578749120235443,6.976871490478516,0.8638146317251628
3T4LA,clean,v_only,2.0,"[201, 30, 88]",1.080261468887329,1.0067422505777173,0.17902417480945587,0.19646568596363068,0.11578749120235443,6.976871490478516,0.8638146317251628
3T4LA,clean,v_only,4.0,"[201, 30, 88]",1.0756646394729614,0.9998515025117921,0.17902417480945587,0.19646568596363068,0.11578749120235443,6.976871490478516,0.8638146317251628
3T4LA,clean,v_only,8.0,"[201, 30, 88]",1.050864338874817,0.9626753082316885,0.17902417480945587,0.19646568596363068,0.11578749120235443,6.976871490478516,0.8638146317251628
3T4LA,clean,v_only,10.0,"[201, 30, 88]",0.8216478228569031,0.6190747257319744,0.17902417480945587,0.19646568596363068,0.11578749120235443,6.976871490478516,0.8638146317251628
3T4LA,clean,v_only,12.0,"[201, 30, 88]",0.17704252898693085,-0.3472027411099526,0.17902417480945587,0.19646568596363068,0.11578749120235443,6.976871490478516,0.8638146317251628
3T4LA,clean,v_only,14.0,"[201, 30, 88]",0.0068940711207687855,-0.6022590095233172,0.17902417480945587,0.19646568596363068,0.11578749120235443,6.976871490478516,0.8638146317251628
3T4LA,clean,v_only,16.0,"[201, 30, 88]",0.00672928337007761,-0.6025060299741555,0.17902417480945587,0.19646568596363068,0.11578749120235443,6.976871490478516,0.8638146317251628
3T4LA,clean,v_only,32.0,"[201, 30, 88]",0.006597015541046858,-0.6027043023495081,0.17902417480945587,0.19646568596363068,0.11578749120235443,6.976871490478516,0.8638146317251628
3WJPA,clean,clean_baseline,nan,"[276, 94, 93]",1.111226201057434,1.0,0.6620628833770752,0.6586948037147522,0.37328603863716125,4.356891632080078,0.5186232780895882
3WJPA,corrupt,corrupt_baseline,nan,"[276, 129, 125]",0.03637147694826126,0.0,0.49411821365356445,0.5267379283905029,0.5057148933410645,4.9464335441589355,0.5887994919669962
3WJPA,clean,corrupt_head_patch,nan,"[276, 94, 93]",0.9690521359443665,0.8677271803118325,0.49411821365356445,0.5122600793838501,0.5057148933410645,4.9464335441589355,0.5887994919669962
3WJPA,clean,ln_all,0.0,"[276, 94, 93]",1.111226201057434,1.0,0.6620628833770752,0.6586948037147522,0.37328603863716125,4.356891632080078,0.5186232780895882
3WJPA,clean,ln_all,0.5,"[276, 94, 93]",1.0253713130950928,0.9201241934964776,0.28119567036628723,0.3253667950630188,0.18481659889221191,6.678873538970947,0.7950207581989402
3WJPA,clean,ln_all,1.0,"[276, 94, 93]",0.738383412361145,0.6531226217521657,0.09288839250802994,0.09178177267313004,0.052102282643318176,7.866429328918457,0.9363816477289849
3WJPA,clean,ln_all,2.0,"[276, 94, 93]",0.5202183723449707,0.45015096881833605,0.0600164569914341,0.004000224173069,0.02463579550385475,8.081855773925781,0.9620249683647899
3WJPA,clean,ln_all,4.0,"[276, 94, 93]",0.5316365957260132,0.46077400756481013,0.06013553589582443,1.6306154066114686e-05,0.024740494787693024,8.071590423583984,0.960803030778415
3WJPA,clean,ln_all,8.0,"[276, 94, 93]",0.02214774861931801,-0.013233163524244371,0.060224324464797974,2.1270820660390655e-09,0.02471059374511242,8.069364547729492,0.9605380732973114
3WJPA,clean,ln_all,10.0,"[276, 94, 93]",0.013108707964420319,-0.021642709904932368,0.060224324464797974,2.942672494565812e-11,0.024677222594618797,8.068195343017578,0.9603988968312305
3WJPA,clean,ln_all,12.0,"[276, 94, 93]",0.010324587114155293,-0.02423293981025513,0.060224324464797974,4.1982655416342163e-13,0.024643223732709885,8.067069053649902,0.9602648287998751
3WJPA,clean,ln_all,14.0,"[276, 94, 93]",0.009654363617300987,-0.02485648779476046,0.060224324464797974,6.118839803055925e-15,0.024616384878754616,8.0661039352417,0.9601499457789339
3WJPA,clean,ln_all,16.0,"[276, 94, 93]",0.009390968829393387,-0.02510153931846837,0.060224324464797974,9.078612286979388e-17,0.024598827585577965,8.065347671508789,0.9600599238069908
3WJPA,clean,ln_all,32.0,"[276, 94, 93]",0.008596967905759811,-0.025840244657733297,0.060135841369628906,3.4779598211592693e-31,0.024578571319580078,8.06248664855957,0.9597193614919477
3WJPA,clean,k_only,0.0,"[276, 94, 93]",1.111226201057434,1.0,0.6620628833770752,0.6586948037147522,0.37328603863716125,4.356891632080078,0.5186232780895882
3WJPA,clean,k_only,0.5,"[276, 94, 93]",1.1028984785079956,0.9922522343134879,0.595393180847168,0.6050853729248047,0.3439178168773651,4.771608352661133,0.5679891479043546
3WJPA,clean,k_only,1.0,"[276, 94, 93]",1.0892386436462402,0.9795436937494815,0.5248501300811768,0.5481812357902527,0.31208816170692444,5.19436502456665,0.6183120545847782
3WJPA,clean,k_only,2.0,"[276, 94, 93]",1.0348408222198486,0.9289342297854319,0.38899630308151245,0.4290342330932617,0.24420064687728882,6.022893905639648,0.7169361197623716
3WJPA,clean,k_only,4.0,"[276, 94, 93]",0.8626376986503601,0.7687236267086222,0.18152785301208496,0.21210473775863647,0.1199447438120842,7.316654205322266,0.8709390797495193
3WJPA,clean,k_only,8.0,"[276, 94, 93]",0.47098782658576965,0.40434892259297034,0.06198570132255554,0.027946943417191505,0.024009451270103455,8.060230255126953,0.9594507713461503
3WJPA,clean,k_only,10.0,"[276, 94, 93]",0.3862152397632599,0.32548004392402435,0.05928054824471474,0.009420632384717464,0.02448372356593609,8.083780288696289,0.9622540532820423
3WJPA,clean,k_only,12.0,"[276, 94, 93]",0.3336433172225952,0.27656932011971147,0.05971768498420715,0.003282157937064767,0.024637842550873756,8.081816673278809,0.9620203140131509
3WJPA,clean,k_only,14.0,"[276, 94, 93]",0.30686837434768677,0.2516590301294998,0.05965368077158928,0.001196797238662839,0.024688705801963806,8.077993392944336,0.9615652092394816
3WJPA,clean,k_only,16.0,"[276, 94, 93]",0.293981671333313,0.2396697791867232,0.05968668311834335,0.00045704757212661207,0.02470613457262516,8.075581550598145,0.9612781152079002
3WJPA,clean,k_only,32.0,"[276, 94, 93]",0.28227561712265015,0.22877895464262987,0.05970194190740585,6.220572004167479e-07,0.024716224521398544,8.073099136352539,0.9609826206392145
3WJPA,clean,v_only,0.0,"[276, 94, 93]",1.111226201057434,1.0,0.6620628833770752,0.6586948037147522,0.37328603863716125,4.356891632080078,0.5186232780895882
3WJPA,clean,v_only,0.5,"[276, 94, 93]",1.1081286668777466,0.9971181834063625,0.6620628833770752,0.6586948037147522,0.37328603863716125,4.356891632080078,0.5186232780895882
3WJPA,clean,v_only,1.0,"[276, 94, 93]",1.1040072441101074,0.9932837835798604,0.6620628833770752,0.6586948037147522,0.37328603863716125,4.356891632080078,0.5186232780895882
3WJPA,clean,v_only,2.0,"[276, 94, 93]",1.0919216871261597,0.9820398854856652,0.6620628833770752,0.6586948037147522,0.37328603863716125,4.356891632080078,0.5186232780895882
3WJPA,clean,v_only,4.0,"[276, 94, 93]",1.0056660175323486,0.9017912084699888,0.6620628833770752,0.6586948037147522,0.37328603863716125,4.356891632080078,0.5186232780895882
3WJPA,clean,v_only,8.0,"[276, 94, 93]",0.1708824783563614,0.12514342486570107,0.6620628833770752,0.6586948037147522,0.37328603863716125,4.356891632080078,0.5186232780895882
3WJPA,clean,v_only,10.0,"[276, 94, 93]",0.20340920984745026,0.15540493906060462,0.6620628833770752,0.6586948037147522,0.37328603863716125,4.356891632080078,0.5186232780895882
3WJPA,clean,v_only,12.0,"[276, 94, 93]",0.08570531755685806,0.04589814744451546,0.6620628833770752,0.6586948037147522,0.37328603863716125,4.356891632080078,0.5186232780895882
3WJPA,clean,v_only,14.0,"[276, 94, 93]",0.016091957688331604,-0.01886721880181258,0.6620628833770752,0.6586948037147522,0.37328603863716125,4.356891632080078,0.5186232780895882
3WJPA,clean,v_only,16.0,"[276, 94, 93]",0.011423069052398205,-0.0232109580357848,0.6620628833770752,0.6586948037147522,0.37328603863716125,4.356891632080078,0.5186232780895882
3WJPA,clean,v_only,32.0,"[276, 94, 93]",0.009883774444460869,-0.024643053530562554,0.6620628833770752,0.6586948037147522,0.37328603863716125,4.356891632080078,0.5186232780895882
4DM7A,clean,clean_baseline,nan,"[237, 238, 236]",0.9652304649353027,1.0,0.35715487599372864,0.4369601011276245,0.3648272156715393,5.631030082702637,0.6839069939794328
4DM7A,corrupt,corrupt_baseline,nan,"[236, 107, 237]",0.01082891970872879,0.0,0.15499091148376465,0.14663535356521606,0.07554693520069122,7.387673854827881,0.8972571171438005
4DM7A,clean,corrupt_head_patch,nan,"[237, 238, 236]",0.9412550330162048,0.9748790935649563,0.15499091148376465,0.11922591924667358,0.07554693520069122,7.387673854827881,0.8972571171438005
4DM7A,clean,ln_all,0.0,"[237, 238, 236]",0.9652304649353027,1.0,0.35715487599372864,0.4369601011276245,0.3648272156715393,5.631030082702637,0.6839069939794328
4DM7A,clean,ln_all,0.5,"[237, 238, 236]",0.9865139126777649,1.0223003072961387,0.14451825618743896,0.15139125287532806,0.13061046600341797,7.204492568969727,0.8750091517228079
4DM7A,clean,ln_all,1.0,"[237, 238, 236]",0.9698065519332886,1.0047947187647308,0.11336293816566467,0.02954977937042713,0.06558369100093842,7.621610641479492,0.9256695038990358
4DM7A,clean,ln_all,2.0,"[237, 238, 236]",0.8951203227043152,0.9265402046113165,0.11480627954006195,0.0007703985902480781,0.06928151100873947,7.6286139488220215,0.9265200784479546
4DM7A,clean,ln_all,4.0,"[237, 238, 236]",0.8959822654724121,0.9274433284300151,0.11484849452972412,1.221415686813998e-06,0.07064377516508102,7.61906623840332,0.9253604778356442
4DM7A,clean,ln_all,8.0,"[237, 238, 236]",0.011431612074375153,0.0006314872064706095,0.11484850943088531,1.721607925664337e-11,0.07130976766347885,7.61614990234375,0.9250062792967195
4DM7A,clean,ln_all,10.0,"[237, 238, 236]",0.011350189335644245,0.0005461743325150484,0.11484850943088531,8.278581542075364e-14,0.07076266407966614,7.6177825927734375,0.9252045748816244
4DM7A,clean,ln_all,12.0,"[237, 238, 236]",0.009775004349648952,-0.0011042682866042922,0.11484850943088531,4.2379493570856e-16,0.07002586126327515,7.619872093200684,0.9254583515326329
4DM7A,clean,ln_all,14.0,"[237, 238, 236]",0.009273698553442955,-0.001629524976215988,0.11484850943088531,2.2628665097681864e-18,0.06923223286867142,7.621908187866211,0.9257056418794624
4DM7A,clean,ln_all,16.0,"[237, 238, 236]",0.008136124350130558,-0.002821449076718506,0.11484850943088531,1.2468502116556661e-20,0.06848388910293579,7.6235833168029785,0.9259090917596524
4DM7A,clean,ln_all,32.0,"[237, 238, 236]",0.0077515169978141785,-0.003224431819401591,0.11484850943088531,2.021163540668132e-38,0.06665978580713272,7.625461101531982,0.9261371548476651
4DM7A,clean,k_only,0.0,"[237, 238, 236]",0.9652304649353027,1.0,0.35715487599372864,0.4369601011276245,0.3648272156715393,5.631030082702637,0.6839069939794328
4DM7A,clean,k_only,0.5,"[237, 238, 236]",0.9684385061264038,1.0033613118159186,0.2926032543182373,0.38077840209007263,0.3204640746116638,5.979793548583984,0.7262654559406734
4DM7A,clean,k_only,1.0,"[237, 238, 236]",0.9722514152526855,1.0073563903500555,0.24436049163341522,0.32598865032196045,0.2763272523880005,6.303744792938232,0.7656103925629753
4DM7A,clean,k_only,2.0,"[237, 238, 236]",0.9805557131767273,1.016057442821707,0.17706617712974548,0.22503098845481873,0.19286976754665375,6.853151321411133,0.8323376097580639
4DM7A,clean,k_only,4.0,"[237, 238, 236]",0.9875671863555908,1.0234039032438755,0.11921907961368561,0.08399642258882523,0.07250254601240158,7.473487854003906,0.9076795076044925
4DM7A,clean,k_only,8.0,"[237, 238, 236]",0.9321646094322205,0.9653543566977016,0.11442545056343079,0.007103061769157648,0.06740017235279083,7.644503593444824,0.9284499276815369
4DM7A,clean,k_only,10.0,"[237, 238, 236]",0.920965850353241,0.9536205543636737,0.11473226547241211,0.0020194605458527803,0.06789692491292953,7.638343334197998,0.9277017440771601
4DM7A,clean,k_only,12.0,"[237, 238, 236]",0.9176174402236938,0.9501121672007503,0.11481662839651108,0.0005934328655712306,0.06803078949451447,7.633879661560059,0.927159616457331
4DM7A,clean,k_only,14.0,"[237, 238, 236]",0.9167085886001587,0.9491598933616301,0.11483977735042572,0.0001811004476621747,0.0680675208568573,7.631824493408203,0.9269100095732947
4DM7A,clean,k_only,16.0,"[237, 238, 236]",0.9164661169052124,0.9489058370934282,0.1148461252450943,5.7352099247509614e-05,0.06807789951562881,7.630985736846924,0.9268081398496243
4DM7A,clean,k_only,32.0,"[237, 238, 236]",0.9163764715194702,0.9488119087189505,0.11484850943088531,1.4706047046786352e-08,0.06808219850063324,7.630450248718262,0.9267431030675425
4DM7A,clean,v_only,0.0,"[237, 238, 236]",0.9652304649353027,1.0,0.35715487599372864,0.4369601011276245,0.3648272156715393,5.631030082702637,0.6839069939794328
4DM7A,clean,v_only,0.5,"[237, 238, 236]",0.9660730957984924,1.000882889248665,0.35715487599372864,0.4369601011276245,0.3648272156715393,5.631030082702637,0.6839069939794328
4DM7A,clean,v_only,1.0,"[237, 238, 236]",0.9663155674934387,1.0011369455168666,0.35715487599372864,0.4369601011276245,0.3648272156715393,5.631030082702637,0.6839069939794328
4DM7A,clean,v_only,2.0,"[237, 238, 236]",0.9650135040283203,0.9997726733490033,0.35715487599372864,0.4369601011276245,0.3648272156715393,5.631030082702637,0.6839069939794328
4DM7A,clean,v_only,4.0,"[237, 238, 236]",0.9558883309364319,0.9902115267461632,0.35715487599372864,0.4369601011276245,0.3648272156715393,5.631030082702637,0.6839069939794328
4DM7A,clean,v_only,8.0,"[237, 238, 236]",0.8202046751976013,0.8480453112601861,0.35715487599372864,0.4369601011276245,0.3648272156715393,5.631030082702637,0.6839069939794328
4DM7A,clean,v_only,10.0,"[237, 238, 236]",0.5980820655822754,0.6153103468982055,0.35715487599372864,0.4369601011276245,0.3648272156715393,5.631030082702637,0.6839069939794328
4DM7A,clean,v_only,12.0,"[237, 238, 236]",0.018800828605890274,0.008352782890003558,0.35715487599372864,0.4369601011276245,0.3648272156715393,5.631030082702637,0.6839069939794328
4DM7A,clean,v_only,14.0,"[237, 238, 236]",0.008376017212867737,-0.0025700948496250988,0.35715487599372864,0.4369601011276245,0.3648272156715393,5.631030082702637,0.6839069939794328
4DM7A,clean,v_only,16.0,"[237, 238, 236]",0.007500821724534035,-0.003487104563943962,0.35715487599372864,0.4369601011276245,0.3648272156715393,5.631030082702637,0.6839069939794328
4DM7A,clean,v_only,32.0,"[237, 238, 236]",0.008126704953610897,-0.002831318503865572,0.35715487599372864,0.4369601011276245,0.3648272156715393,5.631030082702637,0.6839069939794328
4EHUA,clean,clean_baseline,nan,"[209, 100, 59]",0.6809027791023254,1.0,0.41677820682525635,0.529457151889801,0.3853875994682312,5.044825553894043,0.622163203772163
4EHUA,corrupt,corrupt_baseline,nan,"[209, 59, 100]",0.06450647860765457,0.0,0.3316762447357178,0.4477895200252533,0.39928027987480164,5.427263259887695,0.6693280989429435
4EHUA,clean,corrupt_head_patch,nan,"[209, 100, 59]",0.6514228582382202,0.9521737543842379,0.3316762447357178,0.4477895200252533,0.39928027987480164,5.427263259887695,0.6693280989429435
4EHUA,clean,ln_all,0.0,"[209, 100, 59]",0.6809027791023254,1.0,0.41677820682525635,0.529457151889801,0.3853875994682312,5.044825553894043,0.622163203772163
4EHUA,clean,ln_all,0.5,"[209, 100, 59]",0.6849325299263,1.0065375973553712,0.12661604583263397,0.20788584649562836,0.15745197236537933,7.039695739746094,0.8681845602452851
4EHUA,clean,ln_all,1.0,"[209, 100, 59]",0.6148378252983093,0.8928206516635522,0.0644538551568985,0.04802403971552849,0.038080714643001556,7.766783237457275,0.9578540804627874
4EHUA,clean,ln_all,2.0,"[209, 100, 59]",0.1859433352947235,0.19701100832307614,0.05535180866718292,0.0014625668991357088,0.02459733933210373,7.84525203704834,0.9675314021517503
4EHUA,clean,ln_all,4.0,"[209, 100, 59]",0.11830200999975204,0.08727426064842608,0.05548273026943207,2.295347712788498e-06,0.024747034534811974,7.837684631347656,0.9665981367048713
4EHUA,clean,ln_all,8.0,"[209, 100, 59]",0.016960110515356064,-0.07713603740668391,0.055483557283878326,8.268798146193745e-11,0.02484290674328804,7.836881637573242,0.9664991058912265
4EHUA,clean,ln_all,10.0,"[209, 100, 59]",0.007074821274727583,-0.09317326740416335,0.055483557283878326,5.840309789603704e-13,0.02482341229915619,7.837164878845215,0.9665340371877259
4EHUA,clean,ln_all,12.0,"[209, 100, 59]",0.008434279821813107,-0.09096777307203557,0.055483557283878326,4.227956062373894e-15,0.024779006838798523,7.837552547454834,0.9665818471945509
4EHUA,clean,ln_all,14.0,"[209, 100, 59]",0.010048935189843178,-0.08834826454037456,0.055483557283878326,3.114536838331612e-17,0.02472475729882717,7.83793306350708,0.9666287750979289
4EHUA,clean,ln_all,16.0,"[209, 100, 59]",0.009329901076853275,-0.08951477724074745,0.055483557283878326,2.3270330295342444e-19,0.0246695876121521,7.838266372680664,0.966669881118557
4EHUA,clean,ln_all,32.0,"[209, 100, 59]",0.0070091430097818375,-0.09327981941444152,0.055012915283441544,3.232258265734968e-36,0.024396434426307678,7.839286804199219,0.9667957278769893
4EHUA,clean,k_only,0.0,"[209, 100, 59]",0.6809027791023254,1.0,0.41677820682525635,0.529457151889801,0.3853875994682312,5.044825553894043,0.622163203772163
4EHUA,clean,k_only,0.5,"[209, 100, 59]",0.6634891629219055,0.9717493174984257,0.34185662865638733,0.46850085258483887,0.34309500455856323,5.456634521484375,0.6729503685375215
4EHUA,clean,k_only,1.0,"[209, 100, 59]",0.6400848627090454,0.9337797511754649,0.2763094902038574,0.4082903265953064,0.3008798658847809,5.849087715148926,0.7213504437616256
4EHUA,clean,k_only,2.0,"[209, 100, 59]",0.5698541402816772,0.8198421393322294,0.1795804649591446,0.2948049008846283,0.22020064294338226,6.548003196716309,0.807545593729156
4EHUA,clean,k_only,4.0,"[209, 100, 59]",0.3035419285297394,0.3877950755548888,0.09292838722467422,0.12397125363349915,0.09542079269886017,7.463584899902344,0.9204615389256551
4EHUA,clean,k_only,8.0,"[209, 100, 59]",0.08862815797328949,0.039133394126922516,0.055828120559453964,0.013323339633643627,0.024171175435185432,7.84820032119751,0.9678950051925853
4EHUA,clean,k_only,10.0,"[209, 100, 59]",0.10304144769906998,0.06251654829934944,0.0552271232008934,0.004166834056377411,0.024416416883468628,7.85114049911499,0.9682576085161805
4EHUA,clean,k_only,12.0,"[209, 100, 59]",0.09096579253673553,0.04292581559598397,0.05537328124046326,0.0012552188709378242,0.024492090567946434,7.84661865234375,0.9676999427170152
4EHUA,clean,k_only,14.0,"[209, 100, 59]",0.073677659034729,0.014878707772441803,0.055438145995140076,0.0003759349347092211,0.024514341726899147,7.8435468673706055,0.967321108689996
4EHUA,clean,k_only,16.0,"[209, 100, 59]",0.06752804666757584,0.004901989284323078,0.05546477064490318,0.00011588417692109942,0.024520747363567352,7.842134475708008,0.9671469226626705
4EHUA,clean,k_only,32.0,"[209, 100, 59]",0.06518619507551193,0.001102726390979106,0.055483534932136536,4.1019717400558875e-08,0.024523470550775528,7.841189861297607,0.967030426200776
4EHUA,clean,v_only,0.0,"[209, 100, 59]",0.6809027791023254,1.0,0.41677820682525635,0.529457151889801,0.3853875994682312,5.044825553894043,0.622163203772163
4EHUA,clean,v_only,0.5,"[209, 100, 59]",0.7065381407737732,1.041589090737363,0.41677820682525635,0.529457151889801,0.3853875994682312,5.044825553894043,0.622163203772163
4EHUA,clean,v_only,1.0,"[209, 100, 59]",0.7293751835823059,1.0786383767084267,0.41677820682525635,0.529457151889801,0.3853875994682312,5.044825553894043,0.622163203772163
4EHUA,clean,v_only,2.0,"[209, 100, 59]",0.771912157535553,1.1476475091758185,0.41677820682525635,0.529457151889801,0.3853875994682312,5.044825553894043,0.622163203772163
4EHUA,clean,v_only,4.0,"[209, 100, 59]",0.8614494204521179,1.2929067569109354,0.41677820682525635,0.529457151889801,0.3853875994682312,5.044825553894043,0.622163203772163
4EHUA,clean,v_only,8.0,"[209, 100, 59]",0.8314530253410339,1.2442426181303956,0.41677820682525635,0.529457151889801,0.3853875994682312,5.044825553894043,0.622163203772163
4EHUA,clean,v_only,10.0,"[209, 100, 59]",0.5996022820472717,0.8681035285419326,0.41677820682525635,0.529457151889801,0.3853875994682312,5.044825553894043,0.622163203772163
4EHUA,clean,v_only,12.0,"[209, 100, 59]",0.11639045178890228,0.08417307686566214,0.41677820682525635,0.529457151889801,0.3853875994682312,5.044825553894043,0.622163203772163
4EHUA,clean,v_only,14.0,"[209, 100, 59]",0.01524614542722702,-0.07991665936491688,0.41677820682525635,0.529457151889801,0.3853875994682312,5.044825553894043,0.622163203772163
4EHUA,clean,v_only,16.0,"[209, 100, 59]",0.009932966902852058,-0.08853640370814382,0.41677820682525635,0.529457151889801,0.3853875994682312,5.044825553894043,0.622163203772163
4EHUA,clean,v_only,32.0,"[209, 100, 59]",0.008609297685325146,-0.09068383583332797,0.41677820682525635,0.529457151889801,0.3853875994682312,5.044825553894043,0.622163203772163
4EX6A,clean,clean_baseline,nan,"[124, 180, 135]",0.8467612266540527,1.0,0.40158361196517944,0.4644976854324341,0.2744380235671997,5.473707675933838,0.693863078469222
4EX6A,corrupt,corrupt_baseline,nan,"[124, 135, 22]",0.024156412109732628,0.0,0.3542257249355316,0.35720017552375793,0.16582976281642914,6.194613456726074,0.7852471884658198
4EX6A,clean,corrupt_head_patch,nan,"[124, 180, 135]",0.7824175357818604,0.9217805564293525,0.3542257249355316,0.333000123500824,0.16582976281642914,6.194613456726074,0.7852471884658198
4EX6A,clean,ln_all,0.0,"[124, 180, 135]",0.8467612266540527,1.0,0.40158361196517944,0.4644976854324341,0.2744380235671997,5.473707675933838,0.693863078469222
4EX6A,clean,ln_all,0.5,"[124, 180, 135]",0.7730811834335327,0.9104308145080151,0.14489641785621643,0.14696289598941803,0.09354303777217865,6.83344841003418,0.8662277620695208
4EX6A,clean,ln_all,1.0,"[124, 180, 135]",0.6536051630973816,0.765189723982263,0.1320626139640808,0.026881130412220955,0.08272571116685867,7.0486345291137695,0.8935053793388675
4EX6A,clean,ln_all,2.0,"[124, 180, 135]",0.5535767078399658,0.6435900767533245,0.1346816122531891,0.0006157418829388916,0.08854790031909943,7.006961822509766,0.8882228260487952
4EX6A,clean,ln_all,4.0,"[124, 180, 135]",0.5407464504241943,0.6279929671948559,0.13474225997924805,7.389498932752758e-07,0.09175358712673187,6.994808197021484,0.8866821971926109
4EX6A,clean,ln_all,8.0,"[124, 180, 135]",0.010278853587806225,-0.016870261730249952,0.13474228978157043,8.232753020975814e-12,0.09351909905672073,6.992097854614258,0.8863386263193156
4EX6A,clean,ln_all,10.0,"[124, 180, 135]",0.011517438106238842,-0.01536457577201893,0.13474228978157043,4.418460633178259e-14,0.09366029500961304,6.99199104309082,0.8863250865804665
4EX6A,clean,ln_all,12.0,"[124, 180, 135]",0.013963771983981133,-0.012390688633882702,0.13474228978157043,2.7482137498387464e-16,0.0937073603272438,6.991964340209961,0.8863217016457543
4EX6A,clean,ln_all,14.0,"[124, 180, 135]",0.010030092671513557,-0.01717266807640107,0.13474228978157043,1.8779253972122935e-18,0.09372343122959137,6.9919562339782715,0.886320674076288
4EX6A,clean,ln_all,16.0,"[124, 180, 135]",0.006615171674638987,-0.02132401868424581,0.13474228978157043,1.3689667885516415e-20,0.09372902661561966,6.9919538497924805,0.8863203718499745
4EX6A,clean,ln_all,32.0,"[124, 180, 135]",0.005584500264376402,-0.02257695495697298,0.13474228978157043,2.897839485841846e-37,0.0937320739030838,6.991952896118164,0.886320250959449
4EX6A,clean,k_only,0.0,"[124, 180, 135]",0.8467612266540527,1.0,0.40158361196517944,0.4644976854324341,0.2744380235671997,5.473707675933838,0.693863078469222
4EX6A,clean,k_only,0.5,"[124, 180, 135]",0.8398637175559998,0.9916150392313545,0.3313206732273102,0.4002452492713928,0.24001482129096985,5.808022499084473,0.7362417961689424
4EX6A,clean,k_only,1.0,"[124, 180, 135]",0.8339741230010986,0.984455350337285,0.2707001566886902,0.33780911564826965,0.20553836226463318,6.107285499572754,0.7741772430514451
4EX6A,clean,k_only,2.0,"[124, 180, 135]",0.8266200423240662,0.9755153580748932,0.18370506167411804,0.2254725843667984,0.1408570110797882,6.574827194213867,0.8334441858190919
4EX6A,clean,k_only,4.0,"[124, 180, 135]",0.814415454864502,0.9606788445464319,0.12967392802238464,0.08009148389101028,0.07385235279798508,6.997219085693359,0.8869878084409186
4EX6A,clean,k_only,8.0,"[124, 180, 135]",0.7208308577537537,0.8469126770549503,0.13412225246429443,0.006615859922021627,0.08382955938577652,7.040957450866699,0.8925322106090902
4EX6A,clean,k_only,10.0,"[124, 180, 135]",0.702297031879425,0.824382021329825,0.13457386195659637,0.0018110881792381406,0.08448299020528793,7.027364730834961,0.8908091579500197
4EX6A,clean,k_only,12.0,"[124, 180, 135]",0.6970958113670349,0.8180591547231284,0.1346965730190277,0.0005065634031780064,0.08464647084474564,7.021211624145508,0.8900291722798925
4EX6A,clean,k_only,14.0,"[124, 180, 135]",0.6957746744155884,0.8164531138538218,0.13472987711429596,0.00014630636724177748,0.0846870020031929,7.018855571746826,0.8897305122367974
4EX6A,clean,k_only,16.0,"[124, 180, 135]",0.6954460144042969,0.8160535781284278,0.13473890721797943,4.370685564936139e-05,0.08469732105731964,7.018002510070801,0.889622375661793
4EX6A,clean,k_only,32.0,"[124, 180, 135]",0.6953364014625549,0.815920327094877,0.13474228978157043,7.511280486482974e-09,0.0847010388970375,7.017530918121338,0.8895625952969638
4EX6A,clean,v_only,0.0,"[124, 180, 135]",0.8467612266540527,1.0,0.40158361196517944,0.4644976854324341,0.2744380235671997,5.473707675933838,0.693863078469222
4EX6A,clean,v_only,0.5,"[124, 180, 135]",0.8535102009773254,1.008204394387129,0.40158361196517944,0.4644976854324341,0.2744380235671997,5.473707675933838,0.693863078469222
4EX6A,clean,v_only,1.0,"[124, 180, 135]",0.8583770394325256,1.014120769260155,0.40158361196517944,0.4644976854324341,0.2744380235671997,5.473707675933838,0.693863078469222
4EX6A,clean,v_only,2.0,"[124, 180, 135]",0.8629190325737,1.019642245746638,0.40158361196517944,0.4644976854324341,0.2744380235671997,5.473707675933838,0.693863078469222
4EX6A,clean,v_only,4.0,"[124, 180, 135]",0.8554401993751526,1.0105505980121299,0.40158361196517944,0.4644976854324341,0.2744380235671997,5.473707675933838,0.693863078469222
4EX6A,clean,v_only,8.0,"[124, 180, 135]",0.37530946731567383,0.4268794067300245,0.40158361196517944,0.4644976854324341,0.2744380235671997,5.473707675933838,0.693863078469222
4EX6A,clean,v_only,10.0,"[124, 180, 135]",0.009258764795958996,-0.018110333237018734,0.40158361196517944,0.4644976854324341,0.2744380235671997,5.473707675933838,0.693863078469222
4EX6A,clean,v_only,12.0,"[124, 180, 135]",0.006148974411189556,-0.021890751646667966,0.40158361196517944,0.4644976854324341,0.2744380235671997,5.473707675933838,0.693863078469222
4EX6A,clean,v_only,14.0,"[124, 180, 135]",0.006074847187846899,-0.021980864446923966,0.40158361196517944,0.4644976854324341,0.2744380235671997,5.473707675933838,0.693863078469222
4EX6A,clean,v_only,16.0,"[124, 180, 135]",0.006372320000082254,-0.021619241457396316,0.40158361196517944,0.4644976854324341,0.2744380235671997,5.473707675933838,0.693863078469222
4EX6A,clean,v_only,32.0,"[124, 180, 135]",0.0075806016102433205,-0.020150393246447792,0.40158361196517944,0.4644976854324341,0.2744380235671997,5.473707675933838,0.693863078469222
4EZIA,clean,clean_baseline,nan,"[310, 170, 164]",0.7957424521446228,1.0,0.2310328483581543,0.22011396288871765,0.16715885698795319,7.143551826477051,0.8346810779472372
4EZIA,corrupt,corrupt_baseline,nan,"[310, 156, 198]",0.013264237903058529,0.0,0.07152668386697769,0.06504921615123749,0.027612416073679924,7.9892377853393555,0.9334943972727506
4EZIA,clean,corrupt_head_patch,nan,"[310, 170, 164]",0.05098331347107887,0.0482046335367694,0.07152668386697769,0.03710822016000748,0.027612416073679924,7.9892377853393555,0.9334943972727506
4EZIA,clean,ln_all,0.0,"[310, 170, 164]",0.7957424521446228,1.0,0.2310328483581543,0.22011396288871765,0.16715885698795319,7.143551826477051,0.8346810779472372
4EZIA,clean,ln_all,0.5,"[310, 170, 164]",0.5731313824653625,0.7155050893077818,0.09100216627120972,0.04607777297496796,0.03520417585968971,7.952779293060303,0.9292344416687303
4EZIA,clean,ln_all,1.0,"[310, 170, 164]",0.04286624491214752,0.037831094170182676,0.07326316088438034,0.007679225876927376,0.030834253877401352,8.03073501586914,0.9383430991442827
4EZIA,clean,ln_all,2.0,"[310, 170, 164]",0.0332082100212574,0.02548821392750218,0.07376471906900406,0.00023141090059652925,0.03136429563164711,8.019516944885254,0.9370323350021911
4EZIA,clean,ln_all,4.0,"[310, 170, 164]",0.054992035031318665,0.053327743020559114,0.07378251850605011,5.240820541985158e-07,0.032043930143117905,8.014389038085938,0.9364331699259328
4EZIA,clean,ln_all,8.0,"[310, 170, 164]",0.013077330775558949,-0.00023886559919210606,0.0737825334072113,2.1232224312051073e-11,0.03352056443691254,8.00792121887207,0.9356774441407024
4EZIA,clean,ln_all,10.0,"[310, 170, 164]",0.010290075093507767,-0.00380095286414273,0.0737825334072113,1.7338722417461344e-13,0.034037962555885315,8.005973815917969,0.9354499018149223
4EZIA,clean,ln_all,12.0,"[310, 170, 164]",0.01012599840760231,-0.004010641367821381,0.0737825334072113,1.4754132330208492e-15,0.03439219668507576,8.004775047302246,0.9353098329101693
4EZIA,clean,ln_all,14.0,"[310, 170, 164]",0.010288476943969727,-0.003802995284633106,0.0737825334072113,1.2889406237487095e-17,0.034630186855793,8.00406265258789,0.9352265938713066
4EZIA,clean,ln_all,16.0,"[310, 170, 164]",0.009351799264550209,-0.00500006079057491,0.0737825334072113,1.1498588581250767e-19,0.03479408845305443,8.003637313842773,0.93517689559643
4EZIA,clean,ln_all,32.0,"[310, 170, 164]",0.0072660502046346664,-0.007665629009540859,0.0737825334072113,7.891759958389012e-36,0.035320959985256195,8.002717971801758,0.9350694760067866
4EZIA,clean,k_only,0.0,"[310, 170, 164]",0.7957424521446228,1.0,0.2310328483581543,0.22011396288871765,0.16715885698795319,7.143551826477051,0.8346810779472372
4EZIA,clean,k_only,0.5,"[310, 170, 164]",0.7690901756286621,0.9659386344170693,0.18680241703987122,0.17450574040412903,0.13287238776683807,7.388893127441406,0.8633477337689108
4EZIA,clean,k_only,1.0,"[310, 170, 164]",0.727104902267456,0.9122818391260958,0.14901112020015717,0.1354949176311493,0.10331179946660995,7.584807395935059,0.8862391380428225
4EZIA,clean,k_only,2.0,"[310, 170, 164]",0.6127954721450806,0.7661954330870822,0.10908067226409912,0.0777570903301239,0.05930382013320923,7.840580940246582,0.9161247387722867
4EZIA,clean,k_only,4.0,"[310, 170, 164]",0.1711914837360382,0.20182957551866723,0.07808662205934525,0.023017240688204765,0.030091941356658936,8.013313293457031,0.9363074756343168
4EZIA,clean,k_only,8.0,"[310, 170, 164]",0.024748370051383972,0.01467661583326855,0.07374287396669388,0.0019208048470318317,0.03089861571788788,8.027667999267578,0.9379847366958456
4EZIA,clean,k_only,10.0,"[310, 170, 164]",0.023143218830227852,0.012625247255918508,0.07388482242822647,0.0005786188994534314,0.03094734437763691,8.02375316619873,0.937527311990984
4EZIA,clean,k_only,12.0,"[310, 170, 164]",0.022711999714374542,0.012074153170479619,0.07392305880784988,0.0001807778753573075,0.030961260199546814,8.021825790405273,0.9373021097185054
4EZIA,clean,k_only,14.0,"[310, 170, 164]",0.022583132609725,0.011909462189562722,0.07393334805965424,5.862554826308042e-05,0.03096531704068184,8.021008491516113,0.9372066132575878
4EZIA,clean,k_only,16.0,"[310, 170, 164]",0.022543009370565414,0.011858185056948271,0.0739361122250557,1.9727402104763314e-05,0.030966533347964287,8.020678520202637,0.9371680580936701
4EZIA,clean,k_only,32.0,"[310, 170, 164]",0.022524207830429077,0.011834156860643073,0.07393713295459747,9.315495042017119e-09,0.030967095866799355,8.02046012878418,0.9371425403695743
4EZIA,clean,v_only,0.0,"[310, 170, 164]",0.7957424521446228,1.0,0.2310328483581543,0.22011396288871765,0.16715885698795319,7.143551826477051,0.8346810779472372
4EZIA,clean,v_only,0.5,"[310, 170, 164]",0.8008769750595093,1.0065618733166433,0.2310328483581543,0.22011396288871765,0.16715885698795319,7.143551826477051,0.8346810779472372
4EZIA,clean,v_only,1.0,"[310, 170, 164]",0.8053016662597656,1.0122165881952487,0.2310328483581543,0.22011396288871765,0.16715885698795319,7.143551826477051,0.8346810779472372
4EZIA,clean,v_only,2.0,"[310, 170, 164]",0.8119804859161377,1.020752058620896,0.2310328483581543,0.22011396288871765,0.16715885698795319,7.143551826477051,0.8346810779472372
4EZIA,clean,v_only,4.0,"[310, 170, 164]",0.81754469871521,1.027863071678896,0.2310328483581543,0.22011396288871765,0.16715885698795319,7.143551826477051,0.8346810779472372
4EZIA,clean,v_only,8.0,"[310, 170, 164]",0.7843156456947327,0.985396645884939,0.2310328483581543,0.22011396288871765,0.16715885698795319,7.143551826477051,0.8346810779472372
4EZIA,clean,v_only,10.0,"[310, 170, 164]",0.4435656666755676,0.5499212897442635,0.2310328483581543,0.22011396288871765,0.16715885698795319,7.143551826477051,0.8346810779472372
4EZIA,clean,v_only,12.0,"[310, 170, 164]",0.038277097046375275,0.03196620517743239,0.2310328483581543,0.22011396288871765,0.16715885698795319,7.143551826477051,0.8346810779472372
4EZIA,clean,v_only,14.0,"[310, 170, 164]",0.012397993355989456,-0.0011070526070923277,0.2310328483581543,0.22011396288871765,0.16715885698795319,7.143551826477051,0.8346810779472372
4EZIA,clean,v_only,16.0,"[310, 170, 164]",0.010952332057058811,-0.002954594522788839,0.2310328483581543,0.22011396288871765,0.16715885698795319,7.143551826477051,0.8346810779472372
4EZIA,clean,v_only,32.0,"[310, 170, 164]",0.009274744428694248,-0.005098536165931715,0.2310328483581543,0.22011396288871765,0.16715885698795319,7.143551826477051,0.8346810779472372
4G41A,clean,clean_baseline,nan,"[196, 76, 77]",0.9031475186347961,1.0,0.8227227926254272,0.7465046644210815,0.5375312566757202,3.399348735809326,0.4312447886479559
4G41A,corrupt,corrupt_baseline,nan,"[196, 76, 77]",0.2965782582759857,0.0,0.8202976584434509,0.6815849542617798,0.5286723375320435,3.8504836559295654,0.4884762169005345
4G41A,clean,corrupt_head_patch,nan,"[196, 76, 77]",0.8914768099784851,0.9807594788937914,0.8202976584434509,0.6815849542617798,0.5286723375320435,3.8504836559295654,0.4884762169005345
4G41A,clean,ln_all,0.0,"[196, 76, 77]",0.9031475186347961,1.0,0.8227227926254272,0.7465046644210815,0.5375312566757202,3.399348735809326,0.4312447886479559
4G41A,clean,ln_all,0.5,"[196, 76, 77]",0.6037259101867676,0.5063686407865303,0.43702590465545654,0.39268016815185547,0.28981325030326843,5.623223304748535,0.7133677460130301
4G41A,clean,ln_all,1.0,"[196, 76, 77]",0.22802504897117615,-0.11301794170093214,0.22684240341186523,0.11917419731616974,0.10167751461267471,6.826985836029053,0.8660782675655658
4G41A,clean,ln_all,2.0,"[196, 76, 77]",0.11279728263616562,-0.3029843212481723,0.21032607555389404,0.00575149804353714,0.11654391884803772,7.037302017211914,0.8927591891632891
4G41A,clean,ln_all,4.0,"[196, 76, 77]",0.12060526013374329,-0.2901119618856835,0.2115088403224945,9.332720765087288e-06,0.11747066676616669,7.0104475021362305,0.8893523984577455
4G41A,clean,ln_all,8.0,"[196, 76, 77]",0.047868963330984116,-0.410026210028975,0.2115127146244049,5.749746165295555e-11,0.11682961136102676,7.005821704864502,0.8887655651782527
4G41A,clean,ln_all,10.0,"[196, 76, 77]",0.024942366406321526,-0.44782337256751276,0.2115127146244049,1.684257524029939e-13,0.11654313653707504,7.005956649780273,0.8887826844255566
4G41A,clean,ln_all,12.0,"[196, 76, 77]",0.010124235413968563,-0.47225278559709394,0.2115127146244049,5.353670154934029e-16,0.11635089665651321,7.005873680114746,0.8887721588106064
4G41A,clean,ln_all,14.0,"[196, 76, 77]",0.01038272026926279,-0.47182664323844337,0.2115127146244049,1.8186641101774632e-18,0.11622781306505203,7.005496025085449,0.8887242491149712
4G41A,clean,ln_all,16.0,"[196, 76, 77]",0.01277737133204937,-0.4678787823439265,0.2115127146244049,6.512201919451404e-21,0.11615178734064102,7.004942893981934,0.8886540783486366
4G41A,clean,ln_all,32.0,"[196, 76, 77]",0.00850453320890665,-0.47492305313439676,0.2115127146244049,4.1769203975361985e-40,0.11605487763881683,7.002538681030273,0.888349077483241
4G41A,clean,k_only,0.0,"[196, 76, 77]",0.9031475186347961,1.0,0.8227227926254272,0.7465046644210815,0.5375312566757202,3.399348735809326,0.4312447886479559
4G41A,clean,k_only,0.5,"[196, 76, 77]",0.895426332950592,0.98727072704008,0.7718100547790527,0.6950957179069519,0.5023893117904663,3.7659969329833984,0.47775814652526777
4G41A,clean,k_only,1.0,"[196, 76, 77]",0.8883436322212219,0.9755940708158914,0.7086517810821533,0.6378182768821716,0.462668776512146,4.155887603759766,0.5272200679055504
4G41A,clean,k_only,2.0,"[196, 76, 77]",0.8639636635780334,0.935400855899648,0.5630948543548584,0.5101833939552307,0.3731277287006378,4.959769248962402,0.6292012993489452
4G41A,clean,k_only,4.0,"[196, 76, 77]",0.7737262845039368,0.7866340373821425,0.3115431070327759,0.26111695170402527,0.19657683372497559,6.272139549255371,0.7956899113633146
4G41A,clean,k_only,8.0,"[196, 76, 77]",0.6728381514549255,0.620308211722379,0.20837795734405518,0.041740626096725464,0.11165141314268112,7.022497653961182,0.8908810927991602
4G41A,clean,k_only,10.0,"[196, 76, 77]",0.675279974937439,0.6243338418393239,0.208671435713768,0.016689974814653397,0.11488592624664307,7.049200057983398,0.8942685865439617
4G41A,clean,k_only,12.0,"[196, 76, 77]",0.6882367730140686,0.6456946309913577,0.20988616347312927,0.006916236598044634,0.11606370657682419,7.047890663146973,0.8941024754022766
4G41A,clean,k_only,14.0,"[196, 76, 77]",0.6998583078384399,0.6648540833142412,0.21040666103363037,0.002844281028956175,0.11650291085243225,7.042746067047119,0.8934498267833251
4G41A,clean,k_only,16.0,"[196, 76, 77]",0.7066192626953125,0.6760003040325038,0.21064335107803345,0.0011378683848306537,0.11666879057884216,7.0385541915893555,0.8929180412601809
4G41A,clean,k_only,32.0,"[196, 76, 77]",0.7120790481567383,0.6850013956113881,0.21011537313461304,6.443643201237137e-07,0.11676779389381409,7.033303260803223,0.8922519029163221
4G41A,clean,v_only,0.0,"[196, 76, 77]",0.9031475186347961,1.0,0.8227227926254272,0.7465046644210815,0.5375312566757202,3.399348735809326,0.4312447886479559
4G41A,clean,v_only,0.5,"[196, 76, 77]",0.8930691480636597,0.9833846334956461,0.8227227926254272,0.7465046644210815,0.5375312566757202,3.399348735809326,0.4312447886479559
4G41A,clean,v_only,1.0,"[196, 76, 77]",0.8829010128974915,0.966621279612277,0.8227227926254272,0.7465046644210815,0.5375312566757202,3.399348735809326,0.4312447886479559
4G41A,clean,v_only,2.0,"[196, 76, 77]",0.8632565140724182,0.9342350376628371,0.8227227926254272,0.7465046644210815,0.5375312566757202,3.399348735809326,0.4312447886479559
4G41A,clean,v_only,4.0,"[196, 76, 77]",0.8243355751037598,0.8700693413239967,0.8227227926254272,0.7465046644210815,0.5375312566757202,3.399348735809326,0.4312447886479559
4G41A,clean,v_only,8.0,"[196, 76, 77]",0.7533695697784424,0.7530736246545794,0.8227227926254272,0.7465046644210815,0.5375312566757202,3.399348735809326,0.4312447886479559
4G41A,clean,v_only,10.0,"[196, 76, 77]",0.45311880111694336,0.2580752983564606,0.8227227926254272,0.7465046644210815,0.5375312566757202,3.399348735809326,0.4312447886479559
4G41A,clean,v_only,12.0,"[196, 76, 77]",0.14164623618125916,-0.2554234647550025,0.8227227926254272,0.7465046644210815,0.5375312566757202,3.399348735809326,0.4312447886479559
4G41A,clean,v_only,14.0,"[196, 76, 77]",0.034791626036167145,-0.43158572210692164,0.8227227926254272,0.7465046644210815,0.5375312566757202,3.399348735809326,0.4312447886479559
4G41A,clean,v_only,16.0,"[196, 76, 77]",0.012194022536277771,-0.46884050070635475,0.8227227926254272,0.7465046644210815,0.5375312566757202,3.399348735809326,0.4312447886479559
4G41A,clean,v_only,32.0,"[196, 76, 77]",0.007835645228624344,-0.4760257927949701,0.8227227926254272,0.7465046644210815,0.5375312566757202,3.399348735809326,0.4312447886479559
4HZIA,clean,clean_baseline,nan,"[64, 227, 200]",0.8631985783576965,1.0,0.6283131241798401,0.6479858160018921,0.6045522689819336,3.7750635147094727,0.46039199567367706
4HZIA,corrupt,corrupt_baseline,nan,"[64, 241, 72]",0.14813613891601562,0.0,0.5836181044578552,0.5962604284286499,0.5779480934143066,4.093754768371582,0.4992583357247891
4HZIA,clean,corrupt_head_patch,nan,"[64, 227, 200]",0.851041853427887,0.9829990721659195,0.5836181044578552,0.5805282592773438,0.5779480934143066,4.093754768371582,0.4992583357247891
4HZIA,clean,ln_all,0.0,"[64, 227, 200]",0.8631985783576965,1.0,0.6283131241798401,0.6479858160018921,0.6045522689819336,3.7750635147094727,0.46039199567367706
4HZIA,clean,ln_all,0.5,"[64, 227, 200]",0.6204324960708618,0.6604966658906236,0.24115397036075592,0.2341286540031433,0.21977153420448303,6.735562324523926,0.821442862746285
4HZIA,clean,ln_all,1.0,"[64, 227, 200]",0.12006703019142151,-0.039254066744871134,0.08637584745883942,0.045447517186403275,0.042648784816265106,7.6971282958984375,0.9387116914184508
4HZIA,clean,ln_all,2.0,"[64, 227, 200]",0.08346052467823029,-0.09044750593847987,0.06366591155529022,0.0012125889770686626,0.02368314005434513,7.781630516052246,0.9490172520067374
4HZIA,clean,ln_all,4.0,"[64, 227, 200]",0.09639346599578857,-0.07236105557526921,0.06375862658023834,1.2537609563878505e-06,0.02371525950729847,7.771603584289551,0.9477944065879189
4HZIA,clean,ln_all,8.0,"[64, 227, 200]",0.02158144675195217,-0.17698411381092408,0.06375889480113983,3.717690651855454e-12,0.025556808337569237,7.761814117431641,0.9466005214610241
4HZIA,clean,ln_all,10.0,"[64, 227, 200]",0.007878018543124199,-0.19614807412119792,0.06375889480113983,8.441694676728125e-15,0.026299161836504936,7.759772777557373,0.9463515676262343
4HZIA,clean,ln_all,12.0,"[64, 227, 200]",0.009670834057033062,-0.19364085878583687,0.06375889480113983,2.1974316015905972e-17,0.02674710564315319,7.758647441864014,0.9462143260821783
4HZIA,clean,ln_all,14.0,"[64, 227, 200]",0.011937235482037067,-0.1904713433701291,0.06375889480113983,6.399490563834741e-20,0.027059443295001984,7.757917881011963,0.9461253516913283
4HZIA,clean,ln_all,16.0,"[64, 227, 200]",0.007848319597542286,-0.19618960748100508,0.06375889480113983,2.04145981513682e-22,0.027299871668219566,7.757376194000244,0.9460592896599521
4HZIA,clean,ln_all,32.0,"[64, 227, 200]",0.006271705962717533,-0.19839446896982244,0.06375889480113983,1.1172552656061767e-41,0.028179895132780075,7.755194187164307,0.9457931806321552
4HZIA,clean,k_only,0.0,"[64, 227, 200]",0.8631985783576965,1.0,0.6283131241798401,0.6479858160018921,0.6045522689819336,3.7750635147094727,0.46039199567367706
4HZIA,clean,k_only,0.5,"[64, 227, 200]",0.8629512190818787,0.9996540731799436,0.552391767501831,0.5755221843719482,0.5378422141075134,4.347075462341309,0.5301523377429614
4HZIA,clean,k_only,1.0,"[64, 227, 200]",0.8516295552253723,0.9838209609480295,0.47757503390312195,0.49928078055381775,0.4672475755214691,4.9258599281311035,0.6007386296640377
4HZIA,clean,k_only,2.0,"[64, 227, 200]",0.7776602506637573,0.880376421727972,0.3400285243988037,0.34861424565315247,0.32687950134277344,5.997611999511719,0.7314453245547837
4HZIA,clean,k_only,4.0,"[64, 227, 200]",0.45241090655326843,0.42552195564184553,0.15919020771980286,0.1293216496706009,0.121336929500103,7.328452110290527,0.8937493843769897
4HZIA,clean,k_only,8.0,"[64, 227, 200]",0.06683002412319183,-0.11370491625361755,0.06324762105941772,0.011093232780694962,0.02334991842508316,7.785317420959473,0.9494668925231109
4HZIA,clean,k_only,10.0,"[64, 227, 200]",0.06249538064002991,-0.11976682531787548,0.06356669962406158,0.0031782512087374926,0.023545322939753532,7.787964820861816,0.9497897590708225
4HZIA,clean,k_only,12.0,"[64, 227, 200]",0.061517875641584396,-0.1211338457968266,0.06367328017950058,0.0009267852874472737,0.02360071800649166,7.7842326164245605,0.9493345940007687
4HZIA,clean,k_only,14.0,"[64, 227, 200]",0.06126213073730469,-0.12149149974447261,0.06372825056314468,0.00027541350573301315,0.02361666038632393,7.7818756103515625,0.9490471427498072
4HZIA,clean,k_only,16.0,"[64, 227, 200]",0.061191581189632416,-0.12159016182456642,0.06374816596508026,8.327591785928234e-05,0.023621341213583946,7.7808098793029785,0.9489171703553303
4HZIA,clean,k_only,32.0,"[64, 227, 200]",0.06116320565342903,-0.12162984442378887,0.06375889480113983,8.912256710402744e-09,0.023623356595635414,7.780120849609375,0.9488331389861943
4HZIA,clean,v_only,0.0,"[64, 227, 200]",0.8631985783576965,1.0,0.6283131241798401,0.6479858160018921,0.6045522689819336,3.7750635147094727,0.46039199567367706
4HZIA,clean,v_only,0.5,"[64, 227, 200]",0.8586360216140747,0.9936193589650937,0.6283131241798401,0.6479858160018921,0.6045522689819336,3.7750635147094727,0.46039199567367706
4HZIA,clean,v_only,1.0,"[64, 227, 200]",0.8505328893661499,0.9822872964752057,0.6283131241798401,0.6479858160018921,0.6045522689819336,3.7750635147094727,0.46039199567367706
4HZIA,clean,v_only,2.0,"[64, 227, 200]",0.8233007192611694,0.9442036710420991,0.6283131241798401,0.6479858160018921,0.6045522689819336,3.7750635147094727,0.46039199567367706
4HZIA,clean,v_only,4.0,"[64, 227, 200]",0.7280579805374146,0.8110086750944443,0.6283131241798401,0.6479858160018921,0.6045522689819336,3.7750635147094727,0.46039199567367706
4HZIA,clean,v_only,8.0,"[64, 227, 200]",0.2872397005558014,0.19453344766423125,0.6283131241798401,0.6479858160018921,0.6045522689819336,3.7750635147094727,0.46039199567367706
4HZIA,clean,v_only,10.0,"[64, 227, 200]",0.019223706796765327,-0.18028136426786007,0.6283131241798401,0.6479858160018921,0.6045522689819336,3.7750635147094727,0.46039199567367706
4HZIA,clean,v_only,12.0,"[64, 227, 200]",0.010241230018436909,-0.19284317185677763,0.6283131241798401,0.6479858160018921,0.6045522689819336,3.7750635147094727,0.46039199567367706
4HZIA,clean,v_only,14.0,"[64, 227, 200]",0.007876421324908733,-0.19615030779776568,0.6283131241798401,0.6479858160018921,0.6045522689819336,3.7750635147094727,0.46039199567367706
4HZIA,clean,v_only,16.0,"[64, 227, 200]",0.007402465213090181,-0.1968131255961507,0.6283131241798401,0.6479858160018921,0.6045522689819336,3.7750635147094727,0.46039199567367706
4HZIA,clean,v_only,32.0,"[64, 227, 200]",0.007317110430449247,-0.19693249249047054,0.6283131241798401,0.6479858160018921,0.6045522689819336,3.7750635147094727,0.46039199567367706
4ME3A,clean,clean_baseline,nan,"[75, 230, 127]",1.046533465385437,1.0,0.3497007489204407,0.36030101776123047,0.2503134310245514,6.1033220291137695,0.7566643369545223
4ME3A,corrupt,corrupt_baseline,nan,"[75, 230, 127]",0.369900643825531,0.0,0.1853213906288147,0.18641047179698944,0.08684024214744568,7.029596328735352,0.8714999503168652
4ME3A,clean,corrupt_head_patch,nan,"[75, 230, 127]",1.0136785507202148,0.9514435102490615,0.1853213906288147,0.18641047179698944,0.08684024214744568,7.029596328735352,0.8714999503168652
4ME3A,clean,ln_all,0.0,"[75, 230, 127]",1.046533465385437,1.0,0.3497007489204407,0.36030101776123047,0.2503134310245514,6.1033220291137695,0.7566643369545223
4ME3A,clean,ln_all,0.5,"[75, 230, 127]",0.9285224676132202,0.8255907871862396,0.10846821218729019,0.08822876214981079,0.06139342486858368,7.339018821716309,0.9098608567827899
4ME3A,clean,ln_all,1.0,"[75, 230, 127]",0.7677716612815857,0.5880161363423145,0.08187299221754074,0.016561191529035568,0.026544351130723953,7.489797592163086,0.9285537780841251
4ME3A,clean,ln_all,2.0,"[75, 230, 127]",0.023492900654673576,-0.5119582321949011,0.08294012397527695,0.0005535606760531664,0.026959650218486786,7.475698947906494,0.9268058871392455
4ME3A,clean,ln_all,4.0,"[75, 230, 127]",0.018373461440205574,-0.5195242843451141,0.08302036672830582,9.897481731968583e-07,0.02694566175341606,7.470278263092041,0.9261338533089147
4ME3A,clean,ln_all,8.0,"[75, 230, 127]",0.011858664453029633,-0.5291525447244387,0.0830204039812088,1.4072507048545901e-11,0.0274508073925972,7.465608596801758,0.9255549276139438
4ME3A,clean,ln_all,10.0,"[75, 230, 127]",0.007750555872917175,-0.5352239448238925,0.0830204039812088,7.111638480796628e-14,0.02771582640707493,7.463324069976807,0.9252717015336206
4ME3A,clean,ln_all,12.0,"[75, 230, 127]",0.007686832454055548,-0.5353181220745832,0.0830204039812088,3.7529814372285386e-16,0.027958879247307777,7.461305618286133,0.9250214623355391
4ME3A,clean,ln_all,14.0,"[75, 230, 127]",0.00745914364233613,-0.5356546248342254,0.0830204039812088,2.0141608033288584e-18,0.028172189369797707,7.459652423858643,0.9248165062051945
4ME3A,clean,ln_all,16.0,"[75, 230, 127]",0.007658164482563734,-0.5353604906540821,0.0830204039812088,1.0906494314372444e-20,0.02835320681333542,7.458364486694336,0.9246568331425868
4ME3A,clean,ln_all,32.0,"[75, 230, 127]",0.006949166301637888,-0.5364083236269067,0.0830204039812088,9.807560433649141e-39,0.028937604278326035,7.454789161682129,0.9242135793019975
4ME3A,clean,k_only,0.0,"[75, 230, 127]",1.046533465385437,1.0,0.3497007489204407,0.36030101776123047,0.2503134310245514,6.1033220291137695,0.7566643369545223
4ME3A,clean,k_only,0.5,"[75, 230, 127]",1.0380713939666748,0.9874938502107335,0.2859427332878113,0.2933865189552307,0.2038603127002716,6.462578773498535,0.801203485468993
4ME3A,clean,k_only,1.0,"[75, 230, 127]",1.0292221307754517,0.9744154672100064,0.23173275589942932,0.23434777557849884,0.1628970354795456,6.754284858703613,0.8373679858008475
4ME3A,clean,k_only,2.0,"[75, 230, 127]",1.0115140676498413,0.9482446067944765,0.15089815855026245,0.142722025513649,0.09931015223264694,7.149452209472656,0.8863591810924305
4ME3A,clean,k_only,4.0,"[75, 230, 127]",0.9828041791915894,0.9058140779412289,0.0854676365852356,0.04734961688518524,0.03297628089785576,7.44655179977417,0.9231923456268599
4ME3A,clean,k_only,8.0,"[75, 230, 127]",0.959844708442688,0.8718821284150875,0.08268165588378906,0.004645364824682474,0.02687959186732769,7.487567901611328,0.92827735037559
4ME3A,clean,k_only,10.0,"[75, 230, 127]",0.9571492075920105,0.8678984303667675,0.08288788795471191,0.00146768381819129,0.02696356549859047,7.48093318939209,0.9274548065054965
4ME3A,clean,k_only,12.0,"[75, 230, 127]",0.9561658501625061,0.8664451200954192,0.08294771611690521,0.0004713701782748103,0.026989633217453957,7.47715425491333,0.9269863100148762
4ME3A,clean,k_only,14.0,"[75, 230, 127]",0.955814003944397,0.8659251243061253,0.0829654186964035,0.00015412946231663227,0.02699785679578781,7.475417137145996,0.9267709494198819
4ME3A,clean,k_only,16.0,"[75, 230, 127]",0.9556892514228821,0.8657407517520017,0.08296947181224823,5.132525257067755e-05,0.027000512927770615,7.474684238433838,0.926680087703026
4ME3A,clean,k_only,32.0,"[75, 230, 127]",0.9556164741516113,0.8656331937545889,0.0829707533121109,1.3931396480870717e-08,0.02700181119143963,7.474193096160889,0.9266191979383144
4ME3A,clean,v_only,0.0,"[75, 230, 127]",1.046533465385437,1.0,0.3497007489204407,0.36030101776123047,0.2503134310245514,6.1033220291137695,0.7566643369545223
4ME3A,clean,v_only,0.5,"[75, 230, 127]",1.0566208362579346,1.0149081903080643,0.3497007489204407,0.36030101776123047,0.2503134310245514,6.1033220291137695,0.7566643369545223
4ME3A,clean,v_only,1.0,"[75, 230, 127]",1.0636287927627563,1.0252652943111862,0.3497007489204407,0.36030101776123047,0.2503134310245514,6.1033220291137695,0.7566643369545223
4ME3A,clean,v_only,2.0,"[75, 230, 127]",1.0678163766860962,1.0314541515316884,0.3497007489204407,0.36030101776123047,0.2503134310245514,6.1033220291137695,0.7566643369545223
4ME3A,clean,v_only,4.0,"[75, 230, 127]",1.013147234916687,0.9506582752048865,0.3497007489204407,0.36030101776123047,0.2503134310245514,6.1033220291137695,0.7566643369545223
4ME3A,clean,v_only,8.0,"[75, 230, 127]",0.24424247443675995,-0.18571101694280706,0.3497007489204407,0.36030101776123047,0.2503134310245514,6.1033220291137695,0.7566643369545223
4ME3A,clean,v_only,10.0,"[75, 230, 127]",0.017358839511871338,-0.5210238006204185,0.3497007489204407,0.36030101776123047,0.2503134310245514,6.1033220291137695,0.7566643369545223
4ME3A,clean,v_only,12.0,"[75, 230, 127]",0.008734742179512978,-0.5337694095497584,0.3497007489204407,0.36030101776123047,0.2503134310245514,6.1033220291137695,0.7566643369545223
4ME3A,clean,v_only,14.0,"[75, 230, 127]",0.007811940740793943,-0.535133223732747,0.3497007489204407,0.36030101776123047,0.2503134310245514,6.1033220291137695,0.7566643369545223
4ME3A,clean,v_only,16.0,"[75, 230, 127]",0.007573131937533617,-0.5354861607994263,0.3497007489204407,0.36030101776123047,0.2503134310245514,6.1033220291137695,0.7566643369545223
4ME3A,clean,v_only,32.0,"[75, 230, 127]",0.007423628121614456,-0.5357071134507838,0.3497007489204407,0.36030101776123047,0.2503134310245514,6.1033220291137695,0.7566643369545223
4MFIA,clean,clean_baseline,nan,"[326, 95, 102]",0.6302300691604614,1.0,0.23306235671043396,0.269773930311203,0.23871290683746338,7.207897186279297,0.8220512844274261
4MFIA,corrupt,corrupt_baseline,nan,"[326, 95, 102]",0.07959368079900742,0.0,0.20755955576896667,0.2496669441461563,0.22666595876216888,7.313708782196045,0.8341189591018451
4MFIA,clean,corrupt_head_patch,nan,"[326, 95, 102]",0.6243065595626831,0.9892424298085256,0.20755955576896667,0.2496669441461563,0.22666595876216888,7.313708782196045,0.8341189591018451
4MFIA,clean,ln_all,0.0,"[326, 95, 102]",0.6302300691604614,1.0,0.23306235671043396,0.269773930311203,0.23871290683746338,7.207897186279297,0.8220512844274261
4MFIA,clean,ln_all,0.5,"[326, 95, 102]",0.1809750348329544,0.18411669874493886,0.06679554283618927,0.06503353267908096,0.0574631541967392,8.378562927246094,0.9555641871681632
4MFIA,clean,ln_all,1.0,"[326, 95, 102]",0.009237263351678848,-0.12777291681846595,0.033048518002033234,0.0124878054484725,0.01221662200987339,8.555099487304688,0.975697951870137
4MFIA,clean,ln_all,2.0,"[326, 95, 102]",0.008888773620128632,-0.1284058022196419,0.032377734780311584,0.0005850269226357341,0.012395352125167847,8.5595121383667,0.9762012089754356
4MFIA,clean,ln_all,4.0,"[326, 95, 102]",0.008853768929839134,-0.1284693735546088,0.03240411356091499,2.96989742309961e-06,0.012404186651110649,8.556015968322754,0.9758024753363552
4MFIA,clean,ln_all,8.0,"[326, 95, 102]",0.00697289826348424,-0.131885186069201,0.0324043333530426,2.362581241754924e-10,0.012359462678432465,8.554179191589355,0.9755929933426649
4MFIA,clean,ln_all,10.0,"[326, 95, 102]",0.007332121022045612,-0.13123280862711018,0.0324043333530426,2.444685946734193e-12,0.012498724274337292,8.553373336791992,0.975501086652806
4MFIA,clean,ln_all,12.0,"[326, 95, 102]",0.007535749580711126,-0.13086300277524582,0.0324043333530426,2.6104716871759755e-14,0.012783680111169815,8.55264663696289,0.9754182074839628
4MFIA,clean,ln_all,14.0,"[326, 95, 102]",0.007618193048983812,-0.13071327880128542,0.0324043333530426,2.8397364538829616e-16,0.013049757108092308,8.551981925964355,0.9753423980604934
4MFIA,clean,ln_all,16.0,"[326, 95, 102]",0.007441888563334942,-0.1310334619373355,0.0324043333530426,3.1282727927885146e-18,0.013288509100675583,8.551368713378906,0.9752724619639498
4MFIA,clean,ln_all,32.0,"[326, 95, 102]",0.007956971414387226,-0.13009803002266485,0.0324043333530426,8.522269758614274e-34,0.014037540182471275,8.548929214477539,0.9749942402921637
4MFIA,clean,k_only,0.0,"[326, 95, 102]",0.6302300691604614,1.0,0.23306235671043396,0.269773930311203,0.23871290683746338,7.207897186279297,0.8220512844274261
4MFIA,clean,k_only,0.5,"[326, 95, 102]",0.6110339760780334,0.9651383499380591,0.18823301792144775,0.219924196600914,0.1951167732477188,7.528472900390625,0.858612527010506
4MFIA,clean,k_only,1.0,"[326, 95, 102]",0.5893123149871826,0.9256900650989683,0.15098536014556885,0.17554610967636108,0.15590916574001312,7.798920631408691,0.8894567384231062
4MFIA,clean,k_only,2.0,"[326, 95, 102]",0.5354230403900146,0.8278228050772906,0.09837056696414948,0.1060318872332573,0.09402663260698318,8.184175491333008,0.9333945533291721
4MFIA,clean,k_only,4.0,"[326, 95, 102]",0.3771916329860687,0.5404618337568152,0.04594225436449051,0.03451548144221306,0.03030380979180336,8.497133255004883,0.969086978588473
4MFIA,clean,k_only,8.0,"[326, 95, 102]",0.16711345314979553,0.15894295073964046,0.032233770936727524,0.0036892062053084373,0.012334304861724377,8.56403636932373,0.9767171916224069
4MFIA,clean,k_only,10.0,"[326, 95, 102]",0.15055343508720398,0.12886862508188704,0.032313939183950424,0.0012937105493620038,0.012369009666144848,8.562040328979492,0.9764895458213717
4MFIA,clean,k_only,12.0,"[326, 95, 102]",0.14534342288970947,0.11940682359615867,0.03233771026134491,0.00047403303324244916,0.012380748055875301,8.560064315795898,0.9762641840919188
4MFIA,clean,k_only,14.0,"[326, 95, 102]",0.14363859593868256,0.11631072063772539,0.03234495967626572,0.00018020575225818902,0.012384872883558273,8.558916091918945,0.976133230654534
4MFIA,clean,k_only,16.0,"[326, 95, 102]",0.1430644541978836,0.11526803302583791,0.032347239553928375,7.062149961711839e-05,0.012386373244225979,8.558330535888672,0.9760664487520803
4MFIA,clean,k_only,32.0,"[326, 95, 102]",0.14276374876499176,0.1147219277570113,0.0323483869433403,7.337997942613583e-08,0.012387286871671677,8.557792663574219,0.9760051051152987
4MFIA,clean,v_only,0.0,"[326, 95, 102]",0.6302300691604614,1.0,0.23306235671043396,0.269773930311203,0.23871290683746338,7.207897186279297,0.8220512844274261
4MFIA,clean,v_only,0.5,"[326, 95, 102]",0.6442863345146179,1.025527309221216,0.23306235671043396,0.269773930311203,0.23871290683746338,7.207897186279297,0.8220512844274261
4MFIA,clean,v_only,1.0,"[326, 95, 102]",0.6599776148796082,1.0540239372985636,0.23306235671043396,0.269773930311203,0.23871290683746338,7.207897186279297,0.8220512844274261
4MFIA,clean,v_only,2.0,"[326, 95, 102]",0.6851071715354919,1.0996612347729688,0.23306235671043396,0.269773930311203,0.23871290683746338,7.207897186279297,0.8220512844274261
4MFIA,clean,v_only,4.0,"[326, 95, 102]",0.5945237278938293,0.9351544103852553,0.23306235671043396,0.269773930311203,0.23871290683746338,7.207897186279297,0.8220512844274261
4MFIA,clean,v_only,8.0,"[326, 95, 102]",0.04689127951860428,-0.05939019282346505,0.23306235671043396,0.269773930311203,0.23871290683746338,7.207897186279297,0.8220512844274261
4MFIA,clean,v_only,10.0,"[326, 95, 102]",0.009486190974712372,-0.1273208442197511,0.23306235671043396,0.269773930311203,0.23871290683746338,7.207897186279297,0.8220512844274261
4MFIA,clean,v_only,12.0,"[326, 95, 102]",0.009029651060700417,-0.12814995744884677,0.23306235671043396,0.269773930311203,0.23871290683746338,7.207897186279297,0.8220512844274261
4MFIA,clean,v_only,14.0,"[326, 95, 102]",0.008106090128421783,-0.129827218435951,0.23306235671043396,0.269773930311203,0.23871290683746338,7.207897186279297,0.8220512844274261
4MFIA,clean,v_only,16.0,"[326, 95, 102]",0.007729274220764637,-0.13051154645280882,0.23306235671043396,0.269773930311203,0.23871290683746338,7.207897186279297,0.8220512844274261
4MFIA,clean,v_only,32.0,"[326, 95, 102]",0.008779889903962612,-0.12860354381185674,0.23306235671043396,0.269773930311203,0.23871290683746338,7.207897186279297,0.8220512844274261
4N9WA,clean,clean_baseline,nan,"[194, 147, 289]",0.7790738940238953,1.0,0.21347376704216003,0.2768125534057617,0.16538217663764954,7.134200096130371,0.8288516689935768
4N9WA,corrupt,corrupt_baseline,nan,"[194, 147, 289]",0.02123437076807022,0.0,0.11981000006198883,0.16380144655704498,0.10270791500806808,7.810176372528076,0.9073866213838527
4N9WA,clean,corrupt_head_patch,nan,"[194, 147, 289]",0.7373189926147461,0.9449027134006391,0.11981000006198883,0.16380144655704498,0.10270791500806808,7.810176372528076,0.9073866213838527
4N9WA,clean,ln_all,0.0,"[194, 147, 289]",0.7790738940238953,1.0,0.21347376704216003,0.2768125534057617,0.16538217663764954,7.134200096130371,0.8288516689935768
4N9WA,clean,ln_all,0.5,"[194, 147, 289]",0.5661137700080872,0.7189904755813075,0.07752464711666107,0.07884158939123154,0.04574077948927879,8.035553932189941,0.9335709958003707
4N9WA,clean,ln_all,1.0,"[194, 147, 289]",0.4009116291999817,0.5009995477680348,0.06626055389642715,0.01534062996506691,0.025002075359225273,8.18118667602539,0.950490614140428
4N9WA,clean,ln_all,2.0,"[194, 147, 289]",0.3690465986728668,0.45895234707544424,0.06691989302635193,0.0005376139306463301,0.02603994496166706,8.16855239868164,0.9490227632641154
4N9WA,clean,ln_all,4.0,"[194, 147, 289]",0.4292564392089844,0.538401674655305,0.06694856286048889,1.6750078657423728e-06,0.02688710391521454,8.159076690673828,0.9479218751068809
4N9WA,clean,ln_all,8.0,"[194, 147, 289]",0.5637145638465881,0.7158246257042892,0.06694861501455307,3.5478670001865e-10,0.027640139684081078,8.155649185180664,0.9475236673736783
4N9WA,clean,ln_all,10.0,"[194, 147, 289]",0.012069246731698513,-0.012093753037577882,0.06694861501455307,8.766079875877075e-12,0.027851948514580727,8.155220031738281,0.9474738083085862
4N9WA,clean,ln_all,12.0,"[194, 147, 289]",0.00970516074448824,-0.015213260419633787,0.06694861501455307,2.3863761444350984e-13,0.028030017390847206,8.154937744140625,0.9474410121235478
4N9WA,clean,ln_all,14.0,"[194, 147, 289]",0.009109385311603546,-0.015999410276697358,0.06694861501455307,6.843618367450644e-15,0.02818642370402813,8.1547212600708,0.9474158609951568
4N9WA,clean,ln_all,16.0,"[194, 147, 289]",0.007892084307968616,-0.017605688342540598,0.06694861501455307,2.0247824972257538e-16,0.028326747938990593,8.154545783996582,0.9473954741774303
4N9WA,clean,ln_all,32.0,"[194, 147, 289]",0.00692038144916296,-0.018887889691225915,0.06694861501455307,1.8460125183799153e-28,0.029125165194272995,8.15377426147461,0.9473058386581868
4N9WA,clean,k_only,0.0,"[194, 147, 289]",0.7790738940238953,1.0,0.21347376704216003,0.2768125534057617,0.16538217663764954,7.134200096130371,0.8288516689935768
4N9WA,clean,k_only,0.5,"[194, 147, 289]",0.7441863417625427,0.9539644592413591,0.17559683322906494,0.23253586888313293,0.13828404247760773,7.36942720413208,0.8561803643529207
4N9WA,clean,k_only,1.0,"[194, 147, 289]",0.6992994546890259,0.8947343904786821,0.1447364091873169,0.19153372943401337,0.1133422926068306,7.572738170623779,0.8798010410413619
4N9WA,clean,k_only,2.0,"[194, 147, 289]",0.6039197444915771,0.7688769928759824,0.10342839360237122,0.12287227809429169,0.07197935879230499,7.8753838539123535,0.9149624293297978
4N9WA,clean,k_only,4.0,"[194, 147, 289]",0.49191540479660034,0.6210827221129791,0.06742329895496368,0.04282121732831001,0.024631047621369362,8.138739585876465,0.9455591094111254
4N9WA,clean,k_only,8.0,"[194, 147, 289]",0.4013693034648895,0.5016034675305481,0.06674495339393616,0.004163770936429501,0.025115979835391045,8.184761047363281,0.9509058847536844
4N9WA,clean,k_only,10.0,"[194, 147, 289]",0.3952898383140564,0.49358136659192914,0.06688077747821808,0.0013153539039194584,0.02521735616028309,8.17950439453125,0.9502951666052669
4N9WA,clean,k_only,12.0,"[194, 147, 289]",0.3936602473258972,0.49143105516298946,0.06692597270011902,0.00042859138920903206,0.025247400626540184,8.176375389099121,0.949931638621784
4N9WA,clean,k_only,14.0,"[194, 147, 289]",0.3932178318500519,0.490847269991764,0.066941037774086,0.00014462543185800314,0.025256477296352386,8.174907684326172,0.9497611206191688
4N9WA,clean,k_only,16.0,"[194, 147, 289]",0.39309456944465637,0.4906846202465172,0.06694607436656952,5.067273013992235e-05,0.02525927685201168,8.174272537231445,0.9496873292028324
4N9WA,clean,k_only,32.0,"[194, 147, 289]",0.3930474817752838,0.490622486156215,0.06694861501455307,4.761489336146951e-08,0.02526059001684189,8.173810005187988,0.9496335922104554
4N9WA,clean,v_only,0.0,"[194, 147, 289]",0.7790738940238953,1.0,0.21347376704216003,0.2768125534057617,0.16538217663764954,7.134200096130371,0.8288516689935768
4N9WA,clean,v_only,0.5,"[194, 147, 289]",0.7898173332214355,1.0141764039323053,0.21347376704216003,0.2768125534057617,0.16538217663764954,7.134200096130371,0.8288516689935768
4N9WA,clean,v_only,1.0,"[194, 147, 289]",0.7981826066970825,1.0252147217013603,0.21347376704216003,0.2768125534057617,0.16538217663764954,7.134200096130371,0.8288516689935768
4N9WA,clean,v_only,2.0,"[194, 147, 289]",0.8100946545600891,1.0409331521836216,0.21347376704216003,0.2768125534057617,0.16538217663764954,7.134200096130371,0.8288516689935768
4N9WA,clean,v_only,4.0,"[194, 147, 289]",0.8235267996788025,1.0586574126721828,0.21347376704216003,0.2768125534057617,0.16538217663764954,7.134200096130371,0.8288516689935768
4N9WA,clean,v_only,8.0,"[194, 147, 289]",0.7810972332954407,1.0026698782650616,0.21347376704216003,0.2768125534057617,0.16538217663764954,7.134200096130371,0.8288516689935768
4N9WA,clean,v_only,10.0,"[194, 147, 289]",0.7348167300224304,0.941600876381681,0.21347376704216003,0.2768125534057617,0.16538217663764954,7.134200096130371,0.8288516689935768
4N9WA,clean,v_only,12.0,"[194, 147, 289]",0.6448386907577515,0.8228712027456111,0.21347376704216003,0.2768125534057617,0.16538217663764954,7.134200096130371,0.8288516689935768
4N9WA,clean,v_only,14.0,"[194, 147, 289]",0.09991949796676636,0.10382821795919224,0.21347376704216003,0.2768125534057617,0.16538217663764954,7.134200096130371,0.8288516689935768
4N9WA,clean,v_only,16.0,"[194, 147, 289]",0.020975062623620033,-0.0003421676179359844,0.21347376704216003,0.2768125534057617,0.16538217663764954,7.134200096130371,0.8288516689935768
4N9WA,clean,v_only,32.0,"[194, 147, 289]",0.0076596783474087715,-0.01791235743728692,0.21347376704216003,0.2768125534057617,0.16538217663764954,7.134200096130371,0.8288516689935768
4OY3A,clean,clean_baseline,nan,"[193, 168, 65]",0.5170277953147888,1.0,0.9313317537307739,0.9071470499038696,0.8978362679481506,1.1428947448730469,0.14555925550403565
4OY3A,corrupt,corrupt_baseline,nan,"[193, 168, 22]",0.013689234852790833,0.0,0.9209876656532288,0.8803648948669434,0.8730167150497437,1.4104058742523193,0.17962951525994694
4OY3A,clean,corrupt_head_patch,nan,"[193, 168, 65]",0.39209067821502686,0.751783139791463,0.9209876656532288,0.8791891932487488,0.8730167150497437,1.4104058742523193,0.17962951525994694
4OY3A,clean,ln_all,0.0,"[193, 168, 65]",0.5170277953147888,1.0,0.9313317537307739,0.9071470499038696,0.8978362679481506,1.1428947448730469,0.14555925550403565
4OY3A,clean,ln_all,0.5,"[193, 168, 65]",0.16625598073005676,0.30310959235316665,0.6795040965080261,0.6487255692481995,0.6431317925453186,3.394351005554199,0.4323050810271479
4OY3A,clean,ln_all,1.0,"[193, 168, 65]",0.03223814442753792,0.036851755521614814,0.25574991106987,0.2899441421031952,0.28818774223327637,5.926527976989746,0.7548035406797593
4OY3A,clean,ln_all,2.0,"[193, 168, 65]",0.01252912450581789,-0.002304831058260498,0.10465686768293381,0.02560175396502018,0.028778068721294403,7.200781345367432,0.917092651253252
4OY3A,clean,ln_all,4.0,"[193, 168, 65]",0.012278428301215172,-0.002802897815499626,0.09596508741378784,0.00015214391169138253,0.030071813613176346,7.210476875305176,0.91832747547988
4OY3A,clean,ln_all,8.0,"[193, 168, 65]",0.013495521619915962,-0.00038485673081964405,0.09597588330507278,2.0610249507058143e-08,0.03108030930161476,7.2021284103393555,0.9172642136611714
4OY3A,clean,ln_all,10.0,"[193, 168, 65]",0.010309219360351562,-0.006715192830322526,0.09597588330507278,2.9101093756978003e-10,0.03150620311498642,7.1999311447143555,0.9169843695635811
4OY3A,clean,ln_all,12.0,"[193, 168, 65]",0.006835476495325565,-0.013616597049855324,0.09597588330507278,4.298370253480455e-12,0.031860604882240295,7.198307991027832,0.9167776444532952
4OY3A,clean,ln_all,14.0,"[193, 168, 65]",0.00665684649720788,-0.013971487400305975,0.09597588330507278,6.53120271624022e-14,0.032146573066711426,7.197055816650391,0.9166181673265001
4OY3A,clean,ln_all,16.0,"[193, 168, 65]",0.007077127695083618,-0.013136500314297752,0.09597588330507278,1.0121594792226844e-15,0.03237317502498627,7.196050643920898,0.9164901483686616
4OY3A,clean,ln_all,32.0,"[193, 168, 65]",0.006266512908041477,-0.014746976543852078,0.09597588330507278,5.013115899703215e-30,0.03312455117702484,7.191886901855469,0.915959853520537
4OY3A,clean,k_only,0.0,"[193, 168, 65]",0.5170277953147888,1.0,0.9313317537307739,0.9071470499038696,0.8978362679481506,1.1428947448730469,0.14555925550403565
4OY3A,clean,k_only,0.5,"[193, 168, 65]",0.5013045072555542,0.9687620037598496,0.9046882390975952,0.8796482682228088,0.8708091974258423,1.409334421157837,0.17949305482433817
4OY3A,clean,k_only,1.0,"[193, 168, 65]",0.48228204250335693,0.930969419907865,0.8753334283828735,0.8453466296195984,0.8370519876480103,1.729522943496704,0.22027231568073474
4OY3A,clean,k_only,2.0,"[193, 168, 65]",0.4323785603046417,0.8318244584073783,0.7851715087890625,0.7539193034172058,0.7469463348388672,2.534177541732788,0.32275325260214266
4OY3A,clean,k_only,4.0,"[193, 168, 65]",0.23358263075351715,0.4368697595886422,0.5111089944839478,0.5016813278198242,0.497834712266922,4.5071611404418945,0.5740327558442992
4OY3A,clean,k_only,8.0,"[193, 168, 65]",0.023386787623167038,0.019266461050540494,0.12043651193380356,0.12587645649909973,0.12531419098377228,6.832442283630371,0.870180930082063
4OY3A,clean,k_only,10.0,"[193, 168, 65]",0.019724547863006592,0.011990563577477837,0.1072530448436737,0.053625259548425674,0.05343345180153847,7.128664016723633,0.9079077768687808
4OY3A,clean,k_only,12.0,"[193, 168, 65]",0.01630217768251896,0.005191223234178188,0.10318859666585922,0.021685881540179253,0.0285673588514328,7.21454381942749,0.9188454421266568
4OY3A,clean,k_only,14.0,"[193, 168, 65]",0.015101813711225986,0.0028064189183888357,0.09751260280609131,0.008597705513238907,0.028999315574765205,7.230768203735352,0.9209117822786765
4OY3A,clean,k_only,16.0,"[193, 168, 65]",0.014709326438605785,0.0020266509779792038,0.09586620330810547,0.0034283618442714214,0.02915474772453308,7.22967529296875,0.9207725889905523
4OY3A,clean,k_only,32.0,"[193, 168, 65]",0.014449389651417732,0.001510225638046047,0.09541475772857666,4.4988514673605096e-06,0.029240218922495842,7.220821380615234,0.9196449533125889
4OY3A,clean,v_only,0.0,"[193, 168, 65]",0.5170277953147888,1.0,0.9313317537307739,0.9071470499038696,0.8978362679481506,1.1428947448730469,0.14555925550403565
4OY3A,clean,v_only,0.5,"[193, 168, 65]",0.47023919224739075,0.9070434758178425,0.9313317537307739,0.9071470499038696,0.8978362679481506,1.1428947448730469,0.14555925550403565
4OY3A,clean,v_only,1.0,"[193, 168, 65]",0.36570489406585693,0.6993615964768574,0.9313317537307739,0.9071470499038696,0.8978362679481506,1.1428947448730469,0.14555925550403565
4OY3A,clean,v_only,2.0,"[193, 168, 65]",0.09267892688512802,0.15693153324043987,0.9313317537307739,0.9071470499038696,0.8978362679481506,1.1428947448730469,0.14555925550403565
4OY3A,clean,v_only,4.0,"[193, 168, 65]",0.047331880778074265,0.06683899976668577,0.9313317537307739,0.9071470499038696,0.8978362679481506,1.1428947448730469,0.14555925550403565
4OY3A,clean,v_only,8.0,"[193, 168, 65]",0.012275077402591705,-0.002809555160846644,0.9313317537307739,0.9071470499038696,0.8978362679481506,1.1428947448730469,0.14555925550403565
4OY3A,clean,v_only,10.0,"[193, 168, 65]",0.008808376267552376,-0.00969696933363992,0.9313317537307739,0.9071470499038696,0.8978362679481506,1.1428947448730469,0.14555925550403565
4OY3A,clean,v_only,12.0,"[193, 168, 65]",0.00720376567915082,-0.012884904283286409,0.9313317537307739,0.9071470499038696,0.8978362679481506,1.1428947448730469,0.14555925550403565
4OY3A,clean,v_only,14.0,"[193, 168, 65]",0.006654467899352312,-0.013976213042333848,0.9313317537307739,0.9071470499038696,0.8978362679481506,1.1428947448730469,0.14555925550403565
4OY3A,clean,v_only,16.0,"[193, 168, 65]",0.006641061510890722,-0.014002847974593528,0.9313317537307739,0.9071470499038696,0.8978362679481506,1.1428947448730469,0.14555925550403565
4OY3A,clean,v_only,32.0,"[193, 168, 65]",0.00691699143499136,-0.013454648520438118,0.9313317537307739,0.9071470499038696,0.8978362679481506,1.1428947448730469,0.14555925550403565
4R6KA,clean,clean_baseline,nan,"[325, 90, 92]",0.6466605067253113,1.0,0.38673844933509827,0.39442336559295654,0.26579129695892334,6.40733528137207,0.7329816941870033
4R6KA,corrupt,corrupt_baseline,nan,"[325, 90, 92]",0.025584107264876366,0.0,0.3021196722984314,0.32194703817367554,0.2788930833339691,6.762605667114258,0.7736236580924749
4R6KA,clean,corrupt_head_patch,nan,"[325, 90, 92]",0.5988765954971313,0.9230627483676845,0.3021196722984314,0.32194703817367554,0.2788930833339691,6.762605667114258,0.7736236580924749
4R6KA,clean,ln_all,0.0,"[325, 90, 92]",0.6466605067253113,1.0,0.38673844933509827,0.39442336559295654,0.26579129695892334,6.40733528137207,0.7329816941870033
4R6KA,clean,ln_all,0.5,"[325, 90, 92]",0.5365209579467773,0.822663445472701,0.11061124503612518,0.10194341838359833,0.067691870033741,8.157280921936035,0.9331707063157805
4R6KA,clean,ln_all,1.0,"[325, 90, 92]",0.5456441044807434,0.8373526955261436,0.04370948672294617,0.019577112048864365,0.018570156767964363,8.45246410369873,0.9669388578425098
4R6KA,clean,ln_all,2.0,"[325, 90, 92]",0.11558688431978226,0.14491417985467894,0.044194545596838,0.0008578035049140453,0.01908051408827305,8.460721969604492,0.9678835351968496
4R6KA,clean,ln_all,4.0,"[325, 90, 92]",0.010816977359354496,-0.023776672110469712,0.04422750324010849,3.6360122521728044e-06,0.019366228953003883,8.454259872436523,0.9671442888920792
4R6KA,clean,ln_all,8.0,"[325, 90, 92]",0.007572962436825037,-0.028999886074722297,0.04422773793339729,1.9270807172233617e-10,0.02003103494644165,8.449740409851074,0.9666272746892595
4R6KA,clean,ln_all,10.0,"[325, 90, 92]",0.008124475367367268,-0.02811189076364404,0.04422773793339729,1.6499983887877101e-12,0.020348355174064636,8.448127746582031,0.9664427904062951
4R6KA,clean,ln_all,12.0,"[325, 90, 92]",0.008196881040930748,-0.027995309818648575,0.04422773793339729,1.4878716477189496e-14,0.020635614171624184,8.446887969970703,0.96630096334074
4R6KA,clean,ln_all,14.0,"[325, 90, 92]",0.007933352142572403,-0.028419619772443772,0.04422773793339729,1.4001797401759427e-16,0.020893024280667305,8.445928573608398,0.9661912110115489
4R6KA,clean,ln_all,16.0,"[325, 90, 92]",0.007332461886107922,-0.029387117904696922,0.04422773793339729,1.3697361311448012e-18,0.0211232490837574,8.445172309875488,0.9661046965015603
4R6KA,clean,ln_all,32.0,"[325, 90, 92]",0.007684340700507164,-0.02882055505557733,0.04422773793339729,3.4680265449199356e-34,0.02225998044013977,8.442596435546875,0.9658100234984338
4R6KA,clean,k_only,0.0,"[325, 90, 92]",0.6466605067253113,1.0,0.38673844933509827,0.39442336559295654,0.26579129695892334,6.40733528137207,0.7329816941870033
4R6KA,clean,k_only,0.5,"[325, 90, 92]",0.6413785815238953,0.991495530652904,0.3182656168937683,0.32729578018188477,0.22106005251407623,6.859337329864502,0.7846894966869268
4R6KA,clean,k_only,1.0,"[325, 90, 92]",0.6340427994728088,0.9796841302238112,0.25926780700683594,0.26531171798706055,0.17911496758460999,7.255495548248291,0.8300089172144058
4R6KA,clean,k_only,2.0,"[325, 90, 92]",0.616672694683075,0.95171638776117,0.1688777506351471,0.16408658027648926,0.10998817533254623,7.845623970031738,0.8975180003810521
4R6KA,clean,k_only,4.0,"[325, 90, 92]",0.5939041376113892,0.9150565547817392,0.06935562938451767,0.05441351234912872,0.03552298992872238,8.35402774810791,0.9556780070329197
4R6KA,clean,k_only,8.0,"[325, 90, 92]",0.5844835042953491,0.8998883189186082,0.04391692951321602,0.005661100149154663,0.018796002492308617,8.468619346618652,0.9687869736044356
4R6KA,clean,k_only,10.0,"[325, 90, 92]",0.5838732719421387,0.8989057790028416,0.04409484565258026,0.0019390112720429897,0.018872927874326706,8.465559959411621,0.9684369880457426
4R6KA,clean,k_only,12.0,"[325, 90, 92]",0.5837127566337585,0.8986473320412125,0.04413998872041702,0.0006920783780515194,0.018897293135523796,8.462440490722656,0.9680801293292575
4R6KA,clean,k_only,14.0,"[325, 90, 92]",0.583682119846344,0.8985980035086178,0.04415591061115265,0.00025573442690074444,0.018905339762568474,8.46064567565918,0.9678748073774307
4R6KA,clean,k_only,16.0,"[325, 90, 92]",0.5836793184280396,0.8985934929229525,0.04416174441576004,9.724194387672469e-05,0.018908066675066948,8.459750175476074,0.9677723645970029
4R6KA,clean,k_only,32.0,"[325, 90, 92]",0.5836871266365051,0.8986060649808707,0.04416531324386597,7.681887836952228e-08,0.018909616395831108,8.458965301513672,0.9676825771547322
4R6KA,clean,v_only,0.0,"[325, 90, 92]",0.6466605067253113,1.0,0.38673844933509827,0.39442336559295654,0.26579129695892334,6.40733528137207,0.7329816941870033
4R6KA,clean,v_only,0.5,"[325, 90, 92]",0.6543697118759155,1.0124126519012824,0.38673844933509827,0.39442336559295654,0.26579129695892334,6.40733528137207,0.7329816941870033
4R6KA,clean,v_only,1.0,"[325, 90, 92]",0.654646635055542,1.0128585280927898,0.38673844933509827,0.39442336559295654,0.26579129695892334,6.40733528137207,0.7329816941870033
4R6KA,clean,v_only,2.0,"[325, 90, 92]",0.6216198801994324,0.9596818901062202,0.38673844933509827,0.39442336559295654,0.26579129695892334,6.40733528137207,0.7329816941870033
4R6KA,clean,v_only,4.0,"[325, 90, 92]",0.49126502871513367,0.7497965175537523,0.38673844933509827,0.39442336559295654,0.26579129695892334,6.40733528137207,0.7329816941870033
4R6KA,clean,v_only,8.0,"[325, 90, 92]",0.03991730138659477,0.023077988688944683,0.38673844933509827,0.39442336559295654,0.26579129695892334,6.40733528137207,0.7329816941870033
4R6KA,clean,v_only,10.0,"[325, 90, 92]",0.01054134126752615,-0.024220475951781034,0.38673844933509827,0.39442336559295654,0.26579129695892334,6.40733528137207,0.7329816941870033
4R6KA,clean,v_only,12.0,"[325, 90, 92]",0.009561562910676003,-0.025798024797142632,0.38673844933509827,0.39442336559295654,0.26579129695892334,6.40733528137207,0.7329816941870033
4R6KA,clean,v_only,14.0,"[325, 90, 92]",0.009254169650375843,-0.026292961105408748,0.38673844933509827,0.39442336559295654,0.26579129695892334,6.40733528137207,0.7329816941870033
4R6KA,clean,v_only,16.0,"[325, 90, 92]",0.008778179064393044,-0.02705935729498594,0.38673844933509827,0.39442336559295654,0.26579129695892334,6.40733528137207,0.7329816941870033
4R6KA,clean,v_only,32.0,"[325, 90, 92]",0.008191116154193878,-0.028004591908165868,0.38673844933509827,0.39442336559295654,0.26579129695892334,6.40733528137207,0.7329816941870033
4TL6A,clean,clean_baseline,nan,"[149, 150, 151]",0.8672376275062561,1.0,0.7437447309494019,0.6417850255966187,0.2706259489059448,4.2653608322143555,0.534305933269862
4TL6A,corrupt,corrupt_baseline,nan,"[41, 50, 195]",0.006885874085128307,0.0,0.06787052750587463,0.06563328206539154,0.025644613429903984,7.587331771850586,0.9504369132780023
4TL6A,clean,corrupt_head_patch,nan,"[149, 150, 151]",0.3946102559566498,0.4506579783556702,0.06787052750587463,0.02846558578312397,0.025644613429903984,7.587331771850586,0.9504369132780023
4TL6A,clean,ln_all,0.0,"[149, 150, 151]",0.8672376275062561,1.0,0.7437447309494019,0.6417850255966187,0.2706259489059448,4.2653608322143555,0.534305933269862
4TL6A,clean,ln_all,0.5,"[149, 150, 151]",0.9073103070259094,1.0465770882203786,0.4424319863319397,0.2975938618183136,0.15011394023895264,5.6215972900390625,0.7041966447097294
4TL6A,clean,ln_all,1.0,"[149, 150, 151]",0.8790841102600098,1.0137693480679815,0.401597797870636,0.06983494013547897,0.22821028530597687,5.952670097351074,0.7456689074911372
4TL6A,clean,ln_all,2.0,"[149, 150, 151]",0.7832025289535522,0.9023247198386657,0.4210563898086548,0.0020650604274123907,0.2536564767360687,5.837332725524902,0.7312210226535762
4TL6A,clean,ln_all,4.0,"[149, 150, 151]",0.6878862977027893,0.7915372066247451,0.42269277572631836,3.3143694508908084e-06,0.25603213906288147,5.814845085144043,0.7284040793389601
4TL6A,clean,ln_all,8.0,"[149, 150, 151]",0.5125703811645508,0.5877648357995481,0.4226950407028198,3.9024471154558427e-11,0.25694739818573,5.813050270080566,0.7281792495120684
4TL6A,clean,ln_all,10.0,"[149, 150, 151]",0.3649342656135559,0.41616512095741487,0.4226950407028198,1.822271717202839e-13,0.2571575939655304,5.812783718109131,0.7281458595351202
4TL6A,clean,ln_all,12.0,"[149, 150, 151]",0.27451610565185547,0.31107071090692207,0.4226950407028198,9.57281167482144e-16,0.25729286670684814,5.812616348266602,0.7281248937356413
4TL6A,clean,ln_all,14.0,"[149, 150, 151]",0.11088209599256516,0.1208763990936303,0.4226950407028198,5.479468543497257e-18,0.2573794722557068,5.812509536743164,0.7281115138522131
4TL6A,clean,ln_all,16.0,"[149, 150, 151]",0.007268220651894808,0.0004444072616184327,0.4226950407028198,3.3384809189835594e-20,0.2574346959590912,5.812440872192383,0.7281029124985806
4TL6A,clean,ln_all,32.0,"[149, 150, 151]",0.006541150622069836,-0.00040067735282424107,0.4226950407028198,1.6892187756345514e-37,0.25752806663513184,5.812325477600098,0.7280884574459484
4TL6A,clean,k_only,0.0,"[149, 150, 151]",0.8672376275062561,1.0,0.7437447309494019,0.6417850255966187,0.2706259489059448,4.2653608322143555,0.534305933269862
4TL6A,clean,k_only,0.5,"[149, 150, 151]",0.8603045344352722,0.9919415598987101,0.6814903616905212,0.5884978771209717,0.24852941930294037,4.536931991577148,0.5683246452758017
4TL6A,clean,k_only,1.0,"[149, 150, 151]",0.8522016406059265,0.9825234424867038,0.6106808185577393,0.5306611061096191,0.2244594693183899,4.8050971031188965,0.6019166943026002
4TL6A,clean,k_only,2.0,"[149, 150, 151]",0.8311558365821838,0.9580615826252511,0.5076824426651001,0.406209260225296,0.17238125205039978,5.295191287994385,0.6633089753172138
4TL6A,clean,k_only,4.0,"[149, 150, 151]",0.7614104151725769,0.8769954127333793,0.40766942501068115,0.1814689040184021,0.1875477284193039,5.877409934997559,0.7362413460570297
4TL6A,clean,k_only,8.0,"[149, 150, 151]",0.6527495384216309,0.7506972139805277,0.4049969017505646,0.018352825194597244,0.24268856644630432,5.932218551635742,0.7431070182043711
4TL6A,clean,k_only,10.0,"[149, 150, 151]",0.6406510472297668,0.7366349526510712,0.4125661849975586,0.005454371217638254,0.2466944009065628,5.897830963134766,0.7387994125199592
4TL6A,clean,k_only,12.0,"[149, 150, 151]",0.6367607712745667,0.732113225415983,0.4134783148765564,0.0016563070239499211,0.24777568876743317,5.881497859954834,0.7367534252562707
4TL6A,clean,k_only,14.0,"[149, 150, 151]",0.635505199432373,0.7306538550628676,0.41370832920074463,0.000517695676535368,0.24806980788707733,5.874799728393555,0.7359143751557531
4TL6A,clean,k_only,16.0,"[149, 150, 151]",0.6350914239883423,0.7301729175365763,0.4137662351131439,0.00016652472550049424,0.24815180897712708,5.872191429138184,0.7355876431809661
4TL6A,clean,k_only,32.0,"[149, 150, 151]",0.6348817348480225,0.7299291926420944,0.4137856960296631,3.908674628405606e-08,0.24818524718284607,5.870578765869141,0.7353856308338492
4TL6A,clean,v_only,0.0,"[149, 150, 151]",0.8672376275062561,1.0,0.7437447309494019,0.6417850255966187,0.2706259489059448,4.2653608322143555,0.534305933269862
4TL6A,clean,v_only,0.5,"[149, 150, 151]",0.8813039660453796,1.0163495203946407,0.7437447309494019,0.6417850255966187,0.2706259489059448,4.2653608322143555,0.534305933269862
4TL6A,clean,v_only,1.0,"[149, 150, 151]",0.8920997977256775,1.028897680652778,0.7437447309494019,0.6417850255966187,0.2706259489059448,4.2653608322143555,0.534305933269862
4TL6A,clean,v_only,2.0,"[149, 150, 151]",0.9054999351501465,1.0444728653039215,0.7437447309494019,0.6417850255966187,0.2706259489059448,4.2653608322143555,0.534305933269862
4TL6A,clean,v_only,4.0,"[149, 150, 151]",0.8979734182357788,1.0357246795944846,0.7437447309494019,0.6417850255966187,0.2706259489059448,4.2653608322143555,0.534305933269862
4TL6A,clean,v_only,8.0,"[149, 150, 151]",0.5898407697677612,0.6775773901367134,0.7437447309494019,0.6417850255966187,0.2706259489059448,4.2653608322143555,0.534305933269862
4TL6A,clean,v_only,10.0,"[149, 150, 151]",0.3993876278400421,0.45621079075408216,0.7437447309494019,0.6417850255966187,0.2706259489059448,4.2653608322143555,0.534305933269862
4TL6A,clean,v_only,12.0,"[149, 150, 151]",0.01794363185763359,0.012852600960636035,0.7437447309494019,0.6417850255966187,0.2706259489059448,4.2653608322143555,0.534305933269862
4TL6A,clean,v_only,14.0,"[149, 150, 151]",0.009918168187141418,0.003524481806372113,0.7437447309494019,0.6417850255966187,0.2706259489059448,4.2653608322143555,0.534305933269862
4TL6A,clean,v_only,16.0,"[149, 150, 151]",0.008115758188068867,0.001429513100949713,0.7437447309494019,0.6417850255966187,0.2706259489059448,4.2653608322143555,0.534305933269862
4TL6A,clean,v_only,32.0,"[149, 150, 151]",0.007795865181833506,0.0010576965678127383,0.7437447309494019,0.6417850255966187,0.2706259489059448,4.2653608322143555,0.534305933269862
4WY2A,clean,clean_baseline,nan,"[114, 269, 115]",0.6507430672645569,1.0,0.16661545634269714,0.21755190193653107,0.10837917029857635,7.178021430969238,0.8630113431056673
4WY2A,corrupt,corrupt_baseline,nan,"[114, 269, 115]",0.07178173214197159,0.0,0.14512622356414795,0.19155971705913544,0.10909656435251236,7.34893798828125,0.8835605890369265
4WY2A,clean,corrupt_head_patch,nan,"[114, 269, 115]",0.6132628917694092,0.9352630767869639,0.14512622356414795,0.19155971705913544,0.10909656435251236,7.34893798828125,0.8835605890369265
4WY2A,clean,ln_all,0.0,"[114, 269, 115]",0.6507430672645569,1.0,0.16661545634269714,0.21755190193653107,0.10837917029857635,7.178021430969238,0.8630113431056673
4WY2A,clean,ln_all,0.5,"[114, 269, 115]",0.38575950264930725,0.5423121570646098,0.09625464677810669,0.050873227417469025,0.05296167731285095,7.735391616821289,0.930023791776259
4WY2A,clean,ln_all,1.0,"[114, 269, 115]",0.3477908968925476,0.47673160193354835,0.09875936806201935,0.009683873504400253,0.05715998634696007,7.771878242492676,0.9344105677324023
4WY2A,clean,ln_all,2.0,"[114, 269, 115]",0.5225721001625061,0.7786191247556925,0.09948592633008957,0.00035250288783572614,0.05875222757458687,7.7493085861206055,0.9316970247809899
4WY2A,clean,ln_all,4.0,"[114, 269, 115]",0.04172525927424431,-0.05191447346196845,0.09950906038284302,8.332470997629571e-07,0.060060858726501465,7.738706588745117,0.9304223498468713
4WY2A,clean,ln_all,8.0,"[114, 269, 115]",0.06151695176959038,-0.017729647473276978,0.0995090901851654,3.7315293216488854e-11,0.06122346967458725,7.731104850769043,0.929508395191851
4WY2A,clean,ln_all,10.0,"[114, 269, 115]",0.011448690667748451,-0.10420910311989769,0.0995090901851654,3.671222126213486e-13,0.061296965926885605,7.7301716804504395,0.9293962004070139
4WY2A,clean,ln_all,12.0,"[114, 269, 115]",0.012328112497925758,-0.10269013842082828,0.0995090901851654,3.8209092973731564e-15,0.06120874360203743,7.730000972747803,0.929375676271617
4WY2A,clean,ln_all,14.0,"[114, 269, 115]",0.014495166018605232,-0.09894713627333489,0.0995090901851654,4.090158651401976e-17,0.06102041155099869,7.730240821838379,0.9294045132551495
4WY2A,clean,ln_all,16.0,"[114, 269, 115]",0.011015727184712887,-0.10495693109522163,0.0995090901851654,4.463180691036924e-19,0.06076386943459511,7.730731964111328,0.9294635631419059
4WY2A,clean,ln_all,32.0,"[114, 269, 115]",0.006490559782832861,-0.11277294077904947,0.0995090901851654,1.3665310091076216e-34,0.0580771341919899,7.736896514892578,0.9302047252156797
4WY2A,clean,k_only,0.0,"[114, 269, 115]",0.6507430672645569,1.0,0.16661545634269714,0.21755190193653107,0.10837917029857635,7.178021430969238,0.8630113431056673
4WY2A,clean,k_only,0.5,"[114, 269, 115]",0.5997218489646912,0.9118745670830284,0.13876596093177795,0.17437545955181122,0.08709485828876495,7.356688499450684,0.884492430647935
4WY2A,clean,k_only,1.0,"[114, 269, 115]",0.5445464253425598,0.8165738617078605,0.11641091853380203,0.13757994771003723,0.06890051066875458,7.49354887008667,0.9009471115675145
4WY2A,clean,k_only,2.0,"[114, 269, 115]",0.4268271327018738,0.613245443212071,0.09959064424037933,0.08239618688821793,0.049894269555807114,7.664783477783203,0.9215345966001975
4WY2A,clean,k_only,4.0,"[114, 269, 115]",0.2614239454269409,0.32755592088859575,0.0977613776922226,0.026971429586410522,0.054957158863544464,7.771239280700684,0.9343337455496319
4WY2A,clean,k_only,8.0,"[114, 269, 115]",0.1928105652332306,0.20904475955312835,0.09933048486709595,0.0027029518969357014,0.05721597000956535,7.766254425048828,0.9337344178640478
4WY2A,clean,k_only,10.0,"[114, 269, 115]",0.18688470125198364,0.1988094232331438,0.09945230185985565,0.0008768024272285402,0.05738357454538345,7.7604522705078125,0.933036826580502
4WY2A,clean,k_only,12.0,"[114, 269, 115]",0.18470105528831482,0.19503776210277404,0.09949102997779846,0.00029116313089616597,0.0574365109205246,7.757630348205566,0.9326975477165947
4WY2A,clean,k_only,14.0,"[114, 269, 115]",0.18388569355010986,0.19362944398420345,0.09950333833694458,9.902890451485291e-05,0.05745360255241394,7.756396293640137,0.9325491777098709
4WY2A,clean,k_only,16.0,"[114, 269, 115]",0.1835806518793106,0.19310256653610122,0.09950725734233856,3.449965879553929e-05,0.0574592724442482,7.755879878997803,0.932487089333796
4WY2A,clean,k_only,32.0,"[114, 269, 115]",0.1833903193473816,0.19277381827540999,0.0995090901851654,1.7108888528127864e-08,0.0574621707201004,7.755522727966309,0.9324441491734264
4WY2A,clean,v_only,0.0,"[114, 269, 115]",0.6507430672645569,1.0,0.16661545634269714,0.21755190193653107,0.10837917029857635,7.178021430969238,0.8630113431056673
4WY2A,clean,v_only,0.5,"[114, 269, 115]",0.6728526949882507,1.0381884357079088,0.16661545634269714,0.21755190193653107,0.10837917029857635,7.178021430969238,0.8630113431056673
4WY2A,clean,v_only,1.0,"[114, 269, 115]",0.6919738054275513,1.0712150115417716,0.16661545634269714,0.21755190193653107,0.10837917029857635,7.178021430969238,0.8630113431056673
4WY2A,clean,v_only,2.0,"[114, 269, 115]",0.7224031090736389,1.1237734499038856,0.16661545634269714,0.21755190193653107,0.10837917029857635,7.178021430969238,0.8630113431056673
4WY2A,clean,v_only,4.0,"[114, 269, 115]",0.7566283941268921,1.1828884252519485,0.16661545634269714,0.21755190193653107,0.10837917029857635,7.178021430969238,0.8630113431056673
4WY2A,clean,v_only,8.0,"[114, 269, 115]",0.7410320043563843,1.155949856431622,0.16661545634269714,0.21755190193653107,0.10837917029857635,7.178021430969238,0.8630113431056673
4WY2A,clean,v_only,10.0,"[114, 269, 115]",0.7379304766654968,1.150592801473486,0.16661545634269714,0.21755190193653107,0.10837917029857635,7.178021430969238,0.8630113431056673
4WY2A,clean,v_only,12.0,"[114, 269, 115]",0.7551636099815369,1.1803584045813191,0.16661545634269714,0.21755190193653107,0.10837917029857635,7.178021430969238,0.8630113431056673
4WY2A,clean,v_only,14.0,"[114, 269, 115]",0.7835192084312439,1.229335074920977,0.16661545634269714,0.21755190193653107,0.10837917029857635,7.178021430969238,0.8630113431056673
4WY2A,clean,v_only,16.0,"[114, 269, 115]",0.5409397482872009,0.8103442970779613,0.16661545634269714,0.21755190193653107,0.10837917029857635,7.178021430969238,0.8630113431056673
4WY2A,clean,v_only,32.0,"[114, 269, 115]",0.01565157249569893,-0.0969497550892376,0.16661545634269714,0.21755190193653107,0.10837917029857635,7.178021430969238,0.8630113431056673
5AB4A,clean,clean_baseline,nan,"[104, 80, 82]",1.0715651512145996,1.0,0.11279822140932083,0.15289130806922913,0.12311063706874847,7.936079502105713,0.9089210317371728
5AB4A,corrupt,corrupt_baseline,nan,"[104, 80, 82]",0.057149745523929596,0.0,0.09308012574911118,0.11698002368211746,0.08434252440929413,8.128813743591309,0.9309949292549191
5AB4A,clean,corrupt_head_patch,nan,"[104, 80, 82]",0.9863007664680481,0.9159472694635401,0.09308012574911118,0.11698002368211746,0.08434252440929413,8.128813743591309,0.9309949292549191
5AB4A,clean,ln_all,0.0,"[104, 80, 82]",1.0715651512145996,1.0,0.11279822140932083,0.15289130806922913,0.12311063706874847,7.936079502105713,0.9089210317371728
5AB4A,clean,ln_all,0.5,"[104, 80, 82]",0.7045310139656067,0.6381816214639447,0.041939783841371536,0.03247044235467911,0.026096554473042488,8.454801559448242,0.968330389647398
5AB4A,clean,ln_all,1.0,"[104, 80, 82]",0.11948035657405853,0.06144485848742687,0.03313836082816124,0.0061601027846336365,0.010420695878565311,8.503934860229492,0.9739576380169358
5AB4A,clean,ln_all,2.0,"[104, 80, 82]",0.04054281860589981,-0.01637093327335942,0.03328751027584076,0.0002423930709483102,0.010533574037253857,8.497493743896484,0.9732199354647646
5AB4A,clean,ln_all,4.0,"[104, 80, 82]",0.02901138924062252,-0.027738494629967622,0.033296138048172,6.557948495355959e-07,0.010689567774534225,8.495304107666016,0.9729691559178613
5AB4A,clean,ln_all,8.0,"[104, 80, 82]",0.011488271877169609,-0.04501259877423799,0.03329615294933319,1.3228420095434679e-11,0.011339610442519188,8.493354797363281,0.9727459009553742
5AB4A,clean,ln_all,10.0,"[104, 80, 82]",0.011263854801654816,-0.04523382675860796,0.03329615294933319,7.048899089206681e-14,0.011806987226009369,8.492193222045898,0.9726128654640291
5AB4A,clean,ln_all,12.0,"[104, 80, 82]",0.012235267087817192,-0.044276218779950555,0.03329615294933319,4.002307438137414e-16,0.012293549254536629,8.491055488586426,0.9724825605862175
5AB4A,clean,ln_all,14.0,"[104, 80, 82]",0.011908198706805706,-0.04459863933781738,0.03329615294933319,2.408100193383256e-18,0.01274897065013647,8.490036964416504,0.9723659087760725
5AB4A,clean,ln_all,16.0,"[104, 80, 82]",0.012212492525577545,-0.04429866970302594,0.03329615294933319,1.532882158893114e-20,0.013151062652468681,8.489165306091309,0.9722660775452932
5AB4A,clean,ln_all,32.0,"[104, 80, 82]",0.010307526215910912,-0.04617656538459795,0.03329615294933319,1.7975106725420647e-37,0.014886518009006977,8.48564624786377,0.9718630389877699
5AB4A,clean,k_only,0.0,"[104, 80, 82]",1.0715651512145996,1.0,0.11279822140932083,0.15289130806922913,0.12311063706874847,7.936079502105713,0.9089210317371728
5AB4A,clean,k_only,0.5,"[104, 80, 82]",1.0300531387329102,0.9590778962456452,0.08936941623687744,0.11936130374670029,0.09622249752283096,8.105169296264648,0.9282869252016204
5AB4A,clean,k_only,1.0,"[104, 80, 82]",0.9866286516189575,0.9162704951845515,0.07292399555444717,0.09211624413728714,0.07428356260061264,8.231511116027832,0.9427568832130333
5AB4A,clean,k_only,2.0,"[104, 80, 82]",0.9036145806312561,0.8344361002000029,0.052251074463129044,0.05347385257482529,0.04305998980998993,8.387423515319824,0.9606135665775957
5AB4A,clean,k_only,4.0,"[104, 80, 82]",0.7446064949035645,0.677687607584761,0.036425016820430756,0.01710919663310051,0.01366299670189619,8.491373062133789,0.9725189323584817
5AB4A,clean,k_only,8.0,"[104, 80, 82]",0.4520859718322754,0.38932396343039705,0.033233918249607086,0.0017401385121047497,0.01044036541134119,8.50210952758789,0.9737485822448222
5AB4A,clean,k_only,10.0,"[104, 80, 82]",0.4132855236530304,0.3510748911454316,0.03327556699514389,0.0005731943529099226,0.010453300550580025,8.499397277832031,0.9734379476492677
5AB4A,clean,k_only,12.0,"[104, 80, 82]",0.4003428816795349,0.33831617129467834,0.033289361745119095,0.0001935810287250206,0.010457389988005161,8.497885704040527,0.973264826751253
5AB4A,clean,k_only,14.0,"[104, 80, 82]",0.39591339230537415,0.33394962742190964,0.03329391032457352,6.694756302749738e-05,0.010458709672093391,8.497175216674805,0.9731834544679591
5AB4A,clean,k_only,16.0,"[104, 80, 82]",0.39435744285583496,0.3324157888772556,0.033295415341854095,2.3661550585529767e-05,0.010459153912961483,8.496864318847656,0.973147847267484
5AB4A,clean,k_only,32.0,"[104, 80, 82]",0.39350563287734985,0.3315760835911306,0.03329615294933319,9.686682567178195e-09,0.010459375567734241,8.496637344360352,0.9731218518266466
5AB4A,clean,v_only,0.0,"[104, 80, 82]",1.0715651512145996,1.0,0.11279822140932083,0.15289130806922913,0.12311063706874847,7.936079502105713,0.9089210317371728
5AB4A,clean,v_only,0.5,"[104, 80, 82]",1.0645592212677002,0.993093628204385,0.11279822140932083,0.15289130806922913,0.12311063706874847,7.936079502105713,0.9089210317371728
5AB4A,clean,v_only,1.0,"[104, 80, 82]",1.0552046298980713,0.9838719707678442,0.11279822140932083,0.15289130806922913,0.12311063706874847,7.936079502105713,0.9089210317371728
5AB4A,clean,v_only,2.0,"[104, 80, 82]",1.0308139324188232,0.9598278786312096,0.11279822140932083,0.15289130806922913,0.12311063706874847,7.936079502105713,0.9089210317371728
5AB4A,clean,v_only,4.0,"[104, 80, 82]",0.9747766852378845,0.904586951820969,0.11279822140932083,0.15289130806922913,0.12311063706874847,7.936079502105713,0.9089210317371728
5AB4A,clean,v_only,8.0,"[104, 80, 82]",0.7537932991981506,0.68674386229368,0.11279822140932083,0.15289130806922913,0.12311063706874847,7.936079502105713,0.9089210317371728
5AB4A,clean,v_only,10.0,"[104, 80, 82]",0.8033537864685059,0.7356000675448332,0.11279822140932083,0.15289130806922913,0.12311063706874847,7.936079502105713,0.9089210317371728
5AB4A,clean,v_only,12.0,"[104, 80, 82]",0.7501105070114136,0.6831134046270503,0.11279822140932083,0.15289130806922913,0.12311063706874847,7.936079502105713,0.9089210317371728
5AB4A,clean,v_only,14.0,"[104, 80, 82]",0.25788113474845886,0.1978788848221999,0.11279822140932083,0.15289130806922913,0.12311063706874847,7.936079502105713,0.9089210317371728
5AB4A,clean,v_only,16.0,"[104, 80, 82]",0.03566191345453262,-0.02118247805470469,0.11279822140932083,0.15289130806922913,0.12311063706874847,7.936079502105713,0.9089210317371728
5AB4A,clean,v_only,32.0,"[104, 80, 82]",0.01189908105880022,-0.04460762741898643,0.11279822140932083,0.15289130806922913,0.12311063706874847,7.936079502105713,0.9089210317371728
5AJGA,clean,clean_baseline,nan,"[174, 134, 149]",1.1175976991653442,1.0,0.10706782341003418,0.15133722126483917,0.11796975880861282,7.549405574798584,0.9028290286417819
5AJGA,corrupt,corrupt_baseline,nan,"[134, 149, 174]",0.11391227692365646,0.0,0.07966388016939163,0.07747341692447662,0.03533515706658363,7.9108662605285645,0.9460559021428121
5AJGA,clean,corrupt_head_patch,nan,"[174, 134, 149]",1.0978634357452393,0.9803381986200125,0.07966388016939163,0.07747341692447662,0.03533515706658363,7.9108662605285645,0.9460559021428121
5AJGA,clean,ln_all,0.0,"[174, 134, 149]",1.1175976991653442,1.0,0.10706782341003418,0.15133722126483917,0.11796975880861282,7.549405574798584,0.9028290286417819
5AJGA,clean,ln_all,0.5,"[174, 134, 149]",1.1051247119903564,0.9875728122591141,0.04847675561904907,0.031861767172813416,0.025038957595825195,8.00326156616211,0.9571054030882451
5AJGA,clean,ln_all,1.0,"[174, 134, 149]",1.1013246774673462,0.9837867310440228,0.046079784631729126,0.005389491096138954,0.014419371262192726,8.038402557373047,0.9613078938202821
5AJGA,clean,ln_all,2.0,"[174, 134, 149]",1.0998971462249756,0.982364441539028,0.04637835547327995,0.00016619688540231436,0.014542261138558388,8.028543472290039,0.9601288515605177
5AJGA,clean,ln_all,4.0,"[174, 134, 149]",1.1032851934432983,0.9857400482214044,0.04639095813035965,3.7720533896390407e-07,0.014646430499851704,8.026684761047363,0.9599065693623865
5AJGA,clean,ln_all,8.0,"[174, 134, 149]",0.02169332653284073,-0.09188033256959009,0.04639096558094025,1.6858917040174504e-11,0.014872435480356216,8.025395393371582,0.9597523746307942
5AJGA,clean,ln_all,10.0,"[174, 134, 149]",0.015352287329733372,-0.09819808817566926,0.04639096558094025,1.662014167784498e-13,0.014969066716730595,8.02490234375,0.9596934111128702
5AJGA,clean,ln_all,12.0,"[174, 134, 149]",0.015907101333141327,-0.09764531138812879,0.04639096558094025,1.827033973601528e-15,0.015043026767671108,8.02454662322998,0.959650870702453
5AJGA,clean,ln_all,14.0,"[174, 134, 149]",0.015092267654836178,-0.09845715308698028,0.04639096558094025,2.156494763947593e-17,0.015090742148458958,8.024309158325195,0.9596224724123891
5AJGA,clean,ln_all,16.0,"[174, 134, 149]",0.014538749121129513,-0.0990086391616414,0.04639096558094025,2.6699446298772234e-19,0.01511131040751934,8.024155616760254,0.9596041104658015
5AJGA,clean,ln_all,32.0,"[174, 134, 149]",0.006935455836355686,-0.10658401399152805,0.04639096558094025,2.822208341456988e-34,0.014719215221703053,8.023216247558594,0.9594917718484802
5AJGA,clean,k_only,0.0,"[174, 134, 149]",1.1175976991653442,1.0,0.10706782341003418,0.15133722126483917,0.11796975880861282,7.549405574798584,0.9028290286417819
5AJGA,clean,k_only,0.5,"[174, 134, 149]",1.1117563247680664,0.9941800744856577,0.07869410514831543,0.1190718412399292,0.09330323338508606,7.694967269897461,0.920236667228887
5AJGA,clean,k_only,1.0,"[174, 134, 149]",1.1093207597732544,0.9917534526170524,0.06518740206956863,0.09232057631015778,0.07260164618492126,7.8056535720825195,0.9334735778300708
5AJGA,clean,k_only,2.0,"[174, 134, 149]",1.1058056354522705,0.9882512354451292,0.05194499343633652,0.05346962809562683,0.0421430766582489,7.944006443023682,0.9500191173224226
5AJGA,clean,k_only,4.0,"[174, 134, 149]",1.0978718996047974,0.9803466314012111,0.04614964872598648,0.016240840777754784,0.01421033963561058,8.03240966796875,0.9605912076565793
5AJGA,clean,k_only,8.0,"[174, 134, 149]",1.0950852632522583,0.9775702272702085,0.04634929075837135,0.0013774699764326215,0.014446052722632885,8.033510208129883,0.9607228206153497
5AJGA,clean,k_only,10.0,"[174, 134, 149]",1.094942331314087,0.9774278201623597,0.04636302590370178,0.0004153881163801998,0.014460467733442783,8.030294418334961,0.9603382461812304
5AJGA,clean,k_only,12.0,"[174, 134, 149]",1.0949054956436157,0.9773911197484103,0.046381302177906036,0.0001296933478442952,0.01446459162980318,8.02880573272705,0.9601602151338816
5AJGA,clean,k_only,14.0,"[174, 134, 149]",1.0948961973190308,0.9773818555662483,0.04638811945915222,4.198234819341451e-05,0.014465811662375927,8.028188705444336,0.9600864251994583
5AJGA,clean,k_only,16.0,"[174, 134, 149]",1.094893455505371,0.9773791238202263,0.04639013111591339,1.4089902833802626e-05,0.014466199092566967,8.027944564819336,0.9600572285638905
5AJGA,clean,k_only,32.0,"[174, 134, 149]",1.0948922634124756,0.9773779361045645,0.04639096558094025,6.610723524147488e-09,0.014466371387243271,8.027785301208496,0.9600381823211569
5AJGA,clean,v_only,0.0,"[174, 134, 149]",1.1175976991653442,1.0,0.10706782341003418,0.15133722126483917,0.11796975880861282,7.549405574798584,0.9028290286417819
5AJGA,clean,v_only,0.5,"[174, 134, 149]",1.118039608001709,1.000440286195826,0.10706782341003418,0.15133722126483917,0.11796975880861282,7.549405574798584,0.9028290286417819
5AJGA,clean,v_only,1.0,"[174, 134, 149]",1.1175956726074219,0.999997980883375,0.10706782341003418,0.15133722126483917,0.11796975880861282,7.549405574798584,0.9028290286417819
5AJGA,clean,v_only,2.0,"[174, 134, 149]",1.113237738609314,0.9956560487385654,0.10706782341003418,0.15133722126483917,0.11796975880861282,7.549405574798584,0.9028290286417819
5AJGA,clean,v_only,4.0,"[174, 134, 149]",1.0785233974456787,0.9610691748093793,0.10706782341003418,0.15133722126483917,0.11796975880861282,7.549405574798584,0.9028290286417819
5AJGA,clean,v_only,8.0,"[174, 134, 149]",1.0202538967132568,0.9030136332610329,0.10706782341003418,0.15133722126483917,0.11796975880861282,7.549405574798584,0.9028290286417819
5AJGA,clean,v_only,10.0,"[174, 134, 149]",0.9076108932495117,0.7907842424902056,0.10706782341003418,0.15133722126483917,0.11796975880861282,7.549405574798584,0.9028290286417819
5AJGA,clean,v_only,12.0,"[174, 134, 149]",0.7622921466827393,0.6459990903434211,0.10706782341003418,0.15133722126483917,0.11796975880861282,7.549405574798584,0.9028290286417819
5AJGA,clean,v_only,14.0,"[174, 134, 149]",0.025710593909025192,-0.08787781615641746,0.10706782341003418,0.15133722126483917,0.11796975880861282,7.549405574798584,0.9028290286417819
5AJGA,clean,v_only,16.0,"[174, 134, 149]",0.012353993020951748,-0.10118537307822874,0.10706782341003418,0.15133722126483917,0.11796975880861282,7.549405574798584,0.9028290286417819
5AJGA,clean,v_only,32.0,"[174, 134, 149]",0.009434722363948822,-0.10409392449514865,0.10706782341003418,0.15133722126483917,0.11796975880861282,7.549405574798584,0.9028290286417819
5HEEA,clean,clean_baseline,nan,"[168, 24, 195]",1.0468759536743164,1.0,0.4169241189956665,0.4887048304080963,0.4485768973827362,5.130450248718262,0.6386381306868053
5HEEA,corrupt,corrupt_baseline,nan,"[168, 24, 164]",0.020710693672299385,0.0,0.18247494101524353,0.254596084356308,0.19528041779994965,6.800360679626465,0.846508478182339
5HEEA,clean,corrupt_head_patch,nan,"[168, 24, 195]",0.7593066692352295,0.7197631846954927,0.18247494101524353,0.2541007995605469,0.19528041779994965,6.800360679626465,0.846508478182339
5HEEA,clean,ln_all,0.0,"[168, 24, 195]",1.0468759536743164,1.0,0.4169241189956665,0.4887048304080963,0.4485768973827362,5.130450248718262,0.6386381306868053
5HEEA,clean,ln_all,0.5,"[168, 24, 195]",0.7611556053161621,0.7215649764272933,0.16536015272140503,0.22476394474506378,0.21156710386276245,6.776236534118652,0.8435055060366925
5HEEA,clean,ln_all,1.0,"[168, 24, 195]",0.4303043484687805,0.3991497965889783,0.08159875869750977,0.07156403362751007,0.06825321167707443,7.490623474121094,0.9324323482888335
5HEEA,clean,ln_all,2.0,"[168, 24, 195]",0.3789539635181427,0.34910874866796715,0.07107235491275787,0.0029266406781971455,0.04125560447573662,7.64199686050415,0.9512752980941763
5HEEA,clean,ln_all,4.0,"[168, 24, 195]",0.37117618322372437,0.3415292869598179,0.07109996676445007,4.326301677792799e-06,0.04257355257868767,7.6271514892578125,0.9494273471965954
5HEEA,clean,ln_all,8.0,"[168, 24, 195]",0.00894478801637888,-0.011465897467526213,0.07109999656677246,4.505659040310306e-11,0.04480253905057907,7.6139349937438965,0.9477821586497721
5HEEA,clean,ln_all,10.0,"[168, 24, 195]",0.0073135835118591785,-0.013055509363485832,0.07109999656677246,2.3406322995252193e-13,0.04522758722305298,7.60972785949707,0.9472584548380818
5HEEA,clean,ln_all,12.0,"[168, 24, 195]",0.007473018951714039,-0.012900139223734125,0.07109999656677246,1.482261176762045e-15,0.04523014277219772,7.607054710388184,0.9469257014017975
5HEEA,clean,ln_all,14.0,"[168, 24, 195]",0.009698846377432346,-0.010731066158725149,0.07109999656677246,1.077413914788588e-17,0.04501032456755638,7.605390548706055,0.9467185466581957
5HEEA,clean,ln_all,16.0,"[168, 24, 195]",0.010501895099878311,-0.009948493649454677,0.07109999656677246,8.564235151583086e-20,0.04472893103957176,7.604345321655273,0.9465884368593489
5HEEA,clean,ln_all,32.0,"[168, 24, 195]",0.005868966691195965,-0.014463291206208099,0.07109999656677246,3.492292625500761e-36,0.043944064527750015,7.602530479431152,0.9463625254111687
5HEEA,clean,k_only,0.0,"[168, 24, 195]",1.0468759536743164,1.0,0.4169241189956665,0.4887048304080963,0.4485768973827362,5.130450248718262,0.6386381306868053
5HEEA,clean,k_only,0.5,"[168, 24, 195]",1.031877875328064,0.9853843440907141,0.35239776968955994,0.4380345940589905,0.4039848744869232,5.475918769836426,0.6816420308987134
5HEEA,clean,k_only,1.0,"[168, 24, 195]",1.0106186866760254,0.9646672242653979,0.3004024624824524,0.38865363597869873,0.3601214289665222,5.800026893615723,0.7219869901666703
5HEEA,clean,k_only,2.0,"[168, 24, 195]",0.9441916346549988,0.8999339355737732,0.2163737565279007,0.2962348759174347,0.27688467502593994,6.371318817138672,0.7931013735887328
5HEEA,clean,k_only,4.0,"[168, 24, 195]",0.7415921092033386,0.702500312210552,0.12124092876911163,0.15090441703796387,0.14295391738414764,7.155615329742432,0.8907305551286143
5HEEA,clean,k_only,8.0,"[168, 24, 195]",0.4332897961139679,0.40205912100440583,0.07184278964996338,0.02277316339313984,0.039000462740659714,7.632191181182861,0.9500546877367468
5HEEA,clean,k_only,10.0,"[168, 24, 195]",0.3155890703201294,0.2873595395806426,0.07102864235639572,0.007272283546626568,0.040226660668849945,7.6489996910095215,0.9521470100037858
5HEEA,clean,k_only,12.0,"[168, 24, 195]",0.25410810112953186,0.227446218026104,0.07107871770858765,0.0022627636790275574,0.04061122611165047,7.645571231842041,0.9517202356179699
5HEEA,clean,k_only,14.0,"[168, 24, 195]",0.23508380353450775,0.20890700379175475,0.07109355926513672,0.00070920679718256,0.04072408005595207,7.641726016998291,0.9512415835112634
5HEEA,clean,k_only,16.0,"[168, 24, 195]",0.2295800894498825,0.2035436239355565,0.07109802216291428,0.0002261293411720544,0.04075697809457779,7.639671325683594,0.9509858156630742
5HEEA,clean,k_only,32.0,"[168, 24, 195]",0.22730523347854614,0.2013267724594776,0.07109999656677246,4.9188422224233364e-08,0.04077078029513359,7.638124465942383,0.9507932626578466
5HEEA,clean,v_only,0.0,"[168, 24, 195]",1.0468759536743164,1.0,0.4169241189956665,0.4887048304080963,0.4485768973827362,5.130450248718262,0.6386381306868053
5HEEA,clean,v_only,0.5,"[168, 24, 195]",1.0505635738372803,1.0035935928711488,0.4169241189956665,0.4887048304080963,0.4485768973827362,5.130450248718262,0.6386381306868053
5HEEA,clean,v_only,1.0,"[168, 24, 195]",1.0521138906478882,1.005104379555357,0.4169241189956665,0.4887048304080963,0.4485768973827362,5.130450248718262,0.6386381306868053
5HEEA,clean,v_only,2.0,"[168, 24, 195]",1.0426486730575562,0.9958805069889504,0.4169241189956665,0.4887048304080963,0.4485768973827362,5.130450248718262,0.6386381306868053
5HEEA,clean,v_only,4.0,"[168, 24, 195]",0.8077741265296936,0.7669948141255992,0.4169241189956665,0.4887048304080963,0.4485768973827362,5.130450248718262,0.6386381306868053
5HEEA,clean,v_only,8.0,"[168, 24, 195]",0.03345327079296112,0.012417665669793469,0.4169241189956665,0.4887048304080963,0.4485768973827362,5.130450248718262,0.6386381306868053
5HEEA,clean,v_only,10.0,"[168, 24, 195]",0.04185917600989342,0.020609236311071828,0.4169241189956665,0.4887048304080963,0.4485768973827362,5.130450248718262,0.6386381306868053
5HEEA,clean,v_only,12.0,"[168, 24, 195]",0.030536258593201637,0.009575031726257172,0.4169241189956665,0.4887048304080963,0.4485768973827362,5.130450248718262,0.6386381306868053
5HEEA,clean,v_only,14.0,"[168, 24, 195]",0.018032971769571304,-0.002609445093398326,0.4169241189956665,0.4887048304080963,0.4485768973827362,5.130450248718262,0.6386381306868053
5HEEA,clean,v_only,16.0,"[168, 24, 195]",0.01607598550617695,-0.004516531933767985,0.4169241189956665,0.4887048304080963,0.4485768973827362,5.130450248718262,0.6386381306868053
5HEEA,clean,v_only,32.0,"[168, 24, 195]",0.007767439819872379,-0.012613225527047724,0.4169241189956665,0.4887048304080963,0.4485768973827362,5.130450248718262,0.6386381306868053
5IVKA,clean,clean_baseline,nan,"[204, 246, 220]",1.1892549991607666,1.0,0.3291155695915222,0.3115159571170807,0.14877884089946747,7.069033145904541,0.770682912374245
5IVKA,corrupt,corrupt_baseline,nan,"[246, 204, 220]",0.013094061054289341,0.0,0.3529294729232788,0.3322903513908386,0.16978642344474792,6.854691505432129,0.7473148737312159
5IVKA,clean,corrupt_head_patch,nan,"[204, 246, 220]",1.1598764657974243,0.9750216722801224,0.3529294729232788,0.3322903513908386,0.16978642344474792,6.854691505432129,0.7473148737312159
5IVKA,clean,ln_all,0.0,"[204, 246, 220]",1.1892549991607666,1.0,0.3291155695915222,0.3115159571170807,0.14877884089946747,7.069033145904541,0.770682912374245
5IVKA,clean,ln_all,0.5,"[204, 246, 220]",0.9230642914772034,0.7736783300148461,0.08430716395378113,0.07452313601970673,0.037861015647649765,8.641193389892578,0.9420835849340659
5IVKA,clean,ln_all,1.0,"[204, 246, 220]",0.1977197825908661,0.1569731790564385,0.03734046220779419,0.01376083679497242,0.011247091926634312,8.890966415405273,0.9693144379745801
5IVKA,clean,ln_all,2.0,"[204, 246, 220]",0.01586722955107689,0.002357813805015598,0.03673699125647545,0.0004990733577869833,0.011399713344871998,8.898807525634766,0.9701692945784728
5IVKA,clean,ln_all,4.0,"[204, 246, 220]",0.013071475550532341,-1.9202732402727794e-05,0.03670865297317505,9.850949709289125e-07,0.011383785866200924,8.895988464355469,0.9698619537707488
5IVKA,clean,ln_all,8.0,"[204, 246, 220]",0.011528724804520607,-0.0013308861049991993,0.036708660423755646,7.808462210157074e-12,0.01134798489511013,8.896143913269043,0.9698789011833533
5IVKA,clean,ln_all,10.0,"[204, 246, 220]",0.011448454111814499,-0.0013991341568647352,0.036708660423755646,2.6940021800826372e-14,0.01134128961712122,8.896177291870117,0.9698825401983298
5IVKA,clean,ln_all,12.0,"[204, 246, 220]",0.012128354050219059,-0.0008210670604526206,0.036708660423755646,1.0279823458449704e-16,0.011338039301335812,8.896190643310547,0.9698839958043203
5IVKA,clean,ln_all,14.0,"[204, 246, 220]",0.01197840180248022,-0.0009485600275122554,0.036708660423755646,4.2842540282174025e-19,0.011336473748087883,8.896198272705078,0.969884827579172
5IVKA,clean,ln_all,16.0,"[204, 246, 220]",0.011336696334183216,-0.0014941532771317316,0.036708660423755646,1.9316141526372873e-21,0.011335719376802444,8.896202087402344,0.969885243466598
5IVKA,clean,ln_all,32.0,"[204, 246, 220]",0.010314969345927238,-0.0023628498603568762,0.036708660423755646,1.6971265831284292e-39,0.011335019953548908,8.896204948425293,0.9698855553821674
5IVKA,clean,k_only,0.0,"[204, 246, 220]",1.1892549991607666,1.0,0.3291155695915222,0.3115159571170807,0.14877884089946747,7.069033145904541,0.770682912374245
5IVKA,clean,k_only,0.5,"[204, 246, 220]",1.1759300231933594,0.9886707885496866,0.26585012674331665,0.253850519657135,0.12219982594251633,7.491828918457031,0.8167771194043888
5IVKA,clean,k_only,1.0,"[204, 246, 220]",1.1598323583602905,0.9749841710881471,0.21051174402236938,0.2024121880531311,0.0983637198805809,7.852607727050781,0.8561100885942459
5IVKA,clean,k_only,2.0,"[204, 246, 220]",1.1203334331512451,0.9414012455468216,0.12852446734905243,0.12202560156583786,0.06064051017165184,8.372980117797852,0.9128423320768564
5IVKA,clean,k_only,4.0,"[204, 246, 220]",1.0645287036895752,0.8939547374596621,0.05268783122301102,0.039354436099529266,0.020502736791968346,8.80693244934082,0.9601528538699091
5IVKA,clean,k_only,8.0,"[204, 246, 220]",1.0445212125778198,0.8769438927159439,0.036550067365169525,0.0037935497239232063,0.011355970054864883,8.903977394104004,0.9707329260123941
5IVKA,clean,k_only,10.0,"[204, 246, 220]",1.0432313680648804,0.8758472362370984,0.036695241928100586,0.0012092723045498133,0.011383955366909504,8.901423454284668,0.9704544893807687
5IVKA,clean,k_only,12.0,"[204, 246, 220]",1.0428670644760132,0.875537496662297,0.036743421107530594,0.0003936013672500849,0.011392222717404366,8.898935317993164,0.9701832268072397
5IVKA,clean,k_only,14.0,"[204, 246, 220]",1.042760968208313,0.8754472910924104,0.0367591567337513,0.00013043255603406578,0.01139475405216217,8.897600173950195,0.9700376662081823
5IVKA,clean,k_only,16.0,"[204, 246, 220]",1.0427296161651611,0.875420634839736,0.03676429018378258,4.3876891140826046e-05,0.011395547538995743,8.896987915039062,0.9699709162763288
5IVKA,clean,k_only,32.0,"[204, 246, 220]",1.0427156686782837,0.875408776354706,0.03676677495241165,1.0089173052563183e-08,0.011395920068025589,8.896547317504883,0.9699228812786399
5IVKA,clean,v_only,0.0,"[204, 246, 220]",1.1892549991607666,1.0,0.3291155695915222,0.3115159571170807,0.14877884089946747,7.069033145904541,0.770682912374245
5IVKA,clean,v_only,0.5,"[204, 246, 220]",1.1901386976242065,1.000751341448954,0.3291155695915222,0.3115159571170807,0.14877884089946747,7.069033145904541,0.770682912374245
5IVKA,clean,v_only,1.0,"[204, 246, 220]",1.1902012825012207,1.0008045525997298,0.3291155695915222,0.3115159571170807,0.14877884089946747,7.069033145904541,0.770682912374245
5IVKA,clean,v_only,2.0,"[204, 246, 220]",1.1872303485870361,0.9982785939337605,0.3291155695915222,0.3115159571170807,0.14877884089946747,7.069033145904541,0.770682912374245
5IVKA,clean,v_only,4.0,"[204, 246, 220]",1.1638768911361694,0.9784229290377099,0.3291155695915222,0.3115159571170807,0.14877884089946747,7.069033145904541,0.770682912374245
5IVKA,clean,v_only,8.0,"[204, 246, 220]",0.9391528964042664,0.7873572445288447,0.3291155695915222,0.3115159571170807,0.14877884089946747,7.069033145904541,0.770682912374245
5IVKA,clean,v_only,10.0,"[204, 246, 220]",0.12278275191783905,0.09325993349187359,0.3291155695915222,0.3115159571170807,0.14877884089946747,7.069033145904541,0.770682912374245
5IVKA,clean,v_only,12.0,"[204, 246, 220]",0.01492746826261282,0.0015588064089894994,0.3291155695915222,0.3115159571170807,0.14877884089946747,7.069033145904541,0.770682912374245
5IVKA,clean,v_only,14.0,"[204, 246, 220]",0.011441475711762905,-0.0014050673585427542,0.3291155695915222,0.3115159571170807,0.14877884089946747,7.069033145904541,0.770682912374245
5IVKA,clean,v_only,16.0,"[204, 246, 220]",0.011081336066126823,-0.0017112666497859043,0.3291155695915222,0.3115159571170807,0.14877884089946747,7.069033145904541,0.770682912374245
5IVKA,clean,v_only,32.0,"[204, 246, 220]",0.010848944075405598,-0.0019088518468384078,0.3291155695915222,0.3115159571170807,0.14877884089946747,7.069033145904541,0.770682912374245
