protein,pfam_acc,anchor_pos,radius,k,condition,repeat,alpha,alpha_full,alpha_norm,delta_alpha_norm,c0_alpha_norm,argmax_pos,anchor_argmax_preserved,perturbed_positions,substitutions
1OOEA,PF00106,125,60,8,C0,0,1.5150694847106934,1.4445116519927979,1.0488454576469193,1.6505133682009898e-07,1.0488452925955825,125,1,,
1OOEA,PF00106,125,60,8,C7,0,1.4806814193725586,1.4445116519927979,1.025039443143198,-0.02380584945238451,1.0488452925955825,125,1,142;146;122;129;80;167;75;124,
1OOEA,PF00106,125,60,8,C7_sub,0,1.5258005857467651,1.4445116519927979,1.0562743357880318,0.007429043192449303,1.0488452925955825,125,1,142;146;122;129;80;167;75;124,142:Q;146:R;122:G;129:W;80:G;167:N;75:F;124:I
1OOEA,PF00106,125,60,8,C8,0,1.4713257551193237,1.4445116519927979,1.018562746163753,-0.030282546431829482,1.0488452925955825,125,1,80;180;84;172;67;177;76;156,
1OOEA,PF00106,125,60,8,C8_sub,0,1.4366328716278076,1.4445116519927979,0.9945457135260065,-0.05429957906957594,1.0488452925955825,125,1,80;180;84;172;67;177;76;156,80:G;180:L;84:G;172:P;67:I;177:I;76:I;156:P
1OOEA,PF00106,125,60,8,C8,1,1.4776382446289062,1.4445116519927979,1.0229327278810165,-0.025912564714565933,1.0488452925955825,125,1,179;176;109;143;129;153;67;77,
1OOEA,PF00106,125,60,8,C8_sub,1,1.466866374015808,1.4445116519927979,1.015475625961321,-0.03336966663426155,1.0488452925955825,125,1,179;176;109;143;129;153;67;77,179:C;176:S;109:W;143:G;129:W;153:Y;67:A;77:Q
1OOEA,PF00106,125,60,8,C8,2,1.5034245252609253,1.4445116519927979,1.0407839377320725,-0.008061354863510006,1.0488452925955825,125,1,180;131;92;99;154;100;173;177,
1OOEA,PF00106,125,60,8,C8_sub,2,1.5083187818527222,1.4445116519927979,1.044172111572723,-0.004673181022859518,1.0488452925955825,125,1,180;131;92;99;154;100;173;177,180:I;131:L;92:V;99:I;154:Y;100:F;173:L;177:W
1OOEA,PF00106,125,60,8,C8,3,1.4730814695358276,1.4445116519927979,1.019778184207525,-0.029067108388057372,1.0488452925955825,125,1,88;98;156;124;126;171;111;137,
1OOEA,PF00106,125,60,8,C8_sub,3,1.4647849798202515,1.4445116519927979,1.0140347277915587,-0.03481056480402378,1.0488452925955825,125,1,88;98;156;124;126;171;111;137,88:N;98:F;156:W;124:A;126:P;171:N;111:I;137:W
1OOEA,PF00106,125,60,8,C8,4,1.5105878114700317,1.4445116519927979,1.0457429051445015,-0.0031023874510809346,1.0488452925955825,125,1,179;85;99;114;132;126;146;123,
1OOEA,PF00106,125,60,8,C8_sub,4,1.4992411136627197,1.4445116519927979,1.0378878644519198,-0.010957428143662629,1.0488452925955825,125,1,179;85;99;114;132;126;146;123,179:N;85:G;99:A;114:F;132:W;126:I;146:H;123:F
1OOEA,PF00106,125,60,8,C8,5,1.4896056652069092,1.4445116519927979,1.0312174797288074,-0.01762781286677506,1.0488452925955825,125,1,91;166;105;97;140;93;103;89,
1OOEA,PF00106,125,60,8,C8_sub,5,1.4993935823440552,1.4445116519927979,1.0379934147817667,-0.010851877813815802,1.0488452925955825,125,1,91;166;105;97;140;93;103;89,91:E;166:Y;105:M;97:E;140:V;93:P;103:T;89:N
1OOEA,PF00106,125,60,8,C8,6,1.5106607675552368,1.4445116519927979,1.045793410853545,-0.003051881742037521,1.0488452925955825,125,1,157;115;110;154;163;132;167;114,
1OOEA,PF00106,125,60,8,C8_sub,6,1.527711033821106,1.4445116519927979,1.0575968921493497,0.008751599553767253,1.0488452925955825,125,1,157;115;110;154;163;132;167;114,157:L;115:Y;110:M;154:N;163:V;132:V;167:T;114:V
1OOEA,PF00106,125,60,8,C8,7,1.4897412061691284,1.4445116519927979,1.0313113114137455,-0.01753398118183691,1.0488452925955825,125,1,94;162;76;83;143;155;87;140,
1OOEA,PF00106,125,60,8,C8_sub,7,1.4705764055252075,1.4445116519927979,1.0180439898123712,-0.03080130278321125,1.0488452925955825,125,1,94;162;76;83;143;155;87;140,94:R;162:G;76:P;83:P;143:G;155:N;87:W;140:A
1OOEA,PF00106,125,60,8,C8,8,1.4813151359558105,1.4445116519927979,1.0254781495962597,-0.023367142999322743,1.0488452925955825,125,1,88;166;146;114;152;128;110;105,
1OOEA,PF00106,125,60,8,C8_sub,8,1.4809061288833618,1.4445116519927979,1.025195004028078,-0.023650288567504507,1.0488452925955825,125,1,88;166;146;114;152;128;110;105,88:Q;166:Q;146:R;114:P;152:I;128:G;110:P;105:M
1OOEA,PF00106,125,60,8,C8,9,1.478878378868103,1.4445116519927979,1.0237912424090827,-0.025054050186499754,1.0488452925955825,125,1,94;130;97;134;118;99;174;78,
1OOEA,PF00106,125,60,8,C8_sub,9,1.5023958683013916,1.4445116519927979,1.0400718237396969,-0.008773468855885591,1.0488452925955825,125,1,94;130;97;134;118;99;174;78,94:R;130:W;97:E;134:G;118:F;99:I;174:I;78:P
1OOEA,PF00106,125,60,8,C8,10,1.5016893148422241,1.4445116519927979,1.0395826941032604,-0.009262598492322027,1.0488452925955825,125,1,81;88;76;169;153;78;114;103,
1OOEA,PF00106,125,60,8,C8_sub,10,1.5046825408935547,1.4445116519927979,1.0416548311103944,-0.007190461485188093,1.0488452925955825,125,1,81;88;76;169;153;78;114;103,81:G;88:Q;76:P;169:F;153:C;78:W;114:P;103:C
1OOEA,PF00106,125,60,8,C8,11,1.5174068212509155,1.4445116519927979,1.0504635384266745,0.0016182458310920467,1.0488452925955825,125,1,102;130;78;122;141;124;117;152,
1OOEA,PF00106,125,60,8,C8_sub,11,1.4688127040863037,1.4445116519927979,1.0168230225488184,-0.032022270046764056,1.0488452925955825,125,1,102;130;78;122;141;124;117;152,102:Y;130:P;78:A;122:G;141:G;124:P;117:K;152:W
1OOEA,PF00106,125,60,8,C8,12,1.5217071771621704,1.4445116519927979,1.0534405693874995,0.004595276791917069,1.0488452925955825,125,1,157;166;129;75;73;163;67;87,
1OOEA,PF00106,125,60,8,C8_sub,12,1.5285863876342773,1.4445116519927979,1.0582028781322,0.009357585536617474,1.0488452925955825,125,1,157;166;129;75;73;163;67;87,157:M;166:C;129:P;75:F;73:E;163:P;67:F;87:W
1OOEA,PF00106,125,60,8,C8,13,1.4622400999069214,1.4445116519927979,1.012272969823169,-0.03657232277241351,1.0488452925955825,125,1,138;166;113;118;147;106;121;172,
1OOEA,PF00106,125,60,8,C8_sub,13,1.4594194889068604,1.4445116519927979,1.0103203299838366,-0.03852496261174587,1.0488452925955825,125,1,138;166;113;118;147;106;121;172,138:C;166:T;113:V;118:W;147:F;106:N;121:G;172:F
1OOEA,PF00106,125,60,8,C8,14,1.517125129699707,1.4445116519927979,1.0502685302723131,0.0014232376767306931,1.0488452925955825,125,1,102;175;169;147;108;114;84;129,
1OOEA,PF00106,125,60,8,C8_sub,14,1.5213228464126587,1.4445116519927979,1.0531745066326705,0.0043292140370880805,1.0488452925955825,125,1,102;175;169;147;108;114;84;129,102:T;175:F;169:A;147:W;108:M;114:V;84:G;129:W
1OOEA,PF00106,125,60,8,C8,15,1.5310826301574707,1.4445116519927979,1.0599309656278941,0.011085673032311671,1.0488452925955825,125,1,164;94;66;112;132;87;123;70,
1OOEA,PF00106,125,60,8,C8_sub,15,1.5332833528518677,1.4445116519927979,1.0614544719916958,0.01260917939611339,1.0488452925955825,125,1,164;94;66;112;132;87;123;70,164:A;94:H;66:Y;112:H;132:V;87:P;123:M;70:Y
1OOEA,PF00106,125,60,8,C8,16,1.4872701168060303,1.4445116519927979,1.0296006368340778,-0.019244655761504692,1.0488452925955825,125,1,94;162;109;100;83;156;150;129,
1OOEA,PF00106,125,60,8,C8_sub,16,1.4809354543685913,1.4445116519927979,1.0252153053424973,-0.023629987253085183,1.0488452925955825,125,1,94;162;109;100;83;156;150;129,94:R;162:G;109:F;100:W;83:W;156:M;150:R;129:V
1OOEA,PF00106,125,60,8,C8,17,1.490964412689209,1.4445116519927979,1.032158107296903,-0.016687185298679408,1.0488452925955825,125,1,85;88;93;167;143;122;99;92,
1OOEA,PF00106,125,60,8,C8_sub,17,1.5016216039657593,1.4445116519927979,1.0395358195236255,-0.009309473071956953,1.0488452925955825,125,1,85;88;93;167;143;122;99;92,85:G;88:C;93:W;167:N;143:G;122:G;99:P;92:W
1OOEA,PF00106,125,60,8,C8,18,1.4362573623657227,1.4445116519927979,0.9942857576706371,-0.05455953492494536,1.0488452925955825,125,1,135;120;137;87;104;122;155;84,
1OOEA,PF00106,125,60,8,C8_sub,18,1.4824893474578857,1.4445116519927979,1.0262910274297166,-0.022554265165865894,1.0488452925955825,125,1,135;120;137;87;104;122;155;84,135:M;120:A;137:F;87:P;104:L;122:G;155:Q;84:G
1OOEA,PF00106,125,60,8,C8,19,1.5227257013320923,1.4445116519927979,1.0541456686980635,0.005300376102481019,1.0488452925955825,125,1,94;120;163;95;87;172;75;168,
1OOEA,PF00106,125,60,8,C8_sub,19,1.4760292768478394,1.4445116519927979,1.0218188789350096,-0.0270264136605729,1.0488452925955825,125,1,94;120;163;95;87;172;75;168,94:R;120:F;163:A;95:T;87:F;172:F;75:A;168:W
3H7AA,PF00106,137,60,8,C0,0,1.4465631246566772,1.4410269260406494,1.0038418425887703,-3.309009357632675e-07,1.003842173489706,137,1,,
3H7AA,PF00106,137,60,8,C7,0,1.4125556945800781,1.4410269260406494,0.9802424014804508,-0.023599772009255227,1.003842173489706,137,1,154;158;134;141;91;177;86;136,
3H7AA,PF00106,137,60,8,C7_sub,0,1.484734296798706,1.4410269260406494,1.0303307106676671,0.02648853717796107,1.003842173489706,137,1,154;158;134;141;91;177;86;136,154:P;158:H;134:G;141:W;91:G;177:M;86:Q;136:W
3H7AA,PF00106,137,60,8,C8,0,1.4500679969787598,1.4410269260406494,1.0062740471914369,0.0024318737017308134,1.003842173489706,137,1,154;144;136;163;140;125;164;133,
3H7AA,PF00106,137,60,8,C8_sub,0,1.420929193496704,1.4410269260406494,0.9860531873619005,-0.01778898612780555,1.003842173489706,137,1,154;144;136;163;140;125;164;133,154:L;144:Y;136:W;163:W;140:G;125:V;164:W;133:C
3H7AA,PF00106,137,60,8,C8,1,1.4026018381118774,1.4410269260406494,0.9733349271728403,-0.030507246316865744,1.003842173489706,137,1,134;136;135;178;140;167;125;107,
3H7AA,PF00106,137,60,8,C8_sub,1,1.4227886199951172,1.4410269260406494,0.9873435355606827,-0.016498637929023396,1.003842173489706,137,1,134;136;135;178;140;167;125;107,134:G;136:A;135:R;178:K;140:G;167:Q;125:F;107:K
3H7AA,PF00106,137,60,8,C8,2,1.4358468055725098,1.4410269260406494,0.9964052576849675,-0.0074369158047385975,1.003842173489706,137,1,118;124;165;178;155;122;81;102,
3H7AA,PF00106,137,60,8,C8_sub,2,1.4360997676849365,1.4410269260406494,0.996580800631359,-0.007261372858347048,1.003842173489706,137,1,118;124;165;178;155;122;81;102,118:W;124:C;165:I;178:K;155:F;122:K;81:F;102:Q
3H7AA,PF00106,137,60,8,C8,3,1.4341869354248047,1.4410269260406494,0.9952533915277779,-0.008588781961928138,1.003842173489706,137,1,121;101;159;81;167;178;135;102,
3H7AA,PF00106,137,60,8,C8_sub,3,1.4269154071807861,1.4410269260406494,0.9902073177087426,-0.013634855780963462,1.003842173489706,137,1,121;101;159;81;167;178;135;102,121:G;101:C;159:P;81:L;167:C;178:R;135:H;102:N
3H7AA,PF00106,137,60,8,C8,4,1.4231133460998535,1.4410269260406494,0.9875688790978979,-0.016273294391808135,1.003842173489706,137,1,180;77;160;122;159;181;179;108,
3H7AA,PF00106,137,60,8,C8_sub,4,1.4088205099105835,1.4410269260406494,0.9776503717258387,-0.026191801763867373,1.003842173489706,137,1,180;77;160;122;159;181;179;108,180:W;77:L;160:G;122:H;159:P;181:R;179:L;108:R
3H7AA,PF00106,137,60,8,C8,5,1.4302293062210083,1.4410269260406494,0.9925069964866593,-0.011335177003046759,1.003842173489706,137,1,140;159;171;150;134;118;156;111,
3H7AA,PF00106,137,60,8,C8_sub,5,1.416998267173767,1.4410269260406494,0.9833253227731815,-0.020516850716524537,1.003842173489706,137,1,140;159;171;150;134;118;156;111,140:G;159:A;171:D;150:G;134:G;118:L;156:C;111:D
3H7AA,PF00106,137,60,8,C8,6,1.4426997900009155,1.4410269260406494,1.0011608832076875,-0.002681290282018578,1.003842173489706,137,1,179;83;153;166;119;127;87;99,
3H7AA,PF00106,137,60,8,C8_sub,6,1.421548843383789,1.4410269260406494,0.9864831931278494,-0.01735898036185668,1.003842173489706,137,1,179;83;153;166;119;127;87;99,179:F;83:A;153:W;166:T;119:F;127:V;87:A;99:I
3H7AA,PF00106,137,60,8,C8,7,1.4483695030212402,1.4410269260406494,1.0050953780584553,0.0012532045687492221,1.003842173489706,137,1,165;168;184;167;110;135;98;145,
3H7AA,PF00106,137,60,8,C8_sub,7,1.4216177463531494,1.4410269260406494,0.9865310083130587,-0.017311165176647325,1.003842173489706,137,1,165;168;184;167;110;135;98;145,165:P;168:V;184:V;167:N;110:P;135:H;98:M;145:F
3H7AA,PF00106,137,60,8,C8,8,1.4436455965042114,1.4410269260406494,1.0018172252136586,-0.002024948276047489,1.003842173489706,137,1,113;87;78;136;116;86;173;95,
3H7AA,PF00106,137,60,8,C8_sub,8,1.4477015733718872,1.4410269260406494,1.0046318685727664,0.0007896950830603711,1.003842173489706,137,1,113;87;78;136;116;86;173;95,113:M;87:F;78:E;136:P;116:V;86:N;173:I;95:S
3H7AA,PF00106,137,60,8,C8,9,1.4604618549346924,1.4410269260406494,1.0134868603374694,0.009644686847763317,1.003842173489706,137,1,160;109;171;127;179;86;115;145,
3H7AA,PF00106,137,60,8,C8_sub,9,1.4924925565719604,1.4410269260406494,1.0357145516168234,0.031872378127117296,1.003842173489706,137,1,160;109;171;127;179;86;115;145,160:G;109:F;171:D;127:W;179:A;86:N;115:A;145:V
3H7AA,PF00106,137,60,8,C8,10,1.4053758382797241,1.4410269260406494,0.9752599433663048,-0.02858223012340122,1.003842173489706,137,1,134;83;98;128;181;125;103;111,
3H7AA,PF00106,137,60,8,C8_sub,10,1.4224752187728882,1.4410269260406494,0.9871260509206905,-0.016716122569015557,1.003842173489706,137,1,134;83;98;128;181;125;103;111,134:G;83:A;98:W;128:I;181:K;125:I;103:E;111:D
3H7AA,PF00106,137,60,8,C8,11,1.439711570739746,1.4410269260406494,0.9990872097688575,-0.004754963720848604,1.003842173489706,137,1,117;178;165;135;110;159;103;126,
3H7AA,PF00106,137,60,8,C8_sub,11,1.447546124458313,1.4410269260406494,1.0045239948677265,0.0006818213780204196,1.003842173489706,137,1,117;178;165;135;110;159;103;126,117:G;178:K;165:M;135:H;110:V;159:V;103:E;126:H
3H7AA,PF00106,137,60,8,C8,12,1.4695099592208862,1.4410269260406494,1.0197657883177078,0.015923614828001753,1.003842173489706,137,1,171;183;125;169;103;106;153;148,
3H7AA,PF00106,137,60,8,C8_sub,12,1.4672930240631104,1.4410269260406494,1.0182273471423808,0.014385173652674776,1.003842173489706,137,1,171;183;125;169;103;106;153;148,171:D;183:F;125:F;169:M;103:E;106:W;153:F;148:G
3H7AA,PF00106,137,60,8,C8,13,1.4863042831420898,1.4410269260406494,1.0314202019984762,0.027578028508770114,1.003842173489706,137,1,89;127;172;135;153;173;147;107,
3H7AA,PF00106,137,60,8,C8_sub,13,1.4505913257598877,1.4410269260406494,1.0066372109683732,0.0027950374786671617,1.003842173489706,137,1,89;127;172;135;153;173;147;107,89:T;127:I;172:W;135:R;153:M;173:L;147:G;107:K
3H7AA,PF00106,137,60,8,C8,14,1.412389874458313,1.4410269260406494,0.9801273306800593,-0.023714842809646752,1.003842173489706,137,1,128;165;83;78;172;115;120;129,
3H7AA,PF00106,137,60,8,C8_sub,14,1.4129297733306885,1.4410269260406494,0.9805019932645115,-0.023340180225194573,1.003842173489706,137,1,128;165;83;78;172;115;120;129,128:I;165:W;83:P;78:E;172:P;115:L;120:C;129:P
3H7AA,PF00106,137,60,8,C8,15,1.4520512819290161,1.4410269260406494,1.0076503469082685,0.0038081734185624327,1.003842173489706,137,1,87;153;121;147;85;164;180;82,
3H7AA,PF00106,137,60,8,C8_sub,15,1.4594436883926392,1.4410269260406494,1.012780304114505,0.008938130624798868,1.003842173489706,137,1,87;153;121;147;85;164;180;82,87:P;153:W;121:G;147:G;85:L;164:W;180:W;82:W
3H7AA,PF00106,137,60,8,C8,16,1.4839119911193848,1.4410269260406494,1.0297600720040436,0.025917898514337567,1.003842173489706,137,1,169;123;114;163;90;171;152;148,
3H7AA,PF00106,137,60,8,C8_sub,16,1.4601960182189941,1.4410269260406494,1.0133023830658137,0.009460209576107603,1.003842173489706,137,1,169;123;114;163;90;171;152;148,169:W;123:D;114:Y;163:M;90:I;171:D;152:M;148:G
3H7AA,PF00106,137,60,8,C8,17,1.4409749507904053,1.4410269260406494,0.9999639317980081,-0.0038782416916979257,1.003842173489706,137,1,183;124;178;147;116;160;144;102,
3H7AA,PF00106,137,60,8,C8_sub,17,1.4105639457702637,1.4410269260406494,0.9788602282720105,-0.02498194521769559,1.003842173489706,137,1,183;124;178;147;116;160;144;102,183:M;124:C;178:R;147:G;116:P;160:G;144:C;102:N
3H7AA,PF00106,137,60,8,C8,18,1.4644442796707153,1.4410269260406494,1.0162504622272446,0.01240828873753852,1.003842173489706,137,1,128;77;161;86;90;147;177;111,
3H7AA,PF00106,137,60,8,C8_sub,18,1.4107507467269897,1.4410269260406494,0.978989858713573,-0.024852314776133033,1.003842173489706,137,1,128;77;161;86;90;147;177;111,128:L;77:M;161:W;86:C;90:W;147:G;177:P;111:D
3H7AA,PF00106,137,60,8,C8,19,1.4511152505874634,1.4410269260406494,1.0070007883714793,0.0031586148817732695,1.003842173489706,137,1,155;134;98;85;138;150;78;97,
3H7AA,PF00106,137,60,8,C8_sub,19,1.4631325006484985,1.4410269260406494,1.0153401537531197,0.011497980263413643,1.003842173489706,137,1,155;134;98;85;138;150;78;97,155:W;134:G;98:W;85:A;138:V;150:G;78:E;97:L
1ZMTA,PF00106,127,60,8,C0,0,1.3908023834228516,1.4859169721603394,0.9359892978413168,3.209043083485241e-07,0.9359889769370084,127,1,,
1ZMTA,PF00106,127,60,8,C7,0,1.3778915405273438,1.4859169721603394,0.9273004927886785,-0.0086884841483299,0.9359889769370084,127,1,144;148;124;131;80;167;75;126,
1ZMTA,PF00106,127,60,8,C7_sub,0,1.444828987121582,1.4859169721603394,0.972348397784958,0.03635942084794952,0.9359889769370084,127,1,144;148;124;131;80;167;75;126,144:N;148:H;124:G;131:N;80:A;167:M;75:V;126:V
1ZMTA,PF00106,127,60,8,C8,0,1.405877947807312,1.4859169721603394,0.9461349282277458,0.010145951290737365,0.9359889769370084,127,1,142;163;158;78;171;159;88;146,
1ZMTA,PF00106,127,60,8,C8_sub,0,1.399177074432373,1.4859169721603394,0.9416253402087081,0.005636363271699696,0.9359889769370084,127,1,142;163;158;78;171;159;88;146,142:Q;163:G;158:M;78:Q;171:W;159:Y;88:A;146:Y
1ZMTA,PF00106,127,60,8,C8,1,1.3648462295532227,1.4859169721603394,0.918521192721088,-0.017467784215920434,0.9359889769370084,127,1,156;107;150;174;77;80;96;158,
1ZMTA,PF00106,127,60,8,C8_sub,1,1.3726164102554321,1.4859169721603394,0.9237504086515802,-0.012238568285428242,0.9359889769370084,127,1,156;107;150;174;77;80;96;158,156:C;107:A;150:G;174:V;77:T;80:L;96:Q;158:F
1ZMTA,PF00106,127,60,8,C8,2,1.4156839847564697,1.4859169721603394,0.9527342451026994,0.016745268165690996,0.9359889769370084,127,1,128;73;131;76;179;100;149;112,
1ZMTA,PF00106,127,60,8,C8_sub,2,1.4507125616073608,1.4859169721603394,0.9763079558194994,0.04031897888249092,0.9359889769370084,127,1,128;73;131;76;179;100;149;112,128:P;73:E;131:C;76:W;179:Q;100:M;149:W;112:S
1ZMTA,PF00106,127,60,8,C8,3,1.3590415716171265,1.4859169721603394,0.9146147443495771,-0.02137423258743132,0.9359889769370084,127,1,119;106;138;99;159;143;75;149,
1ZMTA,PF00106,127,60,8,C8_sub,3,1.3566298484802246,1.4859169721603394,0.9129916905840659,-0.022997286352942514,0.9359889769370084,127,1,119;106;138;99;159;143;75;149,119:R;106:K;138:I;99:P;159:Y;143:Q;75:I;149:M
1ZMTA,PF00106,127,60,8,C8,4,1.3773231506347656,1.4859169721603394,0.9269179748531361,-0.009071002083872348,0.9359889769370084,127,1,129;106;109;177;168;141;96;130,
1ZMTA,PF00106,127,60,8,C8_sub,4,1.3856223821640015,1.4859169721603394,0.9325032341137325,-0.0034857428232759613,0.9359889769370084,127,1,129;106;109;177;168;141;96;130,129:F;106:K;109:F;177:V;168:L;141:I;96:T;130:C
1ZMTA,PF00106,127,60,8,C8,5,1.3491568565368652,1.4859169721603394,0.9079624782637472,-0.028026498673261235,0.9359889769370084,127,1,149;172;117;186;177;170;162;104,
1ZMTA,PF00106,127,60,8,C8_sub,5,1.4081028699874878,1.4859169721603394,0.9476322677304645,0.011643290793456051,0.9359889769370084,127,1,149;172;117;186;177;170;162;104,149:F;172:L;117:T;186:S;177:F;170:W;162:W;104:T
1ZMTA,PF00106,127,60,8,C8,6,1.3326467275619507,1.4859169721603394,0.8968514072656747,-0.03913756967133375,0.9359889769370084,127,1,137;144;136;174;114;161;129;172,
1ZMTA,PF00106,127,60,8,C8_sub,6,1.377039909362793,1.4859169721603394,0.9267273576939816,-0.00926161924302682,0.9359889769370084,127,1,137;144;136;174;114;161;129;172,137:I;144:Q;136:G;174:L;114:F;161:D;129:A;172:L
1ZMTA,PF00106,127,60,8,C8,7,1.3856250047683716,1.4859169721603394,0.9325049990874283,-0.0034839778495801,0.9359889769370084,127,1,119;141;182;126;118;112;88;171,
1ZMTA,PF00106,127,60,8,C8_sub,7,1.372862696647644,1.4859169721603394,0.9239161557268383,-0.01207282121017017,0.9359889769370084,127,1,119;141;182;126;118;112;88;171,119:H;141:F;182:Y;126:V;118:A;112:S;88:P;171:P
1ZMTA,PF00106,127,60,8,C8,8,1.4398051500320435,1.4859169721603394,0.9689674302183553,0.03297845328134685,0.9359889769370084,127,1,83;131;99;156;137;114;112;73,
1ZMTA,PF00106,127,60,8,C8_sub,8,1.4022263288497925,1.4859169721603394,0.9436774430344711,0.007688466097462654,0.9359889769370084,127,1,83;131;99;156;137;114;112;73,83:F;131:T;99:F;156:Q;137:L;114:F;112:S;73:E
1ZMTA,PF00106,127,60,8,C8,9,1.3281928300857544,1.4859169721603394,0.8938540005736164,-0.04213497636339203,0.9359889769370084,127,1,169;116;124;157;141;125;162;75,
1ZMTA,PF00106,127,60,8,C8_sub,9,1.3023749589920044,1.4859169721603394,0.8764789577028065,-0.05951001923420196,0.9359889769370084,127,1,169;116;124;157;141;125;162;75,169:I;116:T;124:G;157:W;141:M;125:K;162:P;75:P
1ZMTA,PF00106,127,60,8,C8,10,1.3603157997131348,1.4859169721603394,0.9154722808875411,-0.020516696049467376,0.9359889769370084,127,1,138;76;148;158;80;99;83;128,
1ZMTA,PF00106,127,60,8,C8_sub,10,1.3645989894866943,1.4859169721603394,0.9183548038372132,-0.017634173099795203,0.9359889769370084,127,1,138;76;148;158;80;99;83;128,138:V;76:W;148:H;158:A;80:M;99:L;83:M;128:W
1ZMTA,PF00106,127,60,8,C8,11,1.4286463260650635,1.4859169721603394,0.9614577078206386,0.02546873088363011,0.9359889769370084,127,1,110;100;151;131;80;177;132;96,
1ZMTA,PF00106,127,60,8,C8_sub,11,1.482795238494873,1.4859169721603394,0.9978991197193692,0.06191014278236073,0.9359889769370084,127,1,110;100;151;131;80;177;132;96,110:A;100:L;151:L;131:N;80:L;177:I;132:W;96:S
1ZMTA,PF00106,127,60,8,C8,12,1.3980789184570312,1.4859169721603394,0.940886297586599,0.004897320649590586,0.9359889769370084,127,1,140;173;154;126;96;167;100;79,
1ZMTA,PF00106,127,60,8,C8_sub,12,1.3882006406784058,1.4859169721603394,0.9342383637089318,-0.0017506132280766806,0.9359889769370084,127,1,140;173;154;126;96;167;100;79,140:D;173:G;154:F;126:M;96:T;167:L;100:A;79:E
1ZMTA,PF00106,127,60,8,C8,13,1.3573538064956665,1.4859169721603394,0.9134789035502044,-0.022510073386803997,0.9359889769370084,127,1,124;157;78;170;126;177;156;151,
1ZMTA,PF00106,127,60,8,C8_sub,13,1.3237673044204712,1.4859169721603394,0.8908756876879045,-0.04511328924910396,0.9359889769370084,127,1,124;157;78;170;126;177;156;151,124:G;157:L;78:Q;170:M;126:P;177:W;156:Q;151:W
1ZMTA,PF00106,127,60,8,C8,14,1.3840652704238892,1.4859169721603394,0.9314553210948453,-0.004533655842163142,0.9359889769370084,127,1,143;119;106;79;83;104;136;74,
1ZMTA,PF00106,127,60,8,C8_sub,14,1.3684802055358887,1.4859169721603394,0.920966804454954,-0.015022172482054397,0.9359889769370084,127,1,143;119;106;79;83;104;136;74,143:Y;119:H;106:H;79:E;83:F;104:T;136:G;74:F
1ZMTA,PF00106,127,60,8,C8,15,1.3813083171844482,1.4859169721603394,0.9295999326100952,-0.006389044326913229,0.9359889769370084,127,1,186;77;146;142;182;99;80;151,
1ZMTA,PF00106,127,60,8,C8_sub,15,1.3965505361557007,1.4859169721603394,0.9398577190522893,0.0038687421152808765,0.9359889769370084,127,1,186;77;146;142;182;99;80;151,186:T;77:N;146:N;142:Q;182:T;99:F;80:M;151:L
1ZMTA,PF00106,127,60,8,C8,16,1.3985100984573364,1.4859169721603394,0.9411764753074163,0.005187498370407884,0.9359889769370084,127,1,182;103;125;131;138;159;75;109,
1ZMTA,PF00106,127,60,8,C8_sub,16,1.3783031702041626,1.4859169721603394,0.9275775134328538,-0.00841146350415467,0.9359889769370084,127,1,182;103;125;131;138;159;75;109,182:C;103:I;125:R;131:C;138:V;159:N;75:I;109:M
1ZMTA,PF00106,127,60,8,C8,17,1.4020026922225952,1.4859169721603394,0.9435269389138593,0.00753796197685086,0.9359889769370084,127,1,167;109;185;150;169;83;144;104,
1ZMTA,PF00106,127,60,8,C8_sub,17,1.3966290950775146,1.4859169721603394,0.9399105880370885,0.003921611100080047,0.9359889769370084,127,1,167;109;185;150;169;83;144;104,167:W;109:V;185:V;150:G;169:A;83:A;144:S;104:C
1ZMTA,PF00106,127,60,8,C8,18,1.364682674407959,1.4859169721603394,0.9184111225433271,-0.017577854393681314,0.9359889769370084,127,1,141;145;91;72;175;146;155;80,
1ZMTA,PF00106,127,60,8,C8_sub,18,1.3392504453659058,1.4859169721603394,0.9012956110318878,-0.03469336590512062,0.9359889769370084,127,1,141;145;91;72;175;146;155;80,141:P;145:C;91:Q;72:A;175:T;146:N;155:P;80:V
1ZMTA,PF00106,127,60,8,C8,19,1.4046770334243774,1.4859169721603394,0.9453267307271892,0.009337753790180758,0.9359889769370084,127,1,131;102;100;74;147;112;110;185,
1ZMTA,PF00106,127,60,8,C8_sub,19,1.431186318397522,1.4859169721603394,0.9631670848450935,0.02717810790808506,0.9359889769370084,127,1,131;102;100;74;147;112;110;185,131:Q;102:V;100:P;74:L;147:I;112:Y;110:V;185:W
3GEMA,PF00106,152,60,8,C0,0,1.3007150888442993,1.4097185134887695,0.9226771702283254,-2.536874313951998e-07,0.9226774239157568,152,1,,
3GEMA,PF00106,152,60,8,C7,0,1.2879801988601685,1.4097185134887695,0.9136435299219251,-0.009033893993831699,0.9226774239157568,152,1,169;173;149;156;107;191;102;151,
3GEMA,PF00106,152,60,8,C7_sub,0,0.6955826282501221,1.4097185134887695,0.49341951715502064,-0.42925790676073616,0.9226774239157568,193,0,169;173;149;156;107;191;102;151,169:S;173:H;149:M;156:E;107:Y;191:M;102:M;151:A
3GEMA,PF00106,152,60,8,C8,0,1.316161870956421,1.4097185134887695,0.9336345223268617,0.010957098411104926,0.9226774239157568,152,1,134;103;184;149;193;136;105;126,
3GEMA,PF00106,152,60,8,C8_sub,0,1.1587101221084595,1.4097185134887695,0.821944317976562,-0.10073310593919482,0.9226774239157568,152,1,134;103;184;149;193;136;105;126,134:W;103:W;184:P;149:M;193:W;136:C;105:S;126:Y
3GEMA,PF00106,152,60,8,C8,1,1.3103035688400269,1.4097185134887695,0.9294788685134661,0.006801444597709261,0.9226774239157568,152,1,121;131;193;174;133;129;143;150,
3GEMA,PF00106,152,60,8,C8_sub,1,1.215391993522644,1.4097185134887695,0.8621522537253153,-0.06052517019044146,0.9226774239157568,152,1,121;131;193;174;133;129;143;150,121:L;131:W;193:A;174:M;133:Q;129:P;143:P;150:E
3GEMA,PF00106,152,60,8,C8,2,1.2788752317428589,1.4097185134887695,0.907184817044007,-0.015492606871749803,0.9226774239157568,152,1,120;182;174;184;188;163;173;176,
3GEMA,PF00106,152,60,8,C8_sub,2,1.1476763486862183,1.4097185134887695,0.8141173842187476,-0.10856003969700923,0.9226774239157568,152,1,120;182;174;184;188;163;173;176,120:C;182:C;174:P;184:V;188:W;163:T;173:H;176:M
3GEMA,PF00106,152,60,8,C8,3,1.2609248161315918,1.4097185134887695,0.8944514838008736,-0.02822594011488322,0.9226774239157568,152,1,195;178;185;168;157;146;154;129,
3GEMA,PF00106,152,60,8,C8_sub,3,1.2890362739562988,1.4097185134887695,0.9143926689067831,-0.008284755008973743,0.9226774239157568,152,1,195;178;185;168;157;146;154;129,195:G;178:C;185:V;168:I;157:E;146:T;154:M;129:W
3GEMA,PF00106,152,60,8,C8,4,1.2918310165405273,1.4097185134887695,0.9163751516205215,-0.006302272295235278,0.9226774239157568,152,1,167;164;142;104;131;154;194;103,
3GEMA,PF00106,152,60,8,C8_sub,4,1.1890068054199219,1.4097185134887695,0.8434356178506653,-0.07924180606509146,0.9226774239157568,152,1,167;164;142;104;131;154;194;103,167:M;164:N;142:V;104:K;131:L;154:L;194:S;103:A
3GEMA,PF00106,152,60,8,C8,5,1.081423282623291,1.4097185134887695,0.7671200117440369,-0.15555741217171992,0.9226774239157568,152,1,137;174;151;127;154;156;135;169,
3GEMA,PF00106,152,60,8,C8_sub,5,0.30151796340942383,1.4097185134887695,0.21388522639404625,-0.7087921975217105,0.9226774239157568,193,0,137;174;151;127;154;156;135;169,137:F;174:P;151:M;127:F;154:A;156:E;135:L;169:S
3GEMA,PF00106,152,60,8,C8,6,1.29543936252594,1.4097185134887695,0.9189347732406439,-0.003742650675112924,0.9226774239157568,152,1,174;155;101;199;92;156;183;133,
3GEMA,PF00106,152,60,8,C8_sub,6,1.2138221263885498,1.4097185134887695,0.861038650464045,-0.06163877345171176,0.9226774239157568,152,1,174;155;101;199;92;156;183;133,174:P;155:T;101:F;199:W;92:M;156:E;183:M;133:S
3GEMA,PF00106,152,60,8,C8,7,1.2902110815048218,1.4097185134887695,0.9152260321188583,-0.0074513917968984655,0.9226774239157568,152,1,186;104;170;143;164;132;118;157,
3GEMA,PF00106,152,60,8,C8_sub,7,1.2574352025985718,1.4097185134887695,0.8919760864079687,-0.03070133750778814,0.9226774239157568,152,1,186;104;170;143;164;132;118;157,186:K;104:R;170:S;143:M;164:N;132:I;118:I;157:E
3GEMA,PF00106,152,60,8,C8,8,1.3202191591262817,1.4097185134887695,0.93651260623584,0.013835182320083184,0.9226774239157568,152,1,171;177;105;120;180;150;172;118,
3GEMA,PF00106,152,60,8,C8_sub,8,1.194262981414795,1.4097185134887695,0.8471641465920984,-0.07551327732365842,0.9226774239157568,152,1,171;177;105;120;180;150;172;118,171:V;177:D;105:Q;120:C;180:N;150:E;172:Y;118:P
3GEMA,PF00106,152,60,8,C8,9,1.2833720445632935,1.4097185134887695,0.9103746828061483,-0.012302741109608495,0.9226774239157568,152,1,171;146;178;158;137;186;188;193,
3GEMA,PF00106,152,60,8,C8_sub,9,1.2125191688537598,1.4097185134887695,0.8601143825890595,-0.06256304132669732,0.9226774239157568,152,1,171;146;178;158;137;186;188;193,171:I;146:Y;178:Y;158:F;137:P;186:H;188:M;193:F
3GEMA,PF00106,152,60,8,C8,10,1.2669858932495117,1.4097185134887695,0.8987509783878603,-0.023926445527896467,0.9226774239157568,152,1,181;153;183;118;131;126;176;193,
3GEMA,PF00106,152,60,8,C8_sub,10,1.2947628498077393,1.4097185134887695,0.9184548811829546,-0.004222542732802204,0.9226774239157568,152,1,181;153;183;118;131;126;176;193,181:I;153:R;183:M;118:P;131:W;126:Q;176:V;193:F
3GEMA,PF00106,152,60,8,C8,11,1.3006823062896729,1.4097185134887695,0.9226539155471158,-2.3508368640956512e-05,0.9226774239157568,152,1,170;177;185;195;132;157;154;197,
3GEMA,PF00106,152,60,8,C8_sub,11,1.0672485828399658,1.4097185134887695,0.7570650258389106,-0.16561239807684625,0.9226774239157568,152,1,170;177;185;195;132;157;154;197,170:Y;177:D;185:P;195:G;132:M;157:E;154:A;197:F
3GEMA,PF00106,152,60,8,C8,12,1.232133388519287,1.4097185134887695,0.8740279543254383,-0.04864946959031846,0.9226774239157568,152,1,127;169;151;162;107;167;164;159,
3GEMA,PF00106,152,60,8,C8_sub,12,1.0960279703140259,1.4097185134887695,0.777480014504156,-0.14519740941160075,0.9226774239157568,152,1,127;169;151;162;107;167;164;159,127:M;169:N;151:P;162:G;107:T;167:P;164:N;159:C
3GEMA,PF00106,152,60,8,C8,13,1.343045711517334,1.4097185134887695,0.9527048830433291,0.03002745912757232,0.9226774239157568,152,1,132;128;150;188;103;196;170;195,
3GEMA,PF00106,152,60,8,C8_sub,13,1.2588088512420654,1.4097185134887695,0.8929504998318898,-0.029726924083867012,0.9226774239157568,152,1,132;128;150;188;103;196;170;195,132:I;128:K;150:E;188:M;103:F;196:F;170:Y;195:G
3GEMA,PF00106,152,60,8,C8,14,1.278609037399292,1.4097185134887695,0.9069959890325849,-0.015681434883171863,0.9226774239157568,152,1,170;183;177;131;127;120;153;199,
3GEMA,PF00106,152,60,8,C8_sub,14,1.2701401710510254,1.4097185134887695,0.9009885015326103,-0.02168892238314646,0.9226774239157568,152,1,170;183;177;131;127;120;153;199,170:N;183:L;177:D;131:L;127:A;120:Q;153:R;199:V
3GEMA,PF00106,152,60,8,C8,15,1.3132908344268799,1.4097185134887695,0.9315979196277627,0.008920495712005927,0.9226774239157568,152,1,150;185;195;106;200;100;120;170,
3GEMA,PF00106,152,60,8,C8_sub,15,1.2661024332046509,1.4097185134887695,0.8981242858698807,-0.02455313804587611,0.9226774239157568,152,1,150;185;195;106;200;100;120;170,150:E;185:L;195:G;106:L;200:M;100:K;120:S;170:T
3GEMA,PF00106,152,60,8,C8,16,1.2432199716567993,1.4097185134887695,0.8818923492606195,-0.040785074655137254,0.9226774239157568,152,1,106;101;104;188;121;191;146;103,
3GEMA,PF00106,152,60,8,C8_sub,16,1.222158432006836,1.4097185134887695,0.8669521044894557,-0.0557253194263011,0.9226774239157568,152,1,106;101;104;188;121;191;146;103,106:V;101:I;104:R;188:V;121:L;191:F;146:N;103:M
3GEMA,PF00106,152,60,8,C8,17,1.207625150680542,1.4097185134887695,0.8566427546531349,-0.06603466926262191,0.9226774239157568,152,1,126;200;136;151;179;188;169;106,
3GEMA,PF00106,152,60,8,C8_sub,17,0.9545477032661438,1.4097185134887695,0.677119363995462,-0.24555805992029478,0.9226774239157568,152,1,126;200;136;151;179;188;169;106,126:C;200:I;136:T;151:L;179:W;188:W;169:C;106:I
3GEMA,PF00106,152,60,8,C8,18,1.2939517498016357,1.4097185134887695,0.9178795180885904,-0.004797905827166438,0.9226774239157568,152,1,92;129;134;170;105;168;153;194,
3GEMA,PF00106,152,60,8,C8_sub,18,1.2868845462799072,1.4097185134887695,0.9128663161946615,-0.00981110772109528,0.9226774239157568,152,1,92;129;134;170;105;168;153;194,92:P;129:I;134:W;170:Q;105:C;168:M;153:K;194:S
3GEMA,PF00106,152,60,8,C8,19,1.2575267553329468,1.4097185134887695,0.8920410303904013,-0.03063639352535552,0.9226774239157568,152,1,132;179;177;154;158;153;103;134,
3GEMA,PF00106,152,60,8,C8_sub,19,1.161825180053711,1.4097185134887695,0.8241540200663375,-0.09852340384941927,0.9226774239157568,152,1,132;179;177;154;158;153;103;134,132:M;179:A;177:D;154:P;158:A;153:K;103:W;134:W
3UCEA,PF00106,112,60,8,C0,0,1.4648187160491943,1.4957705736160278,0.9793070821737004,-7.969757631620666e-08,0.9793071618712768,112,1,,
3UCEA,PF00106,112,60,8,C7,0,1.3780653476715088,1.4957705736160278,0.9213079679325644,-0.057999193938712335,0.9793071618712768,112,1,129;133;109;116;67;150;62;111,
3UCEA,PF00106,112,60,8,C7_sub,0,1.4578748941421509,1.4957705736160278,0.9746647780466331,-0.004642383824643659,0.9793071618712768,112,1,129;133;109;116;67;150;62;111,129:R;133:T;109:G;116:G;67:G;150:M;62:F;111:F
3UCEA,PF00106,112,60,8,C8,0,1.4386944770812988,1.4957705736160278,0.9618416770984153,-0.017465484772861473,0.9793071618712768,112,1,59;147;128;122;144;152;105;126,
3UCEA,PF00106,112,60,8,C8_sub,0,1.4347891807556152,1.4957705736160278,0.9592307844959204,-0.02007637737535639,0.9793071618712768,112,1,59;147;128;122;144;152;105;126,59:W;147:A;128:L;122:A;144:L;152:M;105:A;126:N
3UCEA,PF00106,112,60,8,C8,1,1.4819072484970093,1.4957705736160278,0.9907316500514488,0.011424488180172054,0.9793071618712768,112,1,92;136;151;63;162;71;133;128,
3UCEA,PF00106,112,60,8,C8_sub,1,1.4707893133163452,1.4957705736160278,0.9832987352871301,0.003991573415853322,0.9793071618712768,112,1,92;136;151;63;162;71;133;128,92:F;136:M;151:H;63:L;162:Q;71:I;133:T;128:I
3UCEA,PF00106,112,60,8,C8,2,1.4475778341293335,1.4957705736160278,0.9677806607933273,-0.011526501077949503,0.9793071618712768,112,1,135;68;129;84;127;98;128;143,
3UCEA,PF00106,112,60,8,C8_sub,2,1.4453521966934204,1.4957705736160278,0.9662927070421495,-0.01301445482912722,0.9793071618712768,112,1,135;68;129;84;127;98;128;143,135:P;68:N;129:R;84:H;127:T;98:P;128:A;143:P
3UCEA,PF00106,112,60,8,C8,3,1.4381225109100342,1.4957705736160278,0.9614592881269022,-0.017847873744374576,0.9793071618712768,112,1,122;63;111;57;108;124;97;119,
3UCEA,PF00106,112,60,8,C8_sub,3,1.3409000635147095,1.4957705736160278,0.8964610530297312,-0.08284610884154553,0.9793071618712768,112,1,122;63;111;57;108;124;97;119,122:A;63:P;111:P;57:G;108:G;124:W;97:V;119:Q
3UCEA,PF00106,112,60,8,C8,4,1.4568432569503784,1.4957705736160278,0.973975075220565,-0.00533208665071172,0.9793071618712768,112,1,116;95;94;71;128;132;61;142,
3UCEA,PF00106,112,60,8,C8_sub,4,1.4848511219024658,1.4957705736160278,0.9926997817003685,0.01339261982909179,0.9793071618712768,112,1,116;95;94;71;128;132;61;142,116:G;95:M;94:W;71:V;128:A;132:P;61:K;142:F
3UCEA,PF00106,112,60,8,C8,5,1.4312655925750732,1.4957705736160278,0.9568750835330222,-0.022432078338254557,0.9793071618712768,112,1,155;70;131;113;97;104;84;152,
3UCEA,PF00106,112,60,8,C8_sub,5,1.4135866165161133,1.4957705736160278,0.9450557735594205,-0.03425138831185626,0.9793071618712768,112,1,155;70;131;113;97;104;84;152,155:F;70:F;131:W;113:F;97:I;104:S;84:H;152:W
3UCEA,PF00106,112,60,8,C8,6,1.4659663438796997,1.4957705736160278,0.9800743307415947,0.0007671688703179136,0.9793071618712768,112,1,76;61;78;63;57;104;158;86,
3UCEA,PF00106,112,60,8,C8_sub,6,1.4615156650543213,1.4957705736160278,0.9770988217271214,-0.002208340144155385,0.9793071618712768,112,1,76;61;78;63;57;104;158;86,76:P;61:R;78:M;63:W;57:G;104:S;158:G;86:V
3UCEA,PF00106,112,60,8,C8,7,1.4972813129425049,1.4957705736160278,1.0010100073855743,0.021702845514297575,0.9793071618712768,112,1,120;52;153;91;96;90;152;104,
3UCEA,PF00106,112,60,8,C8_sub,7,1.4628344774246216,1.4957705736160278,0.9779805160147099,-0.0013266458565668326,0.9793071618712768,112,1,120;52;153;91;96;90;152;104,120:K;52:T;153:Q;91:L;96:F;90:H;152:W;104:C
3UCEA,PF00106,112,60,8,C8,8,1.4340717792510986,1.4957705736160278,0.958751164481213,-0.02055599739006375,0.9793071618712768,112,1,131;53;132;155;78;113;150;83,
3UCEA,PF00106,112,60,8,C8_sub,8,1.454326868057251,1.4957705736160278,0.9722927390805753,-0.007014422790701413,0.9793071618712768,112,1,131;53;132;155;78;113;150;83,131:V;53:A;132:L;155:W;78:W;113:M;150:M;83:W
3UCEA,PF00106,112,60,8,C8,9,1.4113388061523438,1.4957705736160278,0.9435529960590345,-0.03575416581224222,0.9793071618712768,112,1,134;127;109;57;98;114;162;126,
3UCEA,PF00106,112,60,8,C8_sub,9,1.4864223003387451,1.4957705736160278,0.993750195757172,0.014443033885895296,0.9793071618712768,112,1,134;127;109;57;98;114;162;126,134:V;127:T;109:G;57:G;98:M;114:Y;162:Q;126:N
3UCEA,PF00106,112,60,8,C8,10,1.473961353302002,1.4957705736160278,0.9854194080972578,0.006112246225981055,0.9793071618712768,112,1,140;75;94;93;67;84;160;111,
3UCEA,PF00106,112,60,8,C8_sub,10,1.473482608795166,1.4957705736160278,0.9850993426304807,0.005792180759203958,0.9793071618712768,112,1,140;75;94;93;67;84;160;111,140:S;75:M;94:F;93:G;67:G;84:H;160:S;111:M
3UCEA,PF00106,112,60,8,C8,11,1.4600515365600586,1.4957705736160278,0.976119976093915,-0.0031871857773617673,0.9793071618712768,112,1,78;111;113;126;88;142;135;104,
3UCEA,PF00106,112,60,8,C8_sub,11,1.465242624282837,1.4957705736160278,0.9795904867553388,0.0002833248840620195,0.9793071618712768,112,1,78;111;113;126;88;142;135;104,78:M;111:W;113:M;126:S;88:E;142:F;135:L;104:T
3UCEA,PF00106,112,60,8,C8,12,1.4953644275665283,1.4957705736160278,0.9997284703572435,0.020421308485966794,0.9793071618712768,112,1,135;119;80;120;65;71;52;114,
3UCEA,PF00106,112,60,8,C8_sub,12,1.4356986284255981,1.4957705736160278,0.95983879730619,-0.019468364565086715,0.9793071618712768,112,1,135;119;80;120;65;71;52;114,135:F;119:Q;80:L;120:K;65:C;71:M;52:C;114:C
3UCEA,PF00106,112,60,8,C8,13,1.4426612854003906,1.4957705736160278,0.9644936936503268,-0.014813468220949977,0.9793071618712768,112,1,124;133;128;102;64;152;52;86,
3UCEA,PF00106,112,60,8,C8_sub,13,1.48971688747406,1.4957705736160278,0.9959527976758275,0.016645635804550696,0.9793071618712768,112,1,124;133;128;102;64;152;52;86,124:P;133:Y;128:M;102:W;64:F;152:I;52:Q;86:P
3UCEA,PF00106,112,60,8,C8,14,1.4548685550689697,1.4957705736160278,0.9726548848676857,-0.006652277003591056,0.9793071618712768,112,1,102;150;78;133;63;141;95;108,
3UCEA,PF00106,112,60,8,C8_sub,14,1.4888043403625488,1.4957705736160278,0.9953427127285717,0.01603555085729491,0.9793071618712768,112,1,102;150;78;133;63;141;95;108,102:V;150:W;78:A;133:C;63:V;141:R;95:A;108:G
3UCEA,PF00106,112,60,8,C8,15,1.4466304779052734,1.4957705736160278,0.9671473041537659,-0.012159857717510825,0.9793071618712768,112,1,143;78;63;115;84;92;111;109,
3UCEA,PF00106,112,60,8,C8_sub,15,1.371311068534851,1.4957705736160278,0.9167923829519552,-0.06251477891932156,0.9793071618712768,112,1,143;78;63;115;84;92;111;109,143:P;78:F;63:A;115:T;84:H;92:V;111:P;109:G
3UCEA,PF00106,112,60,8,C8,16,1.4865012168884277,1.4957705736160278,0.9938029555527413,0.014495793681464586,0.9793071618712768,112,1,80;67;113;63;120;91;139;114,
3UCEA,PF00106,112,60,8,C8_sub,16,1.4392733573913574,1.4957705736160278,0.9622286885293589,-0.01707847334191781,0.9793071618712768,112,1,80;67;113;63;120;91;139;114,80:W;67:G;113:W;63:L;120:H;91:A;139:C;114:C
3UCEA,PF00106,112,60,8,C8,17,1.4447689056396484,1.4957705736160278,0.9659027468008795,-0.013404415070397246,0.9793071618712768,112,1,101;126;113;90;64;130;78;61,
3UCEA,PF00106,112,60,8,C8_sub,17,1.4389899969100952,1.4957705736160278,0.9620392473902829,-0.01726791448099385,0.9793071618712768,112,1,101;126;113;90;64;130;78;61,101:G;126:S;113:A;90:H;64:L;130:F;78:W;61:K
3UCEA,PF00106,112,60,8,C8,18,1.4508581161499023,1.4957705736160278,0.9699736990028159,-0.009333462868460818,0.9793071618712768,112,1,102;59;158;122;150;61;65;57,
3UCEA,PF00106,112,60,8,C8_sub,18,1.4550403356552124,1.4957705736160278,0.9727697290752618,-0.00653743279601493,0.9793071618712768,112,1,102;59;158;122;150;61;65;57,102:L;59:I;158:G;122:L;150:F;61:R;65:N;57:G
3UCEA,PF00106,112,60,8,C8,19,1.4650052785873413,1.4957705736160278,0.9794318088807488,0.00012464700947201202,0.9793071618712768,112,1,162;138;100;124;75;164;92;68,
3UCEA,PF00106,112,60,8,C8_sub,19,1.4610066413879395,1.4957705736160278,0.9767585130759415,-0.002548648795335229,0.9793071618712768,112,1,162;138;100;124;75;164;92;68,162:N;138:P;100:K;124:W;75:P;164:L;92:F;68:N
4O6VA,PF00106,137,60,8,C0,0,1.4238075017929077,1.4597294330596924,0.9753913770228707,-1.6333066510387795e-07,0.9753915403535358,137,1,,
4O6VA,PF00106,137,60,8,C7,0,1.4005783796310425,1.4597294330596924,0.959478070326591,-0.015913470026944765,0.9753915403535358,137,1,154;158;134;141;91;177;86;136,
4O6VA,PF00106,137,60,8,C7_sub,0,1.4445680379867554,1.4597294330596924,0.989613558013174,0.014222017659638153,0.9753915403535358,137,1,154;158;134;141;91;177;86;136,154:T;158:K;134:G;141:C;91:G;177:F;86:A;136:L
4O6VA,PF00106,137,60,8,C8,0,1.441626787185669,1.4597294330596924,0.9875986292637265,0.012207088910190733,0.9753915403535358,137,1,176;157;187;140;185;152;84;91,
4O6VA,PF00106,137,60,8,C8_sub,0,1.4109293222427368,1.4597294330596924,0.966569071149941,-0.008822469203594863,0.9753915403535358,137,1,176;157;187;140;185;152;84;91,176:T;157:P;187:A;140:Y;185:G;152:A;84:E;91:G
4O6VA,PF00106,137,60,8,C8,1,1.377419114112854,1.4597294330596924,0.9436126195151725,-0.03177892083836331,0.9753915403535358,137,1,117;161;181;147;163;126;122;189,
4O6VA,PF00106,137,60,8,C8_sub,1,1.3965727090835571,1.4597294330596924,0.956733951823007,-0.01865758853052879,0.9753915403535358,137,1,117;161;181;147;163;126;122;189,117:V;161:V;181:C;147:M;163:N;126:V;122:K;189:N
4O6VA,PF00106,137,60,8,C8,2,1.4119300842285156,1.4597294330596924,0.9672546516165081,-0.00813688873702767,0.9753915403535358,137,1,183;98;124;127;170;147;178;105,
4O6VA,PF00106,137,60,8,C8_sub,2,1.4198341369628906,1.4597294330596924,0.9726693898244015,-0.0027221505291342707,0.9753915403535358,137,1,183;98;124;127;170;147;178;105,183:A;98:L;124:M;127:M;170:E;147:A;178:K;105:E
4O6VA,PF00106,137,60,8,C8,3,1.3895378112792969,1.4597294330596924,0.9519146355545705,-0.02347690479896536,0.9753915403535358,137,1,136;143;178;164;107;98;168;100,
4O6VA,PF00106,137,60,8,C8_sub,3,1.391948938369751,1.4597294330596924,0.9535663985702687,-0.02182514178326711,0.9753915403535358,137,1,136;143;178;164;107;98;168;100,136:F;143:P;178:K;164:V;107:K;98:F;168:P;100:D
4O6VA,PF00106,137,60,8,C8,4,1.3738350868225098,1.4597294330596924,0.9411573512927377,-0.034234189060798115,0.9753915403535358,137,1,165;186;144;134;129;114;177;194,
4O6VA,PF00106,137,60,8,C8_sub,4,1.4038959741592407,1.4597294330596924,0.9617508165308273,-0.013640723822708534,0.9753915403535358,137,1,165;186;144;134;129;114;177;194,165:Y;186:I;144:V;134:G;129:Y;114:M;177:W;194:D
4O6VA,PF00106,137,60,8,C8,5,1.4072582721710205,1.4597294330596924,0.9640541872347612,-0.011337353118774596,0.9753915403535358,137,1,140;173;99;88;134;179;107;100,
4O6VA,PF00106,137,60,8,C8_sub,5,1.4433623552322388,1.4597294330596924,0.9887875948399923,0.013396054486456532,0.9753915403535358,137,1,140;173;99;88;134;179;107;100,140:C;173:L;99:P;88:S;134:G;179:F;107:R;100:D
4O6VA,PF00106,137,60,8,C8,6,1.42106294631958,1.4597294330596924,0.9735111960720935,-0.0018803442814423477,0.9753915403535358,137,1,117;187;86;167;121;185;107;95,
4O6VA,PF00106,137,60,8,C8_sub,6,1.445255994796753,1.4597294330596924,0.9900848486471893,0.014693308293653451,0.9753915403535358,137,1,117;187;86;167;121;185;107;95,117:M;187:M;86:P;167:V;121:F;185:G;107:K;95:K
4O6VA,PF00106,137,60,8,C8,7,1.4080899953842163,1.4597294330596924,0.9646239662598045,-0.010767574093731302,0.9753915403535358,137,1,183;115;179;167;106;182;129;132,
4O6VA,PF00106,137,60,8,C8_sub,7,1.4039182662963867,1.4597294330596924,0.9617660879480099,-0.013625452405525929,0.9753915403535358,137,1,183;115;179;167;106;182;129;132,183:F;115:I;179:F;167:P;106:F;182:L;129:S;132:H
4O6VA,PF00106,137,60,8,C8,8,1.4176138639450073,1.4597294330596924,0.9711483730060797,-0.004243167347456112,0.9753915403535358,137,1,141;186;138;136;119;99;156;194,
4O6VA,PF00106,137,60,8,C8_sub,8,1.3958913087844849,1.4597294330596924,0.9562671527822807,-0.01912438757125512,0.9753915403535358,137,1,141;186;138;136;119;99;156;194,141:C;186:P;138:T;136:P;119:H;99:W;156:A;194:D
4O6VA,PF00106,137,60,8,C8,9,1.4198395013809204,1.4597294330596924,0.9726730647643653,-0.002718475589170488,0.9753915403535358,137,1,115;85;143;160;89;106;145;132,
4O6VA,PF00106,137,60,8,C8_sub,9,1.442214846611023,1.4597294330596924,0.988001484349084,0.012609943995548156,0.9753915403535358,137,1,115;85;143;160;89;106;145;132,115:P;85:M;143:F;160:G;89:Q;106:L;145:W;132:R
4O6VA,PF00106,137,60,8,C8,10,1.372209072113037,1.4597294330596924,0.9400434361570646,-0.035348104196471164,0.9753915403535358,137,1,122;123;186;134;138;125;87;192,
4O6VA,PF00106,137,60,8,C8_sub,10,1.4137349128723145,1.4597294330596924,0.9684910647509721,-0.006900475602563683,0.9753915403535358,137,1,122;123;186;134;138;125;87;192,122:H;123:V;186:V;134:G;138:Q;125:P;87:M;192:Y
4O6VA,PF00106,137,60,8,C8,11,1.4344942569732666,1.4597294330596924,0.9827124290879501,0.007320888734414277,0.9753915403535358,137,1,158;101;169;155;85;166;119;192,
4O6VA,PF00106,137,60,8,C8_sub,11,1.4447040557861328,1.4597294330596924,0.9897067381575876,0.014315197804051771,0.9753915403535358,137,1,158;101;169;155;85;166;119;192,158:H;101:A;169:M;155:I;85:I;166:H;119:K;192:N
4O6VA,PF00106,137,60,8,C8,12,1.386000394821167,1.4597294330596924,0.9494912984771539,-0.025900241876381958,0.9753915403535358,137,1,145;141;134;83;169;126;135;96,
4O6VA,PF00106,137,60,8,C8_sub,12,1.3946895599365234,1.4597294330596924,0.9554438845650725,-0.01994765578846336,0.9753915403535358,137,1,145;141;134;83;169;126;135;96,145:I;141:Y;134:G;83:L;169:M;126:L;135:I;96:F
4O6VA,PF00106,137,60,8,C8,13,1.410483717918396,1.4597294330596924,0.9662638061369537,-0.009127734216582084,0.9753915403535358,137,1,173;164;177;140;144;141;181;194,
4O6VA,PF00106,137,60,8,C8_sub,13,1.41634202003479,1.4597294330596924,0.9702770855733454,-0.005114454780190458,0.9753915403535358,137,1,173;164;177;140;144;141;181;194,173:M;164:W;177:F;140:Q;144:V;141:Q;181:Y;194:D
4O6VA,PF00106,137,60,8,C8,14,1.4200716018676758,1.4597294330596924,0.972832067166796,-0.002559473186739769,0.9753915403535358,137,1,182;164;110;169;87;89;127;79,
4O6VA,PF00106,137,60,8,C8_sub,14,1.3980613946914673,1.4597294330596924,0.9577537884956087,-0.017637751857927153,0.9753915403535358,137,1,182;164;110;169;87;89;127;79,182:W;164:A;110:W;169:F;87:P;89:N;127:P;79:R
4O6VA,PF00106,137,60,8,C8,15,1.3965671062469482,1.4597294330596924,0.9567301135523782,-0.018661426801157566,0.9753915403535358,137,1,117;183;125;161;128;167;182;105,
4O6VA,PF00106,137,60,8,C8_sub,15,1.4113823175430298,1.4597294330596924,0.966879399413545,-0.008512140939990864,0.9753915403535358,137,1,117;183;125;161;128;167;182;105,117:W;183:W;125:L;161:P;128:W;167:L;182:P;105:E
4O6VA,PF00106,137,60,8,C8,16,1.4068559408187866,1.4597294330596924,0.9637785667374814,-0.0116129736160544,0.9753915403535358,137,1,165;84;133;179;164;186;144;189,
4O6VA,PF00106,137,60,8,C8_sub,16,1.38778817653656,1.4597294330596924,0.9507160334690665,-0.02467550688446929,0.9753915403535358,137,1,165;84;133;179;164;186;144;189,165:C;84:E;133:Q;179:I;164:A;186:V;144:I;189:C
4O6VA,PF00106,137,60,8,C8,17,1.419317364692688,1.4597294330596924,0.9723153706078955,-0.0030761697456402892,0.9753915403535358,137,1,158;177;133;170;136;116;181;132,
4O6VA,PF00106,137,60,8,C8_sub,17,1.4471510648727417,1.4597294330596924,0.9913830824383766,0.01599154208484077,0.9753915403535358,137,1,158;177;133;170;136;116;181;132,158:H;177:F;133:T;170:E;136:L;116:C;181:Y;132:H
4O6VA,PF00106,137,60,8,C8,18,1.4144253730773926,1.4597294330596924,0.9689640703569706,-0.006427469996565183,0.9753915403535358,137,1,118;129;99;156;177;157;123;79,
4O6VA,PF00106,137,60,8,C8_sub,18,1.4126410484313965,1.4597294330596924,0.9677417036597012,-0.007649836693834566,0.9753915403535358,137,1,118;129;99;156;177;157;123;79,118:L;129:Y;99:W;156:A;177:P;157:L;123:W;79:R
4O6VA,PF00106,137,60,8,C8,19,1.4037835597991943,1.4597294330596924,0.961673806122254,-0.013717734231281864,0.9753915403535358,137,1,140;107;187;135;83;115;162;95,
4O6VA,PF00106,137,60,8,C8_sub,19,1.4072190523147583,1.4597294330596924,0.9640273193403597,-0.011364221013176135,0.9753915403535358,137,1,140;107;187;135;83;115;162;95,140:N;107:R;187:A;135:F;83:A;115:I;162:V;95:K
5IDYA,PF00106,143,60,8,C0,0,1.417269229888916,1.4627021551132202,0.968939045406146,8.149936003842839e-08,0.9689389639067859,143,1,,
5IDYA,PF00106,143,60,8,C7,0,1.388505220413208,1.4627021551132202,0.949274064825406,-0.019664899081379916,0.9689389639067859,143,1,160;164;140;147;97;183;92;142,
5IDYA,PF00106,143,60,8,C7_sub,0,1.4677307605743408,1.4627021551132202,1.0034378875039884,0.034498923597202524,0.9689389639067859,143,1,160;164;140;147;97;183;92;142,160:Y;164:H;140:G;147:Y;97:G;183:W;92:W;142:M
5IDYA,PF00106,143,60,8,C8,0,1.4293628931045532,1.4627021551132202,0.9772070739814516,0.008268110074665658,0.9689389639067859,143,1,164;191;162;118;175;113;115;92,
5IDYA,PF00106,143,60,8,C8_sub,0,1.4184002876281738,1.4627021551132202,0.9697123113340752,0.0007733474272892948,0.9689389639067859,143,1,164;191;162;118;175;113;115;92,164:H;191:G;162:G;118:Y;175:L;113:V;115:L;92:F
5IDYA,PF00106,143,60,8,C8,1,1.3791019916534424,1.4627021551132202,0.9428453953065333,-0.02609356860025258,0.9689389639067859,143,1,192;194;148;95;157;96;119;140,
5IDYA,PF00106,143,60,8,C8_sub,1,1.4088289737701416,1.4627021551132202,0.9631687277175656,-0.005770236189220346,0.9689389639067859,143,1,192;194;148;95;157;96;119;140,192:M;194:E;148:N;95:C;157:F;96:I;119:S;140:G
5IDYA,PF00106,143,60,8,C8,2,1.4156440496444702,1.4627021551132202,0.9678279646309077,-0.0011109992758782106,0.9689389639067859,143,1,113;198;123;164;187;145;139;115,
5IDYA,PF00106,143,60,8,C8_sub,2,1.4290626049041748,1.4627021551132202,0.9770017770935454,0.008062813186759499,0.9689389639067859,143,1,113;198;123;164;187;145;139;115,113:A;198:M;123:M;164:K;187:Y;145:F;139:M;115:L
5IDYA,PF00106,143,60,8,C8,3,1.4256774187088013,1.4627021551132202,0.9746874397668792,0.005748475860093305,0.9689389639067859,143,1,104;158;118;121;89;184;161;149,
5IDYA,PF00106,143,60,8,C8_sub,3,1.3988726139068604,1.4627021551132202,0.9563619011681711,-0.012577062738614808,0.9689389639067859,143,1,104;158;118;121;89;184;161;149,104:V;158:M;118:C;121:P;89:W;184:N;161:C;149:M
5IDYA,PF00106,143,60,8,C8,4,1.435561180114746,1.4627021551132202,0.9814446332060177,0.012505669299231803,0.9689389639067859,143,1,134;191;147;89;121;174;124;160,
5IDYA,PF00106,143,60,8,C8_sub,4,1.411381483078003,1.4627021551132202,0.9649137920144482,-0.004025171892337753,0.9689389639067859,143,1,134;191;147;89;121;174;124;160,134:F;191:G;147:Q;89:L;121:V;174:V;124:W;160:C
5IDYA,PF00106,143,60,8,C8,5,1.4004439115524292,1.4627021551132202,0.9574361442326774,-0.011502819674108489,0.9689389639067859,143,1,186;113;142;202;115;164;145;163,
5IDYA,PF00106,143,60,8,C8_sub,5,1.380643606185913,1.4627021551132202,0.9438993450303932,-0.025039618876392722,0.9689389639067859,143,1,186;113;142;202;115;164;145;163,186:T;113:L;142:P;202:I;115:L;164:H;145:M;163:F
5IDYA,PF00106,143,60,8,C8,6,1.412645936012268,1.4627021551132202,0.9657782557262469,-0.0031607081805390402,0.9689389639067859,143,1,91;184;125;157;130;134;124;139,
5IDYA,PF00106,143,60,8,C8_sub,6,1.4451656341552734,1.4627021551132202,0.9880108736446147,0.019071909737828796,0.9689389639067859,143,1,91;184;125;157;130;134;124;139,91:W;184:Y;125:D;157:I;130:S;134:W;124:F;139:L
5IDYA,PF00106,143,60,8,C8,7,1.4301085472106934,1.4627021551132202,0.9777168524784159,0.008777888571629977,0.9689389639067859,143,1,170;131;182;107;163;93;122;126,
5IDYA,PF00106,143,60,8,C8_sub,7,1.4009608030319214,1.4627021551132202,0.9577895254577513,-0.011149438449034599,0.9689389639067859,143,1,170;131;182;107;163;93;122;126,170:A;131:F;182:G;107:I;163:L;93:F;122:Y;126:M
5IDYA,PF00106,143,60,8,C8,8,1.403674602508545,1.4627021551132202,0.9596448583887495,-0.009294105518036444,0.9689389639067859,143,1,99;121;175;112;91;184;140;188,
5IDYA,PF00106,143,60,8,C8_sub,8,1.4366960525512695,1.4627021551132202,0.9822205071134679,0.013281543206681956,0.9689389639067859,143,1,99;121;175;112;91;184;140;188,99:L;121:P;175:W;112:P;91:A;184:N;140:G;188:F
5IDYA,PF00106,143,60,8,C8,9,1.43362295627594,1.4627021551132202,0.9801195351113505,0.011180571204564616,0.9689389639067859,143,1,130;97;95;122;149;187;184;192,
5IDYA,PF00106,143,60,8,C8_sub,9,1.426121473312378,1.4627021551132202,0.9749910248829771,0.006052060976191154,0.9689389639067859,143,1,130;97;95;122;149;187;184;192,130:Y;97:G;95:C;122:N;149:M;187:C;184:Y;192:P
5IDYA,PF00106,143,60,8,C8,10,1.432469367980957,1.4627021551132202,0.9793308658043762,0.010391901897590317,0.9689389639067859,143,1,96;131;104;158;112;185;118;86,
5IDYA,PF00106,143,60,8,C8_sub,10,1.4297245740890503,1.4627021551132202,0.9774543430397713,0.00851537913298539,0.9689389639067859,143,1,96;131;104;158;112;185;118;86,96:F;131:F;104:V;158:I;112:V;185:F;118:T;86:N
5IDYA,PF00106,143,60,8,C8,11,1.4287004470825195,1.4627021551132202,0.9767541820377855,0.007815218130999613,0.9689389639067859,143,1,127;93;97;117;115;86;174;94,
5IDYA,PF00106,143,60,8,C8_sub,11,1.4309184551239014,1.4627021551132202,0.9782705591304345,0.00933159522364857,0.9689389639067859,143,1,127;93;97;117;115;86;174;94,127:L;93:L;97:G;117:D;115:I;86:T;174:V;94:S
5IDYA,PF00106,143,60,8,C8,12,1.3883934020996094,1.4627021551132202,0.9491976184257013,-0.019741345481084638,0.9689389639067859,143,1,155;170;145;140;185;174;164;98,
5IDYA,PF00106,143,60,8,C8_sub,12,1.4256511926651,1.4627021551132202,0.9746695099076734,0.005730546000887515,0.9689389639067859,143,1,155;170;145;140;185;174;164;98,155:E;170:W;145:L;140:G;185:F;174:I;164:H;98:G
5IDYA,PF00106,143,60,8,C8,13,1.4232474565505981,1.4627021551132202,0.9730261568121036,0.004087192905317671,0.9689389639067859,143,1,119;142;175;98;198;120;107;86,
5IDYA,PF00106,143,60,8,C8_sub,13,1.4166535139083862,1.4627021551132202,0.9685181012116102,-0.0004208626951757166,0.9689389639067859,143,1,119;142;175;98;198;120;107;86,119:C;142:V;175:I;98:G;198:W;120:V;107:A;86:T
5IDYA,PF00106,143,60,8,C8,14,1.4231102466583252,1.4627021551132202,0.9729323510487133,0.003993387141927429,0.9689389639067859,143,1,124;133;113;192;86;184;157;191,
5IDYA,PF00106,143,60,8,C8_sub,14,1.4327442646026611,1.4627021551132202,0.9795188033285969,0.010579839421810955,0.9689389639067859,143,1,124;133;113;192;86;184;157;191,124:W;133:G;113:W;192:W;86:N;184:N;157:W;191:G
5IDYA,PF00106,143,60,8,C8,15,1.4026297330856323,1.4627021551132202,0.9589305164981192,-0.010008447408666687,0.9689389639067859,143,1,142;133;178;173;122;171;184;116,
5IDYA,PF00106,143,60,8,C8_sub,15,1.3956553936004639,1.4627021551132202,0.954162396439782,-0.014776567467003954,0.9689389639067859,143,1,142;133;178;173;122;171;184;116,142:P;133:G;178:F;173:G;122:Y;171:L;184:S;116:W
5IDYA,PF00106,143,60,8,C8,16,1.4420865774154663,1.4627021551132202,0.985905826674496,0.01696686276771009,0.9689389639067859,143,1,94;126;141;113;93;188;121;173,
5IDYA,PF00106,143,60,8,C8_sub,16,1.4379652738571167,1.4627021551132202,0.9830882307996677,0.014149266892881762,0.9689389639067859,143,1,94;126;141;113;93;188;121;173,94:C;126:I;141:H;113:V;93:P;188:F;121:A;173:G
5IDYA,PF00106,143,60,8,C8,17,1.3964306116104126,1.4627021551132202,0.9546923867780328,-0.014246577128753102,0.9689389639067859,143,1,171;104;124;133;162;193;195;189,
5IDYA,PF00106,143,60,8,C8_sub,17,1.4012585878372192,1.4627021551132202,0.957993110859097,-0.010945853047688914,0.9689389639067859,143,1,171;104;124;133;162;193;195;189,171:W;104:P;124:W;133:G;162:G;193:P;195:Q;189:F
5IDYA,PF00106,143,60,8,C8,18,1.438967227935791,1.4627021551132202,0.9837732329206885,0.014834269013902612,0.9689389639067859,143,1,148;96;117;125;145;184;92;186,
5IDYA,PF00106,143,60,8,C8_sub,18,1.4549899101257324,1.4627021551132202,0.9947273989031001,0.025788434996314225,0.9689389639067859,143,1,148;96;117;125;145;184;92;186,148:Y;96:P;117:D;125:D;145:F;184:Q;92:A;186:S
5IDYA,PF00106,143,60,8,C8,19,1.383169412612915,1.4627021551132202,0.9456261534706298,-0.023312810436156073,0.9689389639067859,143,1,146;202;188;130;117;169;167;161,
5IDYA,PF00106,143,60,8,C8_sub,19,1.3801711797714233,1.4627021551132202,0.943576363066609,-0.02536260084017694,0.9689389639067859,143,1,146;202;188;130;117;169;167;161,146:C;202:V;188:W;130:C;117:D;169:G;167:W;161:S
1SBYA,PF00106,133,60,8,C0,0,1.4897502660751343,1.4176796674728394,1.050837012236176,-5.045256370461715e-07,1.0508375167618131,133,1,,
1SBYA,PF00106,133,60,8,C7,0,1.453397274017334,1.4176796674728394,1.0251944126476504,-0.025643104114162707,1.0508375167618131,133,1,150;154;130;137;92;173;87;132,
1SBYA,PF00106,133,60,8,C7_sub,0,1.4552762508392334,1.4176796674728394,1.02651980149607,-0.024317715265743223,1.0508375167618131,133,1,150;154;130;137;92;173;87;132,150:C;154:H;130:G;137:N;92:G;173:F;87:M;132:M
1SBYA,PF00106,133,60,8,C8,0,1.4789090156555176,1.4176796674728394,1.0431898330684433,-0.007647683693369878,1.0508375167618131,133,1,178;103;112;136;185;73;119;158,
1SBYA,PF00106,133,60,8,C8_sub,0,1.4533107280731201,1.4176796674728394,1.0251333650455725,-0.02570415171624063,1.0508375167618131,133,1,178;103;112;136;185;73;119;158,178:P;103:A;112:Q;136:T;185:S;73:V;119:E;158:A
1SBYA,PF00106,133,60,8,C8,1,1.3806331157684326,1.4176796674728394,0.9738681787187891,-0.07696933804302408,1.0508375167618131,133,1,75;84;182;127;151;130;120;191,
1SBYA,PF00106,133,60,8,C8_sub,1,1.5012719631195068,1.4176796674728394,1.0589641634599158,0.008126646698102702,1.0508375167618131,133,1,75;84;182;127;151;130;120;191,75:H;84:I;182:L;127:G;151:T;130:G;120:W;191:A
1SBYA,PF00106,133,60,8,C8,2,1.5246000289916992,1.4176796674728394,1.075419267110924,0.02458175034911081,1.0508375167618131,133,1,92;193;134;173;104;102;96;159,
1SBYA,PF00106,133,60,8,C8_sub,2,1.5015851259231567,1.4176796674728394,1.059185061601319,0.008347544839505838,1.0508375167618131,133,1,92;193;134;173;104;102;96;159,92:G;193:C;134:T;173:W;104:M;102:S;96:E;159:N
1SBYA,PF00106,133,60,8,C8,3,1.4530524015426636,1.4176796674728394,1.0249511472030066,-0.02588636955880652,1.0508375167618131,133,1,171;175;139;120;160;161;95;147,
1SBYA,PF00106,133,60,8,C8_sub,3,1.4573127031326294,1.4176796674728394,1.027956270072237,-0.02288124668957603,1.0508375167618131,133,1,171;175;139;120;160;161;95;147,171:Q;175:V;139:Q;120:I;160:M;161:S;95:E;147:L
1SBYA,PF00106,133,60,8,C8,4,1.4886207580566406,1.4176796674728394,1.0500402821677348,-0.0007972345940783221,1.0508375167618131,133,1,191;115;92;144;120;137;185;136,
1SBYA,PF00106,133,60,8,C8_sub,4,1.5016649961471558,1.4176796674728394,1.0592414002974515,0.008403883535638368,1.0508375167618131,133,1,191;115;92;144;120;137;185;136,191:V;115:Q;92:G;144:F;120:M;137:Q;185:C;136:T
1SBYA,PF00106,133,60,8,C8,5,1.4620635509490967,1.4176796674728394,1.0313074134408489,-0.019530103320964276,1.0508375167618131,133,1,140;156;114;83;103;110;177;141,
1SBYA,PF00106,133,60,8,C8_sub,5,1.4934738874435425,1.4176796674728394,1.0534635727024386,0.0026260559406254824,1.0508375167618131,133,1,140;156;114;83;103;110;177;141,140:G;156:I;114:C;83:C;103:M;110:M;177:T;141:L
1SBYA,PF00106,133,60,8,C8,6,1.4125349521636963,1.4176796674728394,0.9963710311806093,-0.054466485581203816,1.0508375167618131,133,1,95;88;106;127;135;73;150;182,
1SBYA,PF00106,133,60,8,C8_sub,6,1.4949055910110474,1.4176796674728394,1.0544734648525158,0.0036359480907026676,1.0508375167618131,133,1,95;88;106;127;135;73;150;182,95:E;88:W;106:Y;127:G;135:V;73:M;150:S;182:P
1SBYA,PF00106,133,60,8,C8,7,1.4378005266189575,1.4176796674728394,1.0141928106946654,-0.03664470606714776,1.0508375167618131,133,1,94;102;146;135;117;74;181;104,
1SBYA,PF00106,133,60,8,C8_sub,7,1.457397699356079,1.4176796674728394,1.028016224535435,-0.022821292226378187,1.0508375167618131,133,1,94;102;146;135;117;74;181;104,94:A;102:S;146:N;135:L;117:L;74:P;181:G;104:M
1SBYA,PF00106,133,60,8,C8,8,1.46757972240448,1.4176796674728394,1.035198399241059,-0.015639117520754198,1.0508375167618131,133,1,101;143;94;99;124;145;98;180,
1SBYA,PF00106,133,60,8,C8_sub,8,1.4770371913909912,1.4176796674728394,1.041869489476394,-0.008968027285419122,1.0508375167618131,133,1,101;143;94;99;124;145;98;180,101:K;143:I;94:F;99:V;124:H;145:K;98:T;180:V
1SBYA,PF00106,133,60,8,C8,9,1.4788057804107666,1.4176796674728394,1.043117013201502,-0.007720503560311176,1.0508375167618131,133,1,91;155;112;93;185;151;77;115,
1SBYA,PF00106,133,60,8,C8_sub,9,1.485154628753662,1.4176796674728394,1.0475953509307951,-0.0032421658310179957,1.0508375167618131,133,1,91;155;112;93;185;151;77;115,91:W;155:I;112:Y;93:A;185:N;151:T;77:V;115:N
1SBYA,PF00106,133,60,8,C8,10,1.4675101041793823,1.4176796674728394,1.0351492920790568,-0.015688224682756324,1.0508375167618131,133,1,78;173;146;144;98;155;89;160,
1SBYA,PF00106,133,60,8,C8_sub,10,1.4624457359313965,1.4176796674728394,1.0315769983062233,-0.019260518455589848,1.0508375167618131,133,1,78;173;146;144;98;155;89;160,78:I;173:P;146:N;144:L;98:C;155:P;89:C;160:W
1SBYA,PF00106,133,60,8,C8,11,1.4645006656646729,1.4176796674728394,1.0330265004613466,-0.017811016300466553,1.0508375167618131,133,1,103;170;95;152;142;77;154;93,
1SBYA,PF00106,133,60,8,C8_sub,11,1.4876255989074707,1.4176796674728394,1.0493383188314447,-0.0014991979303684566,1.0508375167618131,133,1,103;170;95;152;142;77;154;93,103:F;170:W;95:E;152:V;142:S;77:V;154:R;93:A
1SBYA,PF00106,133,60,8,C8,12,1.4487050771713257,1.4176796674728394,1.0218846403812734,-0.028952876380539783,1.0508375167618131,133,1,142;115;145;121;73;157;161;114,
1SBYA,PF00106,133,60,8,C8_sub,12,1.4746395349502563,1.4176796674728394,1.0401782354535378,-0.010659281308275315,1.0508375167618131,133,1,142;115;145;121;73;157;161;114,142:S;115:N;145:K;121:F;73:F;157:L;161:C;114:C
1SBYA,PF00106,133,60,8,C8,13,1.453157901763916,1.4176796674728394,1.0250255647344653,-0.025811952027347873,1.0508375167618131,133,1,78;118;161;149;119;88;115;148,
1SBYA,PF00106,133,60,8,C8_sub,13,1.435382604598999,1.4176796674728394,1.0124872617787606,-0.038350254983052556,1.0508375167618131,133,1,78;118;161;149;119;88;115;148,78:V;118:F;161:C;149:P;119:E;88:V;115:S;148:A
1SBYA,PF00106,133,60,8,C8,14,1.4323182106018066,1.4176796674728394,1.0103257057746071,-0.04051181098720602,1.0508375167618131,133,1,178;180;77;162;151;191;96;179,
1SBYA,PF00106,133,60,8,C8_sub,14,1.4300779104232788,1.4176796674728394,1.0087454473918926,-0.04209206936992049,1.0508375167618131,133,1,178;180;77;162;151;191;96;179,178:A;180:V;77:A;162:S;151:T;191:L;96:E;179:Q
1SBYA,PF00106,133,60,8,C8,15,1.4701625108718872,1.4176796674728394,1.037020241316294,-0.01381727544551925,1.0508375167618131,133,1,104;119;94;92;188;93;118;176,
1SBYA,PF00106,133,60,8,C8_sub,15,1.4663357734680176,1.4176796674728394,1.0343209450706963,-0.016516571691116866,1.0508375167618131,133,1,104;119;94;92;188;93;118;176,104:P;119:E;94:W;92:G;188:M;93:F;118:A;176:T
1SBYA,PF00106,133,60,8,C8,16,1.4871312379837036,1.4176796674728394,1.048989607528666,-0.0018479092331471492,1.0508375167618131,133,1,112;116;164;109;97;75;138;89,
1SBYA,PF00106,133,60,8,C8_sub,16,1.47539484500885,1.4176796674728394,1.040711014526218,-0.010126502235595192,1.0508375167618131,133,1,112;116;164;109;97;75;138;89,112:Q;116:P;164:P;109:G;97:K;75:R;138:L;89:S
1SBYA,PF00106,133,60,8,C8,17,1.4038351774215698,1.4176796674728394,0.9902344017700777,-0.06060311499173543,1.0508375167618131,133,1,103;90;148;191;132;127;135;137,
1SBYA,PF00106,133,60,8,C8_sub,17,1.466408371925354,1.4176796674728394,1.0343721544228526,-0.016465362338960565,1.0508375167618131,133,1,103;90;148;191;132;127;135;137,103:V;90:G;148:F;191:W;132:F;127:G;135:L;137:Y
1SBYA,PF00106,133,60,8,C8,18,1.4339488744735718,1.4176796674728394,1.0114759401393785,-0.03936157662243467,1.0508375167618131,133,1,146;87;173;149;127;137;118;77,
1SBYA,PF00106,133,60,8,C8_sub,18,1.5034302473068237,1.4176796674728394,1.0604865695695866,0.009649052807773506,1.0508375167618131,133,1,146;87;173;149;127;137;118;77,146:T;87:M;173:M;149:F;127:G;137:C;118:V;77:M
1SBYA,PF00106,133,60,8,C8,19,1.4561749696731567,1.4176796674728394,1.0271537379589701,-0.023683778802843003,1.0508375167618131,133,1,78;172;103;93;73;170;117;138,
1SBYA,PF00106,133,60,8,C8_sub,19,1.4790126085281372,1.4176796674728394,1.0432629051982034,-0.007574611563609723,1.0508375167618131,133,1,78;172;103;93;73;170;117;138,78:V;172:G;103:P;93:M;73:F;170:M;117:A;138:A
2FWMX,PF00106,128,60,8,C0,0,1.3847163915634155,1.418485403060913,0.9761936136779213,-8.403984230742623e-08,0.9761936977177637,128,1,,
2FWMX,PF00106,128,60,8,C7,0,1.3392910957336426,1.418485403060913,0.9441698115776312,-0.03202388614013241,0.9761936977177637,128,1,145;149;125;132;82;168;77;127,
2FWMX,PF00106,128,60,8,C7_sub,0,1.4199156761169434,1.418485403060913,1.0010083100276843,0.02481461230992066,0.9761936977177637,128,1,145;149;125;132;82;168;77;127,145:Q;149:R;125:G;132:Y;82:G;168:W;77:W;127:L
2FWMX,PF00106,128,60,8,C8,0,1.3930251598358154,1.418485403060913,0.9820511066450471,0.005857408927283481,0.9761936977177637,128,1,77;168;115;129;148;78;169;150,
2FWMX,PF00106,128,60,8,C8_sub,0,1.3890899419784546,1.418485403060913,0.9792768674115174,0.0030831696937537734,0.9761936977177637,128,1,77;168;115;129;148;78;169;150,77:F;168:L;115:C;129:N;148:T;78:F;169:K;150:F
2FWMX,PF00106,128,60,8,C8,1,1.4030201435089111,1.418485403060913,0.9890973431812341,0.012903645463470448,0.9761936977177637,128,1,80;171;172;115;156;108;73;143,
2FWMX,PF00106,128,60,8,C8_sub,1,1.4061222076416016,1.418485403060913,0.9912842279570637,0.01509053023930007,0.9761936977177637,128,1,80;171;172;115;156;108;73;143,80:I;171:S;172:L;115:S;156:M;108:F;73:K;143:C
2FWMX,PF00106,128,60,8,C8,2,1.3525904417037964,1.418485403060913,0.9535455485019982,-0.022648149215765412,0.9761936977177637,128,1,146;171;156;130;119;133;82;142,
2FWMX,PF00106,128,60,8,C8_sub,2,1.3615498542785645,1.418485403060913,0.9598617309282923,-0.016331966789471353,0.9761936977177637,128,1,146;171;156;130;119;133;82;142,146:G;171:Y;156:M;130:P;119:P;133:E;82:G;142:I
2FWMX,PF00106,128,60,8,C8,3,1.3877344131469727,1.418485403060913,0.978321250364943,0.0021275526471793427,0.9761936977177637,128,1,74;156;146;163;166;100;71;135,
2FWMX,PF00106,128,60,8,C8_sub,3,1.3763046264648438,1.418485403060913,0.9702635102870649,-0.00593018743069873,0.9761936977177637,128,1,74;156;146;163;166;100;71;135,74:M;156:M;146:G;163:M;166:Y;100:S;71:Q;135:V
2FWMX,PF00106,128,60,8,C8,4,1.3419350385665894,1.418485403060913,0.9460337312395759,-0.03015996647818775,0.9761936977177637,128,1,133;134;149;163;175;131;125;141,
2FWMX,PF00106,128,60,8,C8_sub,4,1.3485686779022217,1.418485403060913,0.9507102963429727,-0.025483401374790993,0.9761936977177637,128,1,133;134;149;163;175;131;125;141,133:E;134:M;149:R;163:V;175:W;131:W;125:G;141:G
2FWMX,PF00106,128,60,8,C8,5,1.4127368927001953,1.418485403060913,0.9959474307255378,0.019753733007774166,0.9761936977177637,128,1,74;149;129;172;174;80;85;92,
2FWMX,PF00106,128,60,8,C8_sub,5,1.3874872922897339,1.418485403060913,0.978147035771895,0.001953338054131337,0.9761936977177637,128,1,74;149;129;172;174;80;85;92,74:F;149:H;129:Q;172:F;174:C;80:V;85:K;92:A
2FWMX,PF00106,128,60,8,C8,6,1.4196208715438843,1.418485403060913,1.000800479497724,0.02460678177996045,0.9761936977177637,128,1,78;173;104;115;110;76;141;81,
2FWMX,PF00106,128,60,8,C8_sub,6,1.4348520040512085,1.418485403060913,1.0115380820662507,0.03534438434848708,0.9761936977177637,128,1,78;173;104;115;110;76;141;81,78:I;173:A;104:C;115:Q;110:Y;76:I;141:G;81:I
2FWMX,PF00106,128,60,8,C8,7,1.3947930335998535,1.418485403060913,0.9832974175060706,0.007103719788306928,0.9761936977177637,128,1,168;100;79;171;166;173;169;103,
2FWMX,PF00106,128,60,8,C8_sub,7,1.395154356956482,1.418485403060913,0.9835521422680236,0.007358444550259913,0.9761936977177637,128,1,168;100;79;171;166;173;169;103,168:M;100:S;79:T;171:S;166:T;173:L;169:K;103:A
2FWMX,PF00106,128,60,8,C8,8,1.3887770175933838,1.418485403060913,0.9790562628255304,0.0028625651077667236,0.9761936977177637,128,1,112;111;168;171;68;110;96;124,
2FWMX,PF00106,128,60,8,C8_sub,8,1.3714452981948853,1.418485403060913,0.9668377941961749,-0.009355903521588771,0.9761936977177637,128,1,112;111;168;171;68;110;96;124,112:W;111:V;168:W;171:Q;68:I;110:S;96:E;124:G
2FWMX,PF00106,128,60,8,C8,9,1.3774453401565552,1.418485403060913,0.9710676875378494,-0.005126010179914209,0.9761936977177637,128,1,146;131;133;152;168;79;122;169,
2FWMX,PF00106,128,60,8,C8_sub,9,1.3798283338546753,1.418485403060913,0.9727476439850415,-0.0034460537327221097,0.9761936977177637,128,1,146;131;133;152;168;79;122;169,146:G;131:V;133:E;152:I;168:W;79:Q;122:C;169:K
2FWMX,PF00106,128,60,8,C8,10,1.3842134475708008,1.418485403060913,0.9758390495833389,-0.00035464813442476206,0.9761936977177637,128,1,130;132;168;80;115;133;82;81,
2FWMX,PF00106,128,60,8,C8_sub,10,1.3522428274154663,1.418485403060913,0.9533004883219075,-0.02289320939585615,0.9761936977177637,128,1,130;132;168;80;115;133;82;81,130:L;132:T;168:P;80:M;115:Y;133:E;82:G;81:F
2FWMX,PF00106,128,60,8,C8,11,1.3975605964660645,1.418485403060913,0.9852484864844604,0.009054788766696742,0.9761936977177637,128,1,68;166;171;163;111;115;122;85,
2FWMX,PF00106,128,60,8,C8_sub,11,1.41989266872406,1.418485403060913,1.0009920903381242,0.024798392620360543,0.9761936977177637,128,1,68;166;171;163;111;115;122;85,68:F;166:Y;171:C;163:A;111:I;115:Y;122:N;85:K
2FWMX,PF00106,128,60,8,C8,12,1.3877397775650024,1.418485403060913,0.9783250321578456,0.0021313344400819556,0.9761936977177637,128,1,79;168;146;77;118;173;103;105,
2FWMX,PF00106,128,60,8,C8_sub,12,1.3956546783447266,1.418485403060913,0.9839048574860758,0.007711159768312159,0.9761936977177637,128,1,79;168;146;77;118;173;103;105,79:C;168:L;146:G;77:A;118:T;173:A;103:M;105:F
2FWMX,PF00106,128,60,8,C8,13,1.3788179159164429,1.418485403060913,0.97203532228187,-0.004158375435893702,0.9761936977177637,128,1,75;171;144;148;134;77;106;141,
2FWMX,PF00106,128,60,8,C8_sub,13,1.3821215629577637,1.418485403060913,0.9743643184309964,-0.0018293792867672964,0.9761936977177637,128,1,75;171;144;148;134;77;106;141,75:E;171:T;144:F;148:T;134:F;77:I;106:G;141:G
2FWMX,PF00106,128,60,8,C8,14,1.3354222774505615,1.418485403060913,0.9414423825362519,-0.034751315181511755,0.9761936977177637,128,1,145;127;130;152;144;156;93;153,
2FWMX,PF00106,128,60,8,C8_sub,14,1.3456649780273438,1.418485403060913,0.9486632538646982,-0.027530443853065467,0.9761936977177637,128,1,145;127;130;152;144;156;93;153,145:S;127:A;130:M;152:W;144:V;156:I;93:N;153:R
2FWMX,PF00106,128,60,8,C8,15,1.388216257095337,1.418485403060913,0.9786609394074418,0.002467241689678157,0.9761936977177637,128,1,173;132;134;110;172;149;116;176,
2FWMX,PF00106,128,60,8,C8_sub,15,1.3757643699645996,1.418485403060913,0.9698826417218487,-0.0063110559959149715,0.9761936977177637,128,1,173;132;134;110;172;149;116;176,173:L;132:T;134:L;110:Y;172:W;149:R;116:V;176:G
2FWMX,PF00106,128,60,8,C8,16,1.3652993440628052,1.418485403060913,0.9625050360875487,-0.013688661630214982,0.9761936977177637,128,1,159;126;163;76;145;118;93;82,
2FWMX,PF00106,128,60,8,C8_sub,16,1.3631892204284668,1.418485403060913,0.9610174468393372,-0.015176250878426445,0.9761936977177637,128,1,159;126;163;76;145;118;93;82,159:I;126:I;163:V;76:L;145:S;118:T;93:T;82:G
2FWMX,PF00106,128,60,8,C8,17,1.3976393938064575,1.418485403060913,0.9853040368202081,0.00911033910244441,0.9761936977177637,128,1,112;68;118;126;132;76;103;87,
2FWMX,PF00106,128,60,8,C8_sub,17,1.4047260284423828,1.418485403060913,0.9902999533242716,0.014106255606507911,0.9761936977177637,128,1,112;68;118;126;132;76;103;87,112:P;68:P;118:C;126:W;132:C;76:V;103:A;87:G
2FWMX,PF00106,128,60,8,C8,18,1.3451159000396729,1.418485403060913,0.9482761663511531,-0.02791753136661057,0.9761936977177637,128,1,168;170;130;127;76;144;93;116,
2FWMX,PF00106,128,60,8,C8_sub,18,1.33841073513031,1.418485403060913,0.9435491773423879,-0.032644520375375796,0.9761936977177637,128,1,168;170;130;127;76;144;93;116,168:M;170:T;130:W;127:W;76:V;144:W;93:T;116:I
2FWMX,PF00106,128,60,8,C8,19,1.354928731918335,1.418485403060913,0.955193990008335,-0.020999707709428606,0.9761936977177637,128,1,152;115;75;133;148;127;83;169,
2FWMX,PF00106,128,60,8,C8_sub,19,1.3370857238769531,1.418485403060913,0.9426150744954374,-0.0335786232223263,0.9761936977177637,128,1,152;115;75;133;148;127;83;169,152:F;115:N;75:E;133:E;148:Q;127:A;83:W;169:K
4O5OA,PF00106,151,60,8,C0,0,1.3915523290634155,1.4009753465652466,0.9932739590850522,8.509021232061542e-08,0.9932738739948399,151,1,,
4O5OA,PF00106,151,60,8,C7,0,1.2704308032989502,1.4009753465652466,0.9068188147733286,-0.08645505922151131,0.9932738739948399,151,1,168;172;148;155;95;191;150;94,
4O5OA,PF00106,151,60,8,C7_sub,0,1.333626389503479,1.4009753465652466,0.9519270933447286,-0.041346780650111326,0.9932738739948399,151,1,168;172;148;155;95;191;150;94,168:C;172:H;148:G;155:Y;95:G;191:P;150:V;94:I
4O5OA,PF00106,151,60,8,C8,0,1.317138671875,1.4009753465652466,0.9401583511831326,-0.05311552281170728,0.9932738739948399,151,1,150;176;121;155;205;132;153;172,
4O5OA,PF00106,151,60,8,C8_sub,0,1.3570929765701294,1.4009753465652466,0.9686772718001762,-0.024596602194663753,0.9932738739948399,151,1,150;176;121;155;205;132;153;172,150:L;176:L;121:Y;155:T;205:A;132:L;153:N;172:H
4O5OA,PF00106,151,60,8,C8,1,1.3585580587387085,1.4009753465652466,0.9697230305083298,-0.023550843486510153,0.9932738739948399,151,1,95;153;197;149;125;196;157;183,
4O5OA,PF00106,151,60,8,C8_sub,1,1.3877915143966675,1.4009753465652466,0.9905895330700132,-0.0026843409248267225,0.9932738739948399,151,1,95;153;197;149;125;196;157;183,95:G;153:S;197:V;149:F;125:S;196:M;157:L;183:W
4O5OA,PF00106,151,60,8,C8,2,1.3811321258544922,1.4009753465652466,0.9858361385449046,-0.007437735449935312,0.9932738739948399,151,1,167;119;164;187;154;95;155;131,
4O5OA,PF00106,151,60,8,C8_sub,2,1.4023938179016113,1.4009753465652466,1.0010124884351765,0.007738614440336633,0.9932738739948399,151,1,167;119;164;187;154;95;155;131,167:V;119:C;164:G;187:M;154:L;95:G;155:Y;131:F
4O5OA,PF00106,151,60,8,C8,3,1.3762563467025757,1.4009753465652466,0.982355863774995,-0.010918010219844954,0.9932738739948399,151,1,125;137;176;124;94;165;159;175,
4O5OA,PF00106,151,60,8,C8_sub,3,1.395397424697876,1.4009753465652466,0.996018543880129,0.002744669885289097,0.9932738739948399,151,1,125;137;176;124;94;165;159;175,125:S;137:W;176:M;124:G;94:V;165:C;159:V;175:W
4O5OA,PF00106,151,60,8,C8,4,1.3659831285476685,1.4009753465652466,0.9750229594665116,-0.018250914528328277,0.9932738739948399,151,1,152;100;91;168;129;93;179;195,
4O5OA,PF00106,151,60,8,C8_sub,4,1.3886394500732422,1.4009753465652466,0.9911947797495165,-0.0020790942453233763,0.9932738739948399,151,1,152;100;91;168;129;93;179;195,152:C;100:D;91:A;168:T;129:W;93:Y;179:C;195:Y
4O5OA,PF00106,151,60,8,C8,5,1.344179391860962,1.4009753465652466,0.9594597043812865,-0.033814169613553435,0.9932738739948399,151,1,154;175;153;97;171;164;128;152,
4O5OA,PF00106,151,60,8,C8_sub,5,1.3131425380706787,1.4009753465652466,0.9373059570891762,-0.05596791690566372,0.9932738739948399,151,1,154;175;153;97;171;164;128;152,154:M;175:W;153:Q;97:M;171:T;164:G;128:L;152:S
4O5OA,PF00106,151,60,8,C8,6,1.387248158454895,1.4009753465652466,0.9902016918827256,-0.003072182112114352,0.9932738739948399,151,1,139;160;137;119;129;194;136;156,
4O5OA,PF00106,151,60,8,C8_sub,6,1.390127182006836,1.4009753465652466,0.9922567055979915,-0.0010171683968484002,0.9932738739948399,151,1,139;160;137;119;129;194;136;156,139:Y;160:E;137:M;119:T;129:V;194:I;136:W;156:L
4O5OA,PF00106,151,60,8,C8,7,1.37628173828125,1.4009753465652466,0.9823739879901973,-0.010899886004642645,0.9932738739948399,151,1,200;155;131;168;172;160;149;146,
4O5OA,PF00106,151,60,8,C8_sub,7,1.368126630783081,1.4009753465652466,0.9765529665723952,-0.016720907422444697,0.9932738739948399,151,1,200;155;131;168;172;160;149;146,200:F;155:Q;131:W;168:T;172:H;160:E;149:F;146:D
4O5OA,PF00106,151,60,8,C8,8,1.3399752378463745,1.4009753465652466,0.9564588278670104,-0.03681504612782949,0.9932738739948399,151,1,201;100;131;157;136;150;154;171,
4O5OA,PF00106,151,60,8,C8_sub,8,1.345211148262024,1.4009753465652466,0.9601961601680293,-0.03307771382681057,0.9932738739948399,151,1,201;100;131;157;136;150;154;171,201:V;100:D;131:M;157:W;136:P;150:V;154:W;171:C
4O5OA,PF00106,151,60,8,C8,9,1.3767919540405273,1.4009753465652466,0.9827381740984883,-0.010535699896351614,0.9932738739948399,151,1,179;205;201;191;152;193;198;165,
4O5OA,PF00106,151,60,8,C8_sub,9,1.3825265169143677,1.4009753465652466,0.9868314387572132,-0.006442435237626665,0.9932738739948399,151,1,179;205;201;191;152;193;198;165,179:C;205:W;201:M;191:A;152:C;193:I;198:V;165:S
4O5OA,PF00106,151,60,8,C8,10,1.35823392868042,1.4009753465652466,0.9694916702213103,-0.023782203773529575,0.9932738739948399,151,1,120;171;193;194;150;199;197;205,
4O5OA,PF00106,151,60,8,C8_sub,10,1.371820330619812,1.4009753465652466,0.9791894867979558,-0.014084387196884096,0.9932738739948399,151,1,120;171;193;194;150;199;197;205,120:V;171:C;193:A;194:L;150:W;199:G;197:L;205:V
4O5OA,PF00106,151,60,8,C8,11,1.3492504358291626,1.4009753465652466,0.9630793569188085,-0.03019451707603138,0.9932738739948399,151,1,176;183;120;154;135;160;94;93,
4O5OA,PF00106,151,60,8,C8_sub,11,1.3501965999603271,1.4009753465652466,0.9637547179331791,-0.02951915606166078,0.9932738739948399,151,1,176;183;120;154;135;160;94;93,176:I;183:M;120:V;154:F;135:M;160:E;94:W;93:N
4O5OA,PF00106,151,60,8,C8,12,1.3196632862091064,1.4009753465652466,0.9419603916974757,-0.05131348229736421,0.9932738739948399,151,1,150;153;172;93;121;94;100;197,
4O5OA,PF00106,151,60,8,C8_sub,12,1.3390858173370361,1.4009753465652466,0.9558239697936554,-0.03744990420118455,0.9932738739948399,151,1,150;153;172;93;121;94;100;197,150:V;153:Q;172:H;93:T;121:C;94:M;100:D;197:M
4O5OA,PF00106,151,60,8,C8,13,1.371200680732727,1.4009753465652466,0.9787471878748489,-0.014526686119990972,0.9932738739948399,151,1,194;119;150;160;125;191;187;200,
4O5OA,PF00106,151,60,8,C8_sub,13,1.3425230979919434,1.4009753465652466,0.958277460972736,-0.03499641302210388,0.9932738739948399,151,1,194;119;150;160;125;191;187;200,194:V;119:N;150:A;160:E;125:Y;191:W;187:V;200:L
4O5OA,PF00106,151,60,8,C8,14,1.3328839540481567,1.4009753465652466,0.9513971515030377,-0.04187672249180219,0.9932738739948399,151,1,93;172;199;153;156;124;97;128,
4O5OA,PF00106,151,60,8,C8_sub,14,1.3407626152038574,1.4009753465652466,0.9570208487187073,-0.03625302527613261,0.9932738739948399,151,1,93;172;199;153;156;124;97;128,93:N;172:H;199:G;153:Y;156:M;124:G;97:W;128:F
4O5OA,PF00106,151,60,8,C8,15,1.3928790092468262,1.4009753465652466,0.9942209280568212,0.0009470540619812562,0.9932738739948399,151,1,139;159;197;135;179;127;96;149,
4O5OA,PF00106,151,60,8,C8_sub,15,1.4143667221069336,1.4009753465652466,1.0095586089894575,0.016284734994617578,0.9932738739948399,151,1,139;159;197;135;179;127;96;149,139:Q;159:M;197:V;135:W;179:Y;127:S;96:W;149:A
4O5OA,PF00106,151,60,8,C8,16,1.393739938735962,1.4009753465652466,0.9948354495694562,0.0015615755746163362,0.9932738739948399,151,1,119;190;199;137;167;117;155;124,
4O5OA,PF00106,151,60,8,C8_sub,16,1.396262288093567,1.4009753465652466,0.9966358733697672,0.003361999374927316,0.9932738739948399,151,1,119;190;199;137;167;117;155;124,119:Y;190:G;199:G;137:M;167:V;117:Y;155:T;124:G
4O5OA,PF00106,151,60,8,C8,17,1.3976296186447144,1.4009753465652466,0.9976118581039025,0.004337984109062609,0.9932738739948399,151,1,171;167;175;193;125;146;96;121,
4O5OA,PF00106,151,60,8,C8_sub,17,1.3868179321289062,1.4009753465652466,0.9898946013068325,-0.0033792726880074175,0.9932738739948399,151,1,171;167;175;193;125;146;96;121,171:Q;167:P;175:A;193:L;125:Q;146:D;96:A;121:T
4O5OA,PF00106,151,60,8,C8,18,1.3762534856796265,1.4009753465652466,0.9823538216099017,-0.010920052384938206,0.9932738739948399,151,1,131;125;198;93;201;97;187;139,
4O5OA,PF00106,151,60,8,C8_sub,18,1.3830517530441284,1.4009753465652466,0.9872063462322437,-0.006067527762596225,0.9932738739948399,151,1,131;125;198;93;201;97;187;139,131:I;125:C;198:L;93:Y;201:V;97:V;187:V;139:Y
4O5OA,PF00106,151,60,8,C8,19,1.356324553489685,1.4009753465652466,0.9681287802922219,-0.02514509370261797,0.9932738739948399,151,1,197;144;136;179;95;149;171;156,
4O5OA,PF00106,151,60,8,C8_sub,19,1.3825364112854004,1.4009753465652466,0.9868385012448273,-0.006435372750012602,0.9932738739948399,151,1,197;144;136;179;95;149;171;156,197:L;144:G;136:V;179:C;95:G;149:M;171:T;156:P
4UHTA,PF00072,50,60,8,C0,0,1.3096837997436523,1.3096832036972046,1.0000004551073467,4.5510734669740316e-07,1.0,50,1,,
4UHTA,PF00072,50,60,8,C7,0,1.304979681968689,1.3096832036972046,0.9964086569063132,-0.003591343093686805,1.0,50,1,83;72;77;90;67;70;78;68,
4UHTA,PF00072,50,60,8,C7_sub,0,1.3107949495315552,1.3096832036972046,1.000848866222925,0.0008488662229249044,1.0,50,1,83;72;77;90;67;70;78;68,83:G;72:S;77:F;90:W;67:E;70:M;78:W;68:W
4UHTA,PF00072,50,60,8,C8,0,1.3096073865890503,1.3096832036972046,0.9999421103455093,-5.7889654490717035e-05,1.0,50,1,56;92;16;32;54;76;81;39,
4UHTA,PF00072,50,60,8,C8_sub,0,1.3214333057403564,1.3096832036972046,1.0089717131669564,0.008971713166956441,1.0,50,1,56;92;16;32;54;76;81;39,56:G;92:G;16:D;32:N;54:I;76:R;81:R;39:N
4UHTA,PF00072,50,60,8,C8,1,1.3237700462341309,1.3096832036972046,1.010755916008665,0.01075591600866499,1.0,50,1,62;101;96;45;98;7;57;1,
4UHTA,PF00072,50,60,8,C8_sub,1,1.3368350267410278,1.3096832036972046,1.020731595982276,0.02073159598227603,1.0,50,1,62;101;96;45;98;7;57;1,62:L;101:F;96:M;45:P;98:L;7:M;57:H;1:F
4UHTA,PF00072,50,60,8,C8,2,1.2756438255310059,1.3096832036972046,0.9740094565845341,-0.025990543415465917,1.0,50,1,93;101;69;41;66;88;7;21,
4UHTA,PF00072,50,60,8,C8_sub,2,1.299877643585205,1.3096832036972046,0.9925130290406728,-0.007486970959327155,1.0,50,1,93;101;69;41;66;88;7;21,93:K;101:W;69:R;41:A;66:P;88:H;7:L;21:G
4UHTA,PF00072,50,60,8,C8,3,1.278067946434021,1.3096832036972046,0.9758603781632578,-0.02413962183674223,1.0,50,1,58;93;97;37;18;59;21;44,
4UHTA,PF00072,50,60,8,C8_sub,3,1.3168749809265137,1.3096832036972046,1.0054912342229074,0.005491234222907426,1.0,50,1,58;93;97;37;18;59;21;44,58:H;93:H;97:F;37:I;18:N;59:V;21:G;44:L
4UHTA,PF00072,50,60,8,C8,4,1.2957004308700562,1.3096832036972046,0.9893235457340558,-0.010676454265944213,1.0,50,1,20;74;65;45;47;90;14;59,
4UHTA,PF00072,50,60,8,C8_sub,4,1.3333359956741333,1.3096832036972046,1.0180599338146488,0.018059933814648765,1.0,50,1,20;74;65;45;47;90;14;59,20:E;74:K;65:F;45:I;47:H;90:V;14:H;59:W
4UHTA,PF00072,50,60,8,C8,5,1.3073983192443848,1.3096832036972046,0.9982553914974479,-0.0017446085025520919,1.0,50,1,20;68;18;87;66;60;23;57,
4UHTA,PF00072,50,60,8,C8_sub,5,1.3030179738998413,1.3096832036972046,0.994910807607101,-0.005089192392898956,1.0,50,1,20;68;18;87;66;60;23;57,20:E;68:W;18:Y;87:I;66:L;60:N;23:S;57:H
4UHTA,PF00072,50,60,8,C8,6,1.3222074508666992,1.3096832036972046,1.009562806588753,0.00956280658875297,1.0,50,1,61;74;54;6;8;67;85;23,
4UHTA,PF00072,50,60,8,C8_sub,6,1.3029142618179321,1.3096832036972046,0.9948316189287884,-0.005168381071211647,1.0,50,1,61;74;54;6;8;67;85;23,61:M;74:H;54:F;6:E;8:W;67:E;85:W;23:C
4UHTA,PF00072,50,60,8,C8,7,1.3040454387664795,1.3096832036972046,0.9956953216512132,-0.0043046783487867835,1.0,50,1,62;13;63;9;70;76;14;60,
4UHTA,PF00072,50,60,8,C8_sub,7,1.3013988733291626,1.3096832036972046,0.993674554010729,-0.0063254459892709836,1.0,50,1,62;13;63;9;70;76;14;60,62:A;13:G;63:E;9:W;70:W;76:H;14:H;60:Q
4UHTA,PF00072,50,60,8,C8,8,1.3077970743179321,1.3096832036972046,0.99855985831234,-0.001440141687660046,1.0,50,1,83;22;28;26;51;44;88;67,
4UHTA,PF00072,50,60,8,C8_sub,8,1.3213832378387451,1.3096832036972046,1.0089334841498399,0.008933484149839854,1.0,50,1,83;22;28;26;51;44;88;67,83:G;22:S;28:G;26:W;51:T;44:F;88:R;67:E
4UHTA,PF00072,50,60,8,C8,9,1.296981692314148,1.3096832036972046,0.9903018444863608,-0.009698155513639173,1.0,50,1,0;101;41;37;95;1;43;79,
4UHTA,PF00072,50,60,8,C8_sub,9,1.3486506938934326,1.3096832036972046,1.0297533709573612,0.02975337095736119,1.0,50,1,0;101;41;37;95;1;43;79,0:C;101:I;41:I;37:F;95:S;1:V;43:C;79:E
4UHTA,PF00072,50,60,8,C8,10,1.2886643409729004,1.3096832036972046,0.9839511855500869,-0.01604881444991313,1.0,50,1,92;49;72;33;17;15;57;4,
4UHTA,PF00072,50,60,8,C8_sub,10,1.3154206275939941,1.3096832036972046,1.0043807722971425,0.00438077229714251,1.0,50,1,92;49;72;33;17;15;57;4,92:G;49:K;72:S;33:W;17:F;15:T;57:H;4:D
4UHTA,PF00072,50,60,8,C8,11,1.3148994445800781,1.3096832036972046,1.0039828264332535,0.003982826433253539,1.0,50,1,61;46;96;10;24;53;67;23,
4UHTA,PF00072,50,60,8,C8_sub,11,1.3498107194900513,1.3096832036972046,1.0306391008753626,0.03063910087536259,1.0,50,1,61;46;96;10;24;53;67;23,61:V;46:Q;96:I;10:M;24:M;53:D;67:E;23:S
4UHTA,PF00072,50,60,8,C8,12,1.3090640306472778,1.3096832036972046,0.999527234488326,-0.0004727655116739671,1.0,50,1,49;58;84;95;86;21;43;53,
4UHTA,PF00072,50,60,8,C8_sub,12,1.328609824180603,1.3096832036972046,1.0144512966417902,0.014451296641790234,1.0,50,1,49;58;84;95;86;21;43;53,49:R;58:K;84:K;95:Q;86:L;21:G;43:Y;53:D
4UHTA,PF00072,50,60,8,C8,13,1.3043650388717651,1.3096832036972046,0.9959393502104735,-0.0040606497895264715,1.0,50,1,56;20;80;94;84;60;67;88,
4UHTA,PF00072,50,60,8,C8_sub,13,1.3085285425186157,1.3096832036972046,0.9991183660481181,-0.0008816339518818994,1.0,50,1,56;20;80;94;84;60;67;88,56:G;20:E;80:K;94:G;84:R;60:Y;67:E;88:H
4UHTA,PF00072,50,60,8,C8,14,1.3022736310958862,1.3096832036972046,0.9943424695526358,-0.0056575304473641674,1.0,50,1,13;62;47;37;77;81;25;15,
4UHTA,PF00072,50,60,8,C8_sub,14,1.3053936958312988,1.3096832036972046,0.9967247744692789,-0.0032752255307211264,1.0,50,1,13;62;47;37;77;81;25;15,13:G;62:W;47:H;37:V;77:P;81:H;25:D;15:C
4UHTA,PF00072,50,60,8,C8,15,1.2671982049942017,1.3096832036972046,0.9675608585472664,-0.03243914145273363,1.0,50,1,13;22;41;19;82;89;52;67,
4UHTA,PF00072,50,60,8,C8_sub,15,1.285120964050293,1.3096832036972046,0.9812456633958708,-0.018754336604129174,1.0,50,1,13;22;41;19;82;89;52;67,13:G;22:Y;41:F;19:V;82:E;89:Y;52:T;67:E
4UHTA,PF00072,50,60,8,C8,16,1.3157645463943481,1.3096832036972046,1.0046433692361452,0.004643369236145167,1.0,50,1,71;93;18;34;19;48;14;1,
4UHTA,PF00072,50,60,8,C8_sub,16,1.3114045858383179,1.3096832036972046,1.001314350017053,0.0013143500170529343,1.0,50,1,71;93;18;34;19;48;14;1,71:N;93:H;18:C;34:I;19:V;48:D;14:H;1:M
4UHTA,PF00072,50,60,8,C8,17,1.2819368839263916,1.3096832036972046,0.9788144799502003,-0.021185520049799678,1.0,50,1,20;13;97;41;32;88;100;81,
4UHTA,PF00072,50,60,8,C8_sub,17,1.3016313314437866,1.3096832036972046,0.9938520458759128,-0.006147954124087196,1.0,50,1,20;13;97;41;32;88;100;81,20:E;13:G;97:V;41:P;32:S;88:H;100:V;81:R
4UHTA,PF00072,50,60,8,C8,18,1.3188852071762085,1.3096832036972046,1.0070261292601348,0.007026129260134795,1.0,50,1,75;62;36;5;35;25;64;7,
4UHTA,PF00072,50,60,8,C8_sub,18,1.349358320236206,1.3096832036972046,1.0302936743992743,0.03029367439927433,1.0,50,1,75;62;36;5;35;25;64;7,75:K;62:W;36:F;5:F;35:Q;25:D;64:K;7:P
4UHTA,PF00072,50,60,8,C8,19,1.30131196975708,1.3096832036972046,0.9936081993595911,-0.006391800640408896,1.0,50,1,83;13;54;70;32;12;21;7,
4UHTA,PF00072,50,60,8,C8_sub,19,1.3125137090682983,1.3096832036972046,1.0021612137676525,0.002161213767652548,1.0,50,1,83;13;54;70;32;12;21;7,83:G;13:G;54:W;70:W;32:Q;12:A;21:G;7:M
2OB0A,PF00583,111,60,8,C0,0,1.6230840682983398,1.5855356454849243,1.0236818534609051,-2.255564985897962e-07,1.0236820790174037,111,1,,
2OB0A,PF00583,111,60,8,C7,0,1.6296104192733765,1.5855356454849243,1.0277980340044466,0.004115954987042869,1.0236820790174037,111,1,57;128;87;89;92;79;129;124,
2OB0A,PF00583,111,60,8,C7_sub,0,1.5333365201950073,1.5855356454849243,0.967077923830623,-0.05660415518678075,1.0236820790174037,111,1,57;128;87;89;92;79;129;124,57:G;128:G;87:G;89:G;92:L;79:N;129:L;124:C
2OB0A,PF00583,111,60,8,C8,0,1.5268558263778687,1.5855356454849243,0.9629905393334068,-0.060691539683996876,1.0236820790174037,111,1,109;120;147;93;149;71;124;121,
2OB0A,PF00583,111,60,8,C8_sub,0,1.4523305892944336,1.5855356454849243,0.9159873468819107,-0.10769473213549297,1.0236820790174037,111,1,109;120;147;93;149;71;124;121,109:V;120:I;147:I;93:V;149:I;71:H;124:S;121:P
2OB0A,PF00583,111,60,8,C8,1,1.6083341836929321,1.5855356454849243,1.0143790764168126,-0.009303002600591137,1.0236820790174037,111,1,106;109;51;83;151;73;123;146,
2OB0A,PF00583,111,60,8,C8_sub,1,1.5725834369659424,1.5855356454849243,0.9918310202890326,-0.03185105872837113,1.0236820790174037,111,1,106;109;51;83;151;73;123;146,106:M;109:V;51:W;83:S;151:N;73:T;123:I;146:E
2OB0A,PF00583,111,60,8,C8,2,1.7256704568862915,1.5855356454849243,1.088383261392088,0.06470118237468436,1.0236820790174037,111,1,88;83;60;52;54;59;87;115,
2OB0A,PF00583,111,60,8,C8_sub,2,1.5850733518600464,1.5855356454849243,0.9997084306327679,-0.023973648384635782,1.0236820790174037,111,1,88;83;60;52;54;59;87;115,88:F;83:S;60:N;52:S;54:W;59:M;87:G;115:W
2OB0A,PF00583,111,60,8,C8,3,1.6442545652389526,1.5855356454849243,1.0370341215104435,0.013352042493039784,1.0236820790174037,111,1,52;151;149;87;78;108;59;86,
2OB0A,PF00583,111,60,8,C8_sub,3,1.620200753211975,1.5855356454849243,1.0218633417834315,-0.0018187372339721897,1.0236820790174037,111,1,52;151;149;87;78;108;59;86,52:S;151:N;149:W;87:G;78:G;108:Y;59:I;86:M
2OB0A,PF00583,111,60,8,C8,4,1.568671464920044,1.5855356454849243,0.989363732935993,-0.03431834608141071,1.0236820790174037,111,1,77;149;58;100;78;123;93;116,
2OB0A,PF00583,111,60,8,C8_sub,4,1.5291693210601807,1.5855356454849243,0.9644496643230595,-0.05923241469434426,1.0236820790174037,111,1,77;149;58;100;78;123;93;116,77:I;149:P;58:F;100:T;78:G;123:V;93:P;116:T
2OB0A,PF00583,111,60,8,C8,5,1.578906536102295,1.5855356454849243,0.9958190095558515,-0.02786306946155226,1.0236820790174037,111,1,80;58;96;73;77;151;108;66,
2OB0A,PF00583,111,60,8,C8_sub,5,1.6114124059677124,1.5855356454849243,1.0163205163860405,-0.007361562631363228,1.0236820790174037,111,1,80;58;96;73;77;151;108;66,80:A;58:L;96:M;73:T;77:M;151:C;108:Y;66:Y
2OB0A,PF00583,111,60,8,C8,6,1.7010897397994995,1.5855356454849243,1.072880161757091,0.0491980827396874,1.0236820790174037,111,1,79;100;87;82;55;57;117;84,
2OB0A,PF00583,111,60,8,C8_sub,6,1.6095608472824097,1.5855356454849243,1.0151527352071215,-0.008529343810282253,1.0236820790174037,111,1,79;100;87;82;55;57;117;84,79:Y;100:S;87:G;82:M;55:F;57:G;117:T;84:H
2OB0A,PF00583,111,60,8,C8,7,1.6053760051727295,1.5855356454849243,1.0125133482456252,-0.01116873077177849,1.0236820790174037,111,1,55;93;57;71;117;109;139;152,
2OB0A,PF00583,111,60,8,C8_sub,7,1.5869125127792358,1.5855356454849243,1.0008683925197346,-0.022813686497669128,1.0236820790174037,111,1,55;93;57;71;117;109;139;152,55:L;93:F;57:G;71:H;117:T;109:M;139:Q;152:R
2OB0A,PF00583,111,60,8,C8,8,1.6588455438613892,1.5855356454849243,1.046236676283644,0.022554597266240206,1.0236820790174037,111,1,100;119;114;79;150;77;120;115,
2OB0A,PF00583,111,60,8,C8_sub,8,1.493810772895813,1.5855356454849243,0.9421489684887797,-0.081533110528624,1.0236820790174037,111,1,100;119;114;79;150;77;120;115,100:T;119:N;114:S;79:T;150:W;77:P;120:L;115:W
2OB0A,PF00583,111,60,8,C8,9,1.6195125579833984,1.5855356454849243,1.0214292958945634,-0.002252783122840274,1.0236820790174037,111,1,51;149;55;58;117;89;106;145,
2OB0A,PF00583,111,60,8,C8_sub,9,1.5819648504257202,1.5855356454849243,0.9977478935466556,-0.025934185470748106,1.0236820790174037,111,1,51;149;55;58;117;89;106;145,51:A;149:M;55:M;58:M;117:S;89:G;106:M;145:F
2OB0A,PF00583,111,60,8,C8,10,1.6213377714157104,1.5855356454849243,1.0225804610780833,-0.0011016179393203984,1.0236820790174037,111,1,113;120;58;83;90;78;71;127,
2OB0A,PF00583,111,60,8,C8_sub,10,1.5082489252090454,1.5855356454849243,0.9512551354515645,-0.07242694356583923,1.0236820790174037,111,1,113;120;58;83;90;78;71;127,113:F;120:P;58:P;83:T;90:S;78:G;71:K;127:I
2OB0A,PF00583,111,60,8,C8,11,1.597524642944336,1.5855356454849243,1.007561480874651,-0.016120598142752796,1.0236820790174037,111,1,108;96;89;58;59;52;53;152,
2OB0A,PF00583,111,60,8,C8_sub,11,1.590377926826477,1.5855356454849243,1.0030540349914818,-0.020628044025921888,1.0236820790174037,111,1,108;96;89;58;59;52;53;152,108:Q;96:M;89:G;58:M;59:P;52:Y;53:E;152:H
2OB0A,PF00583,111,60,8,C8,12,1.5920525789260864,1.5855356454849243,1.0041102408890776,-0.01957183812832608,1.0236820790174037,111,1,55;51;123;149;58;71;72;86,
2OB0A,PF00583,111,60,8,C8_sub,12,1.5457439422607422,1.5855356454849243,0.9749033058086738,-0.04877877320872992,1.0236820790174037,111,1,55;51;123;149;58;71;72;86,55:M;51:I;123:A;149:L;58:F;71:K;72:P;86:I
2OB0A,PF00583,111,60,8,C8,13,1.6033031940460205,1.5855356454849243,1.0112060227795523,-0.012476056237851418,1.0236820790174037,111,1,113;100;83;59;51;58;139;86,
2OB0A,PF00583,111,60,8,C8_sub,13,1.5107245445251465,1.5855356454849243,0.9528165127205971,-0.07086556629680663,1.0236820790174037,111,1,113;100;83;59;51;58;139;86,113:P;100:Q;83:Q;59:M;51:W;58:I;139:T;86:I
2OB0A,PF00583,111,60,8,C8,14,1.5452438592910767,1.5855356454849243,0.9745879026380863,-0.049094176379317456,1.0236820790174037,111,1,59;120;124;123;147;71;60;94,
2OB0A,PF00583,111,60,8,C8_sub,14,1.4725064039230347,1.5855356454849243,0.9287122671232532,-0.09496981189415055,1.0236820790174037,111,1,59;120;124;123;147;71;60;94,59:A;120:L;124:N;123:V;147:I;71:H;60:Q;94:S
2OB0A,PF00583,111,60,8,C8,15,1.6152559518814087,1.5855356454849243,1.0187446472623418,-0.004937431755061894,1.0236820790174037,111,1,51;54;123;58;61;139;71;128,
2OB0A,PF00583,111,60,8,C8_sub,15,1.550527572631836,1.5855356454849243,0.97792034953438,-0.045761729483023705,1.0236820790174037,111,1,51;54;123;58;61;139;71;128,51:A;54:L;123:I;58:F;61:N;139:C;71:H;128:G
2OB0A,PF00583,111,60,8,C8,16,1.5677952766418457,1.5855356454849243,0.9888111195143438,-0.03487095950305996,1.0236820790174037,111,1,113;73;82;100;83;72;147;81,
2OB0A,PF00583,111,60,8,C8_sub,16,1.474665880203247,1.5855356454849243,0.9300742524474948,-0.09360782656990896,1.0236820790174037,111,1,113;73;82;100;83;72;147;81,113:P;73:Q;82:L;100:N;83:T;72:P;147:M;81:V
2OB0A,PF00583,111,60,8,C8,17,1.6196048259735107,1.5855356454849243,1.0214874894712107,-0.0021945895461930043,1.0236820790174037,111,1,109;88;55;52;78;149;80;132,
2OB0A,PF00583,111,60,8,C8_sub,17,1.5890073776245117,1.5855356454849243,1.0021896273032231,-0.02149245171418057,1.0236820790174037,111,1,109;88;55;52;78;149;80;132,109:F;88:P;55:W;52:Y;78:G;149:M;80:F;132:P
2OB0A,PF00583,111,60,8,C8,18,1.659040093421936,1.5855356454849243,1.0463593790188999,0.022677300001496148,1.0236820790174037,111,1,57;59;93;82;119;80;96;91,
2OB0A,PF00583,111,60,8,C8_sub,18,1.6115971803665161,1.5855356454849243,1.016437053910334,-0.0072450251070697025,1.0236820790174037,111,1,57;59;93;82;119;80;96;91,57:G;59:A;93:I;82:W;119:N;80:W;96:I;91:R
2OB0A,PF00583,111,60,8,C8,19,1.58636474609375,1.5855356454849243,1.0005229151493293,-0.023159163868074373,1.0236820790174037,111,1,78;124;77;89;72;114;119;132,
2OB0A,PF00583,111,60,8,C8_sub,19,1.4916231632232666,1.5855356454849243,0.9407692393866457,-0.08291283963075802,1.0236820790174037,111,1,78;124;77;89;72;114;119;132,78:G;124:S;77:V;89:G;72:A;114:C;119:C;132:V
3TCVA,PF00583,165,60,8,C0,0,1.6411091089248657,1.5736669301986694,1.0428567045745074,8.332780971898046e-07,1.0428558712964102,165,1,,
3TCVA,PF00583,165,60,8,C7,0,1.6086891889572144,1.5736669301986694,1.0222551914172355,-0.020600679879174688,1.0428558712964102,165,1,112;182;141;143;146;133;183;178,
3TCVA,PF00583,165,60,8,C7_sub,0,1.650298833847046,1.5736669301986694,1.0486963932315092,0.005840521935098986,1.0428558712964102,165,1,112;182;141;143;146;133;183;178,112:G;182:G;141:A;143:F;146:F;133:L;183:W;178:P
3TCVA,PF00583,165,60,8,C8,0,1.661141037940979,1.5736669301986694,1.0555861637959605,0.012730292499550266,1.0428558712964102,165,1,201;187;148;186;204;222;158;196,
3TCVA,PF00583,165,60,8,C8_sub,0,1.6879143714904785,1.5736669301986694,1.0725995057145834,0.02974363441817318,1.0428558712964102,165,1,201;187;148;186;204;222;158;196,201:E;187:G;148:L;186:D;204:F;222:A;158:F;196:R
3TCVA,PF00583,165,60,8,C8,1,1.675567388534546,1.5736669301986694,1.0647535106574375,0.021897639361027288,1.0428558712964102,165,1,221;215;211;163;187;108;180;185,
3TCVA,PF00583,165,60,8,C8_sub,1,1.6562283039093018,1.5736669301986694,1.052464325281468,0.00960845398505783,1.0428558712964102,165,1,221;215;211;163;187;108;180;185,221:V;215:W;211:D;163:S;187:G;108:G;180:K;185:L
3TCVA,PF00583,165,60,8,C8,2,1.6112005710601807,1.5736669301986694,1.0238510704782826,-0.01900480081812761,1.0428558712964102,165,1,208;205;116;188;141;201;148;179,
3TCVA,PF00583,165,60,8,C8_sub,2,1.6265530586242676,1.5736669301986694,1.0336069389339722,-0.009248932362438067,1.0428558712964102,165,1,208;205;116;188;141;201;148;179,208:F;205:P;116:A;188:M;141:V;201:E;148:W;179:D
3TCVA,PF00583,165,60,8,C8,3,1.6713063716888428,1.5736669301986694,1.0620458113572018,0.019189940060791555,1.0428558712964102,165,1,206;128;183;146;163;186;153;177,
3TCVA,PF00583,165,60,8,C8_sub,3,1.6715922355651855,1.5736669301986694,1.0622274659823685,0.019371594685958282,1.0428558712964102,165,1,206;128;183;146;163;186;153;177,206:C;128:V;183:A;146:M;163:N;186:D;153:S;177:I
3TCVA,PF00583,165,60,8,C8,4,1.6664546728134155,1.5736669301986694,1.0589627581505014,0.01610688685409123,1.0428558712964102,165,1,161;122;137;162;201;203;215;118,
3TCVA,PF00583,165,60,8,C8_sub,4,1.6789458990097046,1.5736669301986694,1.0669004137983278,0.024044542501917565,1.0428558712964102,165,1,161;122;137;162;201;203;215;118,161:H;122:M;137:L;162:K;201:E;203:M;215:I;118:H
3TCVA,PF00583,165,60,8,C8,5,1.6030548810958862,1.5736669301986694,1.0186748226916775,-0.02418104860473269,1.0428558712964102,165,1,180;121;182;114;153;202;151;217,
3TCVA,PF00583,165,60,8,C8_sub,5,1.6754281520843506,1.5736669301986694,1.0646650316740367,0.02180916037762648,1.0428558712964102,165,1,180;121;182;114;153;202;151;217,180:K;121:V;182:G;114:T;153:C;202:C;151:W;217:Y
3TCVA,PF00583,165,60,8,C8,6,1.6385859251022339,1.5736669301986694,1.0412533260105865,-0.0016025452858237088,1.0428558712964102,165,1,142;222;194;169;181;158;121;214,
3TCVA,PF00583,165,60,8,C8_sub,6,1.6219910383224487,1.5736669301986694,1.0307079644341757,-0.012147906862234548,1.0428558712964102,165,1,142;222;194;169;181;158;121;214,142:W;222:I;194:I;169:T;181:L;158:W;121:W;214:V
3TCVA,PF00583,165,60,8,C8,7,1.5429620742797852,1.5736669301986694,0.9804883388411753,-0.062367532455234964,1.0428558712964102,165,1,167;124;168;145;153;125;123;136,
3TCVA,PF00583,165,60,8,C8_sub,7,1.5910823345184326,1.5736669301986694,1.01106676640753,-0.031789104888880315,1.0428558712964102,165,1,167;124;168;145;153;125;123;136,167:S;124:G;168:R;145:D;153:N;125:F;123:Q;136:P
3TCVA,PF00583,165,60,8,C8,8,1.6447534561157227,1.5736669301986694,1.0451725359114452,0.002316664615034991,1.0428558712964102,165,1,222;224;153;125;120;201;113;193,
3TCVA,PF00583,165,60,8,C8_sub,8,1.5398868322372437,1.5736669301986694,0.978534150198377,-0.06432172109803325,1.0428558712964102,165,1,222;224;153;125;120;201;113;193,222:P;224:V;153:S;125:W;120:E;201:E;113:H;193:P
3TCVA,PF00583,165,60,8,C8,9,1.6369130611419678,1.5736669301986694,1.040190290416355,-0.002665580880055307,1.0428558712964102,165,1,211;111;147;127;223;142;208;197,
3TCVA,PF00583,165,60,8,C8_sub,9,1.6175569295883179,1.5736669301986694,1.0278902724251233,-0.0149655988712869,1.0428558712964102,165,1,211;111;147;127;223;142;208;197,211:D;111:P;147:N;127:D;223:W;142:V;208:I;197:G
3TCVA,PF00583,165,60,8,C8,10,1.6126422882080078,1.5736669301986694,1.0247672218697623,-0.018088649426647896,1.0428558712964102,165,1,204;121;167;219;222;181;158;133,
3TCVA,PF00583,165,60,8,C8_sub,10,1.6745362281799316,1.5736669301986694,1.0640982510629031,0.021242379766492903,1.0428558712964102,165,1,204;121;167;219;222;181;158;133,204:A;121:F;167:T;219:C;222:I;181:L;158:F;133:M
3TCVA,PF00583,165,60,8,C8,11,1.6237661838531494,1.5736669301986694,1.0318359957199807,-0.011019875576429472,1.0428558712964102,165,1,166;110;187;190;174;189;172;175,
3TCVA,PF00583,165,60,8,C8_sub,11,1.593898057937622,1.5736669301986694,1.0128560417396575,-0.029999829556752733,1.0428558712964102,165,1,166;110;187;190;174;189;172;175,166:D;110:F;187:G;190:H;174:Y;189:I;172:G;175:H
3TCVA,PF00583,165,60,8,C8,12,1.6374289989471436,1.5736669301986694,1.040518147471285,-0.002337723825125204,1.0428558712964102,165,1,201;169;148;183;134;142;158;210,
3TCVA,PF00583,165,60,8,C8_sub,12,1.637020468711853,1.5736669301986694,1.0402585434677625,-0.002597327828647744,1.0428558712964102,165,1,201;169;148;183;134;142;158;210,201:E;169:Q;148:W;183:A;134:G;142:W;158:M;210:T
3TCVA,PF00583,165,60,8,C8,13,1.5574926137924194,1.5736669301986694,0.9897218934350943,-0.053133977861315906,1.0428558712964102,165,1,180;171;186;145;111;143;125;135,
3TCVA,PF00583,165,60,8,C8_sub,13,1.5033758878707886,1.5736669301986694,0.9553329608832748,-0.08752291041313542,1.0428558712964102,165,1,180;171;186;145;111;143;125;135,180:K;171:Y;186:D;145:D;111:V;143:M;125:F;135:I
3TCVA,PF00583,165,60,8,C8,14,1.6258021593093872,1.5736669301986694,1.0331297735945535,-0.009726097701856729,1.0428558712964102,165,1,187;195;208;167;113;131;202;220,
3TCVA,PF00583,165,60,8,C8_sub,14,1.5998677015304565,1.5736669301986694,1.016649502400409,-0.026206368896001253,1.0428558712964102,165,1,187;195;208;167;113;131;202;220,187:G;195:W;208:F;167:T;113:K;131:L;202:S;220:S
3TCVA,PF00583,165,60,8,C8,15,1.652782917022705,1.5736669301986694,1.050274924957626,0.007419053661215758,1.0428558712964102,165,1,141;223;116;208;132;172;181;214,
3TCVA,PF00583,165,60,8,C8_sub,15,1.6499756574630737,1.5736669301986694,1.0484910280568522,0.005635156760442017,1.0428558712964102,165,1,141;223;116;208;132;172;181;214,141:L;223:W;116:F;208:M;132:S;172:G;181:P;214:P
3TCVA,PF00583,165,60,8,C8,16,1.6932523250579834,1.5736669301986694,1.0759915535901976,0.03313568229378738,1.0428558712964102,165,1,117;212;172;160;119;150;163;105,
3TCVA,PF00583,165,60,8,C8_sub,16,1.7384754419326782,1.5736669301986694,1.1047289668298503,0.061873095533440114,1.0428558712964102,165,1,117;212;172;160;119;150;163;105,117:F;212:V;172:G;160:S;119:P;150:P;163:C;105:R
3TCVA,PF00583,165,60,8,C8,17,1.6421877145767212,1.5736669301986694,1.0435421136856458,0.0006862423892355363,1.0428558712964102,165,1,126;144;124;182;149;147;127;177,
3TCVA,PF00583,165,60,8,C8_sub,17,1.6983087062835693,1.5736669301986694,1.0792046739325991,0.03634880263618889,1.0428558712964102,165,1,126;144;124;182;149;147;127;177,126:P;144:Q;124:G;182:G;149:A;147:S;127:D;177:W
3TCVA,PF00583,165,60,8,C8,18,1.6401150226593018,1.5736669301986694,1.0422250040243544,-0.0006308672720558572,1.0428558712964102,165,1,147;111;148;130;206;190;178;140,
3TCVA,PF00583,165,60,8,C8_sub,18,1.5895147323608398,1.5736669301986694,1.0100706203187289,-0.03278525097768137,1.0428558712964102,165,1,147;111;148;130;206;190;178;140,147:C;111:M;148:P;130:N;206:Q;190:H;178:V;140:H
3TCVA,PF00583,165,60,8,C8,19,1.6546604633331299,1.5736669301986694,1.0514680276875585,0.008612156391148318,1.0428558712964102,165,1,119;194;182;205;150;191;154;138,
3TCVA,PF00583,165,60,8,C8_sub,19,1.6363592147827148,1.5736669301986694,1.0398383440491634,-0.0030175272472467984,1.0428558712964102,165,1,119;194;182;205;150;191;154;138,119:P;194:P;182:G;205:M;150:W;191:C;154:W;138:Y
3G0TA,PF00155,218,60,8,C0,0,1.4696513414382935,1.4772558212280273,0.9948522932315051,4.841786553910765e-07,0.9948518090528498,218,1,,
3G0TA,PF00155,218,60,8,C7,0,1.36360502243042,1.4772558212280273,0.9230662711465027,-0.07178553790634701,0.9948518090528498,218,1,195;220;269;259;267;223;265;258,
3G0TA,PF00155,218,60,8,C7_sub,0,1.4939279556274414,1.4772558212280273,1.0112858816731922,0.016434072620342466,0.9948518090528498,218,1,195;220;269;259;267;223;265;258,195:P;220:E;269:G;259:H;267:K;223:Q;265:G;258:T
3G0TA,PF00155,218,60,8,C8,0,1.5229439735412598,1.4772558212280273,1.030927718582454,0.036075909529604155,0.9948518090528498,218,1,159;177;191;174;221;248;244;266,
3G0TA,PF00155,218,60,8,C8_sub,0,1.510361671447754,1.4772558212280273,1.0224103704612286,0.027558561408378868,0.9948518090528498,218,1,159;177;191;174;221;248;244;266,159:P;177:M;191:Y;174:D;221:P;248:N;244:P;266:T
3G0TA,PF00155,218,60,8,C8,1,1.402368426322937,1.4772558212280273,0.9493064140760419,-0.045545394976807874,0.9948518090528498,218,1,186;271;251;196;215;161;175;264,
3G0TA,PF00155,218,60,8,C8_sub,1,1.470637559890747,1.4772558212280273,0.9955198949009532,0.0006680858481034058,0.9948518090528498,218,1,186;271;251;196;215;161;175;264,186:F;271:I;251:Q;196:T;215:F;161:I;175:N;264:L
3G0TA,PF00155,218,60,8,C8,2,1.485783576965332,1.4772558212280273,1.0057727007162616,0.010920891663411814,0.9948518090528498,218,1,266;216;221;166;205;233;257;260,
3G0TA,PF00155,218,60,8,C8_sub,2,1.4694390296936035,1.4772558212280273,0.9947085728672738,-0.00014323618557599005,0.9948518090528498,218,1,266;216;221;166;205;233;257;260,266:S;216:M;221:V;166:G;205:A;233:T;257:T;260:P
3G0TA,PF00155,218,60,8,C8,3,1.3043644428253174,1.4772558212280273,0.8829644967931234,-0.11188731225972637,0.9948518090528498,218,1,261;255;236;219;260;163;257;232,
3G0TA,PF00155,218,60,8,C8_sub,3,1.3730055093765259,1.4772558212280273,0.9294297505188781,-0.06542205853397165,0.9948518090528498,218,1,261;255;236;219;260;163;257;232,261:V;255:M;236:G;219:D;260:L;163:D;257:T;232:T
3G0TA,PF00155,218,60,8,C8,4,1.4065964221954346,1.4772558212280273,0.9521684748049567,-0.04268333424789306,0.9948518090528498,218,1,261;213;236;273;245;180;267;158,
3G0TA,PF00155,218,60,8,C8_sub,4,1.4668077230453491,1.4772558212280273,0.992927360290249,-0.0019244487626007833,0.9948518090528498,218,1,261;213;236;273;245;180;267;158,261:I;213:R;236:G;273:M;245:P;180:G;267:H;158:C
3G0TA,PF00155,218,60,8,C8,5,1.549617052078247,1.4772558212280273,1.0489835476092872,0.05413173855643749,0.9948518090528498,218,1,222;165;251;273;263;164;159;252,
3G0TA,PF00155,218,60,8,C8_sub,5,1.572594404220581,1.4772558212280273,1.0645376255233163,0.06968581647046657,0.9948518090528498,218,1,222;165;251;273;263;164;159;252,222:F;165:H;251:Q;273:F;263:C;164:T;159:M;252:L
3G0TA,PF00155,218,60,8,C8,6,1.4615298509597778,1.4772558212280273,0.9893546059915495,-0.005497203061300304,0.9948518090528498,218,1,254;162;195;245;213;248;269;207,
3G0TA,PF00155,218,60,8,C8_sub,6,1.4677883386611938,1.4772558212280273,0.9935911692268958,-0.0012606398259539242,0.9948518090528498,218,1,254;162;195;245;213;248;269;207,254:V;162:V;195:A;245:L;213:K;248:C;269:G;207:G
3G0TA,PF00155,218,60,8,C8,7,1.2614898681640625,1.4772558212280273,0.8539413756483959,-0.14091043340445386,0.9948518090528498,218,1,222;265;255;244;180;194;173;251,
3G0TA,PF00155,218,60,8,C8_sub,7,1.4777724742889404,1.4772558212280273,1.0003497383821331,0.005497929329283391,0.9948518090528498,218,1,222;265;255;244;180;194;173;251,222:M;265:G;255:A;244:L;180:G;194:C;173:M;251:T
3G0TA,PF00155,218,60,8,C8,8,-0.4176950454711914,1.4772558212280273,-0.2827506512202916,-1.2776024602731413,0.9948518090528498,268,0,210;261;191;256;192;236;213;255,
3G0TA,PF00155,218,60,8,C8_sub,8,-0.14328517019748688,1.4772558212280273,-0.09699414829746646,-1.0918459573503163,0.9948518090528498,275,0,210;261;191;256;192;236;213;255,210:I;261:M;191:C;256:N;192:C;236:G;213:R;255:W
3G0TA,PF00155,218,60,8,C8,9,1.4628576040267944,1.4772558212280273,0.9902534029689836,-0.004598406083866191,0.9948518090528498,218,1,182;203;236;254;186;195;225;172,
3G0TA,PF00155,218,60,8,C8_sub,9,1.4937454462051392,1.4772558212280273,1.0111623354196053,0.016310526366755562,0.9948518090528498,218,1,182;203;236;254;186;195;225;172,182:L;203:A;236:G;254:M;186:L;195:L;225:G;172:R
3G0TA,PF00155,218,60,8,C8,10,1.4566385746002197,1.4772558212280273,0.9860435502561306,-0.008808258796719204,0.9948518090528498,218,1,240;242;160;264;185;269;159;184,
3G0TA,PF00155,218,60,8,C8_sub,10,1.4598050117492676,1.4772558212280273,0.988187009163888,-0.006664799888961737,0.9948518090528498,218,1,240;242;160;264;185;269;159;184,240:Q;242:W;160:E;264:L;185:L;269:G;159:I;184:Q
3G0TA,PF00155,218,60,8,C8,11,-0.21746285259723663,1.4772558212280273,-0.1472073079505363,-1.142059117003386,0.9948518090528498,186,0,224;267;182;192;160;207;220;241,
3G0TA,PF00155,218,60,8,C8_sub,11,-0.08918683975934982,1.4772558212280273,-0.06037332090877106,-1.0552251299616209,0.9948518090528498,265,0,224;267;182;192;160;207;220;241,224:V;267:K;182:A;192:Q;160:E;207:G;220:E;241:Y
3G0TA,PF00155,218,60,8,C8,12,1.4733208417892456,1.4772558212280273,0.997336291126942,0.0024844820740922424,0.9948518090528498,218,1,160;250;260;195;249;217;236;159,
3G0TA,PF00155,218,60,8,C8_sub,12,1.472632884979248,1.4772558212280273,0.9968705919568241,0.002018782903974392,0.9948518090528498,218,1,160;250;260;195;249;217;236;159,160:E;250:C;260:V;195:I;249:E;217:W;236:G;159:P
3G0TA,PF00155,218,60,8,C8,13,0.15068934857845306,1.4772558212280273,0.10200626486831954,-0.8928455441845302,0.9948518090528498,218,1,192;267;251;258;236;245;158;184,
3G0TA,PF00155,218,60,8,C8_sub,13,1.0437945127487183,1.4772558212280273,0.7065766793736665,-0.28827512967918323,0.9948518090528498,218,1,192;267;251;258;236;245;158;184,192:T;267:H;251:C;258:Q;236:G;245:L;158:T;184:T
3G0TA,PF00155,218,60,8,C8,14,1.4449063539505005,1.4772558212280273,0.9781016484669289,-0.016750160585920826,0.9948518090528498,218,1,270;174;241;275;266;248;254;213,
3G0TA,PF00155,218,60,8,C8_sub,14,1.444464087486267,1.4772558212280273,0.9778022646649646,-0.017049544387885196,0.9948518090528498,218,1,270;174;241;275;266;248;254;213,270:M;174:D;241:Y;275:G;266:T;248:S;254:W;213:R
3G0TA,PF00155,218,60,8,C8,15,1.0792820453643799,1.4772558212280273,0.7305992840611615,-0.2642525249916883,0.9948518090528498,218,1,219;252;199;265;184;266;213;257,
3G0TA,PF00155,218,60,8,C8_sub,15,1.2594246864318848,1.4772558212280273,0.8525433904771742,-0.14230841857567555,0.9948518090528498,218,1,219;252;199;265;184;266;213;257,219:D;252:W;199:C;265:G;184:Y;266:C;213:R;257:Y
3G0TA,PF00155,218,60,8,C8,16,1.2712595462799072,1.4772558212280273,0.8605547719034354,-0.13429703714941432,0.9948518090528498,218,1,256;223;183;216;176;278;166;215,
3G0TA,PF00155,218,60,8,C8_sub,16,1.4230350255966187,1.4772558212280273,0.9632962721471386,-0.03155553690571111,0.9948518090528498,218,1,256;223;183;216;176;278;166;215,256:Y;223:Q;183:N;216:F;176:S;278:C;166:G;215:W
3G0TA,PF00155,218,60,8,C8,17,1.4684703350067139,1.4772558212280273,0.9940528335748847,-0.000798975477965036,0.9948518090528498,218,1,248;217;175;235;255;161;260;227,
3G0TA,PF00155,218,60,8,C8_sub,17,1.4926352500915527,1.4772558212280273,1.0104108094498763,0.015559000397026512,0.9948518090528498,218,1,248;217;175;235;255;161;260;227,248:Q;217:I;175:Y;235:M;255:W;161:W;260:P;227:E
3G0TA,PF00155,218,60,8,C8,18,-0.18799760937690735,1.4772558212280273,-0.12726137658447464,-1.1221131856373243,0.9948518090528498,216,0,187;169;172;162;192;199;223;195,
3G0TA,PF00155,218,60,8,C8_sub,18,-0.1193341389298439,1.4772558212280273,-0.08078095697104289,-1.0756327660238927,0.9948518090528498,216,0,187;169;172;162;192;199;223;195,187:T;169:I;172:H;162:L;192:Y;199:Q;223:C;195:A
3G0TA,PF00155,218,60,8,C8,19,1.4281344413757324,1.4772558212280273,0.9667482238712989,-0.028103585181550872,0.9948518090528498,218,1,161;265;269;223;240;277;175;159,
3G0TA,PF00155,218,60,8,C8_sub,19,1.490151286125183,1.4772558212280273,1.008729337675878,0.013877528623028157,0.9948518090528498,218,1,161;265;269;223;240;277;175;159,161:I;265:G;269:G;223:N;240:C;277:A;175:Y;159:V
2Q7WA,PF00155,208,60,8,C0,0,1.4131004810333252,1.4940499067306519,0.9458187940492137,2.3936808746238825e-07,0.9458185546811262,208,1,,
2Q7WA,PF00155,208,60,8,C7,0,0.4541777968406677,1.4940499067306519,0.3039910479526887,-0.6418275067284375,0.9458185546811262,208,1,185;210;255;245;253;213;251;244,
2Q7WA,PF00155,208,60,8,C7_sub,0,1.3598577976226807,1.4940499067306519,0.9101823115121928,-0.035636243168933435,0.9458185546811262,208,1,185;210;255;245;253;213;251;244,185:G;210:E;255:G;245:H;253:K;213:S;251:Y;244:N
2Q7WA,PF00155,208,60,8,C8,0,1.1504671573638916,1.4940499067306519,0.7700326154976953,-0.17578593918343088,0.9458185546811262,208,1,215;185;213;229;197;211;268;167,
2Q7WA,PF00155,208,60,8,C8_sub,0,1.4072943925857544,1.4940499067306519,0.9419326531502955,-0.003885901530830682,0.9458185546811262,208,1,215;185;213;229;197;211;268;167,215:G;185:G;213:T;229:V;197:V;211:A;268:E;167:D
2Q7WA,PF00155,208,60,8,C8,1,1.384141445159912,1.4940499067306519,0.9264358833827402,-0.019382671298386,0.9458185546811262,208,1,197;242;227;226;212;254;263;166,
2Q7WA,PF00155,208,60,8,C8_sub,1,1.3716696500778198,1.4940499067306519,0.91808824049216,-0.02773031418896621,0.9458185546811262,208,1,197;242;227;226;212;254;263;166,197:V;242:C;227:P;226:G;212:I;254:A;263:E;166:S
2Q7WA,PF00155,208,60,8,C8,2,1.3202539682388306,1.4940499067306519,0.8836746097242967,-0.06214394495682951,0.9458185546811262,208,1,184;226;192;239;216;223;151;152,
2Q7WA,PF00155,208,60,8,C8_sub,2,1.3346998691558838,1.4940499067306519,0.8933435644573179,-0.052474990223808304,0.9458185546811262,208,1,184;226;192;239;216;223;151;152,184:Y;226:G;192:Y;239:M;216:A;223:E;151:I;152:D
2Q7WA,PF00155,208,60,8,C8,3,1.3558571338653564,1.4940499067306519,0.9075045805078258,-0.0383139741733004,0.9458185546811262,208,1,158;185;260;258;209;174;253;152,
2Q7WA,PF00155,208,60,8,C8_sub,3,1.4113274812698364,1.4940499067306519,0.9446320868612532,-0.0011864678198729717,0.9458185546811262,208,1,158;185;260;258;209;174;253;152,158:V;185:G;260:P;258:Q;209:I;174:I;253:H;152:D
2Q7WA,PF00155,208,60,8,C8,4,1.357447862625122,1.4940499067306519,0.9085692897605753,-0.03724926492055092,0.9458185546811262,208,1,259;223;160;168;195;220;189;191,
2Q7WA,PF00155,208,60,8,C8_sub,4,1.3616338968276978,1.4940499067306519,0.9113710932235772,-0.034447461457548956,0.9458185546811262,208,1,259;223;160;168;195;220;189;191,259:M;223:E;160:I;168:M;195:S;220:P;189:Q;191:D
2Q7WA,PF00155,208,60,8,C8,5,0.647166907787323,1.4940499067306519,0.4331628447429063,-0.5126557099382199,0.9458185546811262,208,1,177;161;211;257;180;182;222;251,
2Q7WA,PF00155,208,60,8,C8_sub,5,-0.11199347674846649,1.4940499067306519,-0.0749596624878052,-1.0207782171689315,0.9458185546811262,154,0,177;161;211;257;180;182;222;251,177:R;161:V;211:P;257:Y;180:N;182:T;222:D;251:T
2Q7WA,PF00155,208,60,8,C8,6,-0.26169610023498535,1.4940499067306519,-0.17515887458380872,-1.1209774292649348,0.9458185546811262,170,0,221;181;182;186;176;183;201;169,
2Q7WA,PF00155,208,60,8,C8_sub,6,0.9098086357116699,1.4940499067306519,0.6089546484444784,-0.33686390623664775,0.9458185546811262,208,1,221;181;182;186;176;183;201;169,221:D;181:K;182:S;186:F;176:V;183:A;201:W;169:Y
2Q7WA,PF00155,208,60,8,C8,7,1.1339141130447388,1.4940499067306519,0.7589533039937209,-0.18686525068740534,0.9458185546811262,208,1,183;192;175;247;195;164;248;167,
2Q7WA,PF00155,208,60,8,C8_sub,7,1.0960557460784912,1.4940499067306519,0.7336138780510555,-0.2122046766300707,0.9458185546811262,208,1,183;192;175;247;195;164;248;167,183:M;192:Y;175:F;247:P;195:Y;164:Y;248:G;167:D
2Q7WA,PF00155,208,60,8,C8,8,1.1894792318344116,1.4940499067306519,0.796144242890309,-0.14967431179081714,0.9458185546811262,208,1,227;207;213;180;238;221;189;167,
2Q7WA,PF00155,208,60,8,C8_sub,8,1.3175469636917114,1.4940499067306519,0.8818627528814132,-0.06395580179971294,0.9458185546811262,208,1,227;207;213;180;238;221;189;167,227:F;207:L;213:Q;180:N;238:A;221:D;189:Q;167:D
2Q7WA,PF00155,208,60,8,C8,9,1.3554813861846924,1.4940499067306519,0.9072530844373322,-0.038565470243793976,0.9458185546811262,208,1,247;246;261;242;197;231;189;153,
2Q7WA,PF00155,208,60,8,C8_sub,9,1.3515619039535522,1.4940499067306519,0.9046296899888048,-0.041188864692321414,0.9458185546811262,208,1,247;246;261;242;197;231;189;153,247:V;246:S;261:W;242:Y;197:P;231:V;189:C;153:T
2Q7WA,PF00155,208,60,8,C8,10,1.27993905544281,1.4940499067306519,0.8566909643892894,-0.08912759029183681,0.9458185546811262,208,1,207;219;216;154;174;221;162;159,
2Q7WA,PF00155,208,60,8,C8_sub,10,1.3629006147384644,1.4940499067306519,0.9122189349891434,-0.033599619691982774,0.9458185546811262,208,1,207;219;216;154;174;221;162;159,207:W;219:G;216:W;154:R;174:L;221:D;162:L;159:E
2Q7WA,PF00155,208,60,8,C8,11,1.3487341403961182,1.4940499067306519,0.9027370065217432,-0.04308154815938303,0.9458185546811262,208,1,231;184;223;244;160;229;266;251,
2Q7WA,PF00155,208,60,8,C8_sub,11,1.3547919988632202,1.4940499067306519,0.90679166255419,-0.03902689212693622,0.9458185546811262,208,1,231;184;223;244;160;229;266;251,231:M;184:Q;223:E;244:Q;160:I;229:I;266:N;251:C
2Q7WA,PF00155,208,60,8,C8,12,1.3462915420532227,1.4940499067306519,0.9011021224848099,-0.04471643219631627,0.9458185546811262,208,1,193;173;180;238;239;188;248;198,
2Q7WA,PF00155,208,60,8,C8_sub,12,1.3423714637756348,1.4940499067306519,0.8984783290894701,-0.04734022559165607,0.9458185546811262,208,1,193;173;180;238;239;188;248;198,193:M;173:A;180:Y;238:V;239:M;188:V;248:G;198:C
2Q7WA,PF00155,208,60,8,C8,13,1.3611642122268677,1.4940499067306519,0.9110567231354603,-0.03476183154566592,0.9458185546811262,208,1,255;164;257;212;160;215;203;235,
2Q7WA,PF00155,208,60,8,C8_sub,13,1.3899730443954468,1.4940499067306519,0.9303390992052262,-0.015479455475900017,0.9458185546811262,208,1,255;164;257;212;160;215;203;235,255:G;164:T;257:T;212:V;160:F;215:G;203:H;235:H
2Q7WA,PF00155,208,60,8,C8,14,1.3205204010009766,1.4940499067306519,0.8838529389494086,-0.06196561573171755,0.9458185546811262,208,1,205;188;243;239;211;185;266;169,
2Q7WA,PF00155,208,60,8,C8_sub,14,1.4120677709579468,1.4940499067306519,0.9451275788021686,-0.0006909758789576115,0.9458185546811262,208,1,205;188;243;239;211;185;266;169,205:A;188:M;243:T;239:L;211:I;185:G;266:C;169:C
2Q7WA,PF00155,208,60,8,C8,15,1.348265290260315,1.4940499067306519,0.9024231949591635,-0.043395359721962734,0.9458185546811262,208,1,247;234;237;216;180;174;203;170,
2Q7WA,PF00155,208,60,8,C8_sub,15,1.3250668048858643,1.4940499067306519,0.8868959456551461,-0.05892260902598012,0.9458185546811262,208,1,247;234;237;216;180;174;203;170,247:I;234:R;237:V;216:M;180:Y;174:M;203:H;170:V
2Q7WA,PF00155,208,60,8,C8,16,1.343665599822998,1.4940499067306519,0.8993445224084036,-0.04647403227272262,0.9458185546811262,208,1,154;160;242;209;148;188;171;251,
2Q7WA,PF00155,208,60,8,C8_sub,16,1.4054049253463745,1.4940499067306519,0.9406679917552055,-0.005150562925920643,0.9458185546811262,208,1,154;160;242;209;148;188;171;251,154:R;160:P;242:Y;209:M;148:Q;188:F;171:G;251:T
2Q7WA,PF00155,208,60,8,C8,17,1.3336632251739502,1.4940499067306519,0.8926497161613114,-0.0531688385198148,0.9458185546811262,208,1,224;149;214;243;209;215;155;235,
2Q7WA,PF00155,208,60,8,C8_sub,17,1.293656587600708,1.4940499067306519,0.8658724061176419,-0.07994614856348425,0.9458185546811262,208,1,224;149;214;243;209;215;155;235,224:L;149:T;214:Y;243:N;209:A;215:G;155:C;235:H
2Q7WA,PF00155,208,60,8,C8,18,1.3787157535552979,1.4940499067306519,0.9228043503394519,-0.023014204341674338,0.9458185546811262,208,1,260;173;256;241;181;200;204;169,
2Q7WA,PF00155,208,60,8,C8_sub,18,1.3726881742477417,1.4940499067306519,0.9187699608050715,-0.02704859387605474,0.9458185546811262,208,1,260;173;256;241;181;200;204;169,260:A;173:W;256:F;241:C;181:K;200:Y;204:G;169:N
2Q7WA,PF00155,208,60,8,C8,19,1.4211881160736084,1.4940499067306519,0.951232023556373,0.005413468875246852,0.9458185546811262,208,1,212;260;205;247;241;237;233;251,
2Q7WA,PF00155,208,60,8,C8_sub,19,1.4206668138504028,1.4940499067306519,0.9508831046743083,0.005064549993182066,0.9458185546811262,208,1,212;260;205;247;241;237;233;251,212:P;260:M;205:F;247:P;241:Q;237:P;233:V;251:Q
4DQ6A,PF00155,200,60,8,C0,0,1.5969477891921997,1.6635879278182983,0.959941919803726,-7.165794335683984e-08,0.9599419914616694,200,1,,
4DQ6A,PF00155,200,60,8,C7,0,1.5397307872772217,1.6635879278182983,0.9255481850583586,-0.0343938064033108,0.9599419914616694,200,1,177;202;247;237;245;205;243;236,
4DQ6A,PF00155,200,60,8,C7_sub,0,1.5474886894226074,1.6635879278182983,0.9302115406980931,-0.029730450763576277,0.9599419914616694,200,1,177;202;247;237;245;205;243;236,177:G;202:E;247:Y;237:R;245:T;205:R;243:G;236:S
4DQ6A,PF00155,200,60,8,C8,0,1.5733977556228638,1.6635879278182983,0.9457857497717516,-0.014156241689917803,0.9599419914616694,200,1,239;205;235;249;242;247;166;176,
4DQ6A,PF00155,200,60,8,C8_sub,0,1.5585179328918457,1.6635879278182983,0.9368413336202518,-0.02310065784141757,0.9599419914616694,200,1,239;205;235;249;242;247;166;176,239:V;205:K;235:L;249:W;242:F;247:C;166:A;176:M
4DQ6A,PF00155,200,60,8,C8,1,1.5565258264541626,1.6635879278182983,0.9356438577283128,-0.02429813373335654,0.9599419914616694,200,1,241;202;177;150;208;170;153;237,
4DQ6A,PF00155,200,60,8,C8_sub,1,1.5491706132888794,1.6635879278182983,0.9312225626213393,-0.028719428840330075,0.9599419914616694,200,1,241;202;177;150;208;170;153;237,241:V;202:E;177:G;150:Q;208:P;170:T;153:E;237:H
4DQ6A,PF00155,200,60,8,C8,2,1.5995690822601318,1.6635879278182983,0.9615176063208613,0.0015756148591918873,0.9599419914616694,200,1,142;177;191;257;236;220;189;230,
4DQ6A,PF00155,200,60,8,C8_sub,2,1.593459963798523,1.6635879278182983,0.9578453516961113,-0.0020966397655580726,0.9599419914616694,200,1,142;177;191;257;236;220;189;230,142:M;177:G;191:V;257:N;236:Y;220:C;189:G;230:W
4DQ6A,PF00155,200,60,8,C8,3,1.5829803943634033,1.6635879278182983,0.9515459735509098,-0.008396017910759612,0.9599419914616694,200,1,216;235;238;169;161;170;192;230,
4DQ6A,PF00155,200,60,8,C8_sub,3,1.5897438526153564,1.6635879278182983,0.9556115586269106,-0.004330432834758757,0.9599419914616694,200,1,216;235;238;169;161;170;192;230,216:P;235:M;238:C;169:V;161:F;170:Y;192:N;230:P
4DQ6A,PF00155,200,60,8,C8,4,1.5756831169128418,1.6635879278182983,0.9471595042044223,-0.012782487257247066,0.9599419914616694,200,1,233;202;249;209;240;246;203;210,
4DQ6A,PF00155,200,60,8,C8_sub,4,1.5444886684417725,1.6635879278182983,0.9284081968948177,-0.03153379456685168,0.9599419914616694,200,1,233;202;249;209;240;246;203;210,233:A;202:E;249:P;209:F;240:Q;246:N;203:D;210:V
4DQ6A,PF00155,200,60,8,C8,5,1.5364952087402344,1.6635879278182983,0.9236032451589505,-0.03633874630271883,0.9599419914616694,200,1,167;197;192;251;239;233;232;257,
4DQ6A,PF00155,200,60,8,C8_sub,5,1.5209128856658936,1.6635879278182983,0.9142365487470716,-0.045705442714597755,0.9599419914616694,200,1,167;197;192;251;239;233;232;257,167:P;197:F;192:N;251:I;239:P;233:W;232:N;257:T
4DQ6A,PF00155,200,60,8,C8,6,1.5859453678131104,1.6635879278182983,0.9533282499188295,-0.0066137415428398905,0.9599419914616694,200,1,207;178;161;144;237;243;176;166,
4DQ6A,PF00155,200,60,8,C8_sub,6,1.5828394889831543,1.6635879278182983,0.9514612738618264,-0.008480717599842924,0.9599419914616694,200,1,207;178;161;144;237;243;176;166,207:E;178:H;161:M;144:H;237:R;243:G;176:P;166:V
4DQ6A,PF00155,200,60,8,C8,7,1.5781004428863525,1.6635879278182983,0.9486125839804225,-0.01132940748124689,0.9599419914616694,200,1,237;244;217;216;141;152;142;248,
4DQ6A,PF00155,200,60,8,C8_sub,7,1.595644235610962,1.6635879278182983,0.95915834019279,-0.0007836512688793595,0.9599419914616694,200,1,237;244;217;216;141;152;142;248,237:H;244:F;217:A;216:L;141:L;152:W;142:P;248:T
4DQ6A,PF00155,200,60,8,C8,8,1.572411298751831,1.6635879278182983,0.9451927802902247,-0.014749211171444676,0.9599419914616694,200,1,222;218;192;249;241;210;230;245,
4DQ6A,PF00155,200,60,8,C8_sub,8,1.5880563259124756,1.6635879278182983,0.9545971687803252,-0.005344822681344175,0.9599419914616694,200,1,222;218;192;249;241;210;230;245,222:T;218:L;192:Q;249:M;241:W;210:M;230:F;245:Y
4DQ6A,PF00155,200,60,8,C8,9,1.5858932733535767,1.6635879278182983,0.9532969353975693,-0.006645056064100041,0.9599419914616694,200,1,210;204;179;153;185;237;161;230,
4DQ6A,PF00155,200,60,8,C8_sub,9,1.5963541269302368,1.6635879278182983,0.9595850632456592,-0.0003569282160101883,0.9599419914616694,200,1,210;204;179;153;185;237;161;230,210:W;204:F;179:F;153:E;185:V;237:R;161:W;230:W
4DQ6A,PF00155,200,60,8,C8,10,1.5792200565338135,1.6635879278182983,0.9492855953847125,-0.010656396076956898,0.9599419914616694,200,1,142;231;239;153;167;229;150;201,
4DQ6A,PF00155,200,60,8,C8_sub,10,1.5954033136367798,1.6635879278182983,0.959013519489205,-0.0009284719724643731,0.9599419914616694,200,1,142;231;239;153;167;229;150;201,142:P;231:Y;239:L;153:E;167:P;229:Y;150:T;201:T
4DQ6A,PF00155,200,60,8,C8,11,1.5668545961380005,1.6635879278182983,0.9418525885751298,-0.018089402886539596,0.9599419914616694,200,1,164;220;189;192;142;241;239;218,
4DQ6A,PF00155,200,60,8,C8_sub,11,1.5570229291915894,1.6635879278182983,0.9359426713522363,-0.023999320109433064,0.9599419914616694,200,1,164;220;189;192;142;241;239;218,164:P;220:Y;189:G;192:Y;142:P;241:V;239:I;218:F
4DQ6A,PF00155,200,60,8,C8,12,1.5426818132400513,1.6635879278182983,0.927322077446902,-0.03261991401476738,0.9599419914616694,200,1,234;156;153;247;171;202;189;169,
4DQ6A,PF00155,200,60,8,C8_sub,12,1.556273102760315,1.6635879278182983,0.9354919428883325,-0.02445004857333688,0.9599419914616694,200,1,234;156;153;247;171;202;189;169,234:L;156:E;153:E;247:N;171:Y;202:E;189:G;169:M
4DQ6A,PF00155,200,60,8,C8,13,1.6001458168029785,1.6635879278182983,0.9618642874509672,0.0019222959892978286,0.9599419914616694,200,1,203;257;225;198;152;231;251;250,
4DQ6A,PF00155,200,60,8,C8_sub,13,1.5909510850906372,1.6635879278182983,0.95633723861959,-0.003604752842079395,0.9599419914616694,200,1,203;257;225;198;152;231;251;250,203:D;257:S;225:M;198:H;152:L;231:S;251:W;250:L
4DQ6A,PF00155,200,60,8,C8,14,1.5895984172821045,1.6635879278182983,0.9555241359359785,-0.00441785552569085,0.9599419914616694,200,1,247;260;144;170;201;231;164;203,
4DQ6A,PF00155,200,60,8,C8_sub,14,1.5431363582611084,1.6635879278182983,0.9275953091850364,-0.032346682276632954,0.9599419914616694,200,1,247;260;144;170;201;231;164;203,247:Q;260:M;144:H;170:Y;201:N;231:Y;164:M;203:D
4DQ6A,PF00155,200,60,8,C8,15,1.5985788106918335,1.6635879278182983,0.960922343785146,0.0009803523234765965,0.9599419914616694,200,1,231;148;203;179;248;233;207;246,
4DQ6A,PF00155,200,60,8,C8_sub,15,1.5605285167694092,1.6635879278182983,0.9380499164934156,-0.02189207496825374,0.9599419914616694,200,1,231;148;203;179;248;233;207;246,231:N;148:G;203:D;179:F;248:T;233:A;207:E;246:T
4DQ6A,PF00155,200,60,8,C8,16,1.5649878978729248,1.6635879278182983,0.940730496839634,-0.01921149462203542,0.9599419914616694,200,1,167;225;250;177;249;185;260;180,
4DQ6A,PF00155,200,60,8,C8_sub,16,1.5939946174621582,1.6635879278182983,0.9581667375722016,-0.0017752538894677539,0.9599419914616694,200,1,167;225;250;177;249;185;260;180,167:A;225:P;250:L;177:G;249:M;185:A;260:V;180:P
4DQ6A,PF00155,200,60,8,C8,17,1.5855997800827026,1.6635879278182983,0.9531205135409507,-0.006821477920718633,0.9599419914616694,200,1,210;218;142;257;150;173;203;237,
4DQ6A,PF00155,200,60,8,C8_sub,17,1.5542593002319336,1.6635879278182983,0.9342814252506971,-0.025660566210972235,0.9599419914616694,200,1,210;218;142;257;150;173;203;237,210:I;218:L;142:W;257:Q;150:C;173:R;203:D;237:H
4DQ6A,PF00155,200,60,8,C8,18,1.584751009941101,1.6635879278182983,0.9526103089840359,-0.007331682477633494,0.9599419914616694,200,1,246;232;150;250;213;228;257;208,
4DQ6A,PF00155,200,60,8,C8_sub,18,1.5867741107940674,1.6635879278182983,0.9538264159412554,-0.006115575520413974,0.9599419914616694,200,1,246;232;150;250;213;228;257;208,246:Q;232:Q;150:Q;250:M;213:R;228:C;257:N;208:M
4DQ6A,PF00155,200,60,8,C8,19,1.5718213319778442,1.6635879278182983,0.9448381451284028,-0.015103846333266557,0.9599419914616694,200,1,226;217;231;142;229;144;252;232,
4DQ6A,PF00155,200,60,8,C8_sub,19,1.580947995185852,1.6635879278182983,0.9503242772741061,-0.009617714187563298,0.9599419914616694,200,1,226;217;231;142;229;144;252;232,226:D;217:M;231:Y;142:M;229:Y;144:R;252:M;232:N
3G7QA,PF00155,216,60,8,C0,0,1.374168038368225,1.43405282497406,0.9582408781859775,0.0,0.9582408781859775,216,1,,
3G7QA,PF00155,216,60,8,C7,0,0.7022972106933594,1.43405282497406,0.4897289684611604,-0.4685119097248171,0.9582408781859775,216,1,193;218;258;249;256;221;254;248,
3G7QA,PF00155,216,60,8,C7_sub,0,1.072014331817627,1.43405282497406,0.7475417314819056,-0.21069914670407186,0.9582408781859775,216,1,193;218;258;249;256;221;254;248,193:G;218:E;258:G;249:R;256:H;221:C;254:G;248:T
3G7QA,PF00155,216,60,8,C8,0,1.0721924304962158,1.43405282497406,0.7476659240328962,-0.21057495415308125,0.9582408781859775,216,1,213;200;196;248;255;156;239;159,
3G7QA,PF00155,216,60,8,C8_sub,0,1.3162237405776978,1.43405282497406,0.9178349065359613,-0.04040597165001614,0.9582408781859775,216,1,213;200;196;248;255;156;239;159,213:F;200:D;196:A;248:T;255:N;156:S;239:I;159:V
3G7QA,PF00155,216,60,8,C8,1,1.1623255014419556,1.43405282497406,0.8105179120322714,-0.14772296615370606,0.9582408781859775,216,1,242;222;214;255;248;211;159;275,
3G7QA,PF00155,216,60,8,C8_sub,1,1.3228744268417358,1.43405282497406,0.9224725922252304,-0.035768285960747104,0.9582408781859775,216,1,242;222;214;255;248;211;159;275,242:M;222:G;214:M;255:Q;248:T;211:R;159:A;275:G
3G7QA,PF00155,216,60,8,C8,2,1.188904881477356,1.43405282497406,0.8290523617906903,-0.12918851639528717,0.9582408781859775,216,1,243;237;266;177;251;211;271;203,
3G7QA,PF00155,216,60,8,C8_sub,2,1.3468644618988037,1.43405282497406,0.9392014285967231,-0.01903944958925441,0.9582408781859775,216,1,243;237;266;177;251;211;271;203,243:M;237:P;266:Q;177:G;251:G;211:R;271:V;203:H
3G7QA,PF00155,216,60,8,C8,3,1.2066981792449951,1.43405282497406,0.841460062161115,-0.11678081602486245,0.9582408781859775,216,1,233;270;221;158;156;157;275;234,
3G7QA,PF00155,216,60,8,C8_sub,3,1.3282392024993896,1.43405282497406,0.9262135810955329,-0.032027297090444606,0.9582408781859775,216,1,233;270;221;158;156;157;275;234,233:P;270:W;221:C;158:D;156:Q;157:V;275:G;234:H
3G7QA,PF00155,216,60,8,C8,4,1.1846410036087036,1.43405282497406,0.8260790557908019,-0.1321618223951756,0.9582408781859775,216,1,170;266;270;157;248;218;162;275,
3G7QA,PF00155,216,60,8,C8_sub,4,1.2746621370315552,1.43405282497406,0.8888529870262011,-0.0693878911597764,0.9582408781859775,216,1,170;266;270;157;248;218;162;275,170:E;266:C;270:A;157:W;248:Q;218:E;162:D;275:G
3G7QA,PF00155,216,60,8,C8,5,1.2473297119140625,1.43405282497406,0.8697934205712575,-0.08844745761471995,0.9582408781859775,216,1,195;267;189;199;249;157;209;268,
3G7QA,PF00155,216,60,8,C8_sub,5,1.3050199747085571,1.43405282497406,0.9100222474246463,-0.04821863076133115,0.9582408781859775,216,1,195;267;189;199;249;157;209;268,195:L;267:W;189:Y;199:D;249:H;157:L;209:Y;268:Q
3G7QA,PF00155,216,60,8,C8,6,1.2189136743545532,1.43405282497406,0.8499782247398046,-0.10826265344617292,0.9582408781859775,216,1,233;262;187;238;186;218;172;256,
3G7QA,PF00155,216,60,8,C8_sub,6,1.294101357460022,1.43405282497406,0.902408429398987,-0.05583244878699045,0.9582408781859775,216,1,233;262;187;238;186;218;172;256,233:P;262:L;187:K;238:C;186:T;218:E;172:D;256:H
3G7QA,PF00155,216,60,8,C8,7,1.081862211227417,1.43405282497406,0.754408897905826,-0.20383198028015148,0.9582408781859775,216,1,258;196;188;248;156;211;271;254,
3G7QA,PF00155,216,60,8,C8_sub,7,1.3264567852020264,1.43405282497406,0.9249706580550965,-0.03327022013088099,0.9582408781859775,216,1,258;196;188;248;156;211;271;254,258:G;196:P;188:F;248:Q;156:Y;211:K;271:P;254:G
3G7QA,PF00155,216,60,8,C8,8,-0.28732630610466003,1.43405282497406,-0.2003596388507218,-1.1586005170366993,0.9582408781859775,258,0,215;181;198;190;218;236;271;234,
3G7QA,PF00155,216,60,8,C8_sub,8,-0.30784815549850464,1.43405282497406,-0.2146700247977777,-1.1729109029837552,0.9582408781859775,258,0,215;181;198;190;218;236;271;234,215:P;181:G;198:E;190:S;218:E;236:F;271:L;234:K
3G7QA,PF00155,216,60,8,C8,9,1.174506425857544,1.43405282497406,0.8190119676231515,-0.13922891056282594,0.9582408781859775,216,1,261;247;246;252;263;218;206;173,
3G7QA,PF00155,216,60,8,C8_sub,9,1.2562508583068848,1.43405282497406,0.8760143534667968,-0.08222652471918068,0.9582408781859775,216,1,261;247;246;252;263;218;206;173,261:M;247:M;246:Y;252:F;263:C;218:E;206:K;173:K
3G7QA,PF00155,216,60,8,C8,10,0.453284353017807,1.43405282497406,0.3160862313604147,-0.6421546468255628,0.9582408781859775,216,1,267;246;244;207;190;269;256;232,
3G7QA,PF00155,216,60,8,C8_sub,10,0.855334997177124,1.43405282497406,0.596445948351028,-0.36179492983494943,0.9582408781859775,216,1,267;246;244;207;190;269;256;232,267:P;246:Y;244:Y;207:I;190:S;269:W;256:H;232:D
3G7QA,PF00155,216,60,8,C8,11,1.273274302482605,1.43405282497406,0.8878852161569687,-0.07035566202900878,0.9582408781859775,216,1,163;237;259;240;223;186;265;159,
3G7QA,PF00155,216,60,8,C8_sub,11,1.411768913269043,1.43405282497406,0.9844608850406747,0.026220006854697275,0.9582408781859775,216,1,163;237;259;240;223;186;265;159,163:G;237:M;259:A;240:C;223:W;186:N;265:H;159:P
3G7QA,PF00155,216,60,8,C8,12,1.1642552614212036,1.43405282497406,0.8118635807173026,-0.1463772974686749,0.9582408781859775,216,1,217;163;194;157;199;160;265;173,
3G7QA,PF00155,216,60,8,C8_sub,12,1.1543655395507812,1.43405282497406,0.8049672365253784,-0.1532736416605991,0.9582408781859775,216,1,217;163;194;157;199;160;265;173,217:P;163:G;194:S;157:A;199:D;160:M;265:R;173:R
3G7QA,PF00155,216,60,8,C8,13,1.1777002811431885,1.43405282497406,0.8212391207865661,-0.13700175739941134,0.9582408781859775,216,1,261;164;187;249;240;211;239;254,
3G7QA,PF00155,216,60,8,C8_sub,13,1.3667936325073242,1.43405282497406,0.9530985251760495,-0.005142353009927936,0.9582408781859775,216,1,261;164;187;249;240;211;239;254,261:M;164:C;187:H;249:H;240:Q;211:R;239:L;254:G
3G7QA,PF00155,216,60,8,C8,14,0.6723828911781311,1.43405282497406,0.4688689840908012,-0.4893718940951763,0.9582408781859775,216,1,266;224;185;218;199;249;206;203,
3G7QA,PF00155,216,60,8,C8_sub,14,1.1783862113952637,1.43405282497406,0.8217174366757228,-0.13652344151025464,0.9582408781859775,216,1,266;224;185;218;199;249;206;203,266:C;224:W;185:M;218:E;199:D;249:H;206:K;203:H
3G7QA,PF00155,216,60,8,C8,15,1.055572271347046,1.43405282497406,0.7360762818246529,-0.22216459636132457,0.9582408781859775,216,1,168;226;163;248;218;253;212;175,
3G7QA,PF00155,216,60,8,C8_sub,15,1.0724900960922241,1.43405282497406,0.7478734935106899,-0.2103673846752876,0.9582408781859775,216,1,168;226;163;248;218;253;212;175,168:K;226:L;163:G;248:T;218:E;253:A;212:Y;175:K
3G7QA,PF00155,216,60,8,C8,16,1.2848869562149048,1.43405282497406,0.8959830027447884,-0.0622578754411891,0.9582408781859775,216,1,224;181;196;253;248;263;209;271,
3G7QA,PF00155,216,60,8,C8_sub,16,1.4219236373901367,1.43405282497406,0.9915420217632899,0.0333011435773124,0.9582408781859775,216,1,224;181;196;253;248;263;209;271,224:L;181:G;196:M;253:L;248:Q;263:T;209:S;271:W
3G7QA,PF00155,216,60,8,C8,17,1.1299254894256592,1.43405282497406,0.7879245936746423,-0.17031628451133518,0.9582408781859775,216,1,228;208;259;248;223;236;203;178,
3G7QA,PF00155,216,60,8,C8_sub,17,1.3159537315368652,1.43405282497406,0.9176466226484153,-0.04059425553756213,0.9582408781859775,216,1,228;208;259;248;223;236;203;178,228:F;208:M;259:W;248:N;223:P;236:W;203:H;178:D
3G7QA,PF00155,216,60,8,C8,18,1.1678930521011353,1.43405282497406,0.8144003008552079,-0.1438405773307696,0.9582408781859775,216,1,163;197;261;249;176;274;254;256,
3G7QA,PF00155,216,60,8,C8_sub,18,1.3844707012176514,1.43405282497406,0.9654251761909081,0.007184298004930589,0.9582408781859775,216,1,163;197;261;249;176;274;254;256,163:G;197:S;261:V;249:R;176:M;274:T;254:G;256:K
3G7QA,PF00155,216,60,8,C8,19,1.2538293600082397,1.43405282497406,0.8743257836620626,-0.08391509452391488,0.9582408781859775,216,1,224;242;168;160;236;199;272;271,
3G7QA,PF00155,216,60,8,C8_sub,19,1.4270967245101929,1.43405282497406,0.9951493415425663,0.036908463356588816,0.9582408781859775,216,1,224;242;168;160;236;199;272;271,224:F;242:V;168:R;160:I;236:I;199:D;272:Q;271:P
3LY1A,PF00155,176,60,8,C0,0,1.4256937503814697,1.3892344236373901,1.026244186095403,-3.432373616440998e-07,1.0262445293327647,176,1,,
3LY1A,PF00155,176,60,8,C7,0,1.3490278720855713,1.3892344236373901,0.9710584830985204,-0.05518604623424428,1.0262445293327647,176,1,154;178;222;212;220;181;218;211,
3LY1A,PF00155,176,60,8,C7_sub,0,1.4393212795257568,1.3892344236373901,1.0360535666523623,0.009809037319597591,1.0262445293327647,176,1,154;178;222;212;220;181;218;211,154:G;178:E;222:G;212:H;220:H;181:Q;218:G;211:Q
3LY1A,PF00155,176,60,8,C8,0,1.3304049968719482,1.3892344236373901,0.9576533479415155,-0.0685911813912492,1.0262445293327647,176,1,151;173;223;201;128;175;222;150,
3LY1A,PF00155,176,60,8,C8_sub,0,1.2739397287368774,1.3892344236373901,0.9170084667218078,-0.10923606261095686,1.0262445293327647,176,1,151;173;223;201;128;175;222;150,151:S;173:S;223:C;201:P;128:P;175:P;222:G;150:S
3LY1A,PF00155,176,60,8,C8,1,1.4104260206222534,1.3892344236373901,1.0152541548239051,-0.010990374508859535,1.0262445293327647,176,1,201;150;217;146;118;225;200;154,
3LY1A,PF00155,176,60,8,C8_sub,1,1.4021424055099487,1.3892344236373901,1.0092914353783158,-0.016953093954448883,1.0262445293327647,176,1,201;150;217;146;118;225;200;154,201:I;150:Q;217:W;146:W;118:I;225:M;200:G;154:G
3LY1A,PF00155,176,60,8,C8,2,1.4433131217956543,1.3892344236373901,1.038926978224936,0.012682448892171294,1.0262445293327647,176,1,197;190;163;222;156;226;212;221,
3LY1A,PF00155,176,60,8,C8_sub,2,1.425679087638855,1.3892344236373901,1.026233631546534,-1.0897786230756878e-05,1.0262445293327647,176,1,197;190;163;222;156;226;212;221,197:V;190:W;163:D;222:G;156:V;226:F;212:H;221:L
3LY1A,PF00155,176,60,8,C8,3,1.488720417022705,1.3892344236373901,1.0716120992199674,0.0453675698872027,1.0262445293327647,176,1,184;232;187;156;153;209;231;135,
3LY1A,PF00155,176,60,8,C8_sub,3,1.4942903518676758,1.3892344236373901,1.0756214548407323,0.049376925507967684,1.0262445293327647,176,1,184;232;187;156;153;209;231;135,184:A;232:W;187:E;156:A;153:Y;209:Q;231:W;135:A
3LY1A,PF00155,176,60,8,C8,4,1.395870566368103,1.3892344236373901,1.0047768343612864,-0.02146769497147827,1.0262445293327647,176,1,211;151;193;230;134;190;208;132,
3LY1A,PF00155,176,60,8,C8_sub,4,1.3811320066452026,1.3892344236373901,0.994167710751816,-0.032076818580948685,1.0262445293327647,176,1,211;151;193;230;134;190;208;132,211:N;151:T;193:F;230:A;134:W;190:I;208:R;132:H
3LY1A,PF00155,176,60,8,C8,5,1.443326711654663,1.3892344236373901,1.0389367604897413,0.012692231156976597,1.0262445293327647,176,1,118;162;144;175;219;204;217;187,
3LY1A,PF00155,176,60,8,C8_sub,5,1.4137920141220093,1.3892344236373901,1.0176770673593882,-0.008567461973376433,1.0262445293327647,176,1,118;162;144;175;219;204;217;187,118:L;162:P;144:A;175:A;219:F;204:L;217:V;187:E
3LY1A,PF00155,176,60,8,C8,6,1.4514622688293457,1.3892344236373901,1.044792904734556,0.01854837540179144,1.0262445293327647,176,1,145;153;219;182;159;201;131;165,
3LY1A,PF00155,176,60,8,C8_sub,6,1.445440649986267,1.3892344236373901,1.0404584175230225,0.014213888190257817,1.0262445293327647,176,1,145;153;219;182;159;201;131;165,145:N;153:Q;219:P;182:P;159:V;201:F;131:W;165:M
3LY1A,PF00155,176,60,8,C8,7,1.4348804950714111,1.3892344236373901,1.032856997103849,0.006612467771084374,1.0262445293327647,176,1,154;166;128;231;223;144;225;226,
3LY1A,PF00155,176,60,8,C8_sub,7,1.4317516088485718,1.3892344236373901,1.0306047593464178,0.004360230013653155,1.0262445293327647,176,1,154;166;128;231;223;144;225;226,154:G;166:A;128:W;231:W;223:N;144:F;225:M;226:M
3LY1A,PF00155,176,60,8,C8,8,1.4652904272079468,1.3892344236373901,1.0547467024114054,0.02850217307864078,1.0262445293327647,176,1,222;170;132;131;166;205;213;192,
3LY1A,PF00155,176,60,8,C8_sub,8,1.4205080270767212,1.3892344236373901,1.0225113939787414,-0.003733135354023309,1.0262445293327647,176,1,222;170;132;131;166;205;213;192,222:G;170:F;132:R;131:V;166:L;205:M;213:F;192:Y
3LY1A,PF00155,176,60,8,C8,9,1.4496026039123535,1.3892344236373901,1.0434542790243444,0.017209749691579734,1.0262445293327647,176,1,224;232;221;214;201;212;175;230,
3LY1A,PF00155,176,60,8,C8_sub,9,1.407790184020996,1.3892344236373901,1.0133568244983608,-0.012887704834403824,1.0262445293327647,176,1,224;232;221;214;201;212;175;230,224:W;232:F;221:F;214:K;201:I;212:H;175:L;230:W
3LY1A,PF00155,176,60,8,C8,10,1.433604121208191,1.3892344236373901,1.0319382364962055,0.005693707163440864,1.0262445293327647,176,1,205;208;226;131;185;213;145;193,
3LY1A,PF00155,176,60,8,C8_sub,10,1.422500729560852,1.3892344236373901,1.0239457829128376,-0.0022987464199271113,1.0262445293327647,176,1,205;208;226;131;185;213;145;193,205:W;208:H;226:I;131:W;185:L;213:P;145:C;193:A
3LY1A,PF00155,176,60,8,C8,11,1.404820203781128,1.3892344236373901,1.0112189705916803,-0.015025558741084355,1.0262445293327647,176,1,203;156;154;177;179;128;142;211,
3LY1A,PF00155,176,60,8,C8_sub,11,1.3625608682632446,1.3892344236373901,0.9807998168485439,-0.04544471248422077,1.0262445293327647,176,1,203;156;154;177;179;128;142;211,203:Y;156:F;154:G;177:M;179:D;128:P;142:Q;211:Y
3LY1A,PF00155,176,60,8,C8,12,1.417219877243042,1.3892344236373901,1.020144514942538,-0.00610001439022656,1.0262445293327647,176,1,206;145;126;118;231;151;230;210,
3LY1A,PF00155,176,60,8,C8_sub,12,1.403996229171753,1.3892344236373901,1.010625856430848,-0.015618672901916764,1.0262445293327647,176,1,206;145;126;118;231;151;230;210,206:W;145:C;126:V;118:W;231:P;151:S;230:L;210:W
3LY1A,PF00155,176,60,8,C8,13,1.4502474069595337,1.3892344236373901,1.0439184217465582,0.01767389241379358,1.0262445293327647,176,1,152;148;210;159;157;134;219;226,
3LY1A,PF00155,176,60,8,C8_sub,13,1.4189661741256714,1.3892344236373901,1.0214015359700312,-0.0048429933627334165,1.0262445293327647,176,1,152;148;210;159;157;134;219;226,152:V;148:C;210:A;159:M;157:Y;134:M;219:W;226:M
3LY1A,PF00155,176,60,8,C8,14,1.4448240995407104,1.3892344236373901,1.040014611614483,0.013770082281718388,1.0262445293327647,176,1,143;197;128;181;184;151;213;177,
3LY1A,PF00155,176,60,8,C8_sub,14,1.4023001194000244,1.3892344236373901,1.0094049611356626,-0.016839568197102084,1.0262445293327647,176,1,143;197;128;181;184;151;213;177,143:P;197:F;128:P;181:C;184:M;151:C;213:V;177:I
3LY1A,PF00155,176,60,8,C8,15,1.4696162939071655,1.3892344236373901,1.0578605517557749,0.031616022423010204,1.0262445293327647,176,1,221;162;155;232;135;131;165;194,
3LY1A,PF00155,176,60,8,C8_sub,15,1.4501214027404785,1.3892344236373901,1.0438277212737572,0.01758319194099256,1.0262445293327647,176,1,221;162;155;232;135;131;165;194,221:M;162:F;155:N;232:F;135:L;131:A;165:A;194:N
3LY1A,PF00155,176,60,8,C8,16,1.375443935394287,1.3892344236373901,0.9900733180747164,-0.03617121125804823,1.0262445293327647,176,1,135;213;178;209;198;163;152;210,
3LY1A,PF00155,176,60,8,C8_sub,16,1.3675527572631836,1.3892344236373901,0.984393082977718,-0.04185144635504667,1.0262445293327647,176,1,135;213;178;209;198;163;152;210,135:W;213:P;178:E;209:Q;198:Y;163:D;152:M;210:I
3LY1A,PF00155,176,60,8,C8,17,1.4714860916137695,1.3892344236373901,1.0592064712599205,0.03296194192715585,1.0262445293327647,176,1,181;213;231;148;206;232;153;179,
3LY1A,PF00155,176,60,8,C8_sub,17,1.4497730731964111,1.3892344236373901,1.0435769863811137,0.01733245704834907,1.0262445293327647,176,1,181;213;231;148;206;232;153;179,181:N;213:L;231:V;148:Y;206:F;232:P;153:Y;179:D
3LY1A,PF00155,176,60,8,C8,18,1.47331702709198,1.3892344236373901,1.0605244169190964,0.034279887586331714,1.0262445293327647,176,1,222;144;159;193;231;181;147;130,
3LY1A,PF00155,176,60,8,C8_sub,18,1.4854367971420288,1.3892344236373901,1.0692484809386993,0.04300395160593462,1.0262445293327647,176,1,222;144;159;193;231;181;147;130,222:G;144:P;159:M;193:P;231:L;181:T;147:F;130:G
3LY1A,PF00155,176,60,8,C8,19,1.4934731721878052,1.3892344236373901,1.0750332318123028,0.04878870247953815,1.0262445293327647,176,1,194;142;135;157;211;173;184;155,
3LY1A,PF00155,176,60,8,C8_sub,19,1.4660069942474365,1.3892344236373901,1.055262502356539,0.02901797302377429,1.0262445293327647,176,1,194;142;135;157;211;173;184;155,194:C;142:Y;135:W;157:Y;211:Y;173:S;184:M;155:Y
1BS0A,PF00155,201,60,8,C0,0,1.1977207660675049,1.3668041229248047,0.8762929127726944,-6.977402982055736e-07,0.8762936105129926,201,1,,
1BS0A,PF00155,201,60,8,C7,0,0.13383843004703522,1.3668041229248047,0.09792070992633257,-0.77837290058666,0.8762936105129926,201,1,181;203;242;235;206;241;234;232,
1BS0A,PF00155,201,60,8,C7_sub,0,0.6415164470672607,1.3668041229248047,0.46935507166490603,-0.40693853884808656,0.8762936105129926,201,1,181;203;242;235;206;241;234;232,181:G;203:E;242:V;235:R;206:R;241:G;234:G;232:Y
1BS0A,PF00155,201,60,8,C8,0,1.0968592166900635,1.3668041229248047,0.8024992010873585,-0.07379440942563409,0.8762936105129926,201,1,232;146;182;178;202;154;220;165,
1BS0A,PF00155,201,60,8,C8_sub,0,1.1955617666244507,1.3668041229248047,0.8747133159549483,-0.001580294558044315,0.8762936105129926,201,1,232;146;182;178;202;154;220;165,232:S;146:P;182:E;178:Y;202:M;154:W;220:F;165:N
1BS0A,PF00155,201,60,8,C8,1,1.118239164352417,1.3668041229248047,0.818141491964125,-0.05815211854886759,0.8762936105129926,201,1,222;198;158;233;202;184;236;156,
1BS0A,PF00155,201,60,8,C8_sub,1,1.1519252061843872,1.3668041229248047,0.8427873364322306,-0.03350627408076201,0.8762936105129926,201,1,222;198;158;233;202;184;236;156,222:T;198:G;158:V;233:M;202:F;184:V;236:G;156:R
1BS0A,PF00155,201,60,8,C8,2,-0.3157638907432556,1.3668041229248047,-0.23102351349918154,-1.1073171240121742,0.8762936105129926,381,0,237;203;220;205;189;206;170;165,
1BS0A,PF00155,201,60,8,C8_sub,2,-0.24925187230110168,1.3668041229248047,-0.18236107729008832,-1.058654687803081,0.8762936105129926,172,0,237;203;220;205;189;206;170;165,237:V;203:E;220:F;205:P;189:W;206:R;170:I;165:Y
1BS0A,PF00155,201,60,8,C8,3,1.0035028457641602,1.3668041229248047,0.7341965311143331,-0.14209707939865945,0.8762936105129926,201,1,149;227;196;167;231;233;186;238,
1BS0A,PF00155,201,60,8,C8_sub,3,1.2373366355895996,1.3668041229248047,0.9052772191979057,0.02898360868491312,0.8762936105129926,201,1,149;227;196;167;231;233;186;238,149:W;227:D;196:R;167:G;231:W;233:V;186:F;238:G
1BS0A,PF00155,201,60,8,C8,4,0.8979944586753845,1.3668041229248047,0.6570030362169079,-0.21929057429608467,0.8762936105129926,201,1,250;169;207;218;178;208;177;188,
1BS0A,PF00155,201,60,8,C8_sub,4,1.163467288017273,1.3668041229248047,0.8512319128271181,-0.025061697685874518,0.8762936105129926,201,1,250;169;207;218;178;208;177;188,250:P;169:T;207:G;218:C;178:Y;208:C;177:W;188:D
1BS0A,PF00155,201,60,8,C8,5,1.033608078956604,1.3668041229248047,0.7562225351975094,-0.12007107531548322,0.8762936105129926,201,1,251;154;244;200;158;233;232;179,
1BS0A,PF00155,201,60,8,C8_sub,5,1.066953420639038,1.3668041229248047,0.780619111944058,-0.09567449856893462,0.8762936105129926,201,1,251;154;244;200;158;233;232;179,251:W;154:L;244:L;200:P;158:M;233:W;232:Y;179:A
1BS0A,PF00155,201,60,8,C8,6,1.1283230781555176,1.3668041229248047,0.8255192234429576,-0.05077438707003501,0.8762936105129926,201,1,214;211;171;192;216;145;228;165,
1BS0A,PF00155,201,60,8,C8_sub,6,1.1973624229431152,1.3668041229248047,0.8760307368556194,-0.0002628736573732082,0.8762936105129926,201,1,214;211;171;192;216;145;228;165,214:T;211:W;171:F;192:F;216:K;145:Y;228:W;165:Q
1BS0A,PF00155,201,60,8,C8,7,1.165356993675232,1.3668041229248047,0.8526144852281401,-0.023679125284852498,0.8762936105129926,201,1,227;193;216;145;167;178;236;183,
1BS0A,PF00155,201,60,8,C8_sub,7,1.2291686534881592,1.3668041229248047,0.8993012479782975,0.023007637465304875,0.8762936105129926,201,1,227;193;216;145;167;178;236;183,227:D;193:Y;216:K;145:C;167:G;178:C;236:G;183:Y
1BS0A,PF00155,201,60,8,C8,8,0.9962611794471741,1.3668041229248047,0.7288982837681883,-0.14739532674480427,0.8762936105129926,201,1,189;153;236;161;172;178;244;159,
1BS0A,PF00155,201,60,8,C8_sub,8,1.1102802753448486,1.3668041229248047,0.8123185003049125,-0.06397511020808011,0.8762936105129926,201,1,189;153;236;161;172;178;244;159,189:P;153:E;236:G;161:W;172:W;178:N;244:L;159:K
1BS0A,PF00155,201,60,8,C8,9,1.1422626972198486,1.3668041229248047,0.835717918947696,-0.04057569156529661,0.8762936105129926,201,1,245;160;144;182;178;220;215;148,
1BS0A,PF00155,201,60,8,C8_sub,9,1.1829242706298828,1.3668041229248047,0.8654672976099603,-0.010826312903032265,0.8762936105129926,201,1,245;160;144;182;178;220;215;148,245:P;160:V;144:Q;182:E;178:T;220:M;215:G;148:K
1BS0A,PF00155,201,60,8,C8,10,0.6421477198600769,1.3668041229248047,0.46981693213359216,-0.40647667837940044,0.8762936105129926,201,1,189;202;228;144;219;227;246;159,
1BS0A,PF00155,201,60,8,C8_sub,10,1.1248341798782349,1.3668041229248047,0.8229666277792741,-0.0533269827337185,0.8762936105129926,201,1,189;202;228;144;219;227;246;159,189:V;202:M;228:W;144:N;219:S;227:D;246:N;159:H
1BS0A,PF00155,201,60,8,C8,11,0.5891535878181458,1.3668041229248047,0.4310446375867117,-0.4452489729262809,0.8762936105129926,201,1,227;209;206;245;215;236;152;239,
1BS0A,PF00155,201,60,8,C8_sub,11,1.1803687810897827,1.3668041229248047,0.8635976152632086,-0.012695995249784042,0.8762936105129926,201,1,227;209;206;245;215;236;152;239,227:D;209:G;206:R;245:I;215:G;236:G;152:S;239:I
1BS0A,PF00155,201,60,8,C8,12,1.111144781112671,1.3668041229248047,0.8129510018852942,-0.06334260862769836,0.8762936105129926,201,1,153;144;192;210;150;161;175;221,
1BS0A,PF00155,201,60,8,C8_sub,12,1.1170183420181274,1.3668041229248047,0.8172482971648021,-0.05904531334819052,0.8762936105129926,201,1,153;144;192;210;150;161;175;221,153:E;144:Q;192:A;210:W;150:F;161:I;175:G;221:I
1BS0A,PF00155,201,60,8,C8,13,1.0087121725082397,1.3668041229248047,0.7380078502760958,-0.13828576023689676,0.8762936105129926,201,1,189;193;214;184;204;222;177;255,
1BS0A,PF00155,201,60,8,C8_sub,13,1.167981505393982,1.3668041229248047,0.8545346665289792,-0.021758943984013346,0.8762936105129926,201,1,189;193;214;184;204;222;177;255,189:F;193:S;214:N;184:I;204:E;222:Y;177:W;255:W
1BS0A,PF00155,201,60,8,C8,14,1.152148723602295,1.3668041229248047,0.8429508693146376,-0.03334274119835501,0.8762936105129926,201,1,215;242;202;258;161;142;193;191,
1BS0A,PF00155,201,60,8,C8_sub,14,0.17454349994659424,1.3668041229248047,0.1277019120875134,-0.7485916984254792,0.8762936105129926,201,1,215;242;202;258;161;142;193;191,215:G;242:P;202:P;258:P;161:M;142:C;193:N;191:T
1BS0A,PF00155,201,60,8,C8,15,1.1517555713653564,1.3668041229248047,0.8426632258766757,-0.033630384636316846,0.8762936105129926,201,1,174;242;172;144;237;261;169;185,
1BS0A,PF00155,201,60,8,C8_sub,15,1.1743429899215698,1.3668041229248047,0.8591889431885894,-0.01710466732440319,0.8762936105129926,201,1,174;242;172;144;237;261;169;185,174:D;242:V;172:F;144:T;237:I;261:F;169:S;185:W
1BS0A,PF00155,201,60,8,C8,16,0.9415956139564514,1.3668041229248047,0.6889031121310524,-0.18739049838194022,0.8762936105129926,201,1,172;210;261;222;202;189;242;179,
1BS0A,PF00155,201,60,8,C8_sub,16,1.1591168642044067,1.3668041229248047,0.8480489960214849,-0.028244614491507725,0.8762936105129926,201,1,172;210;261;222;202;189;242;179,172:M;210:I;261:F;222:T;202:I;189:W;242:I;179:F
1BS0A,PF00155,201,60,8,C8,17,1.157601237297058,1.3668041229248047,0.8469401122524591,-0.02935349826053346,0.8762936105129926,201,1,235;229;150;224;202;158;193;238,
1BS0A,PF00155,201,60,8,C8_sub,17,1.1500564813613892,1.3668041229248047,0.8414201143177704,-0.034873496195222176,0.8762936105129926,201,1,235;229;150;224;202;158;193;238,235:H;229:W;150:F;224:M;202:W;158:V;193:Y;238:G
1BS0A,PF00155,201,60,8,C8,18,1.1599912643432617,1.3668041229248047,0.8486887366574611,-0.027604873855531453,0.8762936105129926,201,1,181;193;154;228;145;227;236;221,
1BS0A,PF00155,201,60,8,C8_sub,18,1.1918219327926636,1.3668041229248047,0.8719771273752824,-0.004316483137710159,0.8762936105129926,201,1,181;193;154;228;145;227;236;221,181:G;193:Q;154:A;228:W;145:T;227:D;236:G;221:V
1BS0A,PF00155,201,60,8,C8,19,1.059990406036377,1.3668041229248047,0.775524735591314,-0.10076887492167863,0.8762936105129926,201,1,184;160;235;211;237;258;154;183,
1BS0A,PF00155,201,60,8,C8_sub,19,1.039229393005371,1.3668041229248047,0.7603352781681247,-0.11595833234486785,0.8762936105129926,201,1,184;160;235;211;237;258;154;183,184:W;160:M;235:H;211:P;237:I;258:P;154:M;183:T
4WBTA,PF00155,194,60,8,C0,0,1.3669966459274292,1.3300347328186035,1.0277901863739274,3.585148165008434e-07,1.0277898278591109,194,1,,
4WBTA,PF00155,194,60,8,C7,0,-0.15294446051120758,1.3300347328186035,-0.11499283194438718,-1.142782659803498,1.0277898278591109,162,0,172;196;238;228;236;199;234;227,
4WBTA,PF00155,194,60,8,C7_sub,0,1.3127598762512207,1.3300347328186035,0.9870117252270744,-0.04077810263203652,1.0277898278591109,194,1,172;196;238;228;236;199;234;227,172:G;196:E;238:G;228:R;236:H;199:S;234:G;227:C
4WBTA,PF00155,194,60,8,C8,0,1.409893274307251,1.3300347328186035,1.060042448154276,0.03225262029516518,1.0277898278591109,194,1,183;181;174;188;191;162;235;179,
4WBTA,PF00155,194,60,8,C8_sub,0,1.351081132888794,1.3300347328186035,1.0158239477141993,-0.011965880144911623,1.0277898278591109,194,1,183;181;174;188;191;162;235;179,183:W;181:L;174:I;188:I;191:N;162:A;235:M;179:K
4WBTA,PF00155,194,60,8,C8,1,1.3834412097930908,1.3300347328186035,1.0401541972225856,0.012364369363474736,1.0277898278591109,194,1,254;166;226;221;239;173;182;234,
4WBTA,PF00155,194,60,8,C8_sub,1,1.3296246528625488,1.3300347328186035,0.9996916772577918,-0.02809815060131904,1.0277898278591109,194,1,254;166;226;221;239;173;182;234,254:K;166:Y;226:P;221:L;239:S;173:T;182:W;234:G
4WBTA,PF00155,194,60,8,C8,2,1.442972183227539,1.3300347328186035,1.084913158748568,0.0571233308894572,1.0277898278591109,194,1,247;187;239;198;140;225;235;216,
4WBTA,PF00155,194,60,8,C8_sub,2,1.4456257820129395,1.3300347328186035,1.086908293702508,0.059118465843397194,1.0277898278591109,194,1,247;187;239;198;140;225;235;216,247:V;187:M;239:S;198:I;140:S;225:N;235:I;216:E
4WBTA,PF00155,194,60,8,C8,3,1.4145355224609375,1.3300347328186035,1.063532769150517,0.035742941291406094,1.0277898278591109,194,1,215;198;177;162;140;211;143;245,
4WBTA,PF00155,194,60,8,C8_sub,3,1.434190273284912,1.3300347328186035,1.0783103913726995,0.05052056351358858,1.0277898278591109,194,1,215;198;177;162;140;211;143;245,215:W;198:V;177:I;162:P;140:Q;211:F;143:E;245:G
4WBTA,PF00155,194,60,8,C8,4,1.3401470184326172,1.3300347328186035,1.0076030237139626,-0.020186804145148285,1.0277898278591109,194,1,219;229;196;146;173;239;206;178,
4WBTA,PF00155,194,60,8,C8_sub,4,1.3365949392318726,1.3300347328186035,1.0049323572169928,-0.022857470642118072,1.0277898278591109,194,1,219;229;196;146;173;239;206;178,219:C;229:V;196:E;146:E;173:Y;239:C;206:E;178:D
4WBTA,PF00155,194,60,8,C8,5,1.3246865272521973,1.3300347328186035,0.9959788978178996,-0.03181093004121127,1.0277898278591109,194,1,215;239;145;140;147;172;251;233,
4WBTA,PF00155,194,60,8,C8_sub,5,1.333755612373352,1.3300347328186035,1.0027975807420182,-0.024992247117092692,1.0277898278591109,194,1,215;239;145;140;147;172;251;233,215:P;239:N;145:D;140:Q;147:W;172:G;251:E;233:W
4WBTA,PF00155,194,60,8,C8,6,1.4107710123062134,1.3300347328186035,1.0607023843027872,0.0329125564436763,1.0277898278591109,194,1,174;167;181;230;203;226;205;190,
4WBTA,PF00155,194,60,8,C8_sub,6,1.3845897912979126,1.3300347328186035,1.0410177697868808,0.013227941927769882,1.0277898278591109,194,1,174;167;181;230;203;226;205;190,174:V;167:L;181:M;230:Q;203:P;226:L;205:H;190:Y
4WBTA,PF00155,194,60,8,C8,7,1.3761885166168213,1.3300347328186035,1.0347011868633,0.006911359004189155,1.0277898278591109,194,1,219;211;184;228;152;161;141;252,
4WBTA,PF00155,194,60,8,C8_sub,7,1.3344213962554932,1.3300347328186035,1.0032981570545856,-0.0244916708045253,1.0277898278591109,194,1,219;211;184;228;152;161;141;252,219:C;211:V;184:V;228:H;152:L;161:V;141:W;252:H
4WBTA,PF00155,194,60,8,C8,8,-0.406065970659256,1.3300347328186035,-0.3053047868898302,-1.333094614748941,1.0277898278591109,135,0,147;145;168;174;169;163;186;216,
4WBTA,PF00155,194,60,8,C8_sub,8,-0.388148695230484,1.3300347328186035,-0.2918335030303465,-1.3196233308894574,1.0277898278591109,135,0,147;145;168;174;169;163;186;216,147:P;145:D;168:E;174:P;169:T;163:N;186:L;216:E
4WBTA,PF00155,194,60,8,C8,9,1.3550828695297241,1.3300347328186035,1.0188326936831482,-0.008957134175962667,1.0277898278591109,194,1,203;140;167;168;242;173;176;233,
4WBTA,PF00155,194,60,8,C8_sub,9,1.174531102180481,1.3300347328186035,0.8830830302389322,-0.14470679762017868,1.0277898278591109,194,1,203;140;167;168;242;173;176;233,203:P;140:T;167:W;168:E;242:Q;173:Y;176:F;233:M
4WBTA,PF00155,194,60,8,C8,10,1.3602992296218872,1.3300347328186035,1.0227546665184806,-0.005035161340630312,1.0277898278591109,194,1,217;197;243;220;230;242;236;216,
4WBTA,PF00155,194,60,8,C8_sub,10,1.348159670829773,1.3300347328186035,1.0136274170620787,-0.014162410797032177,1.0277898278591109,194,1,217;197;243;220;230;242;236;216,217:R;197:D;243:Y;220:L;230:C;242:N;236:K;216:E
4WBTA,PF00155,194,60,8,C8,11,1.3568261861801147,1.3300347328186035,1.0201434238523492,-0.007646404006761642,1.0277898278591109,194,1,193;209;247;149;223;173;139;148,
4WBTA,PF00155,194,60,8,C8_sub,11,1.3444018363952637,1.3300347328186035,1.0108020514217801,-0.016987776437330737,1.0277898278591109,194,1,193;209;247;149;223;173;139;148,193:F;209:W;247:P;149:G;223:W;173:Y;139:V;148:D
4WBTA,PF00155,194,60,8,C8,12,1.4380768537521362,1.3300347328186035,1.0812325560134586,0.053442728154347696,1.0277898278591109,194,1,198;243;147;222;226;154;143;179,
4WBTA,PF00155,194,60,8,C8_sub,12,1.4424484968185425,1.3300347328186035,1.084519419851324,0.05672959199221306,1.0277898278591109,194,1,198;243;147;222;226;154;143;179,198:M;243:Y;147:I;222:H;226:V;154:I;143:E;179:H
4WBTA,PF00155,194,60,8,C8,13,1.3840641975402832,1.3300347328186035,1.0406225968303706,0.012832768971259734,1.0277898278591109,194,1,237;159;183;243;167;150;144;252,
4WBTA,PF00155,194,60,8,C8_sub,13,1.389214038848877,1.3300347328186035,1.0444945568487982,0.016704728989687334,1.0277898278591109,194,1,237;159;183;243;167;150;144;252,237:P;159:W;183:V;243:Y;167:F;150:I;144:H;252:R
4WBTA,PF00155,194,60,8,C8,14,-0.4681548774242401,1.3300347328186035,-0.3519869563346879,-1.379776784193799,1.0277898278591109,182,0,217;209;240;181;166;169;186;216,
4WBTA,PF00155,194,60,8,C8_sub,14,-0.14238321781158447,1.3300347328186035,-0.10705225532708203,-1.134842083186193,1.0277898278591109,194,1,217;209;240;181;166;169;186;216,217:R;209:I;240:C;181:L;166:Q;169:T;186:W;216:E
4WBTA,PF00155,194,60,8,C8,15,1.3919295072555542,1.3300347328186035,1.0465362091001815,0.018746381241070642,1.0277898278591109,194,1,223;199;250;224;177;174;160;216,
4WBTA,PF00155,194,60,8,C8_sub,15,1.392114281654358,1.3300347328186035,1.0466751335915836,0.018885305732472712,1.0277898278591109,194,1,223;199;250;224;177;174;160;216,223:L;199:S;250:V;224:H;177:W;174:F;160:A;216:E
4WBTA,PF00155,194,60,8,C8,16,1.3749550580978394,1.3300347328186035,1.0337737986616642,0.005983970802553307,1.0277898278591109,194,1,247;165;225;181;208;147;186;148,
4WBTA,PF00155,194,60,8,C8_sub,16,1.3592666387557983,1.3300347328186035,1.0219783026833043,-0.005811525175806631,1.0277898278591109,194,1,247;165;225;181;208;147;186;148,247:F;165:W;225:N;181:P;208:M;147:M;186:L;148:D
4WBTA,PF00155,194,60,8,C8,17,1.3645548820495605,1.3300347328186035,1.025954321627227,-0.0018355062318837767,1.0277898278591109,194,1,201;237;159;226;230;203;236;142,
4WBTA,PF00155,194,60,8,C8_sub,17,1.37451171875,1.3300347328186035,1.0334404695110038,0.005650641651892885,1.0277898278591109,194,1,201;237;159;226;230;203;236;142,201:D;237:L;159:I;226:I;230:C;203:I;236:H;142:E
4WBTA,PF00155,194,60,8,C8,18,-0.4022809863090515,1.3300347328186035,-0.30245900831216604,-1.330248836171277,1.0277898278591109,135,0,172;170;150;174;169;161;160;212,
4WBTA,PF00155,194,60,8,C8_sub,18,0.12420989573001862,1.3300347328186035,0.09338846021471453,-0.9344013676443963,1.0277898278591109,194,1,172;170;150;174;169;161;160;212,172:G;170:F;150:A;174:M;169:Y;161:A;160:F;212:D
4WBTA,PF00155,194,60,8,C8,19,1.3869389295578003,1.3300347328186035,1.0427839930304719,0.014994165171360985,1.0277898278591109,194,1,159;164;168;174;211;254;158;148,
4WBTA,PF00155,194,60,8,C8_sub,19,1.3759856224060059,1.3300347328186035,1.0345486388088703,0.006758810949759386,1.0277898278591109,194,1,159;164;168;174;211;254;158;148,159:I;164:I;168:E;174:A;211:L;254:H;158:Y;148:D
3HDOA,PF00155,182,60,8,C0,0,0.9572075605392456,1.3482335805892944,0.7099716060483104,-7.957698291427562e-07,0.7099724018181396,182,1,,
3HDOA,PF00155,182,60,8,C7,0,-0.44533878564834595,1.3482335805892944,-0.3303127826364438,-1.0402851844545835,0.7099724018181396,152,0,162;184;223;213;221;187;219;212,
3HDOA,PF00155,182,60,8,C7_sub,0,-0.09117301553487778,1.3482335805892944,-0.06762405034818025,-0.7775964521663199,0.7099724018181396,223,0,162;184;223;213;221;187;219;212,162:G;184:E;223:G;213:R;221:H;187:S;219:G;212:Q
3HDOA,PF00155,182,60,8,C8,0,0.19513024389743805,1.3482335805892944,0.14473029503696924,-0.5652421067811704,0.7099724018181396,152,0,232;231;214;207;199;155;191;188,
3HDOA,PF00155,182,60,8,C8_sub,0,0.9290144443511963,1.3482335805892944,0.6890604548991702,-0.02091194691896936,0.7099724018181396,182,1,232;231;214;207;199;155;191;188,232:F;231:L;214:C;207:I;199:I;155:S;191:L;188:F
3HDOA,PF00155,182,60,8,C8,1,-0.17864561080932617,1.3482335805892944,-0.13250345739886008,-0.8424758592169996,0.7099724018181396,223,0,227;122;187;185;229;212;216;132,
3HDOA,PF00155,182,60,8,C8_sub,1,0.4114651679992676,1.3482335805892944,0.3051883397084812,-0.4047840621096584,0.7099724018181396,182,1,227;122;187;185;229;212;216;132,227:V;122:M;187:C;185:D;229:A;212:T;216:T;132:V
3HDOA,PF00155,182,60,8,C8,2,-0.3828924894332886,1.3482335805892944,-0.28399566287759387,-0.9939680646957334,0.7099724018181396,223,0,160;229;225;221;140;181;173;207,
3HDOA,PF00155,182,60,8,C8_sub,2,-0.10115835070610046,1.3482335805892944,-0.07503028567341094,-0.7850026874915506,0.7099724018181396,152,0,160;229;225;221;140;181;173;207,160:I;229:L;225:M;221:H;140:W;181:P;173:I;207:M
3HDOA,PF00155,182,60,8,C8,3,0.6223637461662292,1.3482335805892944,0.46161418549907546,-0.24835821631906413,0.7099724018181396,182,1,214;183;202;171;231;204;222;191,
3HDOA,PF00155,182,60,8,C8_sub,3,-0.5201873183250427,1.3482335805892944,-0.38582878057204,-1.0958011823901797,0.7099724018181396,223,0,214;183;202;171;231;204;222;191,214:Y;183:P;202:R;171:E;231:I;204:T;222:M;191:L
3HDOA,PF00155,182,60,8,C8,4,0.7861348986625671,1.3482335805892944,0.5830850899878628,-0.1268873118302768,0.7099724018181396,182,1,122;185;171;159;217;221;156;154,
3HDOA,PF00155,182,60,8,C8_sub,4,0.9470181465148926,1.3482335805892944,0.7024140031439982,-0.007558398674141431,0.7099724018181396,182,1,122;185;171;159;217;221;156;154,122:W;185:D;171:E;159:I;217:P;221:K;156:Y;154:W
3HDOA,PF00155,182,60,8,C8,5,-0.356158971786499,1.3482335805892944,-0.26416711237145335,-0.974139514189593,0.7099724018181396,223,0,165;219;184;194;173;238;162;232,
3HDOA,PF00155,182,60,8,C8_sub,5,0.409098744392395,1.3482335805892944,0.3034331367221869,-0.4065392650959527,0.7099724018181396,182,1,165;219;184;194;173;238;162;232,165:W;219:G;184:E;194:Y;173:W;238:A;162:G;232:W
3HDOA,PF00155,182,60,8,C8,6,-0.32501646876335144,1.3482335805892944,-0.24106836785751265,-0.9510407696756522,0.7099724018181396,178,0,158;161;171;223;159;186;151;187,
3HDOA,PF00155,182,60,8,C8_sub,6,0.7359697818756104,1.3482335805892944,0.5458770590433804,-0.16409534277475923,0.7099724018181396,182,1,158;161;171;223;159;186;151;187,158:C;161:M;171:E;223:G;159:F;186:C;151:L;187:S
3HDOA,PF00155,182,60,8,C8,7,0.19693297147750854,1.3482335805892944,0.14606739834460422,-0.5639050034735353,0.7099724018181396,152,0,210;149;209;218;205;194;212;191,
3HDOA,PF00155,182,60,8,C8_sub,7,0.513532280921936,1.3482335805892944,0.3808926645318225,-0.32907973728631706,0.7099724018181396,182,1,210;149;209;218;205;194;212;191,210:Y;149:G;209:K;218:F;205:A;194:Q;212:C;191:L
3HDOA,PF00155,182,60,8,C8,8,0.2899201810359955,1.3482335805892944,0.21503705679046753,-0.49493534502767206,0.7099724018181396,182,1,226;212;183;158;160;215;218;122,
3HDOA,PF00155,182,60,8,C8_sub,8,0.8596993684768677,1.3482335805892944,0.6376486840663803,-0.07232371775175928,0.7099724018181396,182,1,226;212;183;158;160;215;218;122,226:V;212:N;183:W;158:C;160:W;215:T;218:M;122:P
3HDOA,PF00155,182,60,8,C8,9,0.22592076659202576,1.3482335805892944,0.16756797178518493,-0.5424044300329547,0.7099724018181396,152,0,206;198;199;196;173;190;160;177,
3HDOA,PF00155,182,60,8,C8_sub,9,0.7139977812767029,1.3482335805892944,0.5295801792480381,-0.18039222257010146,0.7099724018181396,182,1,206;198;199;196;173;190;160;177,206:W;198:V;199:P;196:M;173:A;190:W;160:L;177:N
3HDOA,PF00155,182,60,8,C8,10,0.27953341603279114,1.3482335805892944,0.20733307644704332,-0.5026393253710962,0.7099724018181396,223,0,149;219;202;132;218;183;224;171,
3HDOA,PF00155,182,60,8,C8_sub,10,1.025683879852295,1.3482335805892944,0.7607612617125161,0.05078885989437654,0.7099724018181396,182,1,149;219;202;132;218;183;224;171,149:G;219:G;202:K;132:I;218:L;183:A;224:A;171:E
3HDOA,PF00155,182,60,8,C8,11,-0.036098282784223557,1.3482335805892944,-0.02677450206250277,-0.7367469038806423,0.7099724018181396,223,0,157;147;204;213;179;240;165;188,
3HDOA,PF00155,182,60,8,C8_sub,11,0.695697546005249,1.3482335805892944,0.5160066890643453,-0.19396571275379426,0.7099724018181396,182,1,157;147;204;213;179;240;165;188,157:L;147:T;204:Y;213:R;179:G;240:E;165:P;188:M
3HDOA,PF00155,182,60,8,C8,12,0.5199095606803894,1.3482335805892944,0.3856227646051837,-0.3243496372129559,0.7099724018181396,182,1,225;174;240;191;190;140;221;151,
3HDOA,PF00155,182,60,8,C8_sub,12,0.7580428123474121,1.3482335805892944,0.5622488738309589,-0.1477235279871807,0.7099724018181396,182,1,225;174;240;191;190;140;221;151,225:P;174:L;240:E;191:M;190:A;140:P;221:H;151:I
3HDOA,PF00155,182,60,8,C8,13,-0.22301208972930908,1.3482335805892944,-0.16541057346445381,-0.8753829752825935,0.7099724018181396,152,0,227;218;189;219;156;171;207;208,
3HDOA,PF00155,182,60,8,C8_sub,13,0.547522783279419,1.3482335805892944,0.4061038021617176,-0.303868599656422,0.7099724018181396,152,0,227;218;189;219;156;171;207;208,227:I;218:F;189:D;219:G;156:Q;171:E;207:W;208:Y
3HDOA,PF00155,182,60,8,C8,14,0.17231523990631104,1.3482335805892944,0.1278081501508028,-0.5821642516673368,0.7099724018181396,223,0,214;161;149;202;211;179;173;156,
3HDOA,PF00155,182,60,8,C8_sub,14,0.9938861727714539,1.3482335805892944,0.7371765449849127,0.02720414316677311,0.7099724018181396,182,1,214;161;149;202;211;179;173;156,214:N;161:A;149:G;202:R;211:F;179:G;173:A;156:Q
3HDOA,PF00155,182,60,8,C8,15,0.4088374972343445,1.3482335805892944,0.3032393667688111,-0.4067330350493285,0.7099724018181396,152,0,171;183;214;125;213;235;124;127,
3HDOA,PF00155,182,60,8,C8_sub,15,0.9115046262741089,1.3482335805892944,0.676073226032319,-0.03389917578582058,0.7099724018181396,182,1,171;183;214;125;213;235;124;127,171:E;183:F;214:C;125:T;213:H;235:V;124:A;127:I
3HDOA,PF00155,182,60,8,C8,16,0.5565929412841797,1.3482335805892944,0.41283124029658164,-0.29714116152155795,0.7099724018181396,182,1,140;160;149;235;151;122;171;217,
3HDOA,PF00155,182,60,8,C8_sub,16,0.9114693999290466,1.3482335805892944,0.676047098256265,-0.03392530356187462,0.7099724018181396,182,1,140;160;149;235;151;122;171;217,140:W;160:L;149:G;235:M;151:F;122:W;171:E;217:I
3HDOA,PF00155,182,60,8,C8,17,0.6954449415206909,1.3482335805892944,0.5158193294790369,-0.19415307233910273,0.7099724018181396,182,1,213;156;159;188;147;238;210;231,
3HDOA,PF00155,182,60,8,C8_sub,17,0.7946483492851257,1.3482335805892944,0.5893996120003151,-0.12057278981782449,0.7099724018181396,182,1,213;156;159;188;147;238;210;231,213:H;156:S;159:P;188:M;147:Q;238:W;210:Y;231:F
3HDOA,PF00155,182,60,8,C8,18,0.23531277477741241,1.3482335805892944,0.17453412981640795,-0.5354382720017317,0.7099724018181396,152,0,202;235;154;125;240;218;157;167,
3HDOA,PF00155,182,60,8,C8_sub,18,0.7881497740745544,1.3482335805892944,0.5845795457268353,-0.12539285609130424,0.7099724018181396,182,1,202;235;154;125;240;218;157;167,202:K;235:W;154:W;125:C;240:E;218:F;157:F;167:I
3HDOA,PF00155,182,60,8,C8,19,0.19693079590797424,1.3482335805892944,0.14606578470022863,-0.563906617117911,0.7099724018181396,152,0,221;211;218;169;177;216;208;165,
3HDOA,PF00155,182,60,8,C8_sub,19,1.0055935382843018,1.3482335805892944,0.7458600295690385,0.03588762775089893,0.7099724018181396,182,1,221;211;218;169;177;216;208;165,221:K;211:I;218:P;169:T;177:N;216:Y;208:C;165:I
4KEMA,PF13378,236,60,8,C0,0,1.4838738441467285,1.393323302268982,1.0649888950613888,-2.566725669783665e-07,1.0649891517339558,236,1,,
4KEMA,PF13378,236,60,8,C7,0,1.037890911102295,1.393323302268982,0.7449031458902059,-0.3200860058437499,1.0649891517339558,236,1,237;296;211;239;180;263;259;295,
4KEMA,PF13378,236,60,8,C7_sub,0,1.0532519817352295,1.393323302268982,0.7559279171029744,-0.30906123463098145,1.0649891517339558,236,1,237;296;211;239;180;263;259;295,237:D;296:G;211:E;239:L;180:H;263:D;259:W;295:C
4KEMA,PF13378,236,60,8,C8,0,0.42538732290267944,1.393323302268982,0.3053041043740171,-0.7596850473599387,1.0649891517339558,236,1,217;192;293;184;235;222;183;213,
4KEMA,PF13378,236,60,8,C8_sub,0,1.30720055103302,1.393323302268982,0.9381889679906208,-0.12680018374333502,1.0649891517339558,236,1,217;192;293;184;235;222;183;213,217:E;192:I;293:W;184:G;235:V;222:V;183:A;213:S
4KEMA,PF13378,236,60,8,C8,1,0.9973348379135132,1.393323302268982,0.7157957067748638,-0.349193444959092,1.0649891517339558,236,1,234;208;228;198;225;235;289;176,
4KEMA,PF13378,236,60,8,C8_sub,1,1.1279828548431396,1.393323302268982,0.8095629011631802,-0.2554262505707756,1.0649891517339558,236,1,234;208;228;198;225;235;289;176,234:I;208:V;228:I;198:I;225:G;235:V;289:I;176:N
4KEMA,PF13378,236,60,8,C8,2,-0.35506418347358704,1.393323302268982,-0.25483258831268846,-1.3198217400466443,1.0649891517339558,179,0,277;295;237;213;228;261;286;208,
4KEMA,PF13378,236,60,8,C8_sub,2,-0.21037760376930237,1.393323302268982,-0.15098979786436445,-1.2159789495983202,1.0649891517339558,179,0,277;295;237;213;228;261;286;208,277:K;295:N;237:D;213:C;228:M;261:Q;286:V;208:A
4KEMA,PF13378,236,60,8,C8,3,1.1426596641540527,1.393323302268982,0.820096572197758,-0.2448925795361978,1.0649891517339558,236,1,188;180;266;192;217;239;184;229,
4KEMA,PF13378,236,60,8,C8_sub,3,1.4674251079559326,1.393323302268982,1.0531834970148553,-0.011805654719100556,1.0649891517339558,236,1,188;180;266;192;217;239;184;229,188:M;180:H;266:I;192:V;217:E;239:P;184:G;229:H
4KEMA,PF13378,236,60,8,C8,4,1.2373087406158447,1.393323302268982,0.8880270204344731,-0.17696213129948268,1.0649891517339558,236,1,263;233;240;296;278;182;183;242,
4KEMA,PF13378,236,60,8,C8_sub,4,1.321922779083252,1.393323302268982,0.9487552364412075,-0.11623391529274829,1.0649891517339558,236,1,263;233;240;296;278;182;183;242,263:D;233:F;240:G;296:G;278:G;182:H;183:M;242:I
4KEMA,PF13378,236,60,8,C8,5,1.4222745895385742,1.393323302268982,1.0207785854312823,-0.044210566302673504,1.0649891517339558,236,1,176;194;212;286;292;221;238;182,
4KEMA,PF13378,236,60,8,C8_sub,5,1.443946123123169,1.393323302268982,1.0363324296462633,-0.028656722087692543,1.0649891517339558,236,1,176;194;212;286;292;221;238;182,176:S;194:K;212:V;286:A;292:L;221:F;238:D;182:R
4KEMA,PF13378,236,60,8,C8,6,-0.4237866699695587,1.393323302268982,-0.30415530213227315,-1.369144453866229,1.0649891517339558,210,0,217;237;216;245;222;248;223;224,
4KEMA,PF13378,236,60,8,C8_sub,6,-0.4788682758808136,1.393323302268982,-0.3436878397863526,-1.4086769915203083,1.0649891517339558,210,0,217;237;216;245;222;248;223;224,217:E;237:D;216:A;245:N;222:F;248:Y;223:W;224:T
4KEMA,PF13378,236,60,8,C8,7,1.4146640300750732,1.393323302268982,1.0153164220905073,-0.04967272964344849,1.0649891517339558,236,1,265;260;181;217;294;243;272;285,
4KEMA,PF13378,236,60,8,C8_sub,7,1.5059441328048706,1.393323302268982,1.0808289291885733,0.01583977745461751,1.0649891517339558,236,1,265;260;181;217;294;243;272;285,265:A;260:I;181:A;217:E;294:C;243:W;272:K;285:E
4KEMA,PF13378,236,60,8,C8,8,1.4112520217895508,1.393323302268982,1.0128675946862962,-0.05212155704765964,1.0649891517339558,236,1,261;234;287;268;176;266;265;202,
4KEMA,PF13378,236,60,8,C8_sub,8,1.4169187545776367,1.393323302268982,1.0169346570679112,-0.04805449466604461,1.0649891517339558,236,1,261;234;287;268;176;266;265;202,261:N;234:V;287:W;268:K;176:T;266:P;265:V;202:F
4KEMA,PF13378,236,60,8,C8,9,1.24741530418396,1.393323302268982,0.8952805871778534,-0.1697085645561024,1.0649891517339558,236,1,228;178;232;234;191;248;294;223,
4KEMA,PF13378,236,60,8,C8_sub,9,1.1348087787628174,1.393323302268982,0.8144619248919601,-0.2505272268419957,1.0649891517339558,236,1,228;178;232;234;191;248;294;223,228:A;178:F;232:G;234:A;191:E;248:N;294:C;223:P
4KEMA,PF13378,236,60,8,C8,10,1.351422667503357,1.393323302268982,0.9699275575902655,-0.09506159414369031,1.0649891517339558,236,1,266;268;271;277;233;232;278;192,
4KEMA,PF13378,236,60,8,C8_sub,10,1.4374769926071167,1.393323302268982,1.0316894795818257,-0.033299672152130144,1.0649891517339558,236,1,266;268;271;277;233;232;278;192,266:P;268:K;271:P;277:K;233:A;232:G;278:G;192:F
4KEMA,PF13378,236,60,8,C8,11,-0.38685572147369385,1.393323302268982,-0.27764964588169294,-1.3426387976156486,1.0649891517339558,210,0,220;266;221;255;188;249;237;226,
4KEMA,PF13378,236,60,8,C8_sub,11,-0.47799012064933777,1.393323302268982,-0.3430575802980875,-1.4080467320320433,1.0649891517339558,210,0,220;266;221;255;188;249;237;226,220:Y;266:L;221:I;255:N;188:I;249:V;237:D;226:D
4KEMA,PF13378,236,60,8,C8,12,1.3693878650665283,1.393323302268982,0.9828213328783955,-0.08216781885556035,1.0649891517339558,236,1,192;234;212;266;220;243;208;238,
4KEMA,PF13378,236,60,8,C8_sub,12,1.4113218784332275,1.393323302268982,1.0129177313943831,-0.05207142033957268,1.0649891517339558,236,1,192;234;212;266;220;243;208;238,192:P;234:V;212:V;266:L;220:Q;243:F;208:W;238:D
4KEMA,PF13378,236,60,8,C8,13,-0.12180830538272858,1.393323302268982,-0.0874228581294576,-1.1524120098634134,1.0649891517339558,210,0,274;186;244;290;210;231;242;197,
4KEMA,PF13378,236,60,8,C8_sub,13,-0.5309837460517883,1.393323302268982,-0.3810915565591263,-1.4460807082930822,1.0649891517339558,225,0,274;186;244;290;210;231;242;197,274:W;186:M;244:E;290:E;210:W;231:S;242:F;197:I
4KEMA,PF13378,236,60,8,C8,14,1.1457313299179077,1.393323302268982,0.8223011328757089,-0.24268801885824687,1.0649891517339558,236,1,278;234;208;269;235;262;216;292,
4KEMA,PF13378,236,60,8,C8_sub,14,0.08736033737659454,1.393323302268982,0.0626992581221681,-1.0022898936117877,1.0649891517339558,210,0,278;234;208;269;235;262;216;292,278:G;234:P;208:A;269:T;235:M;262:G;216:I;292:L
4KEMA,PF13378,236,60,8,C8,15,1.4707337617874146,1.393323302268982,1.0555581460472039,-0.009431005686751925,1.0649891517339558,236,1,192;275;195;268;286;293;198;176,
4KEMA,PF13378,236,60,8,C8_sub,15,1.485296607017517,1.393323302268982,1.0660100240904316,0.0010208723564757438,1.0649891517339558,236,1,192;275;195;268;286;293;198;176,192:F;275:F;195:L;268:K;286:L;293:M;198:P;176:C
4KEMA,PF13378,236,60,8,C8,16,0.018620140850543976,1.393323302268982,0.01336383366317184,-1.051625318070784,1.0649891517339558,210,0,237;192;275;242;264;205;238;210,
4KEMA,PF13378,236,60,8,C8_sub,16,0.13344654440879822,1.393323302268982,0.09577572139322212,-0.9692134303407337,1.0649891517339558,210,0,237;192;275;242;264;205;238;210,237:D;192:M;275:L;242:F;264:T;205:G;238:D;210:A
4KEMA,PF13378,236,60,8,C8,17,1.3334159851074219,1.393323302268982,0.9570040082843638,-0.10798514344959198,1.0649891517339558,236,1,186;295;260;262;207;278;228;217,
4KEMA,PF13378,236,60,8,C8_sub,17,1.4750183820724487,1.393323302268982,1.0586332545148918,-0.006355897219064044,1.0649891517339558,236,1,186;295;260;262;207;278;228;217,186:L;295:C;260:F;262:G;207:T;278:G;228:A;217:E
4KEMA,PF13378,236,60,8,C8,18,0.8673089742660522,1.393323302268982,0.6224750370956027,-0.4425141146383531,1.0649891517339558,236,1,229;286;273;228;292;272;208;199,
4KEMA,PF13378,236,60,8,C8_sub,18,-0.041230931878089905,1.393323302268982,-0.02959179094395871,-1.0945809426779145,1.0649891517339558,210,0,229;286;273;228;292;272;208;199,229:H;286:A;273:T;228:P;292:V;272:K;208:M;199:I
4KEMA,PF13378,236,60,8,C8,19,1.482254981994629,1.393323302268982,1.0638270239081085,-0.0011621278258473478,1.0649891517339558,236,1,183;291;247;290;214;295;268;272,
4KEMA,PF13378,236,60,8,C8_sub,19,1.4824554920196533,1.393323302268982,1.0639709316606725,-0.001018220073283338,1.0649891517339558,236,1,183;291;247;290;214;295;268;272,183:V;291:T;247:A;290:E;214:G;295:C;268:K;272:K
2OZTA,PF13378,194,60,8,C0,0,0.9646546840667725,1.129931926727295,0.853728141712725,1.0550130213893283e-07,0.8537280362114229,194,1,,
2OZTA,PF13378,194,60,8,C7,0,0.44510042667388916,1.129931926727295,0.3939179132348851,-0.4598101229765378,0.8537280362114229,165,0,195;166;197;135;221;217;196;163,
2OZTA,PF13378,194,60,8,C7_sub,0,0.15586410462856293,1.129931926727295,0.13794114578212124,-0.7157868904293017,0.8537280362114229,165,0,195;166;197;135;221;217;196;163,195:D;166:E;197:F;135:H;221:D;217:A;196:N;163:A
2OZTA,PF13378,194,60,8,C8,0,1.0357216596603394,1.129931926727295,0.9166230594617999,0.06289502325037699,0.8537280362114229,194,1,183;249;210;136;166;248;191;215,
2OZTA,PF13378,194,60,8,C8_sub,0,0.9543771743774414,1.129931926727295,0.8446324524537282,-0.009095583757694703,0.8537280362114229,194,1,183;249;210;136;166;248;191;215,183:M;249:G;210:P;136:M;166:E;248:V;191:L;215:Y
2OZTA,PF13378,194,60,8,C8,1,0.9655699133872986,1.129931926727295,0.8545381279595753,0.0008100917481523862,0.8537280362114229,194,1,248;228;254;251;225;149;213;206,
2OZTA,PF13378,194,60,8,C8_sub,1,0.964407205581665,1.129931926727295,0.8535091210095715,-0.00021891520185135516,0.8537280362114229,194,1,248;228;254;251;225;149;213;206,248:P;228:D;254:M;251:W;225:C;149:L;213:M;206:I
2OZTA,PF13378,194,60,8,C8,2,0.9315976500511169,1.129931926727295,0.8244723668879521,-0.02925566932347079,0.8537280362114229,194,1,222;248;237;223;225;229;195;183,
2OZTA,PF13378,194,60,8,C8_sub,2,0.8171732425689697,1.129931926727295,0.7232057288051049,-0.13052230740631798,0.8537280362114229,165,0,222;248;237;223;225;229;195;183,222:T;248:W;237:V;223:W;225:Y;229:A;195:D;183:A
2OZTA,PF13378,194,60,8,C8,3,0.9991745948791504,1.129931926727295,0.8842785757661821,0.03055053955475917,0.8537280362114229,194,1,147;193;138;239;207;163;229;199,
2OZTA,PF13378,194,60,8,C8_sub,3,1.0280355215072632,1.129931926727295,0.9098207575077891,0.05609272129636622,0.8537280362114229,194,1,147;193;138;239;207;163;229;199,147:N;193:Q;138:P;239:G;207:I;163:F;229:M;199:I
2OZTA,PF13378,194,60,8,C8,4,0.9679625034332275,1.129931926727295,0.8566555918433145,0.0029275556318916207,0.8537280362114229,194,1,136;213;143;215;165;246;248;149,
2OZTA,PF13378,194,60,8,C8_sub,4,0.9887627959251404,1.129931926727295,0.8750640392903729,0.021336003078950005,0.8537280362114229,194,1,136;213;143;215;165;246;248;149,136:L;213:F;143:M;215:N;165:V;246:M;248:M;149:A
2OZTA,PF13378,194,60,8,C8,5,0.9558631777763367,1.129931926727295,0.8459475789350193,-0.007780457276403641,0.8537280362114229,194,1,241;135;222;138;150;171;226;146,
2OZTA,PF13378,194,60,8,C8_sub,5,0.9740470051765442,1.129931926727295,0.8620404310530001,0.008312394841577198,0.8537280362114229,194,1,241;135;222;138;150;171;226;146,241:I;135:R;222:N;138:L;150:W;171:I;226:F;146:D
2OZTA,PF13378,194,60,8,C8,6,0.9977670311927795,1.129931926727295,0.8830328691416709,0.029304832930247993,0.8537280362114229,194,1,219;226;157;147;163;221;246;175,
2OZTA,PF13378,194,60,8,C8_sub,6,1.027620553970337,1.129931926727295,0.9094535074751893,0.05572547126376637,0.8537280362114229,194,1,219;226;157;147;163;221;246;175,219:F;226:F;157:P;147:S;163:F;221:D;246:F;175:C
2OZTA,PF13378,194,60,8,C8,7,0.9946248531341553,1.129931926727295,0.8802520130703453,0.026523976858922382,0.8537280362114229,194,1,218;167;222;161;226;244;245;191,
2OZTA,PF13378,194,60,8,C8_sub,7,1.039311170578003,1.129931926727295,0.9197998091692448,0.06607177295782185,0.8537280362114229,194,1,218;167;222;161;226;244;245;191,218:I;167:F;222:Y;161:W;226:L;244:H;245:Q;191:P
2OZTA,PF13378,194,60,8,C8,8,0.9969272613525391,1.129931926727295,0.8822896652190482,0.028561629007625267,0.8537280362114229,194,1,143;218;253;175;221;197;229;224,
2OZTA,PF13378,194,60,8,C8_sub,8,0.9713413715362549,1.129931926727295,0.8596459207499539,0.0059178845385310375,0.8537280362114229,194,1,143;218;253;175;221;197;229;224,143:I;218:F;253:C;175:Y;221:D;197:V;229:L;224:L
2OZTA,PF13378,194,60,8,C8,9,0.7533204555511475,1.129931926727295,0.6666954333550384,-0.18703260285638446,0.8537280362114229,165,0,195;138;210;166;165;134;175;218,
2OZTA,PF13378,194,60,8,C8_sub,9,-0.37664392590522766,1.129931926727295,-0.33333328937445744,-1.1870613255858804,0.8537280362114229,232,0,195;138;210;166;165;134;175;218,195:D;138:W;210:M;166:E;165:P;134:P;175:Y;218:L
2OZTA,PF13378,194,60,8,C8,10,0.9536118507385254,1.129931926727295,0.843955134094265,-0.009772902117157867,0.8537280362114229,194,1,244;219;216;242;237;253;179;224,
2OZTA,PF13378,194,60,8,C8_sub,10,0.9659908413887024,1.129931926727295,0.85491065305728,0.0011826168458570763,0.8537280362114229,194,1,244;219;216;242;237;253;179;224,244:H;219:F;216:F;242:F;237:A;253:Y;179:I;224:P
2OZTA,PF13378,194,60,8,C8,11,0.9493144750595093,1.129931926727295,0.8401519176549677,-0.013576118556455241,0.8537280362114229,194,1,168;171;167;225;149;215;172;180,
2OZTA,PF13378,194,60,8,C8_sub,11,0.951575517654419,1.129931926727295,0.8421529608518429,-0.011575075359580023,0.8537280362114229,194,1,168;171;167;225;149;215;172;180,168:T;171:M;167:M;225:T;149:V;215:Q;172:E;180:P
2OZTA,PF13378,194,60,8,C8,12,1.0054203271865845,1.129931926727295,0.8898061054869539,0.03607806927553103,0.8537280362114229,194,1,251;171;254;153;247;220;226;176,
2OZTA,PF13378,194,60,8,C8_sub,12,0.9796389937400818,1.129931926727295,0.8669893916330715,0.013261355421648635,0.8537280362114229,194,1,251;171;254;153;247;220;226;176,251:A;171:F;254:V;153:W;247:V;220:E;226:L;176:L
2OZTA,PF13378,194,60,8,C8,13,0.9638237357139587,1.129931926727295,0.8529927448864574,-0.0007352913249655257,0.8537280362114229,194,1,153;180;232;137;198;193;172;240,
2OZTA,PF13378,194,60,8,C8_sub,13,0.9523903131484985,1.129931926727295,0.8428740622516763,-0.010853973959746632,0.8537280362114229,194,1,153;180;232;137;198;193;172;240,153:I;180:P;232:P;137:H;198:I;193:T;172:E;240:L
2OZTA,PF13378,194,60,8,C8,14,0.9645417332649231,1.129931926727295,0.853628179228988,-9.985698243486496e-05,0.8537280362114229,194,1,239;164;244;146;246;139;248;150,
2OZTA,PF13378,194,60,8,C8_sub,14,0.9895419478416443,1.129931926727295,0.8757535958008794,0.02202555958945651,0.8537280362114229,194,1,239;164;244;146;246;139;248;150,239:G;164:H;244:R;146:D;246:F;139:G;248:M;150:A
2OZTA,PF13378,194,60,8,C8,15,0.9592465758323669,1.129931926727295,0.8489419168911383,-0.00478611932028461,0.8537280362114229,194,1,240;239;143;216;237;210;253;176,
2OZTA,PF13378,194,60,8,C8_sub,15,0.9569880366325378,1.129931926727295,0.8469430892216072,-0.006784946989815688,0.8537280362114229,194,1,240;239;143;216;237;210;253;176,240:L;239:G;143:M;216:P;237:M;210:P;253:T;176:L
2OZTA,PF13378,194,60,8,C8,16,0.9363522529602051,1.129931926727295,0.8286802335714427,-0.025047802639980188,0.8537280362114229,194,1,247;250;249;179;226;245;239;242,
2OZTA,PF13378,194,60,8,C8_sub,16,0.9555385112762451,1.129931926727295,0.8456602461387579,-0.008067790072665004,0.8537280362114229,194,1,247;250;249;179;226;245;239;242,247:M;250:E;249:G;179:L;226:V;245:Y;239:G;242:W
2OZTA,PF13378,194,60,8,C8,17,0.9675729274749756,1.129931926727295,0.8563108135880613,0.0025827773766383677,0.8537280362114229,194,1,180;207;220;191;139;226;210;176,
2OZTA,PF13378,194,60,8,C8_sub,17,0.9505211114883423,1.129931926727295,0.8412198018347943,-0.012508234376628624,0.8537280362114229,194,1,180;207;220;191;139;226;210;176,180:M;207:V;220:E;191:V;139:G;226:L;210:W;176:V
2OZTA,PF13378,194,60,8,C8,18,1.0182539224624634,1.129931926727295,0.9011639536655162,0.04743591745409326,0.8537280362114229,194,1,167;154;245;138;136;197;228;179,
2OZTA,PF13378,194,60,8,C8_sub,18,0.6628798246383667,1.129931926727295,0.586654654991752,-0.26707338121967095,0.8537280362114229,194,1,167;154;245;138;136;197;228;179,167:W;154:W;245:C;138:M;136:L;197:L;228:D;179:P
2OZTA,PF13378,194,60,8,C8,19,0.9698095321655273,1.129931926727295,0.8582902290180066,0.004562192806583654,0.8537280362114229,194,1,217;156;157;154;137;138;248;239,
2OZTA,PF13378,194,60,8,C8_sub,19,0.9970947504043579,1.129931926727295,0.8824378945484945,0.028709858337071625,0.8537280362114229,194,1,217;156;157;154;137;138;248;239,217:V;156:P;157:I;154:A;137:R;138:I;248:W;239:G
2PGEA,PF13378,238,60,8,C0,0,0.8105185031890869,1.1877894401550293,0.6823755758287418,-3.5628619315941634e-06,0.6823791386906733,238,1,,
2PGEA,PF13378,238,60,8,C7,0,-0.40148112177848816,1.1877894401550293,-0.33800698019851666,-1.02038611888919,0.6823791386906733,247,0,239;296;213;241;181;265;261;295,
2PGEA,PF13378,238,60,8,C7_sub,0,-0.2973079979419708,1.1877894401550293,-0.25030362107207016,-0.9326827597627435,0.6823791386906733,247,0,239;296;213;241;181;265;261;295,239:D;296:G;213:E;241:I;181:H;265:D;261:F;295:G
2PGEA,PF13378,238,60,8,C8,0,-0.3136279881000519,1.1877894401550293,-0.2640434217525266,-0.9464225604432,0.6823791386906733,247,0,235;262;279;239;264;199;222;193,
2PGEA,PF13378,238,60,8,C8_sub,0,-0.24029196798801422,1.1877894401550293,-0.2023018220777005,-0.8846809607683739,0.6823791386906733,281,0,235;262;279;239;264;199;222;193,235:P;262:F;279:V;239:D;264:E;199:W;222:C;193:T
2PGEA,PF13378,238,60,8,C8,1,-0.26958346366882324,1.1877894401550293,-0.22696233402583327,-0.9093414727165066,0.6823791386906733,247,0,192;264;180;242;259;282;222;226,
2PGEA,PF13378,238,60,8,C8_sub,1,-0.013910641893744469,1.1877894401550293,-0.011711370234044902,-0.6940905089247182,0.6823791386906733,238,1,192;264;180;242;259;282;222;226,192:D;264:E;180:F;242:M;259:I;282:F;222:Q;226:K
2PGEA,PF13378,238,60,8,C8,2,-0.35654881596565247,1.1877894401550293,-0.30017846927407943,-0.9825576079647528,0.6823791386906733,247,0,235;182;294;180;218;298;233;257,
2PGEA,PF13378,238,60,8,C8_sub,2,0.8000083565711975,1.1877894401550293,0.6735270827687954,-0.008852055921877988,0.6823791386906733,238,1,235;182;294;180;218;298;233;257,235:P;182:M;294:W;180:I;218:V;298:R;233:L;257:Q
2PGEA,PF13378,238,60,8,C8,3,-0.3760915696620941,1.1877894401550293,-0.31663151476831364,-0.999010653458987,0.6823791386906733,247,0,237;192;213;289;291;279;189;265,
2PGEA,PF13378,238,60,8,C8_sub,3,-0.3650040924549103,1.1877894401550293,-0.3072969670510543,-0.9896761057417276,0.6823791386906733,247,0,237;192;213;289;291;279;189;265,237:N;192:D;213:E;289:V;291:L;279:V;189:A;265:D
2PGEA,PF13378,238,60,8,C8,4,-0.34719008207321167,1.1877894401550293,-0.2922993506558677,-0.974678489346541,0.6823791386906733,243,0,213;192;223;250;214;264;178;260,
2PGEA,PF13378,238,60,8,C8_sub,4,-0.2786312997341156,1.1877894401550293,-0.23457970774495931,-0.9169588464356326,0.6823791386906733,184,0,213;192;223;250;214;264;178;260,213:E;192:D;223:L;250:L;214:P;264:E;178:G;260:F
2PGEA,PF13378,238,60,8,C8,5,-0.39694783091545105,1.1877894401550293,-0.3341904023524925,-1.0165695410431659,0.6823791386906733,247,0,270;242;293;239;284;227;257;286,
2PGEA,PF13378,238,60,8,C8_sub,5,-0.4221735894680023,1.1877894401550293,-0.3554279699715975,-1.0378071086622709,0.6823791386906733,289,0,270;242;293;239;284;227;257;286,270:P;242:P;293:V;239:D;284:V;227:A;257:Y;286:S
2PGEA,PF13378,238,60,8,C8,6,-0.3377511203289032,1.1877894401550293,-0.28435268820441795,-0.9667318268950913,0.6823791386906733,247,0,187;230;208;212;180;292;257;281,
2PGEA,PF13378,238,60,8,C8_sub,6,-0.32793787121772766,1.1877894401550293,-0.27609091319663986,-0.9584700518873133,0.6823791386906733,221,0,187;230;208;212;180;292;257;281,187:L;230:P;208:M;212:A;180:M;292:Q;257:C;281:P
2PGEA,PF13378,238,60,8,C8,7,-0.21775008738040924,1.1877894401550293,-0.18332381145936832,-0.8657029501500417,0.6823791386906733,281,0,240;236;275;291;218;208;203;269,
2PGEA,PF13378,238,60,8,C8_sub,7,0.9666908383369446,1.1877894401550293,0.8138570740372746,0.13147793534660124,0.6823791386906733,238,1,240;236;275;291;218;208;203;269,240:C;236:K;275:K;291:M;218:L;208:W;203:L;269:G
2PGEA,PF13378,238,60,8,C8,8,-0.36654120683670044,1.1877894401550293,-0.30859106374010176,-0.9909702024307752,0.6823791386906733,247,0,289;241;264;298;261;192;216;193,
2PGEA,PF13378,238,60,8,C8_sub,8,-0.3710673749446869,1.1877894401550293,-0.312401644938227,-0.9947807836289003,0.6823791386906733,247,0,289;241;264;298;261;192;216;193,289:M;241:M;264:E;298:K;261:M;192:D;216:G;193:Q
2PGEA,PF13378,238,60,8,C8,9,-0.38212183117866516,1.1877894401550293,-0.32170839229618925,-1.0040875309868627,0.6823791386906733,247,0,291;237;242;187;253;263;290;285,
2PGEA,PF13378,238,60,8,C8_sub,9,-0.09306415170431137,1.1877894401550293,-0.07835071483053824,-0.7607298535212116,0.6823791386906733,238,1,291;237;242;187;253;263;290;285,291:M;237:C;242:F;187:F;253:W;263:A;290:R;285:S
2PGEA,PF13378,238,60,8,C8,10,-0.34950822591781616,1.1877894401550293,-0.2942509960959062,-0.9766301347865796,0.6823791386906733,184,0,253;289;288;240;208;262;181;203,
2PGEA,PF13378,238,60,8,C8_sub,10,-0.3306256830692291,1.1877894401550293,-0.2783537821535744,-0.9607329208442478,0.6823791386906733,212,0,253;289;288;240;208;262;181;203,253:P;289:V;288:L;240:T;208:W;262:L;181:H;203:A
2PGEA,PF13378,238,60,8,C8,11,-0.3349771797657013,1.1877894401550293,-0.2820173074800028,-0.9643964461706762,0.6823791386906733,221,0,230;180;253;240;192;266;286;233,
2PGEA,PF13378,238,60,8,C8_sub,11,-0.1350361555814743,1.1877894401550293,-0.11368694738004195,-0.7960660860707153,0.6823791386906733,184,0,230;180;253;240;192;266;286;233,230:I;180:W;253:I;240:C;192:D;266:D;286:Q;233:L
2PGEA,PF13378,238,60,8,C8,12,-0.3304835855960846,1.1877894401550293,-0.2782341502825199,-0.9606132889731933,0.6823791386906733,247,0,196;293;236;214;278;227;285;290,
2PGEA,PF13378,238,60,8,C8_sub,12,-0.31650274991989136,1.1877894401550293,-0.2664636838988749,-0.9488428225895482,0.6823791386906733,289,0,196;293;236;214;278;227;285;290,196:F;293:V;236:K;214:W;278:I;227:F;285:S;290:H
2PGEA,PF13378,238,60,8,C8,13,-0.2795191705226898,1.1877894401550293,-0.23532720621443412,-0.9177063449051075,0.6823791386906733,243,0,187;192;296;251;288;292;277;189,
2PGEA,PF13378,238,60,8,C8_sub,13,0.9531137347221375,1.1877894401550293,0.802426509700017,0.1200473710093437,0.6823791386906733,238,1,187;192;296;251;288;292;277;189,187:F;192:D;296:G;251:M;288:L;292:T;277:L;189:V
2PGEA,PF13378,238,60,8,C8,14,-0.3901814818382263,1.1877894401550293,-0.328493812663716,-1.0108729513543895,0.6823791386906733,221,0,289;242;266;282;291;235;195;276,
2PGEA,PF13378,238,60,8,C8_sub,14,-0.31865933537483215,1.1877894401550293,-0.2682793133210891,-0.9506584520117625,0.6823791386906733,288,0,289;242;266;282;291;235;195;276,289:V;242:P;266:D;282:V;291:V;235:W;195:V;276:C
2PGEA,PF13378,238,60,8,C8,15,-0.3532198965549469,1.1877894401550293,-0.2973758518250886,-0.9797549905157619,0.6823791386906733,281,0,235;230;278;192;236;196;233;203,
2PGEA,PF13378,238,60,8,C8_sub,15,1.081753134727478,1.1877894401550293,0.910728028181736,0.2283488894910627,0.6823791386906733,238,1,235;230;278;192;236;196;233;203,235:V;230:M;278:F;192:D;236:K;196:F;233:W;203:A
2PGEA,PF13378,238,60,8,C8,16,-0.28746849298477173,1.1877894401550293,-0.24201974126597015,-0.9243988799566435,0.6823791386906733,247,0,297;227;237;213;241;179;252;216,
2PGEA,PF13378,238,60,8,C8_sub,16,-0.28596559166908264,1.1877894401550293,-0.24075444855929906,-0.9231335872499724,0.6823791386906733,241,0,297;227;237;213;241;179;252;216,297:V;227:I;237:C;213:E;241:W;179:T;252:W;216:G
2PGEA,PF13378,238,60,8,C8,17,-0.34708207845687866,1.1877894401550293,-0.2922084224048816,-0.974587561095555,0.6823791386906733,247,0,208;223;259;192;237;213;189;252,
2PGEA,PF13378,238,60,8,C8_sub,17,-0.2411075383424759,1.1877894401550293,-0.20298845080741476,-0.8853675894980881,0.6823791386906733,281,0,208;223;259;192;237;213;189;252,208:W;223:P;259:W;192:D;237:T;213:E;189:A;252:P
2PGEA,PF13378,238,60,8,C8,18,-0.29052606225013733,1.1877894401550293,-0.24459390901153164,-0.926973047702205,0.6823791386906733,283,0,214;294;182;211;213;250;277;216,
2PGEA,PF13378,238,60,8,C8_sub,18,-0.22445988655090332,1.1877894401550293,-0.18897279177831974,-0.8713519304689931,0.6823791386906733,184,0,214;294;182;211;213;250;277;216,214:P;294:M;182:A;211:K;213:E;250:F;277:V;216:G
2PGEA,PF13378,238,60,8,C8,19,-0.3526851534843445,1.1877894401550293,-0.29692565160228424,-0.9793047902929576,0.6823791386906733,221,0,192;251;297;240;282;295;178;195,
2PGEA,PF13378,238,60,8,C8_sub,19,0.7943803071975708,1.1877894401550293,0.6687888276678811,-0.01359031102279229,0.6823791386906733,238,1,192;251;297;240;282;295;178;195,192:D;251:F;297:A;240:C;282:W;295:G;178:G;195:M
3EKGA,PF13378,240,60,8,C0,0,1.190958857536316,1.3300811052322388,0.8954031847015589,1.0755069513868065e-06,0.8954021091946075,240,1,,
3EKGA,PF13378,240,60,8,C7,0,-0.4352220296859741,1.3300811052322388,-0.32721465478601935,-1.222616763980627,0.8954021091946075,276,0,241;298;215;243;269;265;297;242,
3EKGA,PF13378,240,60,8,C7_sub,0,0.7792130708694458,1.3300811052322388,0.5858387641206221,-0.3095633450739854,0.8954021091946075,289,0,241;298;215;243;269;265;297;242,241:D;298:G;215:E;243:M;269:D;265:I;297:G;242:D
3EKGA,PF13378,240,60,8,C8,0,-0.4403454065322876,1.3300811052322388,-0.3310665829324755,-1.2264686921270829,0.8954021091946075,289,0,249;271;252;191;225;219;282;228,
3EKGA,PF13378,240,60,8,C8_sub,0,0.7525985836982727,1.3300811052322388,0.5658290917281057,-0.3295730174665018,0.8954021091946075,289,0,249;271;252;191;225;219;282;228,249:C;271:D;252:S;191:G;225:I;219:T;282:D;228:A
3EKGA,PF13378,240,60,8,C8,1,-0.4335803985595703,1.3300811052322388,-0.32598042093370316,-1.2213825301283108,0.8954021091946075,289,0,282;232;295;241;296;277;246;252,
3EKGA,PF13378,240,60,8,C8_sub,1,0.598953902721405,1.3300811052322388,0.450313819484583,-0.4450882897100245,0.8954021091946075,289,0,282;232;295;241;296;277;246;252,282:D;232:F;295:P;241:D;296:Q;277:V;246:W;252:Q
3EKGA,PF13378,240,60,8,C8,2,-0.15652164816856384,1.3300811052322388,-0.11767827356756141,-1.0130803827621688,0.8954021091946075,289,0,255;229;277;228;268;206;285;184,
3EKGA,PF13378,240,60,8,C8_sub,2,0.949995756149292,1.3300811052322388,0.7142389681442908,-0.18116314105031672,0.8954021091946075,240,1,255;229;277;228;268;206;285;184,255:I;229:M;277:I;228:M;268:G;206:P;285:Y;184:G
3EKGA,PF13378,240,60,8,C8,3,0.014847693964838982,1.3300811052322388,0.011162998937757634,-0.8842391102568499,0.8954021091946075,289,0,270;297;224;299;293;228;187;225,
3EKGA,PF13378,240,60,8,C8_sub,3,0.9400600790977478,1.3300811052322388,0.7067689898005195,-0.188633119394088,0.8954021091946075,240,1,270;297;224;299;293;228;187;225,270:R;297:G;224:Q;299:F;293:P;228:V;187:D;225:P
3EKGA,PF13378,240,60,8,C8,4,0.36289146542549133,1.3300811052322388,0.2728340880852741,-0.6225680211093334,0.8954021091946075,240,1,288;219;184;273;212;277;238;297,
3EKGA,PF13378,240,60,8,C8_sub,4,1.1252597570419312,1.3300811052322388,0.8460083769443933,-0.04939373225021415,0.8954021091946075,240,1,288;219;184;273;212;277;238;297,288:F;219:Y;184:G;273:C;212:V;277:W;238:H;297:G
3EKGA,PF13378,240,60,8,C8,5,0.3657241761684418,1.3300811052322388,0.2749638159130037,-0.6204382932816038,0.8954021091946075,240,1,299;267;293;243;246;296;286;289,
3EKGA,PF13378,240,60,8,C8_sub,5,1.0459513664245605,1.3300811052322388,0.7863816441794594,-0.10902046501514806,0.8954021091946075,240,1,299;267;293;243;246;296;286;289,299:W;267:N;293:A;243:L;246:V;296:Y;286:Q;289:A
3EKGA,PF13378,240,60,8,C8,6,0.6921283006668091,1.3300811052322388,0.5203654859422727,-0.3750366232523348,0.8954021091946075,289,0,187;296;184;217;228;269;219;225,
3EKGA,PF13378,240,60,8,C8_sub,6,1.0321905612945557,1.3300811052322388,0.7760358050604216,-0.11936630413418592,0.8954021091946075,289,0,187;296;184;217;228;269;219;225,187:D;296:S;184:G;217:F;228:P;269:D;219:C;225:M
3EKGA,PF13378,240,60,8,C8,7,-0.2903648614883423,1.3300811052322388,-0.2183061321193967,-1.1137082413140043,0.8954021091946075,289,0,251;291;237;195;217;260;252;266,
3EKGA,PF13378,240,60,8,C8_sub,7,1.1785690784454346,1.3300811052322388,0.8860881293698631,-0.009313979824744356,0.8954021091946075,240,1,251;291;237;195;217;260;252;266,251:G;291:M;237:F;195:S;217:A;260:M;252:Q;266:C
3EKGA,PF13378,240,60,8,C8,8,0.05227063596248627,1.3300811052322388,0.039298833549973294,-0.8561032756446342,0.8954021091946075,276,0,187;285;281;292;286;191;273;239,
3EKGA,PF13378,240,60,8,C8_sub,8,0.8002275824546814,1.3300811052322388,0.6016381853007059,-0.2937639238939016,0.8954021091946075,240,1,187;285;281;292;286;191;273;239,187:D;285:T;281:V;292:E;286:N;191:G;273:N;239:M
3EKGA,PF13378,240,60,8,C8,9,-0.2849205732345581,1.3300811052322388,-0.21421293191350882,-1.1096150411081163,0.8954021091946075,289,0,224;281;182;273;232;237;238;282,
3EKGA,PF13378,240,60,8,C8_sub,9,1.3007185459136963,1.3300811052322388,0.9779242339410456,0.08252212474643805,0.8954021091946075,240,1,224;281;182;273;232;237;238;282,224:T;281:M;182:R;273:N;232:L;237:V;238:R;282:D
3EKGA,PF13378,240,60,8,C8,10,0.06832113116979599,1.3300811052322388,0.05136613917830731,-0.8440359700163002,0.8954021091946075,289,0,300;250;282;217;229;244;180;191,
3EKGA,PF13378,240,60,8,C8_sub,10,1.1454873085021973,1.3300811052322388,0.8612161348628357,-0.03418597433177184,0.8954021091946075,240,1,300;250;282;217;229;244;180;191,300:N;250:L;282:D;217:V;229:M;244:A;180:I;191:G
3EKGA,PF13378,240,60,8,C8,11,-0.2130558043718338,1.3300811052322388,-0.16018256596061728,-1.0555846751552247,0.8954021091946075,289,0,246;273;253;216;292;181;232;243,
3EKGA,PF13378,240,60,8,C8_sub,11,0.779227614402771,1.3300811052322388,0.5858496984412946,-0.30955241075331286,0.8954021091946075,240,1,246;273;253;216;292;181;232;243,246:V;273:C;253:I;216:N;292:E;181:F;232:F;243:F
3EKGA,PF13378,240,60,8,C8,12,-0.37070247530937195,1.3300811052322388,-0.27870666972947145,-1.174108778924079,0.8954021091946075,289,0,229;295;282;247;289;260;225;285,
3EKGA,PF13378,240,60,8,C8_sub,12,0.9978877902030945,1.3300811052322388,0.7502458205575805,-0.145156288637027,0.8954021091946075,240,1,229;295;282;247;289;260;225;285,229:I;295:F;282:D;247:E;289:V;260:W;225:V;285:Q
3EKGA,PF13378,240,60,8,C8,13,-0.12226846814155579,1.3300811052322388,-0.09192557330570236,-0.9873276825003099,0.8954021091946075,289,0,281;238;272;270;247;232;210;215,
3EKGA,PF13378,240,60,8,C8_sub,13,0.5283123850822449,1.3300811052322388,0.39720313521031403,-0.49819897398429347,0.8954021091946075,289,0,281;238;272;270;247;232;210;215,281:W;238:H;272:M;270:K;247:E;232:W;210:I;215:E
3EKGA,PF13378,240,60,8,C8,14,0.860994815826416,1.3300811052322388,0.6473250484045348,-0.24807706079007275,0.8954021091946075,240,1,187;212;245;238;184;195;285;199,
3EKGA,PF13378,240,60,8,C8_sub,14,0.9964367151260376,1.3300811052322388,0.7491548531937493,-0.1462472560008582,0.8954021091946075,240,1,187;212;245;238;184;195;285;199,187:D;212:W;245:I;238:H;184:G;195:C;285:T;199:V
3EKGA,PF13378,240,60,8,C8,15,0.4948805272579193,1.3300811052322388,0.37206793278332506,-0.5233341764112824,0.8954021091946075,240,1,244;250;282;277;245;300;232;218,
3EKGA,PF13378,240,60,8,C8_sub,15,1.0615381002426147,1.3300811052322388,0.7981002782963862,-0.09730183089822131,0.8954021091946075,240,1,244;250;282;277;245;300;232;218,244:P;250:F;282:D;277:M;245:L;300:N;232:V;218:F
3EKGA,PF13378,240,60,8,C8,16,0.3499608635902405,1.3300811052322388,0.26311242390676287,-0.6322896852878446,0.8954021091946075,289,0,273;272;184;281;271;238;220;282,
3EKGA,PF13378,240,60,8,C8_sub,16,1.1871540546417236,1.3300811052322388,0.8925426050875601,-0.0028595041070473837,0.8954021091946075,240,1,273;272;184;281;271;238;220;282,273:Q;272:V;184:G;281:F;271:D;238:R;220:I;282:D
3EKGA,PF13378,240,60,8,C8,17,0.44083118438720703,1.3300811052322388,0.33143180716805665,-0.5639703020265509,0.8954021091946075,289,0,215;295;212;245;288;249;243;199,
3EKGA,PF13378,240,60,8,C8_sub,17,0.852403998374939,1.3300811052322388,0.6408661810334528,-0.25453592816115467,0.8954021091946075,240,1,215;295;212;245;288;249;243;199,215:E;295:I;212:I;245:W;288:W;249:C;243:W;199:F
3EKGA,PF13378,240,60,8,C8,18,0.4704526960849762,1.3300811052322388,0.3537022623916102,-0.5416998468029973,0.8954021091946075,289,0,251;265;191;285;242;250;247;273,
3EKGA,PF13378,240,60,8,C8_sub,18,1.2982958555221558,1.3300811052322388,0.9761027732932623,0.08070066409865484,0.8954021091946075,240,1,251;265;191;285;242;250;247;273,251:G;265:I;191:G;285:Q;242:D;250:A;247:E;273:N
3EKGA,PF13378,240,60,8,C8,19,-0.2581946849822998,1.3300811052322388,-0.19411950441715187,-1.0895216136117594,0.8954021091946075,201,0,300;292;224;253;270;195;290;180,
3EKGA,PF13378,240,60,8,C8_sub,19,0.8987107276916504,1.3300811052322388,0.6756811476806379,-0.21972096151396958,0.8954021091946075,240,1,300;292;224;253;270;195;290;180,300:Q;292:E;224:S;253:I;270:R;195:C;290:S;180:L
3I6EA,PF13378,222,60,8,C0,0,1.1316300630569458,1.1911242008209229,0.9500521123464928,-5.004066303548882e-07,0.9500526127531231,222,1,,
3I6EA,PF13378,222,60,8,C7,0,-0.3614870011806488,1.1911242008209229,-0.3034838860057683,-1.2535364987588915,0.9500526127531231,192,0,223;278;197;225;167;249;245;277,
3I6EA,PF13378,222,60,8,C7_sub,0,-0.2745979428291321,1.1911242008209229,-0.23053678419083348,-1.1805893969439567,0.9500526127531231,269,0,223;278;197;225;167;249;245;277,223:D;278:G;197:E;225:L;167:R;249:D;245:A;277:G
3I6EA,PF13378,222,60,8,C8,0,-0.33172574639320374,1.1911242008209229,-0.27849803250121047,-1.2285506452543336,0.9500526127531231,226,0,272;245;280;271;196;256;219;198,
3I6EA,PF13378,222,60,8,C8_sub,0,0.9308860898017883,1.1911242008209229,0.7815189122681091,-0.16853370048501404,0.9500526127531231,222,1,272;245;280;271;196;256;219;198,272:H;245:M;280:S;271:M;196:M;256:E;219:F;198:S
3I6EA,PF13378,222,60,8,C8,1,0.6502341628074646,1.1911242008209229,0.5458995479726826,-0.40415306478044055,0.9500526127531231,222,1,182;166;280;211;271;226;268;275,
3I6EA,PF13378,222,60,8,C8_sub,1,1.1568384170532227,1.1911242008209229,0.9712156098045271,0.02116299705140401,0.9500526127531231,222,1,182;166;280;211;271;226;268;275,182:M;166:V;280:C;211:A;271:M;226:W;268:G;275:R
3I6EA,PF13378,222,60,8,C8,2,-0.3973102569580078,1.1911242008209229,-0.33355905008409836,-1.2836116628372216,0.9500526127531231,269,0,256;197;195;167;226;257;219;221,
3I6EA,PF13378,222,60,8,C8_sub,2,0.8134275674819946,1.1911242008209229,0.6829074305780878,-0.26714518217503536,0.9500526127531231,269,0,256;197;195;167;226;257;219;221,256:E;197:E;195:K;167:R;226:L;257:V;219:F;221:L
3I6EA,PF13378,222,60,8,C8,3,0.459120512008667,1.1911242008209229,0.3854514178221223,-0.5646011949310008,0.9500526127531231,269,0,214;219;185;163;208;202;249;257,
3I6EA,PF13378,222,60,8,C8_sub,3,0.9934273362159729,1.1911242008209229,0.8340249786976898,-0.11602763405543337,0.9500526127531231,222,1,214;219;185;163;208;202;249;257,214:P;219:A;185:V;163:P;208:A;202:F;249:D;257:V
3I6EA,PF13378,222,60,8,C8,4,0.5688655376434326,1.1911242008209229,0.47758708726711324,-0.4724655254860099,0.9500526127531231,222,1,221;246;195;254;269;249;275;208,
3I6EA,PF13378,222,60,8,C8_sub,4,1.1525115966796875,1.1911242008209229,0.9675830579929251,0.01753044523980196,0.9500526127531231,222,1,221;246;195;254;269;249;275;208,221:L;246:M;195:H;254:V;269:A;249:D;275:R;208:W
3I6EA,PF13378,222,60,8,C8,5,-0.23838822543621063,1.1911242008209229,-0.20013716896349973,-1.150189781716623,0.9500526127531231,269,0,195;225;202;282;274;189;278;167,
3I6EA,PF13378,222,60,8,C8_sub,5,0.5190759301185608,1.1911242008209229,0.43578657016691763,-0.5142660425862056,0.9500526127531231,269,0,195;225;202;282;274;189;278;167,195:H;225:M;202:P;282:W;274:A;189:I;278:G;167:R
3I6EA,PF13378,222,60,8,C8,6,0.681493878364563,1.1911242008209229,0.5721434237461361,-0.377909189006987,0.9500526127531231,222,1,257;168;259;277;265;195;226;250,
3I6EA,PF13378,222,60,8,C8_sub,6,1.1089938879013062,1.1911242008209229,0.9310480696614069,-0.019004543091716286,0.9500526127531231,222,1,257;168;259;277;265;195;226;250,257:A;168:M;259:K;277:G;265:P;195:K;226:P;250:Q
3I6EA,PF13378,222,60,8,C8,7,0.21702644228935242,1.1911242008209229,0.18220303318476594,-0.7678495795683572,0.9500526127531231,222,1,250;189;245;166;256;260;279;280,
3I6EA,PF13378,222,60,8,C8_sub,7,1.0706535577774048,1.1911242008209229,0.8988597134031113,-0.05119289935001181,0.9500526127531231,222,1,250;189;245;166;256;260;279;280,250:C;189:L;245:W;166:F;256:E;260:W;279:A;280:N
3I6EA,PF13378,222,60,8,C8,8,0.5972838401794434,1.1911242008209229,0.501445474592654,-0.44860713816046915,0.9500526127531231,222,1,248;198;254;274;265;271;197;202,
3I6EA,PF13378,222,60,8,C8_sub,8,1.0781521797180176,1.1911242008209229,0.9051551290578724,-0.044897483695250706,0.9500526127531231,222,1,248;198;254;274;265;271;197;202,248:E;198:C;254:W;274:I;265:M;271:F;197:E;202:A
3I6EA,PF13378,222,60,8,C8,9,0.5743204355239868,1.1911242008209229,0.4821667086674632,-0.46788590408565994,0.9500526127531231,222,1,211;170;214;248;233;182;237;259,
3I6EA,PF13378,222,60,8,C8_sub,9,1.1369587182998657,1.1911242008209229,0.9545257476225181,0.004473134869394935,0.9500526127531231,222,1,211;170;214;248;233;182;237;259,211:M;170:Q;214:F;248:E;233:I;182:P;237:I;259:K
3I6EA,PF13378,222,60,8,C8,10,0.4266088008880615,1.1911242008209229,0.35815643792145496,-0.5918961748316682,0.9500526127531231,269,0,244;254;219;246;163;265;198;230,
3I6EA,PF13378,222,60,8,C8_sub,10,0.9490486979484558,1.1911242008209229,0.7967672030291815,-0.15328540972394167,0.9500526127531231,222,1,244;254;219;246;163;265;198;230,244:A;254:M;219:F;246:V;163:W;265:W;198:C;230:K
3I6EA,PF13378,222,60,8,C8,11,-0.301270455121994,1.1911242008209229,-0.25292950551618243,-1.2029821182693055,0.9500526127531231,269,0,251;246;208;266;268;198;223;204,
3I6EA,PF13378,222,60,8,C8_sub,11,0.9421249628067017,1.1911242008209229,0.7909544295694682,-0.15909818318365498,0.9500526127531231,222,1,251;246;208;266;268;198;223;204,251:W;246:V;208:L;266:S;268:G;198:S;223:D;204:L
3I6EA,PF13378,222,60,8,C8,12,0.29079002141952515,1.1911242008209229,0.24413073063171134,-0.7059218821214118,0.9500526127531231,222,1,230;270;266;168;273;195;259;277,
3I6EA,PF13378,222,60,8,C8_sub,12,1.1159160137176514,1.1911242008209229,0.936859492023218,-0.013193120729905083,0.9500526127531231,222,1,230;270;266;168;273;195;259;277,230:K;270:N;266:T;168:F;273:P;195:H;259:H;277:G
3I6EA,PF13378,222,60,8,C8,13,0.8873317241668701,1.1911242008209229,0.7449531489288196,-0.20509946382430355,0.9500526127531231,222,1,246;274;170;228;251;253;178;204,
3I6EA,PF13378,222,60,8,C8_sub,13,1.133791208267212,1.1911242008209229,0.9518664867070982,0.0018138739539750315,0.9500526127531231,222,1,246;274;170;228;251;253;178;204,246:W;274:A;170:N;228:M;251:W;253:G;178:E;204:V
3I6EA,PF13378,222,60,8,C8,14,0.3211958408355713,1.1911242008209229,0.26965772386641385,-0.6803948888867093,0.9500526127531231,222,1,182;273;208;167;246;249;269;221,
3I6EA,PF13378,222,60,8,C8_sub,14,1.1553560495376587,1.1911242008209229,0.969971098514653,0.01991848576152988,0.9500526127531231,222,1,182;273;208;167;246;249;269;221,182:M;273:L;208:W;167:R;246:I;249:D;269:L;221:L
3I6EA,PF13378,222,60,8,C8,15,-0.3595011234283447,1.1911242008209229,-0.30181665621484016,-1.2518692689679634,0.9500526127531231,226,0,260;279;247;223;185;196;233;228,
3I6EA,PF13378,222,60,8,C8_sub,15,-0.28764429688453674,1.1911242008209229,-0.2414897595786336,-1.1915423723317566,0.9500526127531231,269,0,260;279;247;223;185;196;233;228,260:W;279:F;247:P;223:D;185:F;196:W;233:F;228:I
3I6EA,PF13378,222,60,8,C8,16,-0.16311343014240265,1.1911242008209229,-0.1369407405457675,-1.0869933532988907,0.9500526127531231,192,0,253;219;182;267;221;247;211;234,
3I6EA,PF13378,222,60,8,C8_sub,16,1.114180564880371,1.1911242008209229,0.9354025080780642,-0.014650104675058895,0.9500526127531231,222,1,253;219;182;267;221;247;211;234,253:G;219:L;182:W;267:E;221:A;247:I;211:I;234:I
3I6EA,PF13378,222,60,8,C8,17,0.2522914707660675,1.1911242008209229,0.21180954143336875,-0.7382430713197544,0.9500526127531231,222,1,267;274;273;275;163;249;257;237,
3I6EA,PF13378,222,60,8,C8_sub,17,1.0450513362884521,1.1911242008209229,0.8773655472436902,-0.07268706550943294,0.9500526127531231,222,1,267;274;273;275;163;249;257;237,267:E;274:W;273:F;275:R;163:I;249:D;257:V;237:M
3I6EA,PF13378,222,60,8,C8,18,0.6773602962493896,1.1911242008209229,0.5686731037641187,-0.3813795089890044,0.9500526127531231,222,1,224;208;258;254;221;214;272;251,
3I6EA,PF13378,222,60,8,C8_sub,18,1.1742321252822876,1.1911242008209229,0.9858183760123477,0.03576576325922454,0.9500526127531231,222,1,224;208;258;254;221;214;272;251,224:C;208:P;258:M;254:A;221:A;214:A;272:R;251:M
3I6EA,PF13378,222,60,8,C8,19,0.992458164691925,1.1911242008209229,0.833211317516614,-0.1168412952365091,0.9500526127531231,222,1,211;200;276;247;278;253;231;265,
3I6EA,PF13378,222,60,8,C8_sub,19,1.1634521484375,1.1911242008209229,0.976768121775755,0.026715509022631867,0.9500526127531231,222,1,211;200;276;247;278;253;231;265,211:P;200:C;276:N;247:L;278:G;253:G;231:M;265:P
2PGWA,PF13378,220,60,8,C0,0,1.1108624935150146,1.1841639280319214,0.938098575052245,3.020087507854541e-07,0.9380982730434942,220,1,,
2PGWA,PF13378,220,60,8,C7,0,0.8251307010650635,1.1841639280319214,0.6968044554746988,-0.24129381756879542,0.9380982730434942,220,1,221;276;195;223;166;247;243;275,
2PGWA,PF13378,220,60,8,C7_sub,0,0.8202194571495056,1.1841639280319214,0.6926570196346963,-0.24544125340879797,0.9380982730434942,194,0,221;276;195;223;166;247;243;275,221:D;276:G;195:E;223:V;166:Q;247:C;243:P;275:G
2PGWA,PF13378,220,60,8,C8,0,1.0433650016784668,1.1841639280319214,0.8810984501212917,-0.056999822922202514,0.9380982730434942,220,1,231;245;204;248;221;229;180;211,
2PGWA,PF13378,220,60,8,C8_sub,0,1.0708746910095215,1.1841639280319214,0.9043297685898215,-0.03376850445367274,0.9380982730434942,220,1,231;245;204;248;221;229;180;211,231:I;245:I;204:E;248:L;221:D;229:M;180:C;211:H
2PGWA,PF13378,220,60,8,C8,1,0.9141715168952942,1.1841639280319214,0.7719974365497232,-0.16610083649377105,0.9380982730434942,220,1,212;203;194;196;200;257;204;210,
2PGWA,PF13378,220,60,8,C8_sub,1,1.055942416191101,1.1841639280319214,0.8917197958783255,-0.04637847716516874,0.9380982730434942,220,1,212;203;194;196;200;257;204;210,212:P;203:R;194:F;196:W;200:I;257:D;204:E;210:H
2PGWA,PF13378,220,60,8,C8,2,0.9356622695922852,1.1841639280319214,0.790145897407426,-0.14795237563606822,0.9380982730434942,220,1,217;258;226;176;218;230;256;182,
2PGWA,PF13378,220,60,8,C8_sub,2,1.0352845191955566,1.1841639280319214,0.8742746630664538,-0.0638236099770404,0.9380982730434942,220,1,217;258;226;176;218;230;256;182,217:M;258:F;226:Y;176:E;218:D;230:I;256:S;182:F
2PGWA,PF13378,220,60,8,C8,3,0.9659863710403442,1.1841639280319214,0.8157539240752014,-0.12234434896829283,0.9380982730434942,220,1,257;231;261;247;242;219;244;175,
2PGWA,PF13378,220,60,8,C8_sub,3,1.017575979232788,1.1841639280319214,0.8593201964224647,-0.07877807662102954,0.9380982730434942,220,1,257;231;261;247;242;219;244;175,257:D;231:W;261:T;247:N;242:L;219:P;244:I;175:F
2PGWA,PF13378,220,60,8,C8,4,1.0038361549377441,1.1841639280319214,0.8477172215557337,-0.09038105148776054,0.9380982730434942,220,1,263;236;262;235;276;239;212;216,
2PGWA,PF13378,220,60,8,C8_sub,4,1.0864665508270264,1.1841639280319214,0.9174967461073841,-0.02060152693611017,0.9380982730434942,220,1,263;236;262;235;276;239;212;216,263:M;236:K;262:H;235:A;276:G;239:W;212:F;216:E
2PGWA,PF13378,220,60,8,C8,5,1.0097585916519165,1.1841639280319214,0.8527185871386352,-0.085379685904859,0.9380982730434942,220,1,276;203;166;224;264;230;261;162,
2PGWA,PF13378,220,60,8,C8_sub,5,1.0657051801681519,1.1841639280319214,0.8999642320969464,-0.03813404094654782,0.9380982730434942,220,1,276;203;166;224;264;230;261;162,276:G;203:R;166:N;224:C;264:W;230:A;261:T;162:D
2PGWA,PF13378,220,60,8,C8,6,1.0237232446670532,1.1841639280319214,0.8645114248400385,-0.07358684820345573,0.9380982730434942,220,1,255;254;234;180;257;187;265;190,
2PGWA,PF13378,220,60,8,C8_sub,6,1.1151658296585083,1.1841639280319214,0.9417326463506722,0.003634373307177974,0.9380982730434942,220,1,255;254;234;180;257;187;265;190,255:W;254:E;234:K;180:N;257:D;187:M;265:E;190:I
2PGWA,PF13378,220,60,8,C8,7,1.0286142826080322,1.1841639280319214,0.8686417971856207,-0.06945647585787351,0.9380982730434942,220,1,165;265;236;245;267;277;206;177,
2PGWA,PF13378,220,60,8,C8_sub,7,1.0867401361465454,1.1841639280319214,0.9177277828017493,-0.020370490241744976,0.9380982730434942,220,1,165;265;236;245;267;277;206;177,165:V;265:E;236:H;245:M;267:V;277:W;206:A;177:W
2PGWA,PF13378,220,60,8,C8,8,0.9934818148612976,1.1841639280319214,0.8389732125284908,-0.09912506051500347,0.9380982730434942,220,1,209;234;244;271;200;273;270;225,
2PGWA,PF13378,220,60,8,C8_sub,8,1.0769174098968506,1.1841639280319214,0.9094327097825768,-0.028665563260917404,0.9380982730434942,220,1,209;234;244;271;200;273;270;225,209:S;234:K;244:W;271:I;200:P;273:D;270:G;225:L
2PGWA,PF13378,220,60,8,C8,9,1.0626397132873535,1.1841639280319214,0.8973755137546362,-0.040722759288858046,0.9380982730434942,220,1,179;221;255;209;239;202;275;278,
2PGWA,PF13378,220,60,8,C8_sub,9,1.0898792743682861,1.1841639280319214,0.9203787149467252,-0.01771955809676906,0.9380982730434942,220,1,179;221;255;209;239;202;275;278,179:V;221:D;255:P;209:Y;239:P;202:L;275:G;278:Y
2PGWA,PF13378,220,60,8,C8,10,1.0371004343032837,1.1841639280319214,0.8758081628334542,-0.06229011021004005,0.9380982730434942,220,1,169;242;255;236;179;254;250;227,
2PGWA,PF13378,220,60,8,C8_sub,10,1.1179708242416382,1.1841639280319214,0.9441014016528133,0.006003128609319064,0.9380982730434942,220,1,169;242;255;236;179;254;250;227,169:A;242:W;255:M;236:H;179:P;254:E;250:I;227:A
2PGWA,PF13378,220,60,8,C8,11,1.0082515478134155,1.1841639280319214,0.8514459222627462,-0.08665235078074807,0.9380982730434942,220,1,254;224;252;167;243;191;206;172,
2PGWA,PF13378,220,60,8,C8_sub,11,1.101755976676941,1.1841639280319214,0.9304083248913498,-0.00768994815214441,0.9380982730434942,220,1,254;224;252;167;243;191;206;172,254:E;224:C;252:V;167:M;243:M;191:K;206:W;172:G
2PGWA,PF13378,220,60,8,C8,12,1.064276099205017,1.1841639280319214,0.8987574051287327,-0.039340867914761546,0.9380982730434942,220,1,218;247;267;246;180;224;249;181,
2PGWA,PF13378,220,60,8,C8_sub,12,1.1544194221496582,1.1841639280319214,0.9748814288476947,0.03678315580420044,0.9380982730434942,220,1,218;247;267;246;180;224;249;181,218:D;247:N;267:M;246:E;180:Y;224:S;249:L;181:F
2PGWA,PF13378,220,60,8,C8,13,1.063012957572937,1.1841639280319214,0.8976907102208922,-0.04040756282260205,0.9380982730434942,220,1,209;221;196;241;257;249;230;181,
2PGWA,PF13378,220,60,8,C8_sub,13,1.2049381732940674,1.1841639280319214,1.0175433863254666,0.07944511328197235,0.9380982730434942,220,1,209;221;196;241;257;249;230;181,209:Q;221:D;196:P;241:F;257:D;249:P;230:M;181:L
2PGWA,PF13378,220,60,8,C8,14,1.0557429790496826,1.1841639280319214,0.8915513756649603,-0.0465468973785339,0.9380982730434942,220,1,259;184;233;229;222;243;224;162,
2PGWA,PF13378,220,60,8,C8_sub,14,1.0560952425003052,1.1841639280319214,0.8918488542845026,-0.04624941875899169,0.9380982730434942,220,1,259;184;233;229;222;243;224;162,259:S;184:H;233:V;229:P;222:T;243:F;224:N;162:D
2PGWA,PF13378,220,60,8,C8,15,1.082669734954834,1.1841639280319214,0.9142904198696792,-0.023807853173815063,0.9380982730434942,220,1,196;167;222;257;221;206;255;227,
2PGWA,PF13378,220,60,8,C8_sub,15,1.1108388900756836,1.1841639280319214,0.938078642474692,-1.963056880227576e-05,0.9380982730434942,220,1,196;167;222;257;221;206;255;227,196:W;167:I;222:T;257:D;221:D;206:L;255:A;227:F
2PGWA,PF13378,220,60,8,C8,16,1.0854871273040771,1.1841639280319214,0.9166696448085149,-0.021428628234979374,0.9380982730434942,220,1,236;262;277;183;244;261;179;190,
2PGWA,PF13378,220,60,8,C8_sub,16,1.1149426698684692,1.1841639280319214,0.9415441928901704,0.003445919846676193,0.9380982730434942,220,1,236;262;277;183;244;261;179;190,236:K;262:K;277:V;183:L;244:W;261:T;179:M;190:P
2PGWA,PF13378,220,60,8,C8,17,0.9484683871269226,1.1841639280319214,0.800960377760599,-0.13713789528289522,0.9380982730434942,220,1,242;194;256;207;204;270;193;238,
2PGWA,PF13378,220,60,8,C8_sub,17,1.2101744413375854,1.1841639280319214,1.0219652977851583,0.08386702474166408,0.9380982730434942,220,1,242;194;256;207;204;270;193;238,242:V;194:W;256:N;207:T;204:E;270:G;193:K;238:R
2PGWA,PF13378,220,60,8,C8,18,0.8106720447540283,1.1841639280319214,0.6845944430188513,-0.25350383002464294,0.9380982730434942,194,0,270;200;271;275;204;223;167;172,
2PGWA,PF13378,220,60,8,C8_sub,18,1.1027805805206299,1.1841639280319214,0.9312735799624039,-0.0068246930810903494,0.9380982730434942,220,1,270;200;271;275;204;223;167;172,270:G;200:I;271:I;275:G;204:E;223:M;167:P;172:G
2PGWA,PF13378,220,60,8,C8,19,1.0861084461212158,1.1841639280319214,0.9171943346782454,-0.020903938365248842,0.9380982730434942,220,1,219;203;255;179;251;269;263;190,
2PGWA,PF13378,220,60,8,C8_sub,19,1.1221164464950562,1.1841639280319214,0.9476022870921359,0.009504014048641651,0.9380982730434942,220,1,219;203;255;179;251;269;263;190,219:P;203:K;255:A;179:P;251:S;269:A;263:P;190:P
1F5VA,PF00881,114,60,8,C0,0,1.3422520160675049,1.4334334135055542,0.9363895130537949,0.0,0.9363895130537949,114,1,,
1F5VA,PF00881,114,60,8,C7,0,1.2986948490142822,1.4334334135055542,0.9060029135488337,-0.030386599504961254,0.9363895130537949,114,1,157;122;118;124;116;123;144;142,
1F5VA,PF00881,114,60,8,C7_sub,0,1.3336200714111328,1.4334334135055542,0.9303676465512818,-0.006021866502513129,0.9363895130537949,114,1,157;122;118;124;116;123;144;142,157:G;122:G;118:V;124:G;116:W;123:P;144:F;142:V
1F5VA,PF00881,114,60,8,C8,0,1.2963653802871704,1.4334334135055542,0.9043778162787659,-0.03201169677502902,0.9363895130537949,114,1,63;150;85;151;72;98;74;54,
1F5VA,PF00881,114,60,8,C8_sub,0,1.3437880277633667,1.4334334135055542,0.9374610743006514,0.0010715612468564784,0.9363895130537949,114,1,63;150;85;151;72;98;74;54,63:Y;150:M;85:R;151:I;72:M;98:D;74:D;54:L
1F5VA,PF00881,114,60,8,C8,1,1.3114914894104004,1.4334334135055542,0.9149301788654857,-0.021459334188309254,0.9363895130537949,114,1,169;104;171;80;112;75;102;140,
1F5VA,PF00881,114,60,8,C8_sub,1,1.3030152320861816,1.4334334135055542,0.9090169238482962,-0.027372589205498676,0.9363895130537949,114,1,169;104;171;80;112;75;102;140,169:W;104:L;171:V;80:L;112:Y;75:I;102:A;140:R
1F5VA,PF00881,114,60,8,C8,2,1.3173720836639404,1.4334334135055542,0.919032632595205,-0.017356880458589963,0.9363895130537949,114,1,130;127;151;100;138;73;119;143,
1F5VA,PF00881,114,60,8,C8_sub,2,1.2891981601715088,1.4334334135055542,0.899377779271024,-0.037011733782770895,0.9363895130537949,114,1,130;127;151;100;138;73;119;143,130:G;127:C;151:A;100:I;138:F;73:L;119:D;143:H
1F5VA,PF00881,114,60,8,C8,3,1.2953639030456543,1.4334334135055542,0.9036791600090848,-0.03271035304471015,0.9363895130537949,114,1,138;76;99;102;84;168;118;143,
1F5VA,PF00881,114,60,8,C8_sub,3,1.327317476272583,1.4334334135055542,0.9259707941553714,-0.010418718898423496,0.9363895130537949,114,1,138;76;99;102;84;168;118;143,138:I;76:M;99:Y;102:F;84:K;168:K;118:M;143:R
1F5VA,PF00881,114,60,8,C8,4,1.3049081563949585,1.4334334135055542,0.9103374765094397,-0.026052036544355173,0.9363895130537949,114,1,112;117;168;104;75;173;89;67,
1F5VA,PF00881,114,60,8,C8_sub,4,1.3280391693115234,1.4334334135055542,0.9264742657726373,-0.009915247281157669,0.9363895130537949,114,1,112;117;168;104;75;173;89;67,112:N;117:P;168:K;104:M;75:W;173:A;89:Q;67:H
1F5VA,PF00881,114,60,8,C8,5,1.3033391237258911,1.4334334135055542,0.9092428789827711,-0.0271466340710238,0.9363895130537949,114,1,150;168;92;75;154;100;72;143,
1F5VA,PF00881,114,60,8,C8_sub,5,1.347044587135315,1.4334334135055542,0.9397329338382243,0.003343420784429396,0.9363895130537949,114,1,150;168;92;75;154;100;72;143,150:I;168:K;92:L;75:A;154:I;100:W;72:I;143:H
1F5VA,PF00881,114,60,8,C8,6,1.3252067565917969,1.4334334135055542,0.9244983018436259,-0.011891211210169006,0.9363895130537949,114,1,73;82;63;106;75;104;109;91,
1F5VA,PF00881,114,60,8,C8_sub,6,1.3305981159210205,1.4334334135055542,0.9282594527128796,-0.008130060340915346,0.9363895130537949,114,1,73;82;63;106;75;104;109;91,73:F;82:A;63:Q;106:E;75:I;104:A;109:A;91:E
1F5VA,PF00881,114,60,8,C8,7,1.2223535776138306,1.4334334135055542,0.8527452800367517,-0.08364423301704327,0.9363895130537949,114,1,74;107;85;124;80;113;147;140,
1F5VA,PF00881,114,60,8,C8_sub,7,1.2762784957885742,1.4334334135055542,0.8903646892584655,-0.04602482379532946,0.9363895130537949,114,1,74;107;85;124;80;113;147;140,74:D;107:Q;85:R;124:G;80:F;113:C;147:R;140:H
1F5VA,PF00881,114,60,8,C8,8,1.3174846172332764,1.4334334135055542,0.9191111389061892,-0.01727837414760569,0.9363895130537949,114,1,173;96;154;169;100;79;159;57,
1F5VA,PF00881,114,60,8,C8_sub,8,1.3610490560531616,1.4334334135055542,0.9495028113825169,0.01311329832872199,0.9363895130537949,114,1,173;96;154;169;100;79;159;57,173:W;96:F;154:V;169:V;100:I;79:Q;159:L;57:D
1F5VA,PF00881,114,60,8,C8,9,1.2956178188323975,1.4334334135055542,0.9038562981895896,-0.03253321486420535,0.9363895130537949,114,1,157;139;100;153;72;154;115;165,
1F5VA,PF00881,114,60,8,C8_sub,9,1.361729621887207,1.4334334135055542,0.9499775916043488,0.013588078550553884,0.9363895130537949,114,1,157;139;100;153;72;154;115;165,157:G;139:N;100:W;153:G;72:V;154:F;115:I;165:W
1F5VA,PF00881,114,60,8,C8,10,1.3398064374923706,1.4334334135055542,0.934683414568792,-0.001706098485002916,0.9363895130537949,114,1,80;118;110;66;107;95;171;91,
1F5VA,PF00881,114,60,8,C8_sub,10,1.342354416847229,1.4334334135055542,0.936460950470252,7.143741645709856e-05,0.9363895130537949,114,1,80;118;110;66;107;95;171;91,80:M;118:L;110:I;66:N;107:N;95:G;171:F;91:E
1F5VA,PF00881,114,60,8,C8,11,1.3002780675888062,1.4334334135055542,0.9071074075278405,-0.02928210552595445,0.9363895130537949,114,1,89;139;68;76;95;117;107;91,
1F5VA,PF00881,114,60,8,C8_sub,11,1.3273690938949585,1.4334334135055542,0.9260068039357277,-0.010382709118067268,0.9363895130537949,114,1,89;139;68;76;95;117;107;91,89:Q;139:S;68:K;76:M;95:G;117:M;107:C;91:E
1F5VA,PF00881,114,60,8,C8,12,1.3160561323165894,1.4334334135055542,0.9181145911047859,-0.018274921949009038,0.9363895130537949,114,1,72;126;106;112;142;150;107;64,
1F5VA,PF00881,114,60,8,C8_sub,12,1.3044310808181763,1.4334334135055542,0.9100046563224068,-0.02638485673138813,0.9363895130537949,114,1,72;126;106;112;142;150;107;64,72:M;126:I;106:E;112:S;142:I;150:I;107:Q;64:G
1F5VA,PF00881,114,60,8,C8,13,1.301111102104187,1.4334334135055542,0.9076885538214402,-0.028700959232354717,0.9363895130537949,114,1,157;59;118;127;173;84;149;90,
1F5VA,PF00881,114,60,8,C8_sub,13,1.3414891958236694,1.4334334135055542,0.9358573500410953,-0.000532163012699649,0.9363895130537949,114,1,157;59;118;127;173;84;149;90,157:G;59:W;118:I;127:T;173:M;84:H;149:M;90:I
1F5VA,PF00881,114,60,8,C8,14,1.327843427658081,1.4334334135055542,0.926337711363065,-0.010051801690729945,0.9363895130537949,114,1,81;123;92;168;129;174;126;133,
1F5VA,PF00881,114,60,8,C8_sub,14,1.3333518505096436,1.4334334135055542,0.9301805287549739,-0.0062089842988209965,0.9363895130537949,114,1,81;123;92;168;129;174;126;133,81:E;123:P;92:F;168:K;129:G;174:V;126:I;133:T
1F5VA,PF00881,114,60,8,C8,15,1.3867321014404297,1.4334334135055542,0.9674199641049852,0.03103045105119029,0.9363895130537949,114,1,130;111;105;156;128;78;101;140,
1F5VA,PF00881,114,60,8,C8_sub,15,1.345591425895691,1.4334334135055542,0.9387191711995606,0.0023296581457656895,0.9363895130537949,114,1,130;111;105;156;128;78;101;140,130:G;111:V;105:A;156:M;128:V;78:W;101:V;140:H
1F5VA,PF00881,114,60,8,C8,16,1.28451669216156,1.4334334135055542,0.8961118668359985,-0.04027764621779639,0.9363895130537949,114,1,119;138;110;99;147;124;144;67,
1F5VA,PF00881,114,60,8,C8_sub,16,1.3250290155410767,1.4334334135055542,0.9243743051172726,-0.012015207936522332,0.9363895130537949,114,1,119;138;110;99;147;124;144;67,119:D;138:M;110:W;99:C;147:K;124:G;144:I;67:H
1F5VA,PF00881,114,60,8,C8,17,1.2991142272949219,1.4334334135055542,0.9062954826187942,-0.030094030435000696,0.9363895130537949,114,1,76;169;99;68;142;63;125;54,
1F5VA,PF00881,114,60,8,C8_sub,17,1.3257637023925781,1.4334334135055542,0.9248868415522261,-0.011502671501568806,0.9363895130537949,114,1,76;169;99;68;142;63;125;54,76:A;169:M;99:T;68:R;142:M;63:C;125:G;54:M
1F5VA,PF00881,114,60,8,C8,18,1.3130762577056885,1.4334334135055542,0.9160357539695377,-0.020353759084257184,0.9363895130537949,114,1,105;149;112;92;156;77;82;90,
1F5VA,PF00881,114,60,8,C8_sub,18,1.2953011989593506,1.4334334135055542,0.9036354160264812,-0.03275409702731369,0.9363895130537949,114,1,105;149;112;92;156;77;82;90,105:L;149:I;112:T;92:V;156:P;77:L;82:M;90:W
1F5VA,PF00881,114,60,8,C8,19,1.3020695447921753,1.4334334135055542,0.9083571880802471,-0.028032324973547795,0.9363895130537949,114,1,169;85;125;89;73;119;84;164,
1F5VA,PF00881,114,60,8,C8_sub,19,1.3043854236602783,1.4334334135055542,0.909972804715302,-0.026416708338492967,0.9363895130537949,114,1,169;85;125;89;73;119;84;164,169:A;85:R;125:G;89:Y;73:W;119:D;84:H;164:E
4QLXA,PF00881,154,60,8,C0,0,1.3063347339630127,1.387251615524292,0.9416710850030635,-1.7186397649471274e-07,0.94167125686704,154,1,,
4QLXA,PF00881,154,60,8,C7,0,1.2748459577560425,1.387251615524292,0.9189724080978868,-0.02269884876915318,0.94167125686704,154,1,196;162;158;164;156;163;182;180,
4QLXA,PF00881,154,60,8,C7_sub,0,1.294856071472168,1.387251615524292,0.9333966938526833,-0.008274563014356695,0.94167125686704,154,1,196;162;158;164;156;163;182;180,196:G;162:G;158:M;164:E;156:M;163:T;182:W;180:I
4QLXA,PF00881,154,60,8,C8,0,1.2959755659103394,1.387251615524292,0.9342036811545135,-0.007467575712526542,0.94167125686704,154,1,131;94;145;160;166;124;140;138,
4QLXA,PF00881,154,60,8,C8_sub,0,1.2553658485412598,1.387251615524292,0.9049301759629323,-0.03674108090410766,0.94167125686704,154,1,131;94;145;160;166;124;140;138,131:C;94:G;145:M;160:P;166:T;124:M;140:R;138:M
4QLXA,PF00881,154,60,8,C8,1,1.24375319480896,1.387251615524292,0.8965591972577384,-0.04511205960930165,0.94167125686704,154,1,170;131;196;149;169;130;172;105,
4QLXA,PF00881,154,60,8,C8_sub,1,1.3006070852279663,1.387251615524292,0.9375423107627238,-0.0041289461043162445,0.94167125686704,154,1,170;131;196;149;169;130;172;105,170:G;131:C;196:G;149:M;169:T;130:A;172:E;105:I
4QLXA,PF00881,154,60,8,C8,2,1.233965516090393,1.387251615524292,0.8895037513609478,-0.05216750550609217,0.94167125686704,154,1,191;169;168;161;148;130;198;119,
4QLXA,PF00881,154,60,8,C8_sub,2,1.2867367267608643,1.387251615524292,0.9275438661317114,-0.014127390735328649,0.94167125686704,154,1,191;169;168;161;148;130;198;119,191:W;169:N;168:I;161:R;148:T;130:A;198:M;119:K
4QLXA,PF00881,154,60,8,C8,3,1.2768584489822388,1.387251615524292,0.9204231119238367,-0.021248144943203262,0.94167125686704,154,1,94;156;142;148;120;119;172;209,
4QLXA,PF00881,154,60,8,C8_sub,3,1.2945116758346558,1.387251615524292,0.9331484363385755,-0.008522820528464536,0.94167125686704,154,1,94;156;142;148;120;119;172;209,94:G;156:W;142:E;148:C;120:V;119:H;172:E;209:E
4QLXA,PF00881,154,60,8,C8,4,1.321498155593872,1.387251615524292,0.952601633910825,0.010930377043784967,0.94167125686704,154,1,147;151;159;155;131;122;124;214,
4QLXA,PF00881,154,60,8,C8_sub,4,1.2821310758590698,1.387251615524292,0.9242238837649553,-0.017447373102084662,0.94167125686704,154,1,147;151;159;155;131;122;124;214,147:S;151:G;159:H;155:V;131:Q;122:Y;124:I;214:C
4QLXA,PF00881,154,60,8,C8,5,1.2964227199554443,1.387251615524292,0.9345260120425088,-0.007145244824531161,0.94167125686704,154,1,163;166;131;157;94;107;180;179,
4QLXA,PF00881,154,60,8,C8_sub,5,1.2137494087219238,1.387251615524292,0.8749309751304233,-0.06674028173661672,0.94167125686704,154,1,163;166;131;157;94;107;180;179,163:Q;166:S;131:N;157:W;94:G;107:C;180:W;179:C
4QLXA,PF00881,154,60,8,C8,6,1.2859848737716675,1.387251615524292,0.9270018930817016,-0.014669363785338452,0.94167125686704,154,1,168;94;193;127;157;210;140;186,
4QLXA,PF00881,154,60,8,C8_sub,6,1.1723170280456543,1.387251615524292,0.8450644532878009,-0.09660680357923912,0.94167125686704,154,1,168;94;193;127;157;210;140;186,168:A;94:G;193:W;127:P;157:P;210:M;140:R;186:K
4QLXA,PF00881,154,60,8,C8,7,1.2762786149978638,1.387251615524292,0.9200051387328985,-0.021666118134141543,0.94167125686704,154,1,167;169;170;165;149;110;140;188,
4QLXA,PF00881,154,60,8,C8_sub,7,1.2848904132843018,1.387251615524292,0.9262129514974079,-0.015458305369632108,0.94167125686704,154,1,167;169;170;165;149;110;140;188,167:F;169:T;170:G;165:L;149:I;110:S;140:H;188:I
4QLXA,PF00881,154,60,8,C8,8,1.3503628969192505,1.387251615524292,0.9734087758902339,0.03173751902319388,0.94167125686704,154,1,156;139;120;176;145;124;173;172,
4QLXA,PF00881,154,60,8,C8_sub,8,1.3415216207504272,1.387251615524292,0.9670355440483075,0.025364287181267486,0.94167125686704,154,1,156;139;120;176;145;124;173;172,156:W;139:W;120:A;176:F;145:P;124:P;173:W;172:E
4QLXA,PF00881,154,60,8,C8,9,1.284975528717041,1.387251615524292,0.9262743069370316,-0.015396949930008397,0.94167125686704,154,1,152;147;165;164;166;130;98;214,
4QLXA,PF00881,154,60,8,C8_sub,9,1.2837612628936768,1.387251615524292,0.925399003704528,-0.016272253162512018,0.94167125686704,154,1,152;147;165;164;166;130;98;214,152:I;147:S;165:F;164:E;166:T;130:I;98:C;214:Y
4QLXA,PF00881,154,60,8,C8,10,1.199032187461853,1.387251615524292,0.864322069654751,-0.077349187212289,0.94167125686704,154,1,160;131;155;165;94;115;107;180,
4QLXA,PF00881,154,60,8,C8_sub,10,0.9528530836105347,1.387251615524292,0.6868639206813375,-0.2548073361857025,0.94167125686704,154,1,160;131;155;165;94;115;107;180,160:L;131:N;155:P;165:L;94:G;115:L;107:T;180:A
4QLXA,PF00881,154,60,8,C8,11,1.2957557439804077,1.387251615524292,0.9340452225681463,-0.007626034298893747,0.94167125686704,154,1,148;146;169;155;131;122;119;182,
4QLXA,PF00881,154,60,8,C8_sub,11,1.2910008430480957,1.387251615524292,0.9306176533520779,-0.011053603514962096,0.94167125686704,154,1,148;146;169;155;131;122;119;182,148:C;146:E;169:Y;155:M;131:Q;122:S;119:K;182:V
4QLXA,PF00881,154,60,8,C8,12,1.3095194101333618,1.387251615524292,0.9439667580696582,0.002295501202618233,0.94167125686704,154,1,146;191;123;176;142;140;110;172,
4QLXA,PF00881,154,60,8,C8_sub,12,1.3125282526016235,1.387251615524292,0.9461356814535568,0.0044644245865167465,0.94167125686704,154,1,146;191;123;176;142;140;110;172,146:E;191:V;123:L;176:F;142:E;140:H;110:Q;172:E
4QLXA,PF00881,154,60,8,C8,13,1.2167582511901855,1.387251615524292,0.8770998985143219,-0.0645713583527181,0.94167125686704,154,1,149;96;139;165;193;130;162;172,
4QLXA,PF00881,154,60,8,C8_sub,13,1.127874493598938,1.387251615524292,0.8130280628094089,-0.12864319405763114,0.94167125686704,154,1,149;96;139;165;193;130;162;172,149:A;96:S;139:A;165:M;193:P;130:A;162:G;172:E
4QLXA,PF00881,154,60,8,C8,14,1.3323909044265747,1.387251615524292,0.9604536693388651,0.018782412471825105,0.94167125686704,154,1,94;189;170;166;153;209;119;105,
4QLXA,PF00881,154,60,8,C8_sub,14,1.361889362335205,1.387251615524292,0.9817176257679098,0.040046368900869767,0.94167125686704,154,1,94;189;170;166;153;209;119;105,94:G;189:I;170:G;166:S;153:C;209:E;119:H;105:P
4QLXA,PF00881,154,60,8,C8,15,1.282891869544983,1.387251615524292,0.9247723017140854,-0.016898955152954587,0.94167125686704,154,1,102;139;160;169;145;130;209;122,
4QLXA,PF00881,154,60,8,C8_sub,15,1.2862223386764526,1.387251615524292,0.9271730696023326,-0.014498187264707418,0.94167125686704,154,1,102;139;160;169;145;130;209;122,102:S;139:P;160:M;169:C;145:L;130:M;209:E;122:T
4QLXA,PF00881,154,60,8,C8,16,1.3006517887115479,1.387251615524292,0.9375745352583245,-0.004096721608715548,0.94167125686704,154,1,96;156;127;191;146;130;99;109,
4QLXA,PF00881,154,60,8,C8_sub,16,1.3107876777648926,1.387251615524292,0.9448809884928474,0.0032097316258073993,0.94167125686704,154,1,96;156;127;191;146;130;99;109,96:Q;156:V;127:P;191:A;146:E;130:V;99:R;109:A
4QLXA,PF00881,154,60,8,C8,17,1.194522500038147,1.387251615524292,0.8610712625385513,-0.08059999432848874,0.94167125686704,154,1,160;156;149;194;171;119;172;162,
4QLXA,PF00881,154,60,8,C8_sub,17,1.243617057800293,1.387251615524292,0.8964610629271357,-0.04521019393990433,0.94167125686704,154,1,160;156;149;194;171;119;172;162,160:W;156:I;149:I;194:W;171:L;119:K;172:E;162:G
4QLXA,PF00881,154,60,8,C8,18,1.3321982622146606,1.387251615524292,0.9603148032458231,0.01864354637878307,0.94167125686704,154,1,142;171;146;106;123;172;179;187,
4QLXA,PF00881,154,60,8,C8_sub,18,1.29966402053833,1.387251615524292,0.9368625028035311,-0.004808754063508891,0.94167125686704,154,1,142;171;146;106;123;172;179;187,142:E;171:V;146:E;106:A;123:L;172:E;179:N;187:S
4QLXA,PF00881,154,60,8,C8,19,1.3069311380386353,1.387251615524292,0.9421010027403711,0.00042974587333111103,0.94167125686704,154,1,147;142;171;151;148;138;179;126,
4QLXA,PF00881,154,60,8,C8_sub,19,1.2580333948135376,1.387251615524292,0.906853076064418,-0.034818180802622,0.94167125686704,154,1,147;142;171;151;148;138;179;126,147:S;142:E;171:V;151:G;148:T;138:P;179:Y;126:Q
2R01A,PF00881,120,60,8,C0,0,1.3280830383300781,1.3546580076217651,0.9803825252261699,-8.799954587246361e-08,0.9803826132257157,120,1,,
2R01A,PF00881,120,60,8,C7,0,1.2942824363708496,1.3546580076217651,0.9554311339753487,-0.024951479250367004,0.9803826132257157,120,1,161;128;124;130;122;129;148;146,
2R01A,PF00881,120,60,8,C7_sub,0,1.2722902297973633,1.3546580076217651,0.9391966257454112,-0.04118598748030455,0.9803826132257157,120,1,161;128;124;130;122;129;148;146,161:G;128:D;124:F;130:G;122:P;129:F;148:M;146:V
2R01A,PF00881,120,60,8,C8,0,1.3480442762374878,1.3546580076217651,0.9951177851922284,0.014735171966512639,0.9803826132257157,120,1,113;170;64;137;175;135;65;151,
2R01A,PF00881,120,60,8,C8_sub,0,1.269120693206787,1.3546580076217651,0.9368568938184278,-0.04352571940728789,0.9803826132257157,120,1,113;170;64;137;175;135;65;151,113:C;170:E;64:G;137:M;175:G;135:L;65:M;151:W
2R01A,PF00881,120,60,8,C8,1,1.3360384702682495,1.3546580076217651,0.9862551749232974,0.0058725616975816575,0.9803826132257157,120,1,160;86;167;68;178;177;127;141,
2R01A,PF00881,120,60,8,C8_sub,1,1.3381117582321167,1.3546580076217651,0.9877856630259788,0.007403049800263073,0.9803826132257157,120,1,160;86;167;68;178;177;127;141,160:V;86:G;167:F;68:T;178:L;177:E;127:H;141:H
2R01A,PF00881,120,60,8,C8,2,1.2749090194702148,1.3546580076217651,0.9411297997702331,-0.039252813455482594,0.9803826132257157,120,1,158;117;167;112;107;119;90;141,
2R01A,PF00881,120,60,8,C8_sub,2,1.2643263339996338,1.3546580076217651,0.9333177280805232,-0.04706488514519258,0.9803826132257157,120,1,158;117;167;112;107;119;90;141,158:W;117:M;167:W;112:E;107:V;119:C;90:G;141:H
2R01A,PF00881,120,60,8,C8,3,1.3180619478225708,1.3546580076217651,0.9729850193972999,-0.0073975938284158715,0.9803826132257157,120,1,62;155;81;93;69;122;108;135,
2R01A,PF00881,120,60,8,C8_sub,3,1.2782179117202759,1.3546580076217651,0.9435724031663997,-0.03681021005931606,0.9803826132257157,120,1,62;155;81;93;69;122;108;135,62:I;155:M;81:F;93:W;69:E;122:M;108:G;135:L
2R01A,PF00881,120,60,8,C8,4,1.3440521955490112,1.3546580076217651,0.992170856398381,0.011788243172665247,0.9803826132257157,120,1,73;170;117;139;83;168;104;103,
2R01A,PF00881,120,60,8,C8_sub,4,1.3378456830978394,1.3546580076217651,0.9875892480394801,0.007206634813764379,0.9803826132257157,120,1,73;170;117;139;83;168;104;103,73:M;170:E;117:L;139:K;83:E;168:F;104:D;103:Q
2R01A,PF00881,120,60,8,C8,5,1.3066719770431519,1.3546580076217651,0.9645770147826037,-0.015805598443112023,0.9803826132257157,120,1,165;70;62;139;175;152;174;102,
2R01A,PF00881,120,60,8,C8_sub,5,1.295727014541626,1.3546580076217651,0.9564975124728357,-0.023885100752880084,0.9803826132257157,120,1,165;70;62;139;175;152;174;102,165:D;70:H;62:M;139:H;175:G;152:F;174:I;102:H
2R01A,PF00881,120,60,8,C8,6,1.3956665992736816,1.3546580076217651,1.0302722837950156,0.04988967056929983,0.9803826132257157,120,1,137;164;74;117;128;173;133;145,
2R01A,PF00881,120,60,8,C8_sub,6,1.3632739782333374,1.3546580076217651,1.0063602551810833,0.02597764195536756,0.9803826132257157,120,1,137;164;74;117;128;173;133;145,137:F;164:M;74:Q;117:L;128:D;173:R;133:F;145:Q
2R01A,PF00881,120,60,8,C8,7,1.3732303380966187,1.3546580076217651,1.0137099772565175,0.03332736403080172,0.9803826132257157,120,1,96;72;180;64;171;65;133;122,
2R01A,PF00881,120,60,8,C8_sub,7,1.36189866065979,1.3546580076217651,1.0053450044197771,0.024962391194061406,0.9803826132257157,120,1,96;72;180;64;171;65;133;122,96:I;72:W;180:N;64:G;171:T;65:P;133:V;122:P
2R01A,PF00881,120,60,8,C8,8,1.2972311973571777,1.3546580076217651,0.9576078907432838,-0.022774722482431953,0.9803826132257157,120,1,87;160;100;63;115;173;176;76,
2R01A,PF00881,120,60,8,C8_sub,8,1.3085232973098755,1.3546580076217651,0.9659436477307777,-0.01443896549493806,0.9803826132257157,120,1,87;160;100;63;115;173;176;76,87:V;160:W;100:I;63:N;115:W;173:R;176:E;76:H
2R01A,PF00881,120,60,8,C8,9,1.3908209800720215,1.3546580076217651,1.0266952782523642,0.046312665026648436,0.9803826132257157,120,1,95;64;91;68;126;141;103;104,
2R01A,PF00881,120,60,8,C8_sub,9,1.3709089756011963,1.3546580076217651,1.0119963620987715,0.03161374887305579,0.9803826132257157,120,1,95;64;91;68;126;141;103;104,95:I;64:G;91:D;68:Q;126:D;141:H;103:Y;104:D
2R01A,PF00881,120,60,8,C8,10,1.271964192390442,1.3546580076217651,0.9389559469873135,-0.04142666623840219,0.9803826132257157,120,1,158;157;153;72;88;104;173;177,
2R01A,PF00881,120,60,8,C8_sub,10,1.2744429111480713,1.3546580076217651,0.9407857215456769,-0.03959689168003888,0.9803826132257157,120,1,158;157;153;72;88;104;173;177,158:A;157:P;153:S;72:I;88:D;104:D;173:R;177:E
2R01A,PF00881,120,60,8,C8,11,1.3031843900680542,1.3546580076217651,0.9620025000670996,-0.018380113158616096,0.9803826132257157,120,1,70;124;130;77;106;66;148;174,
2R01A,PF00881,120,60,8,C8_sub,11,1.2290410995483398,1.3546580076217651,0.9072703904847851,-0.07311222274093065,0.9803826132257157,120,1,70;124;130;77;106;66;148;174,70:R;124:P;130:G;77:P;106:A;66:E;148:P;174:L
2R01A,PF00881,120,60,8,C8,12,1.3319952487945557,1.3546580076217651,0.9832704943242493,0.0028878810985335512,0.9803826132257157,120,1,172;165;154;134;89;60;145;66,
2R01A,PF00881,120,60,8,C8_sub,12,1.3759121894836426,1.3546580076217651,1.0156897030411323,0.035307089815416526,0.9803826132257157,120,1,172;165;154;134;89;60;145;66,172:V;165:D;154:P;134:P;89:V;60:M;145:Q;66:E
2R01A,PF00881,120,60,8,C8,13,1.2983765602111816,1.3546580076217651,0.9584533903805056,-0.02192922284521015,0.9803826132257157,120,1,97;86;159;105;144;162;127;104,
2R01A,PF00881,120,60,8,C8_sub,13,1.3091689348220825,1.3546580076217651,0.9664202532714932,-0.01396235995422257,0.9803826132257157,120,1,97;86;159;105;144;162;127;104,97:P;86:G;159:W;105:E;144:F;162:H;127:R;104:D
2R01A,PF00881,120,60,8,C8,14,1.3913182020187378,1.3546580076217651,1.0270623243584063,0.04667971113269054,0.9803826132257157,120,1,94;117;98;116;128;166;61;65,
2R01A,PF00881,120,60,8,C8_sub,14,1.3580175638198853,1.3546580076217651,1.0024800032031835,0.022097389977467796,0.9803826132257157,120,1,94;117;98;116;128;166;61;65,94:P;117:M;98:L;116:V;128:D;166:Q;61:I;65:V
2R01A,PF00881,120,60,8,C8,15,1.2807884216308594,1.3546580076217651,0.9454699373751232,-0.034912675850592545,0.9803826132257157,120,1,157;91;124;73;178;135;166;114,
2R01A,PF00881,120,60,8,C8_sub,15,1.304490566253662,1.3546580076217651,0.9629667110917708,-0.01741590213394495,0.9803826132257157,120,1,157;91;124;73;178;135;166;114,157:I;91:D;124:I;73:M;178:A;135:M;166:S;114:G
2R01A,PF00881,120,60,8,C8,16,1.3373709917068481,1.3546580076217651,0.9872388338476173,0.00685622062190161,0.9803826132257157,120,1,172;123;73;86;147;65;90;151,
2R01A,PF00881,120,60,8,C8_sub,16,1.3083432912826538,1.3546580076217651,0.965810768416435,-0.014571844809280754,0.9803826132257157,120,1,172;123;73;86;147;65;90;151,172:W;123:G;73:W;86:G;147:G;65:L;90:G;151:V
2R01A,PF00881,120,60,8,C8,17,1.2588754892349243,1.3546580076217651,0.9292939488432239,-0.05108866438249182,0.9803826132257157,120,1,159;72;77;100;83;104;114;60,
2R01A,PF00881,120,60,8,C8_sub,17,1.3419870138168335,1.3546580076217651,0.9906463522648223,0.0102637390391066,0.9803826132257157,120,1,159;72;77;100;83;104;114;60,159:L;72:V;77:F;100:W;83:E;104:D;114:G;60:A
2R01A,PF00881,120,60,8,C8,18,1.3604081869125366,1.3546580076217651,1.0042447460971102,0.023862132871394492,0.9803826132257157,120,1,73;117;164;96;89;168;169;176,
2R01A,PF00881,120,60,8,C8_sub,18,1.3207019567489624,1.3546580076217651,0.9749338573412961,-0.0054487558844196204,0.9803826132257157,120,1,73;117;164;96;89;168;169;176,73:L;117:P;164:I;96:P;89:M;168:A;169:A;176:E
2R01A,PF00881,120,60,8,C8,19,1.314179539680481,1.3546580076217651,0.970119050185701,-0.010263563040014745,0.9803826132257157,120,1,159;180;123;170;150;76;176;127,
2R01A,PF00881,120,60,8,C8_sub,19,1.3063154220581055,1.3546580076217651,0.96431380814075,-0.016068805084965776,0.9803826132257157,120,1,159;180;123;170;150;76;176;127,159:P;180:N;123:G;170:E;150:E;76:R;176:E;127:H
1YKIA,PF00881,149,60,8,C0,0,1.253021478652954,1.255019187927246,0.9984082241183967,2.849580883479419e-07,0.9984079391603083,149,1,,
1YKIA,PF00881,149,60,8,C7,0,1.2059754133224487,1.255019187927246,0.9609218926080352,-0.03748604655227317,0.9984079391603083,149,1,191;157;153;159;151;158;177;175,
1YKIA,PF00881,149,60,8,C7_sub,0,1.165700912475586,1.255019187927246,0.9288311475148235,-0.0695767916454848,0.9984079391603083,149,1,191;157;153;159;151;158;177;175,191:G;157:G;153:M;159:E;151:V;158:W;177:V;175:M
1YKIA,PF00881,149,60,8,C8,0,1.1664215326309204,1.255019187927246,0.9294053380628777,-0.06900260109743062,0.9984079391603083,149,1,140;172;102;188;164;182;150;132,
1YKIA,PF00881,149,60,8,C8_sub,0,1.19088613986969,1.255019187927246,0.9488987509717071,-0.04950918818860128,0.9984079391603083,149,1,140;172;102;188;164;182;150;132,140:R;172:E;102:E;188:M;164:D;182:T;150:A;132:R
1YKIA,PF00881,149,60,8,C8,1,1.1990303993225098,1.255019187927246,0.9553881015180288,-0.04301983764227957,0.9984079391603083,149,1,145;175;172;144;100;191;164;179,
1YKIA,PF00881,149,60,8,C8_sub,1,1.3047740459442139,1.255019187927246,1.0396446990576627,0.041236759897354314,0.9984079391603083,149,1,145;175;172;144;100;191;164;179,145:Q;175:A;172:E;144:I;100:C;191:G;164:D;179:D
1YKIA,PF00881,149,60,8,C8,2,1.2850689888000488,1.255019187927246,1.023943698360845,0.025535759200536634,0.9984079391603083,149,1,189;116;97;152;148;141;154;108,
1YKIA,PF00881,149,60,8,C8_sub,2,1.2882106304168701,1.255019187927246,1.0264469601810966,0.028039021020788257,0.9984079391603083,149,1,189;116;97;152;148;141;154;108,189:L;116:T;97:F;152:G;148:Q;141:N;154:P;108:M
1YKIA,PF00881,149,60,8,C8,3,1.2702795267105103,1.255019187927246,1.0121594465885957,0.013751507428287346,0.9984079391603083,149,1,175;152;207;123;116;101;104;173,
1YKIA,PF00881,149,60,8,C8_sub,3,1.2721713781356812,1.255019187927246,1.0136668748760431,0.015258935715734778,0.9984079391603083,149,1,175;152;207;123;116;101;104;173,175:L;152:G;207:P;123:W;116:Y;101:D;104:E;173:I
1YKIA,PF00881,149,60,8,C8,4,1.2478939294815063,1.255019187927246,0.9943225900334579,-0.004085349126850435,0.9984079391603083,149,1,189;150;177;94;138;141;147;111,
1YKIA,PF00881,149,60,8,C8_sub,4,1.1812078952789307,1.255019187927246,0.9411871201983613,-0.057220818961947084,0.9984079391603083,149,1,189;150;177;94;138;141;147;111,189:V;150:V;177:W;94:W;138:I;141:C;147:G;111:D
1YKIA,PF00881,149,60,8,C8,5,1.228183388710022,1.255019187927246,0.9786172199792854,-0.01979071918102293,0.9984079391603083,149,1,106;135;186;153;147;142;144;180,
1YKIA,PF00881,149,60,8,C8_sub,5,1.2558765411376953,1.255019187927246,1.000683139523839,0.0022752003635305718,0.9984079391603083,149,1,106;135;186;153;147;142;144;180,106:K;135:W;186:M;153:I;147:G;142:F;144:M;180:R
1YKIA,PF00881,149,60,8,C8,6,1.1884620189666748,1.255019187927246,0.946967210062744,-0.051440729097564364,0.9984079391603083,149,1,142;102;153;139;199;94;197;169,
1YKIA,PF00881,149,60,8,C8_sub,6,1.2013384103775024,1.255019187927246,0.9572271260343028,-0.04118081312600552,0.9984079391603083,149,1,142;102;153;139;199;94;197;169,142:W;102:E;153:A;139:M;199:S;94:A;197:E;169:W
1YKIA,PF00881,149,60,8,C8,7,1.2471784353256226,1.255019187927246,0.9937524838846702,-0.004655455275638154,0.9984079391603083,149,1,162;206;209;113;171;124;94;201,
1YKIA,PF00881,149,60,8,C8_sub,7,1.205217957496643,1.255019187927246,0.9603183513768795,-0.03808958778342886,0.9984079391603083,149,1,162;206;209;113;171;124;94;201,162:M;206:K;209:Y;113:R;171:V;124:M;94:M;201:Q
1YKIA,PF00881,149,60,8,C8,8,1.271811842918396,1.255019187927246,1.0133803970112076,0.01497245785089929,0.9984079391603083,149,1,137;144;101;148;134;94;125;198,
1YKIA,PF00881,149,60,8,C8_sub,8,1.2446680068969727,1.255019187927246,0.9917521730903819,-0.006655766069926461,0.9984079391603083,149,1,137;144;101;148;134;94;125;198,137:I;144:V;101:D;148:Q;134:E;94:W;125:E;198:V
1YKIA,PF00881,149,60,8,C8,9,1.2565721273422241,1.255019187927246,1.0012373830057075,0.002829443845399182,0.9984079391603083,149,1,188;142;151;100;101;182;184;179,
1YKIA,PF00881,149,60,8,C8_sub,9,1.2410283088684082,1.255019187927246,0.9888520596390683,-0.00955587952124004,0.9984079391603083,149,1,188;142;151;100;101;182;184;179,188:I;142:I;151:P;100:C;101:D;182:S;184:T;179:D
1YKIA,PF00881,149,60,8,C8,10,1.245148777961731,1.255019187927246,0.992135251747173,-0.006272687413135358,0.9984079391603083,149,1,148;164;185;177;151;135;100;180,
1YKIA,PF00881,149,60,8,C8_sub,10,1.267287015914917,1.255019187927246,1.0097750122911922,0.011367073130883809,0.9984079391603083,149,1,148;164;185;177;151;135;100;180,148:T;164:D;185:I;177:W;151:F;135:I;100:N;180:R
1YKIA,PF00881,149,60,8,C8,11,1.248895525932312,1.255019187927246,0.995120662652937,-0.0032872765073713728,0.9984079391603083,149,1,116;194;159;168;125;193;167;196,
1YKIA,PF00881,149,60,8,C8_sub,11,1.2369821071624756,1.255019187927246,0.9856280438273138,-0.012779895332994506,0.9984079391603083,149,1,116;194;159;168;125;193;167;196,116:C;194:C;159:E;168:M;125:E;193:R;167:E;196:D
1YKIA,PF00881,149,60,8,C8,12,1.2649004459381104,1.255019187927246,1.0078733919815073,0.009465452821198928,0.9984079391603083,149,1,135;167;204;186;152;194;101;108,
1YKIA,PF00881,149,60,8,C8_sub,12,1.2414644956588745,1.255019187927246,0.9891996135208434,-0.009208325639464943,0.9984079391603083,149,1,135;167;204;186;152;194;101;108,135:M;167:E;204:R;186:W;152:G;194:C;101:D;108:V
1YKIA,PF00881,149,60,8,C8,13,1.2408499717712402,1.255019187927246,0.988709960539004,-0.009697978621304393,0.9984079391603083,149,1,120;125;172;158;191;127;137;157,
1YKIA,PF00881,149,60,8,C8_sub,13,1.1472018957138062,1.255019187927246,0.9140911204780001,-0.08431681868230823,0.9984079391603083,149,1,120;125;172;158;191;127;137;157,120:K;125:E;172:E;158:P;191:G;127:K;137:I;157:G
1YKIA,PF00881,149,60,8,C8,14,1.2754074335098267,1.255019187927246,1.0162453656316228,0.017837426471314477,0.9984079391603083,149,1,102;124;106;163;138;134;165;178,
1YKIA,PF00881,149,60,8,C8_sub,14,1.239811897277832,1.255019187927246,0.9878828221945116,-0.010525116965796721,0.9984079391603083,149,1,102;124;106;163;138;134;165;178,102:E;124:F;106:K;163:M;138:F;134:E;165:G;178:H
1YKIA,PF00881,149,60,8,C8,15,1.2145577669143677,1.255019187927246,0.9677603168126032,-0.030647622347705128,0.9984079391603083,149,1,156;124;141;207;159;182;205;180,
1YKIA,PF00881,149,60,8,C8_sub,15,1.2080086469650269,1.255019187927246,0.9625419743264161,-0.03586596483389226,0.9984079391603083,149,1,156;124;141;207;159;182;205;180,156:F;124:V;141:T;207:W;159:E;182:Q;205:Y;180:H
1YKIA,PF00881,149,60,8,C8,16,1.2565789222717285,1.255019187927246,1.0012427972093865,0.002834858049078126,0.9984079391603083,149,1,177;206;189;167;164;102;186;173,
1YKIA,PF00881,149,60,8,C8_sub,16,1.2718278169631958,1.255019187927246,1.0133931251391546,0.014985185978846238,0.9984079391603083,149,1,177;206;189;167;164;102;186;173,177:P;206:K;189:I;167:E;164:D;102:E;186:M;173:M
1YKIA,PF00881,149,60,8,C8,17,1.262169361114502,1.255019187927246,1.0056972620466982,0.007289322886389837,0.9984079391603083,149,1,189;97;93;123;94;116;137;179,
1YKIA,PF00881,149,60,8,C8_sub,17,1.273172378540039,1.255019187927246,1.014464472565375,0.016056533405066742,0.9984079391603083,149,1,189;97;93;123;94;116;137;179,189:A;97:W;93:A;123:V;94:A;116:Y;137:A;179:D
1YKIA,PF00881,149,60,8,C8,18,1.2811249494552612,1.255019187927246,1.0208010855763334,0.022393146416025078,0.9984079391603083,149,1,184;202;120;161;159;101;139;110,
1YKIA,PF00881,149,60,8,C8_sub,18,1.1894387006759644,1.255019187927246,0.9477454306020671,-0.05066250855824128,0.9984079391603083,149,1,184;202;120;161;159;101;139;110,184:N;202:A;120:H;161:I;159:E;101:D;139:M;110:V
1YKIA,PF00881,149,60,8,C8,19,1.2382936477661133,1.255019187927246,0.9866730801233754,-0.011734859036932943,0.9984079391603083,149,1,101;194;107;98;142;190;113;108,
1YKIA,PF00881,149,60,8,C8_sub,19,1.2152520418167114,1.255019187927246,0.9683135154481479,-0.030094423712160423,0.9984079391603083,149,1,101;194;107;98;142;190;113;108,101:D;194:Y;107:L;98:L;142:M;190:A;113:R;108:F
1NOXA,PF00881,142,60,8,C0,0,1.195983648300171,1.2424646615982056,0.9625896697631261,9.594581906746669e-08,0.962589573817307,142,1,,
1NOXA,PF00881,142,60,8,C7,0,1.2338920831680298,1.2424646615982056,0.9931003442631932,0.030510770445886126,0.962589573817307,142,1,183;150;146;152;144;151;170;168,
1NOXA,PF00881,142,60,8,C7_sub,0,1.2583956718444824,1.2424646615982056,1.0128221033069742,0.050232529489667166,0.962589573817307,142,1,183;150;146;152;144;151;170;168,183:G;150:G;146:V;152:G;144:A;151:W;170:W;168:F
1NOXA,PF00881,142,60,8,C8,0,1.2118061780929565,1.2424646615982056,0.9753244623747991,0.012734888557492052,0.962589573817307,142,1,181;82;151;174;143;170;136;114,
1NOXA,PF00881,142,60,8,C8_sub,0,1.2409183979034424,1.2424646615982056,0.9987554867815925,0.03616591296428551,0.962589573817307,142,1,181;82;151;174;143;170;136;114,181:F;82:W;151:A;174:V;143:A;170:W;136:C;114:P
1NOXA,PF00881,142,60,8,C8,1,1.2329154014587402,1.2424646615982056,0.992314260168026,0.02972468635071901,0.962589573817307,142,1,95;174;175;183;103;168;170;163,
1NOXA,PF00881,142,60,8,C8_sub,1,1.2240092754364014,1.2424646615982056,0.9851461480296231,0.02255657421231605,0.962589573817307,142,1,95;174;175;183;103;168;170;163,95:W;174:P;175:V;183:G;103:W;168:I;170:A;163:K
1NOXA,PF00881,142,60,8,C8,2,1.293716549873352,1.2424646615982056,1.041250177859562,0.07866060404225494,0.962589573817307,142,1,92;174;132;147;112;136;134;191,
1NOXA,PF00881,142,60,8,C8_sub,2,1.2352193593978882,1.2424646615982056,0.9941686050120753,0.03157903119476824,0.962589573817307,142,1,92;174;132;147;112;136;134;191,92:M;174:I;132:Y;147:D;112:H;136:N;134:S;191:I
1NOXA,PF00881,142,60,8,C8,3,1.2627124786376953,1.2424646615982056,1.0162964933050447,0.05370691948773765,0.962589573817307,142,1,174;181;131;82;168;89;189;144,
1NOXA,PF00881,142,60,8,C8_sub,3,1.236336588859558,1.2424646615982056,0.9950678092278578,0.032478235410550726,0.962589573817307,142,1,174;181;131;82;168;89;189;144,174:P;181:V;131:L;82:P;168:P;89:D;189:G;144:V
1NOXA,PF00881,142,60,8,C8,4,1.2549214363098145,1.2424646615982056,1.010025858357682,0.04743628454037496,0.962589573817307,142,1,182;180;138;132;122;187;160;173,
1NOXA,PF00881,142,60,8,C8_sub,4,1.2408734560012817,1.2424646615982056,0.9987193152078249,0.03612974139051783,0.962589573817307,142,1,182;180;138;132;122;187;160;173,182:M;180:L;138:A;132:Q;122:P;187:D;160:E;173:K
1NOXA,PF00881,142,60,8,C8,5,1.2330890893936157,1.2424646615982056,0.9924540532263268,0.029864479409019817,0.962589573817307,142,1,138;152;139;153;123;136;134;94,
1NOXA,PF00881,142,60,8,C8_sub,5,1.2906122207641602,1.2424646615982056,1.0387516527866647,0.07616207896935767,0.962589573817307,142,1,138;152;139;153;123;136;134;94,138:V;152:G;139:F;153:Y;123:G;136:N;134:Y;94:K
1NOXA,PF00881,142,60,8,C8,6,1.222666621208191,1.2424646615982056,0.9840655102700885,0.021475936452781452,0.962589573817307,142,1,164;177;83;151;189;160;90;191,
1NOXA,PF00881,142,60,8,C8_sub,6,1.2278969287872314,1.2424646615982056,0.9882751330792496,0.025685559261942603,0.962589573817307,142,1,164;177;83;151;189;160;90;191,164:I;177:M;83:W;151:P;189:G;160:E;90:E;191:M
1NOXA,PF00881,142,60,8,C8,7,1.239515781402588,1.2424646615982056,0.9976265882750947,0.03503701445778762,0.962589573817307,142,1,181;83;177;179;170;160;127;116,
1NOXA,PF00881,142,60,8,C8_sub,7,1.2435386180877686,1.2424646615982056,1.0008643758834812,0.038274802066174174,0.962589573817307,142,1,181;83;177;179;170;160;127;116,181:W;83:W;177:M;179:M;170:I;160:E;127:K;116:C
1NOXA,PF00881,142,60,8,C8,8,1.2402747869491577,1.2424646615982056,0.9982374753047455,0.03564790148743846,0.962589573817307,142,1,182;146;180;138;99;126;103;141,
1NOXA,PF00881,142,60,8,C8_sub,8,1.2132936716079712,1.2424646615982056,0.9765216743044336,0.013932100487126564,0.962589573817307,142,1,182;146;180;138;99;126;103;141,182:P;146:M;180:L;138:I;99:V;126:I;103:W;141:S
1NOXA,PF00881,142,60,8,C8,9,1.2197319269180298,1.2424646615982056,0.9817035160976456,0.01911394228033858,0.962589573817307,142,1,95;175;154;156;122;161;130;102,
1NOXA,PF00881,142,60,8,C8_sub,9,1.1763732433319092,1.2424646615982056,0.9468061987523397,-0.015783375064967298,0.962589573817307,142,1,95;175;154;156;122;161;130;102,95:W;175:V;154:P;156:A;122:V;161:W;130:A;102:G
1NOXA,PF00881,142,60,8,C8,10,1.2765302658081055,1.2424646615982056,1.0274177650783891,0.06482819126108208,0.962589573817307,142,1,82;179;152;178;168;192;171;133,
1NOXA,PF00881,142,60,8,C8_sub,10,1.2663846015930176,1.2424646615982056,1.0192520083138972,0.05666243449659014,0.962589573817307,142,1,82;179;152;178;168;192;171;133,82:V;179:I;152:G;178:L;168:F;192:C;171:V;133:G
1NOXA,PF00881,142,60,8,C8,11,1.200559377670288,1.2424646615982056,0.9662724540800911,0.0036828802627840718,0.962589573817307,142,1,82;132;175;151;160;184;112;101,
1NOXA,PF00881,142,60,8,C8_sub,11,1.2052732706069946,1.2424646615982056,0.9700664396012914,0.007476865783984321,0.962589573817307,142,1,82;132;175;151;160;184;112;101,82:M;132:N;175:I;151:I;160:E;184:S;112:H;101:L
1NOXA,PF00881,142,60,8,C8,12,1.210249423980713,1.2424646615982056,0.9740715059243185,0.011481932107011428,0.962589573817307,142,1,135;175;139;176;189;136;184;105,
1NOXA,PF00881,142,60,8,C8_sub,12,1.2383975982666016,1.2424646615982056,0.9967266164927601,0.03413704267545303,0.962589573817307,142,1,135;175;139;176;189;136;184;105,135:N;175:V;139:A;176:L;189:G;136:T;184:N;105:G
1NOXA,PF00881,142,60,8,C8,13,1.1970279216766357,1.2424646615982056,0.9634301551376732,0.0008405813203661294,0.962589573817307,142,1,183;154;182;177;112;134;170;114,
1NOXA,PF00881,142,60,8,C8_sub,13,1.2384430170059204,1.2424646615982056,0.9967631718498037,0.034173598032496644,0.962589573817307,142,1,183;154;182;177;112;134;170;114,183:G;154:W;182:F;177:V;112:R;134:C;170:P;114:L
1NOXA,PF00881,142,60,8,C8,14,1.1875098943710327,1.2424646615982056,0.9557695531102804,-0.006820020707026586,0.962589573817307,142,1,83;156;175;146;123;98;127;125,
1NOXA,PF00881,142,60,8,C8_sub,14,1.2171214818954468,1.2424646615982056,0.979602494552916,0.017012920735609005,0.962589573817307,142,1,83;156;175;146;123;98;127;125,83:W;156:F;175:V;146:A;123:G;98:F;127:K;125:D
1NOXA,PF00881,142,60,8,C8,15,1.2030720710754395,1.2424646615982056,0.9682948000532308,0.005705226235923733,0.962589573817307,142,1,175;176;119;156;127;165;148;114,
1NOXA,PF00881,142,60,8,C8_sub,15,1.2119768857955933,1.2424646615982056,0.9754618567876246,0.012872282970317617,0.962589573817307,142,1,175;176;119;156;127;165;148;114,175:F;176:L;119:P;156:L;127:H;165:H;148:M;114:L
1NOXA,PF00881,142,60,8,C8,16,1.1745567321777344,1.2424646615982056,0.9453441763622316,-0.017245397455075473,0.962589573817307,142,1,88;180;87;152;145;149;134;109,
1NOXA,PF00881,142,60,8,C8_sub,16,1.1532589197158813,1.2424646615982056,0.9282025922833272,-0.03438698153397979,0.962589573817307,142,1,88;180;87;152;145;149;134;109,88:W;180:L;87:E;152:G;145:A;149:T;134:T;109:D
1NOXA,PF00881,142,60,8,C8,17,1.220337986946106,1.2424646615982056,0.9821913046415037,0.019601730824196695,0.962589573817307,142,1,131;154;92;178;143;192;185;194,
1NOXA,PF00881,142,60,8,C8_sub,17,1.1761826276779175,1.2424646615982056,0.9466527813877392,-0.015936792429567803,0.962589573817307,142,1,131;154;92;178;143;192;185;194,131:W;154:M;92:F;178:I;143:P;192:Y;185:F;194:H
1NOXA,PF00881,142,60,8,C8,18,1.2192797660827637,1.2424646615982056,0.9813395936061322,0.01875001978882518,0.962589573817307,142,1,153;138;156;115;185;165;112;110,
1NOXA,PF00881,142,60,8,C8_sub,18,1.2016175985336304,1.2424646615982056,0.9671241651154626,0.004534591298155588,0.962589573817307,142,1,153;138;156;115;185;165;112;110,153:T;138:V;156:L;115:V;185:A;165:K;112:H;110:M
1NOXA,PF00881,142,60,8,C8,19,1.2991502285003662,1.2424646615982056,1.045623484235958,0.08303391041865094,0.962589573817307,142,1,115;146;164;147;127;112;99;120,
1NOXA,PF00881,142,60,8,C8_sub,19,1.2174346446990967,1.2424646615982056,0.979854544219461,0.017264970402154023,0.962589573817307,142,1,115;146;164;147;127;112;99;120,115:F;146:W;164:P;147:D;127:K;112:H;99:W;120:M
3H75A,PF13407,208,60,8,C0,0,1.2794263362884521,1.3202310800552368,0.9690927259756091,0.0,0.9690927259756091,208,1,,
3H75A,PF13407,208,60,8,C7,0,1.2571160793304443,1.3202310800552368,0.9521939744653248,-0.016898751510284304,0.9690927259756091,208,1,199;252;152;238;240;249;205;170,
3H75A,PF13407,208,60,8,C7_sub,0,1.2483404874801636,1.3202310800552368,0.9455469624514025,-0.023545763524206675,0.9690927259756091,208,1,199;252;152;238;240;249;205;170,199:V;252:G;152:G;238:G;240:Y;249:P;205:S;170:A
3H75A,PF13407,208,60,8,C8,0,1.2787353992462158,1.3202310800552368,0.9685693804396085,-0.0005233455360006412,0.9690927259756091,208,1,258;237;207;205;263;239;234;224,
3H75A,PF13407,208,60,8,C8_sub,0,1.2854101657867432,1.3202310800552368,0.9736251366942241,0.0045324107186149876,0.9690927259756091,208,1,258;237;207;205;263;239;234;224,258:D;237:T;207:I;205:S;263:S;239:A;234:W;224:H
3H75A,PF13407,208,60,8,C8,1,1.2615222930908203,1.3202310800552368,0.9555314309355903,-0.013561295040018795,0.9690927259756091,208,1,184;166;148;268;238;161;267;188,
3H75A,PF13407,208,60,8,C8_sub,1,1.2781997919082642,1.3202310800552368,0.9681636883255209,-0.0009290376500882269,0.9690927259756091,208,1,184;166;148;268;238;161;267;188,184:G;166:M;148:M;268:F;238:G;161:W;267:V;188:K
3H75A,PF13407,208,60,8,C8,2,1.2650716304779053,1.3202310800552368,0.9582198522587245,-0.010872873716884612,0.9690927259756091,208,1,181;158;183;169;239;254;166;233,
3H75A,PF13407,208,60,8,C8_sub,2,1.2658295631408691,1.3202310800552368,0.958793943169334,-0.010298782806275164,0.9690927259756091,208,1,181;158;183;169;239;254;166;233,181:F;158:P;183:T;169:V;239:I;254:W;166:F;233:E
3H75A,PF13407,208,60,8,C8,3,1.2431198358535767,1.3202310800552368,0.9415926155908753,-0.027500110384733878,0.9690927259756091,208,1,223;156;186;217;184;149;213;188,
3H75A,PF13407,208,60,8,C8_sub,3,1.273148775100708,1.3202310800552368,0.9643378301982113,-0.0047548957773978495,0.9690927259756091,208,1,223;156;186;217;184;149;213;188,223:V;156:N;186:F;217:V;184:G;149:V;213:E;188:K
3H75A,PF13407,208,60,8,C8,4,1.314345121383667,1.3202310800552368,0.995541720869559,0.026448994893949918,0.9690927259756091,208,1,157;152;207;153;234;219;205;244,
3H75A,PF13407,208,60,8,C8_sub,4,1.2997324466705322,1.3202310800552368,0.9844734503721523,0.015380724396543144,0.9690927259756091,208,1,157;152;207;153;234;219;205;244,157:L;152:G;207:P;153:I;234:V;219:L;205:S;244:D
3H75A,PF13407,208,60,8,C8,5,1.2503608465194702,1.3202310800552368,0.947077269584622,-0.02201545639098712,0.9690927259756091,208,1,264;158;151;165;267;213;261;177,
3H75A,PF13407,208,60,8,C8_sub,5,1.2579646110534668,1.3202310800552368,0.9528366890141953,-0.016256036961413867,0.9690927259756091,208,1,264;158;151;165;267;213;261;177,264:W;158:W;151:T;165:G;267:A;213:E;261:K;177:K
3H75A,PF13407,208,60,8,C8,6,1.2803233861923218,1.3202310800552368,0.9697721902886536,0.0006794643130444422,0.9690927259756091,208,1,158;255;267;156;220;181;245;155,
3H75A,PF13407,208,60,8,C8_sub,6,1.260315179824829,1.3202310800552368,0.9546171112500238,-0.01447561472558534,0.9690927259756091,208,1,158;255;267;156;220;181;245;155,158:L;255:T;267:A;156:C;220:F;181:W;245:W;155:L
3H75A,PF13407,208,60,8,C8,7,1.2786797285079956,1.3202310800552368,0.9685272130197823,-0.0005655129558268523,0.9690927259756091,208,1,255;163;220;222;159;263;262;194,
3H75A,PF13407,208,60,8,C8_sub,7,1.2867681980133057,1.3202310800552368,0.9746537689140516,0.005561042938442506,0.9690927259756091,208,1,255;163;220;222;159;263;262;194,255:Q;163:D;220:L;222:V;159:I;263:C;262:A;194:Y
3H75A,PF13407,208,60,8,C8,8,1.276533603668213,1.3202310800552368,0.9669016454413453,-0.0021910805342638673,0.9690927259756091,208,1,195;265;151;222;260;246;161;202,
3H75A,PF13407,208,60,8,C8_sub,8,1.2840696573257446,1.3202310800552368,0.9726097777307445,0.003517051755135392,0.9690927259756091,208,1,195;265;151;222;260;246;161;202,195:W;265:G;151:T;222:P;260:G;246:A;161:P;202:N
3H75A,PF13407,208,60,8,C8,9,1.3000271320343018,1.3202310800552368,0.9846966577850221,0.015603931809412996,0.9690927259756091,208,1,212;217;261;165;199;186;159;224,
3H75A,PF13407,208,60,8,C8_sub,9,1.279981255531311,1.3202310800552368,0.9695130457599576,0.0004203197843484219,0.9690927259756091,208,1,212;217;261;165;199;186;159;224,212:Q;217:V;261:R;165:G;199:F;186:I;159:P;224:H
3H75A,PF13407,208,60,8,C8,10,1.2609590291976929,1.3202310800552368,0.955104790552981,-0.013987935422628106,0.9690927259756091,208,1,152;254;268;148;261;259;184;188,
3H75A,PF13407,208,60,8,C8_sub,10,1.2840379476547241,1.3202310800552368,0.9725857594573531,0.0034930334817440123,0.9690927259756091,208,1,152;254;268;148;261;259;184;188,152:G;254:V;268:V;148:A;261:R;259:P;184:G;188:K
3H75A,PF13407,208,60,8,C8,11,1.3218578100204468,1.3202310800552368,1.0012321554838277,0.032139429508218575,0.9690927259756091,208,1,236;262;159;237;261;176;212;243,
3H75A,PF13407,208,60,8,C8_sub,11,1.2535789012908936,1.3202310800552368,0.9495147631567993,-0.019577962818809858,0.9690927259756091,208,1,236;262;159;237;261;176;212;243,236:W;262:I;159:V;237:Y;261:K;176:W;212:S;243:A
3H75A,PF13407,208,60,8,C8,12,1.320703387260437,1.3202310800552368,1.0003577458615658,0.031265019885956646,0.9690927259756091,208,1,259;156;219;262;159;246;265;243,
3H75A,PF13407,208,60,8,C8_sub,12,1.3111566305160522,1.3202310800552368,0.9931266202740774,0.02403389429846825,0.9690927259756091,208,1,259;156;219;262;159;246;265;243,259:P;156:Y;219:I;262:M;159:L;246:A;265:G;243:L
3H75A,PF13407,208,60,8,C8,13,1.2860945463180542,1.3202310800552368,0.9741435160458771,0.005050790070267985,0.9690927259756091,208,1,207;240;152;195;217;159;236;198,
3H75A,PF13407,208,60,8,C8_sub,13,1.282943844795227,1.3202310800552368,0.9717570387310911,0.002664312755481957,0.9690927259756091,208,1,207;240;152;195;217;159;236;198,207:P;240:C;152:G;195:V;217:I;159:M;236:W;198:W
3H75A,PF13407,208,60,8,C8,14,1.2778072357177734,1.3202310800552368,0.967866349324477,-0.0012263766511321217,0.9690927259756091,208,1,207;205;240;255;181;248;148;196,
3H75A,PF13407,208,60,8,C8_sub,14,1.2326240539550781,1.3202310800552368,0.9336426573926033,-0.03545006858300581,0.9690927259756091,208,1,207;205;240;255;181;248;148;196,207:W;205:N;240:Q;255:C;181:P;248:W;148:V;196:Y
3H75A,PF13407,208,60,8,C8,15,1.2833199501037598,1.3202310800552368,0.972041917124135,0.002949191148525876,0.9690927259756091,208,1,239;212;256;211;205;235;263;247,
3H75A,PF13407,208,60,8,C8_sub,15,1.2757431268692017,1.3202310800552368,0.9663029041975183,-0.0027898217780908396,0.9690927259756091,208,1,239;212;256;211;205;235;263;247,239:W;212:T;256:A;211:P;205:Y;235:A;263:S;247:C
3H75A,PF13407,208,60,8,C8,16,1.2570174932479858,1.3202310800552368,0.9521193011115856,-0.016973424864023534,0.9690927259756091,208,1,165;213;265;210;184;249;260;221,
3H75A,PF13407,208,60,8,C8_sub,16,1.2989685535430908,1.3202310800552368,0.9838948447484993,0.014802118772890172,0.9690927259756091,208,1,165;213;265;210;184;249;260;221,165:G;213:E;265:G;210:T;184:G;249:M;260:G;221:T
3H75A,PF13407,208,60,8,C8,17,1.2366342544555664,1.3202310800552368,0.9366801563282597,-0.0324125696473494,0.9690927259756091,208,1,255;254;257;239;264;166;213;182,
3H75A,PF13407,208,60,8,C8_sub,17,1.246071457862854,1.3202310800552368,0.9438283014900088,-0.02526442448560029,0.9690927259756091,208,1,255;254;257;239;264;166;213;182,255:C;254:W;257:F;239:A;264:P;166:V;213:E;182:P
3H75A,PF13407,208,60,8,C8,18,1.280842900276184,1.3202310800552368,0.9701656926775237,0.0010729667019145905,0.9690927259756091,208,1,223;163;234;205;235;261;195;243,
3H75A,PF13407,208,60,8,C8_sub,18,1.2834014892578125,1.3202310800552368,0.9721036783985699,0.0030109524229607887,0.9690927259756091,208,1,223;163;234;205;235;261;195;243,223:W;163:D;234:A;205:N;235:F;261:K;195:W;243:V
3H75A,PF13407,208,60,8,C8,19,1.2803421020507812,1.3202310800552368,0.9697863664876102,0.000693640512001048,0.9690927259756091,208,1,235;176;256;262;159;169;257;160,
3H75A,PF13407,208,60,8,C8_sub,19,1.2725450992584229,1.3202310800552368,0.9638805800611672,-0.005212145914441968,0.9690927259756091,208,1,235;176;256;262;159;169;257;160,235:M;176:L;256:M;262:V;159:L;169:L;257:F;160:N
1JX6A,PF13407,237,60,8,C0,0,1.1331582069396973,1.2464962005615234,0.9090747379969795,1.9127100348015347e-07,0.909074546725976,237,1,,
1JX6A,PF13407,237,60,8,C7,0,1.1036226749420166,1.2464962005615234,0.8853798948162498,-0.023694651909726194,0.909074546725976,237,1,228;278;182;292;264;266;275;234,
1JX6A,PF13407,237,60,8,C7_sub,0,1.1243884563446045,1.2464962005615234,0.9020392166763832,-0.007035330049592781,0.909074546725976,237,1,228;278;182;292;264;266;275;234,228:F;278:G;182:M;292:G;264:G;266:G;275:V;234:F
1JX6A,PF13407,237,60,8,C8,0,1.1051899194717407,1.2464962005615234,0.8866372147575525,-0.022437331968423457,0.909074546725976,237,1,241;297;245;181;177;280;200;208,
1JX6A,PF13407,237,60,8,C8_sub,0,1.0253435373306274,1.2464962005615234,0.822580555695821,-0.08649399103015498,0.909074546725976,237,1,241;297;245;181;177;280;200;208,241:Y;297:D;245:M;181:T;177:S;280:M;200:S;208:C
1JX6A,PF13407,237,60,8,C8,1,1.171068787574768,1.2464962005615234,0.9394884533520625,0.030413906626086562,0.909074546725976,237,1,188;266;238;236;285;215;179;221,
1JX6A,PF13407,237,60,8,C8_sub,1,1.1495745182037354,1.2464962005615234,0.9222447029408299,0.013170156214853956,0.909074546725976,237,1,188;266;238;236;285;215;179;221,188:Y;266:G;238:S;236:V;285:I;215:L;179:M;221:C
1JX6A,PF13407,237,60,8,C8,2,1.0614264011383057,1.2464962005615234,0.8515279875383116,-0.05754655918766438,0.909074546725976,237,1,203;216;177;285;243;247;246;273,
1JX6A,PF13407,237,60,8,C8_sub,2,1.1477632522583008,1.2464962005615234,0.9207916171274768,0.011717070401500829,0.909074546725976,237,1,203;216;177;285;243;247;246;273,203:S;216:N;177:S;285:L;243:E;247:G;246:M;273:E
1JX6A,PF13407,237,60,8,C8,3,1.081601619720459,1.2464962005615234,0.8677135311228527,-0.04136101560312333,0.909074546725976,237,1,219;191;265;180;262;239;215;217,
1JX6A,PF13407,237,60,8,C8_sub,3,1.0567668676376343,1.2464962005615234,0.8477898826820173,-0.061284664043958714,0.909074546725976,237,1,219;191;265;180;262;239;215;217,219:Y;191:H;265:V;180:P;262:M;239:P;215:V;217:R
1JX6A,PF13407,237,60,8,C8,4,1.0703890323638916,1.2464962005615234,0.8587182471007141,-0.05035629962526189,0.909074546725976,237,1,205;177;228;243;209;263;266;278,
1JX6A,PF13407,237,60,8,C8_sub,4,1.107478380203247,1.2464962005615234,0.8884731294843486,-0.02060141724162734,0.909074546725976,237,1,205;177;228;243;209;263;266;278,205:M;177:T;228:W;243:E;209:C;263:C;266:G;278:G
1JX6A,PF13407,237,60,8,C8,5,1.1943340301513672,1.2464962005615234,0.9581529647770621,0.04907841805108615,0.909074546725976,237,1,290;253;281;227;186;238;182;226,
1JX6A,PF13407,237,60,8,C8_sub,5,1.196760892868042,1.2464962005615234,0.960099912321372,0.051025365595396055,0.909074546725976,237,1,290;253;281;227;186;238;182;226,290:E;253:I;281:E;227:Y;186:N;238:Q;182:V;226:L
1JX6A,PF13407,237,60,8,C8,6,1.1494735479354858,1.2464962005615234,0.9221636996708609,0.013089152944884885,0.909074546725976,237,1,228;227;236;179;188;195;271;211,
1JX6A,PF13407,237,60,8,C8_sub,6,1.1500940322875977,1.2464962005615234,0.9226614824573887,0.013586935731412675,0.909074546725976,237,1,228;227;236;179;188;195;271;211,228:I;227:C;236:A;179:W;188:N;195:P;271:D;211:C
1JX6A,PF13407,237,60,8,C8,7,1.1264384984970093,1.2464962005615234,0.9036838603997105,-0.0053906863262654925,0.909074546725976,237,1,188;186;268;269;194;265;248;250,
1JX6A,PF13407,237,60,8,C8_sub,7,1.0860873460769653,1.2464962005615234,0.8713121994176181,-0.037762347308357924,0.909074546725976,237,1,188;186;268;269;194;265;248;250,188:N;186:N;268:G;269:Q;194:C;265:V;248:P;250:E
1JX6A,PF13407,237,60,8,C8,8,1.1207667589187622,1.2464962005615234,0.899133714498189,-0.009940832227786967,0.909074546725976,237,1,216;181;187;185;205;263;223;278,
1JX6A,PF13407,237,60,8,C8_sub,8,1.1317487955093384,1.2464962005615234,0.9079440394599732,-0.0011305072660028337,0.909074546725976,237,1,216;181;187;185;205;263;223;278,216:N;181:S;187:F;185:G;205:M;263:Y;223:L;278:G
1JX6A,PF13407,237,60,8,C8,9,1.1371129751205444,1.2464962005615234,0.9122474457670197,0.0031728990410436753,0.909074546725976,237,1,178;234;216;253;296;287;183;218,
1JX6A,PF13407,237,60,8,C8_sub,9,1.1376829147338867,1.2464962005615234,0.9127046791008121,0.0036301323748361147,0.909074546725976,237,1,178;234;216;253;296;287;183;218,178:N;234:M;216:S;253:L;296:W;287:I;183:N;218:Y
1JX6A,PF13407,237,60,8,C8,10,1.1015193462371826,1.2464962005615234,0.8836925020236472,-0.025382044702328743,0.909074546725976,237,1,220;272;213;287;279;183;203;218,
1JX6A,PF13407,237,60,8,C8_sub,10,1.0945708751678467,1.2464962005615234,0.8781180998985498,-0.030956446827426154,0.909074546725976,237,1,220;272;213;287;279;183;203;218,220:G;272:P;213:Q;287:P;279:E;183:T;203:C;218:T
1JX6A,PF13407,237,60,8,C8,11,1.065761685371399,1.2464962005615234,0.8550059638298881,-0.05406858289608785,0.909074546725976,237,1,293;182;216;228;272;205;179;235,
1JX6A,PF13407,237,60,8,C8_sub,11,1.1171836853027344,1.2464962005615234,0.8962591982225568,-0.012815348503419144,0.909074546725976,237,1,293;182;216;228;272;205;179;235,293:V;182:A;216:S;228:I;272:P;205:V;179:F;235:E
1JX6A,PF13407,237,60,8,C8,12,1.1388764381408691,1.2464962005615234,0.9136621817441773,0.004587635018201364,0.909074546725976,237,1,205;286;236;292;296;289;275;222,
1JX6A,PF13407,237,60,8,C8_sub,12,1.1314867734909058,1.2464962005615234,0.9077338326271608,-0.0013407140988151989,0.909074546725976,237,1,205;286;236;292;296;289;275;222,205:V;286:K;236:L;292:G;296:I;289:E;275:P;222:E
1JX6A,PF13407,237,60,8,C8,13,1.1328319311141968,1.2464962005615234,0.9088129836287323,-0.00026156309724367777,0.909074546725976,237,1,219;209;243;262;240;188;274;229,
1JX6A,PF13407,237,60,8,C8_sub,13,1.1271620988845825,1.2464962005615234,0.9042643678952386,-0.004810178830737422,0.909074546725976,237,1,219;209;243;262;240;188;274;229,219:Y;209:N;243:E;262:A;240:Q;188:T;274:P;229:V
1JX6A,PF13407,237,60,8,C8,14,1.1595011949539185,1.2464962005615234,0.9302083668057589,0.021133820079782928,0.909074546725976,237,1,198;227;236;289;268;266;182;207,
1JX6A,PF13407,237,60,8,C8_sub,14,1.1543163061141968,1.2464962005615234,0.9260487962933209,0.016974249567344946,0.909074546725976,237,1,198;227;236;289;268;266;182;207,198:Y;227:Q;236:V;289:E;268:G;266:G;182:V;207:I
1JX6A,PF13407,237,60,8,C8,15,1.1002113819122314,1.2464962005615234,0.8826431892986168,-0.026431357427359137,0.909074546725976,237,1,288;183;292;270;205;289;215;202,
1JX6A,PF13407,237,60,8,C8_sub,15,1.0993828773498535,1.2464962005615234,0.8819785225615625,-0.02709602416441348,0.909074546725976,237,1,288;183;292;270;205;289;215;202,288:Y;183:N;292:G;270:W;205:A;289:E;215:W;202:E
1JX6A,PF13407,237,60,8,C8,16,1.1520869731903076,1.2464962005615234,0.9242603167753851,0.01518577004940913,0.909074546725976,237,1,219;286;263;198;253;224;296;278,
1JX6A,PF13407,237,60,8,C8_sub,16,1.1322922706604004,1.2464962005615234,0.9083800417123804,-0.000694505013595581,0.909074546725976,237,1,219;286;263;198;253;224;296;278,219:C;286:K;263:Q;198:T;253:V;224:W;296:L;278:G
1JX6A,PF13407,237,60,8,C8,17,1.0989140272140503,1.2464962005615234,0.8816023881332409,-0.027472158592735108,0.909074546725976,237,1,264;181;182;213;243;251;216;229,
1JX6A,PF13407,237,60,8,C8_sub,17,1.1376115083694458,1.2464962005615234,0.9126473934352731,0.0035728467092971394,0.909074546725976,237,1,264;181;182;213;243;251;216;229,264:G;181:S;182:W;213:N;243:E;251:V;216:S;229:W
1JX6A,PF13407,237,60,8,C8,18,1.0643749237060547,1.2464962005615234,0.8538934360382113,-0.055181110687764656,0.909074546725976,237,1,198;279;216;215;248;195;228;225,
1JX6A,PF13407,237,60,8,C8_sub,18,1.1153254508972168,1.2464962005615234,0.8947684320215202,-0.014306114704455752,0.909074546725976,237,1,198;279;216;215;248;195;228;225,198:T;279:E;216:S;215:W;248:L;195:V;228:W;225:R
1JX6A,PF13407,237,60,8,C8,19,1.1724283695220947,1.2464962005615234,0.940579176249344,0.031504629523367966,0.909074546725976,237,1,248;180;215;240;224;177;238;250,
1JX6A,PF13407,237,60,8,C8_sub,19,1.0811282396316528,1.2464962005615234,0.8673337625454651,-0.04174078418051086,0.909074546725976,237,1,248;180;215;240;224;177;238;250,248:F;180:M;215:V;240:Y;224:L;177:C;238:N;250:E
5HKOA,PF13407,218,60,8,C0,0,1.3375059366226196,1.3724645376205444,0.9745285943354625,-2.605734857885622e-07,0.9745288549089482,218,1,,
5HKOA,PF13407,218,60,8,C7,0,1.315543532371521,1.3724645376205444,0.9585264291435115,-0.016002425765436756,0.9745288549089482,218,1,208;259;161;273;245;247;256;215,
5HKOA,PF13407,218,60,8,C7_sub,0,1.3076794147491455,1.3724645376205444,0.9527965050494365,-0.02173234985951178,0.9745288549089482,218,1,208;259;161;273;245;247;256;215,208:V;259:G;161:G;273:V;245:G;247:E;256:M;215:P
5HKOA,PF13407,218,60,8,C8,0,1.3186432123184204,1.3724645376205444,0.9607849064024382,-0.013743948506510062,0.9745288549089482,218,1,177;259;255;191;168;226;241;271,
5HKOA,PF13407,218,60,8,C8_sub,0,1.3141868114471436,1.3724645376205444,0.9575379001963595,-0.016990954712588713,0.9745288549089482,218,1,177;259;255;191;168;226;241;271,177:T;259:G;255:F;191:E;168:D;226:G;241:M;271:W
5HKOA,PF13407,218,60,8,C8,1,1.3398393392562866,1.3724645376205444,0.9762287494722302,0.0016998945632819007,0.9745288549089482,218,1,184;234;274;266;273;165;272;175,
5HKOA,PF13407,218,60,8,C8_sub,1,1.3287802934646606,1.3724645376205444,0.9681709487141871,-0.006357906194761176,0.9745288549089482,218,1,184;234;274;266;273;165;272;175,184:E;234:R;274:Y;266:F;273:F;165:G;272:D;175:M
5HKOA,PF13407,218,60,8,C8,2,1.278456449508667,1.3724645376205444,0.9315041769495479,-0.04302467795940035,0.9745288549089482,218,1,172;234;244;166;216;252;219;188,
5HKOA,PF13407,218,60,8,C8_sub,2,1.3315198421478271,1.3724645376205444,0.9701670284729517,-0.004361826435996585,0.9745288549089482,218,1,172;234;244;166;216;252;219;188,172:G;234:H;244:L;166:C;216:E;252:G;219:P;188:M
5HKOA,PF13407,218,60,8,C8,3,1.3263825178146362,1.3724645376205444,0.9664238903499823,-0.008104964558965921,0.9745288549089482,218,1,198;239;159;166;229;275;200;247,
5HKOA,PF13407,218,60,8,C8_sub,3,1.358676552772522,1.3724645376205444,0.9899538498299367,0.015424994920988477,0.9745288549089482,218,1,198;239;159;166;229;275;200;247,198:E;239:Q;159:W;166:Y;229:F;275:M;200:M;247:E
5HKOA,PF13407,218,60,8,C8,4,1.3431586027145386,1.3724645376205444,0.9786472188514147,0.004118363942466452,0.9745288549089482,218,1,197;186;243;224;244;227;264;192,
5HKOA,PF13407,218,60,8,C8_sub,4,1.3445247411727905,1.3724645376205444,0.979642609567025,0.00511375465807673,0.9745288549089482,218,1,197;186;243;224;244;227;264;192,197:K;186:H;243:P;224:E;244:I;227:I;264:N;192:N
5HKOA,PF13407,218,60,8,C8,5,1.3087637424468994,1.3724645376205444,0.9535865638582665,-0.020942291050681794,0.9745288549089482,218,1,258;236;193;263;261;267;230;189,
5HKOA,PF13407,218,60,8,C8_sub,5,1.2839404344558716,1.3724645376205444,0.935499897638049,-0.03902895727089928,0.9745288549089482,218,1,258;236;193;263;261;267;230;189,258:T;236:P;193:M;263:G;261:W;267:Y;230:A;189:I
5HKOA,PF13407,218,60,8,C8,6,1.2804205417633057,1.3724645376205444,0.932935246533352,-0.041593608375596225,0.9745288549089482,218,1,208;173;228;165;242;188;255;232,
5HKOA,PF13407,218,60,8,C8_sub,6,1.3105428218841553,1.3724645376205444,0.9548828300921032,-0.019646024816845076,0.9745288549089482,218,1,208;173;228;165;242;188;255;232,208:M;173:H;228:G;165:G;242:F;188:F;255:V;232:I
5HKOA,PF13407,218,60,8,C8,7,1.367045521736145,1.3724645376205444,0.996051616828079,0.021522761919130717,0.9745288549089482,218,1,179;181;276;221;246;227;220;268,
5HKOA,PF13407,218,60,8,C8_sub,7,1.3191444873809814,1.3724645376205444,0.9611501435716477,-0.013378711337300508,0.9745288549089482,218,1,179;181;276;221;246;227;220;268,179:W;181:R;276:G;221:C;246:P;227:W;220:P;268:Y
5HKOA,PF13407,218,60,8,C8,8,1.3117588758468628,1.3724645376205444,0.9557688668015222,-0.018759988107426073,0.9745288549089482,218,1,262;202;274;161;167;252;233;200,
5HKOA,PF13407,218,60,8,C8_sub,8,1.330491065979004,1.3724645376205444,0.9694174454122433,-0.005111409496704966,0.9745288549089482,218,1,262;202;274;161;167;252;233;200,262:A;202:C;274:Y;161:G;167:G;252:G;233:W;200:W
5HKOA,PF13407,218,60,8,C8,9,1.3159310817718506,1.3724645376205444,0.9588088039442487,-0.015720050964699528,0.9745288549089482,218,1,211;239;217;229;267;275;207;212,
5HKOA,PF13407,218,60,8,C8_sub,9,1.3309094905853271,1.3724645376205444,0.9697223163905847,-0.004806538518363546,0.9745288549089482,218,1,211;239;217;229;267;275;207;212,211:I;239:S;217:G;229:M;267:N;275:I;207:L;212:G
5HKOA,PF13407,218,60,8,C8,10,1.3385367393493652,1.3724645376205444,0.9752796539792568,0.0007507990703085055,0.9745288549089482,218,1,199;176;253;266;178;185;238;246,
5HKOA,PF13407,218,60,8,C8_sub,10,1.3521034717559814,1.3724645376205444,0.985164596019462,0.010635741110513797,0.9745288549089482,218,1,199;176;253;266;178;185;238;246,199:D;176:E;253:I;266:M;178:P;185:P;238:K;246:M
5HKOA,PF13407,218,60,8,C8,11,1.3445022106170654,1.3724645376205444,0.979626193437422,0.005097338528473716,0.9745288549089482,218,1,184;180;229;272;242;253;158;270,
5HKOA,PF13407,218,60,8,C8_sub,11,1.3379634618759155,1.3724645376205444,0.9748619546815805,0.00033309977263229484,0.9745288549089482,218,1,184;180;229;272;242;253;158;270,184:E;180:W;229:M;272:D;242:A;253:P;158:V;270:Q
5HKOA,PF13407,218,60,8,C8,12,1.3178718090057373,1.3724645376205444,0.9602228493936499,-0.01430600551529837,0.9745288549089482,218,1,203;214;222;243;178;246;219;167,
5HKOA,PF13407,218,60,8,C8_sub,12,1.294092059135437,1.3724645376205444,0.9428965366048856,-0.03163231830406266,0.9745288549089482,218,1,203;214;222;243;178;246;219;167,203:R;214:C;222:Y;243:P;178:W;246:V;219:I;167:G
5HKOA,PF13407,218,60,8,C8,13,1.372160792350769,1.3724645376205444,0.9997786862527596,0.025249831343811313,0.9745288549089482,218,1,258;183;201;233;243;265;278;229,
5HKOA,PF13407,218,60,8,C8_sub,13,1.358987808227539,1.3724645376205444,0.9901806356203782,0.01565178071142992,0.9745288549089482,218,1,258;183;201;233;243;265;278;229,258:Q;183:F;201:P;233:V;243:L;265:Q;278:W;229:M
5HKOA,PF13407,218,60,8,C8,14,1.3208609819412231,1.3724645376205444,0.9624008094454761,-0.012128045463472126,0.9745288549089482,218,1,198;183;195;275;255;248;269;270,
5HKOA,PF13407,218,60,8,C8_sub,14,1.3358700275421143,1.3724645376205444,0.9733366443537591,-0.0011922105551891438,0.9745288549089482,218,1,198;183;195;275;255;248;269;270,198:E;183:W;195:V;275:F;255:P;248:G;269:G;270:S
5HKOA,PF13407,218,60,8,C8,15,1.3737205266952515,1.3724645376205444,1.0009151340819957,0.026386279173047478,0.9745288549089482,218,1,187;234;272;192;271;193;243;246,
5HKOA,PF13407,218,60,8,C8_sub,15,1.3673808574676514,1.3724645376205444,0.996295947899895,0.0217670929909467,0.9745288549089482,218,1,187;234;272;192;271;193;243;246,187:P;234:R;272:D;192:C;271:A;193:P;243:W;246:W
5HKOA,PF13407,218,60,8,C8,16,1.3217417001724243,1.3724645376205444,0.963042515083079,-0.011486339825869218,0.9745288549089482,218,1,258;240;170;161;175;277;271;158,
5HKOA,PF13407,218,60,8,C8_sub,16,1.3414851427078247,1.3724645376205444,0.9774279086537062,0.0028990537447579623,0.9745288549089482,218,1,258;240;170;161;175;277;271;158,258:C;240:G;170:Y;161:G;175:V;277:V;271:I;158:P
5HKOA,PF13407,218,60,8,C8,17,1.3172093629837036,1.3724645376205444,0.9597401804401903,-0.014788674468757979,0.9745288549089482,218,1,205;180;277;159;271;255;264;263,
5HKOA,PF13407,218,60,8,C8_sub,17,1.333984136581421,1.3724645376205444,0.9719625535055081,-0.0025663014034401632,0.9745288549089482,218,1,205;180;277;159;271;255;264;263,205:R;180:F;277:A;159:M;271:A;255:I;264:Q;263:G
5HKOA,PF13407,218,60,8,C8,18,1.3420583009719849,1.3724645376205444,0.9778455210935539,0.0033166661846056877,0.9745288549089482,218,1,177;202;256;255;191;188;185;159,
5HKOA,PF13407,218,60,8,C8_sub,18,1.3651630878448486,1.3724645376205444,0.994680044856857,0.020151189947908765,0.9745288549089482,218,1,177;202;256;255;191;188;185;159,177:N;202:C;256:L;255:P;191:E;188:P;185:P;159:P
5HKOA,PF13407,218,60,8,C8,19,1.2970490455627441,1.3724645376205444,0.9450510450429933,-0.02947780986595494,0.9745288549089482,218,1,211;240;189;255;230;263;242;171,
5HKOA,PF13407,218,60,8,C8_sub,19,1.298128366470337,1.3724645376205444,0.9458374558230227,-0.02869139908592555,0.9745288549089482,218,1,211;240;189;255;230;263;242;171,211:I;240:G;189:M;255:F;230:W;263:G;242:M;171:K
2FVYA,PF13407,206,60,8,C0,0,1.3560007810592651,1.327094554901123,1.0217815874923062,1.796545530119431e-07,1.0217814078377532,206,1,,
2FVYA,PF13407,206,60,8,C7,0,1.2855528593063354,1.327094554901123,0.9686972601602735,-0.05308414767747971,1.0217814078377532,206,1,195;247;147;261;233;235;244;203,
2FVYA,PF13407,206,60,8,C7_sub,0,1.3189888000488281,1.327094554901123,0.9938921045057721,-0.02788930333198103,1.0217814078377532,206,1,195;247;147;261;233;235;244;203,195:A;247:G;147:G;261:P;233:G;235:E;244:I;203:V
2FVYA,PF13407,206,60,8,C8,0,1.2878822088241577,1.327094554901123,0.9704524851434667,-0.05132892269428646,1.0217814078377532,206,1,158;227;218;165;195;214;244;166,
2FVYA,PF13407,206,60,8,C8_sub,0,1.2343999147415161,1.327094554901123,0.9301521961511527,-0.09162921168660043,1.0217814078377532,206,1,158;227;218;165;195;214;244;166,158:N;227:Q;218:I;165:P;195:W;214:L;244:P;166:S
2FVYA,PF13407,206,60,8,C8,1,1.3582173585891724,1.327094554901123,1.023451835871912,0.001670428034158844,1.0217814078377532,206,1,153;254;221;212;251;250;156;159,
2FVYA,PF13407,206,60,8,C8_sub,1,1.2642247676849365,1.327094554901123,0.9526259926363192,-0.06915541520143398,1.0217814078377532,206,1,153;254;221;212;251;250;156;159,153:E;254:A;221:P;212:W;251:G;250:V;156:I;159:Y
2FVYA,PF13407,206,60,8,C8,2,1.3353869915008545,1.327094554901123,1.0062485650092576,-0.015532842828495541,1.0217814078377532,206,1,234;213;207;235;154;256;227;223,
2FVYA,PF13407,206,60,8,C8_sub,2,1.3211654424667358,1.327094554901123,0.9955322607477438,-0.02624914709000936,1.0217814078377532,206,1,234;213;207;235;154;256;227;223,234:L;213:I;207:L;235:E;154:V;256:E;227:Y;223:W
2FVYA,PF13407,206,60,8,C8,3,1.3284434080123901,1.327094554901123,1.0010163956338194,-0.020765012203933786,1.0217814078377532,206,1,244;148;170;249;210;264;265;223,
2FVYA,PF13407,206,60,8,C8_sub,3,1.3336725234985352,1.327094554901123,1.0049566691183525,-0.01682473871940071,1.0217814078377532,206,1,244;148;170;249;210;264;265;223,244:L;148:D;170:A;249:F;210:C;264:N;265:A;223:L
2FVYA,PF13407,206,60,8,C8,4,1.3192615509033203,1.327094554901123,0.994097629314449,-0.02768377852330417,1.0217814078377532,206,1,161;184;231;244;240;180;257;223,
2FVYA,PF13407,206,60,8,C8_sub,4,1.3344025611877441,1.327094554901123,1.0055067713597585,-0.016274636477994653,1.0217814078377532,206,1,161;184;231;244;240;180;257;223,161:M;184:N;231:M;244:L;240:P;180:P;257:V;223:W
2FVYA,PF13407,206,60,8,C8,5,1.3079555034637451,1.327094554901123,0.9855782307547755,-0.03620317708297771,1.0217814078377532,206,1,244;266;213;257;162;161;207;197,
2FVYA,PF13407,206,60,8,C8_sub,5,1.3309861421585083,1.327094554901123,1.0029324114419829,-0.018848996395770312,1.0217814078377532,206,1,244;266;213;257;162;161;207;197,244:L;266:E;213:I;257:L;162:P;161:L;207:W;197:G
2FVYA,PF13407,206,60,8,C8,6,1.340047836303711,1.327094554901123,1.0097606318666217,-0.012020775971131492,1.0217814078377532,206,1,162;183;176;172;170;157;241;223,
2FVYA,PF13407,206,60,8,C8_sub,6,1.3241132497787476,1.327094554901123,0.9977535096415209,-0.0240278981962323,1.0217814078377532,206,1,162;183;176;172;170;157;241;223,162:P;183:E;176:S;172:Y;170:L;157:K;241:M;223:M
2FVYA,PF13407,206,60,8,C8,7,1.3081355094909668,1.327094554901123,0.9857138699423201,-0.036067537895433044,1.0217814078377532,206,1,183;170;207;255;243;147;237;178,
2FVYA,PF13407,206,60,8,C8_sub,7,1.3120959997177124,1.327094554901123,0.9886982015501313,-0.03308320628762185,1.0217814078377532,206,1,183;170;207;255;243;147;237;178,183:E;170:L;207:P;255:Y;243:V;147:G;237:W;178:E
2FVYA,PF13407,206,60,8,C8,8,1.3073960542678833,1.327094554901123,0.9851566713460689,-0.036624736491684295,1.0217814078377532,206,1,165;252;234;230;146;176;208;246,
2FVYA,PF13407,206,60,8,C8_sub,8,1.3064367771148682,1.327094554901123,0.9844338312519155,-0.03734757658583765,1.0217814078377532,206,1,165;252;234;230;146;176;208;246,165:V;252:S;234:I;230:I;146:R;176:Y;208:L;246:Q
2FVYA,PF13407,206,60,8,C8,9,1.3582704067230225,1.327094554901123,1.0234918090099632,0.0017104011722099965,1.0217814078377532,206,1,208;263;176;233;162;200;152;197,
2FVYA,PF13407,206,60,8,C8_sub,9,1.3274649381637573,1.327094554901123,1.0002790933481465,-0.02150231448960671,1.0217814078377532,206,1,208;263;176;233;162;200;152;197,208:W;263:P;176:T;233:G;162:M;200:P;152:M;197:G
2FVYA,PF13407,206,60,8,C8,10,1.3199543952941895,1.327094554901123,0.994619705445581,-0.027161702392172193,1.0217814078377532,206,1,161;244;200;205;209;172;212;174,
2FVYA,PF13407,206,60,8,C8_sub,10,1.282554268836975,1.327094554901123,0.966437744846699,-0.0553436629910542,1.0217814078377532,206,1,161;244;200;205;209;172;212;174,161:I;244:L;200:V;205:P;209:Q;172:Q;212:I;174:S
2FVYA,PF13407,206,60,8,C8,11,1.3476861715316772,1.327094554901123,1.015516314609616,-0.006265093228137175,1.0217814078377532,206,1,212;204;227;240;263;235;221;169,
2FVYA,PF13407,206,60,8,C8_sub,11,1.3562607765197754,1.327094554901123,1.0219775007823957,0.00019609294464251192,1.0217814078377532,206,1,212;204;227;240;263;235;221;169,212:P;204:D;227:C;240:W;263:W;235:E;221:M;169:G
2FVYA,PF13407,206,60,8,C8,12,1.3279659748077393,1.327094554901123,1.0006566373913584,-0.021124770446394825,1.0217814078377532,206,1,146;226;243;260;244;240;182;228,
2FVYA,PF13407,206,60,8,C8_sub,12,1.3534151315689087,1.327094554901123,1.019833233864596,-0.0019481739731572745,1.0217814078377532,206,1,146;226;243;260;244;240;182;228,146:H;226:H;243:F;260:S;244:A;240:P;182:L;228:C
2FVYA,PF13407,206,60,8,C8,13,1.295734167098999,1.327094554901123,0.9763691383659844,-0.045412269471768796,1.0217814078377532,206,1,263;148;180;266;259;146;211;179,
2FVYA,PF13407,206,60,8,C8_sub,13,1.3319483995437622,1.327094554901123,1.0036574972180492,-0.018123910619703976,1.0217814078377532,206,1,263;148;180;266;259;146;211;179,263:F;148:D;180:V;266:E;259:Q;146:R;211:E;179:C
2FVYA,PF13407,206,60,8,C8,14,1.2993236780166626,1.327094554901123,0.9790739274892666,-0.04270748034848659,1.0217814078377532,206,1,218;261;153;148;210;158;156;185,
2FVYA,PF13407,206,60,8,C8_sub,14,1.2824121713638306,1.327094554901123,0.9663306707330875,-0.05545073710466564,1.0217814078377532,206,1,218;261;153;148;210;158;156;185,218:F;261:V;153:E;148:D;210:Q;158:S;156:F;185:L
2FVYA,PF13407,206,60,8,C8,15,1.3179904222488403,1.327094554901123,0.9931398010649203,-0.028641606772832895,1.0217814078377532,206,1,232;153;180;250;208;252;205;173,
2FVYA,PF13407,206,60,8,C8_sub,15,1.254842758178711,1.327094554901123,0.9455564063196723,-0.07622500151808087,1.0217814078377532,206,1,232;153;180;250;208;252;205;173,232:A;153:E;180:L;250:I;208:V;252:Y;205:W;173:D
2FVYA,PF13407,206,60,8,C8,16,1.3297858238220215,1.327094554901123,1.0020279405947068,-0.019753467243046385,1.0217814078377532,206,1,156;237;208;241;240;248;265;246,
2FVYA,PF13407,206,60,8,C8_sub,16,1.2886784076690674,1.327094554901123,0.9710524415233412,-0.05072896631441193,1.0217814078377532,206,1,156;237;208;241;240;248;265;246,156:M;237:A;208:W;241:I;240:L;248:I;265:I;246:Q
2FVYA,PF13407,206,60,8,C8,17,1.2840052843093872,1.327094554901123,0.9675311224564958,-0.054250285381257424,1.0217814078377532,206,1,216;209;235;263;230;200;194;179,
2FVYA,PF13407,206,60,8,C8_sub,17,1.3337808847427368,1.327094554901123,1.0050383221127088,-0.01674308572504435,1.0217814078377532,206,1,216;209;235;263;230;200;194;179,216:G;209:S;235:E;263:L;230:I;200:M;194:V;179:N
2FVYA,PF13407,206,60,8,C8,18,1.2539616823196411,1.327094554901123,0.9448924929189157,-0.07688891491883743,1.0217814078377532,206,1,260;209;250;216;232;241;191;178,
2FVYA,PF13407,206,60,8,C8_sub,18,1.2876662015914917,1.327094554901123,0.9702897181184131,-0.05149168971934004,1.0217814078377532,206,1,260;209;250;216;232;241;191;178,260:Y;209:S;250:M;216:G;232:M;241:M;191:F;178:E
2FVYA,PF13407,206,60,8,C8,19,1.3268250226974487,1.327094554901123,0.9997969005277891,-0.02198450730996404,1.0217814078377532,206,1,152;253;224;226;221;264;205;185,
2FVYA,PF13407,206,60,8,C8_sub,19,1.3461991548538208,1.327094554901123,1.0143958091623104,-0.0073855986754427505,1.0217814078377532,206,1,152;253;224;226;221;264;205;185,152:F;253:W;224:K;226:R;221:F;264:C;205:I;185:P
4RY0A,PF13407,189,60,8,C0,0,1.3408164978027344,1.3238106966018677,1.0128460974401547,3.602004119418467e-07,1.0128457372397428,189,1,,
4RY0A,PF13407,189,60,8,C7,0,1.2923539876937866,1.3238106966018677,0.9762377589266892,-0.036607978313053624,1.0128457372397428,189,1,180;230;133;244;216;218;227;186,
4RY0A,PF13407,189,60,8,C7_sub,0,1.2864042520523071,1.3238106966018677,0.9717433582871173,-0.041102378952625473,1.0128457372397428,189,1,180;230;133;244;216;218;227;186,180:I;230:G;133:G;244:P;216:G;218:E;227:F;186:P
4RY0A,PF13407,189,60,8,C8,0,1.3215186595916748,1.3238106966018677,0.9982686066700651,-0.014577130569677688,1.0128457372397428,189,1,165;220;231;133;199;151;190;166,
4RY0A,PF13407,189,60,8,C8_sub,0,1.336713194847107,1.3238106966018677,1.0097464828455904,-0.003099254394152373,1.0128457372397428,189,1,165;220;231;133;199;151;190;166,165:F;220:C;231:G;133:G;199:G;151:W;190:A;166:S
4RY0A,PF13407,189,60,8,C8,1,1.2928329706192017,1.3238106966018677,0.97659958024045,-0.03624615699929279,1.0128457372397428,189,1,223;213;201;191;216;151;196;241,
4RY0A,PF13407,189,60,8,C8_sub,1,1.298487901687622,1.3238106966018677,0.9808712869753602,-0.031974450264382615,1.0128457372397428,189,1,223;213;201;191;216;151;196;241,223:W;213:V;201:F;191:Q;216:G;151:P;196:F;241:C
4RY0A,PF13407,189,60,8,C8,2,1.3265666961669922,1.3238106966018677,1.0020818683307204,-0.010763868909022367,1.0128457372397428,189,1,140;200;167;221;213;243;198;142,
4RY0A,PF13407,189,60,8,C8_sub,2,1.2985711097717285,1.3238106966018677,0.980934141947238,-0.03191159529250476,1.0128457372397428,189,1,140;200;167;221;213;243;198;142,140:V;200:F;167:F;221:T;213:L;243:Y;198:V;142:L
4RY0A,PF13407,189,60,8,C8,3,1.3298454284667969,1.3238106966018677,1.0045586063629943,-0.008287130876748483,1.0128457372397428,189,1,197;195;233;192;231;215;240;179,
4RY0A,PF13407,189,60,8,C8_sub,3,1.3144519329071045,1.3238106966018677,0.9929304365656008,-0.019915300674142045,1.0128457372397428,189,1,197;195;233;192;231;215;240;179,197:P;195:Q;233:H;192:G;231:G;215:A;240:V;179:P
4RY0A,PF13407,189,60,8,C8,4,1.270493745803833,1.3238106966018677,0.9597246411931134,-0.0531210960466294,1.0128457372397428,189,1,129;191;153;144;186;232;199;154,
4RY0A,PF13407,189,60,8,C8_sub,4,1.285838007926941,1.3238106966018677,0.9713156202979776,-0.04153011694176523,1.0128457372397428,189,1,129;191;153;144;186;232;199;154,129:P;191:T;153:E;144:N;186:A;232:V;199:G;154:C
4RY0A,PF13407,189,60,8,C8,5,1.3295142650604248,1.3238106966018677,1.0043084471769248,-0.008537290062818004,1.0128457372397428,189,1,214;151;180;137;216;238;131;159,
4RY0A,PF13407,189,60,8,C8_sub,5,1.325932502746582,1.3238106966018677,1.001602801782884,-0.011242935456858838,1.0128457372397428,189,1,214;151;180;137;216;238;131;159,214:M;151:M;180:A;137:E;216:G;238:T;131:A;159:C
4RY0A,PF13407,189,60,8,C8,6,1.3444660902023315,1.3238106966018677,1.0156029813427894,0.0027572441030465633,1.0128457372397428,189,1,220;201;176;139;180;196;213;209,
4RY0A,PF13407,189,60,8,C8_sub,6,1.3156049251556396,1.3238106966018677,0.9938014011615923,-0.01904433607815048,1.0128457372397428,189,1,220;201;176;139;180;196;213;209,220:N;201:V;176:V;139:Y;180:W;196:P;213:V;209:H
4RY0A,PF13407,189,60,8,C8,7,1.340939998626709,1.3238106966018677,1.0129393893468386,9.365210709577632e-05,1.0128457372397428,189,1,137;239;183;221;215;192;233;222,
4RY0A,PF13407,189,60,8,C8_sub,7,1.3700333833694458,1.3238106966018677,1.0349163871286344,0.022070649888891625,1.0128457372397428,189,1,137;239;183;221;215;192;233;222,137:E;239:A;183:Y;221:Y;215:W;192:G;233:H;222:E
4RY0A,PF13407,189,60,8,C8,8,1.3340815305709839,1.3238106966018677,1.0077585367722748,-0.005087200467468023,1.0128457372397428,189,1,201;238;231;132;214;176;215;249,
4RY0A,PF13407,189,60,8,C8_sub,8,1.3837312459945679,1.3238106966018677,1.0452636842612861,0.032417947021543325,1.0128457372397428,189,1,201;238;231;132;214;176;215;249,201:M;238:Y;231:G;132:I;214:F;176:W;215:P;249:D
4RY0A,PF13407,189,60,8,C8,9,1.3415783643722534,1.3238106966018677,1.0134216076482794,0.0005758704085365718,1.0128457372397428,189,1,214;215;220;140;168;180;157;134,
4RY0A,PF13407,189,60,8,C8_sub,9,1.3290950059890747,1.3238106966018677,1.0039917409647554,-0.008853996274987397,1.0128457372397428,189,1,214;215;220;140;168;180;157;134,214:M;215:A;220:T;140:L;168:N;180:M;157:F;134:H
4RY0A,PF13407,189,60,8,C8,10,1.250314712524414,1.3238106966018677,0.9444815000618194,-0.06836423717792339,1.0128457372397428,189,1,186;167;194;242;227;164;157;136,
4RY0A,PF13407,189,60,8,C8_sub,10,1.2582917213439941,1.3238106966018677,0.9505072927526146,-0.06233844448712822,1.0128457372397428,189,1,186;167;194;242;227;164;157;136,186:A;167:V;194:E;242:F;227:A;164:N;157:I;136:Y
4RY0A,PF13407,189,60,8,C8,11,1.317912220954895,1.3238106966018677,0.9955443209047081,-0.01730141633503468,1.0128457372397428,189,1,199;200;140;247;133;195;153;249,
4RY0A,PF13407,189,60,8,C8_sub,11,1.3492155075073242,1.3238106966018677,1.0191906674954878,0.006344930255745007,1.0128457372397428,189,1,199;200;140;247;133;195;153;249,199:G;200:L;140:V;247:M;133:G;195:C;153:E;249:D
4RY0A,PF13407,189,60,8,C8,12,1.334637999534607,1.3238106966018677,1.0081788906529705,-0.0046668465867723,1.0128457372397428,189,1,199;212;144;247;215;151;164;174,
4RY0A,PF13407,189,60,8,C8_sub,12,1.3494174480438232,1.3238106966018677,1.0193432123699304,0.006497475130187613,1.0128457372397428,189,1,199;212;144;247;215;151;164;174,199:G;212:W;144:Y;247:M;215:A;151:L;164:Q;174:Q
4RY0A,PF13407,189,60,8,C8,13,1.3238279819488525,1.3238106966018677,1.0000130572649317,-0.012832679974811079,1.0128457372397428,189,1,214;242;196;231;218;140;198;175,
4RY0A,PF13407,189,60,8,C8_sub,13,1.354478120803833,1.3238106966018677,1.0231660193415013,0.010320282101758504,1.0128457372397428,189,1,214;242;196;231;218;140;198;175,214:A;242:P;196:F;231:G;218:E;140:L;198:L;175:R
4RY0A,PF13407,189,60,8,C8,14,1.3005396127700806,1.3238106966018677,0.9824211392976938,-0.030424597942048992,1.0128457372397428,189,1,224;244;243;195;168;180;193;152,
4RY0A,PF13407,189,60,8,C8_sub,14,1.3044735193252563,1.3238106966018677,0.985392792695928,-0.02745294454381475,1.0128457372397428,189,1,224;244;243;195;168;180;193;152,224:K;244:L;243:N;195:N;168:N;180:I;193:C;152:E
4RY0A,PF13407,189,60,8,C8,15,1.3387365341186523,1.3238106966018677,1.0112749032434156,-0.0015708339963271811,1.0128457372397428,189,1,218;151;234;144;204;188;168;134,
4RY0A,PF13407,189,60,8,C8_sub,15,1.3387060165405273,1.3238106966018677,1.0112518504170536,-0.0015938868226892389,1.0128457372397428,189,1,218;151;234;144;204;188;168;134,218:E;151:A;234:P;144:T;204:F;188:G;168:T;134:R
4RY0A,PF13407,189,60,8,C8,16,1.2977594137191772,1.3238106966018677,0.980320990796069,-0.03252474644367376,1.0128457372397428,189,1,212;129;219;194;132;176;236;136,
4RY0A,PF13407,189,60,8,C8_sub,16,1.286978840827942,1.3238106966018677,0.9721773997834655,-0.04066833745627729,1.0128457372397428,189,1,212;129;219;194;132;176;236;136,212:M;129:A;219:G;194:E;132:I;176:P;236:L;136:Y
4RY0A,PF13407,189,60,8,C8,17,1.2891923189163208,1.3238106966018677,0.9738494500955387,-0.03899628714420411,1.0128457372397428,189,1,234;244;191;218;245;227;192;222,
4RY0A,PF13407,189,60,8,C8_sub,17,1.2747684717178345,1.3238106966018677,0.9629537478357584,-0.04989198940398443,1.0128457372397428,189,1,234;244;191;218;245;227;192;222,234:L;244:F;191:Q;218:E;245:Y;227:F;192:G;222:E
4RY0A,PF13407,189,60,8,C8,18,1.3373613357543945,1.3238106966018677,1.0102360852554753,-0.002609651984267547,1.0128457372397428,189,1,191;198;219;176;236;131;204;161,
4RY0A,PF13407,189,60,8,C8_sub,18,1.2978942394256592,1.3238106966018677,0.9804228374625358,-0.032422899777207026,1.0128457372397428,189,1,191;198;219;176;236;131;204;161,191:N;198:I;219:G;176:I;236:M;131:M;204:I;161:I
4RY0A,PF13407,189,60,8,C8,19,1.3223047256469727,1.3238106966018677,0.9988623970490942,-0.013983340190648619,1.0128457372397428,189,1,199;196;195;248;245;183;201;173,
4RY0A,PF13407,189,60,8,C8_sub,19,1.3467347621917725,1.3238106966018677,1.0173167248525408,0.004470987612797961,1.0128457372397428,189,1,199;196;195;248;245;183;201;173,199:G;196:L;195:C;248:P;245:N;183:T;201:F;173:C
4WT7A,PF13407,221,60,8,C0,0,1.0903064012527466,1.0920943021774292,0.9983628694691311,1.0915658954502305e-07,0.9983627603125416,221,1,,
4WT7A,PF13407,221,60,8,C7,0,0.5533465147018433,1.0920943021774292,0.5066838217162887,-0.4916789385962529,0.9983627603125416,221,1,209;262;278;248;250;259;218;177,
4WT7A,PF13407,221,60,8,C7_sub,0,1.0211598873138428,1.0920943021774292,0.9350473537659187,-0.06331540654662282,0.9983627603125416,221,1,209;262;278;248;250;259;218;177,209:I;262:W;278:G;248:G;250:E;259:F;218:W;177:F
4WT7A,PF13407,221,60,8,C8,0,1.007513403892517,1.0920943021774292,0.9225516531710917,-0.0758111071414499,0.9983627603125416,221,1,163;174;232;255;256;201;194;263,
4WT7A,PF13407,221,60,8,C8_sub,0,1.0479694604873657,1.0920943021774292,0.9595961249847317,-0.038766635327809884,0.9983627603125416,221,1,163;174;232;255;256;201;194;263,163:P;174:A;232:V;255:L;256:P;201:F;194:V;263:M
4WT7A,PF13407,221,60,8,C8,1,0.014458329416811466,1.0920943021774292,0.013239085111958093,-0.9851236752005834,0.9983627603125416,225,0,222;236;224;218;244;174;246;238,
4WT7A,PF13407,221,60,8,C8_sub,1,0.2602819502353668,1.0920943021774292,0.23833285249855612,-0.7600299078139854,0.9983627603125416,221,1,222;236;224;218;244;174;246;238,222:L;236:I;224:V;218:A;244:F;174:A;246:S;238:W
4WT7A,PF13407,221,60,8,C8,2,1.0485442876815796,1.0920943021774292,0.9601224780597983,-0.03824028225274323,0.9983627603125416,221,1,170;249;273;275;250;246;225;216,
4WT7A,PF13407,221,60,8,C8_sub,2,0.9489248394966125,1.0920943021774292,0.8689037545609717,-0.12945900575156988,0.9983627603125416,221,1,170;249;273;275;250;246;225;216,170:T;249:F;273:Y;275:I;250:E;246:Y;225:V;216:G
4WT7A,PF13407,221,60,8,C8,3,0.5882838368415833,1.0920943021774292,0.5386749437925431,-0.45968781651999846,0.9983627603125416,221,1,183;164;274;233;244;163;269;240,
4WT7A,PF13407,221,60,8,C8_sub,3,1.011267900466919,1.0920943021774292,0.9259895399606447,-0.07237322035189686,0.9983627603125416,221,1,183;164;274;233;244;163;269;240,183:F;164:S;274:V;233:C;244:L;163:M;269:E;240:G
4WT7A,PF13407,221,60,8,C8,4,0.6254355907440186,1.0920943021774292,0.5726937586772667,-0.4256690016352749,0.9983627603125416,221,1,274;164;174;226;256;169;224;260,
4WT7A,PF13407,221,60,8,C8_sub,4,0.5882601737976074,1.0920943021774292,0.5386532762095069,-0.4597094841030347,0.9983627603125416,221,1,274;164;174;226;256;169;224;260,274:V;164:S;174:P;226:E;256:V;169:K;224:P;260:V
4WT7A,PF13407,221,60,8,C8,5,-0.25184065103530884,1.0920943021774292,-0.2306033925213109,-1.2289661528338525,0.9983627603125416,225,0,281;223;252;265;247;269;235;187,
4WT7A,PF13407,221,60,8,C8_sub,5,-0.03441387414932251,1.0920943021774292,-0.031511815491306716,-1.0298745758038483,0.9983627603125416,166,0,281;223;252;265;247;269;235;187,281:L;223:Q;252:C;265:M;247:T;269:E;235:I;187:S
4WT7A,PF13407,221,60,8,C8,6,-0.025732187554240227,1.0920943021774292,-0.02356223954555492,-1.0219249998580966,0.9983627603125416,232,0,218;273;220;226;205;233;228;214,
4WT7A,PF13407,221,60,8,C8_sub,6,1.071143627166748,1.0920943021774292,0.9808160568470053,-0.017546703465536218,0.9983627603125416,221,1,218;273;220;226;205;233;228;214,218:F;273:N;220:V;226:E;205:F;233:N;228:M;214:D
4WT7A,PF13407,221,60,8,C8,7,0.9017520546913147,1.0920943021774292,0.8257089638627286,-0.17265379644981294,0.9983627603125416,221,1,249;229;224;228;200;248;218;188,
4WT7A,PF13407,221,60,8,C8_sub,7,0.9946246147155762,1.0920943021774292,0.9107497518597827,-0.08761300845275888,0.9983627603125416,221,1,249;229;224;228;200;248;218;188,249:P;229:S;224:V;228:F;200:E;248:G;218:P;188:I
4WT7A,PF13407,221,60,8,C8,8,-0.32363057136535645,1.0920943021774292,-0.2963394010206796,-1.2947021613332212,0.9983627603125416,222,0,200;205;185;225;201;281;247;211,
4WT7A,PF13407,221,60,8,C8_sub,8,-0.4333704113960266,1.0920943021774292,-0.3968250823504601,-1.3951878426630016,0.9983627603125416,222,0,200;205;185;225;201;281;247;211,200:E;205:M;185:L;225:A;201:F;281:L;247:N;211:H
4WT7A,PF13407,221,60,8,C8,9,0.232313871383667,1.0920943021774292,0.21272327025283178,-0.7856394900597098,0.9983627603125416,221,1,192;224;166;223;249;266;200;210,
4WT7A,PF13407,221,60,8,C8_sub,9,0.6343298554420471,1.0920943021774292,0.5808379864058566,-0.41752477390668497,0.9983627603125416,221,1,192;224;166;223;249;266;200;210,192:E;224:F;166:S;223:Q;249:M;266:I;200:E;210:S
4WT7A,PF13407,221,60,8,C8,10,0.6153163313865662,1.0920943021774292,0.5634278378339141,-0.4349349224786274,0.9983627603125416,221,1,232;236;165;192;251;205;277;262,
4WT7A,PF13407,221,60,8,C8_sub,10,1.0748655796051025,1.0920943021774292,0.9842241438875966,-0.01413861642494496,0.9983627603125416,221,1,232;236;165;192;251;205;277;262,232:M;236:W;165:W;192:E;251:G;205:A;277:W;262:A
4WT7A,PF13407,221,60,8,C8,11,0.4504573941230774,1.0920943021774292,0.41247115127782524,-0.5858916090347164,0.9983627603125416,221,1,229;278;272;220;266;223;248;262,
4WT7A,PF13407,221,60,8,C8_sub,11,1.1209348440170288,1.0920943021774292,1.0264084720358828,0.02804571172334125,0.9983627603125416,221,1,229;278;272;220;266;223;248;262,229:N;278:G;272:N;220:W;266:L;223:N;248:G;262:F
4WT7A,PF13407,221,60,8,C8,12,0.8092634081840515,1.0920943021774292,0.7410197146624916,-0.25734304565004995,0.9983627603125416,221,1,225;173;224;277;280;270;281;260,
4WT7A,PF13407,221,60,8,C8_sub,12,0.39871740341186523,1.0920943021774292,0.3650942987404094,-0.6332684615721322,0.9983627603125416,221,1,225;173;224;277;280;270;281;260,225:L;173:V;224:W;277:I;280:Y;270:I;281:L;260:P
4WT7A,PF13407,221,60,8,C8,13,0.12276159226894379,1.0920943021774292,0.11240933317221821,-0.8859534271403233,0.9983627603125416,221,1,197;268;278;222;244;225;209;213,
4WT7A,PF13407,221,60,8,C8_sub,13,-0.1628672033548355,1.0920943021774292,-0.14913291190157218,-1.1474956722141139,0.9983627603125416,225,0,197;268;278;222;244;225;209;213,197:Y;268:I;278:G;222:P;244:A;225:I;209:A;213:A
4WT7A,PF13407,221,60,8,C8,14,0.4669809341430664,1.0920943021774292,0.42760129158443083,-0.5707614687281107,0.9983627603125416,221,1,247;265;278;208;267;194;251;187,
4WT7A,PF13407,221,60,8,C8_sub,14,0.7367011904716492,1.0920943021774292,0.6745765351973786,-0.323786225115163,0.9983627603125416,221,1,247;265;278;208;267;194;251;187,247:Q;265:L;278:G;208:P;267:M;194:F;251:G;187:T
4WT7A,PF13407,221,60,8,C8,15,0.8412010669708252,1.0920943021774292,0.7702641294745606,-0.228098630837981,0.9983627603125416,221,1,252;169;248;244;275;222;166;191,
4WT7A,PF13407,221,60,8,C8_sub,15,1.0151886940002441,1.0920943021774292,0.9295797001926941,-0.06878306011984747,0.9983627603125416,221,1,252;169;248;244;275;222;166;191,252:Q;169:H;248:G;244:V;275:M;222:L;166:T;191:H
4WT7A,PF13407,221,60,8,C8,16,1.1156885623931885,1.0920943021774292,1.0216045996840353,0.02324183937149371,0.9983627603125416,221,1,268;273;228;220;266;275;236;188,
4WT7A,PF13407,221,60,8,C8_sub,16,1.0714435577392578,1.0920943021774292,0.9810906948264471,-0.0172720654860945,0.9983627603125416,221,1,268;273;228;220;266;275;236;188,268:L;273:N;228:L;220:I;266:P;275:W;236:P;188:V
4WT7A,PF13407,221,60,8,C8,17,0.9308522343635559,1.0920943021774292,0.8523551789507672,-0.14600758136177439,0.9983627603125416,221,1,232;174;267;228;222;241;244;188,
4WT7A,PF13407,221,60,8,C8_sub,17,1.0806306600570679,1.0920943021774292,0.9895030657173973,-0.00885969459514424,0.9983627603125416,221,1,232;174;267;228;222;241;244;188,232:M;174:F;267:I;228:M;222:V;241:H;244:V;188:L
4WT7A,PF13407,221,60,8,C8,18,1.073305606842041,1.0920943021774292,0.9827957207560492,-0.015567039556492412,0.9983627603125416,221,1,229;225;271;223;246;274;163;191,
4WT7A,PF13407,221,60,8,C8_sub,18,1.0474051237106323,1.0920943021774292,0.9590793776895501,-0.03928338262299147,0.9983627603125416,221,1,229;225;271;223;246;274;163;191,229:N;225:M;271:L;223:C;246:S;274:F;163:W;191:K
4WT7A,PF13407,221,60,8,C8,19,0.8567768931388855,1.0920943021774292,0.7845264748938207,-0.2138362854187209,0.9983627603125416,221,1,271;233;208;200;273;190;235;240,
4WT7A,PF13407,221,60,8,C8_sub,19,1.0625766515731812,1.0920943021774292,0.9729715185351709,-0.02539124177737062,0.9983627603125416,221,1,271;233;208;200;273;190;235;240,271:L;233:S;208:M;200:E;273:T;190:V;235:M;240:G
3D02A,PF13407,192,60,8,C0,0,0.9317362308502197,1.0302579402923584,0.9043718028378592,5.785409890046722e-07,0.9043712242968702,192,1,,
3D02A,PF13407,192,60,8,C7,0,0.9100750088691711,1.0302579402923584,0.8833467554842793,-0.021024468812590902,0.9043712242968702,192,1,183;234;134;248;220;222;231;189,
3D02A,PF13407,192,60,8,C7_sub,0,0.9760392904281616,1.0302579402923584,0.9473737131802051,0.04300248888333491,0.9043712242968702,192,1,183;234;134;248;220;222;231;189,183:V;234:G;134:G;248:G;220:G;222:F;231:L;189:I
3D02A,PF13407,192,60,8,C8,0,0.8670887351036072,1.0302579402923584,0.8416229578949439,-0.06274826640192632,0.9043712242968702,192,1,193;247;241;135;235;206;203;231,
3D02A,PF13407,192,60,8,C8_sub,0,0.8567508459091187,1.0302579402923584,0.8315886851267525,-0.07278253917011768,0.9043712242968702,192,1,193;247;241;135;235;206;203;231,193:A;247:I;241:Y;135:Y;235:E;206:F;203:V;231:P
3D02A,PF13407,192,60,8,C8,1,0.8481501936912537,1.0302579402923584,0.8232406279252479,-0.08113059637162234,0.9043712242968702,192,1,191;251;207;170;234;202;227;189,
3D02A,PF13407,192,60,8,C8_sub,1,0.9199586510658264,1.0302579402923584,0.8929401221647153,-0.011431102132154924,0.9043712242968702,192,1,191;251;207;170;234;202;227;189,191:F;251:M;207:L;170:D;234:G;202:G;227:P;189:W
3D02A,PF13407,192,60,8,C8,2,0.9658042788505554,1.0302579402923584,0.9374392965867239,0.033068072289853645,0.9043712242968702,192,1,219;201;218;231;200;198;206;202,
3D02A,PF13407,192,60,8,C8_sub,2,0.9396966695785522,1.0302579402923584,0.9120984491630247,0.007727224866154514,0.9043712242968702,192,1,219;201;218;231;200;198;206;202,219:Q;201:P;218:L;231:V;200:L;198:Q;206:V;202:G
3D02A,PF13407,192,60,8,C8,3,0.9252302646636963,1.0302579402923584,0.8980569122341748,-0.006314312062695393,0.9043712242968702,192,1,244;149;248;197;169;182;228;175,
3D02A,PF13407,192,60,8,C8_sub,3,0.8460908532142639,1.0302579402923584,0.8212417688080783,-0.08312945548879191,0.9043712242968702,192,1,244;149;248;197;169;182;228;175,244:L;149:P;248:G;197:C;169:V;182:P;228:W;175:Y
3D02A,PF13407,192,60,8,C8,4,0.9126336574554443,1.0302579402923584,0.8858302583879766,-0.018540965908893647,0.9043712242968702,192,1,251;180;161;243;139;143;227;247,
3D02A,PF13407,192,60,8,C8_sub,4,0.9178857803344727,1.0302579402923584,0.8909281301670942,-0.013443094129776068,0.9043712242968702,192,1,251;180;161;243;139;143;227;247,251:I;180:V;161:D;243:E;139:F;143:I;227:V;247:V
3D02A,PF13407,192,60,8,C8,5,0.917212724685669,1.0302579402923584,0.8902748416822583,-0.01409638261461188,0.9043712242968702,192,1,206;195;171;228;145;235;207;147,
3D02A,PF13407,192,60,8,C8_sub,5,0.8795512318611145,1.0302579402923584,0.8537194400186059,-0.050651784278264333,0.9043712242968702,192,1,206;195;171;228;145;235;207;147,206:I;195:L;171:Q;228:V;145:W;235:E;207:L;147:M
3D02A,PF13407,192,60,8,C8,6,0.9137571454048157,1.0302579402923584,0.8869207502982379,-0.01745047399863231,0.9043712242968702,192,1,163;203;237;242;217;135;226;193,
3D02A,PF13407,192,60,8,C8_sub,6,0.9236903190612793,1.0302579402923584,0.8965621937348639,-0.007809030562006325,0.9043712242968702,192,1,163;203;237;242;217;135;226;193,163:Q;203:L;237:N;242:C;217:P;135:Y;226:N;193:F
3D02A,PF13407,192,60,8,C8,7,0.8859630823135376,1.0302579402923584,0.8599429790001192,-0.044428245296751046,0.9043712242968702,192,1,145;144;162;236;189;198;250;226,
3D02A,PF13407,192,60,8,C8_sub,7,0.9334644675254822,1.0302579402923584,0.9060492824356112,0.001678058138741001,0.9043712242968702,192,1,145;144;162;236;189;198;250;226,145:V;144:A;162:A;236:A;189:V;198:S;250:I;226:C
3D02A,PF13407,192,60,8,C8,8,0.943882942199707,1.0302579402923584,0.9161617739455222,0.011790549648652004,0.9043712242968702,192,1,207;233;218;224;223;230;242;167,
3D02A,PF13407,192,60,8,C8_sub,8,0.9561234712600708,1.0302579402923584,0.9280428074048618,0.023671583107991556,0.9043712242968702,192,1,207;233;218;224;223;230;242;167,207:L;233:C;218:P;224:W;223:P;230:P;242:C;167:I
3D02A,PF13407,192,60,8,C8,9,0.9102917909622192,1.0302579402923584,0.883557170841997,-0.020814053454873194,0.9043712242968702,192,1,202;212;193;182;168;220;243;241,
3D02A,PF13407,192,60,8,C8_sub,9,0.8736622333526611,1.0302579402923584,0.8480033971926877,-0.05636782710418253,0.9043712242968702,192,1,202;212;193;182;168;220;243;241,202:G;212:V;193:I;182:W;168:I;220:G;243:E;241:C
3D02A,PF13407,192,60,8,C8,10,0.8998949527740479,1.0302579402923584,0.8734656803699885,-0.030905543926881718,0.9043712242968702,192,1,175;239;193;216;178;220;237;169,
3D02A,PF13407,192,60,8,C8_sub,10,0.9456808567047119,1.0302579402923584,0.9179068849848943,0.013535660688024032,0.9043712242968702,192,1,175;239;193;216;178;220;237;169,175:C;239:G;193:P;216:W;178:S;220:G;237:S;169:F
3D02A,PF13407,192,60,8,C8,11,0.9034395217895508,1.0302579402923584,0.8769061479236743,-0.02746507637319595,0.9043712242968702,192,1,239;219;191;240;180;228;163;143,
3D02A,PF13407,192,60,8,C8_sub,11,0.9007371664047241,1.0302579402923584,0.874283158787517,-0.03008806550935328,0.9043712242968702,192,1,239;219;191;240;180;228;163;143,239:G;219:T;191:F;240:A;180:V;228:F;163:C;143:I
3D02A,PF13407,192,60,8,C8,12,0.8468112945556641,1.0302579402923584,0.8219410513015437,-0.08243017299532651,0.9043712242968702,192,1,132;182;235;167;234;237;191;231,
3D02A,PF13407,192,60,8,C8_sub,12,0.9020339250564575,1.0302579402923584,0.8755418325632953,-0.028829391733574905,0.9043712242968702,192,1,132;182;235;167;234;237;191;231,132:S;182:A;235:E;167:F;234:G;237:Y;191:M;231:L
3D02A,PF13407,192,60,8,C8,13,0.8852964043617249,1.0302579402923584,0.8592958809038661,-0.04507534339300412,0.9043712242968702,192,1,135;233;195;139;220;252;235;191,
3D02A,PF13407,192,60,8,C8_sub,13,0.951606035232544,1.0302579402923584,0.9236580452488479,0.019286820951977646,0.9043712242968702,192,1,135;233;195;139;220;252;235;191,135:Q;233:T;195:A;139:V;220:G;252:F;235:E;191:L
3D02A,PF13407,192,60,8,C8,14,0.9362334609031677,1.0302579402923584,0.9087369524543445,0.004365728157474269,0.9043712242968702,192,1,148;248;162;179;234;236;145;143,
3D02A,PF13407,192,60,8,C8_sub,14,0.9064007997512817,1.0302579402923584,0.8797804552654751,-0.02459076903139512,0.9043712242968702,192,1,148;248;162;179;234;236;145;143,148:F;248:G;162:I;179:S;234:G;236:F;145:M;143:P
3D02A,PF13407,192,60,8,C8,15,0.84848952293396,1.0302579402923584,0.8235699913103144,-0.08080123298655584,0.9043712242968702,192,1,228;238;182;196;203;202;195;147,
3D02A,PF13407,192,60,8,C8_sub,15,0.9039539098739624,1.0302579402923584,0.8774054287972248,-0.026965795499645395,0.9043712242968702,192,1,228;238;182;196;203;202;195;147,228:I;238:D;182:V;196:G;203:L;202:G;195:V;147:P
3D02A,PF13407,192,60,8,C8,16,0.9436454772949219,1.0302579402923584,0.9159312832154846,0.011560058918614335,0.9043712242968702,192,1,182;168;169;189;237;179;207;224,
3D02A,PF13407,192,60,8,C8_sub,16,0.9465529918670654,1.0302579402923584,0.9187534061600731,0.014382181863202836,0.9043712242968702,192,1,182;168;169;189;237;179;207;224,182:F;168:L;169:V;189:I;237:Q;179:S;207:P;224:F
3D02A,PF13407,192,60,8,C8,17,0.909988522529602,1.0302579402923584,0.883262809186768,-0.021108415110102197,0.9043712242968702,192,1,199;247;148;216;195;147;179;251,
3D02A,PF13407,192,60,8,C8_sub,17,0.9249823093414307,1.0302579402923584,0.8978162391827299,-0.0065549851141403215,0.9043712242968702,192,1,199;247;148;216;195;147;179;251,199:G;247:I;148:W;216:M;195:M;147:A;179:Y;251:M
3D02A,PF13407,192,60,8,C8,18,0.8846982717514038,1.0302579402923584,0.8587153150213539,-0.045655909275516326,0.9043712242968702,192,1,194;242;170;216;161;228;231;144,
3D02A,PF13407,192,60,8,C8_sub,18,0.8831827044487,1.0302579402923584,0.8572442588484952,-0.047126965448375024,0.9043712242968702,192,1,194;242;170;216;161;228;231;144,194:N;242:C;170:D;216:A;161:D;228:M;231:P;144:P
3D02A,PF13407,192,60,8,C8,19,0.9403771162033081,1.0302579402923584,0.9127589115561249,0.00838768725925465,0.9043712242968702,192,1,224;163;180;250;169;242;168;235,
3D02A,PF13407,192,60,8,C8_sub,19,0.9632925391197205,1.0302579402923584,0.9350013248588649,0.030630100561994666,0.9043712242968702,192,1,224;163;180;250;169;242;168;235,224:V;163:C;180:V;250:I;169:P;242:N;168:W;235:E
