protein,pfam_acc,anchor_pos,radius,k,condition,repeat,alpha,alpha_full,alpha_norm,delta_alpha_norm,c0_alpha_norm,argmax_pos,anchor_argmax_preserved,perturbed_positions,substitutions
3H7AA,PF00106,137,41,8,C0,0,1.0850019454956055,1.4410269260406494,0.7529366217165321,-9.92702807067758e-07,0.7529376144193392,137,1,,
3H7AA,PF00106,137,41,8,C7,0,-0.3758256435394287,1.4410269260406494,-0.2608040396386231,-1.0137416540579622,0.7529376144193392,114,0,154;158;134;141;177;136;157;156,
3H7AA,PF00106,137,41,8,C7_sub,0,-0.32480114698410034,1.4410269260406494,-0.22539561274994396,-0.9783332271692831,0.7529376144193392,139,0,154;158;134;141;177;136;157;156,154:P;158:H;134:G;141:W;177:M;136:M;157:W;156:Y
3H7AA,PF00106,137,41,8,C8,0,-0.4496111273765564,1.4410269260406494,-0.3120074436165487,-1.064945058035888,0.7529376144193392,103,0,158;134;163;161;144;139;141;159,
3H7AA,PF00106,137,41,8,C8_sub,0,-0.42060038447380066,1.4410269260406494,-0.2918754513695576,-1.0448130657888968,0.7529376144193392,143,0,158;134;163;161;144;139;141;159,158:H;134:G;163:W;161:A;144:Y;139:C;141:M;159:M
3H7AA,PF00106,137,41,8,C8,1,-0.31796181201934814,1.4410269260406494,-0.22064945926650845,-0.9735870736858476,0.7529376144193392,114,0,136;161;128;177;135;166;127;159,
3H7AA,PF00106,137,41,8,C8_sub,1,-0.26971590518951416,1.4410269260406494,-0.1871692334928,-0.9401068479121392,0.7529376144193392,177,0,136;161;128;177;135;166;127;159,136:L;161:F;128:I;177:A;135:R;166:Y;127:W;159:I
3H7AA,PF00106,137,41,8,C8,2,-0.04573431611061096,1.4410269260406494,-0.031737308501424116,-0.7846749229207632,0.7529376144193392,137,1,124;114;113;143;164;116;110;106,
3H7AA,PF00106,137,41,8,C8_sub,2,0.33118048310279846,1.4410269260406494,0.22982255023696643,-0.5231150641823727,0.7529376144193392,137,1,124;114;113;143;164;116;110;106,124:Y;114:N;113:M;143:P;164:P;116:W;110:I;106:V
3H7AA,PF00106,137,41,8,C8,3,-0.23275938630104065,1.4410269260406494,-0.16152327350368664,-0.9144608879230258,0.7529376144193392,174,0,98;101;125;173;117;138;113;124,
3H7AA,PF00106,137,41,8,C8_sub,3,-0.32308802008628845,1.4410269260406494,-0.22420678909449787,-0.977144403513837,0.7529376144193392,176,0,98;101;125;173;117;138;113;124,98:W;101:S;125:L;173:P;117:G;138:P;113:W;124:C
3H7AA,PF00106,137,41,8,C8,4,-0.44850876927375793,1.4410269260406494,-0.3112424626971239,-1.0641800771164631,0.7529376144193392,114,0,123;164;153;154;139;136;172;160,
3H7AA,PF00106,137,41,8,C8_sub,4,-0.5081039071083069,1.4410269260406494,-0.3525984823228584,-1.1055360967421977,0.7529376144193392,152,0,123;164;153;154;139;136;172;160,123:D;164:M;153:W;154:P;139:Y;136:F;172:M;160:G
3H7AA,PF00106,137,41,8,C8,5,0.4113384187221527,1.4410269260406494,0.2854481143196553,-0.4674895000996839,0.7529376144193392,137,1,141;172;156;113;110;124;167;127,
3H7AA,PF00106,137,41,8,C8_sub,5,1.1346086263656616,1.4410269260406494,0.7873611560355089,0.034423541616169784,0.7529376144193392,137,1,141;172;156;113;110;124;167;127,141:W;172:A;156:Q;113:I;110:I;124:T;167:Y;127:I
3H7AA,PF00106,137,41,8,C8,6,-0.1279689371585846,1.4410269260406494,-0.08880398752172572,-0.8417416019410648,0.7529376144193392,137,1,173;152;106;118;120;103;116;155,
3H7AA,PF00106,137,41,8,C8_sub,6,0.8241262435913086,1.4410269260406494,0.5719020433960033,-0.1810355710233359,0.7529376144193392,137,1,173;152;106;118;120;103;116;155,173:L;152:L;106:V;118:M;120:Y;103:E;116:F;155:V
3H7AA,PF00106,137,41,8,C8,7,-0.173776313662529,1.4410269260406494,-0.1205919962508924,-0.8735296106702315,0.7529376144193392,137,1,122;114;164;141;165;115;156;166,
3H7AA,PF00106,137,41,8,C8_sub,7,0.9719815254211426,1.4410269260406494,0.6745061510347686,-0.07843146338457052,0.7529376144193392,137,1,122;114;164;141;165;115;156;166,122:K;114:N;164:F;141:M;165:L;115:V;156:Y;166:T
3H7AA,PF00106,137,41,8,C8,8,-0.30882203578948975,1.4410269260406494,-0.21430691558138054,-0.9672445300007197,0.7529376144193392,174,0,122;98;119;134;166;110;128;147,
3H7AA,PF00106,137,41,8,C8_sub,8,0.5341974496841431,1.4410269260406494,0.37070608468913097,-0.3822315297302082,0.7529376144193392,137,1,122;98;119;134;166;110;128;147,122:H;98:V;119:I;134:G;166:S;110:P;128:W;147:G
3H7AA,PF00106,137,41,8,C8,9,-0.28880420327186584,1.4410269260406494,-0.20041554953132018,-0.9533531639506594,0.7529376144193392,121,0,155;116;113;136;110;117;141;118,
3H7AA,PF00106,137,41,8,C8_sub,9,-0.1491054743528366,1.4410269260406494,-0.103471678188913,-0.8564092926082522,0.7529376144193392,160,0,155;116;113;136;110;117;141;118,155:W;116:F;113:L;136:M;110:L;117:G;141:V;118:W
3H7AA,PF00106,137,41,8,C8,10,-0.456423819065094,1.4410269260406494,-0.31673510801020166,-1.0696727224295408,0.7529376144193392,103,0,117;119;136;121;139;118;124;172,
3H7AA,PF00106,137,41,8,C8_sub,10,-0.16707730293273926,1.4410269260406494,-0.11594322070844236,-0.8688808351277815,0.7529376144193392,141,0,117;119;136;121;139;118;124;172,117:G;119:P;136:F;121:G;139:N;118:L;124:Y;172:V
3H7AA,PF00106,137,41,8,C8,11,-0.3612484335899353,1.4410269260406494,-0.25068819122103275,-1.003625805640372,0.7529376144193392,103,0,136;173;119;154;117;166;134;177,
3H7AA,PF00106,137,41,8,C8_sub,11,-0.3520461320877075,1.4410269260406494,-0.2443022581507105,-0.9972398725700496,0.7529376144193392,141,0,136;173;119;154;117;166;134;177,136:W;173:F;119:F;154:L;117:G;166:C;134:G;177:F
3H7AA,PF00106,137,41,8,C8,12,-0.17319580912590027,1.4410269260406494,-0.12018915538363413,-0.8731267698029733,0.7529376144193392,137,1,138;113;167;153;117;166;147;135,
3H7AA,PF00106,137,41,8,C8_sub,12,1.1677228212356567,1.4410269260406494,0.8103407369660189,0.057403122546679786,0.7529376144193392,137,1,138;113;167;153;117;166;147;135,138:I;113:W;167:T;153:M;117:G;166:N;147:G;135:R
3H7AA,PF00106,137,41,8,C8,13,-0.3138716518878937,1.4410269260406494,-0.21781109444657232,-0.9707487088659115,0.7529376144193392,143,0,103;119;124;166;161;136;101;120,
3H7AA,PF00106,137,41,8,C8_sub,13,-0.1932431012392044,1.4410269260406494,-0.13410096490712853,-0.8870385793264677,0.7529376144193392,101,0,103;119;124;166;161;136;101;120,103:E;119:W;124:C;166:C;161:M;136:P;101:C;120:T
3H7AA,PF00106,137,41,8,C8,14,-0.35983186960220337,1.4410269260406494,-0.24970516726628675,-1.0026427816856258,0.7529376144193392,114,0,152;160;165;125;110;159;169;144,
3H7AA,PF00106,137,41,8,C8_sub,14,-0.3562224507331848,1.4410269260406494,-0.24720041263346682,-1.000138027052806,0.7529376144193392,141,0,152;160;165;125;110;159;169;144,152:L;160:G;165:W;125:W;110:P;159:I;169:F;144:Q
3H7AA,PF00106,137,41,8,C8,15,-0.33324262499809265,1.4410269260406494,-0.2312535726960402,-0.9841911871153793,0.7529376144193392,144,0,161;158;178;118;163;117;114;157,
3H7AA,PF00106,137,41,8,C8_sub,15,0.40079373121261597,1.4410269260406494,0.2781306330713977,-0.47480698134794147,0.7529376144193392,137,1,161;158;178;118;163;117;114;157,161:M;158:R;178:R;118:M;163:L;117:G;114:Q;157:P
3H7AA,PF00106,137,41,8,C8,16,-0.3266497254371643,1.4410269260406494,-0.22667843295243878,-0.9796160473717779,0.7529376144193392,144,0,153;123;163;124;136;167;177;109,
3H7AA,PF00106,137,41,8,C8_sub,16,0.4451989531517029,1.4410269260406494,0.3089456172584692,-0.44399199716086996,0.7529376144193392,137,1,153;123;163;124;136;167;177;109,153:F;123:D;163:M;124:C;136:V;167:T;177:A;109:M
3H7AA,PF00106,137,41,8,C8,17,-0.3850407600402832,1.4410269260406494,-0.2671988656715924,-1.0201364800909316,0.7529376144193392,114,0,158;109;119;169;141;152;139;140,
3H7AA,PF00106,137,41,8,C8_sub,17,-0.2895602583885193,1.4410269260406494,-0.20094021364618914,-0.9538778280655282,0.7529376144193392,136,0,158;109;119;169;141;152;139;140,158:R;109:F;119:M;169:F;141:M;152:M;139:S;140:G
3H7AA,PF00106,137,41,8,C8,18,-0.2626340985298157,1.4410269260406494,-0.18225481688355843,-0.9351924313028976,0.7529376144193392,152,0,153;160;118;156;120;117;103;157,
3H7AA,PF00106,137,41,8,C8_sub,18,0.9628424048423767,1.4410269260406494,0.6681640623384273,-0.08477355208091186,0.7529376144193392,137,1,153;160;118;156;120;117;103;157,153:M;160:G;118:L;156:T;120:C;117:G;103:E;157:I
3H7AA,PF00106,137,41,8,C8,19,-0.266001433134079,1.4410269260406494,-0.18459157724758257,-0.9375291916669217,0.7529376144193392,120,0,164;156;121;144;103;124;143;150,
3H7AA,PF00106,137,41,8,C8_sub,19,-0.17247968912124634,1.4410269260406494,-0.11969220422213049,-0.8726298186414696,0.7529376144193392,137,1,164;156;121;144;103;124;143;150,164:P;156:Q;121:G;144:Q;103:E;124:Y;143:M;150:G
4O6VA,PF00106,137,29,8,C0,0,1.014014720916748,1.4597294330596924,0.6946593649148418,1.1433146553940787e-06,0.6946582216001864,137,1,,
4O6VA,PF00106,137,29,8,C7,0,-0.19224584102630615,1.4597294330596924,-0.13169964013354568,-0.8263578617337322,0.6946582216001864,241,0,154;158;134;141;136;157;156;113,
4O6VA,PF00106,137,29,8,C7_sub,0,1.0430668592453003,1.4597294330596924,0.7145617781090849,0.019903556508898523,0.6946582216001864,137,1,154;158;134;141;136;157;156;113,154:T;158:K;134:G;141:C;136:F;157:A;156:L;113:N
4O6VA,PF00106,137,29,8,C8,0,-0.1496119648218155,1.4597294330596924,-0.10249294248196299,-0.7971511640821494,0.6946582216001864,241,0,158;163;110;156;141;138;143;112,
4O6VA,PF00106,137,29,8,C8_sub,0,-0.31490370631217957,1.4597294330596924,-0.21572744864924723,-0.9103856702494336,0.6946582216001864,115,0,158;163;110;156;141;138;143;112,158:H;163:T;110:F;156:A;141:N;138:Y;143:F;112:N
4O6VA,PF00106,137,29,8,C8,1,-0.09034794569015503,1.4597294330596924,-0.06189362469781785,-0.7565518462980043,0.6946582216001864,241,0,140;125;127;158;156;119;110;131,
4O6VA,PF00106,137,29,8,C8_sub,1,0.7943747043609619,1.4597294330596924,0.5441931130318435,-0.15046510856834294,0.6946582216001864,137,1,140;125;127;158;156;119;110;131,140:N;125:I;127:V;158:K;156:A;119:K;110:W;131:T
4O6VA,PF00106,137,29,8,C8,2,-0.19899670779705048,1.4597294330596924,-0.13632437853906926,-0.8309826001392557,0.6946582216001864,241,0,146;135;161;139;159;160;157;130,
4O6VA,PF00106,137,29,8,C8_sub,2,0.9049564599990845,1.4597294330596924,0.6199480804481924,-0.07471014115199404,0.6946582216001864,137,1,146;135;161;139;159;160;157;130,146:D;135:A;161:V;139:V;159:W;160:G;157:W;130:R
4O6VA,PF00106,137,29,8,C8,3,-0.28064534068107605,1.4597294330596924,-0.19225846538753713,-0.8869166869877235,0.6946582216001864,241,0,140;136;144;120;133;158;121;111,
4O6VA,PF00106,137,29,8,C8_sub,3,0.3664344847202301,1.4597294330596924,0.251029044438844,-0.4436291771613424,0.6946582216001864,137,1,140;136;144;120;133;158;121;111,140:N;136:F;144:P;120:L;133:N;158:K;121:M;111:E
4O6VA,PF00106,137,29,8,C8,4,-0.1692037433385849,1.4597294330596924,-0.11591445613583493,-0.8105726777360214,0.6946582216001864,241,0,110;160;146;157;125;134;138;149,
4O6VA,PF00106,137,29,8,C8_sub,4,-0.14952751994132996,1.4597294330596924,-0.10243509280203393,-0.7970933144022203,0.6946582216001864,143,0,110;160;146;157;125;134;138;149,110:F;160:G;146:D;157:W;125:M;134:G;138:S;149:P
4O6VA,PF00106,137,29,8,C8,5,0.08490251749753952,1.4597294330596924,0.05816318803655144,-0.636495033563635,0.6946582216001864,241,0,160;157;116;129;141;119;159;151,
4O6VA,PF00106,137,29,8,C8_sub,5,1.0429296493530273,1.4597294330596924,0.714467781311346,0.019809559711159608,0.6946582216001864,137,1,160;157;116;129;141;119;159;151,160:G;157:A;116:Q;129:Y;141:S;119:K;159:W;151:V
4O6VA,PF00106,137,29,8,C8,6,0.24934078752994537,1.4597294330596924,0.1708130163596894,-0.523845205240497,0.6946582216001864,137,1,146;118;124;145;158;160;152;112,
4O6VA,PF00106,137,29,8,C8_sub,6,0.9857850074768066,1.4597294330596924,0.6753203608497049,-0.019337860750481495,0.6946582216001864,137,1,146;118;124;145;158;160;152;112,146:D;118:F;124:M;145:V;158:H;160:G;152:V;112:N
4O6VA,PF00106,137,29,8,C8,7,0.02280323952436447,1.4597294330596924,0.01562155219174236,-0.6790366694084441,0.6946582216001864,145,0,166;147;161;128;158;119;164;148,
4O6VA,PF00106,137,29,8,C8_sub,7,0.9177465438842773,1.4597294330596924,0.6287100356403844,-0.06594818595980201,0.6946582216001864,137,1,166;147;161;128;158;119;164;148,166:H;147:F;161:I;128:V;158:H;119:H;164:L;148:N
4O6VA,PF00106,137,29,8,C8,8,-0.039766449481248856,1.4597294330596924,-0.027242342711344573,-0.721900564311531,0.6946582216001864,241,0,141;133;139;135;117;134;164;111,
4O6VA,PF00106,137,29,8,C8_sub,8,0.093937948346138,1.4597294330596924,0.0643529863950456,-0.6303052352051408,0.6946582216001864,115,0,141;133;139;135;117;134;164;111,141:C;133:Y;139:W;135:A;117:V;134:G;164:V;111:E
4O6VA,PF00106,137,29,8,C8,9,-0.19449999928474426,1.4597294330596924,-0.13324387032263849,-0.8279020919228249,0.6946582216001864,241,0,156;119;145;138;126;114;139;130,
4O6VA,PF00106,137,29,8,C8_sub,9,-0.37064695358276367,1.4597294330596924,-0.2539148318780299,-0.9485730534782163,0.6946582216001864,115,0,156;119;145;138;126;114;139;130,156:W;119:H;145:L;138:Y;126:L;114:L;139:A;130:R
4O6VA,PF00106,137,29,8,C8,10,-0.06136323884129524,1.4597294330596924,-0.04203740600932716,-0.7366956276095136,0.6946582216001864,241,0,134;163;162;120;122;127;124;109,
4O6VA,PF00106,137,29,8,C8_sub,10,1.0114545822143555,1.4597294330596924,0.6929055202334845,-0.0017527013667019142,0.6946582216001864,137,1,134;163;162;120;122;127;124;109,134:G;163:Q;162:P;120:L;122:H;127:V;124:W;109:G
4O6VA,PF00106,137,29,8,C8,11,-0.09237606823444366,1.4597294330596924,-0.06328300720827224,-0.7579412288084586,0.6946582216001864,241,0,155;122;118;143;123;144;141;108,
4O6VA,PF00106,137,29,8,C8_sub,11,0.7190661430358887,1.4597294330596924,0.49260234585300994,-0.20205587574717648,0.6946582216001864,137,1,155;122;118;143;123;144;141;108,155:M;122:K;118:I;143:P;123:M;144:I;141:Q;108:R
4O6VA,PF00106,137,29,8,C8,12,-0.08265458047389984,1.4597294330596924,-0.0566232197569999,-0.7512814413571863,0.6946582216001864,241,0,126;139;154;129;133;155;110;148,
4O6VA,PF00106,137,29,8,C8_sub,12,0.3986668884754181,1.4597294330596924,0.2731101253742518,-0.42154809622593464,0.6946582216001864,137,1,126;139;154;129;133;155;110;148,126:I;139:M;154:Q;129:T;133:Y;155:M;110:P;148:C
4O6VA,PF00106,137,29,8,C8,13,-0.2227362096309662,1.4597294330596924,-0.15258732514839815,-0.8472455467485845,0.6946582216001864,241,0,118;147;135;160;138;164;145;148,
4O6VA,PF00106,137,29,8,C8_sub,13,-0.3394739627838135,1.4597294330596924,-0.23255951075279266,-0.9272177323529791,0.6946582216001864,143,0,118;147;135;160;138;164;145;148,118:F;147:A;135:M;160:G;138:Y;164:I;145:V;148:T
4O6VA,PF00106,137,29,8,C8,14,-0.10811875015497208,1.4597294330596924,-0.07406766466875153,-0.7687258862689379,0.6946582216001864,241,0,146;110;115;152;128;161;139;150,
4O6VA,PF00106,137,29,8,C8_sub,14,0.2311110645532608,1.4597294330596924,0.15832459037894184,-0.5363336312212446,0.6946582216001864,137,1,146;110;115;152;128;161;139;150,146:D;110:F;115:P;152:I;128:P;161:M;139:L;150:V
4O6VA,PF00106,137,29,8,C8,15,0.13871517777442932,1.4597294330596924,0.09502800630913694,-0.5996302152910495,0.6946582216001864,137,1,154;127;163;145;166;164;161;150,
4O6VA,PF00106,137,29,8,C8_sub,15,1.0074912309646606,1.4597294330596924,0.6901903929229476,-0.004467828677238828,0.6946582216001864,137,1,154;127;163;145;166;164;161;150,154:N;127:P;163:Y;145:I;166:H;164:P;161:A;150:I
4O6VA,PF00106,137,29,8,C8,16,-0.1926766186952591,1.4597294330596924,-0.13199474802079983,-0.8266529696209862,0.6946582216001864,241,0,138;154;164;110;147;162;146;113,
4O6VA,PF00106,137,29,8,C8_sub,16,-0.18475016951560974,1.4597294330596924,-0.12656466693855778,-0.8212228885387443,0.6946582216001864,143,0,138;154;164;110;147;162;146;113,138:S;154:N;164:V;110:W;147:M;162:P;146:D;113:C
4O6VA,PF00106,137,29,8,C8,17,-0.005163513123989105,1.4597294330596924,-0.0035373083580057915,-0.6981955299581922,0.6946582216001864,241,0,133;154;121;165;129;126;166;108,
4O6VA,PF00106,137,29,8,C8_sub,17,0.8317301273345947,1.4597294330596924,0.5697837616326141,-0.1248744599675723,0.6946582216001864,137,1,133;154;121;165;129;126;166;108,133:N;154:C;121:W;165:Y;129:Y;126:A;166:R;108:R
4O6VA,PF00106,137,29,8,C8,18,-0.14461307227611542,1.4597294330596924,-0.09906840884409418,-0.7937266304442806,0.6946582216001864,241,0,117;144;163;157;156;128;142;108,
4O6VA,PF00106,137,29,8,C8_sub,18,0.7815374135971069,1.4597294330596924,0.5353988183679705,-0.15925940323221588,0.6946582216001864,137,1,117;144;163;157;156;128;142;108,117:P;144:M;163:C;157:V;156:M;128:L;142:W;108:R
4O6VA,PF00106,137,29,8,C8,19,-0.18351426720619202,1.4597294330596924,-0.12571800160358046,-0.8203762232037669,0.6946582216001864,241,0,135;147;129;122;121;119;144;148,
4O6VA,PF00106,137,29,8,C8_sub,19,-0.2506057024002075,1.4597294330596924,-0.17167955699497056,-0.8663377785951569,0.6946582216001864,129,0,135;147;129;122;121;119;144;148,135:A;147:I;129:S;122:K;121:V;119:K;144:F;148:T
2FWMX,PF00106,128,30,8,C0,0,1.186576008796692,1.418485403060913,0.8365091429465612,-8.403984230742623e-08,0.8365092269864035,128,1,,
2FWMX,PF00106,128,30,8,C7,0,-0.2528477907180786,1.418485403060913,-0.1782519511109983,-1.0147611780974017,0.8365092269864035,249,0,145;149;125;132;127;148;147;104,
2FWMX,PF00106,128,30,8,C7_sub,0,-0.3382622003555298,1.418485403060913,-0.23846717042389193,-1.0749763974102955,0.8365092269864035,109,0,145;149;125;132;127;148;147;104,145:Q;149:R;125:G;132:Y;127:W;148:C;147:L;104:Q
2FWMX,PF00106,128,30,8,C8,0,-0.16813911497592926,1.418485403060913,-0.11853425816938701,-0.9550434851557905,0.8365092269864035,249,0,156;115;108;107;144;132;150;140,
2FWMX,PF00106,128,30,8,C8_sub,0,1.060721755027771,1.418485403060913,0.7477847517774007,-0.08872447520900284,0.8365092269864035,128,1,156;115;108;107;144;132;150;140,156:F;115:N;108:P;107:G;144:L;132:T;150:F;140:A
2FWMX,PF00106,128,30,8,C8,1,-0.1708289533853531,1.418485403060913,-0.12043053317060978,-0.9569397601570133,0.8365092269864035,249,0,118;112;129;144;110;152;114;147,
2FWMX,PF00106,128,30,8,C8_sub,1,1.1832072734832764,1.418485403060913,0.8341342610435496,-0.0023749659428539127,0.8365092269864035,128,1,118;112;129;144;110;152;114;147,118:S;112:I;129:N;144:V;110:T;152:A;114:N;147:F
2FWMX,PF00106,128,30,8,C8,2,-0.2742043137550354,1.418485403060913,-0.1933078149153576,-1.0298170419017612,0.8365092269864035,249,0,149;144;129;104;133;130;122;113,
2FWMX,PF00106,128,30,8,C8_sub,2,-0.2607153058052063,1.418485403060913,-0.18379837060192192,-1.0203075975883253,0.8365092269864035,148,0,149;144;129;104;133;130;122;113,149:R;144:W;129:C;104:Y;133:E;130:M;122:C;113:C
2FWMX,PF00106,128,30,8,C8,3,-0.2754259705543518,1.418485403060913,-0.1941690552190507,-1.030678282205454,0.8365092269864035,249,0,145;118;146;132;104;110;142;98,
2FWMX,PF00106,128,30,8,C8_sub,3,-0.177263081073761,1.418485403060913,-0.12496644709296942,-0.961475674079373,0.8365092269864035,109,0,145;118;146;132;104;110;142;98,145:Q;118:Y;146:G;132:Q;104:Q;110:Q;142:F;98:S
2FWMX,PF00106,128,30,8,C8,4,-0.3519860804080963,1.418485403060913,-0.24814219423658124,-1.0846514212229847,0.8365092269864035,249,0,104;118;146;130;156;131;141;137,
2FWMX,PF00106,128,30,8,C8_sub,4,0.9298880100250244,1.418485403060913,0.655549932356331,-0.18095929463007254,0.8365092269864035,128,1,104;118;146;130;156;131;141;137,104:Y;118:Y;146:G;130:F;156:M;131:L;141:G;137:N
2FWMX,PF00106,128,30,8,C8,5,-0.2940661609172821,1.418485403060913,-0.2073099661672403,-1.0438191931536438,0.8365092269864035,249,0,110;145;127;134;152;100;101;121,
2FWMX,PF00106,128,30,8,C8_sub,5,-0.04974555969238281,1.418485403060913,-0.03506949002438668,-0.8715787170107901,0.8365092269864035,109,0,110;145;127;134;152;100;101;121,110:T;145:S;127:A;134:F;152:F;100:Q;101:M;121:H
2FWMX,PF00106,128,30,8,C8,6,-0.2732619047164917,1.418485403060913,-0.19264343794220715,-1.0291526649286107,0.8365092269864035,249,0,119;108;107;100;118;104;141;113,
2FWMX,PF00106,128,30,8,C8_sub,6,1.1349732875823975,1.418485403060913,0.8001303962192828,-0.03637883076712067,0.8365092269864035,128,1,119;108;107;100;118;104;141;113,119:I;108:V;107:G;100:Y;118:T;104:S;141:G;113:S
2FWMX,PF00106,128,30,8,C8,7,-0.23741048574447632,1.418485403060913,-0.16736900163524726,-1.0038782286216508,0.8365092269864035,249,0,119;152;133;112;108;134;135;99,
2FWMX,PF00106,128,30,8,C8_sub,7,1.0840449333190918,1.418485403060913,0.7642270628797866,-0.07228216410661692,0.8365092269864035,128,1,119;152;133;112;108;134;135;99,119:A;152:I;133:E;112:V;108:P;134:L;135:P;99:N
2FWMX,PF00106,128,30,8,C8,8,-0.2520627975463867,1.418485403060913,-0.1776985487495796,-1.014207775735983,0.8365092269864035,249,0,112;149;100;152;115;104;101;117,
2FWMX,PF00106,128,30,8,C8_sub,8,0.5153566598892212,1.418485403060913,0.3633147431599552,-0.4731944838264483,0.8365092269864035,128,1,112;149;100;152;115;104;101;117,112:V;149:H;100:Y;152:W;115:Q;104:Q;101:I;117:S
2FWMX,PF00106,128,30,8,C8,9,-0.32534560561180115,1.418485403060913,-0.22936126442312782,-1.0658704914095314,0.8365092269864035,249,0,144;111;132;118;104;127;136;137,
2FWMX,PF00106,128,30,8,C8_sub,9,-0.2523808479309082,1.418485403060913,-0.17792276704878462,-1.014431994035188,0.8365092269864035,132,0,144;111;132;118;104;127;136;137,144:M;111:M;132:C;118:T;104:C;127:M;136:K;137:S
2FWMX,PF00106,128,30,8,C8,10,-0.2889634966850281,1.418485403060913,-0.20371270374829462,-1.040221930734698,0.8365092269864035,249,0,112;110;146;126;130;134;157;123,
2FWMX,PF00106,128,30,8,C8_sub,10,0.9604430794715881,1.418485403060913,0.6770905625105995,-0.159418664475804,0.8365092269864035,128,1,112;110;146;126;130;134;157;123,112:L;110:Y;146:G;126:W;130:A;134:V;157:W;123:K
2FWMX,PF00106,128,30,8,C8,11,-0.23356273770332336,1.418485403060913,-0.164656426635991,-1.0011656536223945,0.8365092269864035,249,0,118;146;107;131;152;129;105;98,
2FWMX,PF00106,128,30,8,C8_sub,11,-0.0394720658659935,1.418485403060913,-0.027826910154181175,-0.8643361371405847,0.8365092269864035,130,0,118;146;107;131;152;129;105;98,118:N;146:G;107:G;131:P;152:P;129:S;105:M;98:S
2FWMX,PF00106,128,30,8,C8,12,-0.30244821310043335,1.418485403060913,-0.2132191226274082,-1.0497283496138117,0.8365092269864035,249,0,148;127;118;144;130;107;154;138,
2FWMX,PF00106,128,30,8,C8_sub,12,0.39405298233032227,1.418485403060913,0.2777984048901776,-0.5587108220962259,0.8365092269864035,128,1,148;127;118;144;130;107;154;138,148:T;127:F;118:T;144:F;130:M;107:G;154:T;138:I
2FWMX,PF00106,128,30,8,C8,13,-0.20655710995197296,1.418485403060913,-0.14561807228065138,-0.9821272992670549,0.8365092269864035,249,0,100;156;149;107;148;115;155;99,
2FWMX,PF00106,128,30,8,C8_sub,13,0.5512241721153259,1.418485403060913,0.388600524845623,-0.4479087021407805,0.8365092269864035,128,1,100;156;149;107;148;115;155;99,100:Y;156:M;149:H;107:G;148:Y;115:S;155:A;99:T
2FWMX,PF00106,128,30,8,C8,14,-0.210784450173378,1.418485403060913,-0.1485982511476901,-0.9851074781340936,0.8365092269864035,249,0,119;146;152;108;132;111;143;121,
2FWMX,PF00106,128,30,8,C8_sub,14,0.8459243774414062,1.418485403060913,0.5963574779239941,-0.24015174906240944,0.8365092269864035,128,1,119;146;152;108;132;111;143;121,119:M;146:G;152:V;108:I;132:Y;111:F;143:T;121:H
2FWMX,PF00106,128,30,8,C8,15,-0.2814688980579376,1.418485403060913,-0.19842918189398576,-1.0349384088803892,0.8365092269864035,249,0,145;110;100;127;119;111;139;117,
2FWMX,PF00106,128,30,8,C8_sub,15,-0.25397229194641113,1.418485403060913,-0.1790446989432326,-1.0155539259296362,0.8365092269864035,109,0,145;110;100;127;119;111;139;117,145:N;110:C;100:Y;127:P;119:W;111:F;139:K;117:Y
2FWMX,PF00106,128,30,8,C8,16,-0.22221043705940247,1.418485403060913,-0.15665331245559544,-0.993162539441999,0.8365092269864035,249,0,132;156;126;146;100;115;103;120,
2FWMX,PF00106,128,30,8,C8_sub,16,0.9663558602333069,1.418485403060913,0.6812589386877246,-0.15525028829867893,0.8365092269864035,128,1,132;156;126;146;100;115;103;120,132:Y;156:F;126:L;146:G;100:Q;115:C;103:M;120:K
2FWMX,PF00106,128,30,8,C8,17,-0.2679518759250641,1.418485403060913,-0.1888999882176141,-1.0254092152040175,0.8365092269864035,249,0,110;148;130;107;156;111;124;120,
2FWMX,PF00106,128,30,8,C8_sub,17,0.24542047083377838,1.418485403060913,0.17301585924267665,-0.6634933677437269,0.8365092269864035,128,1,110;148;130;107;156;111;124;120,110:Q;148:Q;130:A;107:G;156:V;111:W;124:G;120:K
2FWMX,PF00106,128,30,8,C8,18,-0.2967030704021454,1.418485403060913,-0.20916892747849042,-1.0456781544648939,0.8365092269864035,249,0,145;115;148;118;110;130;102;99,
2FWMX,PF00106,128,30,8,C8_sub,18,-0.15157058835029602,1.418485403060913,-0.10685382311529308,-0.9433630501016966,0.8365092269864035,101,0,145;115;148;118;110;130;102;99,145:N;115:C;148:T;118:N;110:Y;130:P;102:W;99:N
2FWMX,PF00106,128,30,8,C8,19,-0.2995411455631256,1.418485403060913,-0.2111697060235893,-1.0476789330099927,0.8365092269864035,249,0,112;108;127;111;100;115;153;98,
2FWMX,PF00106,128,30,8,C8_sub,19,1.018108606338501,1.418485403060913,0.7177434495565134,-0.11876577742989014,0.8365092269864035,128,1,112;108;127;111;100;115;153;98,112:I;108:V;127:W;111:W;100:Q;115:N;153:H;98:N
4O5OA,PF00106,151,25,8,C0,0,0.8099720478057861,1.4009753465652466,0.5781486803401532,-4.297055717028542e-06,0.5781529773958702,151,1,,
4O5OA,PF00106,151,25,8,C7,0,0.08247259259223938,1.4009753465652466,0.05886798279101512,-0.5192849946048551,0.5781529773958702,262,0,168;172;148;155;150;171;170;174,
4O5OA,PF00106,151,25,8,C7_sub,0,0.01239446084946394,1.4009753465652466,0.008847022811537177,-0.5693059545843331,0.5781529773958702,262,0,168;172;148;155;150;171;170;174,168:C;172:H;148:G;155:Y;150:P;171:N;170:I;174:G
4O5OA,PF00106,151,25,8,C8,0,0.12675710022449493,1.4009753465652466,0.09047775218547828,-0.48767522521039197,0.5781529773958702,262,0,144;135;153;157;164;150;126;162,
4O5OA,PF00106,151,25,8,C8_sub,0,-0.11676353961229324,1.4009753465652466,-0.08334446419671904,-0.6614974415925893,0.5781529773958702,262,0,144;135;153;157;164;150;126;162,144:G;135:M;153:N;157:L;164:G;150:L;126:M;162:S
4O5OA,PF00106,151,25,8,C8,1,0.06003151088953018,1.4009753465652466,0.04284979820430722,-0.535303179191563,0.5781529773958702,262,0,157;146;128;144;129;152;163;174,
4O5OA,PF00106,151,25,8,C8_sub,1,-0.08724795281887054,1.4009753465652466,-0.06227657969340805,-0.6404295570892783,0.5781529773958702,262,0,157;146;128;144;129;152;163;174,157:F;146:D;128:I;144:G;129:M;152:Q;163:M;174:G
4O5OA,PF00106,151,25,8,C8,2,0.10336779803037643,1.4009753465652466,0.073782738778239,-0.5043702386176312,0.5781529773958702,262,0,150;155;175;128;157;127;161;134,
4O5OA,PF00106,151,25,8,C8_sub,2,-0.18945541977882385,1.4009753465652466,-0.13523108757288935,-0.7133840649687596,0.5781529773958702,262,0,150;155;175;128;157;127;161;134,150:F;155:N;175:A;128:W;157:L;127:T;161:G;134:D
4O5OA,PF00106,151,25,8,C8,3,0.1522538661956787,1.4009753465652466,0.10867704886382018,-0.46947592853205006,0.5781529773958702,262,0,144;129;127;168;149;160;138;142,
4O5OA,PF00106,151,25,8,C8_sub,3,0.03080740012228489,1.4009753465652466,0.021989965917540946,-0.5561630114783293,0.5781529773958702,151,1,144;129;127;168;149;160;138;142,144:G;129:W;127:Y;168:N;149:W;160:E;138:R;142:G
4O5OA,PF00106,151,25,8,C8,4,0.17345395684242249,1.4009753465652466,0.12380942838692868,-0.4543435490089416,0.5781529773958702,151,1,164;155;168;167;157;160;170;134,
4O5OA,PF00106,151,25,8,C8_sub,4,0.016046039760112762,1.4009753465652466,0.011453477607191757,-0.5666994997886785,0.5781529773958702,151,1,164;155;168;167;157;160;170;134,164:G;155:C;168:T;167:W;157:P;160:E;170:V;134:D
4O5OA,PF00106,151,25,8,C8,5,0.165678933262825,1.4009753465652466,0.11825970647450573,-0.4598932709213645,0.5781529773958702,262,0,146;139;131;127;149;156;170;133,
4O5OA,PF00106,151,25,8,C8_sub,5,0.04502429813146591,1.4009753465652466,0.03213782329707044,-0.5460151540987997,0.5781529773958702,262,0,146;139;131;127;149;156;170;133,146:D;139:T;131:W;127:C;149:P;156:W;170:F;133:F
4O5OA,PF00106,151,25,8,C8,6,0.054548636078834534,1.4009753465652466,0.038936185574264905,-0.5392167918216053,0.5781529773958702,262,0,137;152;159;175;129;176;170;173,
4O5OA,PF00106,151,25,8,C8_sub,6,-0.02950013428926468,1.4009753465652466,-0.02105685468455229,-0.5992098320804226,0.5781529773958702,262,0,137;152;159;175;129;176;170;173,137:M;152:C;159:L;175:M;129:V;176:M;170:V;173:G
4O5OA,PF00106,151,25,8,C8,7,0.1351010501384735,1.4009753465652466,0.09643356713570944,-0.4817194102601608,0.5781529773958702,262,0,148;132;153;139;146;176;126;162,
4O5OA,PF00106,151,25,8,C8_sub,7,0.5619118213653564,1.4009753465652466,0.4010861595409145,-0.17706681785495576,0.5781529773958702,151,1,148;132;153;139;146;176;126;162,148:G;132:P;153:C;139:Y;146:D;176:M;126:A;162:S
4O5OA,PF00106,151,25,8,C8,8,0.21346987783908844,1.4009753465652466,0.1523723300074122,-0.425780647388458,0.5781529773958702,151,1,155;139;159;144;172;160;170;173,
4O5OA,PF00106,151,25,8,C8_sub,8,0.11327680200338364,1.4009753465652466,0.08085567121584468,-0.49729730618002554,0.5781529773958702,151,1,155;139;159;144;172;160;170;173,155:Y;139:Y;159:L;144:G;172:R;160:E;170:M;173:G
4O5OA,PF00106,151,25,8,C8,9,0.09011625498533249,1.4009753465652466,0.0643239406077126,-0.5138290367881576,0.5781529773958702,262,0,148;135;154;176;155;164;161;145,
4O5OA,PF00106,151,25,8,C8_sub,9,-0.07037438452243805,1.4009753465652466,-0.05023242178741691,-0.6283853991832872,0.5781529773958702,262,0,148;135;154;176;155;164;161;145,148:G;135:M;154:F;176:W;155:Y;164:G;161:G;145:G
4O5OA,PF00106,151,25,8,C8,10,-0.03967653214931488,1.4009753465652466,-0.028320649786300188,-0.6064736271821705,0.5781529773958702,262,0,132;159;160;154;152;135;163;173,
4O5OA,PF00106,151,25,8,C8_sub,10,0.017737265676259995,1.4009753465652466,0.012660655106991157,-0.5654923222888791,0.5781529773958702,262,0,132;159;160;154;152;135;163;173,132:M;159:L;160:E;154:W;152:C;135:P;163:W;173:G
4O5OA,PF00106,151,25,8,C8,11,0.027604062110185623,1.4009753465652466,0.01970346029133357,-0.5584495171045367,0.5781529773958702,262,0,167;129;155;150;137;152;170;142,
4O5OA,PF00106,151,25,8,C8_sub,11,-0.11606071144342422,1.4009753465652466,-0.08284279357803746,-0.6609957709739077,0.5781529773958702,262,0,167;129;155;150;137;152;170;142,167:I;129:A;155:Q;150:W;137:P;152:T;170:I;142:G
4O5OA,PF00106,151,25,8,C8,12,0.26198428869247437,1.4009753465652466,0.18700135540199042,-0.3911516219938798,0.5781529773958702,262,0,175;171;164;176;149;165;170;133,
4O5OA,PF00106,151,25,8,C8_sub,12,0.39547765254974365,1.4009753465652466,0.28228737466318105,-0.2958656027326892,0.5781529773958702,151,1,175;171;164;176;149;165;170;133,175:M;171:C;164:G;176:L;149:I;165:N;170:V;133:W
4O5OA,PF00106,151,25,8,C8,13,0.22713075578212738,1.4009753465652466,0.1621233066941406,-0.41602967070172964,0.5781529773958702,151,1,128;144;135;155;167;159;166;142,
4O5OA,PF00106,151,25,8,C8_sub,13,0.03689412772655487,1.4009753465652466,0.026334601688036648,-0.5518183757078335,0.5781529773958702,262,0,128;144;135;155;167;159;166;142,128:L;144:G;135:I;155:Y;167:M;159:W;166:F;142:G
4O5OA,PF00106,151,25,8,C8,14,0.0668581947684288,1.4009753465652466,0.047722606205986555,-0.5304303711898837,0.5781529773958702,262,0,152;176;136;128;171;132;161;147,
4O5OA,PF00106,151,25,8,C8_sub,14,-0.05105215683579445,1.4009753465652466,-0.0364404391276109,-0.6145934165234811,0.5781529773958702,262,0,152;176;136;128;171;132;161;147,152:Q;176:L;136:V;128:L;171:Y;132:I;161:G;147:H
4O5OA,PF00106,151,25,8,C8,15,-0.08147531747817993,1.4009753465652466,-0.05815613934815622,-0.6363091167440265,0.5781529773958702,262,0,150;157;152;135;172;168;163;142,
4O5OA,PF00106,151,25,8,C8_sub,15,-0.20891506969928741,1.4009753465652466,-0.14912116063389824,-0.7272741380297685,0.5781529773958702,262,0,150;157;152;135;172;168;163;142,150:W;157:W;152:T;135:V;172:R;168:T;163:A;142:G
4O5OA,PF00106,151,25,8,C8,16,-0.004225776996463537,1.4009753465652466,-0.003016310748667934,-0.5811692881445382,0.5781529773958702,262,0,157;154;139;144;128;153;138;133,
4O5OA,PF00106,151,25,8,C8_sub,16,0.0656295046210289,1.4009753465652466,0.04684558138866035,-0.5313073960072099,0.5781529773958702,151,1,157;154;139;144;128;153;138;133,157:P;154:V;139:Y;144:G;128:L;153:N;138:R;133:M
4O5OA,PF00106,151,25,8,C8,17,0.12302985787391663,1.4009753465652466,0.08781728970145504,-0.4903356876944152,0.5781529773958702,262,0,175;156;149;164;150;155;143;147,
4O5OA,PF00106,151,25,8,C8_sub,17,-0.03465016931295395,1.4009753465652466,-0.024732890123944955,-0.6028858675198152,0.5781529773958702,262,0,175;156;149;164;150;155;143;147,175:P;156:W;149:I;164:G;150:F;155:C;143:C;147:H
4O5OA,PF00106,151,25,8,C8,18,0.24754667282104492,1.4009753465652466,0.17669595216500558,-0.4014570252308647,0.5781529773958702,151,1,128;164;131;153;152;155;143;158,
4O5OA,PF00106,151,25,8,C8_sub,18,0.13924919068813324,1.4009753465652466,0.09939446188651978,-0.47875851550935045,0.5781529773958702,151,1,128;164;131;153;152;155;143;158,128:F;164:G;131:V;153:S;152:T;155:Q;143:Y;158:F
4O5OA,PF00106,151,25,8,C8,19,0.15451885759830475,1.4009753465652466,0.11029377353223001,-0.4678592038636402,0.5781529773958702,262,0,155;131;135;168;128;152;170;169,
4O5OA,PF00106,151,25,8,C8_sub,19,-0.09446155279874802,1.4009753465652466,-0.06742556393325422,-0.6455785413291244,0.5781529773958702,169,0,155;131;135;168;128;152;170;169,155:N;131:A;135:F;168:Q;128:P;152:Q;170:V;169:C
2OB0A,PF00583,111,20,8,C0,0,1.214571237564087,1.5855356454849243,0.7660321236061642,-9.77411494074154e-07,0.7660331010176583,111,1,,
2OB0A,PF00583,111,20,8,C7,0,-0.07095064222812653,1.5855356454849243,-0.04474868946035382,-0.8107817904780121,0.7660331010176583,169,0,128;92;129;124;120;117;109;123,
2OB0A,PF00583,111,20,8,C7_sub,0,-0.060424380004405975,1.5855356454849243,-0.03810975816057773,-0.804142859178236,0.7660331010176583,111,1,128;92;129;124;120;117;109;123,128:G;92:L;129:L;124:N;120:W;117:T;109:F;123:P
2OB0A,PF00583,111,20,8,C8,0,-0.2562905550003052,1.5855356454849243,-0.16164288436537838,-0.9276759853830367,0.7660331010176583,96,0,116;96;119;114;117;124;113;120,
2OB0A,PF00583,111,20,8,C8_sub,0,-0.060229428112506866,1.5855356454849243,-0.03798680167426078,-0.8040199026919191,0.7660331010176583,111,1,116;96;119;114;117;124;113;120,116:T;96:I;119:Y;114:S;117:C;124:Q;113:M;120:P
2OB0A,PF00583,111,20,8,C8,1,-0.4122987687587738,1.5855356454849243,-0.2600375273383875,-1.0260706283560457,0.7660331010176583,100,0,99;108;93;109;106;114;129;113,
2OB0A,PF00583,111,20,8,C8_sub,1,1.1634646654129028,1.5855356454849243,0.733799122540109,-0.032233978477549274,0.7660331010176583,111,1,99;108;93;109;106;114;129;113,99:A;108:Q;93:I;109:L;106:V;114:N;129:L;113:M
2OB0A,PF00583,111,20,8,C8,2,-0.07224565744400024,1.5855356454849243,-0.045565457736463845,-0.8115985587541221,0.7660331010176583,100,0,94;106;123;129;93;124;120;96,
2OB0A,PF00583,111,20,8,C8_sub,2,0.1123742014169693,1.5855356454849243,0.07087459795493938,-0.695158503062719,0.7660331010176583,123,0,94;106;123;129;93;124;120;96,94:C;106:L;123:W;129:A;93:W;124:N;120:I;96:F
2OB0A,PF00583,111,20,8,C8,3,-0.18795661628246307,1.5855356454849243,-0.11854455421276759,-0.8845776552304259,0.7660331010176583,115,0,112;123;114;124;109;100;129;108,
2OB0A,PF00583,111,20,8,C8_sub,3,-0.05324026197195053,1.5855356454849243,-0.033578722826926664,-0.799611823844585,0.7660331010176583,112,0,112;123;114;124;109;100;129;108,112:R;123:M;114:N;124:Q;109:V;100:Y;129:I;108:C
2OB0A,PF00583,111,20,8,C8,4,-0.13501837849617004,1.5855356454849243,-0.08515631854802966,-0.8511894195656879,0.7660331010176583,100,0,94;120;114;109;93;106;119;129,
2OB0A,PF00583,111,20,8,C8_sub,4,-0.19515526294708252,1.5855356454849243,-0.1230847527791756,-0.889117853796834,0.7660331010176583,104,0,94;120;114;109;93;106;119;129,94:S;120:F;114:T;109:M;93:F;106:I;119:Y;129:M
2OB0A,PF00583,111,20,8,C8,5,-0.3593584895133972,1.5855356454849243,-0.22664800412196984,-0.9926811051396282,0.7660331010176583,100,0,121;114;93;124;109;106;113;100,
2OB0A,PF00583,111,20,8,C8_sub,5,-0.0032234471291303635,1.5855356454849243,-0.002033033529274264,-0.7680661345469326,0.7660331010176583,95,0,121;114;93;124;109;106;113;100,121:M;114:C;93:M;124:S;109:M;106:A;113:F;100:T
2OB0A,PF00583,111,20,8,C8,6,-0.19370973110198975,1.5855356454849243,-0.12217305341170369,-0.888206154429362,0.7660331010176583,96,0,116;109;123;120;119;96;93;100,
2OB0A,PF00583,111,20,8,C8_sub,6,-0.16763707995414734,1.5855356454849243,-0.10572898845353727,-0.8717620894711956,0.7660331010176583,120,0,116;109;123;120;119;96;93;100,116:Y;109:V;123:A;120:W;119:N;96:L;93:A;100:S
2OB0A,PF00583,111,20,8,C8,7,-0.2158736139535904,1.5855356454849243,-0.13615185162713075,-0.902184952644789,0.7660331010176583,100,0,115;113;123;124;119;114;108;106,
2OB0A,PF00583,111,20,8,C8_sub,7,-0.11994883418083191,1.5855356454849243,-0.07565193158690951,-0.8416850326045678,0.7660331010176583,123,0,115;113;123;124;119;114;108;106,115:W;113:W;123:W;124:T;119:T;114:T;108:T;106:M
2OB0A,PF00583,111,20,8,C8,8,-0.08983414620161057,1.5855356454849243,-0.05665854719660715,-0.8226916482142654,0.7660331010176583,169,0,127;117;120;108;124;96;106;129,
2OB0A,PF00583,111,20,8,C8_sub,8,0.12340885400772095,1.5855356454849243,0.0778341719148025,-0.6881989291028558,0.7660331010176583,104,0,127;117;120;108;124;96;106;129,127:A;117:C;120:W;108:Y;124:C;96:A;106:A;129:W
2OB0A,PF00583,111,20,8,C8,9,-0.37093478441238403,1.5855356454849243,-0.23394919279719906,-0.9999822938148574,0.7660331010176583,100,0,110;93;129;114;113;96;109;123,
2OB0A,PF00583,111,20,8,C8_sub,9,-0.05780433863401413,1.5855356454849243,-0.03645729365884745,-0.8024903946765057,0.7660331010176583,111,1,110;93;129;114;113;96;109;123,110:C;93:M;129:I;114:N;113:F;96:L;109:W;123:A
2OB0A,PF00583,111,20,8,C8,10,-0.41734427213668823,1.5855356454849243,-0.26321973481021715,-1.0292528358278754,0.7660331010176583,100,0,97;113;129;108;109;93;120;119,
2OB0A,PF00583,111,20,8,C8_sub,10,-0.06031353771686554,1.5855356454849243,-0.03803984974328287,-0.8040729507609412,0.7660331010176583,114,0,97;113;129;108;109;93;120;119,97:F;113:A;129:L;108:Q;109:M;93:F;120:V;119:C
2OB0A,PF00583,111,20,8,C8,11,-0.14118899405002594,1.5855356454849243,-0.08904813616274412,-0.8550812371804024,0.7660331010176583,115,0,131;108;109;119;114;100;123;106,
2OB0A,PF00583,111,20,8,C8_sub,11,0.5504570007324219,1.5855356454849243,0.3471741567589095,-0.4188589442587488,0.7660331010176583,111,1,131;108;109;119;114;100;123;106,131:P;108:C;109:A;119:T;114:C;100:Q;123:V;106:L
2OB0A,PF00583,111,20,8,C8,12,-0.34215062856674194,1.5855356454849243,-0.21579497726277716,-0.9818280782804355,0.7660331010176583,169,0,99;109;129;124;93;113;123;106,
2OB0A,PF00583,111,20,8,C8_sub,12,-0.0107977744191885,1.5855356454849243,-0.006810174498401819,-0.7728432755160601,0.7660331010176583,114,0,99;109;129;124;93;113;123;106,99:W;109:V;129:A;124:S;93:I;113:L;123:V;106:P
2OB0A,PF00583,111,20,8,C8,13,-0.14115017652511597,1.5855356454849243,-0.08902365388445507,-0.8550567549021134,0.7660331010176583,100,0,121;123;109;117;100;106;108;129,
2OB0A,PF00583,111,20,8,C8_sub,13,0.008376594632863998,1.5855356454849243,0.005283132332418852,-0.7607499686852395,0.7660331010176583,111,1,121;123;109;117;100;106;108;129,121:P;123:A;109:W;117:C;100:N;106:A;108:T;129:A
2OB0A,PF00583,111,20,8,C8,14,-0.1319604516029358,1.5855356454849243,-0.08322767891009897,-0.8492607799277573,0.7660331010176583,115,0,99;124;96;119;108;117;129;100,
2OB0A,PF00583,111,20,8,C8_sub,14,-0.11337535828351974,1.5855356454849243,-0.07150602927557945,-0.8375391302932378,0.7660331010176583,104,0,99;124;96;119;108;117;129;100,99:V;124:N;96:M;119:T;108:S;117:T;129:M;100:S
2OB0A,PF00583,111,20,8,C8,15,-0.3727661371231079,1.5855356454849243,-0.2351042300339455,-1.0011373310516039,0.7660331010176583,100,0,110;106;109;119;129;124;113;120,
2OB0A,PF00583,111,20,8,C8_sub,15,-0.27525603771209717,1.5855356454849243,-0.17360444622984944,-0.9396375472475078,0.7660331010176583,123,0,110;106;109;119;129;124;113;120,110:Q;106:P;109:L;119:Y;129:L;124:S;113:P;120:W
2OB0A,PF00583,111,20,8,C8,16,-0.38184937834739685,1.5855356454849243,-0.24083304556083382,-1.006866146578492,0.7660331010176583,96,0,110;106;113;120;108;96;109;119,
2OB0A,PF00583,111,20,8,C8_sub,16,0.38238775730133057,1.5855356454849243,0.24117260207314992,-0.5248604989445084,0.7660331010176583,111,1,110;106;113;120;108;96;109;119,110:C;106:L;113:F;120:M;108:Y;96:W;109:F;119:C
2OB0A,PF00583,111,20,8,C8,17,-0.1758037507534027,1.5855356454849243,-0.11087972147080581,-0.8769128224884641,0.7660331010176583,100,0,127;124;113;120;123;119;108;96,
2OB0A,PF00583,111,20,8,C8_sub,17,-0.026347443461418152,1.5855356454849243,-0.016617376932803036,-0.7826504779504614,0.7660331010176583,127,0,127;124;113;120;123;119;108;96,127:L;124:T;113:F;120:P;123:V;119:T;108:T;96:P
2OB0A,PF00583,111,20,8,C8,18,-0.2965349555015564,1.5855356454849243,-0.18702509549122334,-0.9530581965088817,0.7660331010176583,96,0,99;113;109;120;96;124;123;93,
2OB0A,PF00583,111,20,8,C8_sub,18,-0.03626956790685654,1.5855356454849243,-0.022875277519077006,-0.7889083785367353,0.7660331010176583,120,0,99;113;109;120;96;124;123;93,99:W;113:F;109:M;120:W;96:A;124:S;123:A;93:P
2OB0A,PF00583,111,20,8,C8,19,-0.2502250373363495,1.5855356454849243,-0.15781735216669948,-0.9238504531843578,0.7660331010176583,96,0,131;93;100;96;106;114;109;117,
2OB0A,PF00583,111,20,8,C8_sub,19,0.5847980976104736,1.5855356454849243,0.36883314435458026,-0.39719995666307806,0.7660331010176583,111,1,131;93;100;96;106;114;109;117,131:P;93:A;100:Y;96:L;106:W;114:T;109:F;117:C
3G0TA,PF00155,218,50,8,C0,0,0.7753500938415527,1.4772558212280273,0.5248583777432756,9.60287666684767e-06,0.5248487748666087,218,1,,
3G0TA,PF00155,218,50,8,C7,0,-0.23807616531848907,1.4772558212280273,-0.16116109471180073,-0.6860098695784095,0.5248487748666087,228,0,195;220;259;267;223;265;258;256,
3G0TA,PF00155,218,50,8,C7_sub,0,-0.15035651624202728,1.4772558212280273,-0.1017809604006417,-0.6266297352672504,0.5248487748666087,436,0,195;220;259;267;223;265;258;256,195:P;220:E;259:H;267:K;223:Q;265:G;258:T;256:Y
3G0TA,PF00155,218,50,8,C8,0,-0.2587266266345978,1.4772558212280273,-0.1751400285019835,-0.6999888033685923,0.5248487748666087,436,0,243;220;251;258;172;186;195;183,
3G0TA,PF00155,218,50,8,C8_sub,0,-0.17950130999088287,1.4772558212280273,-0.1215099696419983,-0.6463587445086071,0.5248487748666087,436,0,243;220;251;258;172;186;195;183,243:Q;220:E;251:Q;258:C;172:R;186:P;195:I;183:T
3G0TA,PF00155,218,50,8,C8,1,-0.19719760119915009,1.4772558212280273,-0.13348913462748907,-0.6583379094940978,0.5248487748666087,436,0,173;199;247;262;216;184;256;202,
3G0TA,PF00155,218,50,8,C8_sub,1,-0.25121647119522095,1.4772558212280273,-0.17005617279367857,-0.6949049476602873,0.5248487748666087,228,0,173;199;247;262;216;184;256;202,173:I;199:Y;247:T;262:Y;216:L;184:N;256:N;202:D
3G0TA,PF00155,218,50,8,C8,2,-0.3665100634098053,1.4772558212280273,-0.2481019591482329,-0.7729507340148416,0.5248487748666087,436,0,260;217;220;180;207;232;252;253,
3G0TA,PF00155,218,50,8,C8_sub,2,-0.18489250540733337,1.4772558212280273,-0.12515943599642354,-0.6500082108630323,0.5248487748666087,436,0,260;217;220;180;207;232;252;253,260:V;217:M;220:E;180:G;207:G;232:T;252:A;253:V
3G0TA,PF00155,218,50,8,C8,3,-0.2427229881286621,1.4772558212280273,-0.16430667230465812,-0.6891554471712669,0.5248487748666087,436,0,235;232;175;185;256;257;220;255,
3G0TA,PF00155,218,50,8,C8_sub,3,-0.1581961214542389,1.4772558212280273,-0.10708783081506634,-0.6319366056816751,0.5248487748666087,436,0,235;232;175;185;256;257;220;255,235:L;232:Q;175:T;185:M;256:Q;257:T;220:E;255:I
3G0TA,PF00155,218,50,8,C8,4,-0.21057818830013275,1.4772558212280273,-0.14254686647643824,-0.667395641343047,0.5248487748666087,436,0,254;214;233;264;242;187;261;169,
3G0TA,PF00155,218,50,8,C8_sub,4,0.47106611728668213,1.4772558212280273,0.3188791748304568,-0.20596960003615195,0.5248487748666087,218,1,254;214;233;264;242;187;261;169,254:L;214:E;233:C;264:M;242:W;187:Q;261:P;169:A
3G0TA,PF00155,218,50,8,C8,5,-0.2454257309436798,1.4772558212280273,-0.16613624222489776,-0.6909850170915065,0.5248487748666087,436,0,255;245;248;172;176;267;256;221,
3G0TA,PF00155,218,50,8,C8_sub,5,-0.0989745706319809,1.4772558212280273,-0.06699893763133347,-0.5918477124979422,0.5248487748666087,436,0,255;245;248;172;176;267;256;221,255:P;245:W;248:Y;172:H;176:T;267:H;256:N;221:A
3G0TA,PF00155,218,50,8,C8,6,-0.2669515907764435,1.4772558212280273,-0.18070776025409696,-0.7055565351207057,0.5248487748666087,436,0,209;199;261;243;268;249;241;214,
3G0TA,PF00155,218,50,8,C8_sub,6,0.22073853015899658,1.4772558212280273,0.14942471506086125,-0.3754240598057475,0.5248487748666087,218,1,209;199;261;243;268;249;241;214,209:V;199:S;261:I;243:T;268:P;249:E;241:S;214:E
3G0TA,PF00155,218,50,8,C8,7,-0.25519198179244995,1.4772558212280273,-0.17274731845721314,-0.6975960933238219,0.5248487748666087,436,0,223;245;186;257;199;241;249;221,
3G0TA,PF00155,218,50,8,C8_sub,7,-0.2964774966239929,1.4772558212280273,-0.20069475602237552,-0.7255435308889843,0.5248487748666087,249,0,223;245;186;257;199;241;249;221,223:S;245:L;186:P;257:Q;199:N;241:Y;249:E;221:I
3G0TA,PF00155,218,50,8,C8,8,-0.2479342520236969,1.4772558212280273,-0.16783433746606716,-0.6926831123326759,0.5248487748666087,436,0,245;195;244;214;210;264;253;249,
3G0TA,PF00155,218,50,8,C8_sub,8,0.5669165253639221,1.4772558212280273,0.38376327052998194,-0.1410855043366268,0.5248487748666087,218,1,245;195;244;214;210;264;253;249,245:P;195:V;244:W;214:E;210:F;264:W;253:I;249:E
3G0TA,PF00155,218,50,8,C8,9,-0.262851744890213,1.4772558212280273,-0.1779324482009535,-0.7027812230675623,0.5248487748666087,436,0,233;199;223;248;187;193;191;182,
3G0TA,PF00155,218,50,8,C8_sub,9,-0.3099914789199829,1.4772558212280273,-0.20984278719056948,-0.7346915620571782,0.5248487748666087,436,0,233;199;223;248;187;193;191;182,233:T;199:Q;223:N;248:Q;187:T;193:W;191:T;182:M
3G0TA,PF00155,218,50,8,C8,10,-0.2818537950515747,1.4772558212280273,-0.19079552167022268,-0.7156442965368315,0.5248487748666087,436,0,189;172;264;254;183;219;176;232,
3G0TA,PF00155,218,50,8,C8_sub,10,-0.2591318190097809,1.4772558212280273,-0.17541431571030622,-0.7002630905769149,0.5248487748666087,436,0,189;172;264;254;183;219;176;232,189:T;172:R;264:M;254:V;183:Y;219:D;176:T;232:N
3G0TA,PF00155,218,50,8,C8,11,-0.23777204751968384,1.4772558212280273,-0.16095522799972886,-0.6858040028663376,0.5248487748666087,436,0,221;195;233;251;189;262;214;207,
3G0TA,PF00155,218,50,8,C8_sub,11,-0.15496371686458588,1.4772558212280273,-0.10489971651339722,-0.629748491380006,0.5248487748666087,247,0,221;195;233;251;189;262;214;207,221:W;195:M;233:C;251:Q;189:S;262:N;214:E;207:G
3G0TA,PF00155,218,50,8,C8,12,-0.31045129895210266,1.4772558212280273,-0.2101540535437036,-0.7350028284103123,0.5248487748666087,436,0,254;221;172;242;217;176;215;257,
3G0TA,PF00155,218,50,8,C8_sub,12,-0.11667165905237198,1.4772558212280273,-0.07897864227428399,-0.6038274171408927,0.5248487748666087,228,0,254;221;172;242;217;176;215;257,254:F;221:I;172:H;242:V;217:W;176:C;215:F;257:T
3G0TA,PF00155,218,50,8,C8,13,-0.2534237205982208,1.4772558212280273,-0.17155032795034264,-0.6963991028169514,0.5248487748666087,436,0,221;261;185;205;214;174;196;175,
3G0TA,PF00155,218,50,8,C8_sub,13,-0.3046962320804596,1.4772558212280273,-0.20625827138536426,-0.731107046251973,0.5248487748666087,436,0,221;261;185;205;214;174;196;175,221:P;261:L;185:P;205:A;214:E;174:D;196:C;175:Y
3G0TA,PF00155,218,50,8,C8,14,-0.36751022934913635,1.4772558212280273,-0.24877900230146255,-0.7736277771680713,0.5248487748666087,436,0,268;172;260;203;236;191;243;206,
3G0TA,PF00155,218,50,8,C8_sub,14,-0.28447699546813965,1.4772558212280273,-0.19257124688915214,-0.7174200217557609,0.5248487748666087,436,0,268;172;260;203;236;191;243;206,268:P;172:H;260:L;203:M;236:G;191:Y;243:Q;206:V
3G0TA,PF00155,218,50,8,C8,15,-0.2534635663032532,1.4772558212280273,-0.17157730073627434,-0.696426075602883,0.5248487748666087,436,0,186;227;173;244;193;251;258;245,
3G0TA,PF00155,218,50,8,C8_sub,15,-0.28871390223503113,1.4772558212280273,-0.19543933967714966,-0.7202881145437584,0.5248487748666087,436,0,186;227;173;244;193;251;258;245,186:F;227:E;173:M;244:A;193:V;251:N;258:Y;245:M
3G0TA,PF00155,218,50,8,C8,16,-0.23579736053943634,1.4772558212280273,-0.15961850151547918,-0.6844672763820879,0.5248487748666087,436,0,177;190;224;268;243;236;189;187,
3G0TA,PF00155,218,50,8,C8_sub,16,-0.256136029958725,1.4772558212280273,-0.17338637376009916,-0.6982351486267079,0.5248487748666087,436,0,177;190;224;268;243;236;189;187,177:W;190:L;224:M;268:W;243:C;236:G;189:S;187:S
3G0TA,PF00155,218,50,8,C8,17,-0.286528080701828,1.4772558212280273,-0.193959689706039,-0.7188084645726478,0.5248487748666087,436,0,209;257;173;252;232;193;207;225,
3G0TA,PF00155,218,50,8,C8_sub,17,-0.3618307113647461,1.4772558212280273,-0.24493436151360704,-0.7697831363802158,0.5248487748666087,436,0,209;257;173;252;232;193;207;225,209:I;257:Q;173:I;252:V;232:S;193:A;207:G;225:G
3G0TA,PF00155,218,50,8,C8,18,-0.37752899527549744,1.4772558212280273,-0.25556101377326884,-0.7804097886398775,0.5248487748666087,224,0,209;172;195;214;192;247;180;219,
3G0TA,PF00155,218,50,8,C8_sub,18,-0.3009796142578125,1.4772558212280273,-0.2037423782209985,-0.7285911530876072,0.5248487748666087,436,0,209;172;195;214;192;247;180;219,209:F;172:R;195:A;214:E;192:C;247:C;180:G;219:D
3G0TA,PF00155,218,50,8,C8,19,-0.30633169412612915,1.4772558212280273,-0.2073653660552028,-0.7322141409218116,0.5248487748666087,228,0,262;194;220;187;172;263;186;183,
3G0TA,PF00155,218,50,8,C8_sub,19,-0.13550707697868347,1.4772558212280273,-0.09172891724741207,-0.6165776921140208,0.5248487748666087,228,0,262;194;220;187;172;263;186;183,262:N;194:S;220:E;187:N;172:H;263:N;186:V;183:S
2Q7WA,PF00155,208,52,8,C0,0,1.2812862396240234,1.4940499067306519,0.8575926639745204,6.622517084720059e-06,0.8575860414574357,208,1,,
2Q7WA,PF00155,208,52,8,C7,0,-0.42781808972358704,1.4940499067306519,-0.2863479243874511,-1.1439339658448868,0.8575860414574357,247,0,185;210;255;245;253;213;251;244,
2Q7WA,PF00155,208,52,8,C7_sub,0,0.6392587423324585,1.4940499067306519,0.42786973812093976,-0.4297163033364959,0.8575860414574357,208,1,185;210;255;245;253;213;251;244,185:G;210:E;255:G;245:H;253:K;213:S;251:Y;244:N
2Q7WA,PF00155,208,52,8,C8,0,0.18529272079467773,1.4940499067306519,0.1240204359706723,-0.7335656054867634,0.8575860414574357,208,1,214;186;213;227;199;211;253;169,
2Q7WA,PF00155,208,52,8,C8_sub,0,1.0405312776565552,1.4940499067306519,0.6964501473270683,-0.16113589413036733,0.8575860414574357,208,1,214;186;213;227;199;211;253;169,214:T;186:A;213:S;227:A;199:F;211:W;253:K;169:N
2Q7WA,PF00155,208,52,8,C8,1,-0.2577419877052307,1.4940499067306519,-0.1725123013254848,-1.0300983427829205,0.8575860414574357,200,0,226;258;242;223;184;178;252;166,
2Q7WA,PF00155,208,52,8,C8_sub,1,0.26814061403274536,1.4940499067306519,0.1794723274134148,-0.6781137140440209,0.8575860414574357,208,1,226;258;242;223;184;178;252;166,226:G;258:S;242:T;223:E;184:N;178:G;252:D;166:C
2Q7WA,PF00155,208,52,8,C8,2,0.09043709933757782,1.4940499067306519,0.06053151165176029,-0.7970545298056754,0.8575860414574357,208,1,223;241;192;220;249;215;233;198,
2Q7WA,PF00155,208,52,8,C8_sub,2,1.111807942390442,1.4940499067306519,0.7441571646179816,-0.11342887683945402,0.8575860414574357,208,1,223;241;192;220;249;215;233;198,223:E;241:Q;192:S;220:V;249:V;215:G;233:A;198:C
2Q7WA,PF00155,208,52,8,C8,3,-0.255227267742157,1.4940499067306519,-0.17082914472425953,-1.0284151861816953,0.8575860414574357,200,0,254;220;207;168;185;227;250;170,
2Q7WA,PF00155,208,52,8,C8_sub,3,1.1406840085983276,1.4940499067306519,0.7634845418881786,-0.09410149956925706,0.8575860414574357,208,1,254;220;207;168;185;227;250;170,254:L;220:V;207:W;168:F;185:G;227:I;250:Q;170:I
2Q7WA,PF00155,208,52,8,C8,4,-0.22066332399845123,1.4940499067306519,-0.14769474768170013,-1.0052807891391358,0.8575860414574357,257,0,181;247;259;193;256;165;204;163,
2Q7WA,PF00155,208,52,8,C8_sub,4,0.6757029891014099,1.4940499067306519,0.45226266275134946,-0.4053233787060862,0.8575860414574357,208,1,181;247;259;193;256;165;204;163,181:R;247:M;259:V;193:P;256:V;165:M;204:G;163:T
2Q7WA,PF00155,208,52,8,C8,5,-0.3976430892944336,1.4940499067306519,-0.26615114227648146,-1.1237371837339172,0.8575860414574357,224,0,214;161;181;174;225;210;250;198,
2Q7WA,PF00155,208,52,8,C8_sub,5,-0.3857709467411041,1.4940499067306519,-0.258204859826447,-1.1157909012838827,0.8575860414574357,201,0,214;161;181;174;225;210;250;198,214:T;161:I;181:K;174:F;225:D;210:E;250:T;198:T
2Q7WA,PF00155,208,52,8,C8,6,-0.44153663516044617,1.4940499067306519,-0.29553004432538454,-1.1531160857828202,0.8575860414574357,200,0,210;168;177;213;183;186;233;163,
2Q7WA,PF00155,208,52,8,C8_sub,6,-0.36823365092277527,1.4940499067306519,-0.24646676745127005,-1.1040528089087056,0.8575860414574357,252,0,210;168;177;213;183;186;233;163,210:E;168:V;177:R;213:Q;183:I;186:L;233:P;163:S
2Q7WA,PF00155,208,52,8,C8,7,-0.2738281488418579,1.4940499067306519,-0.18327911779136022,-1.0408651592487959,0.8575860414574357,200,0,177;212;224;185;258;192;222;236,
2Q7WA,PF00155,208,52,8,C8_sub,7,1.0148648023605347,1.4940499067306519,0.6792710188519124,-0.17831502260552323,0.8575860414574357,208,1,177;212;224;185;258;192;222;236,177:R;212:F;224:I;185:G;258:Q;192:Y;222:D;236:D
2Q7WA,PF00155,208,52,8,C8,8,0.1668686866760254,1.4940499067306519,0.11168883042279026,-0.7458972110346453,0.8575860414574357,208,1,258;180;224;217;218;205;204;202,
2Q7WA,PF00155,208,52,8,C8_sub,8,1.3042783737182617,1.4940499067306519,0.8729817978921086,0.015395756434672947,0.8575860414574357,208,1,258;180;224;217;218;205;204;202,258:Q;180:S;224:M;217:M;218:H;205:F;204:G;202:D
2Q7WA,PF00155,208,52,8,C8,9,-0.2165840119123459,1.4940499067306519,-0.14496437564544606,-1.0025504171028818,0.8575860414574357,247,0,241;240;160;254;184;228;162;236,
2Q7WA,PF00155,208,52,8,C8_sub,9,1.2248576879501343,1.4940499067306519,0.8198238107255893,-0.03776223073184637,0.8575860414574357,208,1,241;240;160;254;184;228;162;236,241:Y;240:P;160:V;254:P;184:N;228:K;162:F;236:D
2Q7WA,PF00155,208,52,8,C8,10,-0.20517675578594208,1.4940499067306519,-0.13732925176168928,-0.994915293219125,0.8575860414574357,252,0,215;210;219;205;172;160;253;236,
2Q7WA,PF00155,208,52,8,C8_sub,10,0.8450043797492981,1.4940499067306519,0.5655797546939882,-0.2920062867634474,0.8575860414574357,208,1,215;210;219;205;172;160;253;236,215:G;210:E;219:G;205:P;172:E;160:L;253:K;236:D
2Q7WA,PF00155,208,52,8,C8,11,-0.34129488468170166,1.4940499067306519,-0.22843606705785263,-1.0860221085152884,0.8575860414574357,200,0,229;185;221;241;165;227;253;251,
2Q7WA,PF00155,208,52,8,C8_sub,11,1.3362698554992676,1.4940499067306519,0.8943943903609982,0.03680834890356255,0.8575860414574357,208,1,229;185;221;241;165;227;253;251,229:M;185:G;221:D;241:Q;165:M;227:V;253:K;251:T
2Q7WA,PF00155,208,52,8,C8,12,0.12652266025543213,1.4940499067306519,0.08468436006417937,-0.7729016813932563,0.8575860414574357,208,1,193;246;195;237;238;176;162;198,
2Q7WA,PF00155,208,52,8,C8_sub,12,1.1727832555770874,1.4940499067306519,0.7849692639407375,-0.07261677751669815,0.8575860414574357,208,1,193;246;195;237;238;176;162;198,193:M;246:Y;195:S;237:W;238:V;176:L;162:V;198:C
2Q7WA,PF00155,208,52,8,C8,13,0.21760791540145874,1.4940499067306519,0.1456496964533389,-0.7119363450040967,0.8575860414574357,208,1,247;172;254;212;168;215;201;236,
2Q7WA,PF00155,208,52,8,C8_sub,13,1.0837327241897583,1.4940499067306519,0.725365812284833,-0.13222022917260268,0.8575860414574357,208,1,247;172;254;212;168;215;201;236,247:V;172:E;254:L;212:V;168:F;215:G;201:W;236:D
2Q7WA,PF00155,208,52,8,C8,14,0.2675302028656006,1.4940499067306519,0.1790637659829064,-0.6785222754745293,0.8575860414574357,208,1,241;249;211;193;187;207;190;251,
2Q7WA,PF00155,208,52,8,C8_sub,14,1.314581274986267,1.4940499067306519,0.8798777531219782,0.02229171166454258,0.8575860414574357,208,1,241;249;211;193;187;207;190;251,241:Q;249:A;211:M;193:V;187:E;207:I;190:I;251:C
2Q7WA,PF00155,208,52,8,C8,15,-0.3668060898780823,1.4940499067306519,-0.24551126988839622,-1.1030973113458318,0.8575860414574357,247,0,177;241;182;216;231;244;248;169,
2Q7WA,PF00155,208,52,8,C8_sub,15,-0.3789004385471344,1.4940499067306519,-0.2536062797100678,-1.1111923211675034,0.8575860414574357,200,0,177;241;182;216;231;244;248;169,177:R;241:N;182:Q;216:V;231:F;244:C;248:G;169:N
2Q7WA,PF00155,208,52,8,C8,16,-0.40590357780456543,1.4940499067306519,-0.271680066359217,-1.1292661078166526,0.8575860414574357,247,0,241;160;210;156;242;257;232;191,
2Q7WA,PF00155,208,52,8,C8_sub,16,0.11409960687160492,1.4940499067306519,0.07636934104917746,-0.7812167004082582,0.8575860414574357,208,1,241;160;210;156;242;257;232;191,241:T;160:P;210:E;156:W;242:C;257:Q;232:F;191:D
2Q7WA,PF00155,208,52,8,C8,17,-0.349793016910553,1.4940499067306519,-0.2341240512346646,-1.0917100926921002,0.8575860414574357,164,0,234;210;225;183;215;217;206;191,
2Q7WA,PF00155,208,52,8,C8_sub,17,-0.41199561953544617,1.4940499067306519,-0.275757601991351,-1.1333436434487867,0.8575860414574357,216,0,234;210;225;183;215;217;206;191,234:R;210:E;225:D;183:A;215:G;217:W;206:I;191:D
2Q7WA,PF00155,208,52,8,C8,18,-0.12970025837421417,1.4940499067306519,-0.0868111953890685,-0.9443972368465041,0.8575860414574357,247,0,214;231;157;180;239;212;203;251,
2Q7WA,PF00155,208,52,8,C8_sub,18,0.10889142751693726,1.4940499067306519,0.07288339367137905,-0.7847026477860566,0.8575860414574357,208,1,214;231;157;180;239;212;203;251,214:Y;231:P;157:E;180:S;239:L;212:L;203:R;251:S
2Q7WA,PF00155,208,52,8,C8,19,0.25089460611343384,1.4940499067306519,0.1679292003454241,-0.6896568411120115,0.8575860414574357,208,1,230;244;223;219;211;197;250;167,
2Q7WA,PF00155,208,52,8,C8_sub,19,1.2922751903533936,1.4940499067306519,0.8649478069853831,0.007361765527947428,0.8575860414574357,208,1,230;244;223;219;211;197;250;167,230:W;244:N;223:E;219:G;211:L;197:M;250:N;167:D
4DQ6A,PF00155,200,41,8,C0,0,0.9757094383239746,1.6635879278182983,0.5865090879828411,-1.2540140092998087e-06,0.5865103419968504,200,1,,
4DQ6A,PF00155,200,41,8,C7,0,-0.1735859364271164,1.6635879278182983,-0.10434431118694433,-0.6908546531837947,0.5865103419968504,180,0,177;202;237;205;236;234;175;174,
4DQ6A,PF00155,200,41,8,C7_sub,0,-0.2806015610694885,1.6635879278182983,-0.16867251581795356,-0.7551828578148039,0.5865103419968504,170,0,177;202;237;205;236;234;175;174,177:G;202:E;237:H;205:K;236:N;234:P;175:A;174:C
4DQ6A,PF00155,200,41,8,C8,0,-0.358013391494751,1.6635879278182983,-0.2152055719496987,-0.8017159139465491,0.5865103419968504,170,0,234;228;172;222;179;203;180;231,
4DQ6A,PF00155,200,41,8,C8_sub,0,-0.27050602436065674,1.6635879278182983,-0.16260398373737306,-0.7491143257342234,0.5865103419968504,218,0,234;228;172;222;179;203;180;231,234:I;228:Q;172:F;222:Y;179:P;203:D;180:A;231:Q
4DQ6A,PF00155,200,41,8,C8,1,-0.2757910192012787,1.6635879278182983,-0.1657808490850033,-0.7522911910818537,0.5865103419968504,233,0,230;201;180;167;205;175;169;228,
4DQ6A,PF00155,200,41,8,C8_sub,1,-0.27046892046928406,1.6635879278182983,-0.1625816802024939,-0.7490920221993442,0.5865103419968504,232,0,230;201;180;167;205;175;169;228,230:V;201:Y;180:P;167:I;205:R;175:I;169:I;228:Y
4DQ6A,PF00155,200,41,8,C8,2,-0.29472091794013977,1.6635879278182983,-0.1771598080341023,-0.7636701500309526,0.5865103419968504,233,0,199;164;236;222;217;189;207;191,
4DQ6A,PF00155,200,41,8,C8_sub,2,0.8200898766517639,1.6635879278182983,0.49296455146032797,-0.0935457905365224,0.5865103419968504,200,1,199;164;236;222;217;189;207;191,199:W;164:P;236:Y;222:Q;217:V;189:G;207:E;191:W
4DQ6A,PF00155,200,41,8,C8,3,-0.18863506615161896,1.6635879278182983,-0.11339049953253941,-0.6999008415293898,0.5865103419968504,233,0,170;174;241;225;166;207;217;215,
4DQ6A,PF00155,200,41,8,C8_sub,3,-0.15856720507144928,1.6635879278182983,-0.09531639561691291,-0.6818267376137632,0.5865103419968504,233,0,170;174;241;225;166;207;217;215,170:T;174:Q;241:P;225:L;166:P;207:E;217:W;215:R
4DQ6A,PF00155,200,41,8,C8,4,-0.3405338525772095,1.6635879278182983,-0.20469843936881676,-0.7912087813656672,0.5865103419968504,180,0,233;220;208;206;201;234;199;226,
4DQ6A,PF00155,200,41,8,C8_sub,4,0.9931067824363708,1.6635879278182983,0.5969668124117578,0.010456470414907382,0.5865103419968504,200,1,233;220;208;206;201;234;199;226,233:F;220:Q;208:L;206:T;201:C;234:W;199:L;226:D
4DQ6A,PF00155,200,41,8,C8,5,-0.14370161294937134,1.6635879278182983,-0.08638053363240493,-0.6728908756292553,0.5865103419968504,232,0,175;172;229;238;173;218;230;192,
4DQ6A,PF00155,200,41,8,C8_sub,5,-0.04875735566020012,1.6635879278182983,-0.0293085534253321,-0.6158188954221825,0.5865103419968504,232,0,175;172;229;238;173;218;230;192,175:I;172:W;229:Y;238:Q;173:K;218:L;230:A;192:Y
4DQ6A,PF00155,200,41,8,C8,6,-0.27452975511550903,1.6635879278182983,-0.16502269012948376,-0.7515330321263342,0.5865103419968504,233,0,172;166;178;180;210;225;199;241,
4DQ6A,PF00155,200,41,8,C8_sub,6,-0.047044988721609116,1.6635879278182983,-0.02827923185479349,-0.6147895738516439,0.5865103419968504,233,0,172;166;178;180;210;225;199;241,172:L;166:P;178:K;180:P;210:A;225:A;199:F;241:W
4DQ6A,PF00155,200,41,8,C8,7,-0.23587922751903534,1.6635879278182983,-0.14178945613555735,-0.7282997981324077,0.5865103419968504,233,0,161;206;216;197;215;180;231;179,
4DQ6A,PF00155,200,41,8,C8_sub,7,0.36339041590690613,1.6635879278182983,0.21843775722962366,-0.3680725847672267,0.5865103419968504,167,0,161;206;216;197;215;180;231;179,161:W;206:C;216:V;197:P;215:R;180:P;231:Y;179:F
4DQ6A,PF00155,200,41,8,C8,8,-0.21765637397766113,1.6635879278182983,-0.13083550940592914,-0.7173458514027795,0.5865103419968504,233,0,213;169;180;175;204;226;239;191,
4DQ6A,PF00155,200,41,8,C8_sub,8,-0.14186713099479675,1.6635879278182983,-0.08527780745610933,-0.6717881494529597,0.5865103419968504,233,0,213;169;180;175;204;226;239;191,213:R;169:F;180:M;175:F;204:L;226:D;239:L;191:A
4DQ6A,PF00155,200,41,8,C8,9,-0.25692251324653625,1.6635879278182983,-0.15443879397674856,-0.7409491359735989,0.5865103419968504,232,0,219;170;169;240;201;220;180;191,
4DQ6A,PF00155,200,41,8,C8_sub,9,0.06665610522031784,1.6635879278182983,0.04006767788206636,-0.546442664114784,0.5865103419968504,232,0,219;170;169;240;201;220;180;191,219:I;170:Q;169:W;240:S;201:T;220:C;180:A;191:F
4DQ6A,PF00155,200,41,8,C8,10,-0.28250035643577576,1.6635879278182983,-0.1698139014547064,-0.7563242434515568,0.5865103419968504,232,0,197;202;217;172;218;185;239;213,
4DQ6A,PF00155,200,41,8,C8_sub,10,-0.11037833243608475,1.6635879278182983,-0.06634956324841795,-0.6528599052452684,0.5865103419968504,232,0,197;202;217;172;218;185;239;213,197:L;202:E;217:A;172:I;218:A;185:F;239:P;213:R
4DQ6A,PF00155,200,41,8,C8,11,-0.21202990412712097,1.6635879278182983,-0.12745337987946703,-0.7139637218763174,0.5865103419968504,232,0,171;185;208;218;236;209;167;188,
4DQ6A,PF00155,200,41,8,C8_sub,11,0.2868820130825043,1.6635879278182983,0.17244776082183635,-0.41406258117501404,0.5865103419968504,200,1,171;185;208;218;236;209;167;188,171:T;185:F;208:A;218:W;236:N;209:P;167:A;188:V
4DQ6A,PF00155,200,41,8,C8,12,-0.3517143726348877,1.6635879278182983,-0.2114191662211334,-0.7979295082179838,0.5865103419968504,180,0,203;238;239;237;191;174;233;198,
4DQ6A,PF00155,200,41,8,C8_sub,12,-0.3869399428367615,1.6635879278182983,-0.23259362271533876,-0.8191039647121892,0.5865103419968504,238,0,203;238;239;237;191;174;233;198,203:D;238:Y;239:P;237:H;191:P;174:C;233:I;198:R
4DQ6A,PF00155,200,41,8,C8,13,-0.29152223467826843,1.6635879278182983,-0.17523704626817255,-0.761747388265023,0.5865103419968504,233,0,161;239;172;192;222;225;231;167,
4DQ6A,PF00155,200,41,8,C8_sub,13,-0.0777609646320343,1.6635879278182983,-0.0467429243334396,-0.63325326633029,0.5865103419968504,233,0,161;239;172;192;222;225;231;167,161:V;239:P;172:L;192:S;222:Q;225:M;231:C;167:V
4DQ6A,PF00155,200,41,8,C8,14,-0.20525912940502167,1.6635879278182983,-0.12338339679719089,-0.7098937387940413,0.5865103419968504,233,0,170;209;208;180;206;238;226;222,
4DQ6A,PF00155,200,41,8,C8_sub,14,0.4442843198776245,1.6635879278182983,0.2670639239732151,-0.31944641802363527,0.5865103419968504,200,1,170;209;208;180;206;238;226;222,170:Q;209:A;208:M;180:L;206:N;238:S;226:D;222:C
4DQ6A,PF00155,200,41,8,C8,15,-0.3294350504875183,1.6635879278182983,-0.19802683403669188,-0.7845371760335422,0.5865103419968504,233,0,202;175;167;209;222;166;241;192,
4DQ6A,PF00155,200,41,8,C8_sub,15,-0.403448224067688,1.6635879278182983,-0.24251692220247567,-0.829027264199326,0.5865103419968504,233,0,202;175;167;209;222;166;241;192,202:E;175:I;167:P;209:V;222:Q;166:F;241:F;192:T
4DQ6A,PF00155,200,41,8,C8,16,-0.333901584148407,1.6635879278182983,-0.2007117138595133,-0.7872220558563636,0.5865103419968504,233,0,170;168;238;192;230;199;207;206,
4DQ6A,PF00155,200,41,8,C8_sub,16,-0.11436580121517181,1.6635879278182983,-0.06874647218987463,-0.655256814186725,0.5865103419968504,233,0,170;168;238;192;230;199;207;206,170:Q;168:W;238:Q;192:S;230:A;199:F;207:E;206:N
4DQ6A,PF00155,200,41,8,C8,17,-0.26829618215560913,1.6635879278182983,-0.16127562461183786,-0.7477859666086882,0.5865103419968504,232,0,240;191;210;199;168;185;220;219,
4DQ6A,PF00155,200,41,8,C8_sub,17,0.018369611352682114,1.6635879278182983,0.011042164375869704,-0.5754681776209807,0.5865103419968504,232,0,240;191;210;199;168;185;220;219,240:Y;191:P;210:W;199:M;168:P;185:W;220:T;219:W
4DQ6A,PF00155,200,41,8,C8,18,-0.12956416606903076,1.6635879278182983,-0.07788236732334723,-0.6643927093201976,0.5865103419968504,180,0,234;239;222;197;207;240;209;220,
4DQ6A,PF00155,200,41,8,C8_sub,18,0.9083223938941956,1.6635879278182983,0.5460020349422763,-0.04050830705457409,0.5865103419968504,200,1,234;239;222;197;207;240;209;220,234:P;239:M;222:Y;197:M;207:E;240:Y;209:W;220:Y
4DQ6A,PF00155,200,41,8,C8,19,-0.3939869701862335,1.6635879278182983,-0.23682966412417117,-0.8233400061210215,0.5865103419968504,233,0,220;166;171;222;188;201;213;199,
4DQ6A,PF00155,200,41,8,C8_sub,19,0.23176425695419312,1.6635879278182983,0.13931590454502688,-0.4471944374518235,0.5865103419968504,200,1,220;166;171;222;188;201;213;199,220:Q;166:W;171:T;222:T;188:F;201:N;213:R;199:V
3G7QA,PF00155,216,55,8,C0,0,1.2660247087478638,1.43405282497406,0.8828298976857873,6.650203533409282e-07,0.882829232665434,216,1,,
3G7QA,PF00155,216,55,8,C7,0,-0.30818402767181396,1.43405282497406,-0.21490423665347794,-1.097733469318912,0.882829232665434,270,0,193;218;258;249;256;221;254;248,
3G7QA,PF00155,216,55,8,C7_sub,0,0.7849595546722412,1.43405282497406,0.547371436394918,-0.335457796270516,0.882829232665434,216,1,193;218;258;249;256;221;254;248,193:G;218:E;258:G;249:R;256:H;221:C;254:G;248:T
3G7QA,PF00155,216,55,8,C8,0,0.23605214059352875,1.43405282497406,0.1646049130706176,-0.7182243195948164,0.882829232665434,183,0,213;200;196;248;253;171;232;161,
3G7QA,PF00155,216,55,8,C8_sub,0,1.0215517282485962,1.43405282497406,0.7123529276315708,-0.17047630503386324,0.882829232665434,216,1,213;200;196;248;253;171;232;161,213:F;200:D;196:A;248:T;253:V;171:V;232:D;161:I
3G7QA,PF00155,216,55,8,C8,1,0.5098798274993896,1.43405282497406,0.35555163563002823,-0.5272775970354058,0.882829232665434,216,1,214;184;243;223;249;255;271;179,
3G7QA,PF00155,216,55,8,C8_sub,1,1.228272795677185,1.43405282497406,0.8565045682326261,-0.026324664432807898,0.882829232665434,216,1,214;184;243;223;249;255;271;179,214:V;184:N;243:F;223:L;249:R;255:C;271:V;179:D
3G7QA,PF00155,216,55,8,C8,2,0.410880446434021,1.43405282497406,0.2865169534054321,-0.596312279260002,0.882829232665434,216,1,243;237;266;199;251;223;264;179,
3G7QA,PF00155,216,55,8,C8_sub,2,1.2946778535842896,1.43405282497406,0.9028104342025953,0.01998120153716132,0.882829232665434,216,1,243;237;266;199;251;223;264;179,243:M;237:P;266:Q;199:D;251:G;223:P;264:E;179:D
3G7QA,PF00155,216,55,8,C8,3,0.4971315264701843,1.43405282497406,0.34666193449266886,-0.5361672981727652,0.882829232665434,216,1,167;237;261;240;176;238;162;172,
3G7QA,PF00155,216,55,8,C8_sub,3,1.2496469020843506,1.43405282497406,0.8714092537748426,-0.011419978890591431,0.882829232665434,216,1,167;237;261;240;176;238;162;172,167:N;237:P;261:P;240:Y;176:P;238:Q;162:D;172:D
3G7QA,PF00155,216,55,8,C8,4,-0.3767623007297516,1.43405282497406,-0.26272553853556035,-1.1455547712009944,0.882829232665434,416,0,270;261;181;190;253;236;265;172,
3G7QA,PF00155,216,55,8,C8_sub,4,0.5334088206291199,1.43405282497406,0.3719589762244417,-0.5108702564409924,0.882829232665434,216,1,270;261;181;190;253;236;265;172,270:P;261:F;181:G;190:C;253:A;236:W;265:H;172:D
3G7QA,PF00155,216,55,8,C8,5,0.3312916159629822,1.43405282497406,0.2310177213792489,-0.6518115112861851,0.882829232665434,183,0,195;267;189;211;249;176;206;256,
3G7QA,PF00155,216,55,8,C8_sub,5,0.9913204312324524,1.43405282497406,0.6912719071212624,-0.1915573255441716,0.882829232665434,216,1,195;267;189;211;249;176;206;256,195:L;267:W;189:Y;211:R;249:R;176:F;206:H;256:H
3G7QA,PF00155,216,55,8,C8,6,0.47506284713745117,1.43405282497406,0.3312729063143433,-0.5515563263510908,0.882829232665434,216,1,231;241;187;253;199;223;239;268,
3G7QA,PF00155,216,55,8,C8_sub,6,1.3339447975158691,1.43405282497406,0.9301922316146187,0.04736299894918472,0.882829232665434,216,1,231;241;187;253;199;223;239;268,231:N;241:A;187:H;253:A;199:D;223:P;239:I;268:C
3G7QA,PF00155,216,55,8,C8,7,0.45394065976142883,1.43405282497406,0.31654389005484507,-0.5662853426105889,0.882829232665434,216,1,260;188;166;171;223;240;239;271,
3G7QA,PF00155,216,55,8,C8_sub,7,1.2013344764709473,1.43405282497406,0.83771982143871,-0.04510941122672396,0.882829232665434,216,1,260;188;166;171;223;240;239;271,260:F;188:M;166:R;171:P;223:L;240:Q;239:V;271:V
3G7QA,PF00155,216,55,8,C8,8,0.585294783115387,1.43405282497406,0.4081403229521717,-0.47468890971326233,0.882829232665434,216,1,194;214;267;238;253;269;239;173,
3G7QA,PF00155,216,55,8,C8_sub,8,1.121488094329834,1.43405282497406,0.7820409923533466,-0.10078824031208744,0.882829232665434,216,1,194;214;267;238;253;269;239;173,194:S;214:W;267:P;238:C;253:F;269:V;239:W;173:R
3G7QA,PF00155,216,55,8,C8,9,0.39708808064460754,1.43405282497406,0.2768992004543419,-0.6059300322110921,0.882829232665434,216,1,258;187;208;176;236;235;173;256,
3G7QA,PF00155,216,55,8,C8_sub,9,1.2321629524230957,1.43405282497406,0.8592172693815402,-0.02361196328389381,0.882829232665434,216,1,258;187;208;176;236;235;173;256,258:G;187:H;208:W;176:P;236:A;235:M;173:K;256:K
3G7QA,PF00155,216,55,8,C8,10,0.2488759160041809,1.43405282497406,0.17354724433437987,-0.7092819883310542,0.882829232665434,216,1,261;198;237;255;199;249;172;264,
3G7QA,PF00155,216,55,8,C8_sub,10,1.1984018087387085,1.43405282497406,0.8356748007245729,-0.04715443194086111,0.882829232665434,216,1,261;198;237;255;199;249;172;264,261:P;198:E;237:F;255:T;199:D;249:R;172:D;264:E
3G7QA,PF00155,216,55,8,C8,11,0.23819409310817719,1.43405282497406,0.16609854878427213,-0.7167306838811619,0.882829232665434,216,1,217;257;193;253;251;171;162;268,
3G7QA,PF00155,216,55,8,C8_sub,11,1.2406189441680908,1.43405282497406,0.8651138385997265,-0.017715394065707546,0.882829232665434,216,1,217;257;193;253;251;171;162;268,217:L;257:N;193:G;253:W;251:G;171:A;162:D;268:Q
3G7QA,PF00155,216,55,8,C8,12,0.4428873658180237,1.43405282497406,0.3088361586861592,-0.5739930739792748,0.882829232665434,216,1,174;194;244;249;177;269;271;232,
3G7QA,PF00155,216,55,8,C8_sub,12,1.1496087312698364,1.43405282497406,0.8016501981303451,-0.0811790345350889,0.882829232665434,216,1,174;194;244;249;177;269;271;232,174:A;194:Q;244:T;249:H;177:G;269:P;271:I;232:D
3G7QA,PF00155,216,55,8,C8,13,0.4781996011734009,1.43405282497406,0.3334602413841002,-0.5493689912813338,0.882829232665434,216,1,164;222;261;218;255;252;162;209,
3G7QA,PF00155,216,55,8,C8_sub,13,1.156956672668457,1.43405282497406,0.8067740968254672,-0.07605513583996681,0.882829232665434,216,1,164;222;261;218;255;252;162;209,164:Y;222:G;261:W;218:E;255:Q;252:P;162:D;209:Q
3G7QA,PF00155,216,55,8,C8,14,0.3035966157913208,1.43405282497406,0.2117053224987109,-0.6711239101667231,0.882829232665434,216,1,266;224;185;235;211;251;206;179,
3G7QA,PF00155,216,55,8,C8_sub,14,1.209545612335205,1.43405282497406,0.8434456466811702,-0.039383585984263836,0.882829232665434,216,1,266;224;185;235;211;251;206;179,266:C;224:W;185:M;235:M;211:K;251:G;206:H;179:D
3G7QA,PF00155,216,55,8,C8,15,0.4306807816028595,1.43405282497406,0.30032420989139635,-0.5825050227740376,0.882829232665434,216,1,168;226;163;248;235;253;210;175,
3G7QA,PF00155,216,55,8,C8_sub,15,1.1480311155319214,1.43405282497406,0.8005500882107935,-0.08227914445464046,0.882829232665434,216,1,168;226;163;248;235;253;210;175,168:K;226:L;163:G;248:T;235:A;253:F;210:N;175:K
3G7QA,PF00155,216,55,8,C8,16,0.3968990445137024,1.43405282497406,0.27676738095117365,-0.6060618517142604,0.882829232665434,216,1,181;270;222;253;248;263;271;264,
3G7QA,PF00155,216,55,8,C8_sub,16,1.2736454010009766,1.43405282497406,0.8881439922019714,0.005314759536537372,0.882829232665434,216,1,181;270;222;253;248;263;271;264,181:G;270:M;222:G;253:L;248:Q;263:T;271:V;264:E
3G7QA,PF00155,216,55,8,C8,17,0.33216094970703125,1.43405282497406,0.23162392899511186,-0.6512053036703221,0.882829232665434,183,0,233;229;213;251;236;240;178;172,
3G7QA,PF00155,216,55,8,C8_sub,17,0.39176905155181885,1.43405282497406,0.27319011177911484,-0.6096391208863192,0.882829232665434,183,0,233;229;213;251;236;240;178;172,233:V;229:F;213:M;251:G;236:W;240:T;178:D;172:D
3G7QA,PF00155,216,55,8,C8,18,0.5223011374473572,1.43405282497406,0.3642133179137281,-0.518615914751706,0.882829232665434,216,1,243;257;233;177;171;240;173;264,
3G7QA,PF00155,216,55,8,C8_sub,18,0.43504565954208374,1.43405282497406,0.30336794570308323,-0.5794612869623508,0.882829232665434,216,1,243;257;233;177;171;240;173;264,243:W;257:Q;233:L;177:G;171:A;240:T;173:K;264:E
3G7QA,PF00155,216,55,8,C8,19,-0.4140826463699341,1.43405282497406,-0.28874992549693856,-1.1715791581623725,0.882829232665434,258,0,165;192;204;263;238;190;264;203,
3G7QA,PF00155,216,55,8,C8_sub,19,-0.2977501451969147,1.43405282497406,-0.2076284360043017,-1.0904576686697358,0.882829232665434,270,0,165;192;204;263;238;190;264;203,165:P;192:C;204:V;263:C;238:T;190:Y;264:E;203:R
3LY1A,PF00155,176,46,8,C0,0,1.2462458610534668,1.3892344236373901,0.8970738414258835,-6.60731921064972e-06,0.8970804487450942,176,1,,
3LY1A,PF00155,176,46,8,C7,0,-0.09635553508996964,1.3892344236373901,-0.06935872985185962,-0.9664391785969538,0.8970804487450942,216,0,154;178;222;212;220;181;218;211,
3LY1A,PF00155,176,46,8,C7_sub,0,0.4535764157772064,1.3892344236373901,0.32649379259522027,-0.5705866561498739,0.8970804487450942,176,1,154;178;222;212;220;181;218;211,154:G;178:E;222:G;212:H;220:H;181:Q;218:G;211:Q
3LY1A,PF00155,176,46,8,C8,0,-0.09730254113674164,1.3892344236373901,-0.0700404046150666,-0.9671208533601607,0.8970804487450942,176,1,152;218;213;194;134;170;212;217,
3LY1A,PF00155,176,46,8,C8_sub,0,-0.06081370636820793,1.3892344236373901,-0.04377497802637316,-0.9408554267714674,0.8970804487450942,176,1,152;218;213;194;134;170;212;217,152:A;218:G;213:A;194:C;134:P;170:W;212:H;217:I
3LY1A,PF00155,176,46,8,C8,1,-0.08283818513154984,1.3892344236373901,-0.05962865857776339,-0.9567091073228575,0.8970804487450942,173,0,194;152;208;148;130;214;193;155,
3LY1A,PF00155,176,46,8,C8_sub,1,-0.3755563795566559,1.3892344236373901,-0.2703333383960844,-1.1674137871411787,0.8970804487450942,148,0,194;152;208;148;130;214;193;155,194:T;152:L;208:H;148:C;130:G;214:K;193:M;155:C
3LY1A,PF00155,176,46,8,C8,2,0.18486882746219635,1.3892344236373901,0.13307244934095422,-0.76400799940414,0.8970804487450942,176,1,146;163;182;156;210;205;190;214,
3LY1A,PF00155,176,46,8,C8_sub,2,1.117316722869873,1.3892344236373901,0.8042679506489889,-0.09281249809610526,0.8970804487450942,176,1,146;163;182;156;210;205;190;214,146:W;163:D;182:I;156:F;210:L;205:L;190:A;214:R
3LY1A,PF00155,176,46,8,C8,3,-0.12413699179887772,1.3892344236373901,-0.08935640356064142,-0.9864368523057356,0.8970804487450942,353,0,156;205;180;179;201;143;219;153,
3LY1A,PF00155,176,46,8,C8_sub,3,-0.009971210733056068,1.3892344236373901,-0.007177486076790951,-0.9042579348218851,0.8970804487450942,201,0,156;205;180;179;201;143;219;153,156:A;205:F;180:M;179:D;201:W;143:A;219:A;153:Y
3LY1A,PF00155,176,46,8,C8,4,-0.1733861118555069,1.3892344236373901,-0.12480695043643918,-1.0218873991815334,0.8970804487450942,173,0,203;153;143;152;185;213;181;217,
3LY1A,PF00155,176,46,8,C8_sub,4,-0.5698234438896179,1.3892344236373901,-0.41017083524151854,-1.3072512839866128,0.8970804487450942,211,0,203;153;143;152;185;213;181;217,203:Y;153:S;143:W;152:I;185:I;213:F;181:C;217:L
3LY1A,PF00155,176,46,8,C8,5,0.012786423787474632,1.3892344236373901,0.00920393532575757,-0.8878765134193366,0.8970804487450942,176,1,147;130;198;170;181;193;145;209,
3LY1A,PF00155,176,46,8,C8_sub,5,0.5454558730125427,1.3892344236373901,0.39263054797072494,-0.5044499007743692,0.8970804487450942,176,1,147;130;198;170;181;193;145;209,147:A;130:G;198:S;170:M;181:N;193:A;145:N;209:Y
3LY1A,PF00155,176,46,8,C8,6,-0.08741794526576996,1.3892344236373901,-0.06292526572792964,-0.9600057144730239,0.8970804487450942,353,0,147;153;154;159;198;163;208;142,
3LY1A,PF00155,176,46,8,C8_sub,6,0.9950729608535767,1.3892344236373901,0.7162743334909651,-0.18080611525412904,0.8970804487450942,176,1,147;153;154;159;198;163;208;142,147:P;153:C;154:G;159:V;198:Y;163:D;208:H;142:Q
3LY1A,PF00155,176,46,8,C8,7,-0.09951074421405792,1.3892344236373901,-0.07162991538426752,-0.9687103641293617,0.8970804487450942,173,0,154;165;134;166;222;147;214;218,
3LY1A,PF00155,176,46,8,C8_sub,7,0.857888400554657,1.3892344236373901,0.6175260171774853,-0.27955443156760884,0.8970804487450942,176,1,154;165;134;166;222;147;214;218,154:G;165:A;134:W;166:W;222:G;147:F;214:R;218:G
3LY1A,PF00155,176,46,8,C8,8,0.26518628001213074,1.3892344236373901,0.19088663187441152,-0.7061938168706827,0.8970804487450942,176,1,187;200;166;175;177;207;143;142,
3LY1A,PF00155,176,46,8,C8_sub,8,1.216655969619751,1.3892344236373901,0.8757744185709261,-0.0213060301741681,0.8970804487450942,176,1,187;200;166;175;177;207;143;142,187:E;200:G;166:P;175:V;177:W;207:V;143:V;142:Q
3LY1A,PF00155,176,46,8,C8,9,0.14019396901130676,1.3892344236373901,0.10091455165949687,-0.7961658970855974,0.8970804487450942,176,1,219;184;179;208;197;214;222;175,
3LY1A,PF00155,176,46,8,C8_sub,9,0.8556808829307556,1.3892344236373901,0.6159369998119917,-0.2811434489331025,0.8970804487450942,176,1,219;184;179;208;197;214;222;175,219:L;184:A;179:D;208:H;197:W;214:R;222:G;175:M
3LY1A,PF00155,176,46,8,C8,10,-0.10480055958032608,1.3892344236373901,-0.07543763514434805,-0.9725180838894423,0.8970804487450942,173,0,147;149;181;187;142;148;206;207,
3LY1A,PF00155,176,46,8,C8_sub,10,-0.40891575813293457,1.3892344236373901,-0.2943461169514378,-1.191426565696532,0.8970804487450942,206,0,147;149;181;187;142;148;206;207,147:I;149:M;181:T;187:E;142:T;148:S;206:W;207:P
3LY1A,PF00155,176,46,8,C8,11,-0.1995934695005417,1.3892344236373901,-0.14367155470993312,-1.0407520034550273,0.8970804487450942,353,0,206;157;200;180;143;151;159;213,
3LY1A,PF00155,176,46,8,C8_sub,11,-0.44748809933662415,1.3892344236373901,-0.32211129505773384,-1.2191917438028281,0.8970804487450942,131,0,206;157;200;180;143;151;159;213,206:F;157:C;200:G;180:L;143:M;151:T;159:V;213:W
3LY1A,PF00155,176,46,8,C8,12,-0.16868984699249268,1.3892344236373901,-0.12142648074528502,-1.0185069294903792,0.8970804487450942,173,0,204;132;197;180;181;170;220;208,
3LY1A,PF00155,176,46,8,C8_sub,12,0.178275004029274,1.3892344236373901,0.12832607729550927,-0.7687543714495849,0.8970804487450942,176,1,204;132;197;180;181;170;220;208,204:F;132:R;197:A;180:F;181:T;170:F;220:H;208:R
3LY1A,PF00155,176,46,8,C8,13,-0.08070819079875946,1.3892344236373901,-0.05809544409894744,-0.9551758928440416,0.8970804487450942,353,0,208;213;162;156;193;135;151;154,
3LY1A,PF00155,176,46,8,C8_sub,13,-0.3020147383213043,1.3892344236373901,-0.2173965265923575,-1.1144769753374517,0.8970804487450942,156,0,208;213;162;156;193;135;151;154,208:H;213:A;162:A;156:A;193:V;135:I;151:C;154:G
3LY1A,PF00155,176,46,8,C8,14,0.02274157851934433,1.3892344236373901,0.01636986395701364,-0.8807105847880805,0.8970804487450942,176,1,147;197;181;182;165;221;201;131,
3LY1A,PF00155,176,46,8,C8_sub,14,0.37711402773857117,1.3892344236373901,0.2714545661423973,-0.6256258826026968,0.8970804487450942,176,1,147;197;181;182;165;221;201;131,147:F;197:P;181:C;182:V;165:P;221:L;201:P;131:F
3LY1A,PF00155,176,46,8,C8,15,-0.13866005837917328,1.3892344236373901,-0.09981041069809074,-0.9968908594431849,0.8970804487450942,353,0,205;170;147;190;211;219;207;151,
3LY1A,PF00155,176,46,8,C8_sub,15,-0.3547297716140747,1.3892344236373901,-0.2553419103201435,-1.1524223590652376,0.8970804487450942,131,0,205;170;147;190;211;219;207;151,205:V;170:F;147:F;190:L;211:Q;219:W;207:M;151:Q
3LY1A,PF00155,176,46,8,C8,16,-0.08529697358608246,1.3892344236373901,-0.061398545943565086,-0.9584789946886593,0.8970804487450942,173,0,142;184;154;163;159;166;151;134,
3LY1A,PF00155,176,46,8,C8_sub,16,-0.3373994827270508,1.3892344236373901,-0.24286720584107613,-1.1399476545861704,0.8970804487450942,134,0,142;184;154;163;159;166;151;134,142:T;184:V;154:G;163:D;159:P;166:A;151:C;134:V
3LY1A,PF00155,176,46,8,C8,17,-0.05855010449886322,1.3892344236373901,-0.04214559004776405,-0.9392260387928583,0.8970804487450942,173,0,151;197;178;213;163;156;185;194,
3LY1A,PF00155,176,46,8,C8_sub,17,-0.3307773172855377,1.3892344236373901,-0.23810043262495148,-1.1351808813700457,0.8970804487450942,131,0,151;197;178;213;163;156;185;194,151:T;197:V;178:E;213:M;163:D;156:A;185:L;194:C
3LY1A,PF00155,176,46,8,C8,18,0.006316613871604204,1.3892344236373901,0.004546830804167382,-0.8925336179409268,0.8970804487450942,176,1,197;187;179;192;153;210;193;163,
3LY1A,PF00155,176,46,8,C8_sub,18,0.4564268887042999,1.3892344236373901,0.3285456226381515,-0.5685348261069427,0.8970804487450942,176,1,197;187;179;192;153;210;193;163,197:W;187:E;179:D;192:N;153:Y;210:P;193:V;163:D
3LY1A,PF00155,176,46,8,C8,19,0.014209948480129242,1.3892344236373901,0.010228618178725925,-0.8868518305663683,0.8970804487450942,176,1,213;157;192;179;209;178;166;156,
3LY1A,PF00155,176,46,8,C8_sub,19,0.807089626789093,1.3892344236373901,0.5809599971442652,-0.316120451600829,0.8970804487450942,176,1,213;157;192;179;209;178;166;156,213:A;157:Y;192:Q;179:D;209:N;178:E;166:W;156:P
4WBTA,PF00155,194,50,8,C0,0,1.2296444177627563,1.3300347328186035,0.9245205312472551,1.5236879701285844e-06,0.924519007559285,194,1,,
4WBTA,PF00155,194,50,8,C7,0,-0.3393358290195465,1.3300347328186035,-0.2551330582927166,-1.1796520658520016,0.924519007559285,375,0,172;196;238;228;236;199;234;227,
4WBTA,PF00155,194,50,8,C7_sub,0,-0.24802164733409882,1.3300347328186035,-0.18647757176122196,-1.110996579320507,0.924519007559285,164,0,172;196;238;228;236;199;234;227,172:G;196:E;238:G;228:R;236:H;199:S;234:G;227:C
4WBTA,PF00155,194,50,8,C8,0,-0.23906487226486206,1.3300347328186035,-0.17974333027998216,-1.104262337839267,0.924519007559285,375,0,188;187;181;191;195;166;213;179,
4WBTA,PF00155,194,50,8,C8_sub,0,0.8699126243591309,1.3300347328186035,0.6540525618572501,-0.2704664457020348,0.924519007559285,194,1,188;187;181;191;195;166;213;179,188:F;187:I;181:L;191:Q;195:V;166:S;213:Q;179:K
4WBTA,PF00155,194,50,8,C8,1,-0.37980788946151733,1.3300347328186035,-0.2855623842669358,-1.2100813918262208,0.924519007559285,375,0,243;169;225;220;237;180;182;216,
4WBTA,PF00155,194,50,8,C8_sub,1,-0.45593729615211487,1.3300347328186035,-0.34280104489143276,-1.2673200524507178,0.924519007559285,177,0,243;169;225;220;237;180;182;216,243:S;169:Y;225:C;220:L;237:A;180:A;182:W;216:E
4WBTA,PF00155,194,50,8,C8,2,-0.26492008566856384,1.3300347328186035,-0.1991828326972683,-1.1237018402565533,0.924519007559285,375,0,150;191;232;199;152;224;213;212,
4WBTA,PF00155,194,50,8,C8_sub,2,0.08721540123224258,1.3300347328186035,0.06557377719558954,-0.8589452303636954,0.924519007559285,194,1,150;191;232;199;152;224;213;212,150:A;191:Q;232:V;199:T;152:V;224:K;213:N;212:D
4WBTA,PF00155,194,50,8,C8,3,-0.296353280544281,1.3300347328186035,-0.22281619662386598,-1.1473352041831508,0.924519007559285,375,0,215;199;181;166;152;211;155;234,
4WBTA,PF00155,194,50,8,C8_sub,3,-0.2813109755516052,1.3300347328186035,-0.211506488221892,-1.136025495781177,0.924519007559285,159,0,215;199;181;166;152;211;155;234,215:W;199:S;181:I;166:C;152:F;211:F;155:G;234:G
4WBTA,PF00155,194,50,8,C8,4,-0.13550695776939392,1.3300347328186035,-0.10188227000826376,-1.0264012775675486,0.924519007559285,229,0,219;227;197;153;180;237;204;178,
4WBTA,PF00155,194,50,8,C8_sub,4,1.2509275674819946,1.3300347328186035,0.940522481567857,0.01600347400857205,0.924519007559285,194,1,219;227;197;153;180;237;204;178,219:C;227:T;197:D;153:W;180:W;237:A;204:M;178:D
4WBTA,PF00155,194,50,8,C8,5,0.10767380893230438,1.3300347328186035,0.08095563692846017,-0.8435633706308248,0.924519007559285,162,0,219;150;177;152;230;243;235;212,
4WBTA,PF00155,194,50,8,C8_sub,5,1.1330442428588867,1.3300347328186035,0.851890717513628,-0.07262829004565696,0.924519007559285,194,1,219;150;177;152;230;243;235;212,219:Y;150:W;177:W;152:F;230:C;243:N;235:L;212:D
4WBTA,PF00155,194,50,8,C8,6,-0.40703070163726807,1.3300347328186035,-0.30603012958518044,-1.2305491371444655,0.924519007559285,229,0,146;172;222;177;217;214;186;233,
4WBTA,PF00155,194,50,8,C8_sub,6,0.9648438096046448,1.3300347328186035,0.7254275289187014,-0.19909147864058352,0.924519007559285,194,1,146;172;222;177;217;214;186;233,146:E;172:G;222:H;177:M;217:H;214:F;186:I;233:F
4WBTA,PF00155,194,50,8,C8,7,-0.08285606652498245,1.3300347328186035,-0.06229616752142574,-0.9868151750807107,0.924519007559285,375,0,215;187;225;154;227;165;236;178,
4WBTA,PF00155,194,50,8,C8_sub,7,1.1021080017089844,1.3300347328186035,0.8286309932473734,-0.09588801431191152,0.924519007559285,194,1,215;187;225;154;227;165;236;178,215:A;187:P;225:N;154:I;227:Y;165:F;236:K;178:D
4WBTA,PF00155,194,50,8,C8,8,-0.40594926476478577,1.3300347328186035,-0.3052170403884867,-1.2297360479477717,0.924519007559285,375,0,168;242;172;152;166;154;204;234,
4WBTA,PF00155,194,50,8,C8_sub,8,-0.3991858661174774,1.3300347328186035,-0.30013191104530373,-1.2246509186045886,0.924519007559285,177,0,168;242;172;152;166;154;204;234,168:E;242:C;172:G;152:L;166:Q;154:L;204:A;234:G
4WBTA,PF00155,194,50,8,C8,9,-0.4329756200313568,1.3300347328186035,-0.3255370776023246,-1.2500560851616096,0.924519007559285,375,0,242;203;170;238;177;188;206;234,
4WBTA,PF00155,194,50,8,C8_sub,9,-0.5917884707450867,1.3300347328186035,-0.4449421177828727,-1.3694611253421576,0.924519007559285,164,0,242;203;170;238;177;188;206;234,242:N;203:P;170:L;238:G;177:W;188:F;206:E;234:G
4WBTA,PF00155,194,50,8,C8,10,-0.2888197898864746,1.3300347328186035,-0.2171520658520015,-1.1416710734112865,0.924519007559285,375,0,219;187;199;220;217;230;206;233,
4WBTA,PF00155,194,50,8,C8_sub,10,0.14794570207595825,1.3300347328186035,0.11123446510485661,-0.8132845424544284,0.924519007559285,194,1,219;187;199;220;217;230;206;233,219:Q;187:A;199:Q;220:L;217:H;230:T;206:E;233:L
4WBTA,PF00155,194,50,8,C8,11,0.10179632902145386,1.3300347328186035,0.07653659450360935,-0.8479824130556756,0.924519007559285,162,0,195;211;241;154;222;180;144;148,
4WBTA,PF00155,194,50,8,C8_sub,11,1.3567146062850952,1.3300347328186035,1.0200595313852834,0.09554052382599842,0.924519007559285,194,1,195;211;241;154;222;180;144;148,195:F;211:P;241:P;154:W;222:H;180:I;144:K;148:D
4WBTA,PF00155,194,50,8,C8,12,-0.32245492935180664,1.3300347328186035,-0.24244098397976543,-1.1669599915390503,0.924519007559285,375,0,220;224;154;163;199;167;176;212,
4WBTA,PF00155,194,50,8,C8_sub,12,-0.41758739948272705,1.3300347328186035,-0.3139672891081406,-1.2384862966674255,0.924519007559285,200,0,220;224;154;163;199;167;176;212,220:F;224:K;154:F;163:S;199:S;167:M;176:L;212:D
4WBTA,PF00155,194,50,8,C8,13,-0.35979920625686646,1.3300347328186035,-0.27051865442219064,-1.1950376619814755,0.924519007559285,375,0,198;170;229;184;161;164;236;233,
4WBTA,PF00155,194,50,8,C8_sub,13,-0.4967043697834015,1.3300347328186035,-0.37345217950119836,-1.2979711870604833,0.924519007559285,159,0,198;170;229;184;161;164;236;233,198:W;170:V;229:W;184:W;161:I;164:W;236:K;233:M
4WBTA,PF00155,194,50,8,C8,14,-0.41555720567703247,1.3300347328186035,-0.31244086746245003,-1.236959875021735,0.924519007559285,375,0,169;215;197;173;232;209;204;178,
4WBTA,PF00155,194,50,8,C8_sub,14,-0.5029640793800354,1.3300347328186035,-0.37815860516225486,-1.3026776127215398,0.924519007559285,164,0,169;215;197;173;232;209;204;178,169:T;215:P;197:D;173:N;232:M;209:I;204:F;178:D
4WBTA,PF00155,194,50,8,C8,15,-0.108683742582798,1.3300347328186035,-0.0817149657080578,-1.0062339732673427,0.924519007559285,162,0,222;201;242;223;183;180;175;212,
4WBTA,PF00155,194,50,8,C8_sub,15,1.2588574886322021,1.3300347328186035,0.9464846725953067,0.02196566503602171,0.924519007559285,194,1,222;201;242;223;183;180;175;212,222:K;201:D;242:T;223:I;183:W;180:W;175:F;212:D
4WBTA,PF00155,194,50,8,C8,16,-0.3436373770236969,1.3300347328186035,-0.2583672204525532,-1.1828862280118382,0.924519007559285,375,0,224;187;209;169;242;149;160;190,
4WBTA,PF00155,194,50,8,C8_sub,16,-0.5542698502540588,1.3300347328186035,-0.4167333653606569,-1.341252372919942,0.924519007559285,177,0,224;187;209;169;242;149;160;190,224:K;187:F;209:F;169:T;242:C;149:G;160:L;190:Q
4WBTA,PF00155,194,50,8,C8,17,0.07562997192144394,1.3300347328186035,0.05686315556674919,-0.8676558519925358,0.924519007559285,194,1,207;226;164;180;229;202;192;233,
4WBTA,PF00155,194,50,8,C8_sub,17,0.41302549839019775,1.3300347328186035,0.31053737785848345,-0.6139816297008015,0.924519007559285,194,1,207;226;164;180;229;202;192;233,207:V;226:I;164:V;180:L;229:P;202:S;192:W;233:L
4WBTA,PF00155,194,50,8,C8,18,-0.43194779753685,1.3300347328186035,-0.32476429891531344,-1.2492833064745983,0.924519007559285,375,0,164;172;159;193;174;180;189;233,
4WBTA,PF00155,194,50,8,C8_sub,18,0.3868390619754791,1.3300347328186035,0.29084884208677136,-0.6336701654725136,0.924519007559285,194,1,164;172;159;193;174;180;189;233,164:A;172:G;159:F;193:W;174:A;180:W;189:D;233:L
4WBTA,PF00155,194,50,8,C8,19,-0.2270561307668686,1.3300347328186035,-0.1707144371227752,-1.0952334446820602,0.924519007559285,240,0,211;242;181;164;229;168;155;178,
4WBTA,PF00155,194,50,8,C8_sub,19,-0.21882161498069763,1.3300347328186035,-0.16452323355268464,-1.0890422411119696,0.924519007559285,222,0,211;242;181;164;229;168;155;178,211:L;242:T;181:L;164:P;229:F;168:E;155:G;178:D
4KEMA,PF13378,236,51,8,C0,0,1.211414098739624,1.393323302268982,0.8694422154333279,4.363433638965297e-06,0.8694378519996889,236,1,,
4KEMA,PF13378,236,51,8,C7,0,-0.39974915981292725,1.393323302268982,-0.28690337638217106,-1.15634122838186,0.8694378519996889,214,0,237;211;239;263;259;238;208;251,
4KEMA,PF13378,236,51,8,C7_sub,0,-0.583820104598999,1.393323302268982,-0.4190126610588274,-1.2884505130585162,0.8694378519996889,251,0,237;211;239;263;259;238;208;251,237:D;211:E;239:L;263:D;259:P;238:D;208:W;251:W
4KEMA,PF13378,236,51,8,C8,0,-0.3691141903400421,1.393323302268982,-0.26491639789484006,-1.134354249894529,0.8694378519996889,274,0,222;199;281;196;235;224;195;217,
4KEMA,PF13378,236,51,8,C8_sub,0,-0.507764458656311,1.393323302268982,-0.36442687625293646,-1.2338647282526254,0.8694378519996889,195,0,222;199;281;196;235;224;195;217,222:L;199:W;281:K;196:E;235:V;224:S;195:A;217:E
4KEMA,PF13378,236,51,8,C8,1,-0.34705469012260437,1.393323302268982,-0.24908410672342668,-1.1185219587231157,0.8694378519996889,274,0,287;212;229;208;226;234;278;186,
4KEMA,PF13378,236,51,8,C8_sub,1,-0.42715099453926086,1.393323302268982,-0.3065699065275513,-1.1760077585272402,0.8694378519996889,239,0,287;212;229;208;226;234;278;186,287:I;212:I;229:R;208:V;226:D;234:V;278:G;186:L
4KEMA,PF13378,236,51,8,C8,2,-0.31546318531036377,1.393323302268982,-0.22641061467689672,-1.0958484666765855,0.8694378519996889,225,0,229;217;255;270;287;237;286;274,
4KEMA,PF13378,236,51,8,C8_sub,2,-0.4180249273777008,1.393323302268982,-0.30002005040535873,-1.1694579024050475,0.8694378519996889,240,0,229;217;255;270;287;237;286;274,229:R;217:E;255:N;270:E;287:M;237:D;286:F;274:M
4KEMA,PF13378,236,51,8,C8,3,-0.4393590986728668,1.393323302268982,-0.31533176683213776,-1.1847696188318266,0.8694378519996889,274,0,239;192;202;196;197;195;231;222,
4KEMA,PF13378,236,51,8,C8_sub,3,-0.2878783941268921,1.393323302268982,-0.20661277512411616,-1.076050627123805,0.8694378519996889,281,0,239;192;202;196;197;195;231;222,239:F;192:W;202:L;196:E;197:M;195:P;231:T;222:V
4KEMA,PF13378,236,51,8,C8,4,-0.3763669729232788,1.393323302268982,-0.27012178172171336,-1.1395596337214022,0.8694378519996889,282,0,261;242;194;272;285;240;277;195,
4KEMA,PF13378,236,51,8,C8_sub,4,0.6126689910888672,1.393323302268982,0.43971775257842566,-0.42972009942126327,0.8694378519996889,236,1,261;242;194;272;285;240;277;195,261:C;242:F;194:H;272:H;285:E;240:G;277:K;195:L
4KEMA,PF13378,236,51,8,C8,5,-0.43399035930633545,1.393323302268982,-0.3114785768669742,-1.1809164288666631,0.8694378519996889,274,0,186;202;216;274;281;223;238;194,
4KEMA,PF13378,236,51,8,C8_sub,5,-0.492881715297699,1.393323302268982,-0.3537454045985286,-1.2231832565982175,0.8694378519996889,239,0,186;202;216;274;281;223;238;194,186:V;202:A;216:A;274:A;281:K;223:F;238:D;194:K
4KEMA,PF13378,236,51,8,C8,6,-0.34442558884620667,1.393323302268982,-0.24719717834713648,-1.1166350303468253,0.8694378519996889,234,0,222;237;221;243;286;244;224;225,
4KEMA,PF13378,236,51,8,C8_sub,6,-0.43780195713043213,1.393323302268982,-0.3142141930860453,-1.1836520450857342,0.8694378519996889,239,0,222;237;221;243;286;244;224;225,222:A;237:D;221:F;243:F;286:F;244:E;224:Q;225:G
4KEMA,PF13378,236,51,8,C8,7,-0.3462245762348175,1.393323302268982,-0.24848832691666176,-1.1179261789163506,0.8694378519996889,240,0,217;267;192;286;261;242;222;275,
4KEMA,PF13378,236,51,8,C8_sub,7,-0.5869913101196289,1.393323302268982,-0.4212886622679263,-1.2907265142676152,0.8694378519996889,239,0,217;267;192;286;261;242;222;275,217:E;267:Y;192:A;286:V;261:S;242:W;222:W;275:M
4KEMA,PF13378,236,51,8,C8,8,-0.37563586235046387,1.393323302268982,-0.26959705743724593,-1.1390349094369348,0.8694378519996889,274,0,252;233;275;263;186;261;287;209,
4KEMA,PF13378,236,51,8,C8_sub,8,0.505221962928772,1.393323302268982,0.3626021054166211,-0.5068357465830678,0.8694378519996889,236,1,252;233;275;263;186;261;287;209,252:L;233:V;275:W;263:D;186:L;261:N;287:P;209:T
4KEMA,PF13378,236,51,8,C8,9,-0.31096065044403076,1.393323302268982,-0.22317910705838437,-1.0926169590580732,0.8694378519996889,274,0,186;286;245;229;225;233;234;240,
4KEMA,PF13378,236,51,8,C8_sub,9,-0.38147836923599243,1.393323302268982,-0.2737902743855408,-1.1432281263852297,0.8694378519996889,271,0,186;286;245;229;225;233;234;240,186:W;286:A;245:Q;229:R;225:G;233:I;234:P;240:G
4KEMA,PF13378,236,51,8,C8,10,-0.3804011046886444,1.393323302268982,-0.27301711244559934,-1.1424549644452884,0.8694378519996889,274,0,264;199;271;232;279;234;269;266,
4KEMA,PF13378,236,51,8,C8_sub,10,-0.38306725025177,1.393323302268982,-0.27493062782195443,-1.1443684798216434,0.8694378519996889,210,0,264;199;271;232;279;234;269;266,264:Y;199:P;271:V;232:G;279:G;234:P;269:N;266:A
4KEMA,PF13378,236,51,8,C8,11,-0.38078394532203674,1.393323302268982,-0.27329188042857133,-1.1427297324282604,0.8694378519996889,274,0,227;248;222;223;262;249;237;251,
4KEMA,PF13378,236,51,8,C8_sub,11,-0.5561555624008179,1.393323302268982,-0.39915758352360614,-1.2685954355232951,0.8694378519996889,239,0,227;248;222;223;262;249;237;251,227:W;248:Y;222:M;223:I;262:G;249:F;237:D;251:I
4KEMA,PF13378,236,51,8,C8,12,-0.3677121102809906,1.393323302268982,-0.26391011309592205,-1.133347965095611,0.8694378519996889,240,0,234;262;192;199;223;242;212;217,
4KEMA,PF13378,236,51,8,C8_sub,12,-0.5541379451751709,1.393323302268982,-0.39770952245812236,-1.2671473744578112,0.8694378519996889,240,0,234;262;192;199;223;242;212;217,234:A;262:G;192:P;199:V;223:V;242:L;212:M;217:E
4KEMA,PF13378,236,51,8,C8,13,-0.33432674407958984,1.393323302268982,-0.23994915145332713,-1.109387003453016,0.8694378519996889,240,0,280;208;249;242;244;266;214;197,
4KEMA,PF13378,236,51,8,C8_sub,13,-0.5995668768882751,1.393323302268982,-0.43031425363510384,-1.2997521056347927,0.8694378519996889,208,0,280;208;249;242;244;266;214;197,280:W;208:A;249:W;242:L;244:E;266:W;214:G;197:V
4KEMA,PF13378,236,51,8,C8,14,-0.15351644158363342,1.393323302268982,-0.11018005751689997,-0.9796179095165889,0.8694378519996889,225,0,237;221;286;265;255;259;207;235,
4KEMA,PF13378,236,51,8,C8_sub,14,-0.24249248206615448,1.393323302268982,-0.17403891951800657,-1.0434767715176956,0.8694378519996889,272,0,237;221;286;265;255;259;207;235,237:D;221:M;286:F;265:P;255:S;259:I;207:Y;235:I
4KEMA,PF13378,236,51,8,C8,15,-0.34925201535224915,1.393323302268982,-0.2506611457538272,-1.120098997753516,0.8694378519996889,274,0,186;264;202;199;208;270;220;286,
4KEMA,PF13378,236,51,8,C8_sub,15,0.17170876264572144,1.393323302268982,0.12323684127445458,-0.7462010107252344,0.8694378519996889,236,1,186;264;202;199;208;270;220;286,186:P;264:Y;202:F;199:I;208:I;270:E;220:Q;286:L
4KEMA,PF13378,236,51,8,C8,16,-0.342951238155365,1.393323302268982,-0.24613902430030415,-1.1155768762999931,0.8694378519996889,282,0,275;262;214;273;237;199;238;211,
4KEMA,PF13378,236,51,8,C8_sub,16,-0.5119303464889526,1.393323302268982,-0.3674167694283808,-1.2368546214280698,0.8694378519996889,239,0,275;262;214;273;237;199;238;211,275:P;262:G;214:G;273:C;237:D;199:M;238:D;211:E
4KEMA,PF13378,236,51,8,C8,17,-0.2985211908817291,1.393323302268982,-0.21425120099233036,-1.0836890529920193,0.8694378519996889,274,0,222;261;221;231;262;194;212;197,
4KEMA,PF13378,236,51,8,C8_sub,17,-0.46373695135116577,1.393323302268982,-0.3328279593085001,-1.202265811308189,0.8694378519996889,272,0,222;261;221;231;262;194;212;197,222:A;261:C;221:I;231:C;262:G;194:K;212:W;197:F
4KEMA,PF13378,236,51,8,C8,18,-0.36642295122146606,1.393323302268982,-0.26298487266003384,-1.1324227246597227,0.8694378519996889,389,0,196;277;213;223;268;232;267;209,
4KEMA,PF13378,236,51,8,C8_sub,18,-0.5659713745117188,1.393323302268982,-0.40620247547001664,-1.2756403274697057,0.8694378519996889,239,0,196;277;213;223;268;232;267;209,196:E;277:K;213:T;223:F;268:K;232:G;267:N;209:Y
4KEMA,PF13378,236,51,8,C8,19,-0.34341782331466675,1.393323302268982,-0.246473896442715,-1.115911748442404,0.8694378519996889,274,0,226;269;197;195;286;281;235;266,
4KEMA,PF13378,236,51,8,C8_sub,19,-0.40388545393943787,1.393323302268982,-0.2898720299026963,-1.1593098819023853,0.8694378519996889,227,0,226;269;197;195;286;281;235;266,226:D;269:Y;197:P;195:L;286:M;281:K;235:V;266:A
3I6EA,PF13378,222,55,8,C0,0,0.6274526119232178,1.1911242008209229,0.5267734561104354,-1.3510979021136293e-06,0.5267748072083375,222,1,,
3I6EA,PF13378,222,55,8,C7,0,-0.31347885727882385,1.1911242008209229,-0.26317898424259556,-0.789953791450933,0.5267748072083375,192,0,223;197;225;167;249;245;277;224,
3I6EA,PF13378,222,55,8,C7_sub,0,-0.3386710286140442,1.1911242008209229,-0.2843288956606138,-0.8111037028689513,0.5267748072083375,192,0,223;197;225;167;249;245;277;224,223:D;197:E;225:L;167:R;249:D;245:A;277:G;224:T
3I6EA,PF13378,222,55,8,C8,0,-0.3748677670955658,1.1911242008209229,-0.31471761453357,-0.8414924217419075,0.5267748072083375,226,0,185;196;274;219;267;266;234;251,
3I6EA,PF13378,222,55,8,C8_sub,0,-0.11760895699262619,1.1911242008209229,-0.09873777806845843,-0.6255125852767959,0.5267748072083375,226,0,185;196;274;219;267;266;234;251,185:M;196:I;274:L;219:L;267:E;266:Q;234:A;251:M
3I6EA,PF13378,222,55,8,C8,1,-0.2504764199256897,1.1911242008209229,-0.2102857281827213,-0.7370605353910588,0.5267748072083375,226,0,211;207;269;260;185;274;167;266,
3I6EA,PF13378,222,55,8,C8_sub,1,0.03641730174422264,1.1911242008209229,0.030573891219004563,-0.4962009159893329,0.5267748072083375,222,1,211;207;269;260;185;274;167;266,211:I;207:P;269:A;260:M;185:W;274:I;167:R;266:T
3I6EA,PF13378,222,55,8,C8,2,-0.33566993474960327,1.1911242008209229,-0.2818093482764094,-0.8085841554847468,0.5267748072083375,226,0,170;251;249;196;224;277;181;198,
3I6EA,PF13378,222,55,8,C8_sub,2,0.275339275598526,1.1911242008209229,0.23115916493742816,-0.2956156422709093,0.5267748072083375,222,1,170;251;249;196;224;277;181;198,170:N;251:I;249:D;196:W;224:N;277:G;181:K;198:Q
3I6EA,PF13378,222,55,8,C8,3,-0.232477068901062,1.1911242008209229,-0.19517449879772303,-0.7219493060060604,0.5267748072083375,226,0,202;214;277;189;271;208;251;167,
3I6EA,PF13378,222,55,8,C8_sub,3,-0.13050369918346405,1.1911242008209229,-0.10956346877472634,-0.6363382759830638,0.5267748072083375,192,0,202;214;277;189;271;208;251;167,202:V;214:P;277:G;189:A;271:F;208:I;251:P;167:H
3I6EA,PF13378,222,55,8,C8,4,-0.4178323745727539,1.1911242008209229,-0.3507882505323826,-0.8775630577407201,0.5267748072083375,226,0,246;237;249;268;208;219;195;196,
3I6EA,PF13378,222,55,8,C8_sub,4,-0.2572610080242157,1.1911242008209229,-0.21598168171456125,-0.7427564889228987,0.5267748072083375,219,0,246;237;249;268;208;219;195;196,246:P;237:V;249:D;268:G;208:A;219:I;195:H;196:I
3I6EA,PF13378,222,55,8,C8,5,-0.3136369287967682,1.1911242008209229,-0.263311692080985,-0.7900864992893224,0.5267748072083375,226,0,274;272;268;195;224;247;202;168,
3I6EA,PF13378,222,55,8,C8_sub,5,-0.07507172226905823,1.1911242008209229,-0.06302593987874547,-0.589800747087083,0.5267748072083375,222,1,274;272;268;195;224;247;202;168,274:F;272:H;268:G;195:H;224:S;247:L;202:V;168:V
3I6EA,PF13378,222,55,8,C8,6,-0.3447103798389435,1.1911242008209229,-0.2893991907824298,-0.8161739979907673,0.5267748072083375,226,0,251;254;178;258;224;271;247;211,
3I6EA,PF13378,222,55,8,C8_sub,6,-0.33584079146385193,1.1911242008209229,-0.28195278983702154,-0.808727597045359,0.5267748072083375,250,0,251;254;178;258;224;271;247;211,251:M;254:V;178:E;258:P;224:S;271:P;247:M;211:F
3I6EA,PF13378,222,55,8,C8,7,-0.29715123772621155,1.1911242008209229,-0.24947124533395837,-0.7762460525422958,0.5267748072083375,226,0,234;247;195;168;256;259;274;251,
3I6EA,PF13378,222,55,8,C8_sub,7,0.7201094627380371,1.1911242008209229,0.6045628677863631,0.07778806057802568,0.5267748072083375,222,1,234;247;195;168;256;259;274;251,234:L;247:W;195:H;168:W;256:E;259:K;274:V;251:I
3I6EA,PF13378,222,55,8,C8,8,-0.20938493311405182,1.1911242008209229,-0.17578765755052556,-0.7025624647588631,0.5267748072083375,226,0,269;266;258;198;246;202;237;250,
3I6EA,PF13378,222,55,8,C8_sub,8,-0.22940067946910858,1.1911242008209229,-0.19259173754592981,-0.7193665447542673,0.5267748072083375,226,0,269;266;258;198;246;202;237;250,269:P;266:T;258:M;198:Q;246:A;202:M;237:I;250:T
3I6EA,PF13378,222,55,8,C8,9,-0.22026795148849487,1.1911242008209229,-0.18492441958335343,-0.7116992267916908,0.5267748072083375,192,0,244;237;228;277;276;208;181;253,
3I6EA,PF13378,222,55,8,C8_sub,9,-0.23631227016448975,1.1911242008209229,-0.1983943152205482,-0.7251691224288856,0.5267748072083375,261,0,244;237;228;277;276;208;181;253,244:I;237:P;228:L;277:G;276:N;208:I;181:K;253:G
3I6EA,PF13378,222,55,8,C8,10,-0.24427761137485504,1.1911242008209229,-0.20508156177710007,-0.7318563689854376,0.5267748072083375,192,0,257;249;237;214;276;234;226;181,
3I6EA,PF13378,222,55,8,C8_sub,10,-0.30841004848480225,1.1911242008209229,-0.2589235012371053,-0.7856983084454428,0.5267748072083375,192,0,257;249;237;214;276;234;226;181,257:W;249:D;237:V;214:W;276:Y;234:P;226:I;181:H
3I6EA,PF13378,222,55,8,C8,11,-0.30801647901535034,1.1911242008209229,-0.25859308273903375,-0.7853678899473713,0.5267748072083375,226,0,204;200;208;244;248;221;260;277,
3I6EA,PF13378,222,55,8,C8_sub,11,-0.24469473958015442,1.1911242008209229,-0.20543175884723927,-0.7322065660555768,0.5267748072083375,261,0,204;200;208;244;248;221;260;277,204:V;200:T;208:A;244:V;248:E;221:I;260:P;277:G
3I6EA,PF13378,222,55,8,C8,12,-0.34246689081192017,1.1911242008209229,-0.28751568524583077,-0.8142904924541683,0.5267748072083375,261,0,196;248;267;254;259;170;271;226,
3I6EA,PF13378,222,55,8,C8_sub,12,0.13496990501880646,1.1911242008209229,0.11331304067685401,-0.4134617665314835,0.5267748072083375,222,1,196;248;267;254;259;170;271;226,196:L;248:E;267:E;254:I;259:H;170:C;271:W;226:F
3I6EA,PF13378,222,55,8,C8,13,-0.2602832317352295,1.1911242008209229,-0.21851896851381433,-0.7452937757221518,0.5267748072083375,192,0,237;270;178;226;248;250;181;204,
3I6EA,PF13378,222,55,8,C8_sub,13,-0.15679988265037537,1.1911242008209229,-0.13164024586378892,-0.6584150530721264,0.5267748072083375,192,0,237;270;178;226;248;250;181;204,237:W;270:T;178:E;226:L;248:E;250:Q;181:H;204:V
3I6EA,PF13378,222,55,8,C8,14,-0.3028489649295807,1.1911242008209229,-0.25425473239554464,-0.7810295396038821,0.5267748072083375,226,0,185;268;208;170;244;247;265;221,
3I6EA,PF13378,222,55,8,C8_sub,14,0.253437876701355,1.1911242008209229,0.21277199852600223,-0.3140028086823352,0.5267748072083375,222,1,185;268;208;170;244;247;265;221,185:M;268:G;208:L;170:C;244:L;247:L;265:L;221:L
3I6EA,PF13378,222,55,8,C8,15,-0.3308306336402893,1.1911242008209229,-0.2777465468439654,-0.8045213540523029,0.5267748072083375,192,0,257;274;245;221;189;197;230;226,
3I6EA,PF13378,222,55,8,C8_sub,15,-0.3917674720287323,1.1911242008209229,-0.3289056437260918,-0.8556804509344293,0.5267748072083375,192,0,257;274;245;221;189;197;230;226,257:W;274:F;245:P;221:M;189:W;197:E;230:R;226:I
3I6EA,PF13378,222,55,8,C8,16,-0.36553728580474854,1.1911242008209229,-0.30688427416118336,-0.8336590813695208,0.5267748072083375,226,0,250;219;185;261;221;245;211;231,
3I6EA,PF13378,222,55,8,C8_sub,16,0.03308223560452461,1.1911242008209229,0.027773959744688534,-0.4990008474636489,0.5267748072083375,269,0,250;219;185;261;221;245;211;231,250:Q;219:F;185:A;261:I;221:V;245:I;211:F;231:P
3I6EA,PF13378,222,55,8,C8,17,-0.28136974573135376,1.1911242008209229,-0.23622200400045076,-0.7629968112087883,0.5267748072083375,261,0,226;233;251;259;167;269;273;268,
3I6EA,PF13378,222,55,8,C8_sub,17,0.8018127679824829,1.1911242008209229,0.6731563068149178,0.1463814996065803,0.5267748072083375,222,1,226;233;251;259;167;269;273;268,226:L;233:V;251:I;259:K;167:R;269:L;273:P;268:G
3I6EA,PF13378,222,55,8,C8,18,-0.3530016243457794,1.1911242008209229,-0.29636004717433384,-0.8231348543826713,0.5267748072083375,192,0,219;167;248;253;221;246;214;237,
3I6EA,PF13378,222,55,8,C8_sub,18,-0.2906349003314972,1.1911242008209229,-0.24400049980614247,-0.7707753070144799,0.5267748072083375,192,0,219;167;248;253;221;246;214;237,219:A;167:R;248:E;253:G;221:A;246:V;214:M;237:M
3I6EA,PF13378,222,55,8,C8,19,-0.27158841490745544,1.1911242008209229,-0.2280101560528085,-0.754784963261146,0.5267748072083375,226,0,249;273;228;258;231;200;244;211,
3I6EA,PF13378,222,55,8,C8_sub,19,-0.19283418357372284,1.1911242008209229,-0.1618925914197877,-0.6886673986281252,0.5267748072083375,246,0,249;273;228;258;231;200;244;211,249:D;273:W;228:I;258:L;231:M;200:C;244:V;211:P
2PGWA,PF13378,220,49,8,C0,0,0.9056704044342041,1.1841639280319214,0.7648184368691477,-1.419441128780452e-05,0.7648326312804355,220,1,,
2PGWA,PF13378,220,49,8,C7,0,-0.4028436243534088,1.1841639280319214,-0.3401924470228833,-1.1050250783033189,0.7648326312804355,179,0,221;195;223;247;243;222;192;235,
2PGWA,PF13378,220,49,8,C7_sub,0,-0.3651660978794098,1.1841639280319214,-0.30837461709065506,-1.0732072483710906,0.7648326312804355,194,0,221;195;223;247;243;222;192;235,221:D;195:E;223:V;247:Y;243:P;222:C;192:F;235:A
2PGWA,PF13378,220,49,8,C8,0,-0.3981306254863739,1.1841639280319214,-0.33621242470040985,-1.1010450559808453,0.7648326312804355,268,0,219;202;228;205;226;239;247;181,
2PGWA,PF13378,220,49,8,C8_sub,0,0.43412506580352783,1.1841639280319214,0.36660892594916566,-0.3982237053312699,0.7648326312804355,220,1,219;202;228;205;226;239;247;181,219:I;202:M;228:C;205:W;226:N;239:I;247:T;181:I
2PGWA,PF13378,220,49,8,C8,1,-0.3084331452846527,1.1841639280319214,-0.2604649052241172,-1.0252975365045527,0.7648326312804355,179,0,249;209;226;251;176;204;230;216,
2PGWA,PF13378,220,49,8,C8_sub,1,-0.17233000695705414,1.1841639280319214,-0.14552884349674994,-0.9103614747771855,0.7648326312804355,194,0,249;209;226;251;176;204;230;216,249:L;209:Q;226:T;251:C;176:E;204:E;230:F;216:E
2PGWA,PF13378,220,49,8,C8,2,-0.23383396863937378,1.1841639280319214,-0.19746756602188134,-0.9623001973023169,0.7648326312804355,194,0,249;256;203;226;223;215;217;216,
2PGWA,PF13378,220,49,8,C8_sub,2,-0.09235763549804688,1.1841639280319214,-0.07799396123435809,-0.8428265925147936,0.7648326312804355,194,0,249;256;203;226;223;215;217;216,249:L;256:S;203:R;226:N;223:M;215:C;217:M;216:E
2PGWA,PF13378,220,49,8,C8,3,-0.33896559476852417,1.1841639280319214,-0.2862488771566319,-1.0510815084370675,0.7648326312804355,179,0,192;265;236;251;215;241;191;198,
2PGWA,PF13378,220,49,8,C8_sub,3,1.0348825454711914,1.1841639280319214,0.8739352052305499,0.10910257395011436,0.7648326312804355,220,1,192;265;236;251;215;241;191;198,192:P;265:E;236:K;251:Y;215:N;241:M;191:H;198:D
2PGWA,PF13378,220,49,8,C8,4,-0.3750673830509186,1.1841639280319214,-0.31673603136542083,-1.0815686626458563,0.7648326312804355,268,0,196;231;184;233;212;264;254;198,
2PGWA,PF13378,220,49,8,C8_sub,4,-0.49730584025382996,1.1841639280319214,-0.41996367942093243,-1.184796310701368,0.7648326312804355,268,0,196;231;184;233;212;264;254;198,196:V;231:W;184:H;233:V;212:P;264:P;254:E;198:D
2PGWA,PF13378,220,49,8,C8,5,-0.31942063570022583,1.1841639280319214,-0.2697435955772631,-1.0345762268576986,0.7648326312804355,194,0,222;228;249;204;194;234;226;227,
2PGWA,PF13378,220,49,8,C8_sub,5,0.20315156877040863,1.1841639280319214,0.171556964336894,-0.5932756669435415,0.7648326312804355,194,0,222;228;249;204;194;234;226;227,222:C;228:T;249:L;204:E;194:V;234:R;226:C;227:L
2PGWA,PF13378,220,49,8,C8,6,-0.3368108868598938,1.1841639280319214,-0.28442927443303645,-1.049261905713472,0.7648326312804355,268,0,207;176;187;206;247;246;209;195,
2PGWA,PF13378,220,49,8,C8_sub,6,-0.4060012102127075,1.1841639280319214,-0.3428589577859215,-1.107691589066357,0.7648326312804355,249,0,207;176;187;206;247;246;209;195,207:T;176:E;187:P;206:A;247:Y;246:E;209:T;195:E
2PGWA,PF13378,220,49,8,C8,7,-0.1975681334733963,1.1841639280319214,-0.16684187788235894,-0.9316745091627945,0.7648326312804355,194,0,233;241;206;180;254;244;231;175,
2PGWA,PF13378,220,49,8,C8_sub,7,0.2597676217556,1.1841639280319214,0.21936795709301277,-0.5454646741874227,0.7648326312804355,194,0,233;241;206;180;254;244;231;175,233:W;241:A;206:W;180:C;254:E;244:M;231:P;175:P
2PGWA,PF13378,220,49,8,C8,8,-0.3635675311088562,1.1841639280319214,-0.3070246631419561,-1.0718572944223916,0.7648326312804355,179,0,201;209;267;236;204;217;233;181,
2PGWA,PF13378,220,49,8,C8_sub,8,-0.3217160701751709,1.1841639280319214,-0.27168203874429997,-1.0365146700247356,0.7648326312804355,249,0,201;209;267;236;204;217;233;181,201:C;209:T;267:W;236:K;204:E;217:V;233:M;181:V
2PGWA,PF13378,220,49,8,C8,9,-0.2330232858657837,1.1841639280319214,-0.19678296251859997,-0.9616155937990355,0.7648326312804355,268,0,209;239;256;224;262;250;193;182,
2PGWA,PF13378,220,49,8,C8_sub,9,0.21388418972492218,1.1841639280319214,0.18062042312030005,-0.5842122081601355,0.7648326312804355,194,0,209;239;256;224;262;250;193;182,209:Q;239:F;256:S;224:Y;262:K;250:L;193:H;182:F
2PGWA,PF13378,220,49,8,C8,10,-0.19299030303955078,1.1841639280319214,-0.1629760022839915,-0.9278086335644271,0.7648326312804355,194,0,263;253;267;261;250;222;256;171,
2PGWA,PF13378,220,49,8,C8_sub,10,0.27955666184425354,1.1841639280319214,0.2360793596448055,-0.52875327163563,0.7648326312804355,194,0,263;253;267;261;250;222;256;171,263:M;253:Q;267:A;261:T;250:V;222:Y;256:N;171:K
2PGWA,PF13378,220,49,8,C8,11,-0.23984172940254211,1.1841639280319214,-0.2025409858592456,-0.9673736171396812,0.7648326312804355,194,0,243;263;222;247;193;241;248;216,
2PGWA,PF13378,220,49,8,C8_sub,11,-0.12676940858364105,1.1841639280319214,-0.10705393534012779,-0.8718865666205633,0.7648326312804355,194,0,243;263;222;247;193;241;248;216,243:L;263:F;222:S;247:N;193:H;241:P;248:W;216:E
2PGWA,PF13378,220,49,8,C8,12,-0.36519065499305725,1.1841639280319214,-0.30839535502487697,-1.0732279863053125,0.7648326312804355,179,0,235;268;230;202;254;259;217;216,
2PGWA,PF13378,220,49,8,C8_sub,12,-0.07462611794471741,1.1841639280319214,-0.06302009052812975,-0.8278527218085653,0.7648326312804355,194,0,235;268;230;202;254;259;217;216,235:F;268:T;230:V;202:M;254:E;259:Y;217:L;216:E
2PGWA,PF13378,220,49,8,C8,13,-0.2621440589427948,1.1841639280319214,-0.22137480524210681,-0.9862074365225424,0.7648326312804355,268,0,256;191;263;249;261;250;209;173,
2PGWA,PF13378,220,49,8,C8_sub,13,0.9310861825942993,1.1841639280319214,0.7862814941017188,0.02144886282128322,0.7648326312804355,220,1,256;191;263;249;261;250;209;173,256:C;191:H;263:L;249:M;261:T;250:A;209:S;173:D
2PGWA,PF13378,220,49,8,C8,14,-0.3535558879375458,1.1841639280319214,-0.29857005400017134,-1.0634026852806069,0.7648326312804355,179,0,217;239;267;205;176;187;192;225,
2PGWA,PF13378,220,49,8,C8_sub,14,0.6472804546356201,1.1841639280319214,0.5466138929864206,-0.21821873829401495,0.7648326312804355,220,1,217;239;267;205;176;187;192;225,217:L;239:L;267:V;205:L;176:E;187:L;192:F;225:F
2PGWA,PF13378,220,49,8,C8,15,-0.42414671182632446,1.1841639280319214,-0.3581824287886016,-1.1230150600690372,0.7648326312804355,179,0,269;245;212;267;249;204;221;238,
2PGWA,PF13378,220,49,8,C8_sub,15,0.46659132838249207,1.1841639280319214,0.39402595986686245,-0.3708066714135731,0.7648326312804355,194,0,269;245;212;267;249;204;221;238,269:F;245:V;212:F;267:V;249:V;204:E;221:D;238:H
2PGWA,PF13378,220,49,8,C8,16,-0.37093985080718994,1.1841639280319214,-0.31325042253540974,-1.0780830538158452,0.7648326312804355,179,0,203;226;200;268;242;191;201;175,
2PGWA,PF13378,220,49,8,C8_sub,16,-0.044072747230529785,1.1841639280319214,-0.03721845108369297,-0.8020510823641285,0.7648326312804355,194,0,203;226;200;268;242;191;201;175,203:K;226:N;200:P;268:Q;242:V;191:K;201:Y;175:M
2PGWA,PF13378,220,49,8,C8,17,-0.17903390526771545,1.1841639280319214,-0.15119013595125258,-0.9160227672316881,0.7648326312804355,194,0,251;231;204;252;268;249;243;171,
2PGWA,PF13378,220,49,8,C8_sub,17,0.7691282629966736,1.1841639280319214,0.6495116468164704,-0.1153209844639651,0.7648326312804355,220,1,251;231;204;252;268;249;243;171,251:S;231:P;204:E;252:I;268:N;249:F;243:M;171:H
2PGWA,PF13378,220,49,8,C8,18,-0.37290626764297485,1.1841639280319214,-0.3149110176517068,-1.0797436489321424,0.7648326312804355,268,0,219;196;176;242;263;209;247;227,
2PGWA,PF13378,220,49,8,C8_sub,18,-0.3008888363838196,1.1841639280319214,-0.2540939047889226,-1.0189265360693582,0.7648326312804355,259,0,219;196;176;242;263;209;247;227,219:P;196:M;176:E;242:A;263:V;209:N;247:C;227:L
2PGWA,PF13378,220,49,8,C8,19,-0.39756909012794495,1.1841639280319214,-0.3357382206268554,-1.100570851907291,0.7648326312804355,179,0,257;192;219;200;265;194;268;182,
2PGWA,PF13378,220,49,8,C8_sub,19,0.16427011787891388,1.1841639280319214,0.13872244711247925,-0.6261101841679563,0.7648326312804355,220,1,257;192;219;200;265;194;268;182,257:D;192:I;219:M;200:M;265:E;194:M;268:Q;182:W
4QLXA,PF00881,154,33,8,C0,0,0.8711432218551636,1.387251615524292,0.6279633860984385,-7.733878945037631e-07,0.627964159486333,154,1,,
4QLXA,PF00881,154,33,8,C7,0,-0.46547019481658936,1.387251615524292,-0.33553408019688735,-0.9634982396832203,0.627964159486333,218,0,162;158;164;156;163;182;180;176,
4QLXA,PF00881,154,33,8,C7_sub,0,-0.3841336965560913,1.387251615524292,-0.2769026846012455,-0.9048668440875784,0.627964159486333,163,0,162;158;164;156;163;182;180;176,162:G;158:M;164:E;156:M;163:T;182:W;180:I;176:W
4QLXA,PF00881,154,33,8,C8,0,-0.468363881111145,1.387251615524292,-0.3376199932801185,-0.9655841527664515,0.627964159486333,218,0,122;126;134;142;168;149;155;141,
4QLXA,PF00881,154,33,8,C8_sub,0,1.1742233037948608,1.387251615524292,0.8464385917122035,0.21847443222587049,0.627964159486333,154,1,122;126;134;142;168;149;155;141,122:N;126:C;134:I;142:E;168:L;149:L;155:F;141:W
4QLXA,PF00881,154,33,8,C8,1,-0.39683184027671814,1.387251615524292,-0.286056138508616,-0.914020297994949,0.627964159486333,218,0,126;138;180;139;159;169;160;153,
4QLXA,PF00881,154,33,8,C8_sub,1,0.6259614825248718,1.387251615524292,0.451224187104874,-0.176739972381459,0.627964159486333,154,1,126;138;180;139;159;169;160;153,126:Q;138:A;180:A;139:V;159:H;169:N;160:W;153:Y
4QLXA,PF00881,154,33,8,C8,2,-0.426643043756485,1.387251615524292,-0.3075455375088832,-0.9355096969952161,0.627964159486333,159,0,134;180;124;146;171;150;167;161,
4QLXA,PF00881,154,33,8,C8_sub,2,0.10992509871721268,1.387251615524292,0.07923948149497599,-0.548724677991357,0.627964159486333,218,0,134;180;124;146;171;150;167;161,134:I;180:A;124:M;146:E;171:A;150:L;167:V;161:K
4QLXA,PF00881,154,33,8,C8,3,-0.4751734435558319,1.387251615524292,-0.3425286647629867,-0.9704928242493197,0.627964159486333,218,0,134;162;122;170;123;146;157;168,
4QLXA,PF00881,154,33,8,C8_sub,3,1.0363914966583252,1.387251615524292,0.7470825660322881,0.11911840654595507,0.627964159486333,154,1,134;162;122;170;123;146;157;168,134:W;162:G;122:T;170:G;123:M;146:E;157:F;168:L
4QLXA,PF00881,154,33,8,C8,4,-0.43478327989578247,1.387251615524292,-0.31341342481079926,-0.9413775842971323,0.627964159486333,165,0,134;126;140;171;146;177;170;148,
4QLXA,PF00881,154,33,8,C8_sub,4,0.37734028697013855,1.387251615524292,0.2720056569027877,-0.3559585025835453,0.627964159486333,154,1,134;126;140;171;146;177;170;148,134:W;126:N;140:H;171:F;146:E;177:W;170:G;148:T
4QLXA,PF00881,154,33,8,C8,5,-0.43278464674949646,1.387251615524292,-0.3119727105784856,-0.9399368700648185,0.627964159486333,125,0,122;162;179;141;161;167;160;157,
4QLXA,PF00881,154,33,8,C8_sub,5,0.146791473031044,1.387251615524292,0.10581459872769099,-0.522149560758642,0.627964159486333,154,1,122;162;179;141;161;167;160;157,122:Y;162:G;179:C;141:W;161:R;167:I;160:P;157:A
4QLXA,PF00881,154,33,8,C8,6,-0.3291678726673126,1.387251615524292,-0.23728058340945477,-0.8652447428957878,0.627964159486333,218,0,162;186;173;155;165;164;139;160,
4QLXA,PF00881,154,33,8,C8_sub,6,-0.058988384902477264,1.387251615524292,-0.04252176335017887,-0.6704859228365119,0.627964159486333,154,1,162;186;173;155;165;164;139;160,162:G;186:H;173:L;155:I;165:I;164:E;139:W;160:W
4QLXA,PF00881,154,33,8,C8,7,-0.4812479019165039,1.387251615524292,-0.34690743664019674,-0.9748715961265297,0.627964159486333,218,0,180;173;138;160;144;168;156;141,
4QLXA,PF00881,154,33,8,C8_sub,7,-0.45066314935684204,1.387251615524292,-0.3248604249680548,-0.9528245844543878,0.627964159486333,218,0,180;173;138;160;144;168;156;141,180:I;173:V;138:A;160:F;144:N;168:L;156:V;141:A
4QLXA,PF00881,154,33,8,C8,8,-0.49354010820388794,1.387251615524292,-0.3557682706445157,-0.9837324301308488,0.627964159486333,125,0,179;134;187;159;177;149;158;164,
4QLXA,PF00881,154,33,8,C8_sub,8,0.07071433961391449,1.387251615524292,0.05097441503947286,-0.5769897444468601,0.627964159486333,154,1,179;134;187;159;177;149;158;164,179:Y;134:P;187:C;159:H;177:L;149:M;158:F;164:E
4QLXA,PF00881,154,33,8,C8,9,-0.16119058430194855,1.387251615524292,-0.11619419469266853,-0.7441583541790016,0.627964159486333,159,0,173;187;186;127;151;139;150;177,
4QLXA,PF00881,154,33,8,C8_sub,9,0.9263913035392761,1.387251615524292,0.6677889527554521,0.03982479326911914,0.627964159486333,154,1,173;187;186;127;151;139;150;177,173:V;187:T;186:H;127:W;151:G;139:W;150:I;177:A
4QLXA,PF00881,154,33,8,C8,10,-0.40416139364242554,1.387251615524292,-0.2913396453243116,-0.9193038048106446,0.627964159486333,134,0,172;187;140;163;145;141;147;170,
4QLXA,PF00881,154,33,8,C8_sub,10,-0.3039851486682892,1.387251615524292,-0.21912762275169695,-0.8470917822380299,0.627964159486333,186,0,172;187;140;163;145;141;147;170,172:E;187:N;140:R;163:T;145:A;141:W;147:T;170:G
4QLXA,PF00881,154,33,8,C8,11,-0.300187349319458,1.387251615524292,-0.21638997998643994,-0.8443541394727729,0.627964159486333,218,0,134;162;126;127;147;164;148;131,
4QLXA,PF00881,154,33,8,C8_sub,11,-0.09478488564491272,1.387251615524292,-0.06832566247118056,-0.6962898219575135,0.627964159486333,218,0,134;162;126;127;147;164;148;131,134:M;162:G;126:Y;127:A;147:N;164:E;148:N;131:T
4QLXA,PF00881,154,33,8,C8,12,-0.43915456533432007,1.387251615524292,-0.3165644648886193,-0.9445286243749522,0.627964159486333,218,0,187;182;124;143;160;156;166;163,
4QLXA,PF00881,154,33,8,C8_sub,12,-0.057380400598049164,1.387251615524292,-0.041362648243421264,-0.6693268077297543,0.627964159486333,132,0,187;182;124;143;160;156;166;163,187:T;182:F;124:W;143:W;160:W;156:F;166:Q;163:T
4QLXA,PF00881,154,33,8,C8,13,-0.4959653317928314,1.387251615524292,-0.35751649249684847,-0.9854806519831815,0.627964159486333,218,0,126;134;122;150;157;149;153;156,
4QLXA,PF00881,154,33,8,C8_sub,13,-0.11372026801109314,1.387251615524292,-0.08197522838574182,-0.7099393878720748,0.627964159486333,218,0,126;134;122;150;157;149;153;156,126:C;134:V;122:S;150:P;157:M;149:W;153:Y;156:M
4QLXA,PF00881,154,33,8,C8,14,-0.3484978675842285,1.387251615524292,-0.25121460568818205,-0.8791787651745151,0.627964159486333,218,0,186;173;187;160;131;146;165;177,
4QLXA,PF00881,154,33,8,C8_sub,14,-0.4205208122730255,1.387251615524292,-0.30313232838737453,-0.9310964878737076,0.627964159486333,218,0,186;173;187;160;131;146;165;177,186:K;173:M;187:T;160:W;131:S;146:E;165:I;177:F
4QLXA,PF00881,154,33,8,C8,15,-0.4269176721572876,1.387251615524292,-0.3077435033268569,-0.93570766281319,0.627964159486333,165,0,140;124;138;169;156;155;170;123,
4QLXA,PF00881,154,33,8,C8_sub,15,-0.08825965970754623,1.387251615524292,-0.06362195489258071,-0.6915861143789137,0.627964159486333,165,0,140;124;138;169;156;155;170;123,140:R;124:P;138:V;169:T;156:V;155:F;170:G;123:W
4QLXA,PF00881,154,33,8,C8,16,-0.4621010422706604,1.387251615524292,-0.33310542737844706,-0.9610695868647801,0.627964159486333,159,0,140;130;124;143;152;128;168;153,
4QLXA,PF00881,154,33,8,C8_sub,16,1.157349705696106,1.387251615524292,0.8342752625007411,0.20631110301440814,0.627964159486333,154,1,140;130;124;143;152;128;168;153,140:H;130:W;124:M;143:L;152:A;128:M;168:V;153:N
4QLXA,PF00881,154,33,8,C8,17,-0.3908767104148865,1.387251615524292,-0.2817633845516627,-0.9097275440379957,0.627964159486333,132,0,134;172;187;144;167;146;149;165,
4QLXA,PF00881,154,33,8,C8_sub,17,-0.3877512216567993,1.387251615524292,-0.2795103767172434,-0.9074745362035763,0.627964159486333,144,0,134;172;187;144;167;146;149;165,134:L;172:E;187:S;144:C;167:L;146:E;149:M;165:W
4QLXA,PF00881,154,33,8,C8,18,-0.38913315534591675,1.387251615524292,-0.2805065432912467,-0.9084707027775797,0.627964159486333,218,0,187;173;180;146;141;127;123;148,
4QLXA,PF00881,154,33,8,C8_sub,18,-0.021341830492019653,1.387251615524292,-0.015384253478741715,-0.6433484129650747,0.627964159486333,147,0,187;173;180;146;141;127;123;148,187:T;173:V;180:P;146:E;141:W;127:I;123:M;148:N
4QLXA,PF00881,154,33,8,C8,19,-0.3528592586517334,1.387251615524292,-0.25435851341097576,-0.8823226728973088,0.627964159486333,134,0,186;180;172;131;168;141;156;160,
4QLXA,PF00881,154,33,8,C8_sub,19,-0.2219802737236023,1.387251615524292,-0.1600144279808303,-0.7879785874671633,0.627964159486333,218,0,186;180;172;131;168;141;156;160,186:H;180:I;172:E;131:N;168:V;141:A;156:V;160:L
1YKIA,PF00881,149,38,8,C0,0,0.705038845539093,1.255019187927246,0.5617753515812894,-2.897073898333602e-06,0.5617782486551878,149,1,,
1YKIA,PF00881,149,38,8,C7,0,-0.4866413474082947,1.255019187927246,-0.387756101332616,-0.9495343499878037,0.5617782486551878,154,0,157;153;159;151;158;177;175;171,
1YKIA,PF00881,149,38,8,C7_sub,0,-0.41297581791877747,1.255019187927246,-0.3290593656984931,-0.8908376143536809,0.5617782486551878,144,0,157;153;159;151;158;177;175;171,157:G;153:M;159:E;151:V;158:W;177:V;175:M;171:M
1YKIA,PF00881,149,38,8,C8,0,-0.49512648582458496,1.255019187927246,-0.3945170644301636,-0.9562953130853513,0.5617782486551878,181,0,131;163;168;166;125;156;127;162,
1YKIA,PF00881,149,38,8,C8_sub,0,-0.40686100721359253,1.255019187927246,-0.3241870810641171,-0.8859653297193049,0.5617782486551878,144,0,131;163;168;166;125;156;127;162,131:M;163:L;168:V;166:W;125:E;156:W;127:K;162:W
1YKIA,PF00881,149,38,8,C8,1,-0.21031568944454193,1.255019187927246,-0.1675796605085324,-0.7293579091637201,0.5617782486551878,181,0,131;187;156;141;144;177;160;145,
1YKIA,PF00881,149,38,8,C8_sub,1,0.8000701069831848,1.255019187927246,0.6374963145420571,0.07571806588686936,0.5617782486551878,149,1,131;187;156;141;144;177;160;145,131:W;187:A;156:M;141:S;144:P;177:I;160:M;145:Q
1YKIA,PF00881,149,38,8,C8,2,-0.032088857144117355,1.255019187927246,-0.02556841955310213,-0.58734666820829,0.5617782486551878,144,0,180;154;160;125;144;139;138;171,
1YKIA,PF00881,149,38,8,C8_sub,2,-0.39826086163520813,1.255019187927246,-0.317334480194653,-0.8791127288498408,0.5617782486551878,143,0,180;154;160;125;144;139;138;171,180:R;154:V;160:W;125:E;144:M;139:I;138:P;171:A
1YKIA,PF00881,149,38,8,C8,3,-0.40847423672676086,1.255019187927246,-0.3254725032542214,-0.8872507519094092,0.5617782486551878,144,0,129;186;182;125;133;158;144;151,
1YKIA,PF00881,149,38,8,C8_sub,3,-0.3697253167629242,1.255019187927246,-0.29459734187295733,-0.8563755905281452,0.5617782486551878,160,0,129;186;182;125;133;158;144;151,129:R;186:L;182:S;125:E;133:E;158:W;144:M;151:A
1YKIA,PF00881,149,38,8,C8,4,-0.5283137559890747,1.255019187927246,-0.42096070010022923,-0.982738948755417,0.5617782486551878,142,0,169;152;151;187;127;154;137;134,
1YKIA,PF00881,149,38,8,C8_sub,4,-0.4818733036518097,1.255019187927246,-0.3839569213660055,-0.9457351700211933,0.5617782486551878,172,0,169;152;151;187;127;154;137;134,169:M;152:G;151:W;187:L;127:K;154:V;137:A;134:E
1YKIA,PF00881,149,38,8,C8,5,-0.4078066647052765,1.255019187927246,-0.32494058148927457,-0.8867188301444624,0.5617782486551878,181,0,129;123;166;137;160;168;158;175,
1YKIA,PF00881,149,38,8,C8_sub,5,-0.3776346445083618,1.255019187927246,-0.30089949870173094,-0.8626777473569187,0.5617782486551878,162,0,129;123;166;137;160;168;158;175,129:H;123:I;166:P;137:A;160:M;168:L;158:M;175:W
1YKIA,PF00881,149,38,8,C8,6,-0.4656355381011963,1.255019187927246,-0.37101866057540256,-0.9327969092305903,0.5617782486551878,181,0,130;147;125;164;133;154;156;158,
1YKIA,PF00881,149,38,8,C8_sub,6,-0.46735015511512756,1.255019187927246,-0.37238486838355817,-0.9341631170387459,0.5617782486551878,172,0,130;147;125;164;133;154;156;158,130:E;147:G;125:E;164:D;133:E;154:I;156:A;158:V
1YKIA,PF00881,149,38,8,C8,7,-0.5471218824386597,1.255019187927246,-0.4359470259114289,-0.9977252745666167,0.5617782486551878,116,0,173;138;159;187;144;165;151;167,
1YKIA,PF00881,149,38,8,C8_sub,7,-0.32145631313323975,1.255019187927246,-0.2561365724329266,-0.8179148210881144,0.5617782486551878,143,0,173;138;159;187;144;165;151;167,173:M;138:L;159:E;187:M;144:I;165:G;151:A;167:E
1YKIA,PF00881,149,38,8,C8,8,-0.400922566652298,1.255019187927246,-0.31945532826031947,-0.8812335769155073,0.5617782486551878,150,0,111;184;172;138;143;116;135;159,
1YKIA,PF00881,149,38,8,C8_sub,8,-0.030098114162683487,1.255019187927246,-0.02398219441759506,-0.5857604430727829,0.5617782486551878,149,1,111;184;172;138;143;116;135;159,111:D;184:Y;172:E;138:V;143:C;116:S;135:V;159:E
1YKIA,PF00881,149,38,8,C8,9,-0.6203750967979431,1.255019187927246,-0.4943152286161751,-1.0560934772713628,0.5617782486551878,160,0,131;144;147;133;152;113;162;165,
1YKIA,PF00881,149,38,8,C8_sub,9,0.5947983860969543,1.255019187927246,0.47393569103856203,-0.08784255761662574,0.5617782486551878,149,1,131;144;147;133;152;113;162;165,131:P;144:A;147:G;133:E;152:G;113:R;162:L;165:G
1YKIA,PF00881,149,38,8,C8,10,-0.47732189297676086,1.255019187927246,-0.3803303547614217,-0.9421086034166095,0.5617782486551878,181,0,178;164;156;186;139;123;148;168,
1YKIA,PF00881,149,38,8,C8_sub,10,-0.5766452550888062,1.255019187927246,-0.4594712659662017,-1.0212495146213896,0.5617782486551878,116,0,178;164;156;186;139;123;148;168,178:R;164:D;156:W;186:F;139:I;123:M;148:S;168:W
1YKIA,PF00881,149,38,8,C8,11,-0.14231687784194946,1.255019187927246,-0.11339816889731859,-0.6751764175525063,0.5617782486551878,181,0,129;160;171;123;133;177;172;153,
1YKIA,PF00881,149,38,8,C8_sub,11,0.701717734336853,1.255019187927246,0.5591290882936938,-0.002649160361493985,0.5617782486551878,149,1,129;160;171;123;133;177;172;153,129:H;160:M;171:M;123:W;133:E;177:M;172:E;153:F
1YKIA,PF00881,149,38,8,C8,12,-0.5663837194442749,1.255019187927246,-0.4512948685507336,-1.0130731172059213,0.5617782486551878,150,0,180;162;186;153;139;123;187;168,
1YKIA,PF00881,149,38,8,C8_sub,12,-0.5528631806373596,1.255019187927246,-0.4405216955690157,-1.0022999442242035,0.5617782486551878,1,0,180;162;186;153;139;123;187;168,180:H;162:A;186:I;153:P;139:L;123:V;187:I;168:M
1YKIA,PF00881,149,38,8,C8,13,-0.021152477711439133,1.255019187927246,-0.016854306224890443,-0.5786325548800783,0.5617782486551878,140,0,173;184;138;185;163;152;140;139,
1YKIA,PF00881,149,38,8,C8_sub,13,-0.12254095822572708,1.255019187927246,-0.09764070494261703,-0.6594189535978048,0.5617782486551878,172,0,173;184;138;185;163;152;140;139,173:I;184:Y;138:F;185:A;163:V;152:G;140:H;139:M
1YKIA,PF00881,149,38,8,C8,14,-0.5314239263534546,1.255019187927246,-0.4234388856087047,-0.9852171342638925,0.5617782486551878,3,0,131;120;151;147;123;159;141;161,
1YKIA,PF00881,149,38,8,C8_sub,14,-0.5476905703544617,1.255019187927246,-0.43640015676494304,-0.9981784054201308,0.5617782486551878,181,0,131;120;151;147;123;159;141;161,131:I;120:H;151:P;147:G;123:L;159:E;141:C;161:I
1YKIA,PF00881,149,38,8,C8,15,-0.4199495017528534,1.255019187927246,-0.3346160009285834,-0.8963942495837711,0.5617782486551878,115,0,180;166;135;127;164;159;113;144,
1YKIA,PF00881,149,38,8,C8_sub,15,0.04994049295783043,1.255019187927246,0.03979261308371765,-0.5219856355714702,0.5617782486551878,149,1,180;166;135;127;164;159;113;144,180:H;166:M;135:W;127:R;164:D;159:E;113:H;144:I
1YKIA,PF00881,149,38,8,C8,16,-0.3962053656578064,1.255019187927246,-0.31569665983527145,-0.8774749084904592,0.5617782486551878,142,0,118;175;124;150;142;165;123;156,
1YKIA,PF00881,149,38,8,C8_sub,16,0.19277995824813843,1.255019187927246,0.15360717995597206,-0.4081710686992157,0.5617782486551878,149,1,118;175;124;150;142;165;123;156,118:R;175:A;124:V;150:M;142:M;165:G;123:P;156:V
1YKIA,PF00881,149,38,8,C8,17,-0.35398781299591064,1.255019187927246,-0.28205768995496144,-0.8438359386101493,0.5617782486551878,150,0,180;125;164;161;124;116;138;137,
1YKIA,PF00881,149,38,8,C8_sub,17,0.47566843032836914,1.255019187927246,0.3790128747863764,-0.18276537386881136,0.5617782486551878,149,1,180;125;164;161;124;116;138;137,180:R;125:E;164:D;161:A;124:W;116:Y;138:P;137:L
1YKIA,PF00881,149,38,8,C8,18,-0.36797529458999634,1.255019187927246,-0.29320292321405367,-0.8549811718692415,0.5617782486551878,152,0,131;187;133;123;165;139;172;138,
1YKIA,PF00881,149,38,8,C8_sub,18,0.3070775270462036,1.255019187927246,0.24467954753214896,-0.31709870112303884,0.5617782486551878,149,1,131;187;133;123;165;139;172;138,131:A;187:W;133:E;123:P;165:G;139:L;172:E;138:P
1YKIA,PF00881,149,38,8,C8,19,-0.49354395270347595,1.255019187927246,-0.3932561011426439,-0.9550343497978317,0.5617782486551878,160,0,130;147;134;158;120;154;162;127,
1YKIA,PF00881,149,38,8,C8_sub,19,-0.4346330165863037,1.255019187927246,-0.3463158338671548,-0.9080940825223426,0.5617782486551878,119,0,130;147;134;158;120;154;162;127,130:E;147:G;134:E;158:P;120:H;154:W;162:A;127:K
3H75A,PF13407,208,48,8,C0,0,1.293310523033142,1.3202310800552368,0.9796092082448412,-1.8058852169211548e-07,0.9796093888333629,208,1,,
3H75A,PF13407,208,48,8,C7,0,0.51261967420578,1.3202310800552368,0.38828026543984456,-0.5913291233935183,0.9796093888333629,208,1,199;252;238;240;249;205;170;223,
3H75A,PF13407,208,48,8,C7_sub,0,1.211739182472229,1.3202310800552368,0.9178235543595379,-0.06178583447382502,0.9796093888333629,208,1,199;252;238;240;249;205;170;223,199:V;252:G;238:G;240:Y;249:P;205:S;170:A;223:M
3H75A,PF13407,208,48,8,C8,0,0.48031651973724365,1.3202310800552368,0.36381246207076706,-0.6157969267625958,0.9796093888333629,208,1,256;228;254;207;230;240;222;172,
3H75A,PF13407,208,48,8,C8_sub,0,1.3140764236450195,1.3202310800552368,0.9953381976055587,0.015728808772195846,0.9796093888333629,208,1,256;228;254;207;230;240;222;172,256:L;228:K;254:V;207:A;230:F;240:Q;222:W;172:D
3H75A,PF13407,208,48,8,C8,1,0.3318355977535248,1.3202310800552368,0.2513466034594801,-0.7282627853738828,0.9796093888333629,208,1,161;254;230;183;242;170;195;190,
3H75A,PF13407,208,48,8,C8_sub,1,1.2865421772003174,1.3202310800552368,0.9744825709954428,-0.005126817837920128,0.9796093888333629,208,1,161;254;230;183;242;170;195;190,161:M;254:F;230:F;183:T;242:Q;170:W;195:V;190:K
3H75A,PF13407,208,48,8,C8,2,0.4250538945198059,1.3202310800552368,0.3219541646467088,-0.6576552241866541,0.9796093888333629,208,1,223;161;191;237;186;181;214;185,
3H75A,PF13407,208,48,8,C8_sub,2,1.31625235080719,1.3202310800552368,0.9969863387492132,0.01737694991585026,0.9796093888333629,208,1,223;161;191;237;186;181;214;185,223:V;161:V;191:W;237:Q;186:I;181:I;214:D;185:D
3H75A,PF13407,208,48,8,C8,3,-0.15617330372333527,1.3202310800552368,-0.11829240053703415,-1.097901789370397,0.9796093888333629,349,0,239;219;213;162;166;220;212;179,
3H75A,PF13407,208,48,8,C8_sub,3,0.9139857888221741,1.3202310800552368,0.6922922832447893,-0.2873171055885736,0.9796093888333629,208,1,239;219;213;162;166;220;212;179,239:W;219:I;213:E;162:K;166:A;220:F;212:S;179:K
3H75A,PF13407,208,48,8,C8,4,0.0283723883330822,1.3202310800552368,0.021490471449812507,-0.9581189173835504,0.9796093888333629,208,1,207;211;166;195;213;176;163;185,
3H75A,PF13407,208,48,8,C8_sub,4,1.230974555015564,1.3202310800552368,0.9323932557049495,-0.04721613312841344,0.9796093888333629,208,1,207;211;166;195;213;176;163;185,207:V;211:L;166:A;195:I;213:E;176:P;163:D;185:D
3H75A,PF13407,208,48,8,C8,5,0.41695335507392883,1.3202310800552368,0.31581846645852635,-0.6637909223748366,0.9796093888333629,208,1,212;245;191;169;248;162;239;226,
3H75A,PF13407,208,48,8,C8_sub,5,1.273477554321289,1.3202310800552368,0.9645868617696899,-0.015022527063673019,0.9796093888333629,208,1,212;245;191;169;248;162;239;226,212:S;245:V;191:L;169:V;248:M;162:H;239:A;226:I
3H75A,PF13407,208,48,8,C8,6,0.5516330599784851,1.3202310800552368,0.41783068760614656,-0.5617787012272164,0.9796093888333629,208,1,214;165;222;181;237;234;191;250,
3H75A,PF13407,208,48,8,C8_sub,6,1.220377802848816,1.3202310800552368,0.9243668182677208,-0.05524257056564208,0.9796093888333629,208,1,214;165;222;181;237;234;191;250,214:D;165:G;222:F;181:W;237:Y;234:I;191:P;250:P
3H75A,PF13407,208,48,8,C8,7,0.3781629204750061,1.3202310800552368,0.2864369171336159,-0.6931724716997469,0.9796093888333629,208,1,195;169;176;246;245;214;217;194,
3H75A,PF13407,208,48,8,C8_sub,7,1.303613543510437,1.3202310800552368,0.9874131606232869,0.0078037717899239745,0.9796093888333629,208,1,195;169;176;246;245;214;217;194,195:V;169:I;176:P;246:A;245:F;214:D;217:A;194:C
3H75A,PF13407,208,48,8,C8,8,0.5466131567955017,1.3202310800552368,0.41402839628092386,-0.5655809925524391,0.9796093888333629,208,1,254;199;176;235;211;217;241;175,
3H75A,PF13407,208,48,8,C8_sub,8,1.2248787879943848,1.3202310800552368,0.9277760586753778,-0.05183333015798508,0.9796093888333629,208,1,254;199;176;235;211;217;241;175,254:P;199:A;176:P;235:M;211:P;217:M;241:N;175:T
3H75A,PF13407,208,48,8,C8,9,0.6931064128875732,1.3202310800552368,0.5249887109600347,-0.45462067787332816,0.9796093888333629,208,1,219;236;210;205;239;228;169;206,
3H75A,PF13407,208,48,8,C8_sub,9,1.0152610540390015,1.3202310800552368,0.7690025400678525,-0.2106068487655104,0.9796093888333629,208,1,219;236;210;205;239;228;169;206,219:L;236:P;210:Y;205:C;239:L;228:K;169:P;206:S
3H75A,PF13407,208,48,8,C8,10,0.41206544637680054,1.3202310800552368,0.3121161534536516,-0.6674932353797113,0.9796093888333629,208,1,255;240;170;238;235;219;176;244,
3H75A,PF13407,208,48,8,C8_sub,10,1.349656581878662,1.3202310800552368,1.0222881450588137,0.04267875622545081,0.9796093888333629,208,1,255;240;170;238;235;219;176;244,255:N;240:Q;170:P;238:G;235:F;219:I;176:F;244:D
3H75A,PF13407,208,48,8,C8,11,0.48550185561180115,1.3202310800552368,0.36774005925651165,-0.6118693295768513,0.9796093888333629,208,1,166;169;240;184;161;176;195;188,
3H75A,PF13407,208,48,8,C8_sub,11,1.2247499227523804,1.3202310800552368,0.9276784505793776,-0.051930938253985315,0.9796093888333629,208,1,166;169;240;184;161;176;195;188,166:W;169:V;240:S;184:G;161:P;176:W;195:I;188:H
3H75A,PF13407,208,48,8,C8,12,-0.0821269303560257,1.3202310800552368,-0.06220648157486916,-1.041815870408232,0.9796093888333629,181,0,241;165;245;249;191;212;199;221,
3H75A,PF13407,208,48,8,C8_sub,12,1.1638039350509644,1.3202310800552368,0.8815153291212264,-0.09809405971213647,0.9796093888333629,208,1,241;165;245;249;191;212;199;221,241:N;165:G;245:V;249:M;191:L;212:Q;199:A;221:Y
3H75A,PF13407,208,48,8,C8,13,0.12001941353082657,1.3202310800552368,0.09090788373638735,-0.8887015050969755,0.9796093888333629,208,1,212;162;219;217;169;228;223;187,
3H75A,PF13407,208,48,8,C8_sub,13,1.299725890159607,1.3202310800552368,0.9844684841878045,0.004859095354441623,0.9796093888333629,208,1,212;162;219;217;169;228;223;187,212:Q;162:H;219:W;217:I;169:W;228:H;223:L;187:T
3H75A,PF13407,208,48,8,C8,14,0.41402336955070496,1.3202310800552368,0.31359916896774065,-0.6660102198656223,0.9796093888333629,208,1,223;245;162;219;214;183;161;247,
3H75A,PF13407,208,48,8,C8_sub,14,1.3152788877487183,1.3202310800552368,0.9962489958149513,0.016639606981588395,0.9796093888333629,208,1,223;245;162;219;214;183;161;247,223:W;245:I;162:H;219:M;214:D;183:C;161:M;247:C
3H75A,PF13407,208,48,8,C8,15,0.6595612168312073,1.3202310800552368,0.4995801316869559,-0.480029257146407,0.9796093888333629,208,1,256;220;241;183;239;205;228;252,
3H75A,PF13407,208,48,8,C8_sub,15,1.018787145614624,1.3202310800552368,0.7716733540101172,-0.20793603482324574,0.9796093888333629,208,1,256;220;241;183;239;205;228;252,256:F;220:A;241:T;183:C;239:P;205:N;228:K;252:G
3H75A,PF13407,208,48,8,C8,16,0.5936713218688965,1.3202310800552368,0.4496722814948865,-0.5299371073384764,0.9796093888333629,208,1,255;236;170;205;240;211;209;179,
3H75A,PF13407,208,48,8,C8_sub,16,1.2885329723358154,1.3202310800552368,0.9759904851519666,-0.0036189036813962794,0.9796093888333629,208,1,255;236;170;205;240;211;209;179,255:C;236:P;170:V;205:Y;240:C;211:M;209:F;179:H
3H75A,PF13407,208,48,8,C8,17,0.6380139589309692,1.3202310800552368,0.483259308593368,-0.4963500802399949,0.9796093888333629,208,1,248;245;254;241;207;181;199;188,
3H75A,PF13407,208,48,8,C8_sub,17,1.210114598274231,1.3202310800552368,0.9165930241724057,-0.06301636466095717,0.9796093888333629,208,1,248;245;254;241;207;181;199;188,248:L;245:P;254:F;241:Q;207:V;181:F;199:A;188:K
3H75A,PF13407,208,48,8,C8,18,0.28683027625083923,1.3202310800552368,0.217257630564824,-0.7623517582685388,0.9796093888333629,208,1,165;238;240;195;235;161;199;253,
3H75A,PF13407,208,48,8,C8_sub,18,1.1931438446044922,1.3202310800552368,0.9037386429007357,-0.07587074593262721,0.9796093888333629,208,1,165;238;240;195;235;161;199;253,165:G;238:G;240:C;195:F;235:A;161:W;199:V;253:H
3H75A,PF13407,208,48,8,C8,19,0.3076865077018738,1.3202310800552368,0.23305504040171557,-0.7465543484316474,0.9796093888333629,208,1,161;219;163;238;239;242;209;194,
3H75A,PF13407,208,48,8,C8_sub,19,1.345544457435608,1.3202310800552368,1.0191734445301137,0.03956405569675081,0.9796093888333629,208,1,161;219;163;238;239;242;209;194,161:A;219:L;163:D;238:G;239:F;242:Y;209:F;194:S
1JX6A,PF13407,237,45,8,C0,0,0.8883216381072998,1.2464962005615234,0.7126549103857095,0.0,0.7126549103857095,237,1,,
1JX6A,PF13407,237,45,8,C7,0,-0.2783847153186798,1.2464962005615234,-0.22333378568925655,-0.935988696074966,0.7126549103857095,263,0,228;278;264;266;275;234;200;252,
1JX6A,PF13407,237,45,8,C7_sub,0,0.9070080518722534,1.2464962005615234,0.727646062189089,0.01499115180337951,0.7126549103857095,237,1,228;278;264;266;275;234;200;252,228:F;278:G;264:G;266:G;275:F;234:I;200:Y;252:V
1JX6A,PF13407,237,45,8,C8,0,0.1777116060256958,1.2464962005615234,0.14256891111712977,-0.5700859992685797,0.7126549103857095,237,1,265;242;281;240;199;195;192;256,
1JX6A,PF13407,237,45,8,C8_sub,0,0.9243466854095459,1.2464962005615234,0.7415559590098588,0.028901048624149328,0.7126549103857095,237,1,265;242;281;240;199;195;192;256,265:L;242:N;281:E;240:S;199:M;195:V;192:G;256:G
1JX6A,PF13407,237,45,8,C8,1,-0.23985588550567627,1.2464962005615234,-0.19242408071330314,-0.9050789910990127,0.7126549103857095,209,0,239;271;282;193;199;238;224;261,
1JX6A,PF13407,237,45,8,C8_sub,1,0.5528450608253479,1.2464962005615234,0.4435192506614151,-0.2691356597242944,0.7126549103857095,237,1,239;271;282;193;199;238;224;261,239:M;271:D;282:F;193:E;199:A;238:T;224:L;261:I
1JX6A,PF13407,237,45,8,C8,2,-0.23227451741695404,1.2464962005615234,-0.1863419377550599,-0.8989968481407694,0.7126549103857095,263,0,271;245;268;243;227;219;239;202,
1JX6A,PF13407,237,45,8,C8_sub,2,0.7620584964752197,1.2464962005615234,0.6113604647426334,-0.1012944456430761,0.7126549103857095,237,1,271;245;268;243;227;219;239;202,271:D;245:M;268:G;243:E;227:C;219:T;239:I;202:E
1JX6A,PF13407,237,45,8,C8,3,-0.004748838022351265,1.2464962005615234,-0.0038097492958358006,-0.7164646596815453,0.7126549103857095,195,0,252;260;240;203;198;242;275;218,
1JX6A,PF13407,237,45,8,C8_sub,3,0.8872949481010437,1.2464962005615234,0.7118312496270215,-0.0008236607586880051,0.7126549103857095,237,1,252;260;240;203;198;242;275;218,252:W;260:L;240:T;203:Y;198:N;242:S;275:P;218:N
1JX6A,PF13407,237,45,8,C8,4,-0.09631837159395218,1.2464962005615234,-0.0772712917621109,-0.7899262021478204,0.7126549103857095,263,0,260;270;223;192;199;253;224;258,
1JX6A,PF13407,237,45,8,C8_sub,4,0.4829704165458679,1.2464962005615234,0.3874624056842682,-0.3251925047014413,0.7126549103857095,237,1,260;270;223;192;199;253;224;258,260:V;270:W;223:P;192:G;199:F;253:L;224:W;258:D
1JX6A,PF13407,237,45,8,C8,5,-0.08865968137979507,1.2464962005615234,-0.07112711722655515,-0.7837820276122647,0.7126549103857095,263,0,266;240;195;268;234;275;272;278,
1JX6A,PF13407,237,45,8,C8_sub,5,1.0038115978240967,1.2464962005615234,0.8053065844660402,0.0926516740803307,0.7126549103857095,237,1,266;240;195;268;234;275;272;278,266:G;240:S;195:L;268:G;234:I;275:F;272:I;278:G
1JX6A,PF13407,237,45,8,C8,6,-0.0692751556634903,1.2464962005615234,-0.05557590599336213,-0.7682308163790716,0.7126549103857095,209,0,193;265;213;216;260;224;236;218,
1JX6A,PF13407,237,45,8,C8_sub,6,0.4182116985321045,1.2464962005615234,0.33550980608180586,-0.37714510430390363,0.7126549103857095,237,1,193;265;213;216;260;224;236;218,193:E;265:P;213:N;216:N;260:L;224:P;236:A;218:Y
1JX6A,PF13407,237,45,8,C8,7,-0.12245628237724304,1.2464962005615234,-0.09824039762181284,-0.8108953080075223,0.7126549103857095,195,0,198;271;274;264;209;246;220;257,
1JX6A,PF13407,237,45,8,C8_sub,7,0.9197105169296265,1.2464962005615234,0.7378365987119045,0.02518168832619505,0.7126549103857095,237,1,198;271;274;264;209;246;220;257,198:T;271:D;274:F;264:G;209:Y;246:V;220:G;257:H
1JX6A,PF13407,237,45,8,C8,8,-0.11074330657720566,1.2464962005615234,-0.08884367760392518,-0.8014985879896347,0.7126549103857095,275,0,227;270;203;269;198;243;220;206,
1JX6A,PF13407,237,45,8,C8_sub,8,0.8815690279006958,1.2464962005615234,0.7072376373899618,-0.0054172729957476795,0.7126549103857095,237,1,227;270;203;269;198;243;220;206,227:N;270:L;203:Q;269:C;198:T;243:E;220:G;206:D
1JX6A,PF13407,237,45,8,C8,9,-0.21425208449363708,1.2464962005615234,-0.1718834637419035,-0.8845383741276129,0.7126549103857095,263,0,251;239;282;236;260;193;252;276,
1JX6A,PF13407,237,45,8,C8_sub,9,0.6332056522369385,1.2464962005615234,0.5079884334598782,-0.2046664769258313,0.7126549103857095,237,1,251;239;282;236;260;193;252;276,251:F;239:P;282:P;236:V;260:L;193:E;252:I;276:N
1JX6A,PF13407,237,45,8,C8,10,-0.24416188895702362,1.2464962005615234,-0.19587856653476618,-0.9085334769204757,0.7126549103857095,341,0,262;279;280;228;224;200;251;261,
1JX6A,PF13407,237,45,8,C8_sub,10,0.8451471328735352,1.2464962005615234,0.6780182181805384,-0.03463669220517107,0.7126549103857095,237,1,262;279;280;228;224;200;251;261,262:M;279:E;280:V;228:V;224:I;200:Q;251:L;261:P
1JX6A,PF13407,237,45,8,C8,11,0.011239171028137207,1.2464962005615234,0.009016610739025252,-0.7036382996466842,0.7126549103857095,263,0,275;272;220;282;195;241;227;211,
1JX6A,PF13407,237,45,8,C8_sub,11,0.8181341290473938,1.2464962005615234,0.6563470700342605,-0.05630784035144898,0.7126549103857095,237,1,275;272;220;282;195;241;227;211,275:M;272:M;220:G;282:V;195:P;241:Y;227:N;211:S
1JX6A,PF13407,237,45,8,C8,12,0.5255857110023499,1.2464962005615234,0.42165047175080295,-0.29100443863490655,0.7126549103857095,237,1,227;253;193;203;268;282;274;226,
1JX6A,PF13407,237,45,8,C8_sub,12,0.9431247115135193,1.2464962005615234,0.7566206066963214,0.04396569631061187,0.7126549103857095,237,1,227;253;193;203;268;282;274;226,227:Y;253:L;193:E;203:Y;268:G;282:L;274:M;226:I
1JX6A,PF13407,237,45,8,C8,13,-0.3195314407348633,1.2464962005615234,-0.25634369410104924,-0.9689986044867587,0.7126549103857095,261,0,241;223;267;209;238;228;274;221,
1JX6A,PF13407,237,45,8,C8_sub,13,-0.381034255027771,1.2464962005615234,-0.30568424906238956,-1.018339159448099,0.7126549103857095,276,0,241;223;267;209;238;228;274;221,241:Q;223:F;267:G;209:Q;238:N;228:W;274:I;221:S
1JX6A,PF13407,237,45,8,C8,14,0.2724147439002991,1.2464962005615234,0.21854438367127094,-0.49411052671443856,0.7126549103857095,237,1,262;215;253;203;196;195;272;210,
1JX6A,PF13407,237,45,8,C8_sub,14,0.9205322265625,1.2464962005615234,0.73849581422536,0.025840903839650542,0.7126549103857095,237,1,262;215;253;203;196;195;272;210,262:V;215:V;253:W;203:S;196:F;195:M;272:V;210:I
1JX6A,PF13407,237,45,8,C8,15,-0.19889351725578308,1.2464962005615234,-0.15956207260494276,-0.8722169829906523,0.7126549103857095,341,0,196;224;279;234;262;219;274;250,
1JX6A,PF13407,237,45,8,C8_sub,15,0.8799630999565125,1.2464962005615234,0.7059492837283462,-0.006705626657363295,0.7126549103857095,237,1,196;224;279;234;262;219;274;250,196:A;224:F;279:E;234:L;262:W;219:T;274:W;250:E
1JX6A,PF13407,237,45,8,C8,16,-0.23173043131828308,1.2464962005615234,-0.18590544537070616,-0.8985603557564157,0.7126549103857095,211,0,224;269;251;215;248;228;281;278,
1JX6A,PF13407,237,45,8,C8_sub,16,0.11297863721847534,1.2464962005615234,0.09063696878304206,-0.6220179416026674,0.7126549103857095,237,1,224;269;251;215;248;228;281;278,224:P;269:T;251:L;215:L;248:V;228:W;281:E;278:G
1JX6A,PF13407,237,45,8,C8,17,-0.27052798867225647,1.2464962005615234,-0.21703073667644443,-0.929685647062154,0.7126549103857095,263,0,246;223;280;243;195;252;224;273,
1JX6A,PF13407,237,45,8,C8_sub,17,0.7868082523345947,1.2464962005615234,0.631215925070732,-0.08143898531497751,0.7126549103857095,237,1,246;223;280;243;195;252;224;273,246:F;223:V;280:W;243:E;195:I;252:A;224:V;273:E
1JX6A,PF13407,237,45,8,C8,18,0.006505844183266163,1.2464962005615234,0.005219305265700289,-0.7074356051200092,0.7126549103857095,195,0,209;215;224;234;246;253;266;258,
1JX6A,PF13407,237,45,8,C8_sub,18,1.0242000818252563,1.2464962005615234,0.8216632199631841,0.10900830957747465,0.7126549103857095,237,1,209;215;224;234;246;253;266;258,209:Q;215:I;224:V;234:W;246:I;253:I;266:G;258:D
1JX6A,PF13407,237,45,8,C8,19,-0.24591195583343506,1.2464962005615234,-0.19728255547241644,-0.909937465858126,0.7126549103857095,263,0,194;224;264;192;213;234;239;250,
1JX6A,PF13407,237,45,8,C8_sub,19,0.6766778826713562,1.2464962005615234,0.542863975330631,-0.16979093505507847,0.7126549103857095,237,1,194;224;264;192;213;234;239;250,194:Q;224:F;264:G;192:G;213:Y;234:M;239:V;250:E
5HKOA,PF13407,218,45,8,C0,0,1.221011757850647,1.3724645376205444,0.8896490396520753,-9.554361144470391e-07,0.8896499950881898,218,1,,
5HKOA,PF13407,218,45,8,C7,0,-0.028391707688570023,1.3724645376205444,-0.020686660318227974,-0.9103366554064177,0.8896499950881898,243,0,208;259;245;247;256;215;179;233,
5HKOA,PF13407,218,45,8,C7_sub,0,1.029968023300171,1.3724645376205444,0.7504514652785396,-0.1391985298096502,0.8896499950881898,218,1,208;259;245;247;256;215;179;233,208:V;259:G;245:G;247:E;256:I;215:M;179:P;233:V
5HKOA,PF13407,218,45,8,C8,0,-0.10130781680345535,1.3724645376205444,-0.07381452418369493,-0.9634645192718847,0.8896499950881898,243,0,260;257;183;189;222;212;228;207,
5HKOA,PF13407,218,45,8,C8_sub,0,1.017202377319336,1.3724645376205444,0.7411502078464409,-0.14849978724174884,0.8896499950881898,218,1,260;257;183;189;222;212;228;207,260:E;257:H;183:L;189:W;222:T;212:G;228:G;207:M
5HKOA,PF13407,218,45,8,C8,1,0.04189436510205269,1.3724645376205444,0.03052491627556758,-0.8591250788126222,0.8896499950881898,218,1,184;179;239;252;175;253;204;226,
5HKOA,PF13407,218,45,8,C8_sub,1,1.150302767753601,1.3724645376205444,0.8381293186255235,-0.051520676462666226,0.8896499950881898,218,1,184;179;239;252;175;253;204;226,184:E;179:F;239:Y;252:G;175:M;253:A;204:F;226:G
5HKOA,PF13407,218,45,8,C8,2,0.06669757515192032,1.3724645376205444,0.04859693880874662,-0.8410530562794432,0.8896499950881898,218,1,250;198;176;217;248;188;194;246,
5HKOA,PF13407,218,45,8,C8_sub,2,1.2717727422714233,1.3724645376205444,0.9266343190741442,0.036984323985954415,0.8896499950881898,218,1,250;198;176;217;248;188;194;246,250:D;198:E;176:E;217:G;248:G;188:P;194:C;246:M
5HKOA,PF13407,218,45,8,C8,3,-0.04516638070344925,1.3724645376205444,-0.03290896009725297,-0.9225589551854427,0.8896499950881898,243,0,258;199;176;225;175;245;233;254,
5HKOA,PF13407,218,45,8,C8_sub,3,1.1026338338851929,1.3724645376205444,0.8033969575613518,-0.086253037526838,0.8896499950881898,218,1,258;199;176;225;175;245;233;254,258:Q;199:D;176:E;225:W;175:F;245:G;233:F;254:Q
5HKOA,PF13407,218,45,8,C8,4,-0.1435769647359848,1.3724645376205444,-0.10461251332941952,-0.9942625084176093,0.8896499950881898,243,0,262;199;239;232;223;225;196;230,
5HKOA,PF13407,218,45,8,C8_sub,4,-0.07526946067810059,1.3724645376205444,-0.05484255411698725,-0.944492549205177,0.8896499950881898,252,0,262;199;239;232;223;225;196;230,262:M;199:D;239:S;232:W;223:E;225:P;196:R;230:I
5HKOA,PF13407,218,45,8,C8,5,0.027719995006918907,1.3724645376205444,0.020197239525749307,-0.8694527555624405,0.8896499950881898,218,1,198;190;236;246;245;226;200;195,
5HKOA,PF13407,218,45,8,C8_sub,5,0.8305500745773315,1.3724645376205444,0.6051523021624038,-0.28449769292578597,0.8896499950881898,218,1,198;190;236;246;245;226;200;195,198:E;190:R;236:L;246:A;245:G;226:G;200:P;195:L
5HKOA,PF13407,218,45,8,C8,6,0.21291673183441162,1.3724645376205444,0.1551345961940463,-0.7345153988941435,0.8896499950881898,218,1,211;250;183;188;228;261;232;175,
5HKOA,PF13407,218,45,8,C8_sub,6,0.7989612817764282,1.3724645376205444,0.5821361935963718,-0.30751380149181795,0.8896499950881898,218,1,211;250;183;188;228;261;232;175,211:I;250:D;183:W;188:A;228:G;261:A;232:M;175:F
5HKOA,PF13407,218,45,8,C8,7,-0.10659098625183105,1.3724645376205444,-0.07766392743132651,-0.9673139225195163,0.8896499950881898,233,0,211;251;181;222;196;241;194;253,
5HKOA,PF13407,218,45,8,C8_sub,7,0.8500432968139648,1.3724645376205444,0.6193553811508262,-0.27029461393736354,0.8896499950881898,218,1,211;251;181;222;196;241;194;253,211:P;251:E;181:H;222:Y;196:H;241:W;194:S;253:P
5HKOA,PF13407,218,45,8,C8,8,-0.06186658889055252,1.3724645376205444,-0.04507700359078949,-0.9347269986789792,0.8896499950881898,240,0,257;262;234;243;215;229;188;254,
5HKOA,PF13407,218,45,8,C8_sub,8,0.8706362247467041,1.3724645376205444,0.6343597236079664,-0.2552902714802233,0.8896499950881898,218,1,257;262;234;243;215;229;188;254,257:R;262:A;234:R;243:L;215:A;229:P;188:F;254:Y
5HKOA,PF13407,218,45,8,C8,9,-0.1571914404630661,1.3724645376205444,-0.11453224192997401,-1.0041822370181637,0.8896499950881898,177,0,251;231;240;226;215;256;263;217,
5HKOA,PF13407,218,45,8,C8_sub,9,1.1300197839736938,1.3724645376205444,0.8233508065227102,-0.06629918856547956,0.8896499950881898,218,1,251;231;240;226;215;256;263;217,251:E;231:Y;240:G;226:G;215:L;256:A;263:G;217:G
5HKOA,PF13407,218,45,8,C8,10,0.07080172747373581,1.3724645376205444,0.051587290988578456,-0.8380627040996113,0.8896499950881898,218,1,203;199;210;188;224;195;238;193,
5HKOA,PF13407,218,45,8,C8_sub,10,1.1010591983795166,1.3724645376205444,0.8022496525035423,-0.08740034258464746,0.8896499950881898,218,1,203;199;210;188;224;195;238;193,203:H;199:D;210:Y;188:I;224:E;195:V;238:K;193:M
5HKOA,PF13407,218,45,8,C8,11,0.13690221309661865,1.3724645376205444,0.09974918064838847,-0.7899008144398013,0.8896499950881898,218,1,258;260;213;204;256;191;174;232,
5HKOA,PF13407,218,45,8,C8_sub,11,0.8034528493881226,1.3724645376205444,0.5854088228618838,-0.304241172226306,0.8896499950881898,218,1,258;260;213;204;256;191;174;232,258:T;260:E;213:V;204:W;256:M;191:E;174:G;232:W
5HKOA,PF13407,218,45,8,C8,12,-0.1906711608171463,1.3724645376205444,-0.13892611108751474,-1.0285761061757044,0.8896499950881898,240,0,205;182;183;233;223;226;227;225,
5HKOA,PF13407,218,45,8,C8_sub,12,0.866225004196167,1.3724645376205444,0.6311456365189224,-0.25850435856926735,0.8896499950881898,218,1,205;182;183;233;223;226;227;225,205:H;182:C;183:W;233:W;223:E;226:G;227:M;225:V
5HKOA,PF13407,218,45,8,C8,13,0.08363502472639084,1.3724645376205444,0.06093784023840042,-0.8287121548497893,0.8896499950881898,243,0,258;231;237;200;201;194;252;238,
5HKOA,PF13407,218,45,8,C8_sub,13,1.221060037612915,1.3724645376205444,0.8896842170726532,3.4221984463456145e-05,0.8896499950881898,218,1,258;231;237;200;201;194;252;238,258:Q;231:N;237:G;200:W;201:L;194:T;252:G;238:K
5HKOA,PF13407,218,45,8,C8,14,-0.11017291247844696,1.3724645376205444,-0.08027377717857458,-0.9699237722667643,0.8896499950881898,240,0,199;251;181;207;224;241;221;222,
5HKOA,PF13407,218,45,8,C8_sub,14,0.2845310866832733,1.3724645376205444,0.20731398071426146,-0.6823360143739283,0.8896499950881898,218,1,199;251;181;207;224;241;221;222,199:D;251:E;181:R;207:P;224:E;241:F;221:S;222:T
5HKOA,PF13407,218,45,8,C8,15,0.019541068002581596,1.3724645376205444,0.014237940192218112,-0.8754120548959716,0.8896499950881898,218,1,182;231;240;249;227;194;216;185,
5HKOA,PF13407,218,45,8,C8_sub,15,1.0541595220565796,1.3724645376205444,0.7680777850072443,-0.12157221008094543,0.8896499950881898,218,1,182;231;240;249;227;194;216;185,182:Q;231:T;240:G;249:P;227:F;194:Q;216:E;185:W
5HKOA,PF13407,218,45,8,C8,16,0.3279360830783844,1.3724645376205444,0.2389395675366086,-0.6507104275515811,0.8896499950881898,218,1,187;208;183;255;185;246;248;249,
5HKOA,PF13407,218,45,8,C8_sub,16,1.0501726865768433,1.3724645376205444,0.765172911787971,-0.12447708330021878,0.8896499950881898,218,1,187;208;183;255;185;246;248;249,187:A;208:A;183:A;255:V;185:F;246:V;248:G;249:L
5HKOA,PF13407,218,45,8,C8,17,0.07192973792552948,1.3724645376205444,0.052409177762971416,-0.8372408173252184,0.8896499950881898,243,0,184;208;236;195;229;256;261;192,
5HKOA,PF13407,218,45,8,C8_sub,17,1.1760227680206299,1.3724645376205444,0.8568693294323745,-0.03278066565581528,0.8896499950881898,218,1,184;208;236;195;229;256;261;192,184:E;208:W;236:W;195:P;229:V;256:W;261:I;192:S
5HKOA,PF13407,218,45,8,C8,18,-0.04259297996759415,1.3724645376205444,-0.03103393843708197,-0.9206839335252718,0.8896499950881898,243,0,190;197;176;195;228;201;220;189,
5HKOA,PF13407,218,45,8,C8_sub,18,0.7667753100395203,1.3724645376205444,0.5586849707380318,-0.33096502435015795,0.8896499950881898,218,1,190;197;176;195;228;201;220;189,190:R;197:H;176:E;195:A;228:G;201:P;220:M;189:P
5HKOA,PF13407,218,45,8,C8,19,0.011738200671970844,1.3724645376205444,0.008552644057617314,-0.8810973510305724,0.8896499950881898,218,1,182;208;237;252;217;256;263;261,
5HKOA,PF13407,218,45,8,C8_sub,19,1.1927958726882935,1.3724645376205444,0.8690904864880922,-0.020559508600097587,0.8896499950881898,218,1,182;208;237;252;217;256;263;261,182:Q;208:F;237:G;252:G;217:G;256:A;263:G;261:L
2FVYA,PF13407,206,40,8,C0,0,0.905516505241394,1.327094554901123,0.6823300584703709,-1.0330136799296952e-06,0.6823310914840508,206,1,,
2FVYA,PF13407,206,40,8,C7,0,-0.23893293738365173,1.327094554901123,-0.18004213528059707,-0.8623732267646479,0.6823310914840508,194,0,195;233;235;244;203;221;225;217,
2FVYA,PF13407,206,40,8,C7_sub,0,-0.17637255787849426,1.327094554901123,-0.1329012746131229,-0.8152323660971736,0.6823310914840508,200,0,195;233;235;244;203;221;225;217,195:A;233:G;235:E;244:P;203:V;221:V;225:S;217:F
2FVYA,PF13407,206,40,8,C8,0,-0.2690279185771942,1.327094554901123,-0.20271948037435697,-0.8850505718584077,0.6823310914840508,194,0,211;216;227;243;195;200;180;222,
2FVYA,PF13407,206,40,8,C8_sub,0,0.2928166091442108,1.327094554901123,0.22064487271295263,-0.46168621877109817,0.6823310914840508,206,1,211;216;227;243;195;200;180;222,211:E;216:G;227:T;243:P;195:W;200:L;180:P;222:R
2FVYA,PF13407,206,40,8,C8,1,-0.26391586661338806,1.327094554901123,-0.19886741727536625,-0.8811985087594171,0.6823310914840508,237,0,176;234;216;210;233;231;177;167,
2FVYA,PF13407,206,40,8,C8_sub,1,-0.3698711395263672,1.327094554901123,-0.2787074501665218,-0.9610385416505727,0.6823310914840508,237,0,176;234;216;210;233;231;177;167,176:S;234:P;216:G;210:Y;233:G;231:A;177:V;167:E
2FVYA,PF13407,206,40,8,C8,2,-0.16038870811462402,1.327094554901123,-0.12085703126600049,-0.8031881227500512,0.6823310914840508,237,0,212;176;217;224;226;218;208;198,
2FVYA,PF13407,206,40,8,C8_sub,2,-0.18917685747146606,1.327094554901123,-0.1425496448409141,-0.8248807363249648,0.6823310914840508,182,0,212;176;217;224;226;218;208;198,212:W;176:T;217:L;224:K;226:R;218:W;208:W;198:W
2FVYA,PF13407,206,40,8,C8,3,-0.2650195062160492,1.327094554901123,-0.19969903820138485,-0.8820301296854356,0.6823310914840508,194,0,233;184;240;229;172;209;241;196,
2FVYA,PF13407,206,40,8,C8_sub,3,0.4516102969646454,1.327094554901123,0.34030001501912066,-0.34203107646493014,0.6823310914840508,206,1,233;184;240;229;172;209;241;196,233:G;184:S;240:F;229:P;172:N;209:S;241:I;196:C
2FVYA,PF13407,206,40,8,C8,4,-0.2163495123386383,1.327094554901123,-0.163024941621253,-0.8453560331053038,0.6823310914840508,241,0,210;229;182;194;220;191;235;198,
2FVYA,PF13407,206,40,8,C8_sub,4,-0.319217324256897,1.327094554901123,-0.24053849296418875,-0.9228695844482395,0.6823310914840508,237,0,210;229;182;194;220;191;235;198,210:T;229:M;182:I;194:P;220:P;191:A;235:E;198:F
2FVYA,PF13407,206,40,8,C8,5,-0.25941669940948486,1.327094554901123,-0.195477178661782,-0.8778082701458327,0.6823310914840508,234,0,230;208;211;235;241;182;207;222,
2FVYA,PF13407,206,40,8,C8_sub,5,-0.38871708512306213,1.327094554901123,-0.2929083565956037,-0.9752394480796545,0.6823310914840508,308,0,230;208;211;235;241;182;207;222,230:I;208:L;211:E;235:E;241:I;182:P;207:L;222:H
2FVYA,PF13407,206,40,8,C8,6,-0.261727899312973,1.327094554901123,-0.19721872744212518,-0.879549818926176,0.6823310914840508,237,0,183;194;190;187;184;180;229;225,
2FVYA,PF13407,206,40,8,C8_sub,6,0.22551332414150238,1.327094554901123,0.1699301103366403,-0.5124009811474105,0.6823310914840508,206,1,183;194;190;187;184;180;229;225,183:E;194:P;190:R;187:F;184:N;180:V;229:M;225:Q
2FVYA,PF13407,206,40,8,C8,7,-0.24177183210849762,1.327094554901123,-0.18218131572886392,-0.8645124072129147,0.6823310914840508,194,0,192;184;207;235;227;172;241;198,
2FVYA,PF13407,206,40,8,C8_sub,7,-0.13357406854629517,1.327094554901123,-0.10065150825386913,-0.78298259973792,0.6823310914840508,308,0,192;184;207;235;227;172;241;198,192:E;184:N;207:P;235:E;227:Y;172:S;241:W;198:L
2FVYA,PF13407,206,40,8,C8,8,-0.2752840220928192,1.327094554901123,-0.20743361584610648,-0.8897647073301573,0.6823310914840508,208,0,233;220;183;170;218;190;244;196,
2FVYA,PF13407,206,40,8,C8_sub,8,0.8366684317588806,1.327094554901123,0.6304512581028695,-0.051879833381181295,0.6823310914840508,206,1,233;220;183;170;218;190;244;196,233:G;220:V;183:E;170:V;218:L;190:R;244:F;196:N
2FVYA,PF13407,206,40,8,C8,9,-0.26782840490341187,1.327094554901123,-0.20181561586119745,-0.8841467073452483,0.6823310914840508,194,0,224;244;175;208;241;190;205;167,
2FVYA,PF13407,206,40,8,C8_sub,9,0.28319716453552246,1.327094554901123,0.21339637291829777,-0.46893471856575303,0.6823310914840508,206,1,224;244;175;208;241;190;205;167,224:R;244:W;175:P;208:I;241:M;190:H;205:F;167:E
2FVYA,PF13407,206,40,8,C8,10,-0.2620347738265991,1.327094554901123,-0.19744996530870582,-0.8797810567927566,0.6823310914840508,194,0,182;229;204;205;209;187;210;196,
2FVYA,PF13407,206,40,8,C8_sub,10,0.3748841881752014,1.327094554901123,0.282484911712363,-0.3998461797716878,0.6823310914840508,206,1,182;229;204;205;209;187;210;196,182:V;229:L;204:D;205:A;209:C;187:M;210:Q;196:N
2FVYA,PF13407,206,40,8,C8,11,-0.23854520916938782,1.327094554901123,-0.179749972063717,-0.8620810635477678,0.6823310914840508,237,0,175;229;216;224;205;207;218;196,
2FVYA,PF13407,206,40,8,C8_sub,11,0.9378466010093689,1.327094554901123,0.7066916200852353,0.02436052860118454,0.6823310914840508,206,1,175;229;216;224;205;207;218;196,175:V;229:P;216:G;224:R;205:W;207:W;218:M;196:N
2FVYA,PF13407,206,40,8,C8,12,-0.28860193490982056,1.327094554901123,-0.21746900689478244,-0.8998000983788332,0.6823310914840508,194,0,170;241;227;236;216;237;172;222,
2FVYA,PF13407,206,40,8,C8_sub,12,0.8663691878318787,1.327094554901123,0.652831544393179,-0.02949954709087177,0.6823310914840508,206,1,170;241;227;236;216;237;172;222,170:W;241:F;227:T;236:V;216:G;237:P;172:Q;222:H
2FVYA,PF13407,206,40,8,C8,13,-0.2325345277786255,1.327094554901123,-0.17522076849750226,-0.857551859981553,0.6823310914840508,182,0,209;172;191;244;237;170;210;198,
2FVYA,PF13407,206,40,8,C8_sub,13,-0.015563281252980232,1.327094554901123,-0.011727334119112406,-0.6940584256031632,0.6823310914840508,206,1,209;172;191;244;237;170;210;198,209:Y;172:S;191:F;244:L;237:P;170:A;210:S;198:A
2FVYA,PF13407,206,40,8,C8,14,-0.29269301891326904,1.327094554901123,-0.2205517442840209,-0.9028828357680717,0.6823310914840508,194,0,213;204;208;184;175;244;235;201,
2FVYA,PF13407,206,40,8,C8_sub,14,0.6515618562698364,1.327094554901123,0.4909686757914412,-0.1913624156926096,0.6823310914840508,206,1,213;204;208;184;175;244;235;201,213:A;204:D;208:F;184:N;175:V;244:W;235:E;201:Q
2FVYA,PF13407,206,40,8,C8,15,-0.2715241014957428,1.327094554901123,-0.2046004186310395,-0.8869315101150903,0.6823310914840508,200,0,176;231;236;220;204;229;211;196,
2FVYA,PF13407,206,40,8,C8_sub,15,-0.08790726214647293,1.327094554901123,-0.06624039095166251,-0.7485714824357133,0.6823310914840508,182,0,176;231;236;220;204;229;211;196,176:S;231:F;236:W;220:V;204:D;229:W;211:E;196:Y
2FVYA,PF13407,206,40,8,C8,16,-0.2374657690525055,1.327094554901123,-0.17893658607483187,-0.8612676775588827,0.6823310914840508,182,0,231;205;232;230;226;237;229;225,
2FVYA,PF13407,206,40,8,C8_sub,16,0.5216834545135498,1.327094554901123,0.39310194785059493,-0.28922914363345587,0.6823310914840508,206,1,231;205;232;230;226;237;229;225,231:L;205:L;232:V;230:I;226:R;237:M;229:W;225:Q
2FVYA,PF13407,206,40,8,C8,17,-0.28339824080467224,1.327094554901123,-0.21354788907696726,-0.8958789805610181,0.6823310914840508,194,0,231;217;240;203;220;199;243;198,
2FVYA,PF13407,206,40,8,C8_sub,17,0.5952494740486145,1.327094554901123,0.4485358423409132,-0.2337952491431376,0.6823310914840508,206,1,231;217;240;203;220;199;243;198,231:M;217:I;240:L;203:M;220:W;199:Q;243:W;198:I
2FVYA,PF13407,206,40,8,C8,18,-0.3011176586151123,1.327094554901123,-0.22689992774293877,-0.9092310192269896,0.6823310914840508,194,0,240;224;243;233;199;216;217;201,
2FVYA,PF13407,206,40,8,C8_sub,18,0.8565385937690735,1.327094554901123,0.6454239380349888,-0.036907153449062036,0.6823310914840508,206,1,240;224;243;233;199;216;217;201,240:F;224:R;243:F;233:G;199:S;216:G;217:L;201:C
2FVYA,PF13407,206,40,8,C8,19,-0.3211500346660614,1.327094554901123,-0.24199484014158215,-0.9243259316256329,0.6823310914840508,237,0,213;208;230;212;176;207;231;225,
2FVYA,PF13407,206,40,8,C8_sub,19,-0.1741531789302826,1.327094554901123,-0.13122891529251893,-0.8135600067765697,0.6823310914840508,308,0,213;208;230;212;176;207;231;225,213:P;208:I;230:W;212:I;176:S;207:W;231:M;225:S
4RY0A,PF13407,189,33,8,C0,0,0.7328819632530212,1.3238106966018677,0.553615381061869,3.827129376521299e-06,0.5536115539324925,189,1,,
4RY0A,PF13407,189,33,8,C7,0,-0.2689385414123535,1.3238106966018677,-0.20315483331770964,-0.7567663872502022,0.5536115539324925,271,0,180;216;218;186;204;208;200;188,
4RY0A,PF13407,189,33,8,C7_sub,0,-0.25054147839546204,1.3238106966018677,-0.18925778363823847,-0.7428693375707309,0.5536115539324925,213,0,180;216;218;186;204;208;200;188,180:I;216:G;218:E;186:P;204:F;208:G;200:P;188:G
4RY0A,PF13407,189,33,8,C8,0,-0.33769556879997253,1.3238106966018677,-0.25509354899972797,-0.8087051029322205,0.5536115539324925,288,0,183;203;212;165;196;180;191;178,
4RY0A,PF13407,189,33,8,C8_sub,0,-0.32069531083106995,1.3238106966018677,-0.24225163888936166,-0.7958631928218541,0.5536115539324925,212,0,183;203;212;165;196;180;191;178,183:Y;203:P;212:W;165:V;196:A;180:W;191:Q;178:Y
4RY0A,PF13407,189,33,8,C8,1,-0.2789526581764221,1.3238106966018677,-0.21071944719322383,-0.7643310011257163,0.5536115539324925,213,0,191;176;197;219;199;196;193;185,
4RY0A,PF13407,189,33,8,C8_sub,1,-0.2504902482032776,1.3238106966018677,-0.1892190846064842,-0.7428306385389767,0.5536115539324925,213,0,191;176;197;219;199;196;193;185,191:Q;176:P;197:F;219:G;199:G;196:P;193:Y;185:E
4RY0A,PF13407,189,33,8,C8,2,-0.27305707335472107,1.3238106966018677,-0.2062659518129292,-0.7598775057454217,0.5536115539324925,167,0,216;198;196;221;194;186;168;158,
4RY0A,PF13407,189,33,8,C8_sub,2,-0.2187042534351349,1.3238106966018677,-0.16520810263622576,-0.7188196565687183,0.5536115539324925,169,0,216;198;196;221;194;186;168;158,216:G;198:F;196:W;221:T;194:E;186:L;168:Y;158:R
4RY0A,PF13407,189,33,8,C8,3,-0.30082350969314575,1.3238106966018677,-0.22724057938596456,-0.780852133318457,0.5536115539324925,169,0,214;194;213;190;192;200;195;211,
4RY0A,PF13407,189,33,8,C8_sub,3,-0.32375869154930115,1.3238106966018677,-0.24456570141060785,-0.7981772553431004,0.5536115539324925,169,0,214;194;213;190;192;200;195;211,214:F;194:E;213:P;190:M;192:G;200:W;195:S;211:E
4RY0A,PF13407,189,33,8,C8,4,-0.3722790479660034,1.3238106966018677,-0.2812177367365428,-0.8348292906690353,0.5536115539324925,201,0,172;192;196;190;213;180;164;211,
4RY0A,PF13407,189,33,8,C8_sub,4,-0.1705978512763977,1.3238106966018677,-0.1288687662928777,-0.6824803202253702,0.5536115539324925,192,0,172;192;196;190;213;180;164;211,172:V;192:G;196:I;190:P;213:V;180:I;164:T;211:E
4RY0A,PF13407,189,33,8,C8,5,-0.2573602795600891,1.3238106966018677,-0.1944086720410369,-0.7480202259735294,0.5536115539324925,271,0,218;219;165;200;188;216;180;177,
4RY0A,PF13407,189,33,8,C8_sub,5,0.2892400622367859,1.3238106966018677,0.21849050092981234,-0.33512105300268014,0.5536115539324925,189,1,218;219;165;200;188;216;180;177,218:E;219:G;165:I;200:L;188:G;216:G;180:M;177:D
4RY0A,PF13407,189,33,8,C8,6,-0.3303179442882538,1.3238106966018677,-0.24952052822670007,-0.8031320821591925,0.5536115539324925,201,0,212;188;194;168;167;218;214;210,
4RY0A,PF13407,189,33,8,C8_sub,6,-0.23987950384616852,1.3238106966018677,-0.181203781221834,-0.7348153351543265,0.5536115539324925,214,0,212;188;194;168;167;218;214;210,212:P;188:G;194:E;168:N;167:M;218:E;214:F;210:H
4RY0A,PF13407,189,33,8,C8,7,-0.2656923234462738,1.3238106966018677,-0.20070265645102278,-0.7543142103835153,0.5536115539324925,213,0,180;220;186;183;199;217;214;207,
4RY0A,PF13407,189,33,8,C8_sub,7,-0.23862800002098083,1.3238106966018677,-0.180258401471995,-0.7338699554044875,0.5536115539324925,217,0,180;220;186;183;199;217;214;207,180:F;220:Y;186:A;183:S;199:G;217:I;214:I;207:I
4RY0A,PF13407,189,33,8,C8,8,-0.2878749370574951,1.3238106966018677,-0.21745929217557355,-0.7710708461080661,0.5536115539324925,271,0,218;203;201;212;165;200;219;210,
4RY0A,PF13407,189,33,8,C8_sub,8,0.19331100583076477,1.3238106966018677,0.1460261700007267,-0.4075853839317658,0.5536115539324925,189,1,218;203;201;212;165;200;219;210,218:E;203:F;201:A;212:F;165:W;200:L;219:G;210:H
4RY0A,PF13407,189,33,8,C8,9,-0.3341119587421417,1.3238106966018677,-0.252386507829091,-0.8059980617615835,0.5536115539324925,213,0,183;199;204;192;218;197;176;156,
4RY0A,PF13407,189,33,8,C8_sub,9,-0.21622923016548157,1.3238106966018677,-0.16333848239822155,-0.7169500363307141,0.5536115539324925,213,0,183;199;204;192;218;197;176;156,183:T;199:G;204:I;192:G;218:E;197:M;176:F;156:D
4RY0A,PF13407,189,33,8,C8,10,-0.31384432315826416,1.3238106966018677,-0.2370764369587595,-0.790687990891252,0.5536115539324925,288,0,188;201;192;157;176;187;167;163,
4RY0A,PF13407,189,33,8,C8_sub,10,-0.08197744190692902,1.3238106966018677,-0.06192535089598502,-0.6155369048284776,0.5536115539324925,213,0,188;201;192;157;176;187;167;163,188:G;201:V;192:G;157:P;176:L;187:R;167:V;163:T
4RY0A,PF13407,189,33,8,C8,11,-0.27985548973083496,1.3238106966018677,-0.2114014416481186,-0.7650129955806111,0.5536115539324925,213,0,164;165;204;220;157;194;176;181,
4RY0A,PF13407,189,33,8,C8_sub,11,0.19971127808094025,1.3238106966018677,0.1508609037482365,-0.40275065018425604,0.5536115539324925,189,1,164;165;204;220;157;194;176;181,164:Q;165:V;204:M;220:N;157:P;194:E;176:L;181:S
4RY0A,PF13407,189,33,8,C8,12,-0.35085248947143555,1.3238106966018677,-0.2650322212775966,-0.8186437752100891,0.5536115539324925,213,0,217;192;157;197;196;187;195;211,
4RY0A,PF13407,189,33,8,C8_sub,12,-0.25992465019226074,1.3238106966018677,-0.19634578483122225,-0.7499573387637147,0.5536115539324925,169,0,217;192;157;197;196;187;195;211,217:V;192:G;157:P;197:V;196:P;187:R;195:C;211:E
4RY0A,PF13407,189,33,8,C8,13,-0.3579883873462677,1.3238106966018677,-0.27042264295431334,-0.8240341968868059,0.5536115539324925,201,0,187;218;194;165;191;212;197;160,
4RY0A,PF13407,189,33,8,C8_sub,13,-0.3749973177909851,1.3238106966018677,-0.2832711042096712,-0.8368826581421638,0.5536115539324925,201,0,187;218;194;165;191;212;197;160,187:H;218:E;194:E;165:F;191:N;212:F;197:L;160:A
4RY0A,PF13407,189,33,8,C8,14,-0.3484823405742645,1.3238106966018677,-0.26324182261768625,-0.8168533765501788,0.5536115539324925,213,0,217;192;164;212;201;196;167;178,
4RY0A,PF13407,189,33,8,C8_sub,14,0.40354517102241516,1.3238106966018677,0.3048360102077195,-0.248775543724773,0.5536115539324925,189,1,217;192;164;212;201;196;167;178,217:P;192:G;164:C;212:F;201:V;196:I;167:A;178:Q
4RY0A,PF13407,189,33,8,C8,15,-0.31886154413223267,1.3238106966018677,-0.24086642066779534,-0.7944779746002879,0.5536115539324925,213,0,192;221;180;188;195;190;168;184,
4RY0A,PF13407,189,33,8,C8_sub,15,0.04360455647110939,1.3238106966018677,0.032938664556072354,-0.5206728893764202,0.5536115539324925,195,0,192;221;180;188;195;190;168;184,192:G;221:S;180:I;188:G;195:C;190:M;168:C;184:V
4RY0A,PF13407,189,33,8,C8,16,-0.2842768430709839,1.3238106966018677,-0.21474130991742496,-0.7683528638499175,0.5536115539324925,213,0,165;204;219;157;203;164;196;205,
4RY0A,PF13407,189,33,8,C8_sub,16,-0.12899447977542877,1.3238106966018677,-0.09744178688580539,-0.6510533408182979,0.5536115539324925,205,0,165;204;219;157;203;164;196;205,165:F;204:A;219:G;157:V;203:V;164:N;196:F;205:T
4RY0A,PF13407,189,33,8,C8,17,-0.21485479176044464,1.3238106966018677,-0.16230023847968772,-0.7159117924121803,0.5536115539324925,288,0,214;165;167;188;183;191;216;177,
4RY0A,PF13407,189,33,8,C8_sub,17,-0.2656307518482208,1.3238106966018677,-0.20065614557283526,-0.7542676995053278,0.5536115539324925,214,0,214;165;167;188;183;191;216;177,214:W;165:V;167:A;188:G;183:C;191:Y;216:G;177:D
4RY0A,PF13407,189,33,8,C8,18,-0.208034485578537,1.3238106966018677,-0.1571482131943392,-0.7107597671268318,0.5536115539324925,213,0,221;165;180;186;193;201;200;184,
4RY0A,PF13407,189,33,8,C8_sub,18,-0.22418734431266785,1.3238106966018677,-0.16935000214769497,-0.7229615560801874,0.5536115539324925,213,0,221;165;180;186;193;201;200;184,221:Q;165:W;180:F;186:F;193:S;201:W;200:W;184:I
4RY0A,PF13407,189,33,8,C8,19,-0.30348697304725647,1.3238106966018677,-0.22925254632424935,-0.7828641002567418,0.5536115539324925,201,0,216;188;220;195;190;183;193;178,
4RY0A,PF13407,189,33,8,C8_sub,19,-0.3023760914802551,1.3238106966018677,-0.22841339192713433,-0.7820249458596269,0.5536115539324925,213,0,216;188;220;195;190;183;193;178,216:G;188:G;220:Q;195:C;190:P;183:C;193:C;178:S
