protein,seq_len,anchor_positions,alpha,intervention_target,P_L5,P_L2,P_L,kl_div,l10h9_top3_mass,l10h9_anchor_mass,l10h9_top1_mass,l10h9_entropy,l10h9_entropy_norm
1A8LA,226,"[137, 25, 27]",0.0,ln_all,0.9777777777777777,0.8495575221238938,0.6902654867256637,0.0,0.9061628580093384,0.8950357437133789,0.5695821642875671,2.0255627632141113,0.2590174435839938
1A8LA,226,"[137, 25, 27]",0.5,ln_all,0.9777777777777777,0.8495575221238938,0.6858407079646017,0.002915370976552367,0.6230695247650146,0.51141357421875,0.3139338791370392,3.8395891189575195,0.4909848147224113
1A8LA,226,"[137, 25, 27]",1.0,ln_all,0.9777777777777777,0.8761061946902655,0.6858407079646017,0.010781221091747284,0.5183806419372559,0.11767128854990005,0.24728941917419434,4.650917053222656,0.5947328156523753
1A8LA,226,"[137, 25, 27]",2.0,ln_all,0.9777777777777777,0.8938053097345132,0.6858407079646017,0.017244655638933182,0.5757257342338562,0.0025994284078478813,0.2836105525493622,4.4985809326171875,0.5752529391255572
1A8LA,226,"[137, 25, 27]",4.0,ln_all,0.9777777777777777,0.8938053097345132,0.6814159292035398,0.019469553604722023,0.5766075849533081,1.7495266320111114e-06,0.28565850853919983,4.463966369628906,0.5708266257183267
1A8LA,226,"[137, 25, 27]",8.0,ln_all,0.9777777777777777,0.8938053097345132,0.6814159292035398,0.031501974910497665,0.5766082406044006,3.784426765018889e-12,0.2851009666919708,4.458498001098633,0.5701273618579271
1A8LA,226,"[137, 25, 27]",10.0,ln_all,0.9777777777777777,0.8849557522123894,0.6415929203539823,0.05011747032403946,0.5766082406044006,6.89669133434323e-15,0.2845238149166107,4.4584832191467285,0.5701254716260059
1A8LA,226,"[137, 25, 27]",12.0,ln_all,0.8888888888888888,0.8495575221238938,0.6415929203539823,0.09281402081251144,0.5766082406044006,1.360071704419492e-17,0.28398776054382324,4.458706855773926,0.5701540690057171
1A8LA,226,"[137, 25, 27]",14.0,ln_all,0.9555555555555556,0.8230088495575221,0.6238938053097345,0.19108189642429352,0.5766082406044006,2.864436957743917e-20,0.2835730016231537,4.458934783935547,0.5701832151624375
1A8LA,226,"[137, 25, 27]",16.0,ln_all,0.8666666666666667,0.7256637168141593,0.5619469026548672,0.2959946393966675,0.5766082406044006,6.369087506089128e-23,0.28330567479133606,4.459090232849121,0.5702030930852219
1A8LA,226,"[137, 25, 27]",32.0,ln_all,0.35555555555555557,0.23008849557522124,0.168141592920354,1.441220998764038,0.5766082406044006,9.949219096706201e-44,0.2832925319671631,4.458938121795654,0.5701836419890004
1A8LA,226,"[137, 25, 27]",0.0,k_only,0.9777777777777777,0.8495575221238938,0.6902654867256637,0.0,0.9061628580093384,0.8950357437133789,0.5695821642875671,2.0255627632141113,0.2590174435839938
1A8LA,226,"[137, 25, 27]",0.5,k_only,0.9777777777777777,0.8495575221238938,0.6858407079646017,7.24734491086565e-06,0.873665452003479,0.8554795980453491,0.5412994623184204,2.2742061614990234,0.29081254692880537
1A8LA,226,"[137, 25, 27]",1.0,k_only,0.9777777777777777,0.8584070796460177,0.6902654867256637,3.760108302230947e-05,0.8336580991744995,0.8043302297592163,0.5059249401092529,2.567121982574463,0.32826895585285065
1A8LA,226,"[137, 25, 27]",2.0,k_only,0.9777777777777777,0.8584070796460177,0.6902654867256637,0.00024309358559548855,0.7249237298965454,0.6652848720550537,0.41330841183662415,3.24625825881958,0.41511303953803685
1A8LA,226,"[137, 25, 27]",4.0,k_only,0.9777777777777777,0.8584070796460177,0.6902654867256637,0.001684918999671936,0.5209776163101196,0.3203592300415039,0.19351071119308472,4.38450813293457,0.5606659584143912
1A8LA,226,"[137, 25, 27]",8.0,k_only,0.9777777777777777,0.8672566371681416,0.6814159292035398,0.004440161865204573,0.560181736946106,0.028123589232563972,0.27337682247161865,4.607682704925537,0.5892042531341889
1A8LA,226,"[137, 25, 27]",10.0,k_only,0.9777777777777777,0.8672566371681416,0.6814159292035398,0.004761386662721634,0.5690308213233948,0.007819758728146553,0.2796543538570404,4.551263809204102,0.5819897256927337
1A8LA,226,"[137, 25, 27]",12.0,k_only,0.9777777777777777,0.8672566371681416,0.6814159292035398,0.004866744391620159,0.5707570314407349,0.0023879234213382006,0.28135791420936584,4.526247501373291,0.578790782554598
1A8LA,226,"[137, 25, 27]",14.0,k_only,0.9777777777777777,0.8672566371681416,0.6814159292035398,0.004903277847915888,0.5711804628372192,0.0008372444426640868,0.2818448841571808,4.516724586486816,0.5775730463707789
1A8LA,226,"[137, 25, 27]",16.0,k_only,0.9777777777777777,0.8672566371681416,0.6814159292035398,0.004917495418339968,0.5713186264038086,0.0003419262357056141,0.28199779987335205,4.513106346130371,0.5771103663766464
1A8LA,226,"[137, 25, 27]",32.0,k_only,0.9777777777777777,0.8672566371681416,0.6814159292035398,0.004929982125759125,0.5713679194450378,3.1663057598052546e-06,0.2820955514907837,4.510164260864258,0.5767341492491032
1A8LA,226,"[137, 25, 27]",0.0,q_only,0.9777777777777777,0.8495575221238938,0.6902654867256637,0.0,0.9061628580093384,0.8950357437133789,0.5695821642875671,2.0255627632141113,0.2590174435839938
1A8LA,226,"[137, 25, 27]",0.5,q_only,0.9777777777777777,0.8495575221238938,0.6902654867256637,7.577548899462272e-07,0.9065045118331909,0.8954008221626282,0.5697787404060364,2.021782398223877,0.25853403201395136
1A8LA,226,"[137, 25, 27]",1.0,q_only,0.9777777777777777,0.8495575221238938,0.6902654867256637,2.6459049422555836e-06,0.9065045118331909,0.8957222700119019,0.5699483752250671,2.018531084060669,0.25811827245412106
1A8LA,226,"[137, 25, 27]",2.0,q_only,0.9777777777777777,0.8495575221238938,0.6902654867256637,7.978074791026302e-06,0.9065045118331909,0.8962438106536865,0.5702109336853027,2.0134613513946533,0.2574699838803708
1A8LA,226,"[137, 25, 27]",4.0,q_only,0.9777777777777777,0.8495575221238938,0.6902654867256637,1.8117860236088745e-05,0.9065045118331909,0.8969107270240784,0.5704783201217651,2.007594108581543,0.2567197142457104
1A8LA,226,"[137, 25, 27]",8.0,q_only,0.9777777777777777,0.8495575221238938,0.6902654867256637,2.8989348720642738e-05,0.9072834253311157,0.8974941372871399,0.5703662633895874,2.0039548873901367,0.2562543513417542
1A8LA,226,"[137, 25, 27]",10.0,q_only,0.9777777777777777,0.8495575221238938,0.6902654867256637,3.218259371351451e-05,0.9072834253311157,0.8976391553878784,0.570121705532074,2.0036325454711914,0.2562131320908273
1A8LA,226,"[137, 25, 27]",12.0,q_only,0.9777777777777777,0.8495575221238938,0.6902654867256637,3.494208795018494e-05,0.9072834253311157,0.8977450728416443,0.5697991251945496,2.0036814212799072,0.2562193820512119
1A8LA,226,"[137, 25, 27]",14.0,q_only,0.9777777777777777,0.8495575221238938,0.6902654867256637,3.7551824789261445e-05,0.9072834253311157,0.897827684879303,0.5694239735603333,2.0039281845092773,0.2562509367292514
1A8LA,226,"[137, 25, 27]",16.0,q_only,0.9777777777777777,0.8495575221238938,0.6902654867256637,4.015041486127302e-05,0.9072834253311157,0.8978944420814514,0.5690211057662964,2.004274368286133,0.2562952047413416
1A8LA,226,"[137, 25, 27]",32.0,q_only,0.9777777777777777,0.8495575221238938,0.6902654867256637,5.9284862800268456e-05,0.9072834253311157,0.8981434106826782,0.5668826103210449,2.0059080123901367,0.25650410585624644
1A8LA,226,"[137, 25, 27]",0.0,v_only,0.9777777777777777,0.8495575221238938,0.6902654867256637,0.0,0.9061628580093384,0.8950357437133789,0.5695821642875671,2.0255627632141113,0.2590174435839938
1A8LA,226,"[137, 25, 27]",0.5,v_only,0.9777777777777777,0.8584070796460177,0.6858407079646017,2.4275679606944323e-05,0.9061628580093384,0.8950357437133789,0.5695821642875671,2.0255627632141113,0.2590174435839938
1A8LA,226,"[137, 25, 27]",1.0,v_only,0.9777777777777777,0.8495575221238938,0.6858407079646017,0.00011016272037522867,0.9061628580093384,0.8950357437133789,0.5695821642875671,2.0255627632141113,0.2590174435839938
1A8LA,226,"[137, 25, 27]",2.0,v_only,0.9777777777777777,0.8495575221238938,0.6858407079646017,0.0005834068288095295,0.9061628580093384,0.8950357437133789,0.5695821642875671,2.0255627632141113,0.2590174435839938
1A8LA,226,"[137, 25, 27]",4.0,v_only,0.9777777777777777,0.8495575221238938,0.672566371681416,0.0033368789590895176,0.9061628580093384,0.8950357437133789,0.5695821642875671,2.0255627632141113,0.2590174435839938
1A8LA,226,"[137, 25, 27]",8.0,v_only,0.9777777777777777,0.8584070796460177,0.672566371681416,0.012454796582460403,0.9061628580093384,0.8950357437133789,0.5695821642875671,2.0255627632141113,0.2590174435839938
1A8LA,226,"[137, 25, 27]",10.0,v_only,0.9777777777777777,0.8495575221238938,0.672566371681416,0.019121874123811722,0.9061628580093384,0.8950357437133789,0.5695821642875671,2.0255627632141113,0.2590174435839938
1A8LA,226,"[137, 25, 27]",12.0,v_only,0.9777777777777777,0.8584070796460177,0.6814159292035398,0.0290569756180048,0.9061628580093384,0.8950357437133789,0.5695821642875671,2.0255627632141113,0.2590174435839938
1A8LA,226,"[137, 25, 27]",14.0,v_only,0.9555555555555556,0.8672566371681416,0.6814159292035398,0.04494345933198929,0.9061628580093384,0.8950357437133789,0.5695821642875671,2.0255627632141113,0.2590174435839938
1A8LA,226,"[137, 25, 27]",16.0,v_only,0.9555555555555556,0.8672566371681416,0.6548672566371682,0.07504201680421829,0.9061628580093384,0.8950357437133789,0.5695821642875671,2.0255627632141113,0.2590174435839938
1A8LA,226,"[137, 25, 27]",32.0,v_only,0.26666666666666666,0.17699115044247787,0.1504424778761062,0.48599445819854736,0.9061628580093384,0.8950357437133789,0.5695821642875671,2.0255627632141113,0.2590174435839938
1ATGA,231,"[160, 3, 209]",0.0,ln_all,0.9565217391304348,0.8434782608695652,0.7445887445887446,0.0,0.7938668727874756,0.7935847043991089,0.5175890922546387,2.67392635345459,0.34055168337019964
1ATGA,231,"[160, 3, 209]",0.5,ln_all,0.9565217391304348,0.8434782608695652,0.7402597402597403,0.0005342495278455317,0.4653303623199463,0.35903337597846985,0.22390592098236084,4.786800384521484,0.6096476542070158
1ATGA,231,"[160, 3, 209]",1.0,ln_all,0.9565217391304348,0.8434782608695652,0.7445887445887446,0.0016200689133256674,0.3722485899925232,0.07837950438261032,0.16626429557800293,5.5264692306518555,0.7038519954600028
1ATGA,231,"[160, 3, 209]",2.0,ln_all,0.9565217391304348,0.8434782608695652,0.7532467532467533,0.0038924149703234434,0.3998960852622986,0.002099536592140794,0.1793365776538849,5.4794206619262695,0.6978598823043968
1ATGA,231,"[160, 3, 209]",4.0,ln_all,0.9565217391304348,0.8347826086956521,0.7575757575757576,0.006834553554654121,0.4011363387107849,1.9536853415047517e-06,0.17954127490520477,5.457144737243652,0.6950228170129417
1ATGA,231,"[160, 3, 209]",8.0,ln_all,0.9565217391304348,0.8521739130434782,0.7662337662337663,0.012982280924916267,0.4011375904083252,5.168308489511553e-12,0.17883722484111786,5.450782299041748,0.6942124958770592
1ATGA,231,"[160, 3, 209]",10.0,ln_all,0.9782608695652174,0.8695652173913043,0.7532467532467533,0.0685897246003151,0.4011375904083252,1.1483245147684337e-14,0.17849445343017578,5.450321197509766,0.6941537699130033
1ATGA,231,"[160, 3, 209]",12.0,ln_all,0.6739130434782609,0.4260869565217391,0.2510822510822511,0.41118988394737244,0.39961278438568115,2.880016576294048e-17,0.17821785807609558,5.45050048828125,0.694176604414022
1ATGA,231,"[160, 3, 209]",14.0,ln_all,0.43478260869565216,0.3217391304347826,0.19047619047619047,0.48930275440216064,0.39961278438568115,7.864539227295819e-20,0.17800690233707428,5.450915813446045,0.6942295002927114
1ATGA,231,"[160, 3, 209]",16.0,ln_all,0.2608695652173913,0.2,0.1471861471861472,0.5715460181236267,0.39961278438568115,2.288064171213895e-22,0.17784985899925232,5.4513702392578125,0.6942873760359847
1ATGA,231,"[160, 3, 209]",32.0,ln_all,0.2391304347826087,0.19130434782608696,0.12554112554112554,1.8223214149475098,0.39961278438568115,4.716770630917334e-42,0.17742224037647247,5.4527716636657715,0.6944658616702767
1ATGA,231,"[160, 3, 209]",0.0,k_only,0.9565217391304348,0.8434782608695652,0.7445887445887446,0.0,0.7938668727874756,0.7935847043991089,0.5175890922546387,2.67392635345459,0.34055168337019964
1ATGA,231,"[160, 3, 209]",0.5,k_only,0.9565217391304348,0.8434782608695652,0.7445887445887446,2.0249776753189508e-06,0.7414306402206421,0.7327688336372375,0.47398921847343445,3.0325372219085693,0.3862244203059314
1ATGA,231,"[160, 3, 209]",1.0,k_only,0.9565217391304348,0.8434782608695652,0.7445887445887446,9.217968909069896e-06,0.6855139136314392,0.6621126532554626,0.4247280955314636,3.4201643466949463,0.43559267223830195
1ATGA,231,"[160, 3, 209]",2.0,k_only,0.9565217391304348,0.8521739130434782,0.7402597402597403,4.4055534090148285e-05,0.5651232004165649,0.5017355680465698,0.31678223609924316,4.202184677124023,0.5351909052312455
1ATGA,231,"[160, 3, 209]",4.0,k_only,0.9565217391304348,0.8521739130434782,0.7402597402597403,0.00017832710000220686,0.3876127600669861,0.2133512943983078,0.14249517023563385,5.264435768127441,0.6704793722212502
1ATGA,231,"[160, 3, 209]",8.0,k_only,0.9565217391304348,0.8521739130434782,0.7402597402597403,0.000356290431227535,0.3907798230648041,0.020076412707567215,0.1761745810508728,5.5370774269104,0.7052030570136246
1ATGA,231,"[160, 3, 209]",10.0,k_only,0.9565217391304348,0.8434782608695652,0.7402597402597403,0.00037820840952917933,0.3962312340736389,0.00572515744715929,0.17858479917049408,5.506565570831299,0.7013170621966535
1ATGA,231,"[160, 3, 209]",12.0,k_only,0.9565217391304348,0.8434782608695652,0.7402597402597403,0.00038573192432522774,0.39822715520858765,0.0016461778432130814,0.1792590320110321,5.489544868469238,0.6991493028512795
1ATGA,231,"[160, 3, 209]",14.0,k_only,0.9565217391304348,0.8434782608695652,0.7402597402597403,0.000388275773730129,0.39845168590545654,0.00048111521755345166,0.17944879829883575,5.482333183288574,0.6982308214858379
1ATGA,231,"[160, 3, 209]",16.0,k_only,0.9565217391304348,0.8434782608695652,0.7402597402597403,0.0003891254309564829,0.3985154628753662,0.0001431519049219787,0.1795031875371933,5.479570388793945,0.6978789515419496
1ATGA,231,"[160, 3, 209]",32.0,k_only,0.9565217391304348,0.8434782608695652,0.7402597402597403,0.0003895882109645754,0.39854246377944946,1.5229874250621833e-08,0.17952577769756317,5.478001117706299,0.6976790889279805
1ATGA,231,"[160, 3, 209]",0.0,q_only,0.9565217391304348,0.8434782608695652,0.7445887445887446,0.0,0.7938668727874756,0.7935847043991089,0.5175890922546387,2.67392635345459,0.34055168337019964
1ATGA,231,"[160, 3, 209]",0.5,q_only,0.9565217391304348,0.8434782608695652,0.7445887445887446,6.651922745959382e-08,0.7938668727874756,0.7938157320022583,0.5177193880081177,2.671935558319092,0.3402981353868144
1ATGA,231,"[160, 3, 209]",1.0,q_only,0.9565217391304348,0.8434782608695652,0.7445887445887446,2.56625440897551e-07,0.7943909168243408,0.7940338253974915,0.5178383588790894,2.6700921058654785,0.3400633529907025
1ATGA,231,"[160, 3, 209]",2.0,q_only,0.9565217391304348,0.8434782608695652,0.7445887445887446,8.881797839421779e-07,0.7959425449371338,0.7944314479827881,0.5180407166481018,2.6668286323547363,0.33964771648811837
1ATGA,231,"[160, 3, 209]",4.0,q_only,0.9565217391304348,0.8434782608695652,0.7445887445887446,2.7266019060334656e-06,0.7982490062713623,0.7950840592384338,0.5182930827140808,2.661808729171753,0.33900838082462426
1ATGA,231,"[160, 3, 209]",8.0,q_only,0.9565217391304348,0.8434782608695652,0.7445887445887446,6.7613918872666545e-06,0.7982490062713623,0.7959738373756409,0.5180999040603638,2.656285285949707,0.33830491422209896
1ATGA,231,"[160, 3, 209]",10.0,q_only,0.9565217391304348,0.8434782608695652,0.7445887445887446,9.191680874209851e-06,0.7982490062713623,0.7962892055511475,0.517656683921814,2.655078411102295,0.3381512064506144
1ATGA,231,"[160, 3, 209]",12.0,q_only,0.9565217391304348,0.8434782608695652,0.7445887445887446,1.2271347259229515e-05,0.7982490062713623,0.7965410947799683,0.5170987248420715,2.654512643814087,0.3380791502392883
1ATGA,231,"[160, 3, 209]",14.0,q_only,0.9565217391304348,0.8434782608695652,0.7445887445887446,1.564705053169746e-05,0.7982490062713623,0.7967312335968018,0.5165748596191406,2.6543030738830566,0.33805245937971995
1ATGA,231,"[160, 3, 209]",16.0,q_only,0.9565217391304348,0.8434782608695652,0.7445887445887446,1.860988231783267e-05,0.7982490062713623,0.7968661189079285,0.5161783695220947,2.65423321723938,0.3380435624265305
1ATGA,231,"[160, 3, 209]",32.0,q_only,0.9565217391304348,0.8434782608695652,0.7445887445887446,2.5310278942924924e-05,0.7982490062713623,0.7971826791763306,0.5154888033866882,2.6539063453674316,0.3380019319732106
1ATGA,231,"[160, 3, 209]",0.0,v_only,0.9565217391304348,0.8434782608695652,0.7445887445887446,0.0,0.7938668727874756,0.7935847043991089,0.5175890922546387,2.67392635345459,0.34055168337019964
1ATGA,231,"[160, 3, 209]",0.5,v_only,0.9565217391304348,0.8434782608695652,0.7445887445887446,8.004420124052558e-06,0.7938668727874756,0.7935847043991089,0.5175890922546387,2.67392635345459,0.34055168337019964
1ATGA,231,"[160, 3, 209]",1.0,v_only,0.9565217391304348,0.8434782608695652,0.7445887445887446,3.215219476260245e-05,0.7938668727874756,0.7935847043991089,0.5175890922546387,2.67392635345459,0.34055168337019964
1ATGA,231,"[160, 3, 209]",2.0,v_only,0.9565217391304348,0.8434782608695652,0.7445887445887446,0.00013051058340352029,0.7938668727874756,0.7935847043991089,0.5175890922546387,2.67392635345459,0.34055168337019964
1ATGA,231,"[160, 3, 209]",4.0,v_only,0.9565217391304348,0.8521739130434782,0.7445887445887446,0.0005488354945555329,0.7938668727874756,0.7935847043991089,0.5175890922546387,2.67392635345459,0.34055168337019964
1ATGA,231,"[160, 3, 209]",8.0,v_only,0.9565217391304348,0.8434782608695652,0.7489177489177489,0.0027418527752161026,0.7938668727874756,0.7935847043991089,0.5175890922546387,2.67392635345459,0.34055168337019964
1ATGA,231,"[160, 3, 209]",10.0,v_only,0.9565217391304348,0.8434782608695652,0.7575757575757576,0.005131680518388748,0.7938668727874756,0.7935847043991089,0.5175890922546387,2.67392635345459,0.34055168337019964
1ATGA,231,"[160, 3, 209]",12.0,v_only,0.9565217391304348,0.8608695652173913,0.7662337662337663,0.009817306883633137,0.7938668727874756,0.7935847043991089,0.5175890922546387,2.67392635345459,0.34055168337019964
1ATGA,231,"[160, 3, 209]",14.0,v_only,0.9565217391304348,0.8695652173913043,0.7489177489177489,0.023167787119746208,0.7938668727874756,0.7935847043991089,0.5175890922546387,2.67392635345459,0.34055168337019964
1ATGA,231,"[160, 3, 209]",16.0,v_only,0.9347826086956522,0.8608695652173913,0.7662337662337663,0.05768534168601036,0.7938668727874756,0.7935847043991089,0.5175890922546387,2.67392635345459,0.34055168337019964
1ATGA,231,"[160, 3, 209]",32.0,v_only,0.2608695652173913,0.20869565217391303,0.1471861471861472,0.5925484299659729,0.7938668727874756,0.7935847043991089,0.5175890922546387,2.67392635345459,0.34055168337019964
1B5QA,472,"[428, 30, 261]",0.0,ln_all,0.776595744680851,0.6822033898305084,0.4978813559322034,0.0,0.9508631229400635,0.9432960748672485,0.5767358541488647,2.008329391479492,0.2260959244133735
1B5QA,472,"[428, 30, 261]",0.5,ln_all,0.7872340425531915,0.690677966101695,0.5169491525423728,0.0021320884115993977,0.7739264965057373,0.7516649961471558,0.5040770173072815,3.6805920600891113,0.41435775811722364
1B5QA,472,"[428, 30, 261]",1.0,ln_all,0.8297872340425532,0.6822033898305084,0.5233050847457628,0.00864554475992918,0.3841824531555176,0.3810155391693115,0.26969343423843384,6.394920349121094,0.7199344061878662
1B5QA,472,"[428, 30, 261]",2.0,ln_all,0.851063829787234,0.6949152542372882,0.5317796610169492,0.031198106706142426,0.1047353595495224,0.03348049148917198,0.0623173825442791,8.178834915161133,0.9207659105190238
1B5QA,472,"[428, 30, 261]",4.0,ln_all,0.8617021276595744,0.6991525423728814,0.5233050847457628,0.04047147557139397,0.1040448397397995,0.0001530870795249939,0.06663276255130768,8.198785781860352,0.9230119612258179
1B5QA,472,"[428, 30, 261]",8.0,ln_all,0.8617021276595744,0.6822033898305084,0.5127118644067796,0.04923734813928604,0.10405320674180984,2.147665512097774e-08,0.06821899861097336,8.188766479492188,0.921883997137597
1B5QA,472,"[428, 30, 261]",10.0,ln_all,0.6702127659574468,0.4872881355932203,0.3453389830508475,0.28920188546180725,0.10405320674180984,4.5666911918651465e-10,0.06853043287992477,8.187186241149902,0.9217060953201421
1B5QA,472,"[428, 30, 261]",12.0,ln_all,0.2127659574468085,0.13559322033898305,0.1016949152542373,0.4949150085449219,0.10405320674180984,1.1388780543630794e-11,0.06867624074220657,8.186488151550293,0.9216275050181644
1B5QA,472,"[428, 30, 261]",14.0,ln_all,0.14893617021276595,0.06779661016949153,0.04025423728813559,0.7157444357872009,0.10405320674180984,3.1203040368535384e-13,0.06874280422925949,8.186193466186523,0.9215943296038049
1B5QA,472,"[428, 30, 261]",16.0,ln_all,0.10638297872340426,0.0635593220338983,0.0423728813559322,0.9557005763053894,0.10405320674180984,9.126097298109599e-15,0.06877224147319794,8.186071395874023,0.9215805870373389
1B5QA,472,"[428, 30, 261]",32.0,ln_all,0.1595744680851064,0.09745762711864407,0.05508474576271186,2.343144416809082,0.10405320674180984,1.4896020413945523e-26,0.06877981126308441,8.18595027923584,0.9215669518346734
1B5QA,472,"[428, 30, 261]",0.0,k_only,0.776595744680851,0.6822033898305084,0.4978813559322034,0.0,0.9508631229400635,0.9432960748672485,0.5767358541488647,2.008329391479492,0.2260959244133735
1B5QA,472,"[428, 30, 261]",0.5,k_only,0.776595744680851,0.6822033898305084,0.4978813559322034,6.653016953350743e-06,0.9343301057815552,0.9245770573616028,0.5753346681594849,2.185227632522583,0.24601096997583138
1B5QA,472,"[428, 30, 261]",1.0,k_only,0.776595744680851,0.6864406779661016,0.4978813559322034,3.057456706301309e-05,0.9130975008010864,0.9007365107536316,0.5702246427536011,2.4048500061035156,0.27073586011950446
1B5QA,472,"[428, 30, 261]",2.0,k_only,0.776595744680851,0.6864406779661016,0.5,0.00016276718815788627,0.8551037311553955,0.8344418406486511,0.545589029788971,2.989788055419922,0.33658766189357553
1B5QA,472,"[428, 30, 261]",4.0,k_only,0.776595744680851,0.6864406779661016,0.5,0.0011345932725816965,0.6396600008010864,0.6193088293075562,0.4256828725337982,4.717860221862793,0.5311324788855205
1B5QA,472,"[428, 30, 261]",8.0,k_only,0.7978723404255319,0.673728813559322,0.5063559322033898,0.007508210372179747,0.19944357872009277,0.16247457265853882,0.11834071576595306,7.667820930480957,0.863236413741948
1B5QA,472,"[428, 30, 261]",10.0,k_only,0.8191489361702128,0.6779661016949152,0.5084745762711864,0.010660949163138866,0.13330689072608948,0.06769977509975433,0.05928482487797737,8.079275131225586,0.9095575592003585
1B5QA,472,"[428, 30, 261]",12.0,k_only,0.8191489361702128,0.673728813559322,0.5084745762711864,0.0128462053835392,0.10371820628643036,0.027443157508969307,0.062474969774484634,8.195915222167969,0.9226887961862648
1B5QA,472,"[428, 30, 261]",14.0,k_only,0.8297872340425532,0.673728813559322,0.510593220338983,0.014292941428720951,0.10272858291864395,0.011059717275202274,0.063941091299057,8.219767570495605,0.9253740722009697
1B5QA,472,"[428, 30, 261]",16.0,k_only,0.8297872340425532,0.6652542372881356,0.5127118644067796,0.015151762403547764,0.10372170060873032,0.00446787616237998,0.06457134336233139,8.219956398010254,0.9253953302334719
1B5QA,472,"[428, 30, 261]",32.0,k_only,0.8191489361702128,0.6694915254237288,0.5169491525423728,0.015980858355760574,0.10392771661281586,5.875122496945551e-06,0.06500512361526489,8.209562301635742,0.9242251721716482
1B5QA,472,"[428, 30, 261]",0.0,q_only,0.776595744680851,0.6822033898305084,0.4978813559322034,0.0,0.9508631229400635,0.9432960748672485,0.5767358541488647,2.008329391479492,0.2260959244133735
1B5QA,472,"[428, 30, 261]",0.5,q_only,0.776595744680851,0.6822033898305084,0.4978813559322034,4.0706026993575506e-08,0.9508631229400635,0.9433081150054932,0.5768179297447205,2.0080525875091553,0.22606476207027373
1B5QA,472,"[428, 30, 261]",1.0,q_only,0.776595744680851,0.6822033898305084,0.4978813559322034,1.7238950533737807e-07,0.9508631229400635,0.9433177709579468,0.5768997073173523,2.007798671722412,0.22603617645838636
1B5QA,472,"[428, 30, 261]",2.0,q_only,0.776595744680851,0.6822033898305084,0.4978813559322034,6.958691756153712e-07,0.9508631229400635,0.9433321952819824,0.5770631432533264,2.0073416233062744,0.22598472235698908
1B5QA,472,"[428, 30, 261]",4.0,q_only,0.776595744680851,0.6822033898305084,0.5,2.8579202080436517e-06,0.9508631229400635,0.9433485865592957,0.5773903131484985,2.0065484046936035,0.2258954225159099
1B5QA,472,"[428, 30, 261]",8.0,q_only,0.776595744680851,0.6822033898305084,0.5,1.3874389878765214e-05,0.9508631229400635,0.943359911441803,0.5780550241470337,2.005131959915161,0.22573596043119357
1B5QA,472,"[428, 30, 261]",10.0,q_only,0.776595744680851,0.6864406779661016,0.5,2.410476554359775e-05,0.9508631229400635,0.9433619379997253,0.5783843994140625,2.004462242126465,0.22566056420228123
1B5QA,472,"[428, 30, 261]",12.0,q_only,0.776595744680851,0.6864406779661016,0.5,3.7067653465783224e-05,0.9508631229400635,0.9433629512786865,0.5786893963813782,2.0038516521453857,0.2255918245290009
1B5QA,472,"[428, 30, 261]",14.0,q_only,0.776595744680851,0.6864406779661016,0.5,5.0982009270228446e-05,0.9508631229400635,0.943363606929779,0.5789503455162048,2.00333571434021,0.22553374071292176
1B5QA,472,"[428, 30, 261]",16.0,q_only,0.776595744680851,0.6864406779661016,0.5,6.384109292412177e-05,0.9508631229400635,0.9433639645576477,0.5791569948196411,2.0029330253601074,0.22548840634815387
1B5QA,472,"[428, 30, 261]",32.0,q_only,0.776595744680851,0.690677966101695,0.5,9.890610090224072e-05,0.9508631229400635,0.9433646202087402,0.5796454548835754,2.0020337104797363,0.22538716228426733
1B5QA,472,"[428, 30, 261]",0.0,v_only,0.776595744680851,0.6822033898305084,0.4978813559322034,0.0,0.9508631229400635,0.9432960748672485,0.5767358541488647,2.008329391479492,0.2260959244133735
1B5QA,472,"[428, 30, 261]",0.5,v_only,0.776595744680851,0.6822033898305084,0.4978813559322034,2.3056050849845633e-05,0.9508631229400635,0.9432960748672485,0.5767358541488647,2.008329391479492,0.2260959244133735
1B5QA,472,"[428, 30, 261]",1.0,v_only,0.776595744680851,0.6822033898305084,0.5021186440677966,9.357326052850112e-05,0.9508631229400635,0.9432960748672485,0.5767358541488647,2.008329391479492,0.2260959244133735
1B5QA,472,"[428, 30, 261]",2.0,v_only,0.776595744680851,0.6779661016949152,0.5042372881355932,0.0003895799454767257,0.9508631229400635,0.9432960748672485,0.5767358541488647,2.008329391479492,0.2260959244133735
1B5QA,472,"[428, 30, 261]",4.0,v_only,0.7978723404255319,0.6652542372881356,0.5063559322033898,0.0017569223418831825,0.9508631229400635,0.9432960748672485,0.5767358541488647,2.008329391479492,0.2260959244133735
1B5QA,472,"[428, 30, 261]",8.0,v_only,0.8297872340425532,0.6652542372881356,0.5042372881355932,0.009877164848148823,0.9508631229400635,0.9432960748672485,0.5767358541488647,2.008329391479492,0.2260959244133735
1B5QA,472,"[428, 30, 261]",10.0,v_only,0.851063829787234,0.6567796610169492,0.4957627118644068,0.018175765872001648,0.9508631229400635,0.9432960748672485,0.5767358541488647,2.008329391479492,0.2260959244133735
1B5QA,472,"[428, 30, 261]",12.0,v_only,0.8404255319148937,0.652542372881356,0.4957627118644068,0.035078153014183044,0.9508631229400635,0.9432960748672485,0.5767358541488647,2.008329391479492,0.2260959244133735
1B5QA,472,"[428, 30, 261]",14.0,v_only,0.8404255319148937,0.6567796610169492,0.4639830508474576,0.09576693922281265,0.9508631229400635,0.9432960748672485,0.5767358541488647,2.008329391479492,0.2260959244133735
1B5QA,472,"[428, 30, 261]",16.0,v_only,0.8297872340425532,0.6059322033898306,0.4110169491525424,0.19628043472766876,0.9508631229400635,0.9432960748672485,0.5767358541488647,2.008329391479492,0.2260959244133735
1B5QA,472,"[428, 30, 261]",32.0,v_only,0.09574468085106383,0.06779661016949153,0.059322033898305086,0.5259059071540833,0.9508631229400635,0.9432960748672485,0.5767358541488647,2.008329391479492,0.2260959244133735
1B63A,333,"[57, 291, 99]",0.0,ln_all,0.9696969696969697,0.8554216867469879,0.6066066066066066,0.0,0.8605196475982666,0.8382068276405334,0.5866835117340088,2.710040807723999,0.32341788244981773
1B63A,333,"[57, 291, 99]",0.5,ln_all,0.9696969696969697,0.8373493975903614,0.6126126126126126,0.0004898954648524523,0.5260428786277771,0.49719637632369995,0.36885085701942444,5.028871536254883,0.6001485212813658
1B63A,333,"[57, 291, 99]",1.0,ln_all,0.9696969696969697,0.8493975903614458,0.6156156156156156,0.0021196072921156883,0.2177090346813202,0.16146577894687653,0.12506410479545593,6.65585994720459,0.7943142862912549
1B63A,333,"[57, 291, 99]",2.0,ln_all,0.9545454545454546,0.8554216867469879,0.6156156156156156,0.007274017669260502,0.14411617815494537,0.007846217602491379,0.04848369583487511,7.012033939361572,0.8368203024363966
1B63A,333,"[57, 291, 99]",4.0,ln_all,0.9393939393939394,0.8554216867469879,0.6126126126126126,0.01416576188057661,0.14519615471363068,2.0950499674654566e-05,0.04906889796257019,6.98673677444458,0.83380132372356
1B63A,333,"[57, 291, 99]",8.0,ln_all,0.9242424242424242,0.7891566265060241,0.6066066066066066,0.038867343217134476,0.14519694447517395,5.079582310330011e-10,0.04950600862503052,6.977498531341553,0.8326988262949522
1B63A,333,"[57, 291, 99]",10.0,ln_all,0.8636363636363636,0.5963855421686747,0.4444444444444444,0.20804966986179352,0.14519694447517395,3.651905167156855e-12,0.04966316744685173,6.975139141082764,0.832417255257647
1B63A,333,"[57, 291, 99]",12.0,ln_all,0.7272727272727273,0.536144578313253,0.3483483483483483,0.2985970377922058,0.14519694447517395,3.047958275202191e-14,0.049772657454013824,6.973573207855225,0.8322303758545527
1B63A,333,"[57, 291, 99]",14.0,ln_all,0.6212121212121212,0.39156626506024095,0.2672672672672673,0.40147098898887634,0.14519694447517395,2.8235425074204395e-16,0.04984297603368759,6.972516059875488,0.8321042151856551
1B63A,333,"[57, 291, 99]",16.0,ln_all,0.21212121212121213,0.13855421686746988,0.10510510510510511,0.5347689390182495,0.14519694447517395,2.8062718530417816e-18,0.049884337931871414,6.9717864990234375,0.8320171489594875
1B63A,333,"[57, 291, 99]",32.0,ln_all,0.07575757575757576,0.05421686746987952,0.03303303303303303,2.1924662590026855,0.14519694447517395,6.466556972701603e-34,0.05002335086464882,6.970090389251709,0.8318147342101556
1B63A,333,"[57, 291, 99]",0.0,k_only,0.9696969696969697,0.8554216867469879,0.6066066066066066,0.0,0.8605196475982666,0.8382068276405334,0.5866835117340088,2.710040807723999,0.32341788244981773
1B63A,333,"[57, 291, 99]",0.5,k_only,0.9696969696969697,0.8554216867469879,0.6066066066066066,5.9240001064608805e-06,0.8200829029083252,0.7949985265731812,0.5624803900718689,3.0458407402038574,0.3634924461906632
1B63A,333,"[57, 291, 99]",1.0,k_only,0.9696969696969697,0.8554216867469879,0.6096096096096096,2.7257039619144052e-05,0.7700543403625488,0.7440282702445984,0.5319894552230835,3.4237537384033203,0.40859280825147676
1B63A,333,"[57, 291, 99]",2.0,k_only,0.9696969696969697,0.8493975903614458,0.6126126126126126,0.00014039532106835395,0.6480844616889954,0.6211068630218506,0.4531624913215637,4.266754627227783,0.5091970359036416
1B63A,333,"[57, 291, 99]",4.0,k_only,0.9696969696969697,0.8493975903614458,0.6186186186186187,0.0007538778590969741,0.3802381753921509,0.34492993354797363,0.26083603501319885,5.857072353363037,0.6989864995689633
1B63A,333,"[57, 291, 99]",8.0,k_only,0.9545454545454546,0.8373493975903614,0.6126126126126126,0.002363188425078988,0.14961478114128113,0.052555281668901443,0.04614493250846863,6.978606700897217,0.8328310759090786
1B63A,333,"[57, 291, 99]",10.0,k_only,0.9545454545454546,0.8373493975903614,0.6156156156156156,0.0027353002224117517,0.1428946703672409,0.01815090887248516,0.047831159085035324,7.022713661193848,0.838094826794223
1B63A,333,"[57, 291, 99]",12.0,k_only,0.9545454545454546,0.8373493975903614,0.6156156156156156,0.002914899494498968,0.14424659311771393,0.006319234147667885,0.048398278653621674,7.019827365875244,0.8377503745935745
1B63A,333,"[57, 291, 99]",14.0,k_only,0.9545454545454546,0.8373493975903614,0.6156156156156156,0.0030052009969949722,0.14464378356933594,0.0022962915245443583,0.048586245626211166,7.01285457611084,0.8369182377143276
1B63A,333,"[57, 291, 99]",16.0,k_only,0.9545454545454546,0.8373493975903614,0.6156156156156156,0.0030550239607691765,0.144759863615036,0.0009162148926407099,0.048649027943611145,7.008502960205078,0.8363989132829518
1B63A,333,"[57, 291, 99]",32.0,k_only,0.9545454545454546,0.8373493975903614,0.6156156156156156,0.00318149127997458,0.1448078602552414,0.00030904338927939534,0.048678457736968994,7.00504732131958,0.8359865152822746
1B63A,333,"[57, 291, 99]",0.0,q_only,0.9696969696969697,0.8554216867469879,0.6066066066066066,0.0,0.8605196475982666,0.8382068276405334,0.5866835117340088,2.710040807723999,0.32341788244981773
1B63A,333,"[57, 291, 99]",0.5,q_only,0.9696969696969697,0.8554216867469879,0.6096096096096096,1.8910732251242734e-06,0.8605196475982666,0.8384855389595032,0.5868642926216125,2.7069430351257324,0.3230481924247868
1B63A,333,"[57, 291, 99]",1.0,q_only,0.9696969696969697,0.8554216867469879,0.6096096096096096,7.634894245711621e-06,0.8605196475982666,0.8387600779533386,0.5870602130889893,2.7039051055908203,0.32268564410654277
1B63A,333,"[57, 291, 99]",2.0,q_only,0.9696969696969697,0.8554216867469879,0.6096096096096096,3.0155055355862714e-05,0.8605196475982666,0.8392897844314575,0.5874898433685303,2.698091506958008,0.32199184578665085
1B63A,333,"[57, 291, 99]",4.0,q_only,0.9696969696969697,0.8493975903614458,0.6096096096096096,0.00010541676601860672,0.861137866973877,0.8402230739593506,0.5884400606155396,2.6880359649658203,0.3207918114223234
1B63A,333,"[57, 291, 99]",8.0,q_only,0.9696969696969697,0.8493975903614458,0.6126126126126126,0.00026397305191494524,0.861137866973877,0.841401219367981,0.5903187394142151,2.6753993034362793,0.31928374471665943
1B63A,333,"[57, 291, 99]",10.0,q_only,0.9696969696969697,0.8493975903614458,0.6126126126126126,0.0003236879128962755,0.861369252204895,0.8417036533355713,0.591123640537262,2.6718928813934326,0.31886528622376864
1B63A,333,"[57, 291, 99]",12.0,q_only,0.9696969696969697,0.8493975903614458,0.6126126126126126,0.00036931619979441166,0.861369252204895,0.841890811920166,0.5917816162109375,2.669525146484375,0.31858271933093535
1B63A,333,"[57, 291, 99]",14.0,q_only,0.9696969696969697,0.8493975903614458,0.6126126126126126,0.00040116114541888237,0.861369252204895,0.8420050740242004,0.5922713875770569,2.6679670810699463,0.31839677887733897
1B63A,333,"[57, 291, 99]",16.0,q_only,0.9696969696969697,0.8493975903614458,0.6126126126126126,0.0004206164157949388,0.861369252204895,0.8420746326446533,0.5925999283790588,2.6670007705688477,0.31828145880718967
1B63A,333,"[57, 291, 99]",32.0,q_only,0.9696969696969697,0.8433734939759037,0.6066066066066066,0.000401831028284505,0.861369252204895,0.842181384563446,0.5924187898635864,2.6679279804229736,0.31839211258286465
1B63A,333,"[57, 291, 99]",0.0,v_only,0.9696969696969697,0.8554216867469879,0.6066066066066066,0.0,0.8605196475982666,0.8382068276405334,0.5866835117340088,2.710040807723999,0.32341788244981773
1B63A,333,"[57, 291, 99]",0.5,v_only,0.9696969696969697,0.8554216867469879,0.6066066066066066,1.0283775736752432e-05,0.8605196475982666,0.8382068276405334,0.5866835117340088,2.710040807723999,0.32341788244981773
1B63A,333,"[57, 291, 99]",1.0,v_only,0.9696969696969697,0.8493975903614458,0.6066066066066066,4.1460665670456365e-05,0.8605196475982666,0.8382068276405334,0.5866835117340088,2.710040807723999,0.32341788244981773
1B63A,333,"[57, 291, 99]",2.0,v_only,0.9696969696969697,0.8493975903614458,0.6096096096096096,0.00016942794900387526,0.8605196475982666,0.8382068276405334,0.5866835117340088,2.710040807723999,0.32341788244981773
1B63A,333,"[57, 291, 99]",4.0,v_only,0.9696969696969697,0.8493975903614458,0.6096096096096096,0.0007213083445094526,0.8605196475982666,0.8382068276405334,0.5866835117340088,2.710040807723999,0.32341788244981773
1B63A,333,"[57, 291, 99]",8.0,v_only,0.9696969696969697,0.8313253012048193,0.6006006006006006,0.00385880540125072,0.8605196475982666,0.8382068276405334,0.5866835117340088,2.710040807723999,0.32341788244981773
1B63A,333,"[57, 291, 99]",10.0,v_only,0.9696969696969697,0.8313253012048193,0.5975975975975976,0.010611150413751602,0.8605196475982666,0.8382068276405334,0.5866835117340088,2.710040807723999,0.32341788244981773
1B63A,333,"[57, 291, 99]",12.0,v_only,0.9696969696969697,0.8253012048192772,0.5825825825825826,0.01809217408299446,0.8605196475982666,0.8382068276405334,0.5866835117340088,2.710040807723999,0.32341788244981773
1B63A,333,"[57, 291, 99]",14.0,v_only,0.9696969696969697,0.8072289156626506,0.5945945945945946,0.02711765095591545,0.8605196475982666,0.8382068276405334,0.5866835117340088,2.710040807723999,0.32341788244981773
1B63A,333,"[57, 291, 99]",16.0,v_only,0.9696969696969697,0.8012048192771084,0.5825825825825826,0.04157515615224838,0.8605196475982666,0.8382068276405334,0.5866835117340088,2.710040807723999,0.32341788244981773
1B63A,333,"[57, 291, 99]",32.0,v_only,0.16666666666666666,0.10843373493975904,0.08708708708708708,0.4948759377002716,0.8605196475982666,0.8382068276405334,0.5866835117340088,2.710040807723999,0.32341788244981773
1BRTA,277,"[26, 220, 52]",0.0,ln_all,0.9272727272727272,0.8840579710144928,0.7978339350180506,0.0,0.9583495259284973,0.8929450511932373,0.6344782114028931,2.0429739952087402,0.2517918308714907
1BRTA,277,"[26, 220, 52]",0.5,ln_all,0.9272727272727272,0.8840579710144928,0.7978339350180506,0.001148207695223391,0.8081034421920776,0.690324604511261,0.5168563723564148,3.5578575134277344,0.43849772899058687
1BRTA,277,"[26, 220, 52]",1.0,ln_all,0.9272727272727272,0.8913043478260869,0.7906137184115524,0.005249731242656708,0.47855156660079956,0.3408854603767395,0.27269020676612854,5.630111217498779,0.6938982164182129
1BRTA,277,"[26, 220, 52]",2.0,ln_all,0.9454545454545454,0.8695652173913043,0.779783393501805,0.016340183094143867,0.2694653868675232,0.024062298238277435,0.14265216886997223,6.789765357971191,0.8368229134001828
1BRTA,277,"[26, 220, 52]",4.0,ln_all,0.9454545454545454,0.8913043478260869,0.7870036101083032,0.033705856651067734,0.2726537883281708,0.00024788020527921617,0.14671947062015533,6.772692680358887,0.8347187452786293
1BRTA,277,"[26, 220, 52]",8.0,ln_all,0.9454545454545454,0.8913043478260869,0.779783393501805,0.055099356919527054,0.27393707633018494,8.464518685968869e-08,0.14698153734207153,6.7672624588012695,0.8340494830015582
1BRTA,277,"[26, 220, 52]",10.0,ln_all,0.9272727272727272,0.8478260869565217,0.7509025270758123,0.11874430626630783,0.27393707633018494,1.6282040160575662e-09,0.14681200683116913,6.76759147644043,0.8340900336663966
1BRTA,277,"[26, 220, 52]",12.0,ln_all,0.9272727272727272,0.855072463768116,0.7256317689530686,0.1991157978773117,0.27393707633018494,3.137489226756607e-11,0.1465539038181305,6.768589019775391,0.8342129785806601
1BRTA,277,"[26, 220, 52]",14.0,ln_all,0.8545454545454545,0.717391304347826,0.5523465703971119,0.3298654556274414,0.27265501022338867,6.04756479269386e-13,0.14627937972545624,6.769795894622803,0.8343617231208135
1BRTA,277,"[26, 220, 52]",16.0,ln_all,0.38181818181818183,0.26811594202898553,0.19494584837545126,0.4835642874240875,0.27265501022338867,1.1657536576142012e-14,0.1460348665714264,6.770932674407959,0.8345018286062839
1BRTA,277,"[26, 220, 52]",32.0,ln_all,0.18181818181818182,0.16666666666666666,0.13357400722021662,1.688075065612793,0.27265501022338867,2.222829619425271e-28,0.14522333443164825,6.774971961975098,0.8349996614785239
1BRTA,277,"[26, 220, 52]",0.0,k_only,0.9272727272727272,0.8840579710144928,0.7978339350180506,0.0,0.9583495259284973,0.8929450511932373,0.6344782114028931,2.0429739952087402,0.2517918308714907
1BRTA,277,"[26, 220, 52]",0.5,k_only,0.9272727272727272,0.8840579710144928,0.7978339350180506,4.431568413565401e-06,0.9455646872520447,0.8689680099487305,0.6225123405456543,2.2378947734832764,0.2758153670260107
1BRTA,277,"[26, 220, 52]",1.0,k_only,0.9272727272727272,0.8840579710144928,0.7978339350180506,2.0532690541585907e-05,0.9288357496261597,0.8410152196884155,0.6076356768608093,2.4589734077453613,0.3030627985733376
1BRTA,277,"[26, 220, 52]",2.0,k_only,0.9272727272727272,0.8840579710144928,0.8014440433212996,0.00011551741772564128,0.877810001373291,0.7710164189338684,0.5673320293426514,2.987273693084717,0.3681745897207016
1BRTA,277,"[26, 220, 52]",4.0,k_only,0.9272727272727272,0.8840579710144928,0.8014440433212996,0.0009340675314888358,0.6968328952789307,0.5649768710136414,0.43359678983688354,4.3727216720581055,0.5389278562923953
1BRTA,277,"[26, 220, 52]",8.0,k_only,0.9454545454545454,0.8913043478260869,0.7942238267148014,0.004880639258772135,0.32379966974258423,0.13523933291435242,0.12476957589387894,6.518278121948242,0.8033627380006058
1BRTA,277,"[26, 220, 52]",10.0,k_only,0.9454545454545454,0.8913043478260869,0.7870036101083032,0.006015503779053688,0.2786223292350769,0.050820883363485336,0.13791683316230774,6.7554731369018555,0.8325964762805973
1BRTA,277,"[26, 220, 52]",12.0,k_only,0.9454545454545454,0.8913043478260869,0.7870036101083032,0.006594030652195215,0.26868754625320435,0.01878024823963642,0.14284205436706543,6.799059867858887,0.8379684402973261
1BRTA,277,"[26, 220, 52]",14.0,k_only,0.9454545454545454,0.8913043478260869,0.7906137184115524,0.006838389206677675,0.2715083360671997,0.007407347206026316,0.14455245435237885,6.798784255981445,0.8379344717693891
1BRTA,277,"[26, 220, 52]",16.0,k_only,0.9454545454545454,0.8913043478260869,0.7906137184115524,0.0069243572652339935,0.27254432439804077,0.0032389250118285418,0.14515596628189087,6.793591499328613,0.837294476493897
1BRTA,277,"[26, 220, 52]",32.0,k_only,0.9454545454545454,0.8985507246376812,0.7942238267148014,0.007008714601397514,0.27265501022338867,1.128541407524608e-05,0.14557845890522003,6.783421993255615,0.8360411083359155
1BRTA,277,"[26, 220, 52]",0.0,q_only,0.9272727272727272,0.8840579710144928,0.7978339350180506,0.0,0.9583495259284973,0.8929450511932373,0.6344782114028931,2.0429739952087402,0.2517918308714907
1BRTA,277,"[26, 220, 52]",0.5,q_only,0.9272727272727272,0.8840579710144928,0.7978339350180506,3.847148377644771e-09,0.9583495259284973,0.8929735422134399,0.6344385147094727,2.0427958965301514,0.2517698806203065
1BRTA,277,"[26, 220, 52]",1.0,q_only,0.9272727272727272,0.8840579710144928,0.7978339350180506,7.23000859181866e-09,0.9583495259284973,0.892997682094574,0.6343954205513,2.04266095161438,0.25175324897081486
1BRTA,277,"[26, 220, 52]",2.0,q_only,0.9272727272727272,0.8840579710144928,0.7978339350180506,3.884637678197578e-08,0.9583495259284973,0.8930349946022034,0.6343008279800415,2.042492628097534,0.2517325034857599
1BRTA,277,"[26, 220, 52]",4.0,q_only,0.9272727272727272,0.8840579710144928,0.7942238267148014,1.1156888035657175e-07,0.9583495259284973,0.8930807113647461,0.6340909600257874,2.042424201965332,0.2517240701228551
1BRTA,277,"[26, 220, 52]",8.0,q_only,0.9272727272727272,0.8840579710144928,0.7942238267148014,3.1621354423805315e-07,0.9583495259284973,0.8931170105934143,0.6336460113525391,2.0427637100219727,0.2517659137074419
1BRTA,277,"[26, 220, 52]",10.0,q_only,0.9272727272727272,0.8840579710144928,0.7942238267148014,4.5179734797784477e-07,0.9583495259284973,0.8931236863136292,0.6334284543991089,2.043013095855713,0.25179664993600775
1BRTA,277,"[26, 220, 52]",12.0,q_only,0.9272727272727272,0.8840579710144928,0.7942238267148014,6.014133759890683e-07,0.9583495259284973,0.89312744140625,0.6332206130027771,2.04327130317688,0.25182847339254394
1BRTA,277,"[26, 220, 52]",14.0,q_only,0.9272727272727272,0.8840579710144928,0.7942238267148014,7.674028097426344e-07,0.9583495259284973,0.8931295275688171,0.6330248713493347,2.0435242652893066,0.2518596503892059
1BRTA,277,"[26, 220, 52]",16.0,q_only,0.9272727272727272,0.8840579710144928,0.7942238267148014,9.257800002160366e-07,0.9583495259284973,0.8931306600570679,0.6328426003456116,2.043764114379883,0.25188921123618224
1BRTA,277,"[26, 220, 52]",32.0,q_only,0.9272727272727272,0.8840579710144928,0.7942238267148014,2.2077606445236597e-06,0.9583495259284973,0.8931323289871216,0.6318645477294922,2.0450801849365234,0.2520514138955356
1BRTA,277,"[26, 220, 52]",0.0,v_only,0.9272727272727272,0.8840579710144928,0.7978339350180506,0.0,0.9583495259284973,0.8929450511932373,0.6344782114028931,2.0429739952087402,0.2517918308714907
1BRTA,277,"[26, 220, 52]",0.5,v_only,0.9272727272727272,0.8840579710144928,0.7978339350180506,2.6547115339781158e-05,0.9583495259284973,0.8929450511932373,0.6344782114028931,2.0429739952087402,0.2517918308714907
1BRTA,277,"[26, 220, 52]",1.0,v_only,0.9272727272727272,0.8840579710144928,0.7978339350180506,0.0001113924736273475,0.9583495259284973,0.8929450511932373,0.6344782114028931,2.0429739952087402,0.2517918308714907
1BRTA,277,"[26, 220, 52]",2.0,v_only,0.9272727272727272,0.8840579710144928,0.7978339350180506,0.0004892244469374418,0.9583495259284973,0.8929450511932373,0.6344782114028931,2.0429739952087402,0.2517918308714907
1BRTA,277,"[26, 220, 52]",4.0,v_only,0.9272727272727272,0.8840579710144928,0.7942238267148014,0.0023207110352814198,0.9583495259284973,0.8929450511932373,0.6344782114028931,2.0429739952087402,0.2517918308714907
1BRTA,277,"[26, 220, 52]",8.0,v_only,0.9272727272727272,0.8768115942028986,0.7942238267148014,0.012032006867229939,0.9583495259284973,0.8929450511932373,0.6344782114028931,2.0429739952087402,0.2517918308714907
1BRTA,277,"[26, 220, 52]",10.0,v_only,0.9272727272727272,0.8695652173913043,0.779783393501805,0.023104257881641388,0.9583495259284973,0.8929450511932373,0.6344782114028931,2.0429739952087402,0.2517918308714907
1BRTA,277,"[26, 220, 52]",12.0,v_only,0.9454545454545454,0.8695652173913043,0.7725631768953068,0.050814203917980194,0.9583495259284973,0.8929450511932373,0.6344782114028931,2.0429739952087402,0.2517918308714907
1BRTA,277,"[26, 220, 52]",14.0,v_only,0.9636363636363636,0.8695652173913043,0.7653429602888087,0.09475009888410568,0.9583495259284973,0.8929450511932373,0.6344782114028931,2.0429739952087402,0.2517918308714907
1BRTA,277,"[26, 220, 52]",16.0,v_only,0.9636363636363636,0.8840579710144928,0.7472924187725631,0.14316077530384064,0.9583495259284973,0.8929450511932373,0.6344782114028931,2.0429739952087402,0.2517918308714907
1BRTA,277,"[26, 220, 52]",32.0,v_only,0.38181818181818183,0.2608695652173913,0.20216606498194944,0.4735310673713684,0.9583495259284973,0.8929450511932373,0.6344782114028931,2.0429739952087402,0.2517918308714907
1BS0A,384,"[201, 125, 361]",0.0,ln_all,0.9868421052631579,0.84375,0.6744791666666666,0.0,0.9027053117752075,0.8718845844268799,0.5655729174613953,2.178288459777832,0.2537330197534178
1BS0A,384,"[201, 125, 361]",0.5,ln_all,0.9868421052631579,0.8385416666666666,0.6692708333333334,0.00044039226486347616,0.7178627848625183,0.5334659218788147,0.34571409225463867,3.555809497833252,0.41419045191339576
1BS0A,384,"[201, 125, 361]",1.0,ln_all,0.9868421052631579,0.8385416666666666,0.671875,0.0017383246449753642,0.6735810041427612,0.16458216309547424,0.48177364468574524,4.239675045013428,0.49384898823463536
1BS0A,384,"[201, 125, 361]",2.0,ln_all,0.9868421052631579,0.8333333333333334,0.6770833333333334,0.005353579763323069,0.6950259208679199,0.006546529475599527,0.5719865560531616,4.089056015014648,0.47630447013264865
1BS0A,384,"[201, 125, 361]",4.0,ln_all,1.0,0.8333333333333334,0.6640625,0.009861337020993233,0.699445366859436,1.5516332496190444e-05,0.5769173502922058,4.039489269256592,0.470530799513366
1BS0A,384,"[201, 125, 361]",8.0,ln_all,1.0,0.84375,0.6640625,0.014369738288223743,0.6994516849517822,5.829271509938394e-10,0.5776331424713135,4.035124778747559,0.470022411677232
1BS0A,384,"[201, 125, 361]",10.0,ln_all,0.9868421052631579,0.84375,0.6796875,0.04401091858744621,0.6994516849517822,5.2486634830040124e-12,0.5777340531349182,4.034724235534668,0.46997575530420105
1BS0A,384,"[201, 125, 361]",12.0,ln_all,0.8947368421052632,0.8177083333333334,0.65625,0.21034306287765503,0.6994516849517822,5.356058681966168e-14,0.5777878165245056,4.034531116485596,0.46995326026720396
1BS0A,384,"[201, 125, 361]",14.0,ln_all,0.6710526315789473,0.5520833333333334,0.4114583333333333,0.4771973788738251,0.6994516849517822,5.958397680923212e-16,0.577817440032959,4.034429550170898,0.46994142954404255
1BS0A,384,"[201, 125, 361]",16.0,ln_all,0.42105263157894735,0.3020833333333333,0.20833333333333334,0.7339272499084473,0.6994516849517822,7.069312162366014e-18,0.577833354473114,4.034376621246338,0.4699352642376063
1BS0A,384,"[201, 125, 361]",32.0,ln_all,0.2894736842105263,0.15625,0.109375,2.3834328651428223,0.6994516849517822,1.0546589682191289e-32,0.5778193473815918,4.034420490264893,0.46994037422131923
1BS0A,384,"[201, 125, 361]",0.0,k_only,0.9868421052631579,0.84375,0.6744791666666666,0.0,0.9027053117752075,0.8718845844268799,0.5655729174613953,2.178288459777832,0.2537330197534178
1BS0A,384,"[201, 125, 361]",0.5,k_only,0.9868421052631579,0.84375,0.6744791666666666,3.097129820162081e-06,0.8738749027252197,0.8330310583114624,0.5409949421882629,2.3821918964385986,0.2774842518227062
1BS0A,384,"[201, 125, 361]",1.0,k_only,0.9868421052631579,0.84375,0.6744791666666666,1.4660764463769738e-05,0.8353861570358276,0.7854354977607727,0.5103856921195984,2.6119327545166016,0.30424509766899893
1BS0A,384,"[201, 125, 361]",2.0,k_only,0.9868421052631579,0.8489583333333334,0.6744791666666666,7.991228630999103e-05,0.7618426084518433,0.6638864278793335,0.4312020540237427,3.1188952922821045,0.363297485809648
1BS0A,384,"[201, 125, 361]",4.0,k_only,0.9868421052631579,0.8489583333333334,0.6744791666666666,0.00046455825213342905,0.6806966662406921,0.36726048588752747,0.36539706587791443,3.976767063140869,0.46322474475652187
1BS0A,384,"[201, 125, 361]",8.0,k_only,0.9868421052631579,0.8489583333333334,0.6744791666666666,0.001439451240003109,0.6868516206741333,0.049827754497528076,0.5458977222442627,4.214807510375977,0.4909523495323274
1BS0A,384,"[201, 125, 361]",10.0,k_only,0.9868421052631579,0.8489583333333334,0.6744791666666666,0.0016330056823790073,0.68960040807724,0.016079382970929146,0.5647364854812622,4.144268989562988,0.48273582898176437
1BS0A,384,"[201, 125, 361]",12.0,k_only,0.9868421052631579,0.8489583333333334,0.6744791666666666,0.0017130463384091854,0.6943734884262085,0.005222009960561991,0.5707071423530579,4.103645324707031,0.47800387297700087
1BS0A,384,"[201, 125, 361]",14.0,k_only,0.9868421052631579,0.84375,0.6744791666666666,0.0017446927959099412,0.6959737539291382,0.0017342503415420651,0.5725959539413452,4.084972381591797,0.4758287973009375
1BS0A,384,"[201, 125, 361]",16.0,k_only,0.9868421052631579,0.84375,0.6744791666666666,0.0017566969618201256,0.6966874003410339,0.0005921814008615911,0.5732071995735168,4.077052116394043,0.47490622306755115
1BS0A,384,"[201, 125, 361]",32.0,k_only,0.9868421052631579,0.84375,0.6744791666666666,0.0017637540586292744,0.6970812082290649,2.6880135806095495e-07,0.5735215544700623,4.0715460777282715,0.4742648645682788
1BS0A,384,"[201, 125, 361]",0.0,q_only,0.9868421052631579,0.84375,0.6744791666666666,0.0,0.9027053117752075,0.8718845844268799,0.5655729174613953,2.178288459777832,0.2537330197534178
1BS0A,384,"[201, 125, 361]",0.5,q_only,0.9868421052631579,0.84375,0.6744791666666666,1.7289379172780173e-07,0.9027053117752075,0.8719615340232849,0.5656382441520691,2.1773996353149414,0.25362948703993
1BS0A,384,"[201, 125, 361]",1.0,q_only,0.9868421052631579,0.84375,0.6744791666666666,5.680126378138084e-07,0.9027767777442932,0.8720258474349976,0.5656968355178833,2.17665433883667,0.2535426728601116
1BS0A,384,"[201, 125, 361]",2.0,q_only,0.9868421052631579,0.84375,0.6744791666666666,1.593160391166748e-06,0.9027767777442932,0.8721239566802979,0.5658002495765686,2.175501823425293,0.25340842470104513
1BS0A,384,"[201, 125, 361]",4.0,q_only,0.9868421052631579,0.84375,0.671875,3.752948032342829e-06,0.9027767777442932,0.8722409009933472,0.5659884214401245,2.17403507232666,0.25323757350646975
1BS0A,384,"[201, 125, 361]",8.0,q_only,0.9868421052631579,0.84375,0.671875,1.2296580280235503e-05,0.9027767777442932,0.8723413944244385,0.5663901567459106,2.1723644733428955,0.2530429775506197
1BS0A,384,"[201, 125, 361]",10.0,q_only,0.9868421052631579,0.84375,0.6744791666666666,2.0350258637336083e-05,0.9027767777442932,0.8723704218864441,0.5665461421012878,2.171825885772705,0.2529802413918834
1BS0A,384,"[201, 125, 361]",12.0,q_only,0.9868421052631579,0.84375,0.6744791666666666,2.9637156330863945e-05,0.9027767777442932,0.8723952770233154,0.5666006207466125,2.1715307235717773,0.2529458600884237
1BS0A,384,"[201, 125, 361]",14.0,q_only,0.9868421052631579,0.84375,0.6744791666666666,3.849073618766852e-05,0.9027767777442932,0.8724182844161987,0.5665335059165955,2.171497344970703,0.25294197205733776
1BS0A,384,"[201, 125, 361]",16.0,q_only,0.9868421052631579,0.84375,0.6744791666666666,4.6162065700627863e-05,0.9027767777442932,0.8724403977394104,0.566362202167511,2.1716809272766113,0.2529633562283103
1BS0A,384,"[201, 125, 361]",32.0,q_only,0.9868421052631579,0.84375,0.6744791666666666,9.199140913551673e-05,0.9027767777442932,0.8725698590278625,0.5643095374107361,2.1748063564300537,0.253327414796205
1BS0A,384,"[201, 125, 361]",0.0,v_only,0.9868421052631579,0.84375,0.6744791666666666,0.0,0.9027053117752075,0.8718845844268799,0.5655729174613953,2.178288459777832,0.2537330197534178
1BS0A,384,"[201, 125, 361]",0.5,v_only,0.9868421052631579,0.84375,0.6744791666666666,1.03543470686418e-05,0.9027053117752075,0.8718845844268799,0.5655729174613953,2.178288459777832,0.2537330197534178
1BS0A,384,"[201, 125, 361]",1.0,v_only,0.9868421052631579,0.84375,0.6744791666666666,4.15373760915827e-05,0.9027053117752075,0.8718845844268799,0.5655729174613953,2.178288459777832,0.2537330197534178
1BS0A,384,"[201, 125, 361]",2.0,v_only,0.9868421052631579,0.8541666666666666,0.6744791666666666,0.00016759592108428478,0.9027053117752075,0.8718845844268799,0.5655729174613953,2.178288459777832,0.2537330197534178
1BS0A,384,"[201, 125, 361]",4.0,v_only,0.9868421052631579,0.8489583333333334,0.6692708333333334,0.000689492269884795,0.9027053117752075,0.8718845844268799,0.5655729174613953,2.178288459777832,0.2537330197534178
1BS0A,384,"[201, 125, 361]",8.0,v_only,0.9736842105263158,0.859375,0.6692708333333334,0.003222648985683918,0.9027053117752075,0.8718845844268799,0.5655729174613953,2.178288459777832,0.2537330197534178
1BS0A,384,"[201, 125, 361]",10.0,v_only,0.9736842105263158,0.8697916666666666,0.6744791666666666,0.00611080601811409,0.9027053117752075,0.8718845844268799,0.5655729174613953,2.178288459777832,0.2537330197534178
1BS0A,384,"[201, 125, 361]",12.0,v_only,0.9736842105263158,0.8489583333333334,0.671875,0.01253084558993578,0.9027053117752075,0.8718845844268799,0.5655729174613953,2.178288459777832,0.2537330197534178
1BS0A,384,"[201, 125, 361]",14.0,v_only,0.9736842105263158,0.8697916666666666,0.6692708333333334,0.025829093530774117,0.9027053117752075,0.8718845844268799,0.5655729174613953,2.178288459777832,0.2537330197534178
1BS0A,384,"[201, 125, 361]",16.0,v_only,0.9868421052631579,0.8333333333333334,0.6666666666666666,0.04989827796816826,0.9027053117752075,0.8718845844268799,0.5655729174613953,2.178288459777832,0.2537330197534178
1BS0A,384,"[201, 125, 361]",32.0,v_only,0.3157894736842105,0.21354166666666666,0.14322916666666666,0.4966627061367035,0.9027053117752075,0.8718845844268799,0.5655729174613953,2.178288459777832,0.2537330197534178
1BYIA,224,"[112, 15, 16]",0.0,ln_all,0.9772727272727273,0.8928571428571429,0.7767857142857143,0.0,0.8201952576637268,0.8097290992736816,0.6485766768455505,2.392503023147583,0.3064422005957744
1BYIA,224,"[112, 15, 16]",0.5,ln_all,0.9772727272727273,0.9017857142857143,0.7589285714285714,0.0015023795422166586,0.5097741484642029,0.3615141212940216,0.28478923439979553,4.581550598144531,0.5868249418507386
1BYIA,224,"[112, 15, 16]",1.0,ln_all,0.9772727272727273,0.9017857142857143,0.7589285714285714,0.004614891950041056,0.4095917046070099,0.07097259163856506,0.19449102878570557,5.2571892738342285,0.6733636841565175
1BYIA,224,"[112, 15, 16]",2.0,ln_all,0.9772727272727273,0.9017857142857143,0.7633928571428571,0.0072469329461455345,0.43768131732940674,0.0013253483921289444,0.20940585434436798,5.1854400634765625,0.6641737330048211
1BYIA,224,"[112, 15, 16]",4.0,ln_all,0.9772727272727273,0.9196428571428571,0.7678571428571429,0.009848295710980892,0.439358115196228,5.351827780941676e-07,0.20925197005271912,5.1651458740234375,0.6615743648890218
1BYIA,224,"[112, 15, 16]",8.0,ln_all,0.9772727272727273,0.9285714285714286,0.7678571428571429,0.01610761508345604,0.4393583834171295,3.813516614038087e-13,0.2079542577266693,5.155866622924805,0.6603858380202846
1BYIA,224,"[112, 15, 16]",10.0,ln_all,1.0,0.9375,0.7321428571428571,0.03411521762609482,0.4393583834171295,4.634142665416695e-16,0.20755361020565033,5.154221534729004,0.6601751279639052
1BYIA,224,"[112, 15, 16]",12.0,ln_all,0.9772727272727273,0.8303571428571429,0.6651785714285714,0.14330442249774933,0.4393583834171295,6.135494320374794e-19,0.2073059231042862,5.1533522605896,0.6600637875486067
1BYIA,224,"[112, 15, 16]",14.0,ln_all,0.7045454545454546,0.5714285714285714,0.42857142857142855,0.40546363592147827,0.4393583834171295,8.60397185000056e-22,0.20715868473052979,5.152884483337402,0.6600038726021407
1BYIA,224,"[112, 15, 16]",16.0,ln_all,0.6590909090909091,0.41964285714285715,0.30357142857142855,0.5184735059738159,0.4393583834171295,1.260141792787696e-24,0.20707301795482635,5.152627944946289,0.6599710140484212
1BYIA,224,"[112, 15, 16]",32.0,ln_all,0.09090909090909091,0.08035714285714286,0.07142857142857142,1.6580581665039062,0.4393583834171295,0.0,0.2069593369960785,5.15229606628418,0.6599285055848734
1BYIA,224,"[112, 15, 16]",0.0,k_only,0.9772727272727273,0.8928571428571429,0.7767857142857143,0.0,0.8201952576637268,0.8097290992736816,0.6485766768455505,2.392503023147583,0.3064422005957744
1BYIA,224,"[112, 15, 16]",0.5,k_only,0.9772727272727273,0.8928571428571429,0.7767857142857143,7.086250207066769e-06,0.7678829431533813,0.7496976852416992,0.5985673666000366,2.764246940612793,0.35405677956347914
1BYIA,224,"[112, 15, 16]",1.0,k_only,0.9772727272727273,0.9017857142857143,0.7723214285714286,3.462969834799878e-05,0.7117613554000854,0.6784230470657349,0.5400074124336243,3.168755531311035,0.405868000487407
1BYIA,224,"[112, 15, 16]",2.0,k_only,0.9772727272727273,0.9107142857142857,0.7723214285714286,0.0001947292039403692,0.5964782238006592,0.5122882723808289,0.4055578112602234,3.9840917587280273,0.5102998132532743
1BYIA,224,"[112, 15, 16]",4.0,k_only,0.9772727272727273,0.9107142857142857,0.7589285714285714,0.0010390321258455515,0.43320581316947937,0.2090137004852295,0.16556142270565033,5.039821624755859,0.6455222895679028
1BYIA,224,"[112, 15, 16]",8.0,k_only,0.9772727272727273,0.9196428571428571,0.7589285714285714,0.002203933196142316,0.4305555820465088,0.016768939793109894,0.20578131079673767,5.24617862701416,0.6719533925878634
1BYIA,224,"[112, 15, 16]",10.0,k_only,0.9772727272727273,0.9196428571428571,0.7589285714285714,0.002308149356395006,0.4358713626861572,0.004258344881236553,0.2085319310426712,5.2145304679870605,0.6678997586307742
1BYIA,224,"[112, 15, 16]",12.0,k_only,0.9772727272727273,0.9196428571428571,0.7589285714285714,0.0023340967018157244,0.43786484003067017,0.00110392807982862,0.20923233032226562,5.199965476989746,0.6660342111895832
1BYIA,224,"[112, 15, 16]",14.0,k_only,0.9772727272727273,0.9196428571428571,0.7589285714285714,0.0023388525005429983,0.4382535517215729,0.00031100050546228886,0.2094060629606247,5.194711208343506,0.665361221592121
1BYIA,224,"[112, 15, 16]",16.0,k_only,0.9772727272727273,0.9196428571428571,0.7589285714285714,0.0023387151304632425,0.4383506178855896,0.00010253570508211851,0.20944984257221222,5.192956924438477,0.6651365252740283
1BYIA,224,"[112, 15, 16]",32.0,k_only,0.9772727272727273,0.9196428571428571,0.7589285714285714,0.002335264813154936,0.43838441371917725,1.2915299976157257e-06,0.20946678519248962,5.191928863525391,0.6650048467576358
1BYIA,224,"[112, 15, 16]",0.0,q_only,0.9772727272727273,0.8928571428571429,0.7767857142857143,0.0,0.8201952576637268,0.8097290992736816,0.6485766768455505,2.392503023147583,0.3064422005957744
1BYIA,224,"[112, 15, 16]",0.5,q_only,0.9772727272727273,0.8928571428571429,0.7767857142857143,5.618882141789072e-07,0.8201952576637268,0.8098591566085815,0.6485265493392944,2.3911094665527344,0.30626370780163853
1BYIA,224,"[112, 15, 16]",1.0,q_only,0.9772727272727273,0.8928571428571429,0.7767857142857143,2.31480635193293e-06,0.8201952576637268,0.8099966049194336,0.6484633088111877,2.3897275924682617,0.30608671135427984
1BYIA,224,"[112, 15, 16]",2.0,q_only,0.9772727272727273,0.8928571428571429,0.7767857142857143,9.523993867333047e-06,0.8201952576637268,0.8102855086326599,0.6482841372489929,2.387118339538574,0.30575250688224853
1BYIA,224,"[112, 15, 16]",4.0,q_only,0.9772727272727273,0.9017857142857143,0.7723214285714286,3.651251972769387e-05,0.8201952576637268,0.8108618259429932,0.6476021409034729,2.383340358734131,0.3052686066571198
1BYIA,224,"[112, 15, 16]",8.0,q_only,0.9772727272727273,0.9017857142857143,0.7723214285714286,0.0001056960245477967,0.8201952576637268,0.8117415904998779,0.6443740725517273,2.3844704627990723,0.30541335530454566
1BYIA,224,"[112, 15, 16]",10.0,q_only,0.9772727272727273,0.9017857142857143,0.7723214285714286,0.00013423517521005124,0.8201952576637268,0.8120622634887695,0.6425181031227112,2.3870291709899902,0.30574108578643894
1BYIA,224,"[112, 15, 16]",12.0,q_only,0.9772727272727273,0.9017857142857143,0.7678571428571429,0.00015515171980950981,0.8208233714103699,0.8123316764831543,0.6412997245788574,2.388482093811035,0.3059271824652181
1BYIA,224,"[112, 15, 16]",14.0,q_only,0.9772727272727273,0.9017857142857143,0.7678571428571429,0.00016916217282414436,0.8208233714103699,0.8125461339950562,0.6407049298286438,2.3887734413146973,0.3059644995215798
1BYIA,224,"[112, 15, 16]",16.0,q_only,0.9772727272727273,0.9017857142857143,0.7678571428571429,0.00017839552310761064,0.8208233714103699,0.8127094507217407,0.6404626965522766,2.3884940147399902,0.30592870934968464
1BYIA,224,"[112, 15, 16]",32.0,q_only,0.9772727272727273,0.9017857142857143,0.7678571428571429,0.00019974300812464207,0.8208233714103699,0.8131905794143677,0.6403768658638,2.385998010635376,0.3056090102800852
1BYIA,224,"[112, 15, 16]",0.0,v_only,0.9772727272727273,0.8928571428571429,0.7767857142857143,0.0,0.8201952576637268,0.8097290992736816,0.6485766768455505,2.392503023147583,0.3064422005957744
1BYIA,224,"[112, 15, 16]",0.5,v_only,0.9772727272727273,0.8928571428571429,0.7723214285714286,1.0494508387637325e-05,0.8201952576637268,0.8097290992736816,0.6485766768455505,2.392503023147583,0.3064422005957744
1BYIA,224,"[112, 15, 16]",1.0,v_only,0.9772727272727273,0.9017857142857143,0.7723214285714286,4.3099269532831386e-05,0.8201952576637268,0.8097290992736816,0.6485766768455505,2.392503023147583,0.3064422005957744
1BYIA,224,"[112, 15, 16]",2.0,v_only,0.9772727272727273,0.9017857142857143,0.7723214285714286,0.00018205447122454643,0.8201952576637268,0.8097290992736816,0.6485766768455505,2.392503023147583,0.3064422005957744
1BYIA,224,"[112, 15, 16]",4.0,v_only,0.9772727272727273,0.9017857142857143,0.7767857142857143,0.0008136104443110526,0.8201952576637268,0.8097290992736816,0.6485766768455505,2.392503023147583,0.3064422005957744
1BYIA,224,"[112, 15, 16]",8.0,v_only,0.9772727272727273,0.9017857142857143,0.7633928571428571,0.0041366866789758205,0.8201952576637268,0.8097290992736816,0.6485766768455505,2.392503023147583,0.3064422005957744
1BYIA,224,"[112, 15, 16]",10.0,v_only,0.9772727272727273,0.8928571428571429,0.7678571428571429,0.00744627183303237,0.8201952576637268,0.8097290992736816,0.6485766768455505,2.392503023147583,0.3064422005957744
1BYIA,224,"[112, 15, 16]",12.0,v_only,0.9772727272727273,0.8928571428571429,0.7723214285714286,0.012722735293209553,0.8201952576637268,0.8097290992736816,0.6485766768455505,2.392503023147583,0.3064422005957744
1BYIA,224,"[112, 15, 16]",14.0,v_only,0.9772727272727273,0.8839285714285714,0.7455357142857143,0.02245813049376011,0.8201952576637268,0.8097290992736816,0.6485766768455505,2.392503023147583,0.3064422005957744
1BYIA,224,"[112, 15, 16]",16.0,v_only,0.9772727272727273,0.8839285714285714,0.7410714285714286,0.04150848835706711,0.8201952576637268,0.8097290992736816,0.6485766768455505,2.392503023147583,0.3064422005957744
1BYIA,224,"[112, 15, 16]",32.0,v_only,0.045454545454545456,0.10714285714285714,0.13839285714285715,0.6677727103233337,0.8201952576637268,0.8097290992736816,0.6485766768455505,2.392503023147583,0.3064422005957744
1C3PA,375,"[163, 250, 123]",0.0,ln_all,0.8933333333333333,0.8235294117647058,0.7013333333333334,0.0,0.963398277759552,0.9289336800575256,0.703127920627594,1.6873412132263184,0.19733261381458297
1C3PA,375,"[163, 250, 123]",0.5,ln_all,0.8933333333333333,0.8181818181818182,0.704,0.0008983630104921758,0.7901067733764648,0.7369407415390015,0.5338442325592041,3.5871078968048096,0.41950814201826886
1C3PA,375,"[163, 250, 123]",1.0,ln_all,0.88,0.8074866310160428,0.6986666666666667,0.003804986597970128,0.35960373282432556,0.35362133383750916,0.2367919534444809,6.574642181396484,0.7688968398216706
1C3PA,375,"[163, 250, 123]",2.0,ln_all,0.88,0.8074866310160428,0.696,0.012137516401708126,0.04661950469017029,0.016318311914801598,0.018580695614218712,8.287969589233398,0.969268509202139
1C3PA,375,"[163, 250, 123]",4.0,ln_all,0.88,0.7914438502673797,0.6853333333333333,0.024293135851621628,0.04301457479596138,2.770345781755168e-05,0.01907685212790966,8.285984992980957,0.9690364129534424
1C3PA,375,"[163, 250, 123]",8.0,ln_all,0.88,0.7914438502673797,0.6906666666666667,0.0369114950299263,0.043015241622924805,3.822087368821059e-10,0.01977778971195221,8.282350540161133,0.9686113678771414
1C3PA,375,"[163, 250, 123]",10.0,ln_all,0.84,0.7379679144385026,0.6506666666666666,0.0913844183087349,0.043015241622924805,1.7983172459837271e-12,0.020225439220666885,8.280770301818848,0.9684265608208751
1C3PA,375,"[163, 250, 123]",12.0,ln_all,0.7866666666666666,0.6417112299465241,0.5013333333333333,0.2512790262699127,0.043015241622924805,9.049840615934189e-15,0.020641032606363297,8.279584884643555,0.9682879276458969
1C3PA,375,"[163, 250, 123]",14.0,ln_all,0.7466666666666667,0.5080213903743316,0.35733333333333334,0.3793250322341919,0.043015241622924805,4.774583110351622e-17,0.02095653861761093,8.27890396118164,0.9682082944303422
1C3PA,375,"[163, 250, 123]",16.0,ln_all,0.5866666666666667,0.39572192513368987,0.2773333333333333,0.5292323231697083,0.043015241622924805,2.612072230789658e-19,0.02114696055650711,8.278678894042969,0.9681819730873857
1C3PA,375,"[163, 250, 123]",32.0,ln_all,0.10666666666666667,0.06951871657754011,0.056,1.7352957725524902,0.043015241622924805,4.5021356509026135e-37,0.020612206310033798,8.281547546386719,0.9685174586789662
1C3PA,375,"[163, 250, 123]",0.0,k_only,0.8933333333333333,0.8235294117647058,0.7013333333333334,0.0,0.963398277759552,0.9289336800575256,0.703127920627594,1.6873412132263184,0.19733261381458297
1C3PA,375,"[163, 250, 123]",0.5,k_only,0.8933333333333333,0.8235294117647058,0.7013333333333334,2.4421883608738426e-06,0.9493796229362488,0.9092267751693726,0.6841498017311096,1.9048006534576416,0.22276424519010812
1C3PA,375,"[163, 250, 123]",1.0,k_only,0.8933333333333333,0.8235294117647058,0.7013333333333334,1.1099989023932721e-05,0.9303691387176514,0.8848097324371338,0.6614336371421814,2.1643543243408203,0.25311874841628984
1C3PA,375,"[163, 250, 123]",2.0,k_only,0.8933333333333333,0.8181818181818182,0.7013333333333334,5.865649291081354e-05,0.8710300326347351,0.8186814188957214,0.6027856469154358,2.827033281326294,0.33061829010758
1C3PA,375,"[163, 250, 123]",4.0,k_only,0.8933333333333333,0.8181818181818182,0.7066666666666667,0.0004162754921708256,0.6389057636260986,0.6033210158348083,0.42631885409355164,4.7271246910095215,0.5528317946556586
1C3PA,375,"[163, 250, 123]",8.0,k_only,0.8933333333333333,0.8128342245989305,0.7093333333333334,0.002565890084952116,0.13745595514774323,0.12589602172374725,0.07686153799295425,7.898017883300781,0.9236641057833399
1C3PA,375,"[163, 250, 123]",10.0,k_only,0.8933333333333333,0.8128342245989305,0.7066666666666667,0.0032611426431685686,0.06116439774632454,0.04113650694489479,0.022720780223608017,8.232632637023926,0.962796916299392
1C3PA,375,"[163, 250, 123]",12.0,k_only,0.8933333333333333,0.8128342245989305,0.7066666666666667,0.0035684267058968544,0.04519899562001228,0.012942034751176834,0.01853378489613533,8.293437004089355,0.9699079170799753
1C3PA,375,"[163, 250, 123]",14.0,k_only,0.8933333333333333,0.8128342245989305,0.7066666666666667,0.003702402114868164,0.04285559803247452,0.004137298557907343,0.018692979589104652,8.297006607055664,0.9703253780405092
1C3PA,375,"[163, 250, 123]",16.0,k_only,0.8933333333333333,0.8128342245989305,0.704,0.003760058432817459,0.04295678436756134,0.0013635593932121992,0.01874074898660183,8.293461799621582,0.969910816888945
1C3PA,375,"[163, 250, 123]",32.0,k_only,0.8933333333333333,0.8128342245989305,0.704,0.0038010012358427048,0.04292706400156021,4.745692478991259e-07,0.018762506544589996,8.288422584533691,0.9693214864813946
1C3PA,375,"[163, 250, 123]",0.0,q_only,0.8933333333333333,0.8235294117647058,0.7013333333333334,0.0,0.963398277759552,0.9289336800575256,0.703127920627594,1.6873412132263184,0.19733261381458297
1C3PA,375,"[163, 250, 123]",0.5,q_only,0.8933333333333333,0.8235294117647058,0.7013333333333334,2.0933651967425249e-07,0.963398277759552,0.9290726184844971,0.7032101154327393,1.685760736465454,0.19714777887553814
1C3PA,375,"[163, 250, 123]",1.0,q_only,0.8933333333333333,0.8235294117647058,0.7013333333333334,7.974628033480258e-07,0.963398277759552,0.9292026162147522,0.703291118144989,1.6842758655548096,0.19697412493069405
1C3PA,375,"[163, 250, 123]",2.0,q_only,0.8933333333333333,0.8235294117647058,0.704,2.8853862659161678e-06,0.963398277759552,0.9294322729110718,0.7034507393836975,1.6816315650939941,0.19666487703373428
1C3PA,375,"[163, 250, 123]",4.0,q_only,0.8933333333333333,0.8235294117647058,0.704,8.86874749994604e-06,0.963398277759552,0.9297640919685364,0.7037636637687683,1.6776964664459229,0.19620467177367465
1C3PA,375,"[163, 250, 123]",8.0,q_only,0.8933333333333333,0.8235294117647058,0.704,2.2179598090588115e-05,0.9637104868888855,0.9300488829612732,0.7043746113777161,1.673788070678711,0.19574758938481326
1C3PA,375,"[163, 250, 123]",10.0,q_only,0.8933333333333333,0.8235294117647058,0.704,3.0040711862966418e-05,0.9637104868888855,0.9300958514213562,0.7046729922294617,1.672827124595642,0.19563520784584504
1C3PA,375,"[163, 250, 123]",12.0,q_only,0.8933333333333333,0.8235294117647058,0.704,3.9372196624754e-05,0.9637104868888855,0.9301177859306335,0.7049598693847656,1.6721360683441162,0.19555438961220173
1C3PA,375,"[163, 250, 123]",14.0,q_only,0.8933333333333333,0.8235294117647058,0.704,4.995595008949749e-05,0.9637104868888855,0.9301280379295349,0.7052263021469116,1.6715964078903198,0.19549127694294122
1C3PA,375,"[163, 250, 123]",16.0,q_only,0.8933333333333333,0.8181818181818182,0.704,6.109819514676929e-05,0.9637104868888855,0.9301325678825378,0.7054632306098938,1.6711593866348267,0.19544016780984885
1C3PA,375,"[163, 250, 123]",32.0,q_only,0.8933333333333333,0.8181818181818182,0.7013333333333334,0.00011121334682684392,0.9637104868888855,0.930136501789093,0.7062498927116394,1.669814109802246,0.19528283923184908
1C3PA,375,"[163, 250, 123]",0.0,v_only,0.8933333333333333,0.8235294117647058,0.7013333333333334,0.0,0.963398277759552,0.9289336800575256,0.703127920627594,1.6873412132263184,0.19733261381458297
1C3PA,375,"[163, 250, 123]",0.5,v_only,0.8933333333333333,0.8235294117647058,0.7013333333333334,1.6649502867949195e-05,0.963398277759552,0.9289336800575256,0.703127920627594,1.6873412132263184,0.19733261381458297
1C3PA,375,"[163, 250, 123]",1.0,v_only,0.8933333333333333,0.8235294117647058,0.7013333333333334,6.616661266889423e-05,0.963398277759552,0.9289336800575256,0.703127920627594,1.6873412132263184,0.19733261381458297
1C3PA,375,"[163, 250, 123]",2.0,v_only,0.8933333333333333,0.8181818181818182,0.7066666666666667,0.0002615937846712768,0.963398277759552,0.9289336800575256,0.703127920627594,1.6873412132263184,0.19733261381458297
1C3PA,375,"[163, 250, 123]",4.0,v_only,0.8933333333333333,0.8128342245989305,0.7013333333333334,0.0010315080871805549,0.963398277759552,0.9289336800575256,0.703127920627594,1.6873412132263184,0.19733261381458297
1C3PA,375,"[163, 250, 123]",8.0,v_only,0.8933333333333333,0.8021390374331551,0.6933333333333334,0.004546024836599827,0.963398277759552,0.9289336800575256,0.703127920627594,1.6873412132263184,0.19733261381458297
1C3PA,375,"[163, 250, 123]",10.0,v_only,0.8933333333333333,0.8021390374331551,0.6906666666666667,0.00900267530232668,0.963398277759552,0.9289336800575256,0.703127920627594,1.6873412132263184,0.19733261381458297
1C3PA,375,"[163, 250, 123]",12.0,v_only,0.8933333333333333,0.8021390374331551,0.6773333333333333,0.01919363997876644,0.963398277759552,0.9289336800575256,0.703127920627594,1.6873412132263184,0.19733261381458297
1C3PA,375,"[163, 250, 123]",14.0,v_only,0.88,0.7807486631016043,0.6693333333333333,0.05362845957279205,0.963398277759552,0.9289336800575256,0.703127920627594,1.6873412132263184,0.19733261381458297
1C3PA,375,"[163, 250, 123]",16.0,v_only,0.88,0.7540106951871658,0.624,0.11015871167182922,0.963398277759552,0.9289336800575256,0.703127920627594,1.6873412132263184,0.19733261381458297
1C3PA,375,"[163, 250, 123]",32.0,v_only,0.09333333333333334,0.0855614973262032,0.088,0.45008984208106995,0.963398277759552,0.9289336800575256,0.703127920627594,1.6873412132263184,0.19733261381458297
1COJA,212,"[109, 160, 157]",0.0,ln_all,0.7142857142857143,0.6037735849056604,0.49056603773584906,0.0,0.9752885103225708,0.9680278897285461,0.9669769406318665,0.4216013252735138,0.054555598463046515
1COJA,212,"[109, 160, 157]",0.5,ln_all,0.7619047619047619,0.6037735849056604,0.4858490566037736,0.001989051466807723,0.8527432680130005,0.8191707134246826,0.8182347416877747,1.917689323425293,0.2481507586291124
1COJA,212,"[109, 160, 157]",1.0,ln_all,0.7380952380952381,0.6037735849056604,0.46226415094339623,0.008769257925450802,0.4485970139503479,0.4211290180683136,0.4206702709197998,5.177175998687744,0.6699313261733582
1COJA,212,"[109, 160, 157]",2.0,ln_all,0.7142857142857143,0.5849056603773585,0.4528301886792453,0.021466590464115143,0.04802471399307251,0.016205444931983948,0.016185998916625977,7.51078987121582,0.9719031032185164
1COJA,212,"[109, 160, 157]",4.0,ln_all,0.6666666666666666,0.5754716981132075,0.45754716981132076,0.03259572759270668,0.04645630717277527,5.933248758083209e-06,0.01581881009042263,7.514172077178955,0.9723407637745509
1COJA,212,"[109, 160, 157]",8.0,ln_all,0.6428571428571429,0.5943396226415094,0.41509433962264153,0.04917524755001068,0.04666581377387047,8.878409617739391e-13,0.01603492721915245,7.512558460235596,0.9721319602609994
1COJA,212,"[109, 160, 157]",10.0,ln_all,0.4523809523809524,0.2358490566037736,0.2028301886792453,0.30806103348731995,0.04666581377387047,4.620296323707047e-16,0.016057532280683517,7.512485504150391,0.9721225196766101
1COJA,212,"[109, 160, 157]",12.0,ln_all,0.07142857142857142,0.10377358490566038,0.09905660377358491,0.40922802686691284,0.04666581377387047,3.353267935655681e-19,0.016021937131881714,7.512779712677002,0.9721605905299969
1COJA,212,"[109, 160, 157]",14.0,ln_all,0.023809523809523808,0.03773584905660377,0.0660377358490566,0.4356918931007385,0.04666581377387047,3.986661939094358e-22,0.015945589169859886,7.513291835784912,0.9722268597302198
1COJA,212,"[109, 160, 157]",16.0,ln_all,0.0,0.0660377358490566,0.07547169811320754,0.464922159910202,0.046456627547740936,7.079504990085004e-25,0.01585143245756626,7.513858795166016,0.9723002247945263
1COJA,212,"[109, 160, 157]",32.0,ln_all,0.023809523809523808,0.018867924528301886,0.03773584905660377,1.4052156209945679,0.046237438917160034,0.0,0.01543129701167345,7.5157670974731445,0.9725471608646306
1COJA,212,"[109, 160, 157]",0.0,k_only,0.7142857142857143,0.6037735849056604,0.49056603773584906,0.0,0.9752885103225708,0.9680278897285461,0.9669769406318665,0.4216013252735138,0.054555598463046515
1COJA,212,"[109, 160, 157]",0.5,k_only,0.7380952380952381,0.6037735849056604,0.49056603773584906,4.007321876997594e-06,0.9658874273300171,0.9559618830680847,0.9549098610877991,0.5574788451194763,0.07213827424818989
1COJA,212,"[109, 160, 157]",1.0,k_only,0.7380952380952381,0.6037735849056604,0.49528301886792453,2.0837196643697098e-05,0.9530924558639526,0.9396771788597107,0.9386299848556519,0.7341830730438232,0.09500396353203937
1COJA,212,"[109, 160, 157]",2.0,k_only,0.7380952380952381,0.6132075471698113,0.4858490566037736,0.00014060328248888254,0.913314938545227,0.8896561861038208,0.8886450529098511,1.2459735870361328,0.16123012579670223
1COJA,212,"[109, 160, 157]",4.0,k_only,0.7619047619047619,0.6037735849056604,0.4858490566037736,0.0013814783887937665,0.7315782904624939,0.6904264688491821,0.6896414756774902,3.0555968284606934,0.39539703422496
1COJA,212,"[109, 160, 157]",8.0,k_only,0.6904761904761905,0.5943396226415094,0.4716981132075472,0.008134202100336552,0.16607765853405,0.14850597083568573,0.1483447253704071,6.9492387771606445,0.8992378762202765
1COJA,212,"[109, 160, 157]",10.0,k_only,0.6904761904761905,0.5660377358490566,0.4716981132075472,0.009972214698791504,0.06811398267745972,0.04481228068470955,0.04476083070039749,7.431609153747559,0.9616570457009979
1COJA,212,"[109, 160, 157]",12.0,k_only,0.7142857142857143,0.5660377358490566,0.4716981132075472,0.010829956270754337,0.047177642583847046,0.01312713697552681,0.015373197384178638,7.5171709060668945,0.9727288149851672
1COJA,212,"[109, 160, 157]",14.0,k_only,0.7142857142857143,0.5754716981132075,0.4716981132075472,0.011355501599609852,0.046424224972724915,0.004427696578204632,0.01550818607211113,7.524344444274902,0.9736570774136154
1COJA,212,"[109, 160, 157]",16.0,k_only,0.7142857142857143,0.5754716981132075,0.4716981132075472,0.011770159937441349,0.04661742225289345,0.0019281227141618729,0.015543480403721333,7.522533416748047,0.9734227287893634
1COJA,212,"[109, 160, 157]",32.0,k_only,0.7142857142857143,0.5660377358490566,0.4716981132075472,0.013067384250462055,0.04645662382245064,6.316933286143467e-05,0.015558788552880287,7.517463684082031,0.9727667007290562
1COJA,212,"[109, 160, 157]",0.0,q_only,0.7142857142857143,0.6037735849056604,0.49056603773584906,0.0,0.9752885103225708,0.9680278897285461,0.9669769406318665,0.4216013252735138,0.054555598463046515
1COJA,212,"[109, 160, 157]",0.5,q_only,0.7142857142857143,0.6037735849056604,0.49528301886792453,9.241361453860009e-07,0.9752885103225708,0.9681325554847717,0.9670828580856323,0.4202474057674408,0.05438040003624678
1COJA,212,"[109, 160, 157]",1.0,q_only,0.7142857142857143,0.6037735849056604,0.49528301886792453,3.063274334635935e-06,0.9752885103225708,0.968218982219696,0.9671704173088074,0.4191296100616455,0.0542357562459325
1COJA,212,"[109, 160, 157]",2.0,q_only,0.7142857142857143,0.6037735849056604,0.49528301886792453,8.534818334737793e-06,0.9752885103225708,0.9683480858802795,0.9673012495040894,0.417463481426239,0.0540201576712315
1COJA,212,"[109, 160, 157]",4.0,q_only,0.7380952380952381,0.6037735849056604,0.49056603773584906,1.7470778402639553e-05,0.975771427154541,0.968490719795227,0.9674461483955383,0.4156304895877838,0.053782966844898285
1COJA,212,"[109, 160, 157]",8.0,q_only,0.7380952380952381,0.6037735849056604,0.49056603773584906,2.414874870737549e-05,0.975771427154541,0.9685801863670349,0.967537522315979,0.4144967794418335,0.053636263711420655
1COJA,212,"[109, 160, 157]",10.0,q_only,0.7380952380952381,0.6037735849056604,0.49056603773584906,2.501546077837702e-05,0.975771427154541,0.968592643737793,0.9675503373146057,0.41434478759765625,0.053616595827276285
1COJA,212,"[109, 160, 157]",12.0,q_only,0.7380952380952381,0.6037735849056604,0.49056603773584906,2.5379993530805223e-05,0.975771427154541,0.9685985445976257,0.967556357383728,0.41427555680274963,0.05360763729887092
1COJA,212,"[109, 160, 157]",14.0,q_only,0.7380952380952381,0.6037735849056604,0.49056603773584906,2.5534282031003386e-05,0.975771427154541,0.968601405620575,0.9675593376159668,0.41424304246902466,0.05360342991424317
1COJA,212,"[109, 160, 157]",16.0,q_only,0.7380952380952381,0.6037735849056604,0.49056603773584906,2.5604622351238504e-05,0.975771427154541,0.9686027765274048,0.9675608277320862,0.41422712802886963,0.05360137057107982
1COJA,212,"[109, 160, 157]",32.0,q_only,0.7380952380952381,0.6037735849056604,0.49056603773584906,2.5651639589341357e-05,0.975771427154541,0.9686048626899719,0.9675630331039429,0.4142100214958191,0.05359915697000161
1COJA,212,"[109, 160, 157]",0.0,v_only,0.7142857142857143,0.6037735849056604,0.49056603773584906,0.0,0.9752885103225708,0.9680278897285461,0.9669769406318665,0.4216013252735138,0.054555598463046515
1COJA,212,"[109, 160, 157]",0.5,v_only,0.7380952380952381,0.6037735849056604,0.49528301886792453,3.881704469677061e-05,0.9752885103225708,0.9680278897285461,0.9669769406318665,0.4216013252735138,0.054555598463046515
1COJA,212,"[109, 160, 157]",1.0,v_only,0.7380952380952381,0.6037735849056604,0.49056603773584906,0.00015490442456211895,0.9752885103225708,0.9680278897285461,0.9669769406318665,0.4216013252735138,0.054555598463046515
1COJA,212,"[109, 160, 157]",2.0,v_only,0.7380952380952381,0.5943396226415094,0.4858490566037736,0.0006382390856742859,0.9752885103225708,0.9680278897285461,0.9669769406318665,0.4216013252735138,0.054555598463046515
1COJA,212,"[109, 160, 157]",4.0,v_only,0.7380952380952381,0.5943396226415094,0.4858490566037736,0.003130330704152584,0.9752885103225708,0.9680278897285461,0.9669769406318665,0.4216013252735138,0.054555598463046515
1COJA,212,"[109, 160, 157]",8.0,v_only,0.7857142857142857,0.6320754716981132,0.46226415094339623,0.02279769629240036,0.9752885103225708,0.9680278897285461,0.9669769406318665,0.4216013252735138,0.054555598463046515
1COJA,212,"[109, 160, 157]",10.0,v_only,0.7857142857142857,0.6037735849056604,0.4528301886792453,0.04321284592151642,0.9752885103225708,0.9680278897285461,0.9669769406318665,0.4216013252735138,0.054555598463046515
1COJA,212,"[109, 160, 157]",12.0,v_only,0.8095238095238095,0.5471698113207547,0.44339622641509435,0.08736390620470047,0.9752885103225708,0.9680278897285461,0.9669769406318665,0.4216013252735138,0.054555598463046515
1COJA,212,"[109, 160, 157]",14.0,v_only,0.6190476190476191,0.4716981132075472,0.3867924528301887,0.15789301693439484,0.9752885103225708,0.9680278897285461,0.9669769406318665,0.4216013252735138,0.054555598463046515
1COJA,212,"[109, 160, 157]",16.0,v_only,0.4523809523809524,0.3490566037735849,0.2641509433962264,0.23385386168956757,0.9752885103225708,0.9680278897285461,0.9669769406318665,0.4216013252735138,0.054555598463046515
1COJA,212,"[109, 160, 157]",32.0,v_only,0.023809523809523808,0.018867924528301886,0.0330188679245283,0.6163015365600586,0.9752885103225708,0.9680278897285461,0.9669769406318665,0.4216013252735138,0.054555598463046515
1CUKA,203,"[81, 116, 172]",0.0,ln_all,0.875,0.6534653465346535,0.4482758620689655,0.0,0.9842295050621033,0.981402575969696,0.8748759031295776,0.8281592130661011,0.10803951999147524
1CUKA,203,"[81, 116, 172]",0.5,ln_all,0.9,0.6336633663366337,0.45320197044334976,0.0005978283006697893,0.886579692363739,0.8772505521774292,0.7874851226806641,1.7707016468048096,0.23100118063123803
1CUKA,203,"[81, 116, 172]",1.0,ln_all,0.875,0.6336633663366337,0.4482758620689655,0.0030572800897061825,0.5602685213088989,0.49293622374534607,0.445146381855011,4.447038173675537,0.5801491574172988
1CUKA,203,"[81, 116, 172]",2.0,ln_all,0.85,0.6237623762376238,0.43842364532019706,0.01409120298922062,0.2560088038444519,0.017715347930788994,0.14085832238197327,6.480765342712402,0.84546397088521
1CUKA,203,"[81, 116, 172]",4.0,ln_all,0.85,0.6534653465346535,0.43842364532019706,0.023081200197339058,0.25972485542297363,5.661660452460637e-06,0.1438724249601364,6.450865745544434,0.8415633463736428
1CUKA,203,"[81, 116, 172]",8.0,ln_all,0.85,0.6435643564356436,0.4433497536945813,0.03089536540210247,0.25972598791122437,2.547076698861117e-12,0.1433662325143814,6.447699546813965,0.8411502922342449
1CUKA,203,"[81, 116, 172]",10.0,ln_all,0.775,0.6039603960396039,0.4088669950738916,0.10876738280057907,0.25972598791122437,2.8884454540917346e-15,0.1425071656703949,6.4501447677612305,0.8414692894672016
1CUKA,203,"[81, 116, 172]",12.0,ln_all,0.5,0.32673267326732675,0.22660098522167488,0.2853749990463257,0.25972598791122437,4.034503954555938e-18,0.14150480926036835,6.454200267791748,0.8419983595659334
1CUKA,203,"[81, 116, 172]",14.0,ln_all,0.35,0.21782178217821782,0.1330049261083744,0.39601635932922363,0.25936609506607056,6.52704714572796e-21,0.14062802493572235,6.458357810974121,0.8425407419516879
1CUKA,203,"[81, 116, 172]",16.0,ln_all,0.225,0.16831683168316833,0.10344827586206896,0.4316364824771881,0.25914183259010315,1.173282369552164e-23,0.14000919461250305,6.461657524108887,0.8429712140367231
1CUKA,203,"[81, 116, 172]",32.0,ln_all,0.075,0.039603960396039604,0.03940886699507389,1.4821637868881226,0.2589976489543915,5.605193857299268e-45,0.1391916126012802,6.468637943267822,0.8438818615588083
1CUKA,203,"[81, 116, 172]",0.0,k_only,0.875,0.6534653465346535,0.4482758620689655,0.0,0.9842295050621033,0.981402575969696,0.8748759031295776,0.8281592130661011,0.10803951999147524
1CUKA,203,"[81, 116, 172]",0.5,k_only,0.875,0.6534653465346535,0.4482758620689655,3.3056406323339615e-07,0.9775329828262329,0.9739284515380859,0.8692644834518433,0.9037429094314575,0.11789997453410041
1CUKA,203,"[81, 116, 172]",1.0,k_only,0.875,0.6534653465346535,0.4482758620689655,1.8310404357180232e-06,0.9679655432701111,0.9635424613952637,0.8610240817070007,1.0058810710906982,0.1312246562913935
1CUKA,203,"[81, 116, 172]",2.0,k_only,0.875,0.6534653465346535,0.4482758620689655,1.3966109690954909e-05,0.9365416169166565,0.9296786189079285,0.83275306224823,1.3206244707107544,0.1722852703362943
1CUKA,203,"[81, 116, 172]",4.0,k_only,0.875,0.6534653465346535,0.4482758620689655,0.00019803740724455565,0.7866455316543579,0.7684098482131958,0.6915925741195679,2.619286060333252,0.34170531971873347
1CUKA,203,"[81, 116, 172]",8.0,k_only,0.875,0.6336633663366337,0.4482758620689655,0.0024315931368619204,0.32627740502357483,0.17549926042556763,0.15867824852466583,6.0588579177856445,0.7904230138436706
1CUKA,203,"[81, 116, 172]",10.0,k_only,0.85,0.6138613861386139,0.4433497536945813,0.0033362125977873802,0.25318145751953125,0.05265254154801369,0.13499073684215546,6.444372177124023,0.8407162121461849
1CUKA,203,"[81, 116, 172]",12.0,k_only,0.85,0.6138613861386139,0.4433497536945813,0.003756416728720069,0.25674882531166077,0.015220149420201778,0.14045172929763794,6.487470626831055,0.8463387249978926
1CUKA,203,"[81, 116, 172]",14.0,k_only,0.85,0.6237623762376238,0.4433497536945813,0.003929666709154844,0.25886547565460205,0.004555464722216129,0.14205709099769592,6.478846549987793,0.845213650123623
1CUKA,203,"[81, 116, 172]",16.0,k_only,0.85,0.6237623762376238,0.4433497536945813,0.003998232074081898,0.2595265805721283,0.0014123880537226796,0.14255456626415253,6.470374584197998,0.8441084192659901
1CUKA,203,"[81, 116, 172]",32.0,k_only,0.85,0.6237623762376238,0.43842364532019706,0.004041953943669796,0.25972598791122437,9.951065749191912e-07,0.14280211925506592,6.462779998779297,0.8431176491939735
1CUKA,203,"[81, 116, 172]",0.0,q_only,0.875,0.6534653465346535,0.4482758620689655,0.0,0.9842295050621033,0.981402575969696,0.8748759031295776,0.8281592130661011,0.10803951999147524
1CUKA,203,"[81, 116, 172]",0.5,q_only,0.875,0.6534653465346535,0.4482758620689655,4.7608605058258036e-08,0.9842295050621033,0.9814936518669128,0.8749662637710571,0.8270696401596069,0.10789737711368545
1CUKA,203,"[81, 116, 172]",1.0,q_only,0.875,0.6534653465346535,0.4482758620689655,1.676672809480806e-07,0.9842295050621033,0.9815741181373596,0.8750489354133606,0.826103687286377,0.1077713613873473
1CUKA,203,"[81, 116, 172]",2.0,q_only,0.875,0.6534653465346535,0.4482758620689655,5.277114496493596e-07,0.9843167066574097,0.9817066788673401,0.8751926422119141,0.824497640132904,0.10756184060824195
1CUKA,203,"[81, 116, 172]",4.0,q_only,0.875,0.6534653465346535,0.4482758620689655,1.4171719158184715e-06,0.9843167066574097,0.9818856716156006,0.8754068613052368,0.8222996592521667,0.10727509767818855
1CUKA,203,"[81, 116, 172]",8.0,q_only,0.875,0.6534653465346535,0.4482758620689655,2.862629571609432e-06,0.9843391180038452,0.9820481538772583,0.8756157159805298,0.8203465938568115,0.10702030579216348
1CUKA,203,"[81, 116, 172]",10.0,q_only,0.875,0.6534653465346535,0.4482758620689655,3.3924000035767676e-06,0.9843391180038452,0.9820825457572937,0.8756327033042908,0.8200728297233582,0.10698459122773851
1CUKA,203,"[81, 116, 172]",12.0,q_only,0.875,0.6534653465346535,0.4482758620689655,3.851343535643537e-06,0.9843391180038452,0.9821025729179382,0.8755946159362793,0.820115327835083,0.1069901354220418
1CUKA,203,"[81, 116, 172]",14.0,q_only,0.875,0.6534653465346535,0.4482758620689655,4.337590780778555e-06,0.9843391180038452,0.9821147918701172,0.8754993081092834,0.8204367160797119,0.10703206290546863
1CUKA,203,"[81, 116, 172]",16.0,q_only,0.875,0.6534653465346535,0.4482758620689655,4.9270724957750645e-06,0.9843391180038452,0.982122004032135,0.8753416538238525,0.8210281729698181,0.10710922284946799
1CUKA,203,"[81, 116, 172]",32.0,q_only,0.875,0.6534653465346535,0.4482758620689655,2.3771764972480014e-05,0.9843391180038452,0.9821355938911438,0.8722437024116516,0.8328626155853271,0.10865311378175929
1CUKA,203,"[81, 116, 172]",0.0,v_only,0.875,0.6534653465346535,0.4482758620689655,0.0,0.9842295050621033,0.981402575969696,0.8748759031295776,0.8281592130661011,0.10803951999147524
1CUKA,203,"[81, 116, 172]",0.5,v_only,0.875,0.6534653465346535,0.4482758620689655,1.204731688631e-05,0.9842295050621033,0.981402575969696,0.8748759031295776,0.8281592130661011,0.10803951999147524
1CUKA,203,"[81, 116, 172]",1.0,v_only,0.875,0.6534653465346535,0.4482758620689655,4.727549821836874e-05,0.9842295050621033,0.981402575969696,0.8748759031295776,0.8281592130661011,0.10803951999147524
1CUKA,203,"[81, 116, 172]",2.0,v_only,0.875,0.6435643564356436,0.4482758620689655,0.00018433283548802137,0.9842295050621033,0.981402575969696,0.8748759031295776,0.8281592130661011,0.10803951999147524
1CUKA,203,"[81, 116, 172]",4.0,v_only,0.875,0.6435643564356436,0.45320197044334976,0.0007475718739442527,0.9842295050621033,0.981402575969696,0.8748759031295776,0.8281592130661011,0.10803951999147524
1CUKA,203,"[81, 116, 172]",8.0,v_only,0.875,0.6534653465346535,0.43349753694581283,0.00421847403049469,0.9842295050621033,0.981402575969696,0.8748759031295776,0.8281592130661011,0.10803951999147524
1CUKA,203,"[81, 116, 172]",10.0,v_only,0.875,0.6435643564356436,0.43349753694581283,0.008827743120491505,0.9842295050621033,0.981402575969696,0.8748759031295776,0.8281592130661011,0.10803951999147524
1CUKA,203,"[81, 116, 172]",12.0,v_only,0.875,0.6534653465346535,0.43842364532019706,0.01863420195877552,0.9842295050621033,0.981402575969696,0.8748759031295776,0.8281592130661011,0.10803951999147524
1CUKA,203,"[81, 116, 172]",14.0,v_only,0.875,0.6831683168316832,0.458128078817734,0.040992118418216705,0.9842295050621033,0.981402575969696,0.8748759031295776,0.8281592130661011,0.10803951999147524
1CUKA,203,"[81, 116, 172]",16.0,v_only,0.825,0.6633663366336634,0.4236453201970443,0.1073891744017601,0.9842295050621033,0.981402575969696,0.8748759031295776,0.8281592130661011,0.10803951999147524
1CUKA,203,"[81, 116, 172]",32.0,v_only,0.2,0.1485148514851485,0.13793103448275862,0.5555284023284912,0.9842295050621033,0.981402575969696,0.8748759031295776,0.8281592130661011,0.10803951999147524
1D2SA,170,"[90, 19, 17]",0.0,ln_all,0.6176470588235294,0.4235294117647059,0.28823529411764703,0.0,0.9750529527664185,0.9710237979888916,0.9689644575119019,0.3477172255516052,0.0469292589024679
1D2SA,170,"[90, 19, 17]",0.5,ln_all,0.5882352941176471,0.4117647058823529,0.2823529411764706,0.004181642550975084,0.8354067802429199,0.8141155242919922,0.8123722076416016,1.7212281227111816,0.23230359115163754
1D2SA,170,"[90, 19, 17]",1.0,ln_all,0.6470588235294118,0.4235294117647059,0.2823529411764706,0.02162044495344162,0.4085383713245392,0.3773384392261505,0.37654316425323486,4.963953971862793,0.6699543882415734
1D2SA,170,"[90, 19, 17]",2.0,ln_all,0.6764705882352942,0.43529411764705883,0.2823529411764706,0.07151352614164352,0.08624748885631561,0.010262606665492058,0.032491184771060944,6.959771633148193,0.9393176433981115
1D2SA,170,"[90, 19, 17]",4.0,ln_all,0.6176470588235294,0.43529411764705883,0.27058823529411763,0.12195553630590439,0.08707065880298615,2.2820049707661383e-06,0.03287198767066002,6.947312355041504,0.9376360911336842
1D2SA,170,"[90, 19, 17]",8.0,ln_all,0.6764705882352942,0.4235294117647059,0.27058823529411763,0.25815895199775696,0.08693219721317291,1.723724787038028e-13,0.03256499767303467,6.947815418243408,0.93770398648517
1D2SA,170,"[90, 19, 17]",10.0,ln_all,0.6176470588235294,0.43529411764705883,0.27647058823529413,0.39367160201072693,0.08693219721317291,6.121416450811693e-17,0.03239351883530617,6.948705673217773,0.9378241387327755
1D2SA,170,"[90, 19, 17]",12.0,ln_all,0.6470588235294118,0.36470588235294116,0.2235294117647059,0.38169702887535095,0.08693219721317291,2.753337231072669e-20,0.032274577766656876,6.949316024780273,0.937906514135526
1D2SA,170,"[90, 19, 17]",14.0,ln_all,0.23529411764705882,0.17647058823529413,0.12941176470588237,0.39717134833335876,0.08693219721317291,1.7298170328678935e-23,0.03220019116997719,6.949675559997559,0.9379550383962086
1D2SA,170,"[90, 19, 17]",16.0,ln_all,0.0,0.011764705882352941,0.01764705882352941,0.44379425048828125,0.08693219721317291,1.5225511590319202e-26,0.03215565159916878,6.949875354766846,0.9379820034694528
1D2SA,170,"[90, 19, 17]",32.0,ln_all,0.0,0.0,0.011764705882352941,1.2594548463821411,0.08693219721317291,0.0,0.0320940725505352,6.950118064880371,0.9380147605632028
1D2SA,170,"[90, 19, 17]",0.0,k_only,0.6176470588235294,0.4235294117647059,0.28823529411764703,0.0,0.9750529527664185,0.9710237979888916,0.9689644575119019,0.3477172255516052,0.0469292589024679
1D2SA,170,"[90, 19, 17]",0.5,k_only,0.6176470588235294,0.4235294117647059,0.28823529411764703,3.9614892557438e-06,0.964948296546936,0.9591754078865051,0.9571314454078674,0.46406838297843933,0.06263246020871245
1D2SA,170,"[90, 19, 17]",1.0,k_only,0.6176470588235294,0.4235294117647059,0.2823529411764706,2.1814186766278e-05,0.9508556127548218,0.9427765607833862,0.9407589435577393,0.6190659403800964,0.08355152882549849
1D2SA,170,"[90, 19, 17]",2.0,k_only,0.6176470588235294,0.4235294117647059,0.2823529411764706,0.00016781355952844024,0.9059731960296631,0.8904309272766113,0.8885149955749512,1.0856322050094604,0.14652111278330912
1D2SA,170,"[90, 19, 17]",4.0,k_only,0.6470588235294118,0.4117647058823529,0.27647058823529413,0.0021203006617724895,0.7008378505706787,0.6701016426086426,0.6686680912971497,2.852618455886841,0.38500039753251664
1D2SA,170,"[90, 19, 17]",8.0,k_only,0.7058823529411765,0.4,0.27647058823529413,0.020232748240232468,0.16102339327335358,0.11475201696157455,0.1144942194223404,6.57533073425293,0.8874320157927119
1D2SA,170,"[90, 19, 17]",10.0,k_only,0.7058823529411765,0.4,0.27058823529411763,0.02754037268459797,0.08989308774471283,0.030853431671857834,0.03167010098695755,6.923099517822266,0.9343682331642599
1D2SA,170,"[90, 19, 17]",12.0,k_only,0.7058823529411765,0.4,0.27058823529411763,0.030721252784132957,0.08632790297269821,0.00807769875973463,0.03238076716661453,6.964611053466797,0.9399707902438259
1D2SA,170,"[90, 19, 17]",14.0,k_only,0.7058823529411765,0.4117647058823529,0.27058823529411763,0.03204410523176193,0.08688473701477051,0.0023134697694331408,0.03255622088909149,6.961688995361328,0.939576418003158
1D2SA,170,"[90, 19, 17]",16.0,k_only,0.7058823529411765,0.4117647058823529,0.27058823529411763,0.032640159130096436,0.08702681958675385,0.0007837538723833859,0.032600048929452896,6.957709312438965,0.9390393046349117
1D2SA,170,"[90, 19, 17]",32.0,k_only,0.7058823529411765,0.4117647058823529,0.27058823529411763,0.033295828849077225,0.08693219721317291,4.364326741779223e-06,0.032617855817079544,6.953562259674072,0.9384796023866924
1D2SA,170,"[90, 19, 17]",0.0,q_only,0.6176470588235294,0.4235294117647059,0.28823529411764703,0.0,0.9750529527664185,0.9710237979888916,0.9689644575119019,0.3477172255516052,0.0469292589024679
1D2SA,170,"[90, 19, 17]",0.5,q_only,0.6176470588235294,0.4235294117647059,0.28823529411764703,8.84982114257582e-07,0.9750529527664185,0.9712288975715637,0.9691740274429321,0.3451339602470398,0.04658061144590489
1D2SA,170,"[90, 19, 17]",1.0,q_only,0.6176470588235294,0.4235294117647059,0.28823529411764703,2.974448761960957e-06,0.9750529527664185,0.9713966846466064,0.96934574842453,0.34303122758865356,0.046296818530062026
1D2SA,170,"[90, 19, 17]",2.0,q_only,0.6176470588235294,0.4235294117647059,0.28823529411764703,8.11224163044244e-06,0.9750723838806152,0.9716434478759766,0.9695990085601807,0.3399658203125,0.0458830993320099
1D2SA,170,"[90, 19, 17]",4.0,q_only,0.6470588235294118,0.4235294117647059,0.28823529411764703,1.6152096577570774e-05,0.975371241569519,0.9719087481498718,0.9698728919029236,0.3367491662502289,0.04544896728391097
1D2SA,170,"[90, 19, 17]",8.0,q_only,0.6470588235294118,0.4235294117647059,0.28823529411764703,2.1791753169964068e-05,0.975371241569519,0.9720713496208191,0.970042884349823,0.33492544293403625,0.045202830545829326
1D2SA,170,"[90, 19, 17]",10.0,q_only,0.6470588235294118,0.4235294117647059,0.28823529411764703,2.253027560072951e-05,0.975371241569519,0.9720947742462158,0.9700677990913391,0.3347051739692688,0.045173102196135545
1D2SA,170,"[90, 19, 17]",12.0,q_only,0.6470588235294118,0.4235294117647059,0.28823529411764703,2.286155358888209e-05,0.975371241569519,0.9721067547798157,0.9700806736946106,0.3346102237701416,0.04516028735076626
1D2SA,170,"[90, 19, 17]",14.0,q_only,0.6470588235294118,0.4235294117647059,0.28823529411764703,2.3029180738376454e-05,0.975371241569519,0.9721131920814514,0.9700876474380493,0.3345675468444824,0.04515452750815206
1D2SA,170,"[90, 19, 17]",16.0,q_only,0.6470588235294118,0.4235294117647059,0.28823529411764703,2.310827767360024e-05,0.975371241569519,0.9721171259880066,0.9700918793678284,0.3345476984977722,0.04515184869866809
1D2SA,170,"[90, 19, 17]",32.0,q_only,0.6470588235294118,0.4235294117647059,0.28823529411764703,2.3219907234306447e-05,0.975371241569519,0.9721243977546692,0.970099687576294,0.33452722430229187,0.045149085422218405
1D2SA,170,"[90, 19, 17]",0.0,v_only,0.6176470588235294,0.4235294117647059,0.28823529411764703,0.0,0.9750529527664185,0.9710237979888916,0.9689644575119019,0.3477172255516052,0.0469292589024679
1D2SA,170,"[90, 19, 17]",0.5,v_only,0.6176470588235294,0.4235294117647059,0.27647058823529413,0.00013008384848944843,0.9750529527664185,0.9710237979888916,0.9689644575119019,0.3477172255516052,0.0469292589024679
1D2SA,170,"[90, 19, 17]",1.0,v_only,0.6176470588235294,0.4235294117647059,0.27647058823529413,0.0005207552458159626,0.9750529527664185,0.9710237979888916,0.9689644575119019,0.3477172255516052,0.0469292589024679
1D2SA,170,"[90, 19, 17]",2.0,v_only,0.6176470588235294,0.4235294117647059,0.27058823529411763,0.0020895893685519695,0.9750529527664185,0.9710237979888916,0.9689644575119019,0.3477172255516052,0.0469292589024679
1D2SA,170,"[90, 19, 17]",4.0,v_only,0.6176470588235294,0.4235294117647059,0.27058823529411763,0.008303831331431866,0.9750529527664185,0.9710237979888916,0.9689644575119019,0.3477172255516052,0.0469292589024679
1D2SA,170,"[90, 19, 17]",8.0,v_only,0.6470588235294118,0.43529411764705883,0.29411764705882354,0.03269113600254059,0.9750529527664185,0.9710237979888916,0.9689644575119019,0.3477172255516052,0.0469292589024679
1D2SA,170,"[90, 19, 17]",10.0,v_only,0.6764705882352942,0.43529411764705883,0.28823529411764703,0.056589677929878235,0.9750529527664185,0.9710237979888916,0.9689644575119019,0.3477172255516052,0.0469292589024679
1D2SA,170,"[90, 19, 17]",12.0,v_only,0.7058823529411765,0.4117647058823529,0.29411764705882354,0.0962696447968483,0.9750529527664185,0.9710237979888916,0.9689644575119019,0.3477172255516052,0.0469292589024679
1D2SA,170,"[90, 19, 17]",14.0,v_only,0.7058823529411765,0.4235294117647059,0.3,0.14934557676315308,0.9750529527664185,0.9710237979888916,0.9689644575119019,0.3477172255516052,0.0469292589024679
1D2SA,170,"[90, 19, 17]",16.0,v_only,0.7058823529411765,0.4470588235294118,0.3,0.20297566056251526,0.9750529527664185,0.9710237979888916,0.9689644575119019,0.3477172255516052,0.0469292589024679
1D2SA,170,"[90, 19, 17]",32.0,v_only,0.0,0.0,0.0058823529411764705,0.5463273525238037,0.9750529527664185,0.9710237979888916,0.9689644575119019,0.3477172255516052,0.0469292589024679
1DCSA,311,"[219, 182, 33]",0.0,ln_all,0.8064516129032258,0.7290322580645161,0.5755627009646302,0.0,0.9320513010025024,0.9162271618843079,0.4313772916793823,2.2273120880126953,0.2689740061452717
1DCSA,311,"[219, 182, 33]",0.5,ln_all,0.8225806451612904,0.7419354838709677,0.5691318327974276,0.0005524263251572847,0.6607952117919922,0.6353811621665955,0.3050823509693146,4.550909042358398,0.5495755369504839
1DCSA,311,"[219, 182, 33]",1.0,ln_all,0.8387096774193549,0.7354838709677419,0.5594855305466238,0.0021228156983852386,0.23866602778434753,0.22143884003162384,0.10938557237386703,7.07425594329834,0.8542992119544888
1DCSA,311,"[219, 182, 33]",2.0,ln_all,0.8225806451612904,0.7096774193548387,0.5594855305466238,0.004212049767374992,0.09048062562942505,0.007090851664543152,0.04474934563040733,7.770011901855469,0.9383198880329495
1DCSA,311,"[219, 182, 33]",4.0,ln_all,0.8387096774193549,0.7161290322580646,0.5562700964630225,0.004587170202285051,0.09186766296625137,7.77943387220148e-06,0.045642465353012085,7.750621795654297,0.9359783057407415
1DCSA,311,"[219, 182, 33]",8.0,ln_all,0.8387096774193549,0.7161290322580646,0.5594855305466238,0.00884597934782505,0.09186872839927673,1.4109662049843763e-10,0.04701915755867958,7.743879795074463,0.9351641302530981
1DCSA,311,"[219, 182, 33]",10.0,ln_all,0.7741935483870968,0.6774193548387096,0.5755627009646302,0.05082271620631218,0.09186872839927673,1.318291504605329e-12,0.04772213101387024,7.7409162521362305,0.9348062477539324
1DCSA,311,"[219, 182, 33]",12.0,ln_all,0.43548387096774194,0.3225806451612903,0.2733118971061093,0.24083095788955688,0.09186872839927673,1.4848479095038412e-14,0.04836246743798256,7.738372802734375,0.9344990964666356
1DCSA,311,"[219, 182, 33]",14.0,ln_all,0.06451612903225806,0.05806451612903226,0.08038585209003216,0.39236539602279663,0.09186872839927673,1.8314338597762609e-16,0.04890551045536995,7.73631477355957,0.9342505653537797
1DCSA,311,"[219, 182, 33]",16.0,ln_all,0.0967741935483871,0.07096774193548387,0.06430868167202572,0.4284019470214844,0.09186872839927673,2.368705096324959e-18,0.049335405230522156,7.734748840332031,0.9340614605867227
1DCSA,311,"[219, 182, 33]",32.0,ln_all,0.08064516129032258,0.03870967741935484,0.05466237942122187,1.3666712045669556,0.09186872839927673,2.7900009441881594e-33,0.04983045905828476,7.73306131362915,0.9338576719842211
1DCSA,311,"[219, 182, 33]",0.0,k_only,0.8064516129032258,0.7290322580645161,0.5755627009646302,0.0,0.9320513010025024,0.9162271618843079,0.4313772916793823,2.2273120880126953,0.2689740061452717
1DCSA,311,"[219, 182, 33]",0.5,k_only,0.8064516129032258,0.7354838709677419,0.5755627009646302,1.806057753128698e-06,0.9074159860610962,0.8878477811813354,0.41967591643333435,2.494861602783203,0.3012837418205521
1DCSA,311,"[219, 182, 33]",1.0,k_only,0.8064516129032258,0.7354838709677419,0.5787781350482315,8.885346687748097e-06,0.875747799873352,0.8517006039619446,0.4039872884750366,2.8216166496276855,0.3407432385165739
1DCSA,311,"[219, 182, 33]",2.0,k_only,0.8225806451612904,0.7354838709677419,0.5787781350482315,5.1631654059747234e-05,0.7815996408462524,0.7527114748954773,0.3591703772544861,3.6545560359954834,0.44133041928630085
1DCSA,311,"[219, 182, 33]",4.0,k_only,0.8225806451612904,0.7290322580645161,0.5787781350482315,0.00033532860106788576,0.48235470056533813,0.46546438336372375,0.22524091601371765,5.708573818206787,0.6893771095316472
1DCSA,311,"[219, 182, 33]",8.0,k_only,0.8225806451612904,0.7354838709677419,0.5659163987138264,0.001194837735965848,0.10419726371765137,0.06465870887041092,0.04156294837594032,7.685544967651367,0.9281195170108726
1DCSA,311,"[219, 182, 33]",10.0,k_only,0.8225806451612904,0.7354838709677419,0.5659163987138264,0.001374928280711174,0.09053578227758408,0.01906079426407814,0.043765850365161896,7.771689414978027,0.9385224673784145
1DCSA,311,"[219, 182, 33]",12.0,k_only,0.8225806451612904,0.7354838709677419,0.5627009646302251,0.0014469994930550456,0.09078354388475418,0.005553754512220621,0.044415224343538284,7.771622180938721,0.9385143480811687
1DCSA,311,"[219, 182, 33]",14.0,k_only,0.8225806451612904,0.7354838709677419,0.5627009646302251,0.0014749120455235243,0.09137848019599915,0.0016517145559191704,0.044600144028663635,7.764321804046631,0.9376327421178178
1DCSA,311,"[219, 182, 33]",16.0,k_only,0.8225806451612904,0.7354838709677419,0.5627009646302251,0.0014860170194879174,0.09152522683143616,0.0005072088097222149,0.04465322196483612,7.760103225708008,0.937123299403398
1DCSA,311,"[219, 182, 33]",32.0,k_only,0.8225806451612904,0.7354838709677419,0.5627009646302251,0.0014941093977540731,0.09158985316753387,1.7117469042204903e-07,0.044675588607788086,7.7569475173950195,0.9367422106858633
1DCSA,311,"[219, 182, 33]",0.0,q_only,0.8064516129032258,0.7290322580645161,0.5755627009646302,0.0,0.9320513010025024,0.9162271618843079,0.4313772916793823,2.2273120880126953,0.2689740061452717
1DCSA,311,"[219, 182, 33]",0.5,q_only,0.8064516129032258,0.7290322580645161,0.5755627009646302,6.85133727529319e-07,0.9320513010025024,0.9163456559181213,0.4315921366214752,2.225743532180786,0.26878458466803834
1DCSA,311,"[219, 182, 33]",1.0,q_only,0.8064516129032258,0.7290322580645161,0.572347266881029,2.5472722882113885e-06,0.9322317838668823,0.9164527058601379,0.4318014979362488,2.224310874938965,0.2686115745363017
1DCSA,311,"[219, 182, 33]",2.0,q_only,0.8064516129032258,0.7290322580645161,0.572347266881029,8.63200330059044e-06,0.9322317838668823,0.9166321754455566,0.43219611048698425,2.221867084503174,0.2683164582357025
1DCSA,311,"[219, 182, 33]",4.0,q_only,0.8225806451612904,0.7354838709677419,0.572347266881029,2.3240514565259218e-05,0.9332634210586548,0.9168698787689209,0.4328709840774536,2.2185370922088623,0.26791432268736404
1DCSA,311,"[219, 182, 33]",8.0,q_only,0.8225806451612904,0.7354838709677419,0.572347266881029,4.091930895810947e-05,0.9332634210586548,0.9170517921447754,0.4338740408420563,2.215850830078125,0.2675899250913785
1DCSA,311,"[219, 182, 33]",10.0,q_only,0.8225806451612904,0.7354838709677419,0.572347266881029,4.488926424528472e-05,0.9332634210586548,0.917079746723175,0.43428781628608704,2.215407371520996,0.2675363722797576
1DCSA,311,"[219, 182, 33]",12.0,q_only,0.8225806451612904,0.7354838709677419,0.572347266881029,4.770399391418323e-05,0.9332634210586548,0.9170929193496704,0.43467026948928833,2.2151846885681152,0.2675094807066103
1DCSA,311,"[219, 182, 33]",14.0,q_only,0.8225806451612904,0.7354838709677419,0.572347266881029,5.012395195080899e-05,0.9332634210586548,0.9170993566513062,0.43502429127693176,2.215067148208618,0.26749528633234737
1DCSA,311,"[219, 182, 33]",16.0,q_only,0.8225806451612904,0.7354838709677419,0.5755627009646302,5.2462037274381146e-05,0.9332634210586548,0.9171025156974792,0.43534761667251587,2.215000867843628,0.2674872822024384
1DCSA,311,"[219, 182, 33]",32.0,q_only,0.8225806451612904,0.7290322580645161,0.5755627009646302,6.689058500342071e-05,0.9332634210586548,0.9171066880226135,0.4368430972099304,2.2148525714874268,0.26746937368156304
1DCSA,311,"[219, 182, 33]",0.0,v_only,0.8064516129032258,0.7290322580645161,0.5755627009646302,0.0,0.9320513010025024,0.9162271618843079,0.4313772916793823,2.2273120880126953,0.2689740061452717
1DCSA,311,"[219, 182, 33]",0.5,v_only,0.8064516129032258,0.7354838709677419,0.5755627009646302,9.74001068243524e-06,0.9320513010025024,0.9162271618843079,0.4313772916793823,2.2273120880126953,0.2689740061452717
1DCSA,311,"[219, 182, 33]",1.0,v_only,0.8064516129032258,0.7290322580645161,0.5755627009646302,3.942224066122435e-05,0.9320513010025024,0.9162271618843079,0.4313772916793823,2.2273120880126953,0.2689740061452717
1DCSA,311,"[219, 182, 33]",2.0,v_only,0.8225806451612904,0.7290322580645161,0.5755627009646302,0.00016285361198242754,0.9320513010025024,0.9162271618843079,0.4313772916793823,2.2273120880126953,0.2689740061452717
1DCSA,311,"[219, 182, 33]",4.0,v_only,0.8387096774193549,0.7354838709677419,0.572347266881029,0.0007138605578802526,0.9320513010025024,0.9162271618843079,0.4313772916793823,2.2273120880126953,0.2689740061452717
1DCSA,311,"[219, 182, 33]",8.0,v_only,0.8548387096774194,0.7354838709677419,0.572347266881029,0.003616649890318513,0.9320513010025024,0.9162271618843079,0.4313772916793823,2.2273120880126953,0.2689740061452717
1DCSA,311,"[219, 182, 33]",10.0,v_only,0.8709677419354839,0.7290322580645161,0.5755627009646302,0.00659608468413353,0.9320513010025024,0.9162271618843079,0.4313772916793823,2.2273120880126953,0.2689740061452717
1DCSA,311,"[219, 182, 33]",12.0,v_only,0.9193548387096774,0.7161290322580646,0.5787781350482315,0.013420233502984047,0.9320513010025024,0.9162271618843079,0.4313772916793823,2.2273120880126953,0.2689740061452717
1DCSA,311,"[219, 182, 33]",14.0,v_only,0.8870967741935484,0.7225806451612903,0.5627009646302251,0.02498621679842472,0.9320513010025024,0.9162271618843079,0.4313772916793823,2.2273120880126953,0.2689740061452717
1DCSA,311,"[219, 182, 33]",16.0,v_only,0.8709677419354839,0.6967741935483871,0.5498392282958199,0.04649974778294563,0.9320513010025024,0.9162271618843079,0.4313772916793823,2.2273120880126953,0.2689740061452717
1DCSA,311,"[219, 182, 33]",32.0,v_only,0.03225806451612903,0.05806451612903226,0.05144694533762058,0.3423090875148773,0.9320513010025024,0.9162271618843079,0.4313772916793823,2.2273120880126953,0.2689740061452717
1DPGA,485,"[113, 438, 112]",0.0,ln_all,0.8865979381443299,0.7479338842975206,0.5731958762886598,0.0,0.977288007736206,0.9663628935813904,0.8806941509246826,0.8484514951705933,0.09509825395394284
1DPGA,485,"[113, 438, 112]",0.5,ln_all,0.8865979381443299,0.7479338842975206,0.5711340206185567,0.0006885422044433653,0.8956860303878784,0.839659571647644,0.7917761206626892,1.8209023475646973,0.2040949127436225
1DPGA,485,"[113, 438, 112]",1.0,ln_all,0.8969072164948454,0.756198347107438,0.5670103092783505,0.00357604306191206,0.6670069098472595,0.5060133337974548,0.47918030619621277,3.9385879039764404,0.4414546203810623
1DPGA,485,"[113, 438, 112]",2.0,ln_all,0.8762886597938144,0.7355371900826446,0.5835051546391753,0.016446687281131744,0.4551388621330261,0.04704831913113594,0.18980905413627625,5.763925552368164,0.6460466615602071
1DPGA,485,"[113, 438, 112]",4.0,ln_all,0.8865979381443299,0.731404958677686,0.5793814432989691,0.02891123667359352,0.46482717990875244,0.00016848610539454967,0.20176231861114502,5.755614280700684,0.645115096905995
1DPGA,485,"[113, 438, 112]",8.0,ln_all,0.8865979381443299,0.71900826446281,0.5525773195876289,0.03365334868431091,0.4648369252681732,5.577283967994617e-09,0.20347733795642853,5.746705055236816,0.6441165109048879
1DPGA,485,"[113, 438, 112]",10.0,ln_all,0.8865979381443299,0.6363636363636364,0.44742268041237115,0.26914170384407043,0.4648369252681732,4.18857726280919e-11,0.2038712352514267,5.7458882331848145,0.6440249578209714
1DPGA,485,"[113, 438, 112]",12.0,ln_all,0.6907216494845361,0.5537190082644629,0.3917525773195876,0.4783147871494293,0.4648369252681732,3.609841917572021e-13,0.20413143932819366,5.745458602905273,0.6439768029297812
1DPGA,485,"[113, 438, 112]",14.0,ln_all,0.422680412371134,0.28512396694214875,0.21443298969072164,0.5807409882545471,0.4648369252681732,3.541647616861097e-15,0.20430779457092285,5.745199203491211,0.6439477282784966
1DPGA,485,"[113, 438, 112]",16.0,ln_all,0.38144329896907214,0.19421487603305784,0.12164948453608247,0.7942209839820862,0.4648369252681732,3.921329434018678e-17,0.20442888140678406,5.745029926300049,0.6439287549306913
1DPGA,485,"[113, 438, 112]",32.0,ln_all,0.18556701030927836,0.11983471074380166,0.08247422680412371,2.3087551593780518,0.4648369252681732,9.696072205723743e-32,0.20469333231449127,5.744688034057617,0.6438904341127297
1DPGA,485,"[113, 438, 112]",0.0,k_only,0.8865979381443299,0.7479338842975206,0.5731958762886598,0.0,0.977288007736206,0.9663628935813904,0.8806941509246826,0.8484514951705933,0.09509825395394284
1DPGA,485,"[113, 438, 112]",0.5,k_only,0.8865979381443299,0.7520661157024794,0.5731958762886598,9.780453638086328e-07,0.970260500907898,0.9552381038665771,0.8779503107070923,0.9312505125999451,0.10437873967581696
1DPGA,485,"[113, 438, 112]",1.0,k_only,0.8865979381443299,0.7479338842975206,0.5731958762886598,4.536924279818777e-06,0.9609225988388062,0.9407406449317932,0.8710417747497559,1.0436289310455322,0.11697461750396804
1DPGA,485,"[113, 438, 112]",2.0,k_only,0.8865979381443299,0.7479338842975206,0.5711340206185567,2.7927046176046133e-05,0.9338603019714355,0.8980430364608765,0.8411334156990051,1.3788816928863525,0.15455125266316322
1DPGA,485,"[113, 438, 112]",4.0,k_only,0.8762886597938144,0.743801652892562,0.5649484536082474,0.00031060812762007117,0.8239423036575317,0.7336547374725342,0.694650411605835,2.5677130222320557,0.2878008070690868
1DPGA,485,"[113, 438, 112]",8.0,k_only,0.8762886597938144,0.743801652892562,0.554639175257732,0.0030557499267160892,0.5099143981933594,0.23879598081111908,0.22498562932014465,5.202546119689941,0.5831247336041252
1DPGA,485,"[113, 438, 112]",10.0,k_only,0.8762886597938144,0.7396694214876033,0.5525773195876289,0.004342230968177319,0.47475236654281616,0.09953488409519196,0.17691509425640106,5.665963172912598,0.6350665981241413
1DPGA,485,"[113, 438, 112]",12.0,k_only,0.8762886597938144,0.7396694214876033,0.5525773195876289,0.004963718820363283,0.45314764976501465,0.038150008767843246,0.19083735346794128,5.788717269897461,0.6488254285998968
1DPGA,485,"[113, 438, 112]",14.0,k_only,0.8762886597938144,0.7396694214876033,0.5525773195876289,0.005215937737375498,0.45753413438796997,0.014399005100131035,0.19611066579818726,5.803987979888916,0.6505370383561297
1DPGA,485,"[113, 438, 112]",16.0,k_only,0.8762886597938144,0.743801652892562,0.5525773195876289,0.005322977434843779,0.4609943926334381,0.005530219990760088,0.19802269339561462,5.797712326049805,0.6498336348900319
1DPGA,485,"[113, 438, 112]",32.0,k_only,0.8762886597938144,0.743801652892562,0.5505154639175258,0.005455293692648411,0.46144533157348633,1.364874879072886e-05,0.19913309812545776,5.782225608825684,0.6480978140730785
1DPGA,485,"[113, 438, 112]",0.0,q_only,0.8865979381443299,0.7479338842975206,0.5731958762886598,0.0,0.977288007736206,0.9663628935813904,0.8806941509246826,0.8484514951705933,0.09509825395394284
1DPGA,485,"[113, 438, 112]",0.5,q_only,0.8865979381443299,0.7479338842975206,0.5731958762886598,2.589124221685779e-07,0.977288007736206,0.9664358496665955,0.8807836174964905,0.8473516702651978,0.09497498063925897
1DPGA,485,"[113, 438, 112]",1.0,q_only,0.8865979381443299,0.7479338842975206,0.5731958762886598,8.383856879845553e-07,0.977288007736206,0.9664911031723022,0.8808528184890747,0.8465166687965393,0.09488138992468025
1DPGA,485,"[113, 438, 112]",2.0,q_only,0.8865979381443299,0.7479338842975206,0.5731958762886598,2.1653204385074787e-06,0.9776273965835571,0.9665647745132446,0.8809481859207153,0.8454008102416992,0.09475631948655988
1DPGA,485,"[113, 438, 112]",4.0,q_only,0.8865979381443299,0.7479338842975206,0.5731958762886598,4.11661767429905e-06,0.9776890873908997,0.9666324257850647,0.8810420632362366,0.8443636894226074,0.09464007432747146
1DPGA,485,"[113, 438, 112]",8.0,q_only,0.8865979381443299,0.7479338842975206,0.5731958762886598,5.589303327724338e-06,0.9776890873908997,0.9666670560836792,0.8810977339744568,0.8438186645507812,0.09457898549214362
1DPGA,485,"[113, 438, 112]",10.0,q_only,0.8865979381443299,0.7479338842975206,0.5731958762886598,5.847814463777468e-06,0.9776890873908997,0.9666717648506165,0.8811067342758179,0.8437432050704956,0.0945705276547065
1DPGA,485,"[113, 438, 112]",12.0,q_only,0.8865979381443299,0.7479338842975206,0.5731958762886598,6.0118768487882335e-06,0.9776890873908997,0.966674268245697,0.8811119198799133,0.8437031507492065,0.09456603818649342
1DPGA,485,"[113, 438, 112]",14.0,q_only,0.8865979381443299,0.7479338842975206,0.5731958762886598,6.116132681199815e-06,0.9776890873908997,0.9666758179664612,0.881115198135376,0.8436794877052307,0.09456338592625445
1DPGA,485,"[113, 438, 112]",16.0,q_only,0.8865979381443299,0.7479338842975206,0.5731958762886598,6.18272133579012e-06,0.9776890873908997,0.9666768312454224,0.8811174035072327,0.8436642289161682,0.09456167565264947
1DPGA,485,"[113, 438, 112]",32.0,q_only,0.8865979381443299,0.7479338842975206,0.5731958762886598,6.414554263756145e-06,0.9776890873908997,0.9666802287101746,0.8811239004135132,0.8436242341995239,0.09455719286519268
1DPGA,485,"[113, 438, 112]",0.0,v_only,0.8865979381443299,0.7479338842975206,0.5731958762886598,0.0,0.977288007736206,0.9663628935813904,0.8806941509246826,0.8484514951705933,0.09509825395394284
1DPGA,485,"[113, 438, 112]",0.5,v_only,0.8865979381443299,0.7479338842975206,0.5752577319587628,1.2589119251060765e-05,0.977288007736206,0.9663628935813904,0.8806941509246826,0.8484514951705933,0.09509825395394284
1DPGA,485,"[113, 438, 112]",1.0,v_only,0.8865979381443299,0.743801652892562,0.5731958762886598,5.1300114137120545e-05,0.977288007736206,0.9663628935813904,0.8806941509246826,0.8484514951705933,0.09509825395394284
1DPGA,485,"[113, 438, 112]",2.0,v_only,0.8865979381443299,0.7355371900826446,0.5711340206185567,0.00021665429812856019,0.977288007736206,0.9663628935813904,0.8806941509246826,0.8484514951705933,0.09509825395394284
1DPGA,485,"[113, 438, 112]",4.0,v_only,0.8865979381443299,0.7272727272727273,0.5670103092783505,0.0010310072684660554,0.977288007736206,0.9663628935813904,0.8806941509246826,0.8484514951705933,0.09509825395394284
1DPGA,485,"[113, 438, 112]",8.0,v_only,0.8865979381443299,0.7148760330578512,0.5628865979381443,0.00741861155256629,0.977288007736206,0.9663628935813904,0.8806941509246826,0.8484514951705933,0.09509825395394284
1DPGA,485,"[113, 438, 112]",10.0,v_only,0.8865979381443299,0.71900826446281,0.5505154639175258,0.016444917768239975,0.977288007736206,0.9663628935813904,0.8806941509246826,0.8484514951705933,0.09509825395394284
1DPGA,485,"[113, 438, 112]",12.0,v_only,0.8762886597938144,0.6859504132231405,0.5360824742268041,0.03683491051197052,0.977288007736206,0.9663628935813904,0.8806941509246826,0.8484514951705933,0.09509825395394284
1DPGA,485,"[113, 438, 112]",14.0,v_only,0.8350515463917526,0.640495867768595,0.5030927835051546,0.11317579448223114,0.977288007736206,0.9663628935813904,0.8806941509246826,0.8484514951705933,0.09509825395394284
1DPGA,485,"[113, 438, 112]",16.0,v_only,0.7731958762886598,0.5867768595041323,0.4350515463917526,0.2724623680114746,0.977288007736206,0.9663628935813904,0.8806941509246826,0.8484514951705933,0.09509825395394284
1DPGA,485,"[113, 438, 112]",32.0,v_only,0.38144329896907214,0.24380165289256198,0.1731958762886598,0.5734137892723083,0.977288007736206,0.9663628935813904,0.8806941509246826,0.8484514951705933,0.09509825395394284
1DXYA,333,"[228, 71, 200]",0.0,ln_all,0.9090909090909091,0.8614457831325302,0.6996996996996997,0.0,0.8037060499191284,0.7961131930351257,0.3845953941345215,3.1332740783691406,0.37392679278955565
1DXYA,333,"[228, 71, 200]",0.5,ln_all,0.9090909090909091,0.8493975903614458,0.7027027027027027,0.0010738382115960121,0.45748957991600037,0.40193772315979004,0.18619048595428467,5.129183292388916,0.6121197859432208
1DXYA,333,"[228, 71, 200]",1.0,ln_all,0.9090909090909091,0.8493975903614458,0.7087087087087087,0.0033630765974521637,0.3922293782234192,0.10459078848361969,0.164872944355011,5.950812816619873,0.7101735422289787
1DXYA,333,"[228, 71, 200]",2.0,ln_all,0.8939393939393939,0.8554216867469879,0.7177177177177178,0.007247980684041977,0.417270302772522,0.004036202561110258,0.18374595046043396,5.946008682250977,0.709600213974967
1DXYA,333,"[228, 71, 200]",4.0,ln_all,0.9090909090909091,0.8554216867469879,0.7147147147147147,0.010679983533918858,0.41951125860214233,9.03811178432079e-06,0.18503260612487793,5.9196696281433105,0.7064568955861983
1DXYA,333,"[228, 71, 200]",8.0,ln_all,0.8939393939393939,0.8554216867469879,0.7117117117117117,0.01494896225631237,0.41951173543930054,1.0448639176097174e-10,0.18567299842834473,5.912569046020508,0.7056095078908644
1DXYA,333,"[228, 71, 200]",10.0,ln_all,0.9090909090909091,0.8674698795180723,0.7267267267267268,0.028713546693325043,0.41951173543930054,4.637620040597035e-13,0.1857917308807373,5.91129732131958,0.7054577395083881
1DXYA,333,"[228, 71, 200]",12.0,ln_all,0.9090909090909091,0.8313253012048193,0.7237237237237237,0.10360170155763626,0.41951173543930054,2.483693301345109e-15,0.18582278490066528,5.910767555236816,0.7053945169088638
1DXYA,333,"[228, 71, 200]",14.0,ln_all,0.8484848484848485,0.7228915662650602,0.5285285285285285,0.2958066463470459,0.41951173543930054,1.563248107813952e-17,0.18578895926475525,5.910678863525391,0.7053839323872513
1DXYA,333,"[228, 71, 200]",16.0,ln_all,0.803030303030303,0.6024096385542169,0.4024024024024024,0.48209112882614136,0.41951173543930054,1.0997835410396185e-19,0.18570703268051147,5.910866737365723,0.7054063533631402
1DXYA,333,"[228, 71, 200]",32.0,ln_all,0.12121212121212122,0.12048192771084337,0.11411411411411411,1.9493334293365479,0.41951173543930054,1.7513041672963164e-36,0.1846046894788742,5.915440082550049,0.7059521390985473
1DXYA,333,"[228, 71, 200]",0.0,k_only,0.9090909090909091,0.8614457831325302,0.6996996996996997,0.0,0.8037060499191284,0.7961131930351257,0.3845953941345215,3.1332740783691406,0.37392679278955565
1DXYA,333,"[228, 71, 200]",0.5,k_only,0.9090909090909091,0.8614457831325302,0.6996996996996997,6.672300969512435e-06,0.7498196363449097,0.7416361570358276,0.356478214263916,3.4707608222961426,0.41420266161214464
1DXYA,333,"[228, 71, 200]",1.0,k_only,0.9090909090909091,0.8614457831325302,0.6996996996996997,3.0246979804360308e-05,0.6860703825950623,0.6789095997810364,0.32435616850852966,3.831735134124756,0.45728155076305665
1DXYA,333,"[228, 71, 200]",2.0,k_only,0.9090909090909091,0.8554216867469879,0.7057057057057057,0.00014566717436537147,0.5582312345504761,0.5353177785873413,0.25194525718688965,4.562253952026367,0.5444621011452135
1DXYA,333,"[228, 71, 200]",4.0,k_only,0.9090909090909091,0.8554216867469879,0.7057057057057057,0.0006253398023545742,0.3980705142021179,0.25578010082244873,0.13638918101787567,5.625485420227051,0.6713487771758486
1DXYA,333,"[228, 71, 200]",8.0,k_only,0.9090909090909091,0.8493975903614458,0.7057057057057057,0.0013568035792559385,0.40810272097587585,0.030526526272296906,0.1781381517648697,5.996166706085205,0.7155861023830303
1DXYA,333,"[228, 71, 200]",10.0,k_only,0.9090909090909091,0.8493975903614458,0.7087087087087087,0.001456940546631813,0.41504597663879395,0.009880216792225838,0.18187101185321808,5.97139835357666,0.7126302324576576
1DXYA,333,"[228, 71, 200]",12.0,k_only,0.9090909090909091,0.8493975903614458,0.7087087087087087,0.0014932530466467142,0.41763240098953247,0.0032634183298796415,0.1830357164144516,5.953011512756348,0.710435935934115
1DXYA,333,"[228, 71, 200]",14.0,k_only,0.9090909090909091,0.8493975903614458,0.7087087087087087,0.0015065220650285482,0.41856861114501953,0.001106442417949438,0.1834038645029068,5.943719863891602,0.7093270650301277
1DXYA,333,"[228, 71, 200]",16.0,k_only,0.9090909090909091,0.8493975903614458,0.7087087087087087,0.0015115218702703714,0.4189091920852661,0.0003845955361612141,0.1835232675075531,5.939534664154053,0.7088276008032829
1DXYA,333,"[228, 71, 200]",32.0,k_only,0.9090909090909091,0.8493975903614458,0.7087087087087087,0.0015149818500503898,0.4191061854362488,1.7929943396666204e-07,0.18358327448368073,5.936448097229004,0.7084592480699611
1DXYA,333,"[228, 71, 200]",0.0,q_only,0.9090909090909091,0.8614457831325302,0.6996996996996997,0.0,0.8037060499191284,0.7961131930351257,0.3845953941345215,3.1332740783691406,0.37392679278955565
1DXYA,333,"[228, 71, 200]",0.5,q_only,0.9090909090909091,0.8614457831325302,0.6996996996996997,1.4412239579542074e-07,0.8037060499191284,0.7962125539779663,0.3846735656261444,3.1322638988494873,0.3738062373646302
1DXYA,333,"[228, 71, 200]",1.0,q_only,0.9090909090909091,0.8614457831325302,0.6996996996996997,5.578230002356577e-07,0.8037060499191284,0.7963075041770935,0.3847481608390808,3.1313116550445557,0.373692596022371
1DXYA,333,"[228, 71, 200]",2.0,q_only,0.9090909090909091,0.8614457831325302,0.6996996996996997,2.0623642740247305e-06,0.8037060499191284,0.7964842915534973,0.38488563895225525,3.129579544067383,0.3734858848677608
1DXYA,333,"[228, 71, 200]",4.0,q_only,0.9090909090909091,0.8614457831325302,0.6996996996996997,6.912638127687387e-06,0.8037060499191284,0.7967886924743652,0.3851095139980316,3.126772403717041,0.37315087906812144
1DXYA,333,"[228, 71, 200]",8.0,q_only,0.9090909090909091,0.8614457831325302,0.6966966966966966,2.0422832676558755e-05,0.8057056069374084,0.7972369194030762,0.3853423297405243,3.1233649253845215,0.37274422857649187
1DXYA,333,"[228, 71, 200]",10.0,q_only,0.9090909090909091,0.8614457831325302,0.6966966966966966,2.8728054530802183e-05,0.8057056069374084,0.7974023818969727,0.38535407185554504,3.1224842071533203,0.3726391231387589
1DXYA,333,"[228, 71, 200]",12.0,q_only,0.9090909090909091,0.8614457831325302,0.6966966966966966,3.8189758925000206e-05,0.8057056069374084,0.7975393533706665,0.385301798582077,3.1219844818115234,0.3725794856191357
1DXYA,333,"[228, 71, 200]",14.0,q_only,0.9090909090909091,0.8614457831325302,0.6966966966966966,4.8594840336591005e-05,0.8057056069374084,0.7976523637771606,0.38519150018692017,3.121770143508911,0.37255390635857205
1DXYA,333,"[228, 71, 200]",16.0,q_only,0.9090909090909091,0.8614457831325302,0.6966966966966966,5.945303928456269e-05,0.8057056069374084,0.7977442741394043,0.385029137134552,3.1217684745788574,0.37255370718746644
1DXYA,333,"[228, 71, 200]",32.0,q_only,0.9090909090909091,0.8554216867469879,0.7027027027027027,0.00014632579404860735,0.8057056069374084,0.7980111837387085,0.3830215334892273,3.124229907989502,0.37284745611522907
1DXYA,333,"[228, 71, 200]",0.0,v_only,0.9090909090909091,0.8614457831325302,0.6996996996996997,0.0,0.8037060499191284,0.7961131930351257,0.3845953941345215,3.1332740783691406,0.37392679278955565
1DXYA,333,"[228, 71, 200]",0.5,v_only,0.9090909090909091,0.8614457831325302,0.6996996996996997,1.712025550659746e-05,0.8037060499191284,0.7961131930351257,0.3845953941345215,3.1332740783691406,0.37392679278955565
1DXYA,333,"[228, 71, 200]",1.0,v_only,0.9090909090909091,0.8614457831325302,0.6996996996996997,6.88964719302021e-05,0.8037060499191284,0.7961131930351257,0.3845953941345215,3.1332740783691406,0.37392679278955565
1DXYA,333,"[228, 71, 200]",2.0,v_only,0.9090909090909091,0.8554216867469879,0.6996996996996997,0.0002794697356875986,0.8037060499191284,0.7961131930351257,0.3845953941345215,3.1332740783691406,0.37392679278955565
1DXYA,333,"[228, 71, 200]",4.0,v_only,0.9090909090909091,0.8614457831325302,0.6936936936936937,0.0011742248898372054,0.8037060499191284,0.7961131930351257,0.3845953941345215,3.1332740783691406,0.37392679278955565
1DXYA,333,"[228, 71, 200]",8.0,v_only,0.9090909090909091,0.8614457831325302,0.6966966966966966,0.005919644143432379,0.8037060499191284,0.7961131930351257,0.3845953941345215,3.1332740783691406,0.37392679278955565
1DXYA,333,"[228, 71, 200]",10.0,v_only,0.9090909090909091,0.8734939759036144,0.7057057057057057,0.011755108833312988,0.8037060499191284,0.7961131930351257,0.3845953941345215,3.1332740783691406,0.37392679278955565
1DXYA,333,"[228, 71, 200]",12.0,v_only,0.8939393939393939,0.8795180722891566,0.7087087087087087,0.024014491587877274,0.8037060499191284,0.7961131930351257,0.3845953941345215,3.1332740783691406,0.37392679278955565
1DXYA,333,"[228, 71, 200]",14.0,v_only,0.8939393939393939,0.891566265060241,0.7177177177177178,0.043845467269420624,0.8037060499191284,0.7961131930351257,0.3845953941345215,3.1332740783691406,0.37392679278955565
1DXYA,333,"[228, 71, 200]",16.0,v_only,0.8787878787878788,0.8855421686746988,0.7207207207207207,0.059125471860170364,0.8037060499191284,0.7961131930351257,0.3845953941345215,3.1332740783691406,0.37392679278955565
1DXYA,333,"[228, 71, 200]",32.0,v_only,0.42424242424242425,0.2710843373493976,0.21621621621621623,0.5610795617103577,0.8037060499191284,0.7961131930351257,0.3845953941345215,3.1332740783691406,0.37392679278955565
1DYPA,271,"[194, 101, 22]",0.0,ln_all,0.9074074074074074,0.7925925925925926,0.6457564575645757,0.0,0.9148665070533752,0.876807689666748,0.7932567596435547,1.7668359279632568,0.21860966915147206
1DYPA,271,"[194, 101, 22]",0.5,ln_all,0.9074074074074074,0.8074074074074075,0.6383763837638377,0.001859474228695035,0.5985123515129089,0.5263354182243347,0.4853956401348114,4.503098487854004,0.5571659795944165
1DYPA,271,"[194, 101, 22]",1.0,ln_all,0.9259259259259259,0.8296296296296296,0.6383763837638377,0.006676957942545414,0.24707399308681488,0.13360853493213654,0.12380710989236832,6.866959095001221,0.8496451945967716
1DYPA,271,"[194, 101, 22]",2.0,ln_all,0.9259259259259259,0.837037037037037,0.6383763837638377,0.014059207402169704,0.16819489002227783,0.0027967612259089947,0.0773908868432045,7.260236740112305,0.8983052283450733
1DYPA,271,"[194, 101, 22]",4.0,ln_all,0.9259259259259259,0.8074074074074075,0.6273062730627307,0.023501653224229813,0.1687525510787964,1.6430954019597266e-06,0.07790698111057281,7.244408130645752,0.8963467629189147
1DYPA,271,"[194, 101, 22]",8.0,ln_all,0.9444444444444444,0.8074074074074075,0.6199261992619927,0.04429546743631363,0.16884124279022217,2.8969608829865212e-12,0.07827437669038773,7.236483097076416,0.8953662027326591
1DYPA,271,"[194, 101, 22]",10.0,ln_all,0.6851851851851852,0.562962962962963,0.44649446494464945,0.19267144799232483,0.16884124279022217,6.192795096713645e-15,0.07819439470767975,7.236092567443848,0.8953178827090403
1DYPA,271,"[194, 101, 22]",12.0,ln_all,0.25925925925925924,0.2074074074074074,0.1881918819188192,0.2811815142631531,0.16884124279022217,1.626793280523133e-17,0.07801975309848785,7.236696720123291,0.8953926341985702
1DYPA,271,"[194, 101, 22]",14.0,ln_all,0.14814814814814814,0.08888888888888889,0.08856088560885608,0.38694941997528076,0.16884124279022217,4.890132161404671e-20,0.0778278261423111,7.2374982833862305,0.8954918111945447
1DYPA,271,"[194, 101, 22]",16.0,ln_all,0.1111111111111111,0.08888888888888889,0.05166051660516605,0.49806201457977295,0.16875261068344116,1.5909384491569689e-22,0.07765340805053711,7.238192081451416,0.8955776544599479
1DYPA,271,"[194, 101, 22]",32.0,ln_all,0.037037037037037035,0.02962962962962963,0.025830258302583026,1.6769156455993652,0.16835932433605194,3.9040175216089404e-42,0.07701407372951508,7.239387512207031,0.895725564471196
1DYPA,271,"[194, 101, 22]",0.0,k_only,0.9074074074074074,0.7925925925925926,0.6457564575645757,0.0,0.9148665070533752,0.876807689666748,0.7932567596435547,1.7668359279632568,0.21860966915147206
1DYPA,271,"[194, 101, 22]",0.5,k_only,0.9074074074074074,0.8,0.6420664206642066,6.254479558265302e-06,0.8815498352050781,0.838248074054718,0.7616838812828064,2.095040798187256,0.2592182830912393
1DYPA,271,"[194, 101, 22]",1.0,k_only,0.9074074074074074,0.8,0.6420664206642066,2.986517756653484e-05,0.8418369889259338,0.7904533743858337,0.7211105823516846,2.4916982650756836,0.3082965003894917
1DYPA,271,"[194, 101, 22]",2.0,k_only,0.9074074074074074,0.8,0.6457564575645757,0.00016472343122586608,0.7289404273033142,0.665418803691864,0.6110497713088989,3.480917453765869,0.43069206419667405
1DYPA,271,"[194, 101, 22]",4.0,k_only,0.9259259259259259,0.8,0.6420664206642066,0.000988430343568325,0.43577200174331665,0.3461677134037018,0.32022717595100403,5.703380584716797,0.7056762447134237
1DYPA,271,"[194, 101, 22]",8.0,k_only,0.9444444444444444,0.8074074074074075,0.6420664206642066,0.0026505289133638144,0.168327197432518,0.03213534504175186,0.07490970194339752,7.237462997436523,0.8954874452827647
1DYPA,271,"[194, 101, 22]",10.0,k_only,0.9444444444444444,0.8148148148148148,0.6420664206642066,0.002837836043909192,0.16695810854434967,0.008377891965210438,0.07670976221561432,7.269802570343018,0.8994888034290971
1DYPA,271,"[194, 101, 22]",12.0,k_only,0.9444444444444444,0.8148148148148148,0.6420664206642066,0.0028954013250768185,0.16815325617790222,0.0022191298194229603,0.0771544873714447,7.265090465545654,0.898905777210049
1DYPA,271,"[194, 101, 22]",14.0,k_only,0.9444444444444444,0.8148148148148148,0.6383763837638377,0.0029132957570254803,0.16827289760112762,0.0006101924809627235,0.07726454734802246,7.260521411895752,0.8983404506333522
1DYPA,271,"[194, 101, 22]",16.0,k_only,0.9444444444444444,0.8148148148148148,0.6383763837638377,0.0029190927743911743,0.16831089556217194,0.00017631176160648465,0.07729241251945496,7.2584228515625,0.8980807968800604
1DYPA,271,"[194, 101, 22]",32.0,k_only,0.9444444444444444,0.8148148148148148,0.6383763837638377,0.0029221244622021914,0.16832882165908813,1.0658555993359187e-07,0.07730244845151901,7.257097244262695,0.8979167801942727
1DYPA,271,"[194, 101, 22]",0.0,q_only,0.9074074074074074,0.7925925925925926,0.6457564575645757,0.0,0.9148665070533752,0.876807689666748,0.7932567596435547,1.7668359279632568,0.21860966915147206
1DYPA,271,"[194, 101, 22]",0.5,q_only,0.9074074074074074,0.7925925925925926,0.6457564575645757,1.3489928107901505e-07,0.9148665070533752,0.8768832087516785,0.7933335304260254,1.7657711505889893,0.21847792481357142
1DYPA,271,"[194, 101, 22]",1.0,q_only,0.9074074074074074,0.7925925925925926,0.6457564575645757,5.30140312093863e-07,0.9148665070533752,0.8769535422325134,0.7934069633483887,1.7647418975830078,0.21835057588685464
1DYPA,271,"[194, 101, 22]",2.0,q_only,0.9074074074074074,0.7925925925925926,0.6457564575645757,2.098706318065524e-06,0.9148665070533752,0.8770774006843567,0.793541669845581,1.7628026008605957,0.2181106277353804
1DYPA,271,"[194, 101, 22]",4.0,q_only,0.9074074074074074,0.7925925925925926,0.6457564575645757,8.256470209744293e-06,0.9149378538131714,0.8772442936897278,0.7937453985214233,1.7594873905181885,0.21770043852389168
1DYPA,271,"[194, 101, 22]",8.0,q_only,0.9074074074074074,0.7925925925925926,0.6420664206642066,3.3146428904728964e-05,0.9150174856185913,0.8771741986274719,0.7937943339347839,1.755496621131897,0.2172066627513995
1DYPA,271,"[194, 101, 22]",10.0,q_only,0.9074074074074074,0.7925925925925926,0.6457564575645757,5.2891209634253755e-05,0.9150174856185913,0.8769233226776123,0.7936292886734009,1.7547763586044312,0.21711754505216127
1DYPA,271,"[194, 101, 22]",12.0,q_only,0.9074074074074074,0.7925925925925926,0.6457564575645757,7.691575592616573e-05,0.9150174856185913,0.876563310623169,0.7933773398399353,1.7546744346618652,0.21710493405698605
1DYPA,271,"[194, 101, 22]",14.0,q_only,0.9074074074074074,0.7925925925925926,0.6457564575645757,0.00010225890582660213,0.9150174856185913,0.876152753829956,0.7930925488471985,1.7549338340759277,0.21713702940844953
1DYPA,271,"[194, 101, 22]",16.0,q_only,0.9074074074074074,0.7925925925925926,0.6457564575645757,0.0001252500369446352,0.9148665070533752,0.8757474422454834,0.7928178906440735,1.7553443908691406,0.21718782738199743
1DYPA,271,"[194, 101, 22]",32.0,q_only,0.9074074074074074,0.8,0.6494464944649446,0.00029495087801478803,0.9148665070533752,0.8727961182594299,0.7904285192489624,1.7605589628219604,0.21783302359480403
1DYPA,271,"[194, 101, 22]",0.0,v_only,0.9074074074074074,0.7925925925925926,0.6457564575645757,0.0,0.9148665070533752,0.876807689666748,0.7932567596435547,1.7668359279632568,0.21860966915147206
1DYPA,271,"[194, 101, 22]",0.5,v_only,0.9074074074074074,0.7925925925925926,0.6420664206642066,2.4937560738180764e-05,0.9148665070533752,0.876807689666748,0.7932567596435547,1.7668359279632568,0.21860966915147206
1DYPA,271,"[194, 101, 22]",1.0,v_only,0.9074074074074074,0.8,0.6383763837638377,9.751650941325352e-05,0.9148665070533752,0.876807689666748,0.7932567596435547,1.7668359279632568,0.21860966915147206
1DYPA,271,"[194, 101, 22]",2.0,v_only,0.9074074074074074,0.8,0.6383763837638377,0.0003741784312296659,0.9148665070533752,0.876807689666748,0.7932567596435547,1.7668359279632568,0.21860966915147206
1DYPA,271,"[194, 101, 22]",4.0,v_only,0.9074074074074074,0.8,0.6383763837638377,0.0014584297314286232,0.9148665070533752,0.876807689666748,0.7932567596435547,1.7668359279632568,0.21860966915147206
1DYPA,271,"[194, 101, 22]",8.0,v_only,0.9259259259259259,0.8,0.6309963099630996,0.00836927443742752,0.9148665070533752,0.876807689666748,0.7932567596435547,1.7668359279632568,0.21860966915147206
1DYPA,271,"[194, 101, 22]",10.0,v_only,0.9074074074074074,0.8,0.6383763837638377,0.017254004254937172,0.9148665070533752,0.876807689666748,0.7932567596435547,1.7668359279632568,0.21860966915147206
1DYPA,271,"[194, 101, 22]",12.0,v_only,0.8888888888888888,0.7777777777777778,0.6273062730627307,0.031652722507715225,0.9148665070533752,0.876807689666748,0.7932567596435547,1.7668359279632568,0.21860966915147206
1DYPA,271,"[194, 101, 22]",14.0,v_only,0.8703703703703703,0.762962962962963,0.6273062730627307,0.05596354603767395,0.9148665070533752,0.876807689666748,0.7932567596435547,1.7668359279632568,0.21860966915147206
1DYPA,271,"[194, 101, 22]",16.0,v_only,0.8703703703703703,0.7703703703703704,0.6309963099630996,0.08817623555660248,0.9148665070533752,0.876807689666748,0.7932567596435547,1.7668359279632568,0.21860966915147206
1DYPA,271,"[194, 101, 22]",32.0,v_only,0.5555555555555556,0.37037037037037035,0.24723247232472326,0.37606877088546753,0.9148665070533752,0.876807689666748,0.7932567596435547,1.7668359279632568,0.21860966915147206
1E0CA,271,"[85, 227, 84]",0.0,ln_all,0.9259259259259259,0.7925925925925926,0.6678966789667896,0.0,0.7835277915000916,0.7673701047897339,0.44343116879463196,2.955327033996582,0.3656610412496828
1E0CA,271,"[85, 227, 84]",0.5,ln_all,0.9074074074074074,0.8148148148148148,0.6605166051660517,0.0008935813093557954,0.4778693914413452,0.31321561336517334,0.17677371203899384,4.859278678894043,0.6012359650917855
1E0CA,271,"[85, 227, 84]",1.0,ln_all,0.9074074074074074,0.8148148148148148,0.6678966789667896,0.0023548586759716272,0.44810712337493896,0.06211370974779129,0.21270887553691864,5.29520845413208,0.6551733242035166
1E0CA,271,"[85, 227, 84]",2.0,ln_all,0.9074074074074074,0.8074074074074075,0.6642066420664207,0.004148426931351423,0.4758424162864685,0.001658533583395183,0.2258758395910263,5.210784912109375,0.6447276442747333
1E0CA,271,"[85, 227, 84]",4.0,ln_all,0.9444444444444444,0.8222222222222222,0.6678966789667896,0.005725599359720945,0.47703367471694946,1.8613634438224835e-06,0.22607974708080292,5.1949028968811035,0.6427625709820969
1E0CA,271,"[85, 227, 84]",8.0,ln_all,0.9444444444444444,0.8,0.6678966789667896,0.016250422224402428,0.47703614830970764,5.202630860845492e-12,0.2248714417219162,5.191120147705078,0.6422945334395237
1E0CA,271,"[85, 227, 84]",10.0,ln_all,0.9259259259259259,0.8222222222222222,0.6605166051660517,0.04126449301838875,0.47703614830970764,1.0235460584293293e-14,0.22427277266979218,5.190376281738281,0.6422024952992975
1E0CA,271,"[85, 227, 84]",12.0,ln_all,0.8703703703703703,0.7925925925925926,0.6531365313653137,0.21070711314678192,0.47703614830970764,2.1723470186426816e-17,0.22389760613441467,5.189859390258789,0.6421385405916019
1E0CA,271,"[85, 227, 84]",14.0,ln_all,0.6851851851851852,0.562962962962963,0.4095940959409594,0.3949735164642334,0.47703614830970764,4.916168640537058e-20,0.22374339401721954,5.189435005187988,0.6420860316526267
1E0CA,271,"[85, 227, 84]",16.0,ln_all,0.5370370370370371,0.37037037037037035,0.25830258302583026,0.48766255378723145,0.47703614830970764,1.1746605884396757e-22,0.2237406075000763,5.18906307220459,0.6420400125825136
1E0CA,271,"[85, 227, 84]",32.0,ln_all,0.2777777777777778,0.17037037037037037,0.13284132841328414,1.654886245727539,0.47703614830970764,3.615350037958028e-43,0.2244378924369812,5.187459945678711,0.6418416585905647
1E0CA,271,"[85, 227, 84]",0.0,k_only,0.9259259259259259,0.7925925925925926,0.6678966789667896,0.0,0.7835277915000916,0.7673701047897339,0.44343116879463196,2.955327033996582,0.3656610412496828
1E0CA,271,"[85, 227, 84]",0.5,k_only,0.9259259259259259,0.7925925925925926,0.6642066420664207,1.2929061085742433e-05,0.7307917475700378,0.7002409100532532,0.40347620844841003,3.3155055046081543,0.4102257317507673
1E0CA,271,"[85, 227, 84]",1.0,k_only,0.9259259259259259,0.8,0.6642066420664207,5.7499852118780836e-05,0.675048828125,0.6235118508338928,0.3580315411090851,3.690855026245117,0.45666752832200286
1E0CA,271,"[85, 227, 84]",2.0,k_only,0.9259259259259259,0.8,0.6642066420664207,0.000257438572589308,0.5651096105575562,0.4551660716533661,0.2591869831085205,4.394345283508301,0.5437100034933515
1E0CA,271,"[85, 227, 84]",4.0,k_only,0.9259259259259259,0.8148148148148148,0.6605166051660517,0.0008901118417270482,0.42770200967788696,0.17786221206188202,0.18711969256401062,5.179278373718262,0.6408293570456925
1E0CA,271,"[85, 227, 84]",8.0,k_only,0.9259259259259259,0.8222222222222222,0.6642066420664207,0.0015407667960971594,0.469027042388916,0.015471559017896652,0.2225794643163681,5.262535095214844,0.6511306668916981
1E0CA,271,"[85, 227, 84]",10.0,k_only,0.9259259259259259,0.8222222222222222,0.6642066420664207,0.0016057145548984408,0.47403955459594727,0.004408764652907848,0.224954754114151,5.231221675872803,0.6472562741798314
1E0CA,271,"[85, 227, 84]",12.0,k_only,0.9259259259259259,0.8222222222222222,0.6642066420664207,0.001625603181309998,0.4759891629219055,0.0012846890604123473,0.2256210446357727,5.216611385345459,0.645448550707697
1E0CA,271,"[85, 227, 84]",14.0,k_only,0.9259259259259259,0.8222222222222222,0.6642066420664207,0.0016316446708515286,0.47664839029312134,0.00038370880065485835,0.225812628865242,5.210775852203369,0.6447265232973843
1E0CA,271,"[85, 227, 84]",16.0,k_only,0.9259259259259259,0.8222222222222222,0.6642066420664207,0.0016335283871740103,0.4769091010093689,0.00011716030712705106,0.22586940228939056,5.208580493927002,0.6444548927861015
1E0CA,271,"[85, 227, 84]",32.0,k_only,0.9259259259259259,0.8222222222222222,0.6642066420664207,0.0016344040632247925,0.47703614830970764,1.4059097885876781e-08,0.2258942872285843,5.207324028015137,0.6442994309274502
1E0CA,271,"[85, 227, 84]",0.0,q_only,0.9259259259259259,0.7925925925925926,0.6678966789667896,0.0,0.7835277915000916,0.7673701047897339,0.44343116879463196,2.955327033996582,0.3656610412496828
1E0CA,271,"[85, 227, 84]",0.5,q_only,0.9259259259259259,0.7925925925925926,0.6678966789667896,4.7143124959347915e-08,0.7835277915000916,0.767540693283081,0.44355538487434387,2.95388126373291,0.3654821568643202
1E0CA,271,"[85, 227, 84]",1.0,q_only,0.9259259259259259,0.7925925925925926,0.6678966789667896,1.969630432085978e-07,0.7835277915000916,0.7677087187767029,0.443681538105011,2.952507495880127,0.36531218129894094
1E0CA,271,"[85, 227, 84]",2.0,q_only,0.9259259259259259,0.8,0.6678966789667896,7.602062055411807e-07,0.7835277915000916,0.7680363655090332,0.44393908977508545,2.949965000152588,0.36499759965555256
1E0CA,271,"[85, 227, 84]",4.0,q_only,0.9259259259259259,0.8,0.6678966789667896,2.772081643342972e-06,0.7835277915000916,0.7686530947685242,0.44447043538093567,2.9456253051757812,0.36446065150542545
1E0CA,271,"[85, 227, 84]",8.0,q_only,0.9074074074074074,0.8,0.6678966789667896,8.954394616011996e-06,0.7838758230209351,0.7697054147720337,0.44555142521858215,2.9393057823181152,0.3636787403051579
1E0CA,271,"[85, 227, 84]",10.0,q_only,0.9074074074074074,0.8,0.6678966789667896,1.241499194293283e-05,0.7838758230209351,0.7701345086097717,0.44607287645339966,2.9370241165161133,0.3633964310096565
1E0CA,271,"[85, 227, 84]",12.0,q_only,0.9074074074074074,0.8,0.6678966789667896,1.5749210433568805e-05,0.7838758230209351,0.7705006003379822,0.44656500220298767,2.935170888900757,0.3631671321429969
1E0CA,271,"[85, 227, 84]",14.0,q_only,0.9074074074074074,0.8,0.6715867158671587,1.8802096747094765e-05,0.7838758230209351,0.770808756351471,0.44701921939849854,2.933656930923462,0.3629798109281135
1E0CA,271,"[85, 227, 84]",16.0,q_only,0.9074074074074074,0.8,0.6715867158671587,2.1520119844353758e-05,0.7838758230209351,0.7710661888122559,0.4474309980869293,2.9324111938476562,0.3628256765426386
1E0CA,271,"[85, 227, 84]",32.0,q_only,0.9074074074074074,0.8074074074074075,0.6715867158671587,3.303175253677182e-05,0.7838758230209351,0.7720887660980225,0.44939595460891724,2.9273061752319336,0.36219403530593264
1E0CA,271,"[85, 227, 84]",0.0,v_only,0.9259259259259259,0.7925925925925926,0.6678966789667896,0.0,0.7835277915000916,0.7673701047897339,0.44343116879463196,2.955327033996582,0.3656610412496828
1E0CA,271,"[85, 227, 84]",0.5,v_only,0.9074074074074074,0.8,0.6642066420664207,5.242817223916063e-06,0.7835277915000916,0.7673701047897339,0.44343116879463196,2.955327033996582,0.3656610412496828
1E0CA,271,"[85, 227, 84]",1.0,v_only,0.9074074074074074,0.8,0.6642066420664207,2.2078053007135168e-05,0.7835277915000916,0.7673701047897339,0.44343116879463196,2.955327033996582,0.3656610412496828
1E0CA,271,"[85, 227, 84]",2.0,v_only,0.9074074074074074,0.8,0.6678966789667896,9.861946455202997e-05,0.7835277915000916,0.7673701047897339,0.44343116879463196,2.955327033996582,0.3656610412496828
1E0CA,271,"[85, 227, 84]",4.0,v_only,0.9074074074074074,0.8,0.6678966789667896,0.0005032657063566148,0.7835277915000916,0.7673701047897339,0.44343116879463196,2.955327033996582,0.3656610412496828
1E0CA,271,"[85, 227, 84]",8.0,v_only,0.9074074074074074,0.8074074074074075,0.6605166051660517,0.0029362612403929234,0.7835277915000916,0.7673701047897339,0.44343116879463196,2.955327033996582,0.3656610412496828
1E0CA,271,"[85, 227, 84]",10.0,v_only,0.9074074074074074,0.8,0.6568265682656826,0.005416964180767536,0.7835277915000916,0.7673701047897339,0.44343116879463196,2.955327033996582,0.3656610412496828
1E0CA,271,"[85, 227, 84]",12.0,v_only,0.8888888888888888,0.8148148148148148,0.6568265682656826,0.010540295392274857,0.7835277915000916,0.7673701047897339,0.44343116879463196,2.955327033996582,0.3656610412496828
1E0CA,271,"[85, 227, 84]",14.0,v_only,0.8888888888888888,0.8,0.6789667896678967,0.02433403581380844,0.7835277915000916,0.7673701047897339,0.44343116879463196,2.955327033996582,0.3656610412496828
1E0CA,271,"[85, 227, 84]",16.0,v_only,0.8888888888888888,0.8,0.6789667896678967,0.06996689736843109,0.7835277915000916,0.7673701047897339,0.44343116879463196,2.955327033996582,0.3656610412496828
1E0CA,271,"[85, 227, 84]",32.0,v_only,0.2222222222222222,0.14074074074074075,0.1070110701107011,0.5416722297668457,0.7835277915000916,0.7673701047897339,0.44343116879463196,2.955327033996582,0.3656610412496828
1E5KA,201,"[96, 9, 49]",0.0,ln_all,0.85,0.83,0.6915422885572139,0.0,0.9825016260147095,0.9683729410171509,0.8982670903205872,0.8101129531860352,0.10588256175553391
1E5KA,201,"[96, 9, 49]",0.5,ln_all,0.875,0.82,0.6865671641791045,0.00065854680724442,0.8703183531761169,0.8394332528114319,0.7691147923469543,2.1159722805023193,0.27655966341749744
1E5KA,201,"[96, 9, 49]",1.0,ln_all,0.85,0.82,0.6915422885572139,0.0033409397583454847,0.46187567710876465,0.42831578850746155,0.38475915789604187,5.287656784057617,0.6911019553238513
1E5KA,201,"[96, 9, 49]",2.0,ln_all,0.825,0.82,0.6965174129353234,0.008569731377065182,0.08722595125436783,0.011590812355279922,0.03768227621912956,7.3031415939331055,0.9545278072494351
1E5KA,201,"[96, 9, 49]",4.0,ln_all,0.825,0.83,0.6865671641791045,0.01168753020465374,0.08799983561038971,3.98429710912751e-06,0.03868913650512695,7.283950328826904,0.9520194899774022
1E5KA,201,"[96, 9, 49]",8.0,ln_all,0.825,0.8,0.6965174129353234,0.01575908623635769,0.08800002932548523,1.6228574040155763e-11,0.0399208590388298,7.275829315185547,0.9509580654871298
1E5KA,201,"[96, 9, 49]",10.0,ln_all,0.85,0.73,0.5771144278606966,0.1411946713924408,0.08800002932548523,7.535476149317377e-14,0.04044546186923981,7.273017406463623,0.9505905462446228
1E5KA,201,"[96, 9, 49]",12.0,ln_all,0.8,0.66,0.47761194029850745,0.2435031682252884,0.08800002932548523,3.9402003354667686e-16,0.04085257649421692,7.271111488342285,0.9503414408669222
1E5KA,201,"[96, 9, 49]",14.0,ln_all,0.75,0.6,0.4228855721393035,0.3340640962123871,0.08800002932548523,2.1690495458488002e-18,0.04114054515957832,7.26997184753418,0.9501924886896131
1E5KA,201,"[96, 9, 49]",16.0,ln_all,0.8,0.54,0.36318407960199006,0.39764150977134705,0.08800002932548523,1.2297330659720737e-20,0.04132504388689995,7.269418716430664,0.9501201939089945
1E5KA,201,"[96, 9, 49]",32.0,ln_all,0.2,0.12,0.1044776119402985,1.3166136741638184,0.08800002932548523,2.1872395492063592e-38,0.0410417765378952,7.272687911987305,0.9505474809916853
1E5KA,201,"[96, 9, 49]",0.0,k_only,0.85,0.83,0.6915422885572139,0.0,0.9825016260147095,0.9683729410171509,0.8982670903205872,0.8101129531860352,0.10588256175553391
1E5KA,201,"[96, 9, 49]",0.5,k_only,0.85,0.83,0.6915422885572139,1.3805213257001014e-06,0.9748149514198303,0.9580572247505188,0.8870457410812378,0.9303216934204102,0.12159396263039225
1E5KA,201,"[96, 9, 49]",1.0,k_only,0.85,0.83,0.6915422885572139,6.220458544703433e-06,0.964099109172821,0.9443075656890869,0.8725810050964355,1.0834306478500366,0.14160545394029272
1E5KA,201,"[96, 9, 49]",2.0,k_only,0.85,0.83,0.6915422885572139,3.3650889236014336e-05,0.9285131096839905,0.9018573760986328,0.8296732902526855,1.5237864255905151,0.19916038828326346
1E5KA,201,"[96, 9, 49]",4.0,k_only,0.85,0.83,0.6915422885572139,0.00032493920298293233,0.7507578134536743,0.7159996032714844,0.6512376666069031,3.1804513931274414,0.41568813301761587
1E5KA,201,"[96, 9, 49]",8.0,k_only,0.85,0.82,0.681592039800995,0.0030089260544627905,0.17889854311943054,0.1347135454416275,0.11731155216693878,6.9350175857543945,0.9064136364089571
1E5KA,201,"[96, 9, 49]",10.0,k_only,0.85,0.82,0.681592039800995,0.003825646359473467,0.09764458239078522,0.03588419407606125,0.0363302119076252,7.275298118591309,0.9508886375685012
1E5KA,201,"[96, 9, 49]",12.0,k_only,0.85,0.82,0.681592039800995,0.004089488182216883,0.08745987713336945,0.008905242197215557,0.037369053810834885,7.308449745178223,0.9552215878510271
1E5KA,201,"[96, 9, 49]",14.0,k_only,0.85,0.82,0.681592039800995,0.00416382635012269,0.0878656655550003,0.002210979349911213,0.03762563690543175,7.301597595214844,0.9543260050945703
1E5KA,201,"[96, 9, 49]",16.0,k_only,0.85,0.82,0.681592039800995,0.004184512421488762,0.08795984089374542,0.000562040600925684,0.0376884751021862,7.296238899230957,0.953625618245784
1E5KA,201,"[96, 9, 49]",32.0,k_only,0.85,0.82,0.681592039800995,0.00419299490749836,0.08800002932548523,3.910200874202019e-08,0.03770969435572624,7.292769432067871,0.9531721554666622
1E5KA,201,"[96, 9, 49]",0.0,q_only,0.85,0.83,0.6915422885572139,0.0,0.9825016260147095,0.9683729410171509,0.8982670903205872,0.8101129531860352,0.10588256175553391
1E5KA,201,"[96, 9, 49]",0.5,q_only,0.85,0.83,0.6915422885572139,1.712477768478493e-07,0.9825016260147095,0.9683985114097595,0.8985133171081543,0.808934211730957,0.10572849908511213
1E5KA,201,"[96, 9, 49]",1.0,q_only,0.85,0.83,0.6915422885572139,8.344803177351423e-07,0.9825016260147095,0.9684200286865234,0.8987799286842346,0.8077090978622437,0.10556837549450486
1E5KA,201,"[96, 9, 49]",2.0,q_only,0.85,0.83,0.6915422885572139,4.691423782787751e-06,0.9825016260147095,0.9684542417526245,0.8993815779685974,0.8050646781921387,0.10522274723621539
1E5KA,201,"[96, 9, 49]",4.0,q_only,0.85,0.83,0.6915422885572139,2.8617536372621544e-05,0.9825016260147095,0.9684985280036926,0.900739848613739,0.7993483543395996,0.10447561807237382
1E5KA,201,"[96, 9, 49]",8.0,q_only,0.85,0.82,0.6915422885572139,9.534295531921089e-05,0.9825016260147095,0.9685301184654236,0.9024460315704346,0.7923019528388977,0.10355464644845631
1E5KA,201,"[96, 9, 49]",10.0,q_only,0.85,0.82,0.6915422885572139,0.00010909041156992316,0.9825016260147095,0.9685333371162415,0.9026976823806763,0.7912639379501343,0.10341897687900872
1E5KA,201,"[96, 9, 49]",12.0,q_only,0.85,0.82,0.6915422885572139,0.00011450191959738731,0.9825016260147095,0.9685344696044922,0.9027923345565796,0.7908729314804077,0.10336787194788176
1E5KA,201,"[96, 9, 49]",14.0,q_only,0.85,0.82,0.6915422885572139,0.00011647881910903379,0.9825016260147095,0.9685348868370056,0.9028265476226807,0.7907309532165527,0.10334931524880486
1E5KA,201,"[96, 9, 49]",16.0,q_only,0.85,0.82,0.6915422885572139,0.0001171612020698376,0.9825016260147095,0.9685349464416504,0.9028387069702148,0.7906798124313354,0.10334263109775198
1E5KA,201,"[96, 9, 49]",32.0,q_only,0.85,0.82,0.6915422885572139,0.0001175444558612071,0.9825016260147095,0.9685350656509399,0.9028456807136536,0.7906496524810791,0.10333868916251567
1E5KA,201,"[96, 9, 49]",0.0,v_only,0.85,0.83,0.6915422885572139,0.0,0.9825016260147095,0.9683729410171509,0.8982670903205872,0.8101129531860352,0.10588256175553391
1E5KA,201,"[96, 9, 49]",0.5,v_only,0.85,0.83,0.6915422885572139,1.1196279956493527e-05,0.9825016260147095,0.9683729410171509,0.8982670903205872,0.8101129531860352,0.10588256175553391
1E5KA,201,"[96, 9, 49]",1.0,v_only,0.85,0.83,0.6915422885572139,4.581734901876189e-05,0.9825016260147095,0.9683729410171509,0.8982670903205872,0.8101129531860352,0.10588256175553391
1E5KA,201,"[96, 9, 49]",2.0,v_only,0.85,0.83,0.6915422885572139,0.00019454502034932375,0.9825016260147095,0.9683729410171509,0.8982670903205872,0.8101129531860352,0.10588256175553391
1E5KA,201,"[96, 9, 49]",4.0,v_only,0.85,0.83,0.6915422885572139,0.0009184284135699272,0.9825016260147095,0.9683729410171509,0.8982670903205872,0.8101129531860352,0.10588256175553391
1E5KA,201,"[96, 9, 49]",8.0,v_only,0.825,0.83,0.681592039800995,0.005318580660969019,0.9825016260147095,0.9683729410171509,0.8982670903205872,0.8101129531860352,0.10588256175553391
1E5KA,201,"[96, 9, 49]",10.0,v_only,0.85,0.84,0.681592039800995,0.009403781965374947,0.9825016260147095,0.9683729410171509,0.8982670903205872,0.8101129531860352,0.10588256175553391
1E5KA,201,"[96, 9, 49]",12.0,v_only,0.825,0.81,0.6666666666666666,0.025895878672599792,0.9825016260147095,0.9683729410171509,0.8982670903205872,0.8101129531860352,0.10588256175553391
1E5KA,201,"[96, 9, 49]",14.0,v_only,0.825,0.77,0.6218905472636815,0.06848102807998657,0.9825016260147095,0.9683729410171509,0.8982670903205872,0.8101129531860352,0.10588256175553391
1E5KA,201,"[96, 9, 49]",16.0,v_only,0.875,0.7,0.5970149253731343,0.1419558972120285,0.9825016260147095,0.9683729410171509,0.8982670903205872,0.8101129531860352,0.10588256175553391
1E5KA,201,"[96, 9, 49]",32.0,v_only,0.075,0.05,0.04477611940298507,0.4594149887561798,0.9825016260147095,0.9683729410171509,0.8982670903205872,0.8101129531860352,0.10588256175553391
1E6UA,321,"[101, 160, 216]",0.0,ln_all,0.9375,0.89375,0.7570093457943925,0.0,0.8633826971054077,0.8286659717559814,0.36020782589912415,2.5623135566711426,0.3077325714021874
1E6UA,321,"[101, 160, 216]",0.5,ln_all,0.921875,0.89375,0.7632398753894081,0.0006708171567879617,0.699964165687561,0.4013757109642029,0.31365966796875,3.9081950187683105,0.46937225911931935
1E6UA,321,"[101, 160, 216]",1.0,ln_all,0.921875,0.8875,0.7601246105919003,0.0021026120521128178,0.6033908128738403,0.08646341413259506,0.4783405661582947,4.154468536376953,0.498949584909387
1E6UA,321,"[101, 160, 216]",2.0,ln_all,0.921875,0.8875,0.735202492211838,0.004912155214697123,0.6565765738487244,0.0020581085700541735,0.5209081768989563,3.9721734523773193,0.477056036866787
1E6UA,321,"[101, 160, 216]",4.0,ln_all,0.9375,0.8875,0.7383177570093458,0.00737730460241437,0.6596007347106934,1.674523446126841e-06,0.5228537321090698,3.9504811763763428,0.4744508054125933
1E6UA,321,"[101, 160, 216]",8.0,ln_all,0.921875,0.89375,0.7320872274143302,0.011616131290793419,0.6596040725708008,4.7557613229443074e-12,0.5235103368759155,3.9468910694122314,0.4740196353690994
1E6UA,321,"[101, 160, 216]",10.0,ln_all,0.921875,0.85625,0.7102803738317757,0.0835970789194107,0.6596040725708008,1.2345428126233227e-14,0.5236099362373352,3.9464237689971924,0.47396351282392424
1E6UA,321,"[101, 160, 216]",12.0,ln_all,0.90625,0.74375,0.5420560747663551,0.18195439875125885,0.6596040725708008,3.773130431984697e-17,0.5236639380455017,3.946186065673828,0.4739349647741591
1E6UA,321,"[101, 160, 216]",14.0,ln_all,0.828125,0.65625,0.46417445482866043,0.34172913432121277,0.6596040725708008,1.27397575807501e-19,0.5236960053443909,3.946051597595215,0.47391881522544543
1E6UA,321,"[101, 160, 216]",16.0,ln_all,0.5625,0.4,0.2834890965732087,0.516039252281189,0.6596040725708008,4.574369371935764e-22,0.5237166285514832,3.9459686279296875,0.47390885061028165
1E6UA,321,"[101, 160, 216]",32.0,ln_all,0.140625,0.10625,0.06542056074766354,2.0862009525299072,0.6596040725708008,3.060015456546103e-41,0.5237664580345154,3.9457809925079346,0.4738863156903567
1E6UA,321,"[101, 160, 216]",0.0,k_only,0.9375,0.89375,0.7570093457943925,0.0,0.8633826971054077,0.8286659717559814,0.36020782589912415,2.5623135566711426,0.3077325714021874
1E6UA,321,"[101, 160, 216]",0.5,k_only,0.9375,0.89375,0.7570093457943925,2.2227989120437996e-06,0.8331281542778015,0.774305522441864,0.3382931053638458,2.802678108215332,0.33660023333530514
1E6UA,321,"[101, 160, 216]",1.0,k_only,0.9375,0.89375,0.7570093457943925,1.0622807167237625e-05,0.8066577911376953,0.7088910937309265,0.3112601041793823,3.0599451065063477,0.3674978706345708
1E6UA,321,"[101, 160, 216]",2.0,k_only,0.9375,0.89375,0.7538940809968847,5.559462442761287e-05,0.7558056712150574,0.5514727830886841,0.24438245594501495,3.5631754398345947,0.42793558095284656
1E6UA,321,"[101, 160, 216]",4.0,k_only,0.921875,0.8875,0.7570093457943925,0.00025238096714019775,0.640936017036438,0.24018977582454681,0.3982655107975006,4.136539459228516,0.4967963117475634
1E6UA,321,"[101, 160, 216]",8.0,k_only,0.921875,0.8875,0.7570093457943925,0.0005119680427014828,0.6373217701911926,0.02119143307209015,0.5098086595535278,4.059777736663818,0.4875772674160864
1E6UA,321,"[101, 160, 216]",10.0,k_only,0.921875,0.88125,0.7570093457943925,0.0005401039379648864,0.6502504348754883,0.005798993166536093,0.517187774181366,4.005764484405518,0.48109030294447974
1E6UA,321,"[101, 160, 216]",12.0,k_only,0.921875,0.88125,0.7570093457943925,0.0005492562195286155,0.6536973714828491,0.001606297679245472,0.5191372036933899,3.9834976196289062,0.4784160636668819
1E6UA,321,"[101, 160, 216]",14.0,k_only,0.921875,0.88125,0.7570093457943925,0.0005522161372937262,0.654761791229248,0.00045425447751767933,0.5196571946144104,3.975334644317627,0.4774356944313165
1E6UA,321,"[101, 160, 216]",16.0,k_only,0.921875,0.88125,0.7570093457943925,0.0005531810456886888,0.6550511717796326,0.00013134008622728288,0.5197991728782654,3.972482204437256,0.4770931178341349
1E6UA,321,"[101, 160, 216]",32.0,k_only,0.921875,0.88125,0.7570093457943925,0.0005536664975807071,0.6551673412322998,1.225031098783802e-08,0.5198546648025513,3.9710044860839844,0.47691564460199415
1E6UA,321,"[101, 160, 216]",0.0,q_only,0.9375,0.89375,0.7570093457943925,0.0,0.8633826971054077,0.8286659717559814,0.36020782589912415,2.5623135566711426,0.3077325714021874
1E6UA,321,"[101, 160, 216]",0.5,q_only,0.9375,0.89375,0.7570093457943925,5.976485795144981e-08,0.8653702735900879,0.8287505507469177,0.3603549301624298,2.5615572929382324,0.30764174450764875
1E6UA,321,"[101, 160, 216]",1.0,q_only,0.9375,0.89375,0.7570093457943925,2.246648449499844e-07,0.8653992414474487,0.8288258910179138,0.36049795150756836,2.5609002113342285,0.3075628293369841
1E6UA,321,"[101, 160, 216]",2.0,q_only,0.9375,0.89375,0.7570093457943925,7.491708515772189e-07,0.8653992414474487,0.8289531469345093,0.3607732355594635,2.5598325729370117,0.30743460650162974
1E6UA,321,"[101, 160, 216]",4.0,q_only,0.9375,0.89375,0.7538940809968847,2.227953700639773e-06,0.8653992414474487,0.8291391730308533,0.36129119992256165,2.5583996772766113,0.30726251645239355
1E6UA,321,"[101, 160, 216]",8.0,q_only,0.9375,0.89375,0.7538940809968847,5.851706191606354e-06,0.8653992414474487,0.8293613791465759,0.362247496843338,2.556976079940796,0.30709154312727055
1E6UA,321,"[101, 160, 216]",10.0,q_only,0.9375,0.89375,0.7538940809968847,7.845070285839029e-06,0.8653992414474487,0.8294343948364258,0.3626922369003296,2.5565919876098633,0.30704541383121076
1E6UA,321,"[101, 160, 216]",12.0,q_only,0.9375,0.89375,0.7538940809968847,9.91798697214108e-06,0.8653992414474487,0.8294930458068848,0.36310726404190063,2.5563125610351562,0.3070118548399121
1E6UA,321,"[101, 160, 216]",14.0,q_only,0.9375,0.89375,0.7538940809968847,1.2031047845084686e-05,0.8653992414474487,0.8295409679412842,0.3634842038154602,2.556100368499756,0.3069863706229703
1E6UA,321,"[101, 160, 216]",16.0,q_only,0.9375,0.89375,0.7538940809968847,1.407271975040203e-05,0.8653992414474487,0.8295804262161255,0.36381664872169495,2.555935859680176,0.30696661319635254
1E6UA,321,"[101, 160, 216]",32.0,q_only,0.9375,0.89375,0.7538940809968847,2.463584314682521e-05,0.8653992414474487,0.8297216296195984,0.36510777473449707,2.555408477783203,0.3069032748953691
1E6UA,321,"[101, 160, 216]",0.0,v_only,0.9375,0.89375,0.7570093457943925,0.0,0.8633826971054077,0.8286659717559814,0.36020782589912415,2.5623135566711426,0.3077325714021874
1E6UA,321,"[101, 160, 216]",0.5,v_only,0.9375,0.89375,0.7570093457943925,1.0124472282768693e-05,0.8633826971054077,0.8286659717559814,0.36020782589912415,2.5623135566711426,0.3077325714021874
1E6UA,321,"[101, 160, 216]",1.0,v_only,0.9375,0.89375,0.7570093457943925,4.135155177209526e-05,0.8633826971054077,0.8286659717559814,0.36020782589912415,2.5623135566711426,0.3077325714021874
1E6UA,321,"[101, 160, 216]",2.0,v_only,0.9375,0.89375,0.7538940809968847,0.00017312892305199057,0.8633826971054077,0.8286659717559814,0.36020782589912415,2.5623135566711426,0.3077325714021874
1E6UA,321,"[101, 160, 216]",4.0,v_only,0.9375,0.8875,0.7476635514018691,0.0007643438875675201,0.8633826971054077,0.8286659717559814,0.36020782589912415,2.5623135566711426,0.3077325714021874
1E6UA,321,"[101, 160, 216]",8.0,v_only,0.9375,0.875,0.7445482866043613,0.0036616623401641846,0.8633826971054077,0.8286659717559814,0.36020782589912415,2.5623135566711426,0.3077325714021874
1E6UA,321,"[101, 160, 216]",10.0,v_only,0.9375,0.875,0.7507788161993769,0.006227843929082155,0.8633826971054077,0.8286659717559814,0.36020782589912415,2.5623135566711426,0.3077325714021874
1E6UA,321,"[101, 160, 216]",12.0,v_only,0.9375,0.88125,0.7507788161993769,0.010099146515130997,0.8633826971054077,0.8286659717559814,0.36020782589912415,2.5623135566711426,0.3077325714021874
1E6UA,321,"[101, 160, 216]",14.0,v_only,0.953125,0.88125,0.7320872274143302,0.01625571958720684,0.8633826971054077,0.8286659717559814,0.36020782589912415,2.5623135566711426,0.3077325714021874
1E6UA,321,"[101, 160, 216]",16.0,v_only,0.96875,0.89375,0.735202492211838,0.028071168810129166,0.8633826971054077,0.8286659717559814,0.36020782589912415,2.5623135566711426,0.3077325714021874
1E6UA,321,"[101, 160, 216]",32.0,v_only,0.078125,0.075,0.06230529595015576,0.5521206259727478,0.8633826971054077,0.8286659717559814,0.36020782589912415,2.5623135566711426,0.3077325714021874
1EAJA,126,"[105, 26, 42]",0.0,ln_all,1.0,0.8412698412698413,0.6984126984126984,0.0,0.957913875579834,0.9525089263916016,0.7105907797813416,1.3086539506912231,0.18755933043242173
1EAJA,126,"[105, 26, 42]",0.5,ln_all,1.0,0.8888888888888888,0.7063492063492064,0.0025874031707644463,0.7590628862380981,0.7446495294570923,0.5476044416427612,2.880427837371826,0.4128296225682969
1EAJA,126,"[105, 26, 42]",1.0,ln_all,1.0,0.873015873015873,0.7222222222222222,0.012872559949755669,0.3047880530357361,0.2941708266735077,0.21202148497104645,5.651604652404785,0.8100011343059099
1EAJA,126,"[105, 26, 42]",2.0,ln_all,1.0,0.873015873015873,0.7222222222222222,0.028641071170568466,0.06705237179994583,0.007951568812131882,0.02338602766394615,6.741358280181885,0.9661871609130325
1EAJA,126,"[105, 26, 42]",4.0,ln_all,1.0,0.8888888888888888,0.7301587301587301,0.03914818540215492,0.06751857697963715,3.1738102279632585e-06,0.023501576855778694,6.717317581176758,0.9627415919708783
1EAJA,126,"[105, 26, 42]",8.0,ln_all,0.92,0.9206349206349206,0.6825396825396826,0.13055473566055298,0.06733506172895432,1.1730903791765113e-12,0.02304198406636715,6.718961238861084,0.9629771648162202
1EAJA,126,"[105, 26, 42]",10.0,ln_all,0.64,0.6031746031746031,0.48412698412698413,0.3072332441806793,0.06733506172895432,1.0635610383521012e-15,0.02288607507944107,6.719878196716309,0.9631085853504798
1EAJA,126,"[105, 26, 42]",12.0,ln_all,0.4,0.3492063492063492,0.23809523809523808,0.38791781663894653,0.06733506172895432,1.200095346183012e-18,0.02279847301542759,6.720440864562988,0.963189228216016
1EAJA,126,"[105, 26, 42]",14.0,ln_all,0.16,0.20634920634920634,0.18253968253968253,0.39015287160873413,0.06733506172895432,1.590069036086994e-21,0.022752929478883743,6.7207536697387695,0.9632340601819412
1EAJA,126,"[105, 26, 42]",16.0,ln_all,0.08,0.14285714285714285,0.11904761904761904,0.4022528827190399,0.06733506172895432,2.337226834797046e-24,0.022729994729161263,6.720921039581299,0.9632580480173678
1EAJA,126,"[105, 26, 42]",32.0,ln_all,0.0,0.06349206349206349,0.1349206349206349,0.8252561092376709,0.06733506172895432,0.0,0.022707561030983925,6.7211103439331055,0.9632851795577219
1EAJA,126,"[105, 26, 42]",0.0,k_only,1.0,0.8412698412698413,0.6984126984126984,0.0,0.957913875579834,0.9525089263916016,0.7105907797813416,1.3086539506912231,0.18755933043242173
1EAJA,126,"[105, 26, 42]",0.5,k_only,1.0,0.8412698412698413,0.6984126984126984,1.0921153261733707e-05,0.941387414932251,0.9351814389228821,0.696092426776886,1.4576382637023926,0.20891210897143103
1EAJA,126,"[105, 26, 42]",1.0,k_only,1.0,0.8412698412698413,0.6984126984126984,5.315856833476573e-05,0.9189208745956421,0.9119042754173279,0.6771925091743469,1.649088740348816,0.23635123693326127
1EAJA,126,"[105, 26, 42]",2.0,k_only,1.0,0.8412698412698413,0.6984126984126984,0.00032456478220410645,0.8504213690757751,0.8412309885025024,0.6216806769371033,2.192850351333618,0.31428441676074376
1EAJA,126,"[105, 26, 42]",4.0,k_only,1.0,0.8412698412698413,0.7063492063492064,0.002650363137945533,0.5944343209266663,0.5795691013336182,0.4235273003578186,3.9747090339660645,0.5696645508773405
1EAJA,126,"[105, 26, 42]",8.0,k_only,1.0,0.8412698412698413,0.7222222222222222,0.011339511722326279,0.10538168251514435,0.08562635630369186,0.060433000326156616,6.597014427185059,0.9454994639051101
1EAJA,126,"[105, 26, 42]",10.0,k_only,1.0,0.8412698412698413,0.7301587301587301,0.013019703328609467,0.06634659320116043,0.02376512624323368,0.022890564054250717,6.742267608642578,0.9663174879847084
1EAJA,126,"[105, 26, 42]",12.0,k_only,1.0,0.8412698412698413,0.7301587301587301,0.013632376678287983,0.06715840101242065,0.006337296683341265,0.023310694843530655,6.742238521575928,0.9663133191586086
1EAJA,126,"[105, 26, 42]",14.0,k_only,1.0,0.8253968253968254,0.7301587301587301,0.013843584805727005,0.06740880012512207,0.0016921862261369824,0.023423628881573677,6.731067180633545,0.9647122165706564
1EAJA,126,"[105, 26, 42]",16.0,k_only,1.0,0.8253968253968254,0.7301587301587301,0.01391539629548788,0.06749126315116882,0.00045914281508885324,0.023453908041119576,6.725159168243408,0.9638654664825257
1EAJA,126,"[105, 26, 42]",32.0,k_only,1.0,0.8253968253968254,0.7301587301587301,0.013953250832855701,0.06751878559589386,4.2290015045409746e-08,0.023465415462851524,6.721476078033447,0.9633375974203204
1EAJA,126,"[105, 26, 42]",0.0,q_only,1.0,0.8412698412698413,0.6984126984126984,0.0,0.957913875579834,0.9525089263916016,0.7105907797813416,1.3086539506912231,0.18755933043242173
1EAJA,126,"[105, 26, 42]",0.5,q_only,1.0,0.8412698412698413,0.6984126984126984,1.51653091506887e-06,0.957913875579834,0.9528872966766357,0.7107518911361694,1.3045530319213867,0.18697157720841473
1EAJA,126,"[105, 26, 42]",1.0,q_only,1.0,0.8412698412698413,0.6984126984126984,5.885523933102377e-06,0.957913875579834,0.9532520771026611,0.7108979821205139,1.3006271123886108,0.18640890528241774
1EAJA,126,"[105, 26, 42]",2.0,q_only,1.0,0.8412698412698413,0.6984126984126984,2.1926294721197337e-05,0.957913875579834,0.9539292454719543,0.7111396789550781,1.293436050415039,0.18537826554137024
1EAJA,126,"[105, 26, 42]",4.0,q_only,1.0,0.8412698412698413,0.6984126984126984,6.977452721912414e-05,0.957913875579834,0.9550212025642395,0.7113980650901794,1.2822613716125488,0.1837766845635377
1EAJA,126,"[105, 26, 42]",8.0,q_only,1.0,0.8571428571428571,0.6984126984126984,0.00014716738951392472,0.957913875579834,0.9562066793441772,0.7111172676086426,1.2717357873916626,0.18226813333207065
1EAJA,126,"[105, 26, 42]",10.0,q_only,1.0,0.8571428571428571,0.6984126984126984,0.00016456752200610936,0.957913875579834,0.9564769268035889,0.7107146382331848,1.2701746225357056,0.18204438355091326
1EAJA,126,"[105, 26, 42]",12.0,q_only,1.0,0.8571428571428571,0.6984126984126984,0.00017269367526751012,0.9579543471336365,0.9566393494606018,0.7102134227752686,1.2698020935058594,0.18199099182320122
1EAJA,126,"[105, 26, 42]",14.0,q_only,1.0,0.8571428571428571,0.6984126984126984,0.0001757307763909921,0.9579543471336365,0.9567402601242065,0.7096474170684814,1.2700847387313843,0.1820315011948509
1EAJA,126,"[105, 26, 42]",16.0,q_only,1.0,0.8571428571428571,0.6984126984126984,0.0001766067580319941,0.9579543471336365,0.9568058252334595,0.7090372443199158,1.2707239389419556,0.18212311285692834
1EAJA,126,"[105, 26, 42]",32.0,q_only,1.0,0.8412698412698413,0.7063492063492064,0.00022222637198865414,0.9579543471336365,0.9569687247276306,0.7037570476531982,1.2784826755523682,0.18323511304833254
1EAJA,126,"[105, 26, 42]",0.0,v_only,1.0,0.8412698412698413,0.6984126984126984,0.0,0.957913875579834,0.9525089263916016,0.7105907797813416,1.3086539506912231,0.18755933043242173
1EAJA,126,"[105, 26, 42]",0.5,v_only,1.0,0.8412698412698413,0.6984126984126984,2.0644731193897314e-05,0.957913875579834,0.9525089263916016,0.7105907797813416,1.3086539506912231,0.18755933043242173
1EAJA,126,"[105, 26, 42]",1.0,v_only,1.0,0.8412698412698413,0.6984126984126984,8.423378312727436e-05,0.957913875579834,0.9525089263916016,0.7105907797813416,1.3086539506912231,0.18755933043242173
1EAJA,126,"[105, 26, 42]",2.0,v_only,1.0,0.8412698412698413,0.6984126984126984,0.0003558533207979053,0.957913875579834,0.9525089263916016,0.7105907797813416,1.3086539506912231,0.18755933043242173
1EAJA,126,"[105, 26, 42]",4.0,v_only,1.0,0.8571428571428571,0.7063492063492064,0.0017202016897499561,0.957913875579834,0.9525089263916016,0.7105907797813416,1.3086539506912231,0.18755933043242173
1EAJA,126,"[105, 26, 42]",8.0,v_only,1.0,0.873015873015873,0.7222222222222222,0.012530042789876461,0.957913875579834,0.9525089263916016,0.7105907797813416,1.3086539506912231,0.18755933043242173
1EAJA,126,"[105, 26, 42]",10.0,v_only,1.0,0.873015873015873,0.7222222222222222,0.02451922558248043,0.957913875579834,0.9525089263916016,0.7105907797813416,1.3086539506912231,0.18755933043242173
1EAJA,126,"[105, 26, 42]",12.0,v_only,1.0,0.873015873015873,0.7222222222222222,0.050278402864933014,0.957913875579834,0.9525089263916016,0.7105907797813416,1.3086539506912231,0.18755933043242173
1EAJA,126,"[105, 26, 42]",14.0,v_only,1.0,0.8888888888888888,0.7222222222222222,0.08759869635105133,0.957913875579834,0.9525089263916016,0.7105907797813416,1.3086539506912231,0.18755933043242173
1EAJA,126,"[105, 26, 42]",16.0,v_only,1.0,0.9047619047619048,0.7142857142857143,0.12206193804740906,0.957913875579834,0.9525089263916016,0.7105907797813416,1.3086539506912231,0.18755933043242173
1EAJA,126,"[105, 26, 42]",32.0,v_only,0.04,0.1746031746031746,0.15079365079365079,0.478760302066803,0.957913875579834,0.9525089263916016,0.7105907797813416,1.3086539506912231,0.18755933043242173
1EKEA,230,"[6, 108, 157]",0.0,ln_all,0.9130434782608695,0.7913043478260869,0.6304347826086957,0.0,0.9590470194816589,0.9473847150802612,0.8835762739181519,1.0097615718841553,0.1287059909995818
1EKEA,230,"[6, 108, 157]",0.5,ln_all,0.9347826086956522,0.7913043478260869,0.6347826086956522,0.0007013504509814084,0.7785988450050354,0.7648090124130249,0.7267780303955078,2.61423397064209,0.3332148729609835
1EKEA,230,"[6, 108, 157]",1.0,ln_all,0.9347826086956522,0.8,0.6347826086956522,0.0030375204514712095,0.3621059060096741,0.36052313446998596,0.3469732403755188,5.677326679229736,0.7236420723707816
1EKEA,230,"[6, 108, 157]",2.0,ln_all,0.9347826086956522,0.8173913043478261,0.6347826086956522,0.007048262748867273,0.060687027871608734,0.018099244683980942,0.026823008432984352,7.5438642501831055,0.9615542434184896
1EKEA,230,"[6, 108, 157]",4.0,ln_all,0.9347826086956522,0.8,0.6347826086956522,0.008132543414831161,0.059061795473098755,2.7773099645855837e-05,0.027603136375546455,7.548973083496094,0.9622054243236738
1EKEA,230,"[6, 108, 157]",8.0,ln_all,0.9130434782608695,0.7565217391304347,0.5739130434782609,0.02404567413032055,0.05906195938587189,1.6557331894428984e-10,0.027847150340676308,7.547440528869629,0.9620100822078196
1EKEA,230,"[6, 108, 157]",10.0,ln_all,0.8043478260869565,0.6,0.45217391304347826,0.1918763518333435,0.05899956822395325,4.806720885035254e-13,0.027708623558282852,7.5482072830200195,0.9621078140442519
1EKEA,230,"[6, 108, 157]",12.0,ln_all,0.6956521739130435,0.5478260869565217,0.4,0.2582707107067108,0.05880989134311676,1.485538876630564e-15,0.027467841282486916,7.549342632293701,0.9622525276652379
1EKEA,230,"[6, 108, 157]",14.0,ln_all,0.6086956521739131,0.4608695652173913,0.33043478260869563,0.3784044682979584,0.05880989134311676,4.8259482966951435e-18,0.02723049931228161,7.5503644943237305,0.9623827760019759
1EKEA,230,"[6, 108, 157]",16.0,ln_all,0.391304347826087,0.3130434782608696,0.20869565217391303,0.5375381708145142,0.05880989134311676,1.635659511561541e-20,0.027049383148550987,7.551089286804199,0.9624751593299468
1EKEA,230,"[6, 108, 157]",32.0,ln_all,0.06521739130434782,0.05217391304347826,0.04782608695652174,1.6433591842651367,0.05860952287912369,7.739581613235613e-40,0.026739224791526794,7.552197456359863,0.9626164085761338
1EKEA,230,"[6, 108, 157]",0.0,k_only,0.9130434782608695,0.7913043478260869,0.6304347826086957,0.0,0.9590470194816589,0.9473847150802612,0.8835762739181519,1.0097615718841553,0.1287059909995818
1EKEA,230,"[6, 108, 157]",0.5,k_only,0.9130434782608695,0.7913043478260869,0.6304347826086957,3.0459816002803564e-07,0.9434353113174438,0.9309099316596985,0.8716421127319336,1.1609197854995728,0.1479728835243161
1EKEA,230,"[6, 108, 157]",1.0,k_only,0.9130434782608695,0.7913043478260869,0.6304347826086957,1.5375275097539998e-06,0.9229882955551147,0.9095026850700378,0.8546919822692871,1.356393575668335,0.17288831760166
1EKEA,230,"[6, 108, 157]",2.0,k_only,0.9130434782608695,0.7913043478260869,0.6304347826086957,9.771711120265536e-06,0.8601526618003845,0.8471989035606384,0.8012413382530212,1.9116744995117188,0.2436654035756004
1EKEA,230,"[6, 108, 157]",4.0,k_only,0.9347826086956522,0.7913043478260869,0.6260869565217392,9.271048475056887e-05,0.6304755210876465,0.6227313876152039,0.594907283782959,3.7597570419311523,0.47922526413484956
1EKEA,230,"[6, 108, 157]",8.0,k_only,0.9347826086956522,0.782608695652174,0.6217391304347826,0.0008221616735681891,0.15116596221923828,0.1290789246559143,0.12520785629749298,7.094895839691162,0.9043279379134689
1EKEA,230,"[6, 108, 157]",10.0,k_only,0.9130434782608695,0.8,0.6260869565217392,0.0011317561147734523,0.07785165309906006,0.04341781139373779,0.0423492006957531,7.475338935852051,0.9528198859868838
1EKEA,230,"[6, 108, 157]",12.0,k_only,0.9130434782608695,0.8,0.6173913043478261,0.001259863842278719,0.0594482384622097,0.01391266193240881,0.026710188016295433,7.553701877593994,0.9628081647601787
1EKEA,230,"[6, 108, 157]",14.0,k_only,0.9130434782608695,0.8,0.6173913043478261,0.0013034375151619315,0.05884204059839249,0.004447401035577059,0.026968643069267273,7.5614118576049805,0.963790892411469
1EKEA,230,"[6, 108, 157]",16.0,k_only,0.9130434782608695,0.8,0.6173913043478261,0.0013176525244489312,0.05897240340709686,0.0014409639406949282,0.02704940177500248,7.55833625793457,0.9633988710526452
1EKEA,230,"[6, 108, 157]",32.0,k_only,0.9130434782608695,0.8,0.6173913043478261,0.0013247032184153795,0.05899956822395325,4.6525494212801277e-07,0.027087045833468437,7.552963733673096,0.962714079634061
1EKEA,230,"[6, 108, 157]",0.0,q_only,0.9130434782608695,0.7913043478260869,0.6304347826086957,0.0,0.9590470194816589,0.9473847150802612,0.8835762739181519,1.0097615718841553,0.1287059909995818
1EKEA,230,"[6, 108, 157]",0.5,q_only,0.9130434782608695,0.7913043478260869,0.6304347826086957,2.9799980438838247e-07,0.9590470194816589,0.9476969242095947,0.8837872743606567,1.0063999891281128,0.12827751773223786
1EKEA,230,"[6, 108, 157]",1.0,q_only,0.9130434782608695,0.7913043478260869,0.6304347826086957,1.3913020211475668e-06,0.9590470194816589,0.9480165839195251,0.8840140104293823,1.0029022693634033,0.12783169220164678
1EKEA,230,"[6, 108, 157]",2.0,q_only,0.9130434782608695,0.7913043478260869,0.6304347826086957,7.134542556741508e-06,0.9590470194816589,0.9486584067344666,0.8845276832580566,0.9956153035163879,0.126902882681821
1EKEA,230,"[6, 108, 157]",4.0,q_only,0.9130434782608695,0.7913043478260869,0.6304347826086957,3.600417767302133e-05,0.9590470194816589,0.949708878993988,0.8856879472732544,0.9823516607284546,0.12521227537726687
1EKEA,230,"[6, 108, 157]",8.0,q_only,0.9130434782608695,0.782608695652174,0.6304347826086957,0.00010458516771905124,0.9591041803359985,0.9503985643386841,0.8872655034065247,0.9703483581542969,0.1236823132593858
1EKEA,230,"[6, 108, 157]",10.0,q_only,0.9130434782608695,0.782608695652174,0.6304347826086957,0.00012337256339378655,0.9591041803359985,0.9504460692405701,0.8876164555549622,0.9685444235801697,0.12345238057673458
1EKEA,230,"[6, 108, 157]",12.0,q_only,0.9130434782608695,0.782608695652174,0.6304347826086957,0.00013422036136034876,0.9591041803359985,0.9504583477973938,0.887813925743103,0.9676463007926941,0.12333790426210749
1EKEA,230,"[6, 108, 157]",14.0,q_only,0.9130434782608695,0.782608695652174,0.6304347826086957,0.00014025441487319767,0.9591041803359985,0.9504615068435669,0.8879251480102539,0.9671700596809387,0.12327720172999504
1EKEA,230,"[6, 108, 157]",16.0,q_only,0.9130434782608695,0.7739130434782608,0.6304347826086957,0.00014354610175359994,0.9591041803359985,0.9504623413085938,0.8879883885383606,0.9669064879417419,0.12324360641122141
1EKEA,230,"[6, 108, 157]",32.0,q_only,0.9130434782608695,0.7739130434782608,0.6304347826086957,0.00014730225666426122,0.9591041803359985,0.9504625797271729,0.8880823254585266,0.9665212631225586,0.12319450497629741
1EKEA,230,"[6, 108, 157]",0.0,v_only,0.9130434782608695,0.7913043478260869,0.6304347826086957,0.0,0.9590470194816589,0.9473847150802612,0.8835762739181519,1.0097615718841553,0.1287059909995818
1EKEA,230,"[6, 108, 157]",0.5,v_only,0.9130434782608695,0.7913043478260869,0.6304347826086957,7.14542920832173e-06,0.9590470194816589,0.9473847150802612,0.8835762739181519,1.0097615718841553,0.1287059909995818
1EKEA,230,"[6, 108, 157]",1.0,v_only,0.9130434782608695,0.7913043478260869,0.6304347826086957,2.9828004699083976e-05,0.9590470194816589,0.9473847150802612,0.8835762739181519,1.0097615718841553,0.1287059909995818
1EKEA,230,"[6, 108, 157]",2.0,v_only,0.9130434782608695,0.7913043478260869,0.6260869565217392,0.00013089489948470145,0.9590470194816589,0.9473847150802612,0.8835762739181519,1.0097615718841553,0.1287059909995818
1EKEA,230,"[6, 108, 157]",4.0,v_only,0.9130434782608695,0.8,0.6217391304347826,0.0006442157900892198,0.9590470194816589,0.9473847150802612,0.8835762739181519,1.0097615718841553,0.1287059909995818
1EKEA,230,"[6, 108, 157]",8.0,v_only,0.9130434782608695,0.8,0.6478260869565218,0.003784875851124525,0.9590470194816589,0.9473847150802612,0.8835762739181519,1.0097615718841553,0.1287059909995818
1EKEA,230,"[6, 108, 157]",10.0,v_only,0.8695652173913043,0.7652173913043478,0.6173913043478261,0.010942813940346241,0.9590470194816589,0.9473847150802612,0.8835762739181519,1.0097615718841553,0.1287059909995818
1EKEA,230,"[6, 108, 157]",12.0,v_only,0.8913043478260869,0.7391304347826086,0.6217391304347826,0.02736123465001583,0.9590470194816589,0.9473847150802612,0.8835762739181519,1.0097615718841553,0.1287059909995818
1EKEA,230,"[6, 108, 157]",14.0,v_only,0.8913043478260869,0.7130434782608696,0.6,0.05236980319023132,0.9590470194816589,0.9473847150802612,0.8835762739181519,1.0097615718841553,0.1287059909995818
1EKEA,230,"[6, 108, 157]",16.0,v_only,0.8913043478260869,0.6782608695652174,0.5304347826086957,0.10560613125562668,0.9590470194816589,0.9473847150802612,0.8835762739181519,1.0097615718841553,0.1287059909995818
1EKEA,230,"[6, 108, 157]",32.0,v_only,0.1956521739130435,0.14782608695652175,0.10869565217391304,0.40150150656700134,0.9590470194816589,0.9473847150802612,0.8835762739181519,1.0097615718841553,0.1287059909995818
