protein_a,protein_b,anchor_pos_a,anchor_pos_b,anchor_col_a,anchor_col_b,col_distance
2b61-assembly1cifgz,5yhp-assembly1cifgz,42,36,64,64,0
2b61-assembly1cifgz,1azw-assembly1cifgz,42,37,64,64,0
2b61-assembly1cifgz,1x2e-assembly1cifgz,42,37,64,64,0
2b61-assembly1cifgz,6hgv-assembly1cifgz,42,33,64,64,0
2b61-assembly1cifgz,6kxh-assembly2cifgz_CAlp1U,42,40,64,64,0
2b61-assembly1cifgz,7jqz-assembly1cifgz,42,38,64,64,0
2b61-assembly1cifgz,7jqx-assembly1cifgz,42,41,64,64,0
2b61-assembly1cifgz,4psu-assembly1cifgz,42,40,64,64,0
2b61-assembly1cifgz,3pi6-assembly2cifgz,42,33,64,64,0
2b61-assembly1cifgz,7ac0-assembly1cifgz,42,25,64,64,0
2b61-assembly1cifgz,5nfq-assembly1cifgz,42,29,64,64,0
2b61-assembly1cifgz,8sdc-assembly1cifgz,42,31,64,64,0
2b61-assembly1cifgz,5bov-assembly2cifgz_BCrystalstructureofaputativeepoxidehydrolaseKPN,42,32,64,64,0
2b61-assembly1cifgz,4inz-assembly2cifgz,42,21,64,64,0
2b61-assembly1cifgz,1ehy-assembly2cifgz,42,31,64,64,0
2b61-assembly1cifgz,5w15-assembly1cifgz,42,29,64,64,0
2b61-assembly1cifgz,8hgu-assembly1cifgz,42,33,64,64,0
2b61-assembly1cifgz,3r3z-assembly1cifgz,42,36,64,64,0
2b61-assembly1cifgz,4b9a-assembly1cifgz,42,31,64,64,0
2b61-assembly1cifgz,3kxp-assembly1cifgz,42,25,64,64,0
2b61-assembly1cifgz,7c4d-assembly1cifgz,42,207,64,352,288
2b61-assembly1cifgz,4ose-assembly1cifgz,42,39,64,64,0
2b61-assembly1cifgz,4pw0-assembly1cifgz,42,31,64,64,0
2b61-assembly1cifgz,3bf7-assembly2cifgz,42,198,64,352,288
2b61-assembly1cifgz,5frd-assembly2cifgz,42,192,64,352,288
2b61-assembly1cifgz,6eb3-assembly4cifgz,42,22,64,64,0
2b61-assembly1cifgz,5egn-assembly4cifgz,42,21,64,64,0
2b61-assembly1cifgz,2xua-assembly1cifgz,42,25,64,64,0
2b61-assembly1cifgz,3v48-assembly1cifgz,42,17,64,64,0
2b61-assembly1cifgz,4q3l-assembly1cifgz,42,25,64,64,0
2b61-assembly1cifgz,3om8-assembly1cifgz,42,29,64,64,0
2b61-assembly1cifgz,4opm-assembly1cifgz,42,47,64,64,0
2b61-assembly1cifgz,8ckp-assembly1cifgz,42,50,64,64,0
2b61-assembly1cifgz,4ns4-assembly1cifgz,42,42,64,64,0
2b61-assembly1cifgz,4mys-assembly1cifgz,42,17,64,64,0
2b61-assembly1cifgz,6ra2-assembly2cifgz,42,23,64,64,0
2b61-assembly1cifgz,4mj3-assembly1cifgz,42,49,64,64,0
2b61-assembly1cifgz,6y9g-assembly2cifgz,42,25,64,64,0
2b61-assembly1cifgz,4wdr-assembly2cifgz,42,29,64,64,0
2b61-assembly1cifgz,7pw1-assembly1cifgz,42,29,64,64,0
2b61-assembly1cifgz,4brz-assembly1cifgz,42,28,64,64,0
2b61-assembly1cifgz,7ots-assembly1cifgz,42,30,64,64,0
2b61-assembly1cifgz,8ik2-assembly1cifgz,42,29,64,64,0
2b61-assembly1cifgz,4uhd-assembly1cifgz,42,28,64,64,0
2b61-assembly1cifgz,6jra-assembly1cifgz,42,26,64,64,0
2b61-assembly1cifgz,4rpc-assembly2cifgz,42,13,64,64,0
2b61-assembly1cifgz,5a62-assembly1cifgz,42,25,64,64,0
2b61-assembly1cifgz,7dq9-assembly4cifgz,42,25,64,64,0
2b61-assembly1cifgz,3wi7-assembly2cifgz,42,32,64,64,0
2b61-assembly1cifgz,8b5o-assembly2cifgz,42,22,64,64,0
2b61-assembly1cifgz,1a8q-assembly1cifgz,42,22,64,64,0
2b61-assembly1cifgz,4rnc-assembly2cifgz,42,27,64,64,0
2b61-assembly1cifgz,7yii-assembly1cifgz,42,26,64,64,0
2b61-assembly1cifgz,1a8s-assembly1cifgz,42,22,64,64,0
2b61-assembly1cifgz,1brt-assembly1cifgz,42,26,64,64,0
2b61-assembly1cifgz,3fob-assembly1cifgz,42,25,64,64,0
2b61-assembly1cifgz,4x00-assembly4cifgz,42,26,64,64,0
2b61-assembly1cifgz,6t6y-assembly1cifgz,42,26,64,64,0
2b61-assembly1cifgz,3e0x-assembly2cifgz,42,17,64,64,0
2b61-assembly1cifgz,5z7w-assembly1cifgz,42,19,64,64,0
2b61-assembly1cifgz,1m33-assembly1cifgz,42,14,64,64,0
2b61-assembly1cifgz,4nmw-assembly1cifgz,42,14,64,64,0
2b61-assembly1cifgz,6azd-assembly1cifgz,42,20,64,64,0
2b61-assembly1cifgz,5z9g-assembly1cifgz,42,19,64,64,0
2b61-assembly1cifgz,7k38-assembly1cifgz,42,20,64,64,0
2b61-assembly1cifgz,5dnu-assembly1cifgz,42,18,64,64,0
2b61-assembly1cifgz,5cbk-assembly1cifgz,42,20,64,64,0
2b61-assembly1cifgz,5h3h-assembly1cifgz,42,24,64,64,0
2b61-assembly1cifgz,5z7x-assembly1cifgz,42,21,64,64,0
2b61-assembly1cifgz,6j2r-assembly1cifgz,42,19,64,64,0
2b61-assembly1cifgz,7uoc-assembly1cifgz,42,18,64,64,0
2b61-assembly1cifgz,5z89-assembly1cifgz,42,18,64,64,0
2b61-assembly1cifgz,6uh8-assembly1cifgz,42,20,64,64,0
2b61-assembly1cifgz,6xfo-assembly1cifgz,42,19,64,64,0
2b61-assembly1cifgz,4ih4-assembly4cifgz,42,17,64,64,0
2b61-assembly1cifgz,1wom-assembly2cifgz,42,22,64,64,0
2b61-assembly1cifgz,7f5w-assembly2cifgz,42,22,64,64,0
2b61-assembly1cifgz,3qvm-assembly1cifgz,42,26,64,64,0
2b61-assembly1cifgz,6atx-assembly1cifgz,42,17,64,64,0
2b61-assembly1cifgz,7ukb-assembly1cifgz,42,18,64,64,0
2b61-assembly1cifgz,3e3a-assembly1cifgz,42,27,64,64,0
2b61-assembly1cifgz,5ie4-assembly1cifgz,42,26,64,64,0
2b61-assembly1cifgz,5xo7-assembly1cifgz,42,27,64,64,0
2b61-assembly1cifgz,5xwz-assembly2cifgz,42,26,64,64,0
2b61-assembly1cifgz,6l7m-assembly1cifgz,42,26,64,64,0
2b61-assembly1cifgz,8jlv-assembly6cifgz,42,26,64,64,0
2b61-assembly1cifgz,4myd-assembly3cifgz,42,16,64,64,0
2b61-assembly1cifgz,4i3f-assembly1cifgz,42,27,64,64,0
2b61-assembly1cifgz,6l4h-assembly1cifgz,42,228,64,352,288
2b61-assembly1cifgz,2xmr-assembly3cifgz,42,28,64,66,2
2b61-assembly1cifgz,6zmm-assembly1cifgz,42,25,64,66,2
2b61-assembly1cifgz,1c4x-assembly1cifgz,42,29,64,64,0
2b61-assembly1cifgz,2og1-assembly1cifgz,42,35,64,64,0
2b61-assembly1cifgz,5jz9-assembly1cifgz,42,33,64,64,0
2b61-assembly1cifgz,1iun-assembly1cifgz,42,27,64,64,0
2b61-assembly1cifgz,1u2e-assembly2cifgz,42,35,64,64,0
2b61-assembly1cifgz,2ock-assembly1cifgz,42,26,64,64,0
2b61-assembly1cifgz,4lxh-assembly1cifgz,42,28,64,64,0
2b61-assembly1cifgz,8hgw-assembly1cifgz,42,23,64,64,0
2b61-assembly1cifgz,1j1i-assembly1cifgz,42,25,64,64,0
5yhp-assembly1cifgz,1azw-assembly1cifgz,36,37,64,64,0
5yhp-assembly1cifgz,1x2e-assembly1cifgz,36,37,64,64,0
5yhp-assembly1cifgz,6hgv-assembly1cifgz,36,33,64,64,0
5yhp-assembly1cifgz,6kxh-assembly2cifgz_CAlp1U,36,40,64,64,0
5yhp-assembly1cifgz,7jqz-assembly1cifgz,36,38,64,64,0
5yhp-assembly1cifgz,7jqx-assembly1cifgz,36,41,64,64,0
5yhp-assembly1cifgz,4psu-assembly1cifgz,36,40,64,64,0
5yhp-assembly1cifgz,3pi6-assembly2cifgz,36,33,64,64,0
5yhp-assembly1cifgz,7ac0-assembly1cifgz,36,25,64,64,0
5yhp-assembly1cifgz,5nfq-assembly1cifgz,36,29,64,64,0
5yhp-assembly1cifgz,8sdc-assembly1cifgz,36,31,64,64,0
5yhp-assembly1cifgz,5bov-assembly2cifgz_BCrystalstructureofaputativeepoxidehydrolaseKPN,36,32,64,64,0
5yhp-assembly1cifgz,4inz-assembly2cifgz,36,21,64,64,0
5yhp-assembly1cifgz,1ehy-assembly2cifgz,36,31,64,64,0
5yhp-assembly1cifgz,5w15-assembly1cifgz,36,29,64,64,0
5yhp-assembly1cifgz,8hgu-assembly1cifgz,36,33,64,64,0
5yhp-assembly1cifgz,3r3z-assembly1cifgz,36,36,64,64,0
5yhp-assembly1cifgz,4b9a-assembly1cifgz,36,31,64,64,0
5yhp-assembly1cifgz,3kxp-assembly1cifgz,36,25,64,64,0
5yhp-assembly1cifgz,7c4d-assembly1cifgz,36,207,64,352,288
5yhp-assembly1cifgz,4ose-assembly1cifgz,36,39,64,64,0
5yhp-assembly1cifgz,4pw0-assembly1cifgz,36,31,64,64,0
5yhp-assembly1cifgz,3bf7-assembly2cifgz,36,198,64,352,288
5yhp-assembly1cifgz,5frd-assembly2cifgz,36,192,64,352,288
5yhp-assembly1cifgz,6eb3-assembly4cifgz,36,22,64,64,0
5yhp-assembly1cifgz,5egn-assembly4cifgz,36,21,64,64,0
5yhp-assembly1cifgz,2xua-assembly1cifgz,36,25,64,64,0
5yhp-assembly1cifgz,3v48-assembly1cifgz,36,17,64,64,0
5yhp-assembly1cifgz,4q3l-assembly1cifgz,36,25,64,64,0
5yhp-assembly1cifgz,3om8-assembly1cifgz,36,29,64,64,0
5yhp-assembly1cifgz,4opm-assembly1cifgz,36,47,64,64,0
5yhp-assembly1cifgz,8ckp-assembly1cifgz,36,50,64,64,0
5yhp-assembly1cifgz,4ns4-assembly1cifgz,36,42,64,64,0
5yhp-assembly1cifgz,4mys-assembly1cifgz,36,17,64,64,0
5yhp-assembly1cifgz,6ra2-assembly2cifgz,36,23,64,64,0
5yhp-assembly1cifgz,4mj3-assembly1cifgz,36,49,64,64,0
5yhp-assembly1cifgz,6y9g-assembly2cifgz,36,25,64,64,0
5yhp-assembly1cifgz,4wdr-assembly2cifgz,36,29,64,64,0
5yhp-assembly1cifgz,7pw1-assembly1cifgz,36,29,64,64,0
5yhp-assembly1cifgz,4brz-assembly1cifgz,36,28,64,64,0
5yhp-assembly1cifgz,7ots-assembly1cifgz,36,30,64,64,0
5yhp-assembly1cifgz,8ik2-assembly1cifgz,36,29,64,64,0
5yhp-assembly1cifgz,4uhd-assembly1cifgz,36,28,64,64,0
5yhp-assembly1cifgz,6jra-assembly1cifgz,36,26,64,64,0
5yhp-assembly1cifgz,4rpc-assembly2cifgz,36,13,64,64,0
5yhp-assembly1cifgz,5a62-assembly1cifgz,36,25,64,64,0
5yhp-assembly1cifgz,7dq9-assembly4cifgz,36,25,64,64,0
5yhp-assembly1cifgz,3wi7-assembly2cifgz,36,32,64,64,0
5yhp-assembly1cifgz,8b5o-assembly2cifgz,36,22,64,64,0
5yhp-assembly1cifgz,1a8q-assembly1cifgz,36,22,64,64,0
5yhp-assembly1cifgz,4rnc-assembly2cifgz,36,27,64,64,0
5yhp-assembly1cifgz,7yii-assembly1cifgz,36,26,64,64,0
5yhp-assembly1cifgz,1a8s-assembly1cifgz,36,22,64,64,0
5yhp-assembly1cifgz,1brt-assembly1cifgz,36,26,64,64,0
5yhp-assembly1cifgz,3fob-assembly1cifgz,36,25,64,64,0
5yhp-assembly1cifgz,4x00-assembly4cifgz,36,26,64,64,0
5yhp-assembly1cifgz,6t6y-assembly1cifgz,36,26,64,64,0
5yhp-assembly1cifgz,3e0x-assembly2cifgz,36,17,64,64,0
5yhp-assembly1cifgz,5z7w-assembly1cifgz,36,19,64,64,0
5yhp-assembly1cifgz,1m33-assembly1cifgz,36,14,64,64,0
5yhp-assembly1cifgz,4nmw-assembly1cifgz,36,14,64,64,0
5yhp-assembly1cifgz,6azd-assembly1cifgz,36,20,64,64,0
5yhp-assembly1cifgz,5z9g-assembly1cifgz,36,19,64,64,0
5yhp-assembly1cifgz,7k38-assembly1cifgz,36,20,64,64,0
5yhp-assembly1cifgz,5dnu-assembly1cifgz,36,18,64,64,0
5yhp-assembly1cifgz,5cbk-assembly1cifgz,36,20,64,64,0
5yhp-assembly1cifgz,5h3h-assembly1cifgz,36,24,64,64,0
5yhp-assembly1cifgz,5z7x-assembly1cifgz,36,21,64,64,0
5yhp-assembly1cifgz,6j2r-assembly1cifgz,36,19,64,64,0
5yhp-assembly1cifgz,7uoc-assembly1cifgz,36,18,64,64,0
5yhp-assembly1cifgz,5z89-assembly1cifgz,36,18,64,64,0
5yhp-assembly1cifgz,6uh8-assembly1cifgz,36,20,64,64,0
5yhp-assembly1cifgz,6xfo-assembly1cifgz,36,19,64,64,0
5yhp-assembly1cifgz,4ih4-assembly4cifgz,36,17,64,64,0
5yhp-assembly1cifgz,1wom-assembly2cifgz,36,22,64,64,0
5yhp-assembly1cifgz,7f5w-assembly2cifgz,36,22,64,64,0
5yhp-assembly1cifgz,3qvm-assembly1cifgz,36,26,64,64,0
5yhp-assembly1cifgz,6atx-assembly1cifgz,36,17,64,64,0
5yhp-assembly1cifgz,7ukb-assembly1cifgz,36,18,64,64,0
5yhp-assembly1cifgz,3e3a-assembly1cifgz,36,27,64,64,0
5yhp-assembly1cifgz,5ie4-assembly1cifgz,36,26,64,64,0
5yhp-assembly1cifgz,5xo7-assembly1cifgz,36,27,64,64,0
5yhp-assembly1cifgz,5xwz-assembly2cifgz,36,26,64,64,0
5yhp-assembly1cifgz,6l7m-assembly1cifgz,36,26,64,64,0
5yhp-assembly1cifgz,8jlv-assembly6cifgz,36,26,64,64,0
5yhp-assembly1cifgz,4myd-assembly3cifgz,36,16,64,64,0
5yhp-assembly1cifgz,4i3f-assembly1cifgz,36,27,64,64,0
5yhp-assembly1cifgz,6l4h-assembly1cifgz,36,228,64,352,288
5yhp-assembly1cifgz,2xmr-assembly3cifgz,36,28,64,66,2
5yhp-assembly1cifgz,6zmm-assembly1cifgz,36,25,64,66,2
5yhp-assembly1cifgz,1c4x-assembly1cifgz,36,29,64,64,0
5yhp-assembly1cifgz,2og1-assembly1cifgz,36,35,64,64,0
5yhp-assembly1cifgz,5jz9-assembly1cifgz,36,33,64,64,0
5yhp-assembly1cifgz,1iun-assembly1cifgz,36,27,64,64,0
5yhp-assembly1cifgz,1u2e-assembly2cifgz,36,35,64,64,0
5yhp-assembly1cifgz,2ock-assembly1cifgz,36,26,64,64,0
5yhp-assembly1cifgz,4lxh-assembly1cifgz,36,28,64,64,0
5yhp-assembly1cifgz,8hgw-assembly1cifgz,36,23,64,64,0
5yhp-assembly1cifgz,1j1i-assembly1cifgz,36,25,64,64,0
1azw-assembly1cifgz,1x2e-assembly1cifgz,37,37,64,64,0
1azw-assembly1cifgz,6hgv-assembly1cifgz,37,33,64,64,0
1azw-assembly1cifgz,6kxh-assembly2cifgz_CAlp1U,37,40,64,64,0
1azw-assembly1cifgz,7jqz-assembly1cifgz,37,38,64,64,0
1azw-assembly1cifgz,7jqx-assembly1cifgz,37,41,64,64,0
1azw-assembly1cifgz,4psu-assembly1cifgz,37,40,64,64,0
1azw-assembly1cifgz,3pi6-assembly2cifgz,37,33,64,64,0
1azw-assembly1cifgz,7ac0-assembly1cifgz,37,25,64,64,0
1azw-assembly1cifgz,5nfq-assembly1cifgz,37,29,64,64,0
1azw-assembly1cifgz,8sdc-assembly1cifgz,37,31,64,64,0
1azw-assembly1cifgz,5bov-assembly2cifgz_BCrystalstructureofaputativeepoxidehydrolaseKPN,37,32,64,64,0
1azw-assembly1cifgz,4inz-assembly2cifgz,37,21,64,64,0
1azw-assembly1cifgz,1ehy-assembly2cifgz,37,31,64,64,0
1azw-assembly1cifgz,5w15-assembly1cifgz,37,29,64,64,0
1azw-assembly1cifgz,8hgu-assembly1cifgz,37,33,64,64,0
1azw-assembly1cifgz,3r3z-assembly1cifgz,37,36,64,64,0
1azw-assembly1cifgz,4b9a-assembly1cifgz,37,31,64,64,0
1azw-assembly1cifgz,3kxp-assembly1cifgz,37,25,64,64,0
1azw-assembly1cifgz,7c4d-assembly1cifgz,37,207,64,352,288
1azw-assembly1cifgz,4ose-assembly1cifgz,37,39,64,64,0
1azw-assembly1cifgz,4pw0-assembly1cifgz,37,31,64,64,0
1azw-assembly1cifgz,3bf7-assembly2cifgz,37,198,64,352,288
1azw-assembly1cifgz,5frd-assembly2cifgz,37,192,64,352,288
1azw-assembly1cifgz,6eb3-assembly4cifgz,37,22,64,64,0
1azw-assembly1cifgz,5egn-assembly4cifgz,37,21,64,64,0
1azw-assembly1cifgz,2xua-assembly1cifgz,37,25,64,64,0
1azw-assembly1cifgz,3v48-assembly1cifgz,37,17,64,64,0
1azw-assembly1cifgz,4q3l-assembly1cifgz,37,25,64,64,0
1azw-assembly1cifgz,3om8-assembly1cifgz,37,29,64,64,0
1azw-assembly1cifgz,4opm-assembly1cifgz,37,47,64,64,0
1azw-assembly1cifgz,8ckp-assembly1cifgz,37,50,64,64,0
1azw-assembly1cifgz,4ns4-assembly1cifgz,37,42,64,64,0
1azw-assembly1cifgz,4mys-assembly1cifgz,37,17,64,64,0
1azw-assembly1cifgz,6ra2-assembly2cifgz,37,23,64,64,0
1azw-assembly1cifgz,4mj3-assembly1cifgz,37,49,64,64,0
1azw-assembly1cifgz,6y9g-assembly2cifgz,37,25,64,64,0
1azw-assembly1cifgz,4wdr-assembly2cifgz,37,29,64,64,0
1azw-assembly1cifgz,7pw1-assembly1cifgz,37,29,64,64,0
1azw-assembly1cifgz,4brz-assembly1cifgz,37,28,64,64,0
1azw-assembly1cifgz,7ots-assembly1cifgz,37,30,64,64,0
1azw-assembly1cifgz,8ik2-assembly1cifgz,37,29,64,64,0
1azw-assembly1cifgz,4uhd-assembly1cifgz,37,28,64,64,0
1azw-assembly1cifgz,6jra-assembly1cifgz,37,26,64,64,0
1azw-assembly1cifgz,4rpc-assembly2cifgz,37,13,64,64,0
1azw-assembly1cifgz,5a62-assembly1cifgz,37,25,64,64,0
1azw-assembly1cifgz,7dq9-assembly4cifgz,37,25,64,64,0
1azw-assembly1cifgz,3wi7-assembly2cifgz,37,32,64,64,0
1azw-assembly1cifgz,8b5o-assembly2cifgz,37,22,64,64,0
1azw-assembly1cifgz,1a8q-assembly1cifgz,37,22,64,64,0
1azw-assembly1cifgz,4rnc-assembly2cifgz,37,27,64,64,0
1azw-assembly1cifgz,7yii-assembly1cifgz,37,26,64,64,0
1azw-assembly1cifgz,1a8s-assembly1cifgz,37,22,64,64,0
1azw-assembly1cifgz,1brt-assembly1cifgz,37,26,64,64,0
1azw-assembly1cifgz,3fob-assembly1cifgz,37,25,64,64,0
1azw-assembly1cifgz,4x00-assembly4cifgz,37,26,64,64,0
1azw-assembly1cifgz,6t6y-assembly1cifgz,37,26,64,64,0
1azw-assembly1cifgz,3e0x-assembly2cifgz,37,17,64,64,0
1azw-assembly1cifgz,5z7w-assembly1cifgz,37,19,64,64,0
1azw-assembly1cifgz,1m33-assembly1cifgz,37,14,64,64,0
1azw-assembly1cifgz,4nmw-assembly1cifgz,37,14,64,64,0
1azw-assembly1cifgz,6azd-assembly1cifgz,37,20,64,64,0
1azw-assembly1cifgz,5z9g-assembly1cifgz,37,19,64,64,0
1azw-assembly1cifgz,7k38-assembly1cifgz,37,20,64,64,0
1azw-assembly1cifgz,5dnu-assembly1cifgz,37,18,64,64,0
1azw-assembly1cifgz,5cbk-assembly1cifgz,37,20,64,64,0
1azw-assembly1cifgz,5h3h-assembly1cifgz,37,24,64,64,0
1azw-assembly1cifgz,5z7x-assembly1cifgz,37,21,64,64,0
1azw-assembly1cifgz,6j2r-assembly1cifgz,37,19,64,64,0
1azw-assembly1cifgz,7uoc-assembly1cifgz,37,18,64,64,0
1azw-assembly1cifgz,5z89-assembly1cifgz,37,18,64,64,0
1azw-assembly1cifgz,6uh8-assembly1cifgz,37,20,64,64,0
1azw-assembly1cifgz,6xfo-assembly1cifgz,37,19,64,64,0
1azw-assembly1cifgz,4ih4-assembly4cifgz,37,17,64,64,0
1azw-assembly1cifgz,1wom-assembly2cifgz,37,22,64,64,0
1azw-assembly1cifgz,7f5w-assembly2cifgz,37,22,64,64,0
1azw-assembly1cifgz,3qvm-assembly1cifgz,37,26,64,64,0
1azw-assembly1cifgz,6atx-assembly1cifgz,37,17,64,64,0
1azw-assembly1cifgz,7ukb-assembly1cifgz,37,18,64,64,0
1azw-assembly1cifgz,3e3a-assembly1cifgz,37,27,64,64,0
1azw-assembly1cifgz,5ie4-assembly1cifgz,37,26,64,64,0
1azw-assembly1cifgz,5xo7-assembly1cifgz,37,27,64,64,0
1azw-assembly1cifgz,5xwz-assembly2cifgz,37,26,64,64,0
1azw-assembly1cifgz,6l7m-assembly1cifgz,37,26,64,64,0
1azw-assembly1cifgz,8jlv-assembly6cifgz,37,26,64,64,0
1azw-assembly1cifgz,4myd-assembly3cifgz,37,16,64,64,0
1azw-assembly1cifgz,4i3f-assembly1cifgz,37,27,64,64,0
1azw-assembly1cifgz,6l4h-assembly1cifgz,37,228,64,352,288
1azw-assembly1cifgz,2xmr-assembly3cifgz,37,28,64,66,2
1azw-assembly1cifgz,6zmm-assembly1cifgz,37,25,64,66,2
1azw-assembly1cifgz,1c4x-assembly1cifgz,37,29,64,64,0
1azw-assembly1cifgz,2og1-assembly1cifgz,37,35,64,64,0
1azw-assembly1cifgz,5jz9-assembly1cifgz,37,33,64,64,0
1azw-assembly1cifgz,1iun-assembly1cifgz,37,27,64,64,0
1azw-assembly1cifgz,1u2e-assembly2cifgz,37,35,64,64,0
1azw-assembly1cifgz,2ock-assembly1cifgz,37,26,64,64,0
1azw-assembly1cifgz,4lxh-assembly1cifgz,37,28,64,64,0
1azw-assembly1cifgz,8hgw-assembly1cifgz,37,23,64,64,0
1azw-assembly1cifgz,1j1i-assembly1cifgz,37,25,64,64,0
1x2e-assembly1cifgz,6hgv-assembly1cifgz,37,33,64,64,0
1x2e-assembly1cifgz,6kxh-assembly2cifgz_CAlp1U,37,40,64,64,0
1x2e-assembly1cifgz,7jqz-assembly1cifgz,37,38,64,64,0
1x2e-assembly1cifgz,7jqx-assembly1cifgz,37,41,64,64,0
1x2e-assembly1cifgz,4psu-assembly1cifgz,37,40,64,64,0
1x2e-assembly1cifgz,3pi6-assembly2cifgz,37,33,64,64,0
1x2e-assembly1cifgz,7ac0-assembly1cifgz,37,25,64,64,0
1x2e-assembly1cifgz,5nfq-assembly1cifgz,37,29,64,64,0
1x2e-assembly1cifgz,8sdc-assembly1cifgz,37,31,64,64,0
1x2e-assembly1cifgz,5bov-assembly2cifgz_BCrystalstructureofaputativeepoxidehydrolaseKPN,37,32,64,64,0
1x2e-assembly1cifgz,4inz-assembly2cifgz,37,21,64,64,0
1x2e-assembly1cifgz,1ehy-assembly2cifgz,37,31,64,64,0
1x2e-assembly1cifgz,5w15-assembly1cifgz,37,29,64,64,0
1x2e-assembly1cifgz,8hgu-assembly1cifgz,37,33,64,64,0
1x2e-assembly1cifgz,3r3z-assembly1cifgz,37,36,64,64,0
1x2e-assembly1cifgz,4b9a-assembly1cifgz,37,31,64,64,0
1x2e-assembly1cifgz,3kxp-assembly1cifgz,37,25,64,64,0
1x2e-assembly1cifgz,7c4d-assembly1cifgz,37,207,64,352,288
1x2e-assembly1cifgz,4ose-assembly1cifgz,37,39,64,64,0
1x2e-assembly1cifgz,4pw0-assembly1cifgz,37,31,64,64,0
1x2e-assembly1cifgz,3bf7-assembly2cifgz,37,198,64,352,288
1x2e-assembly1cifgz,5frd-assembly2cifgz,37,192,64,352,288
1x2e-assembly1cifgz,6eb3-assembly4cifgz,37,22,64,64,0
1x2e-assembly1cifgz,5egn-assembly4cifgz,37,21,64,64,0
1x2e-assembly1cifgz,2xua-assembly1cifgz,37,25,64,64,0
1x2e-assembly1cifgz,3v48-assembly1cifgz,37,17,64,64,0
1x2e-assembly1cifgz,4q3l-assembly1cifgz,37,25,64,64,0
1x2e-assembly1cifgz,3om8-assembly1cifgz,37,29,64,64,0
1x2e-assembly1cifgz,4opm-assembly1cifgz,37,47,64,64,0
1x2e-assembly1cifgz,8ckp-assembly1cifgz,37,50,64,64,0
1x2e-assembly1cifgz,4ns4-assembly1cifgz,37,42,64,64,0
1x2e-assembly1cifgz,4mys-assembly1cifgz,37,17,64,64,0
1x2e-assembly1cifgz,6ra2-assembly2cifgz,37,23,64,64,0
1x2e-assembly1cifgz,4mj3-assembly1cifgz,37,49,64,64,0
1x2e-assembly1cifgz,6y9g-assembly2cifgz,37,25,64,64,0
1x2e-assembly1cifgz,4wdr-assembly2cifgz,37,29,64,64,0
1x2e-assembly1cifgz,7pw1-assembly1cifgz,37,29,64,64,0
1x2e-assembly1cifgz,4brz-assembly1cifgz,37,28,64,64,0
1x2e-assembly1cifgz,7ots-assembly1cifgz,37,30,64,64,0
1x2e-assembly1cifgz,8ik2-assembly1cifgz,37,29,64,64,0
1x2e-assembly1cifgz,4uhd-assembly1cifgz,37,28,64,64,0
1x2e-assembly1cifgz,6jra-assembly1cifgz,37,26,64,64,0
1x2e-assembly1cifgz,4rpc-assembly2cifgz,37,13,64,64,0
1x2e-assembly1cifgz,5a62-assembly1cifgz,37,25,64,64,0
1x2e-assembly1cifgz,7dq9-assembly4cifgz,37,25,64,64,0
1x2e-assembly1cifgz,3wi7-assembly2cifgz,37,32,64,64,0
1x2e-assembly1cifgz,8b5o-assembly2cifgz,37,22,64,64,0
1x2e-assembly1cifgz,1a8q-assembly1cifgz,37,22,64,64,0
1x2e-assembly1cifgz,4rnc-assembly2cifgz,37,27,64,64,0
1x2e-assembly1cifgz,7yii-assembly1cifgz,37,26,64,64,0
1x2e-assembly1cifgz,1a8s-assembly1cifgz,37,22,64,64,0
1x2e-assembly1cifgz,1brt-assembly1cifgz,37,26,64,64,0
1x2e-assembly1cifgz,3fob-assembly1cifgz,37,25,64,64,0
1x2e-assembly1cifgz,4x00-assembly4cifgz,37,26,64,64,0
1x2e-assembly1cifgz,6t6y-assembly1cifgz,37,26,64,64,0
1x2e-assembly1cifgz,3e0x-assembly2cifgz,37,17,64,64,0
1x2e-assembly1cifgz,5z7w-assembly1cifgz,37,19,64,64,0
1x2e-assembly1cifgz,1m33-assembly1cifgz,37,14,64,64,0
1x2e-assembly1cifgz,4nmw-assembly1cifgz,37,14,64,64,0
1x2e-assembly1cifgz,6azd-assembly1cifgz,37,20,64,64,0
1x2e-assembly1cifgz,5z9g-assembly1cifgz,37,19,64,64,0
1x2e-assembly1cifgz,7k38-assembly1cifgz,37,20,64,64,0
1x2e-assembly1cifgz,5dnu-assembly1cifgz,37,18,64,64,0
1x2e-assembly1cifgz,5cbk-assembly1cifgz,37,20,64,64,0
1x2e-assembly1cifgz,5h3h-assembly1cifgz,37,24,64,64,0
1x2e-assembly1cifgz,5z7x-assembly1cifgz,37,21,64,64,0
1x2e-assembly1cifgz,6j2r-assembly1cifgz,37,19,64,64,0
1x2e-assembly1cifgz,7uoc-assembly1cifgz,37,18,64,64,0
1x2e-assembly1cifgz,5z89-assembly1cifgz,37,18,64,64,0
1x2e-assembly1cifgz,6uh8-assembly1cifgz,37,20,64,64,0
1x2e-assembly1cifgz,6xfo-assembly1cifgz,37,19,64,64,0
1x2e-assembly1cifgz,4ih4-assembly4cifgz,37,17,64,64,0
1x2e-assembly1cifgz,1wom-assembly2cifgz,37,22,64,64,0
1x2e-assembly1cifgz,7f5w-assembly2cifgz,37,22,64,64,0
1x2e-assembly1cifgz,3qvm-assembly1cifgz,37,26,64,64,0
1x2e-assembly1cifgz,6atx-assembly1cifgz,37,17,64,64,0
1x2e-assembly1cifgz,7ukb-assembly1cifgz,37,18,64,64,0
1x2e-assembly1cifgz,3e3a-assembly1cifgz,37,27,64,64,0
1x2e-assembly1cifgz,5ie4-assembly1cifgz,37,26,64,64,0
1x2e-assembly1cifgz,5xo7-assembly1cifgz,37,27,64,64,0
1x2e-assembly1cifgz,5xwz-assembly2cifgz,37,26,64,64,0
1x2e-assembly1cifgz,6l7m-assembly1cifgz,37,26,64,64,0
1x2e-assembly1cifgz,8jlv-assembly6cifgz,37,26,64,64,0
1x2e-assembly1cifgz,4myd-assembly3cifgz,37,16,64,64,0
1x2e-assembly1cifgz,4i3f-assembly1cifgz,37,27,64,64,0
1x2e-assembly1cifgz,6l4h-assembly1cifgz,37,228,64,352,288
1x2e-assembly1cifgz,2xmr-assembly3cifgz,37,28,64,66,2
1x2e-assembly1cifgz,6zmm-assembly1cifgz,37,25,64,66,2
1x2e-assembly1cifgz,1c4x-assembly1cifgz,37,29,64,64,0
1x2e-assembly1cifgz,2og1-assembly1cifgz,37,35,64,64,0
1x2e-assembly1cifgz,5jz9-assembly1cifgz,37,33,64,64,0
1x2e-assembly1cifgz,1iun-assembly1cifgz,37,27,64,64,0
1x2e-assembly1cifgz,1u2e-assembly2cifgz,37,35,64,64,0
1x2e-assembly1cifgz,2ock-assembly1cifgz,37,26,64,64,0
1x2e-assembly1cifgz,4lxh-assembly1cifgz,37,28,64,64,0
1x2e-assembly1cifgz,8hgw-assembly1cifgz,37,23,64,64,0
1x2e-assembly1cifgz,1j1i-assembly1cifgz,37,25,64,64,0
6hgv-assembly1cifgz,6kxh-assembly2cifgz_CAlp1U,33,40,64,64,0
6hgv-assembly1cifgz,7jqz-assembly1cifgz,33,38,64,64,0
6hgv-assembly1cifgz,7jqx-assembly1cifgz,33,41,64,64,0
6hgv-assembly1cifgz,4psu-assembly1cifgz,33,40,64,64,0
6hgv-assembly1cifgz,3pi6-assembly2cifgz,33,33,64,64,0
6hgv-assembly1cifgz,7ac0-assembly1cifgz,33,25,64,64,0
6hgv-assembly1cifgz,5nfq-assembly1cifgz,33,29,64,64,0
6hgv-assembly1cifgz,8sdc-assembly1cifgz,33,31,64,64,0
6hgv-assembly1cifgz,5bov-assembly2cifgz_BCrystalstructureofaputativeepoxidehydrolaseKPN,33,32,64,64,0
6hgv-assembly1cifgz,4inz-assembly2cifgz,33,21,64,64,0
6hgv-assembly1cifgz,1ehy-assembly2cifgz,33,31,64,64,0
6hgv-assembly1cifgz,5w15-assembly1cifgz,33,29,64,64,0
6hgv-assembly1cifgz,8hgu-assembly1cifgz,33,33,64,64,0
6hgv-assembly1cifgz,3r3z-assembly1cifgz,33,36,64,64,0
6hgv-assembly1cifgz,4b9a-assembly1cifgz,33,31,64,64,0
6hgv-assembly1cifgz,3kxp-assembly1cifgz,33,25,64,64,0
6hgv-assembly1cifgz,7c4d-assembly1cifgz,33,207,64,352,288
6hgv-assembly1cifgz,4ose-assembly1cifgz,33,39,64,64,0
6hgv-assembly1cifgz,4pw0-assembly1cifgz,33,31,64,64,0
6hgv-assembly1cifgz,3bf7-assembly2cifgz,33,198,64,352,288
6hgv-assembly1cifgz,5frd-assembly2cifgz,33,192,64,352,288
6hgv-assembly1cifgz,6eb3-assembly4cifgz,33,22,64,64,0
6hgv-assembly1cifgz,5egn-assembly4cifgz,33,21,64,64,0
6hgv-assembly1cifgz,2xua-assembly1cifgz,33,25,64,64,0
6hgv-assembly1cifgz,3v48-assembly1cifgz,33,17,64,64,0
6hgv-assembly1cifgz,4q3l-assembly1cifgz,33,25,64,64,0
6hgv-assembly1cifgz,3om8-assembly1cifgz,33,29,64,64,0
6hgv-assembly1cifgz,4opm-assembly1cifgz,33,47,64,64,0
6hgv-assembly1cifgz,8ckp-assembly1cifgz,33,50,64,64,0
6hgv-assembly1cifgz,4ns4-assembly1cifgz,33,42,64,64,0
6hgv-assembly1cifgz,4mys-assembly1cifgz,33,17,64,64,0
6hgv-assembly1cifgz,6ra2-assembly2cifgz,33,23,64,64,0
6hgv-assembly1cifgz,4mj3-assembly1cifgz,33,49,64,64,0
6hgv-assembly1cifgz,6y9g-assembly2cifgz,33,25,64,64,0
6hgv-assembly1cifgz,4wdr-assembly2cifgz,33,29,64,64,0
6hgv-assembly1cifgz,7pw1-assembly1cifgz,33,29,64,64,0
6hgv-assembly1cifgz,4brz-assembly1cifgz,33,28,64,64,0
6hgv-assembly1cifgz,7ots-assembly1cifgz,33,30,64,64,0
6hgv-assembly1cifgz,8ik2-assembly1cifgz,33,29,64,64,0
6hgv-assembly1cifgz,4uhd-assembly1cifgz,33,28,64,64,0
6hgv-assembly1cifgz,6jra-assembly1cifgz,33,26,64,64,0
6hgv-assembly1cifgz,4rpc-assembly2cifgz,33,13,64,64,0
6hgv-assembly1cifgz,5a62-assembly1cifgz,33,25,64,64,0
6hgv-assembly1cifgz,7dq9-assembly4cifgz,33,25,64,64,0
6hgv-assembly1cifgz,3wi7-assembly2cifgz,33,32,64,64,0
6hgv-assembly1cifgz,8b5o-assembly2cifgz,33,22,64,64,0
6hgv-assembly1cifgz,1a8q-assembly1cifgz,33,22,64,64,0
6hgv-assembly1cifgz,4rnc-assembly2cifgz,33,27,64,64,0
6hgv-assembly1cifgz,7yii-assembly1cifgz,33,26,64,64,0
6hgv-assembly1cifgz,1a8s-assembly1cifgz,33,22,64,64,0
6hgv-assembly1cifgz,1brt-assembly1cifgz,33,26,64,64,0
6hgv-assembly1cifgz,3fob-assembly1cifgz,33,25,64,64,0
6hgv-assembly1cifgz,4x00-assembly4cifgz,33,26,64,64,0
6hgv-assembly1cifgz,6t6y-assembly1cifgz,33,26,64,64,0
6hgv-assembly1cifgz,3e0x-assembly2cifgz,33,17,64,64,0
6hgv-assembly1cifgz,5z7w-assembly1cifgz,33,19,64,64,0
6hgv-assembly1cifgz,1m33-assembly1cifgz,33,14,64,64,0
6hgv-assembly1cifgz,4nmw-assembly1cifgz,33,14,64,64,0
6hgv-assembly1cifgz,6azd-assembly1cifgz,33,20,64,64,0
6hgv-assembly1cifgz,5z9g-assembly1cifgz,33,19,64,64,0
6hgv-assembly1cifgz,7k38-assembly1cifgz,33,20,64,64,0
6hgv-assembly1cifgz,5dnu-assembly1cifgz,33,18,64,64,0
6hgv-assembly1cifgz,5cbk-assembly1cifgz,33,20,64,64,0
6hgv-assembly1cifgz,5h3h-assembly1cifgz,33,24,64,64,0
6hgv-assembly1cifgz,5z7x-assembly1cifgz,33,21,64,64,0
6hgv-assembly1cifgz,6j2r-assembly1cifgz,33,19,64,64,0
6hgv-assembly1cifgz,7uoc-assembly1cifgz,33,18,64,64,0
6hgv-assembly1cifgz,5z89-assembly1cifgz,33,18,64,64,0
6hgv-assembly1cifgz,6uh8-assembly1cifgz,33,20,64,64,0
6hgv-assembly1cifgz,6xfo-assembly1cifgz,33,19,64,64,0
6hgv-assembly1cifgz,4ih4-assembly4cifgz,33,17,64,64,0
6hgv-assembly1cifgz,1wom-assembly2cifgz,33,22,64,64,0
6hgv-assembly1cifgz,7f5w-assembly2cifgz,33,22,64,64,0
6hgv-assembly1cifgz,3qvm-assembly1cifgz,33,26,64,64,0
6hgv-assembly1cifgz,6atx-assembly1cifgz,33,17,64,64,0
6hgv-assembly1cifgz,7ukb-assembly1cifgz,33,18,64,64,0
6hgv-assembly1cifgz,3e3a-assembly1cifgz,33,27,64,64,0
6hgv-assembly1cifgz,5ie4-assembly1cifgz,33,26,64,64,0
6hgv-assembly1cifgz,5xo7-assembly1cifgz,33,27,64,64,0
6hgv-assembly1cifgz,5xwz-assembly2cifgz,33,26,64,64,0
6hgv-assembly1cifgz,6l7m-assembly1cifgz,33,26,64,64,0
6hgv-assembly1cifgz,8jlv-assembly6cifgz,33,26,64,64,0
6hgv-assembly1cifgz,4myd-assembly3cifgz,33,16,64,64,0
6hgv-assembly1cifgz,4i3f-assembly1cifgz,33,27,64,64,0
6hgv-assembly1cifgz,6l4h-assembly1cifgz,33,228,64,352,288
6hgv-assembly1cifgz,2xmr-assembly3cifgz,33,28,64,66,2
6hgv-assembly1cifgz,6zmm-assembly1cifgz,33,25,64,66,2
6hgv-assembly1cifgz,1c4x-assembly1cifgz,33,29,64,64,0
6hgv-assembly1cifgz,2og1-assembly1cifgz,33,35,64,64,0
6hgv-assembly1cifgz,5jz9-assembly1cifgz,33,33,64,64,0
6hgv-assembly1cifgz,1iun-assembly1cifgz,33,27,64,64,0
6hgv-assembly1cifgz,1u2e-assembly2cifgz,33,35,64,64,0
6hgv-assembly1cifgz,2ock-assembly1cifgz,33,26,64,64,0
6hgv-assembly1cifgz,4lxh-assembly1cifgz,33,28,64,64,0
6hgv-assembly1cifgz,8hgw-assembly1cifgz,33,23,64,64,0
6hgv-assembly1cifgz,1j1i-assembly1cifgz,33,25,64,64,0
6kxh-assembly2cifgz_CAlp1U,7jqz-assembly1cifgz,40,38,64,64,0
6kxh-assembly2cifgz_CAlp1U,7jqx-assembly1cifgz,40,41,64,64,0
6kxh-assembly2cifgz_CAlp1U,4psu-assembly1cifgz,40,40,64,64,0
6kxh-assembly2cifgz_CAlp1U,3pi6-assembly2cifgz,40,33,64,64,0
6kxh-assembly2cifgz_CAlp1U,7ac0-assembly1cifgz,40,25,64,64,0
6kxh-assembly2cifgz_CAlp1U,5nfq-assembly1cifgz,40,29,64,64,0
6kxh-assembly2cifgz_CAlp1U,8sdc-assembly1cifgz,40,31,64,64,0
6kxh-assembly2cifgz_CAlp1U,5bov-assembly2cifgz_BCrystalstructureofaputativeepoxidehydrolaseKPN,40,32,64,64,0
6kxh-assembly2cifgz_CAlp1U,4inz-assembly2cifgz,40,21,64,64,0
6kxh-assembly2cifgz_CAlp1U,1ehy-assembly2cifgz,40,31,64,64,0
6kxh-assembly2cifgz_CAlp1U,5w15-assembly1cifgz,40,29,64,64,0
6kxh-assembly2cifgz_CAlp1U,8hgu-assembly1cifgz,40,33,64,64,0
6kxh-assembly2cifgz_CAlp1U,3r3z-assembly1cifgz,40,36,64,64,0
6kxh-assembly2cifgz_CAlp1U,4b9a-assembly1cifgz,40,31,64,64,0
6kxh-assembly2cifgz_CAlp1U,3kxp-assembly1cifgz,40,25,64,64,0
6kxh-assembly2cifgz_CAlp1U,7c4d-assembly1cifgz,40,207,64,352,288
6kxh-assembly2cifgz_CAlp1U,4ose-assembly1cifgz,40,39,64,64,0
6kxh-assembly2cifgz_CAlp1U,4pw0-assembly1cifgz,40,31,64,64,0
6kxh-assembly2cifgz_CAlp1U,3bf7-assembly2cifgz,40,198,64,352,288
6kxh-assembly2cifgz_CAlp1U,5frd-assembly2cifgz,40,192,64,352,288
6kxh-assembly2cifgz_CAlp1U,6eb3-assembly4cifgz,40,22,64,64,0
6kxh-assembly2cifgz_CAlp1U,5egn-assembly4cifgz,40,21,64,64,0
6kxh-assembly2cifgz_CAlp1U,2xua-assembly1cifgz,40,25,64,64,0
6kxh-assembly2cifgz_CAlp1U,3v48-assembly1cifgz,40,17,64,64,0
6kxh-assembly2cifgz_CAlp1U,4q3l-assembly1cifgz,40,25,64,64,0
6kxh-assembly2cifgz_CAlp1U,3om8-assembly1cifgz,40,29,64,64,0
6kxh-assembly2cifgz_CAlp1U,4opm-assembly1cifgz,40,47,64,64,0
6kxh-assembly2cifgz_CAlp1U,8ckp-assembly1cifgz,40,50,64,64,0
6kxh-assembly2cifgz_CAlp1U,4ns4-assembly1cifgz,40,42,64,64,0
6kxh-assembly2cifgz_CAlp1U,4mys-assembly1cifgz,40,17,64,64,0
6kxh-assembly2cifgz_CAlp1U,6ra2-assembly2cifgz,40,23,64,64,0
6kxh-assembly2cifgz_CAlp1U,4mj3-assembly1cifgz,40,49,64,64,0
6kxh-assembly2cifgz_CAlp1U,6y9g-assembly2cifgz,40,25,64,64,0
6kxh-assembly2cifgz_CAlp1U,4wdr-assembly2cifgz,40,29,64,64,0
6kxh-assembly2cifgz_CAlp1U,7pw1-assembly1cifgz,40,29,64,64,0
6kxh-assembly2cifgz_CAlp1U,4brz-assembly1cifgz,40,28,64,64,0
6kxh-assembly2cifgz_CAlp1U,7ots-assembly1cifgz,40,30,64,64,0
6kxh-assembly2cifgz_CAlp1U,8ik2-assembly1cifgz,40,29,64,64,0
6kxh-assembly2cifgz_CAlp1U,4uhd-assembly1cifgz,40,28,64,64,0
6kxh-assembly2cifgz_CAlp1U,6jra-assembly1cifgz,40,26,64,64,0
6kxh-assembly2cifgz_CAlp1U,4rpc-assembly2cifgz,40,13,64,64,0
6kxh-assembly2cifgz_CAlp1U,5a62-assembly1cifgz,40,25,64,64,0
6kxh-assembly2cifgz_CAlp1U,7dq9-assembly4cifgz,40,25,64,64,0
6kxh-assembly2cifgz_CAlp1U,3wi7-assembly2cifgz,40,32,64,64,0
6kxh-assembly2cifgz_CAlp1U,8b5o-assembly2cifgz,40,22,64,64,0
6kxh-assembly2cifgz_CAlp1U,1a8q-assembly1cifgz,40,22,64,64,0
6kxh-assembly2cifgz_CAlp1U,4rnc-assembly2cifgz,40,27,64,64,0
6kxh-assembly2cifgz_CAlp1U,7yii-assembly1cifgz,40,26,64,64,0
6kxh-assembly2cifgz_CAlp1U,1a8s-assembly1cifgz,40,22,64,64,0
6kxh-assembly2cifgz_CAlp1U,1brt-assembly1cifgz,40,26,64,64,0
6kxh-assembly2cifgz_CAlp1U,3fob-assembly1cifgz,40,25,64,64,0
6kxh-assembly2cifgz_CAlp1U,4x00-assembly4cifgz,40,26,64,64,0
6kxh-assembly2cifgz_CAlp1U,6t6y-assembly1cifgz,40,26,64,64,0
6kxh-assembly2cifgz_CAlp1U,3e0x-assembly2cifgz,40,17,64,64,0
6kxh-assembly2cifgz_CAlp1U,5z7w-assembly1cifgz,40,19,64,64,0
6kxh-assembly2cifgz_CAlp1U,1m33-assembly1cifgz,40,14,64,64,0
6kxh-assembly2cifgz_CAlp1U,4nmw-assembly1cifgz,40,14,64,64,0
6kxh-assembly2cifgz_CAlp1U,6azd-assembly1cifgz,40,20,64,64,0
6kxh-assembly2cifgz_CAlp1U,5z9g-assembly1cifgz,40,19,64,64,0
6kxh-assembly2cifgz_CAlp1U,7k38-assembly1cifgz,40,20,64,64,0
6kxh-assembly2cifgz_CAlp1U,5dnu-assembly1cifgz,40,18,64,64,0
6kxh-assembly2cifgz_CAlp1U,5cbk-assembly1cifgz,40,20,64,64,0
6kxh-assembly2cifgz_CAlp1U,5h3h-assembly1cifgz,40,24,64,64,0
6kxh-assembly2cifgz_CAlp1U,5z7x-assembly1cifgz,40,21,64,64,0
6kxh-assembly2cifgz_CAlp1U,6j2r-assembly1cifgz,40,19,64,64,0
6kxh-assembly2cifgz_CAlp1U,7uoc-assembly1cifgz,40,18,64,64,0
6kxh-assembly2cifgz_CAlp1U,5z89-assembly1cifgz,40,18,64,64,0
6kxh-assembly2cifgz_CAlp1U,6uh8-assembly1cifgz,40,20,64,64,0
6kxh-assembly2cifgz_CAlp1U,6xfo-assembly1cifgz,40,19,64,64,0
6kxh-assembly2cifgz_CAlp1U,4ih4-assembly4cifgz,40,17,64,64,0
6kxh-assembly2cifgz_CAlp1U,1wom-assembly2cifgz,40,22,64,64,0
6kxh-assembly2cifgz_CAlp1U,7f5w-assembly2cifgz,40,22,64,64,0
6kxh-assembly2cifgz_CAlp1U,3qvm-assembly1cifgz,40,26,64,64,0
6kxh-assembly2cifgz_CAlp1U,6atx-assembly1cifgz,40,17,64,64,0
6kxh-assembly2cifgz_CAlp1U,7ukb-assembly1cifgz,40,18,64,64,0
6kxh-assembly2cifgz_CAlp1U,3e3a-assembly1cifgz,40,27,64,64,0
6kxh-assembly2cifgz_CAlp1U,5ie4-assembly1cifgz,40,26,64,64,0
6kxh-assembly2cifgz_CAlp1U,5xo7-assembly1cifgz,40,27,64,64,0
6kxh-assembly2cifgz_CAlp1U,5xwz-assembly2cifgz,40,26,64,64,0
6kxh-assembly2cifgz_CAlp1U,6l7m-assembly1cifgz,40,26,64,64,0
6kxh-assembly2cifgz_CAlp1U,8jlv-assembly6cifgz,40,26,64,64,0
6kxh-assembly2cifgz_CAlp1U,4myd-assembly3cifgz,40,16,64,64,0
6kxh-assembly2cifgz_CAlp1U,4i3f-assembly1cifgz,40,27,64,64,0
6kxh-assembly2cifgz_CAlp1U,6l4h-assembly1cifgz,40,228,64,352,288
6kxh-assembly2cifgz_CAlp1U,2xmr-assembly3cifgz,40,28,64,66,2
6kxh-assembly2cifgz_CAlp1U,6zmm-assembly1cifgz,40,25,64,66,2
6kxh-assembly2cifgz_CAlp1U,1c4x-assembly1cifgz,40,29,64,64,0
6kxh-assembly2cifgz_CAlp1U,2og1-assembly1cifgz,40,35,64,64,0
6kxh-assembly2cifgz_CAlp1U,5jz9-assembly1cifgz,40,33,64,64,0
6kxh-assembly2cifgz_CAlp1U,1iun-assembly1cifgz,40,27,64,64,0
6kxh-assembly2cifgz_CAlp1U,1u2e-assembly2cifgz,40,35,64,64,0
6kxh-assembly2cifgz_CAlp1U,2ock-assembly1cifgz,40,26,64,64,0
6kxh-assembly2cifgz_CAlp1U,4lxh-assembly1cifgz,40,28,64,64,0
6kxh-assembly2cifgz_CAlp1U,8hgw-assembly1cifgz,40,23,64,64,0
6kxh-assembly2cifgz_CAlp1U,1j1i-assembly1cifgz,40,25,64,64,0
7jqz-assembly1cifgz,7jqx-assembly1cifgz,38,41,64,64,0
7jqz-assembly1cifgz,4psu-assembly1cifgz,38,40,64,64,0
7jqz-assembly1cifgz,3pi6-assembly2cifgz,38,33,64,64,0
7jqz-assembly1cifgz,7ac0-assembly1cifgz,38,25,64,64,0
7jqz-assembly1cifgz,5nfq-assembly1cifgz,38,29,64,64,0
7jqz-assembly1cifgz,8sdc-assembly1cifgz,38,31,64,64,0
7jqz-assembly1cifgz,5bov-assembly2cifgz_BCrystalstructureofaputativeepoxidehydrolaseKPN,38,32,64,64,0
7jqz-assembly1cifgz,4inz-assembly2cifgz,38,21,64,64,0
7jqz-assembly1cifgz,1ehy-assembly2cifgz,38,31,64,64,0
7jqz-assembly1cifgz,5w15-assembly1cifgz,38,29,64,64,0
7jqz-assembly1cifgz,8hgu-assembly1cifgz,38,33,64,64,0
7jqz-assembly1cifgz,3r3z-assembly1cifgz,38,36,64,64,0
7jqz-assembly1cifgz,4b9a-assembly1cifgz,38,31,64,64,0
7jqz-assembly1cifgz,3kxp-assembly1cifgz,38,25,64,64,0
7jqz-assembly1cifgz,7c4d-assembly1cifgz,38,207,64,352,288
7jqz-assembly1cifgz,4ose-assembly1cifgz,38,39,64,64,0
7jqz-assembly1cifgz,4pw0-assembly1cifgz,38,31,64,64,0
7jqz-assembly1cifgz,3bf7-assembly2cifgz,38,198,64,352,288
7jqz-assembly1cifgz,5frd-assembly2cifgz,38,192,64,352,288
7jqz-assembly1cifgz,6eb3-assembly4cifgz,38,22,64,64,0
7jqz-assembly1cifgz,5egn-assembly4cifgz,38,21,64,64,0
7jqz-assembly1cifgz,2xua-assembly1cifgz,38,25,64,64,0
7jqz-assembly1cifgz,3v48-assembly1cifgz,38,17,64,64,0
7jqz-assembly1cifgz,4q3l-assembly1cifgz,38,25,64,64,0
7jqz-assembly1cifgz,3om8-assembly1cifgz,38,29,64,64,0
7jqz-assembly1cifgz,4opm-assembly1cifgz,38,47,64,64,0
7jqz-assembly1cifgz,8ckp-assembly1cifgz,38,50,64,64,0
7jqz-assembly1cifgz,4ns4-assembly1cifgz,38,42,64,64,0
7jqz-assembly1cifgz,4mys-assembly1cifgz,38,17,64,64,0
7jqz-assembly1cifgz,6ra2-assembly2cifgz,38,23,64,64,0
7jqz-assembly1cifgz,4mj3-assembly1cifgz,38,49,64,64,0
7jqz-assembly1cifgz,6y9g-assembly2cifgz,38,25,64,64,0
7jqz-assembly1cifgz,4wdr-assembly2cifgz,38,29,64,64,0
7jqz-assembly1cifgz,7pw1-assembly1cifgz,38,29,64,64,0
7jqz-assembly1cifgz,4brz-assembly1cifgz,38,28,64,64,0
7jqz-assembly1cifgz,7ots-assembly1cifgz,38,30,64,64,0
7jqz-assembly1cifgz,8ik2-assembly1cifgz,38,29,64,64,0
7jqz-assembly1cifgz,4uhd-assembly1cifgz,38,28,64,64,0
7jqz-assembly1cifgz,6jra-assembly1cifgz,38,26,64,64,0
7jqz-assembly1cifgz,4rpc-assembly2cifgz,38,13,64,64,0
7jqz-assembly1cifgz,5a62-assembly1cifgz,38,25,64,64,0
7jqz-assembly1cifgz,7dq9-assembly4cifgz,38,25,64,64,0
7jqz-assembly1cifgz,3wi7-assembly2cifgz,38,32,64,64,0
7jqz-assembly1cifgz,8b5o-assembly2cifgz,38,22,64,64,0
7jqz-assembly1cifgz,1a8q-assembly1cifgz,38,22,64,64,0
7jqz-assembly1cifgz,4rnc-assembly2cifgz,38,27,64,64,0
7jqz-assembly1cifgz,7yii-assembly1cifgz,38,26,64,64,0
7jqz-assembly1cifgz,1a8s-assembly1cifgz,38,22,64,64,0
7jqz-assembly1cifgz,1brt-assembly1cifgz,38,26,64,64,0
7jqz-assembly1cifgz,3fob-assembly1cifgz,38,25,64,64,0
7jqz-assembly1cifgz,4x00-assembly4cifgz,38,26,64,64,0
7jqz-assembly1cifgz,6t6y-assembly1cifgz,38,26,64,64,0
7jqz-assembly1cifgz,3e0x-assembly2cifgz,38,17,64,64,0
7jqz-assembly1cifgz,5z7w-assembly1cifgz,38,19,64,64,0
7jqz-assembly1cifgz,1m33-assembly1cifgz,38,14,64,64,0
7jqz-assembly1cifgz,4nmw-assembly1cifgz,38,14,64,64,0
7jqz-assembly1cifgz,6azd-assembly1cifgz,38,20,64,64,0
7jqz-assembly1cifgz,5z9g-assembly1cifgz,38,19,64,64,0
7jqz-assembly1cifgz,7k38-assembly1cifgz,38,20,64,64,0
7jqz-assembly1cifgz,5dnu-assembly1cifgz,38,18,64,64,0
7jqz-assembly1cifgz,5cbk-assembly1cifgz,38,20,64,64,0
7jqz-assembly1cifgz,5h3h-assembly1cifgz,38,24,64,64,0
7jqz-assembly1cifgz,5z7x-assembly1cifgz,38,21,64,64,0
7jqz-assembly1cifgz,6j2r-assembly1cifgz,38,19,64,64,0
7jqz-assembly1cifgz,7uoc-assembly1cifgz,38,18,64,64,0
7jqz-assembly1cifgz,5z89-assembly1cifgz,38,18,64,64,0
7jqz-assembly1cifgz,6uh8-assembly1cifgz,38,20,64,64,0
7jqz-assembly1cifgz,6xfo-assembly1cifgz,38,19,64,64,0
7jqz-assembly1cifgz,4ih4-assembly4cifgz,38,17,64,64,0
7jqz-assembly1cifgz,1wom-assembly2cifgz,38,22,64,64,0
7jqz-assembly1cifgz,7f5w-assembly2cifgz,38,22,64,64,0
7jqz-assembly1cifgz,3qvm-assembly1cifgz,38,26,64,64,0
7jqz-assembly1cifgz,6atx-assembly1cifgz,38,17,64,64,0
7jqz-assembly1cifgz,7ukb-assembly1cifgz,38,18,64,64,0
7jqz-assembly1cifgz,3e3a-assembly1cifgz,38,27,64,64,0
7jqz-assembly1cifgz,5ie4-assembly1cifgz,38,26,64,64,0
7jqz-assembly1cifgz,5xo7-assembly1cifgz,38,27,64,64,0
7jqz-assembly1cifgz,5xwz-assembly2cifgz,38,26,64,64,0
7jqz-assembly1cifgz,6l7m-assembly1cifgz,38,26,64,64,0
7jqz-assembly1cifgz,8jlv-assembly6cifgz,38,26,64,64,0
7jqz-assembly1cifgz,4myd-assembly3cifgz,38,16,64,64,0
7jqz-assembly1cifgz,4i3f-assembly1cifgz,38,27,64,64,0
7jqz-assembly1cifgz,6l4h-assembly1cifgz,38,228,64,352,288
7jqz-assembly1cifgz,2xmr-assembly3cifgz,38,28,64,66,2
7jqz-assembly1cifgz,6zmm-assembly1cifgz,38,25,64,66,2
7jqz-assembly1cifgz,1c4x-assembly1cifgz,38,29,64,64,0
7jqz-assembly1cifgz,2og1-assembly1cifgz,38,35,64,64,0
7jqz-assembly1cifgz,5jz9-assembly1cifgz,38,33,64,64,0
7jqz-assembly1cifgz,1iun-assembly1cifgz,38,27,64,64,0
7jqz-assembly1cifgz,1u2e-assembly2cifgz,38,35,64,64,0
7jqz-assembly1cifgz,2ock-assembly1cifgz,38,26,64,64,0
7jqz-assembly1cifgz,4lxh-assembly1cifgz,38,28,64,64,0
7jqz-assembly1cifgz,8hgw-assembly1cifgz,38,23,64,64,0
7jqz-assembly1cifgz,1j1i-assembly1cifgz,38,25,64,64,0
7jqx-assembly1cifgz,4psu-assembly1cifgz,41,40,64,64,0
7jqx-assembly1cifgz,3pi6-assembly2cifgz,41,33,64,64,0
7jqx-assembly1cifgz,7ac0-assembly1cifgz,41,25,64,64,0
7jqx-assembly1cifgz,5nfq-assembly1cifgz,41,29,64,64,0
7jqx-assembly1cifgz,8sdc-assembly1cifgz,41,31,64,64,0
7jqx-assembly1cifgz,5bov-assembly2cifgz_BCrystalstructureofaputativeepoxidehydrolaseKPN,41,32,64,64,0
7jqx-assembly1cifgz,4inz-assembly2cifgz,41,21,64,64,0
7jqx-assembly1cifgz,1ehy-assembly2cifgz,41,31,64,64,0
7jqx-assembly1cifgz,5w15-assembly1cifgz,41,29,64,64,0
7jqx-assembly1cifgz,8hgu-assembly1cifgz,41,33,64,64,0
7jqx-assembly1cifgz,3r3z-assembly1cifgz,41,36,64,64,0
7jqx-assembly1cifgz,4b9a-assembly1cifgz,41,31,64,64,0
7jqx-assembly1cifgz,3kxp-assembly1cifgz,41,25,64,64,0
7jqx-assembly1cifgz,7c4d-assembly1cifgz,41,207,64,352,288
7jqx-assembly1cifgz,4ose-assembly1cifgz,41,39,64,64,0
7jqx-assembly1cifgz,4pw0-assembly1cifgz,41,31,64,64,0
7jqx-assembly1cifgz,3bf7-assembly2cifgz,41,198,64,352,288
7jqx-assembly1cifgz,5frd-assembly2cifgz,41,192,64,352,288
7jqx-assembly1cifgz,6eb3-assembly4cifgz,41,22,64,64,0
7jqx-assembly1cifgz,5egn-assembly4cifgz,41,21,64,64,0
7jqx-assembly1cifgz,2xua-assembly1cifgz,41,25,64,64,0
7jqx-assembly1cifgz,3v48-assembly1cifgz,41,17,64,64,0
7jqx-assembly1cifgz,4q3l-assembly1cifgz,41,25,64,64,0
7jqx-assembly1cifgz,3om8-assembly1cifgz,41,29,64,64,0
7jqx-assembly1cifgz,4opm-assembly1cifgz,41,47,64,64,0
7jqx-assembly1cifgz,8ckp-assembly1cifgz,41,50,64,64,0
7jqx-assembly1cifgz,4ns4-assembly1cifgz,41,42,64,64,0
7jqx-assembly1cifgz,4mys-assembly1cifgz,41,17,64,64,0
7jqx-assembly1cifgz,6ra2-assembly2cifgz,41,23,64,64,0
7jqx-assembly1cifgz,4mj3-assembly1cifgz,41,49,64,64,0
7jqx-assembly1cifgz,6y9g-assembly2cifgz,41,25,64,64,0
7jqx-assembly1cifgz,4wdr-assembly2cifgz,41,29,64,64,0
7jqx-assembly1cifgz,7pw1-assembly1cifgz,41,29,64,64,0
7jqx-assembly1cifgz,4brz-assembly1cifgz,41,28,64,64,0
7jqx-assembly1cifgz,7ots-assembly1cifgz,41,30,64,64,0
7jqx-assembly1cifgz,8ik2-assembly1cifgz,41,29,64,64,0
7jqx-assembly1cifgz,4uhd-assembly1cifgz,41,28,64,64,0
7jqx-assembly1cifgz,6jra-assembly1cifgz,41,26,64,64,0
7jqx-assembly1cifgz,4rpc-assembly2cifgz,41,13,64,64,0
7jqx-assembly1cifgz,5a62-assembly1cifgz,41,25,64,64,0
7jqx-assembly1cifgz,7dq9-assembly4cifgz,41,25,64,64,0
7jqx-assembly1cifgz,3wi7-assembly2cifgz,41,32,64,64,0
7jqx-assembly1cifgz,8b5o-assembly2cifgz,41,22,64,64,0
7jqx-assembly1cifgz,1a8q-assembly1cifgz,41,22,64,64,0
7jqx-assembly1cifgz,4rnc-assembly2cifgz,41,27,64,64,0
7jqx-assembly1cifgz,7yii-assembly1cifgz,41,26,64,64,0
7jqx-assembly1cifgz,1a8s-assembly1cifgz,41,22,64,64,0
7jqx-assembly1cifgz,1brt-assembly1cifgz,41,26,64,64,0
7jqx-assembly1cifgz,3fob-assembly1cifgz,41,25,64,64,0
7jqx-assembly1cifgz,4x00-assembly4cifgz,41,26,64,64,0
7jqx-assembly1cifgz,6t6y-assembly1cifgz,41,26,64,64,0
7jqx-assembly1cifgz,3e0x-assembly2cifgz,41,17,64,64,0
7jqx-assembly1cifgz,5z7w-assembly1cifgz,41,19,64,64,0
7jqx-assembly1cifgz,1m33-assembly1cifgz,41,14,64,64,0
7jqx-assembly1cifgz,4nmw-assembly1cifgz,41,14,64,64,0
7jqx-assembly1cifgz,6azd-assembly1cifgz,41,20,64,64,0
7jqx-assembly1cifgz,5z9g-assembly1cifgz,41,19,64,64,0
7jqx-assembly1cifgz,7k38-assembly1cifgz,41,20,64,64,0
7jqx-assembly1cifgz,5dnu-assembly1cifgz,41,18,64,64,0
7jqx-assembly1cifgz,5cbk-assembly1cifgz,41,20,64,64,0
7jqx-assembly1cifgz,5h3h-assembly1cifgz,41,24,64,64,0
7jqx-assembly1cifgz,5z7x-assembly1cifgz,41,21,64,64,0
7jqx-assembly1cifgz,6j2r-assembly1cifgz,41,19,64,64,0
7jqx-assembly1cifgz,7uoc-assembly1cifgz,41,18,64,64,0
7jqx-assembly1cifgz,5z89-assembly1cifgz,41,18,64,64,0
7jqx-assembly1cifgz,6uh8-assembly1cifgz,41,20,64,64,0
7jqx-assembly1cifgz,6xfo-assembly1cifgz,41,19,64,64,0
7jqx-assembly1cifgz,4ih4-assembly4cifgz,41,17,64,64,0
7jqx-assembly1cifgz,1wom-assembly2cifgz,41,22,64,64,0
7jqx-assembly1cifgz,7f5w-assembly2cifgz,41,22,64,64,0
7jqx-assembly1cifgz,3qvm-assembly1cifgz,41,26,64,64,0
7jqx-assembly1cifgz,6atx-assembly1cifgz,41,17,64,64,0
7jqx-assembly1cifgz,7ukb-assembly1cifgz,41,18,64,64,0
7jqx-assembly1cifgz,3e3a-assembly1cifgz,41,27,64,64,0
7jqx-assembly1cifgz,5ie4-assembly1cifgz,41,26,64,64,0
7jqx-assembly1cifgz,5xo7-assembly1cifgz,41,27,64,64,0
7jqx-assembly1cifgz,5xwz-assembly2cifgz,41,26,64,64,0
7jqx-assembly1cifgz,6l7m-assembly1cifgz,41,26,64,64,0
7jqx-assembly1cifgz,8jlv-assembly6cifgz,41,26,64,64,0
7jqx-assembly1cifgz,4myd-assembly3cifgz,41,16,64,64,0
7jqx-assembly1cifgz,4i3f-assembly1cifgz,41,27,64,64,0
7jqx-assembly1cifgz,6l4h-assembly1cifgz,41,228,64,352,288
7jqx-assembly1cifgz,2xmr-assembly3cifgz,41,28,64,66,2
7jqx-assembly1cifgz,6zmm-assembly1cifgz,41,25,64,66,2
7jqx-assembly1cifgz,1c4x-assembly1cifgz,41,29,64,64,0
7jqx-assembly1cifgz,2og1-assembly1cifgz,41,35,64,64,0
7jqx-assembly1cifgz,5jz9-assembly1cifgz,41,33,64,64,0
7jqx-assembly1cifgz,1iun-assembly1cifgz,41,27,64,64,0
7jqx-assembly1cifgz,1u2e-assembly2cifgz,41,35,64,64,0
7jqx-assembly1cifgz,2ock-assembly1cifgz,41,26,64,64,0
7jqx-assembly1cifgz,4lxh-assembly1cifgz,41,28,64,64,0
7jqx-assembly1cifgz,8hgw-assembly1cifgz,41,23,64,64,0
7jqx-assembly1cifgz,1j1i-assembly1cifgz,41,25,64,64,0
4psu-assembly1cifgz,3pi6-assembly2cifgz,40,33,64,64,0
4psu-assembly1cifgz,7ac0-assembly1cifgz,40,25,64,64,0
4psu-assembly1cifgz,5nfq-assembly1cifgz,40,29,64,64,0
4psu-assembly1cifgz,8sdc-assembly1cifgz,40,31,64,64,0
4psu-assembly1cifgz,5bov-assembly2cifgz_BCrystalstructureofaputativeepoxidehydrolaseKPN,40,32,64,64,0
4psu-assembly1cifgz,4inz-assembly2cifgz,40,21,64,64,0
4psu-assembly1cifgz,1ehy-assembly2cifgz,40,31,64,64,0
4psu-assembly1cifgz,5w15-assembly1cifgz,40,29,64,64,0
4psu-assembly1cifgz,8hgu-assembly1cifgz,40,33,64,64,0
4psu-assembly1cifgz,3r3z-assembly1cifgz,40,36,64,64,0
4psu-assembly1cifgz,4b9a-assembly1cifgz,40,31,64,64,0
4psu-assembly1cifgz,3kxp-assembly1cifgz,40,25,64,64,0
4psu-assembly1cifgz,7c4d-assembly1cifgz,40,207,64,352,288
4psu-assembly1cifgz,4ose-assembly1cifgz,40,39,64,64,0
4psu-assembly1cifgz,4pw0-assembly1cifgz,40,31,64,64,0
4psu-assembly1cifgz,3bf7-assembly2cifgz,40,198,64,352,288
4psu-assembly1cifgz,5frd-assembly2cifgz,40,192,64,352,288
4psu-assembly1cifgz,6eb3-assembly4cifgz,40,22,64,64,0
4psu-assembly1cifgz,5egn-assembly4cifgz,40,21,64,64,0
4psu-assembly1cifgz,2xua-assembly1cifgz,40,25,64,64,0
4psu-assembly1cifgz,3v48-assembly1cifgz,40,17,64,64,0
4psu-assembly1cifgz,4q3l-assembly1cifgz,40,25,64,64,0
4psu-assembly1cifgz,3om8-assembly1cifgz,40,29,64,64,0
4psu-assembly1cifgz,4opm-assembly1cifgz,40,47,64,64,0
4psu-assembly1cifgz,8ckp-assembly1cifgz,40,50,64,64,0
4psu-assembly1cifgz,4ns4-assembly1cifgz,40,42,64,64,0
4psu-assembly1cifgz,4mys-assembly1cifgz,40,17,64,64,0
4psu-assembly1cifgz,6ra2-assembly2cifgz,40,23,64,64,0
4psu-assembly1cifgz,4mj3-assembly1cifgz,40,49,64,64,0
4psu-assembly1cifgz,6y9g-assembly2cifgz,40,25,64,64,0
4psu-assembly1cifgz,4wdr-assembly2cifgz,40,29,64,64,0
4psu-assembly1cifgz,7pw1-assembly1cifgz,40,29,64,64,0
4psu-assembly1cifgz,4brz-assembly1cifgz,40,28,64,64,0
4psu-assembly1cifgz,7ots-assembly1cifgz,40,30,64,64,0
4psu-assembly1cifgz,8ik2-assembly1cifgz,40,29,64,64,0
4psu-assembly1cifgz,4uhd-assembly1cifgz,40,28,64,64,0
4psu-assembly1cifgz,6jra-assembly1cifgz,40,26,64,64,0
4psu-assembly1cifgz,4rpc-assembly2cifgz,40,13,64,64,0
4psu-assembly1cifgz,5a62-assembly1cifgz,40,25,64,64,0
4psu-assembly1cifgz,7dq9-assembly4cifgz,40,25,64,64,0
4psu-assembly1cifgz,3wi7-assembly2cifgz,40,32,64,64,0
4psu-assembly1cifgz,8b5o-assembly2cifgz,40,22,64,64,0
4psu-assembly1cifgz,1a8q-assembly1cifgz,40,22,64,64,0
4psu-assembly1cifgz,4rnc-assembly2cifgz,40,27,64,64,0
4psu-assembly1cifgz,7yii-assembly1cifgz,40,26,64,64,0
4psu-assembly1cifgz,1a8s-assembly1cifgz,40,22,64,64,0
4psu-assembly1cifgz,1brt-assembly1cifgz,40,26,64,64,0
4psu-assembly1cifgz,3fob-assembly1cifgz,40,25,64,64,0
4psu-assembly1cifgz,4x00-assembly4cifgz,40,26,64,64,0
4psu-assembly1cifgz,6t6y-assembly1cifgz,40,26,64,64,0
4psu-assembly1cifgz,3e0x-assembly2cifgz,40,17,64,64,0
4psu-assembly1cifgz,5z7w-assembly1cifgz,40,19,64,64,0
4psu-assembly1cifgz,1m33-assembly1cifgz,40,14,64,64,0
4psu-assembly1cifgz,4nmw-assembly1cifgz,40,14,64,64,0
4psu-assembly1cifgz,6azd-assembly1cifgz,40,20,64,64,0
4psu-assembly1cifgz,5z9g-assembly1cifgz,40,19,64,64,0
4psu-assembly1cifgz,7k38-assembly1cifgz,40,20,64,64,0
4psu-assembly1cifgz,5dnu-assembly1cifgz,40,18,64,64,0
4psu-assembly1cifgz,5cbk-assembly1cifgz,40,20,64,64,0
4psu-assembly1cifgz,5h3h-assembly1cifgz,40,24,64,64,0
4psu-assembly1cifgz,5z7x-assembly1cifgz,40,21,64,64,0
4psu-assembly1cifgz,6j2r-assembly1cifgz,40,19,64,64,0
4psu-assembly1cifgz,7uoc-assembly1cifgz,40,18,64,64,0
4psu-assembly1cifgz,5z89-assembly1cifgz,40,18,64,64,0
4psu-assembly1cifgz,6uh8-assembly1cifgz,40,20,64,64,0
4psu-assembly1cifgz,6xfo-assembly1cifgz,40,19,64,64,0
4psu-assembly1cifgz,4ih4-assembly4cifgz,40,17,64,64,0
4psu-assembly1cifgz,1wom-assembly2cifgz,40,22,64,64,0
4psu-assembly1cifgz,7f5w-assembly2cifgz,40,22,64,64,0
4psu-assembly1cifgz,3qvm-assembly1cifgz,40,26,64,64,0
4psu-assembly1cifgz,6atx-assembly1cifgz,40,17,64,64,0
4psu-assembly1cifgz,7ukb-assembly1cifgz,40,18,64,64,0
4psu-assembly1cifgz,3e3a-assembly1cifgz,40,27,64,64,0
4psu-assembly1cifgz,5ie4-assembly1cifgz,40,26,64,64,0
4psu-assembly1cifgz,5xo7-assembly1cifgz,40,27,64,64,0
4psu-assembly1cifgz,5xwz-assembly2cifgz,40,26,64,64,0
4psu-assembly1cifgz,6l7m-assembly1cifgz,40,26,64,64,0
4psu-assembly1cifgz,8jlv-assembly6cifgz,40,26,64,64,0
4psu-assembly1cifgz,4myd-assembly3cifgz,40,16,64,64,0
4psu-assembly1cifgz,4i3f-assembly1cifgz,40,27,64,64,0
4psu-assembly1cifgz,6l4h-assembly1cifgz,40,228,64,352,288
4psu-assembly1cifgz,2xmr-assembly3cifgz,40,28,64,66,2
4psu-assembly1cifgz,6zmm-assembly1cifgz,40,25,64,66,2
4psu-assembly1cifgz,1c4x-assembly1cifgz,40,29,64,64,0
4psu-assembly1cifgz,2og1-assembly1cifgz,40,35,64,64,0
4psu-assembly1cifgz,5jz9-assembly1cifgz,40,33,64,64,0
4psu-assembly1cifgz,1iun-assembly1cifgz,40,27,64,64,0
4psu-assembly1cifgz,1u2e-assembly2cifgz,40,35,64,64,0
4psu-assembly1cifgz,2ock-assembly1cifgz,40,26,64,64,0
4psu-assembly1cifgz,4lxh-assembly1cifgz,40,28,64,64,0
4psu-assembly1cifgz,8hgw-assembly1cifgz,40,23,64,64,0
4psu-assembly1cifgz,1j1i-assembly1cifgz,40,25,64,64,0
3pi6-assembly2cifgz,7ac0-assembly1cifgz,33,25,64,64,0
3pi6-assembly2cifgz,5nfq-assembly1cifgz,33,29,64,64,0
3pi6-assembly2cifgz,8sdc-assembly1cifgz,33,31,64,64,0
3pi6-assembly2cifgz,5bov-assembly2cifgz_BCrystalstructureofaputativeepoxidehydrolaseKPN,33,32,64,64,0
3pi6-assembly2cifgz,4inz-assembly2cifgz,33,21,64,64,0
3pi6-assembly2cifgz,1ehy-assembly2cifgz,33,31,64,64,0
3pi6-assembly2cifgz,5w15-assembly1cifgz,33,29,64,64,0
3pi6-assembly2cifgz,8hgu-assembly1cifgz,33,33,64,64,0
3pi6-assembly2cifgz,3r3z-assembly1cifgz,33,36,64,64,0
3pi6-assembly2cifgz,4b9a-assembly1cifgz,33,31,64,64,0
3pi6-assembly2cifgz,3kxp-assembly1cifgz,33,25,64,64,0
3pi6-assembly2cifgz,7c4d-assembly1cifgz,33,207,64,352,288
3pi6-assembly2cifgz,4ose-assembly1cifgz,33,39,64,64,0
3pi6-assembly2cifgz,4pw0-assembly1cifgz,33,31,64,64,0
3pi6-assembly2cifgz,3bf7-assembly2cifgz,33,198,64,352,288
3pi6-assembly2cifgz,5frd-assembly2cifgz,33,192,64,352,288
3pi6-assembly2cifgz,6eb3-assembly4cifgz,33,22,64,64,0
3pi6-assembly2cifgz,5egn-assembly4cifgz,33,21,64,64,0
3pi6-assembly2cifgz,2xua-assembly1cifgz,33,25,64,64,0
3pi6-assembly2cifgz,3v48-assembly1cifgz,33,17,64,64,0
3pi6-assembly2cifgz,4q3l-assembly1cifgz,33,25,64,64,0
3pi6-assembly2cifgz,3om8-assembly1cifgz,33,29,64,64,0
3pi6-assembly2cifgz,4opm-assembly1cifgz,33,47,64,64,0
3pi6-assembly2cifgz,8ckp-assembly1cifgz,33,50,64,64,0
3pi6-assembly2cifgz,4ns4-assembly1cifgz,33,42,64,64,0
3pi6-assembly2cifgz,4mys-assembly1cifgz,33,17,64,64,0
3pi6-assembly2cifgz,6ra2-assembly2cifgz,33,23,64,64,0
3pi6-assembly2cifgz,4mj3-assembly1cifgz,33,49,64,64,0
3pi6-assembly2cifgz,6y9g-assembly2cifgz,33,25,64,64,0
3pi6-assembly2cifgz,4wdr-assembly2cifgz,33,29,64,64,0
3pi6-assembly2cifgz,7pw1-assembly1cifgz,33,29,64,64,0
3pi6-assembly2cifgz,4brz-assembly1cifgz,33,28,64,64,0
3pi6-assembly2cifgz,7ots-assembly1cifgz,33,30,64,64,0
3pi6-assembly2cifgz,8ik2-assembly1cifgz,33,29,64,64,0
3pi6-assembly2cifgz,4uhd-assembly1cifgz,33,28,64,64,0
3pi6-assembly2cifgz,6jra-assembly1cifgz,33,26,64,64,0
3pi6-assembly2cifgz,4rpc-assembly2cifgz,33,13,64,64,0
3pi6-assembly2cifgz,5a62-assembly1cifgz,33,25,64,64,0
3pi6-assembly2cifgz,7dq9-assembly4cifgz,33,25,64,64,0
3pi6-assembly2cifgz,3wi7-assembly2cifgz,33,32,64,64,0
3pi6-assembly2cifgz,8b5o-assembly2cifgz,33,22,64,64,0
3pi6-assembly2cifgz,1a8q-assembly1cifgz,33,22,64,64,0
3pi6-assembly2cifgz,4rnc-assembly2cifgz,33,27,64,64,0
3pi6-assembly2cifgz,7yii-assembly1cifgz,33,26,64,64,0
3pi6-assembly2cifgz,1a8s-assembly1cifgz,33,22,64,64,0
3pi6-assembly2cifgz,1brt-assembly1cifgz,33,26,64,64,0
3pi6-assembly2cifgz,3fob-assembly1cifgz,33,25,64,64,0
3pi6-assembly2cifgz,4x00-assembly4cifgz,33,26,64,64,0
3pi6-assembly2cifgz,6t6y-assembly1cifgz,33,26,64,64,0
3pi6-assembly2cifgz,3e0x-assembly2cifgz,33,17,64,64,0
3pi6-assembly2cifgz,5z7w-assembly1cifgz,33,19,64,64,0
3pi6-assembly2cifgz,1m33-assembly1cifgz,33,14,64,64,0
3pi6-assembly2cifgz,4nmw-assembly1cifgz,33,14,64,64,0
3pi6-assembly2cifgz,6azd-assembly1cifgz,33,20,64,64,0
3pi6-assembly2cifgz,5z9g-assembly1cifgz,33,19,64,64,0
3pi6-assembly2cifgz,7k38-assembly1cifgz,33,20,64,64,0
3pi6-assembly2cifgz,5dnu-assembly1cifgz,33,18,64,64,0
3pi6-assembly2cifgz,5cbk-assembly1cifgz,33,20,64,64,0
3pi6-assembly2cifgz,5h3h-assembly1cifgz,33,24,64,64,0
3pi6-assembly2cifgz,5z7x-assembly1cifgz,33,21,64,64,0
3pi6-assembly2cifgz,6j2r-assembly1cifgz,33,19,64,64,0
3pi6-assembly2cifgz,7uoc-assembly1cifgz,33,18,64,64,0
3pi6-assembly2cifgz,5z89-assembly1cifgz,33,18,64,64,0
3pi6-assembly2cifgz,6uh8-assembly1cifgz,33,20,64,64,0
3pi6-assembly2cifgz,6xfo-assembly1cifgz,33,19,64,64,0
3pi6-assembly2cifgz,4ih4-assembly4cifgz,33,17,64,64,0
3pi6-assembly2cifgz,1wom-assembly2cifgz,33,22,64,64,0
3pi6-assembly2cifgz,7f5w-assembly2cifgz,33,22,64,64,0
3pi6-assembly2cifgz,3qvm-assembly1cifgz,33,26,64,64,0
3pi6-assembly2cifgz,6atx-assembly1cifgz,33,17,64,64,0
3pi6-assembly2cifgz,7ukb-assembly1cifgz,33,18,64,64,0
3pi6-assembly2cifgz,3e3a-assembly1cifgz,33,27,64,64,0
3pi6-assembly2cifgz,5ie4-assembly1cifgz,33,26,64,64,0
3pi6-assembly2cifgz,5xo7-assembly1cifgz,33,27,64,64,0
3pi6-assembly2cifgz,5xwz-assembly2cifgz,33,26,64,64,0
3pi6-assembly2cifgz,6l7m-assembly1cifgz,33,26,64,64,0
3pi6-assembly2cifgz,8jlv-assembly6cifgz,33,26,64,64,0
3pi6-assembly2cifgz,4myd-assembly3cifgz,33,16,64,64,0
3pi6-assembly2cifgz,4i3f-assembly1cifgz,33,27,64,64,0
3pi6-assembly2cifgz,6l4h-assembly1cifgz,33,228,64,352,288
3pi6-assembly2cifgz,2xmr-assembly3cifgz,33,28,64,66,2
3pi6-assembly2cifgz,6zmm-assembly1cifgz,33,25,64,66,2
3pi6-assembly2cifgz,1c4x-assembly1cifgz,33,29,64,64,0
3pi6-assembly2cifgz,2og1-assembly1cifgz,33,35,64,64,0
3pi6-assembly2cifgz,5jz9-assembly1cifgz,33,33,64,64,0
3pi6-assembly2cifgz,1iun-assembly1cifgz,33,27,64,64,0
3pi6-assembly2cifgz,1u2e-assembly2cifgz,33,35,64,64,0
3pi6-assembly2cifgz,2ock-assembly1cifgz,33,26,64,64,0
3pi6-assembly2cifgz,4lxh-assembly1cifgz,33,28,64,64,0
3pi6-assembly2cifgz,8hgw-assembly1cifgz,33,23,64,64,0
3pi6-assembly2cifgz,1j1i-assembly1cifgz,33,25,64,64,0
7ac0-assembly1cifgz,5nfq-assembly1cifgz,25,29,64,64,0
7ac0-assembly1cifgz,8sdc-assembly1cifgz,25,31,64,64,0
7ac0-assembly1cifgz,5bov-assembly2cifgz_BCrystalstructureofaputativeepoxidehydrolaseKPN,25,32,64,64,0
7ac0-assembly1cifgz,4inz-assembly2cifgz,25,21,64,64,0
7ac0-assembly1cifgz,1ehy-assembly2cifgz,25,31,64,64,0
7ac0-assembly1cifgz,5w15-assembly1cifgz,25,29,64,64,0
7ac0-assembly1cifgz,8hgu-assembly1cifgz,25,33,64,64,0
7ac0-assembly1cifgz,3r3z-assembly1cifgz,25,36,64,64,0
7ac0-assembly1cifgz,4b9a-assembly1cifgz,25,31,64,64,0
7ac0-assembly1cifgz,3kxp-assembly1cifgz,25,25,64,64,0
7ac0-assembly1cifgz,7c4d-assembly1cifgz,25,207,64,352,288
7ac0-assembly1cifgz,4ose-assembly1cifgz,25,39,64,64,0
7ac0-assembly1cifgz,4pw0-assembly1cifgz,25,31,64,64,0
7ac0-assembly1cifgz,3bf7-assembly2cifgz,25,198,64,352,288
7ac0-assembly1cifgz,5frd-assembly2cifgz,25,192,64,352,288
7ac0-assembly1cifgz,6eb3-assembly4cifgz,25,22,64,64,0
7ac0-assembly1cifgz,5egn-assembly4cifgz,25,21,64,64,0
7ac0-assembly1cifgz,2xua-assembly1cifgz,25,25,64,64,0
7ac0-assembly1cifgz,3v48-assembly1cifgz,25,17,64,64,0
7ac0-assembly1cifgz,4q3l-assembly1cifgz,25,25,64,64,0
7ac0-assembly1cifgz,3om8-assembly1cifgz,25,29,64,64,0
7ac0-assembly1cifgz,4opm-assembly1cifgz,25,47,64,64,0
7ac0-assembly1cifgz,8ckp-assembly1cifgz,25,50,64,64,0
7ac0-assembly1cifgz,4ns4-assembly1cifgz,25,42,64,64,0
7ac0-assembly1cifgz,4mys-assembly1cifgz,25,17,64,64,0
7ac0-assembly1cifgz,6ra2-assembly2cifgz,25,23,64,64,0
7ac0-assembly1cifgz,4mj3-assembly1cifgz,25,49,64,64,0
7ac0-assembly1cifgz,6y9g-assembly2cifgz,25,25,64,64,0
7ac0-assembly1cifgz,4wdr-assembly2cifgz,25,29,64,64,0
7ac0-assembly1cifgz,7pw1-assembly1cifgz,25,29,64,64,0
7ac0-assembly1cifgz,4brz-assembly1cifgz,25,28,64,64,0
7ac0-assembly1cifgz,7ots-assembly1cifgz,25,30,64,64,0
7ac0-assembly1cifgz,8ik2-assembly1cifgz,25,29,64,64,0
7ac0-assembly1cifgz,4uhd-assembly1cifgz,25,28,64,64,0
7ac0-assembly1cifgz,6jra-assembly1cifgz,25,26,64,64,0
7ac0-assembly1cifgz,4rpc-assembly2cifgz,25,13,64,64,0
7ac0-assembly1cifgz,5a62-assembly1cifgz,25,25,64,64,0
7ac0-assembly1cifgz,7dq9-assembly4cifgz,25,25,64,64,0
7ac0-assembly1cifgz,3wi7-assembly2cifgz,25,32,64,64,0
7ac0-assembly1cifgz,8b5o-assembly2cifgz,25,22,64,64,0
7ac0-assembly1cifgz,1a8q-assembly1cifgz,25,22,64,64,0
7ac0-assembly1cifgz,4rnc-assembly2cifgz,25,27,64,64,0
7ac0-assembly1cifgz,7yii-assembly1cifgz,25,26,64,64,0
7ac0-assembly1cifgz,1a8s-assembly1cifgz,25,22,64,64,0
7ac0-assembly1cifgz,1brt-assembly1cifgz,25,26,64,64,0
7ac0-assembly1cifgz,3fob-assembly1cifgz,25,25,64,64,0
7ac0-assembly1cifgz,4x00-assembly4cifgz,25,26,64,64,0
7ac0-assembly1cifgz,6t6y-assembly1cifgz,25,26,64,64,0
7ac0-assembly1cifgz,3e0x-assembly2cifgz,25,17,64,64,0
7ac0-assembly1cifgz,5z7w-assembly1cifgz,25,19,64,64,0
7ac0-assembly1cifgz,1m33-assembly1cifgz,25,14,64,64,0
7ac0-assembly1cifgz,4nmw-assembly1cifgz,25,14,64,64,0
7ac0-assembly1cifgz,6azd-assembly1cifgz,25,20,64,64,0
7ac0-assembly1cifgz,5z9g-assembly1cifgz,25,19,64,64,0
7ac0-assembly1cifgz,7k38-assembly1cifgz,25,20,64,64,0
7ac0-assembly1cifgz,5dnu-assembly1cifgz,25,18,64,64,0
7ac0-assembly1cifgz,5cbk-assembly1cifgz,25,20,64,64,0
7ac0-assembly1cifgz,5h3h-assembly1cifgz,25,24,64,64,0
7ac0-assembly1cifgz,5z7x-assembly1cifgz,25,21,64,64,0
7ac0-assembly1cifgz,6j2r-assembly1cifgz,25,19,64,64,0
7ac0-assembly1cifgz,7uoc-assembly1cifgz,25,18,64,64,0
7ac0-assembly1cifgz,5z89-assembly1cifgz,25,18,64,64,0
7ac0-assembly1cifgz,6uh8-assembly1cifgz,25,20,64,64,0
7ac0-assembly1cifgz,6xfo-assembly1cifgz,25,19,64,64,0
7ac0-assembly1cifgz,4ih4-assembly4cifgz,25,17,64,64,0
7ac0-assembly1cifgz,1wom-assembly2cifgz,25,22,64,64,0
7ac0-assembly1cifgz,7f5w-assembly2cifgz,25,22,64,64,0
7ac0-assembly1cifgz,3qvm-assembly1cifgz,25,26,64,64,0
7ac0-assembly1cifgz,6atx-assembly1cifgz,25,17,64,64,0
7ac0-assembly1cifgz,7ukb-assembly1cifgz,25,18,64,64,0
7ac0-assembly1cifgz,3e3a-assembly1cifgz,25,27,64,64,0
7ac0-assembly1cifgz,5ie4-assembly1cifgz,25,26,64,64,0
7ac0-assembly1cifgz,5xo7-assembly1cifgz,25,27,64,64,0
7ac0-assembly1cifgz,5xwz-assembly2cifgz,25,26,64,64,0
7ac0-assembly1cifgz,6l7m-assembly1cifgz,25,26,64,64,0
7ac0-assembly1cifgz,8jlv-assembly6cifgz,25,26,64,64,0
7ac0-assembly1cifgz,4myd-assembly3cifgz,25,16,64,64,0
7ac0-assembly1cifgz,4i3f-assembly1cifgz,25,27,64,64,0
7ac0-assembly1cifgz,6l4h-assembly1cifgz,25,228,64,352,288
7ac0-assembly1cifgz,2xmr-assembly3cifgz,25,28,64,66,2
7ac0-assembly1cifgz,6zmm-assembly1cifgz,25,25,64,66,2
7ac0-assembly1cifgz,1c4x-assembly1cifgz,25,29,64,64,0
7ac0-assembly1cifgz,2og1-assembly1cifgz,25,35,64,64,0
7ac0-assembly1cifgz,5jz9-assembly1cifgz,25,33,64,64,0
7ac0-assembly1cifgz,1iun-assembly1cifgz,25,27,64,64,0
7ac0-assembly1cifgz,1u2e-assembly2cifgz,25,35,64,64,0
7ac0-assembly1cifgz,2ock-assembly1cifgz,25,26,64,64,0
7ac0-assembly1cifgz,4lxh-assembly1cifgz,25,28,64,64,0
7ac0-assembly1cifgz,8hgw-assembly1cifgz,25,23,64,64,0
7ac0-assembly1cifgz,1j1i-assembly1cifgz,25,25,64,64,0
5nfq-assembly1cifgz,8sdc-assembly1cifgz,29,31,64,64,0
5nfq-assembly1cifgz,5bov-assembly2cifgz_BCrystalstructureofaputativeepoxidehydrolaseKPN,29,32,64,64,0
5nfq-assembly1cifgz,4inz-assembly2cifgz,29,21,64,64,0
5nfq-assembly1cifgz,1ehy-assembly2cifgz,29,31,64,64,0
5nfq-assembly1cifgz,5w15-assembly1cifgz,29,29,64,64,0
5nfq-assembly1cifgz,8hgu-assembly1cifgz,29,33,64,64,0
5nfq-assembly1cifgz,3r3z-assembly1cifgz,29,36,64,64,0
5nfq-assembly1cifgz,4b9a-assembly1cifgz,29,31,64,64,0
5nfq-assembly1cifgz,3kxp-assembly1cifgz,29,25,64,64,0
5nfq-assembly1cifgz,7c4d-assembly1cifgz,29,207,64,352,288
5nfq-assembly1cifgz,4ose-assembly1cifgz,29,39,64,64,0
5nfq-assembly1cifgz,4pw0-assembly1cifgz,29,31,64,64,0
5nfq-assembly1cifgz,3bf7-assembly2cifgz,29,198,64,352,288
5nfq-assembly1cifgz,5frd-assembly2cifgz,29,192,64,352,288
5nfq-assembly1cifgz,6eb3-assembly4cifgz,29,22,64,64,0
5nfq-assembly1cifgz,5egn-assembly4cifgz,29,21,64,64,0
5nfq-assembly1cifgz,2xua-assembly1cifgz,29,25,64,64,0
5nfq-assembly1cifgz,3v48-assembly1cifgz,29,17,64,64,0
5nfq-assembly1cifgz,4q3l-assembly1cifgz,29,25,64,64,0
5nfq-assembly1cifgz,3om8-assembly1cifgz,29,29,64,64,0
5nfq-assembly1cifgz,4opm-assembly1cifgz,29,47,64,64,0
5nfq-assembly1cifgz,8ckp-assembly1cifgz,29,50,64,64,0
5nfq-assembly1cifgz,4ns4-assembly1cifgz,29,42,64,64,0
5nfq-assembly1cifgz,4mys-assembly1cifgz,29,17,64,64,0
5nfq-assembly1cifgz,6ra2-assembly2cifgz,29,23,64,64,0
5nfq-assembly1cifgz,4mj3-assembly1cifgz,29,49,64,64,0
5nfq-assembly1cifgz,6y9g-assembly2cifgz,29,25,64,64,0
5nfq-assembly1cifgz,4wdr-assembly2cifgz,29,29,64,64,0
5nfq-assembly1cifgz,7pw1-assembly1cifgz,29,29,64,64,0
5nfq-assembly1cifgz,4brz-assembly1cifgz,29,28,64,64,0
5nfq-assembly1cifgz,7ots-assembly1cifgz,29,30,64,64,0
5nfq-assembly1cifgz,8ik2-assembly1cifgz,29,29,64,64,0
5nfq-assembly1cifgz,4uhd-assembly1cifgz,29,28,64,64,0
5nfq-assembly1cifgz,6jra-assembly1cifgz,29,26,64,64,0
5nfq-assembly1cifgz,4rpc-assembly2cifgz,29,13,64,64,0
5nfq-assembly1cifgz,5a62-assembly1cifgz,29,25,64,64,0
5nfq-assembly1cifgz,7dq9-assembly4cifgz,29,25,64,64,0
5nfq-assembly1cifgz,3wi7-assembly2cifgz,29,32,64,64,0
5nfq-assembly1cifgz,8b5o-assembly2cifgz,29,22,64,64,0
5nfq-assembly1cifgz,1a8q-assembly1cifgz,29,22,64,64,0
5nfq-assembly1cifgz,4rnc-assembly2cifgz,29,27,64,64,0
5nfq-assembly1cifgz,7yii-assembly1cifgz,29,26,64,64,0
5nfq-assembly1cifgz,1a8s-assembly1cifgz,29,22,64,64,0
5nfq-assembly1cifgz,1brt-assembly1cifgz,29,26,64,64,0
5nfq-assembly1cifgz,3fob-assembly1cifgz,29,25,64,64,0
5nfq-assembly1cifgz,4x00-assembly4cifgz,29,26,64,64,0
5nfq-assembly1cifgz,6t6y-assembly1cifgz,29,26,64,64,0
5nfq-assembly1cifgz,3e0x-assembly2cifgz,29,17,64,64,0
5nfq-assembly1cifgz,5z7w-assembly1cifgz,29,19,64,64,0
5nfq-assembly1cifgz,1m33-assembly1cifgz,29,14,64,64,0
5nfq-assembly1cifgz,4nmw-assembly1cifgz,29,14,64,64,0
5nfq-assembly1cifgz,6azd-assembly1cifgz,29,20,64,64,0
5nfq-assembly1cifgz,5z9g-assembly1cifgz,29,19,64,64,0
5nfq-assembly1cifgz,7k38-assembly1cifgz,29,20,64,64,0
5nfq-assembly1cifgz,5dnu-assembly1cifgz,29,18,64,64,0
5nfq-assembly1cifgz,5cbk-assembly1cifgz,29,20,64,64,0
5nfq-assembly1cifgz,5h3h-assembly1cifgz,29,24,64,64,0
5nfq-assembly1cifgz,5z7x-assembly1cifgz,29,21,64,64,0
5nfq-assembly1cifgz,6j2r-assembly1cifgz,29,19,64,64,0
5nfq-assembly1cifgz,7uoc-assembly1cifgz,29,18,64,64,0
5nfq-assembly1cifgz,5z89-assembly1cifgz,29,18,64,64,0
5nfq-assembly1cifgz,6uh8-assembly1cifgz,29,20,64,64,0
5nfq-assembly1cifgz,6xfo-assembly1cifgz,29,19,64,64,0
5nfq-assembly1cifgz,4ih4-assembly4cifgz,29,17,64,64,0
5nfq-assembly1cifgz,1wom-assembly2cifgz,29,22,64,64,0
5nfq-assembly1cifgz,7f5w-assembly2cifgz,29,22,64,64,0
5nfq-assembly1cifgz,3qvm-assembly1cifgz,29,26,64,64,0
5nfq-assembly1cifgz,6atx-assembly1cifgz,29,17,64,64,0
5nfq-assembly1cifgz,7ukb-assembly1cifgz,29,18,64,64,0
5nfq-assembly1cifgz,3e3a-assembly1cifgz,29,27,64,64,0
5nfq-assembly1cifgz,5ie4-assembly1cifgz,29,26,64,64,0
5nfq-assembly1cifgz,5xo7-assembly1cifgz,29,27,64,64,0
5nfq-assembly1cifgz,5xwz-assembly2cifgz,29,26,64,64,0
5nfq-assembly1cifgz,6l7m-assembly1cifgz,29,26,64,64,0
5nfq-assembly1cifgz,8jlv-assembly6cifgz,29,26,64,64,0
5nfq-assembly1cifgz,4myd-assembly3cifgz,29,16,64,64,0
5nfq-assembly1cifgz,4i3f-assembly1cifgz,29,27,64,64,0
5nfq-assembly1cifgz,6l4h-assembly1cifgz,29,228,64,352,288
5nfq-assembly1cifgz,2xmr-assembly3cifgz,29,28,64,66,2
5nfq-assembly1cifgz,6zmm-assembly1cifgz,29,25,64,66,2
5nfq-assembly1cifgz,1c4x-assembly1cifgz,29,29,64,64,0
5nfq-assembly1cifgz,2og1-assembly1cifgz,29,35,64,64,0
5nfq-assembly1cifgz,5jz9-assembly1cifgz,29,33,64,64,0
5nfq-assembly1cifgz,1iun-assembly1cifgz,29,27,64,64,0
5nfq-assembly1cifgz,1u2e-assembly2cifgz,29,35,64,64,0
5nfq-assembly1cifgz,2ock-assembly1cifgz,29,26,64,64,0
5nfq-assembly1cifgz,4lxh-assembly1cifgz,29,28,64,64,0
5nfq-assembly1cifgz,8hgw-assembly1cifgz,29,23,64,64,0
5nfq-assembly1cifgz,1j1i-assembly1cifgz,29,25,64,64,0
8sdc-assembly1cifgz,5bov-assembly2cifgz_BCrystalstructureofaputativeepoxidehydrolaseKPN,31,32,64,64,0
8sdc-assembly1cifgz,4inz-assembly2cifgz,31,21,64,64,0
8sdc-assembly1cifgz,1ehy-assembly2cifgz,31,31,64,64,0
8sdc-assembly1cifgz,5w15-assembly1cifgz,31,29,64,64,0
8sdc-assembly1cifgz,8hgu-assembly1cifgz,31,33,64,64,0
8sdc-assembly1cifgz,3r3z-assembly1cifgz,31,36,64,64,0
8sdc-assembly1cifgz,4b9a-assembly1cifgz,31,31,64,64,0
8sdc-assembly1cifgz,3kxp-assembly1cifgz,31,25,64,64,0
8sdc-assembly1cifgz,7c4d-assembly1cifgz,31,207,64,352,288
8sdc-assembly1cifgz,4ose-assembly1cifgz,31,39,64,64,0
8sdc-assembly1cifgz,4pw0-assembly1cifgz,31,31,64,64,0
8sdc-assembly1cifgz,3bf7-assembly2cifgz,31,198,64,352,288
8sdc-assembly1cifgz,5frd-assembly2cifgz,31,192,64,352,288
8sdc-assembly1cifgz,6eb3-assembly4cifgz,31,22,64,64,0
8sdc-assembly1cifgz,5egn-assembly4cifgz,31,21,64,64,0
8sdc-assembly1cifgz,2xua-assembly1cifgz,31,25,64,64,0
8sdc-assembly1cifgz,3v48-assembly1cifgz,31,17,64,64,0
8sdc-assembly1cifgz,4q3l-assembly1cifgz,31,25,64,64,0
8sdc-assembly1cifgz,3om8-assembly1cifgz,31,29,64,64,0
8sdc-assembly1cifgz,4opm-assembly1cifgz,31,47,64,64,0
8sdc-assembly1cifgz,8ckp-assembly1cifgz,31,50,64,64,0
8sdc-assembly1cifgz,4ns4-assembly1cifgz,31,42,64,64,0
8sdc-assembly1cifgz,4mys-assembly1cifgz,31,17,64,64,0
8sdc-assembly1cifgz,6ra2-assembly2cifgz,31,23,64,64,0
8sdc-assembly1cifgz,4mj3-assembly1cifgz,31,49,64,64,0
8sdc-assembly1cifgz,6y9g-assembly2cifgz,31,25,64,64,0
8sdc-assembly1cifgz,4wdr-assembly2cifgz,31,29,64,64,0
8sdc-assembly1cifgz,7pw1-assembly1cifgz,31,29,64,64,0
8sdc-assembly1cifgz,4brz-assembly1cifgz,31,28,64,64,0
8sdc-assembly1cifgz,7ots-assembly1cifgz,31,30,64,64,0
8sdc-assembly1cifgz,8ik2-assembly1cifgz,31,29,64,64,0
8sdc-assembly1cifgz,4uhd-assembly1cifgz,31,28,64,64,0
8sdc-assembly1cifgz,6jra-assembly1cifgz,31,26,64,64,0
8sdc-assembly1cifgz,4rpc-assembly2cifgz,31,13,64,64,0
8sdc-assembly1cifgz,5a62-assembly1cifgz,31,25,64,64,0
8sdc-assembly1cifgz,7dq9-assembly4cifgz,31,25,64,64,0
8sdc-assembly1cifgz,3wi7-assembly2cifgz,31,32,64,64,0
8sdc-assembly1cifgz,8b5o-assembly2cifgz,31,22,64,64,0
8sdc-assembly1cifgz,1a8q-assembly1cifgz,31,22,64,64,0
8sdc-assembly1cifgz,4rnc-assembly2cifgz,31,27,64,64,0
8sdc-assembly1cifgz,7yii-assembly1cifgz,31,26,64,64,0
8sdc-assembly1cifgz,1a8s-assembly1cifgz,31,22,64,64,0
8sdc-assembly1cifgz,1brt-assembly1cifgz,31,26,64,64,0
8sdc-assembly1cifgz,3fob-assembly1cifgz,31,25,64,64,0
8sdc-assembly1cifgz,4x00-assembly4cifgz,31,26,64,64,0
8sdc-assembly1cifgz,6t6y-assembly1cifgz,31,26,64,64,0
8sdc-assembly1cifgz,3e0x-assembly2cifgz,31,17,64,64,0
8sdc-assembly1cifgz,5z7w-assembly1cifgz,31,19,64,64,0
8sdc-assembly1cifgz,1m33-assembly1cifgz,31,14,64,64,0
8sdc-assembly1cifgz,4nmw-assembly1cifgz,31,14,64,64,0
8sdc-assembly1cifgz,6azd-assembly1cifgz,31,20,64,64,0
8sdc-assembly1cifgz,5z9g-assembly1cifgz,31,19,64,64,0
8sdc-assembly1cifgz,7k38-assembly1cifgz,31,20,64,64,0
8sdc-assembly1cifgz,5dnu-assembly1cifgz,31,18,64,64,0
8sdc-assembly1cifgz,5cbk-assembly1cifgz,31,20,64,64,0
8sdc-assembly1cifgz,5h3h-assembly1cifgz,31,24,64,64,0
8sdc-assembly1cifgz,5z7x-assembly1cifgz,31,21,64,64,0
8sdc-assembly1cifgz,6j2r-assembly1cifgz,31,19,64,64,0
8sdc-assembly1cifgz,7uoc-assembly1cifgz,31,18,64,64,0
8sdc-assembly1cifgz,5z89-assembly1cifgz,31,18,64,64,0
8sdc-assembly1cifgz,6uh8-assembly1cifgz,31,20,64,64,0
8sdc-assembly1cifgz,6xfo-assembly1cifgz,31,19,64,64,0
8sdc-assembly1cifgz,4ih4-assembly4cifgz,31,17,64,64,0
8sdc-assembly1cifgz,1wom-assembly2cifgz,31,22,64,64,0
8sdc-assembly1cifgz,7f5w-assembly2cifgz,31,22,64,64,0
8sdc-assembly1cifgz,3qvm-assembly1cifgz,31,26,64,64,0
8sdc-assembly1cifgz,6atx-assembly1cifgz,31,17,64,64,0
8sdc-assembly1cifgz,7ukb-assembly1cifgz,31,18,64,64,0
8sdc-assembly1cifgz,3e3a-assembly1cifgz,31,27,64,64,0
8sdc-assembly1cifgz,5ie4-assembly1cifgz,31,26,64,64,0
8sdc-assembly1cifgz,5xo7-assembly1cifgz,31,27,64,64,0
8sdc-assembly1cifgz,5xwz-assembly2cifgz,31,26,64,64,0
8sdc-assembly1cifgz,6l7m-assembly1cifgz,31,26,64,64,0
8sdc-assembly1cifgz,8jlv-assembly6cifgz,31,26,64,64,0
8sdc-assembly1cifgz,4myd-assembly3cifgz,31,16,64,64,0
8sdc-assembly1cifgz,4i3f-assembly1cifgz,31,27,64,64,0
8sdc-assembly1cifgz,6l4h-assembly1cifgz,31,228,64,352,288
8sdc-assembly1cifgz,2xmr-assembly3cifgz,31,28,64,66,2
8sdc-assembly1cifgz,6zmm-assembly1cifgz,31,25,64,66,2
8sdc-assembly1cifgz,1c4x-assembly1cifgz,31,29,64,64,0
8sdc-assembly1cifgz,2og1-assembly1cifgz,31,35,64,64,0
8sdc-assembly1cifgz,5jz9-assembly1cifgz,31,33,64,64,0
8sdc-assembly1cifgz,1iun-assembly1cifgz,31,27,64,64,0
8sdc-assembly1cifgz,1u2e-assembly2cifgz,31,35,64,64,0
8sdc-assembly1cifgz,2ock-assembly1cifgz,31,26,64,64,0
8sdc-assembly1cifgz,4lxh-assembly1cifgz,31,28,64,64,0
8sdc-assembly1cifgz,8hgw-assembly1cifgz,31,23,64,64,0
8sdc-assembly1cifgz,1j1i-assembly1cifgz,31,25,64,64,0
5bov-assembly2cifgz_BCrystalstructureofaputativeepoxidehydrolaseKPN,4inz-assembly2cifgz,32,21,64,64,0
5bov-assembly2cifgz_BCrystalstructureofaputativeepoxidehydrolaseKPN,1ehy-assembly2cifgz,32,31,64,64,0
5bov-assembly2cifgz_BCrystalstructureofaputativeepoxidehydrolaseKPN,5w15-assembly1cifgz,32,29,64,64,0
5bov-assembly2cifgz_BCrystalstructureofaputativeepoxidehydrolaseKPN,8hgu-assembly1cifgz,32,33,64,64,0
5bov-assembly2cifgz_BCrystalstructureofaputativeepoxidehydrolaseKPN,3r3z-assembly1cifgz,32,36,64,64,0
5bov-assembly2cifgz_BCrystalstructureofaputativeepoxidehydrolaseKPN,4b9a-assembly1cifgz,32,31,64,64,0
5bov-assembly2cifgz_BCrystalstructureofaputativeepoxidehydrolaseKPN,3kxp-assembly1cifgz,32,25,64,64,0
5bov-assembly2cifgz_BCrystalstructureofaputativeepoxidehydrolaseKPN,7c4d-assembly1cifgz,32,207,64,352,288
5bov-assembly2cifgz_BCrystalstructureofaputativeepoxidehydrolaseKPN,4ose-assembly1cifgz,32,39,64,64,0
5bov-assembly2cifgz_BCrystalstructureofaputativeepoxidehydrolaseKPN,4pw0-assembly1cifgz,32,31,64,64,0
5bov-assembly2cifgz_BCrystalstructureofaputativeepoxidehydrolaseKPN,3bf7-assembly2cifgz,32,198,64,352,288
5bov-assembly2cifgz_BCrystalstructureofaputativeepoxidehydrolaseKPN,5frd-assembly2cifgz,32,192,64,352,288
5bov-assembly2cifgz_BCrystalstructureofaputativeepoxidehydrolaseKPN,6eb3-assembly4cifgz,32,22,64,64,0
5bov-assembly2cifgz_BCrystalstructureofaputativeepoxidehydrolaseKPN,5egn-assembly4cifgz,32,21,64,64,0
5bov-assembly2cifgz_BCrystalstructureofaputativeepoxidehydrolaseKPN,2xua-assembly1cifgz,32,25,64,64,0
5bov-assembly2cifgz_BCrystalstructureofaputativeepoxidehydrolaseKPN,3v48-assembly1cifgz,32,17,64,64,0
5bov-assembly2cifgz_BCrystalstructureofaputativeepoxidehydrolaseKPN,4q3l-assembly1cifgz,32,25,64,64,0
5bov-assembly2cifgz_BCrystalstructureofaputativeepoxidehydrolaseKPN,3om8-assembly1cifgz,32,29,64,64,0
5bov-assembly2cifgz_BCrystalstructureofaputativeepoxidehydrolaseKPN,4opm-assembly1cifgz,32,47,64,64,0
5bov-assembly2cifgz_BCrystalstructureofaputativeepoxidehydrolaseKPN,8ckp-assembly1cifgz,32,50,64,64,0
5bov-assembly2cifgz_BCrystalstructureofaputativeepoxidehydrolaseKPN,4ns4-assembly1cifgz,32,42,64,64,0
5bov-assembly2cifgz_BCrystalstructureofaputativeepoxidehydrolaseKPN,4mys-assembly1cifgz,32,17,64,64,0
5bov-assembly2cifgz_BCrystalstructureofaputativeepoxidehydrolaseKPN,6ra2-assembly2cifgz,32,23,64,64,0
5bov-assembly2cifgz_BCrystalstructureofaputativeepoxidehydrolaseKPN,4mj3-assembly1cifgz,32,49,64,64,0
5bov-assembly2cifgz_BCrystalstructureofaputativeepoxidehydrolaseKPN,6y9g-assembly2cifgz,32,25,64,64,0
5bov-assembly2cifgz_BCrystalstructureofaputativeepoxidehydrolaseKPN,4wdr-assembly2cifgz,32,29,64,64,0
5bov-assembly2cifgz_BCrystalstructureofaputativeepoxidehydrolaseKPN,7pw1-assembly1cifgz,32,29,64,64,0
5bov-assembly2cifgz_BCrystalstructureofaputativeepoxidehydrolaseKPN,4brz-assembly1cifgz,32,28,64,64,0
5bov-assembly2cifgz_BCrystalstructureofaputativeepoxidehydrolaseKPN,7ots-assembly1cifgz,32,30,64,64,0
5bov-assembly2cifgz_BCrystalstructureofaputativeepoxidehydrolaseKPN,8ik2-assembly1cifgz,32,29,64,64,0
5bov-assembly2cifgz_BCrystalstructureofaputativeepoxidehydrolaseKPN,4uhd-assembly1cifgz,32,28,64,64,0
5bov-assembly2cifgz_BCrystalstructureofaputativeepoxidehydrolaseKPN,6jra-assembly1cifgz,32,26,64,64,0
5bov-assembly2cifgz_BCrystalstructureofaputativeepoxidehydrolaseKPN,4rpc-assembly2cifgz,32,13,64,64,0
5bov-assembly2cifgz_BCrystalstructureofaputativeepoxidehydrolaseKPN,5a62-assembly1cifgz,32,25,64,64,0
5bov-assembly2cifgz_BCrystalstructureofaputativeepoxidehydrolaseKPN,7dq9-assembly4cifgz,32,25,64,64,0
5bov-assembly2cifgz_BCrystalstructureofaputativeepoxidehydrolaseKPN,3wi7-assembly2cifgz,32,32,64,64,0
5bov-assembly2cifgz_BCrystalstructureofaputativeepoxidehydrolaseKPN,8b5o-assembly2cifgz,32,22,64,64,0
5bov-assembly2cifgz_BCrystalstructureofaputativeepoxidehydrolaseKPN,1a8q-assembly1cifgz,32,22,64,64,0
5bov-assembly2cifgz_BCrystalstructureofaputativeepoxidehydrolaseKPN,4rnc-assembly2cifgz,32,27,64,64,0
5bov-assembly2cifgz_BCrystalstructureofaputativeepoxidehydrolaseKPN,7yii-assembly1cifgz,32,26,64,64,0
5bov-assembly2cifgz_BCrystalstructureofaputativeepoxidehydrolaseKPN,1a8s-assembly1cifgz,32,22,64,64,0
5bov-assembly2cifgz_BCrystalstructureofaputativeepoxidehydrolaseKPN,1brt-assembly1cifgz,32,26,64,64,0
5bov-assembly2cifgz_BCrystalstructureofaputativeepoxidehydrolaseKPN,3fob-assembly1cifgz,32,25,64,64,0
5bov-assembly2cifgz_BCrystalstructureofaputativeepoxidehydrolaseKPN,4x00-assembly4cifgz,32,26,64,64,0
5bov-assembly2cifgz_BCrystalstructureofaputativeepoxidehydrolaseKPN,6t6y-assembly1cifgz,32,26,64,64,0
5bov-assembly2cifgz_BCrystalstructureofaputativeepoxidehydrolaseKPN,3e0x-assembly2cifgz,32,17,64,64,0
5bov-assembly2cifgz_BCrystalstructureofaputativeepoxidehydrolaseKPN,5z7w-assembly1cifgz,32,19,64,64,0
5bov-assembly2cifgz_BCrystalstructureofaputativeepoxidehydrolaseKPN,1m33-assembly1cifgz,32,14,64,64,0
5bov-assembly2cifgz_BCrystalstructureofaputativeepoxidehydrolaseKPN,4nmw-assembly1cifgz,32,14,64,64,0
5bov-assembly2cifgz_BCrystalstructureofaputativeepoxidehydrolaseKPN,6azd-assembly1cifgz,32,20,64,64,0
5bov-assembly2cifgz_BCrystalstructureofaputativeepoxidehydrolaseKPN,5z9g-assembly1cifgz,32,19,64,64,0
5bov-assembly2cifgz_BCrystalstructureofaputativeepoxidehydrolaseKPN,7k38-assembly1cifgz,32,20,64,64,0
5bov-assembly2cifgz_BCrystalstructureofaputativeepoxidehydrolaseKPN,5dnu-assembly1cifgz,32,18,64,64,0
5bov-assembly2cifgz_BCrystalstructureofaputativeepoxidehydrolaseKPN,5cbk-assembly1cifgz,32,20,64,64,0
5bov-assembly2cifgz_BCrystalstructureofaputativeepoxidehydrolaseKPN,5h3h-assembly1cifgz,32,24,64,64,0
5bov-assembly2cifgz_BCrystalstructureofaputativeepoxidehydrolaseKPN,5z7x-assembly1cifgz,32,21,64,64,0
5bov-assembly2cifgz_BCrystalstructureofaputativeepoxidehydrolaseKPN,6j2r-assembly1cifgz,32,19,64,64,0
5bov-assembly2cifgz_BCrystalstructureofaputativeepoxidehydrolaseKPN,7uoc-assembly1cifgz,32,18,64,64,0
5bov-assembly2cifgz_BCrystalstructureofaputativeepoxidehydrolaseKPN,5z89-assembly1cifgz,32,18,64,64,0
5bov-assembly2cifgz_BCrystalstructureofaputativeepoxidehydrolaseKPN,6uh8-assembly1cifgz,32,20,64,64,0
5bov-assembly2cifgz_BCrystalstructureofaputativeepoxidehydrolaseKPN,6xfo-assembly1cifgz,32,19,64,64,0
5bov-assembly2cifgz_BCrystalstructureofaputativeepoxidehydrolaseKPN,4ih4-assembly4cifgz,32,17,64,64,0
5bov-assembly2cifgz_BCrystalstructureofaputativeepoxidehydrolaseKPN,1wom-assembly2cifgz,32,22,64,64,0
5bov-assembly2cifgz_BCrystalstructureofaputativeepoxidehydrolaseKPN,7f5w-assembly2cifgz,32,22,64,64,0
5bov-assembly2cifgz_BCrystalstructureofaputativeepoxidehydrolaseKPN,3qvm-assembly1cifgz,32,26,64,64,0
5bov-assembly2cifgz_BCrystalstructureofaputativeepoxidehydrolaseKPN,6atx-assembly1cifgz,32,17,64,64,0
5bov-assembly2cifgz_BCrystalstructureofaputativeepoxidehydrolaseKPN,7ukb-assembly1cifgz,32,18,64,64,0
5bov-assembly2cifgz_BCrystalstructureofaputativeepoxidehydrolaseKPN,3e3a-assembly1cifgz,32,27,64,64,0
5bov-assembly2cifgz_BCrystalstructureofaputativeepoxidehydrolaseKPN,5ie4-assembly1cifgz,32,26,64,64,0
5bov-assembly2cifgz_BCrystalstructureofaputativeepoxidehydrolaseKPN,5xo7-assembly1cifgz,32,27,64,64,0
5bov-assembly2cifgz_BCrystalstructureofaputativeepoxidehydrolaseKPN,5xwz-assembly2cifgz,32,26,64,64,0
5bov-assembly2cifgz_BCrystalstructureofaputativeepoxidehydrolaseKPN,6l7m-assembly1cifgz,32,26,64,64,0
5bov-assembly2cifgz_BCrystalstructureofaputativeepoxidehydrolaseKPN,8jlv-assembly6cifgz,32,26,64,64,0
5bov-assembly2cifgz_BCrystalstructureofaputativeepoxidehydrolaseKPN,4myd-assembly3cifgz,32,16,64,64,0
5bov-assembly2cifgz_BCrystalstructureofaputativeepoxidehydrolaseKPN,4i3f-assembly1cifgz,32,27,64,64,0
5bov-assembly2cifgz_BCrystalstructureofaputativeepoxidehydrolaseKPN,6l4h-assembly1cifgz,32,228,64,352,288
5bov-assembly2cifgz_BCrystalstructureofaputativeepoxidehydrolaseKPN,2xmr-assembly3cifgz,32,28,64,66,2
5bov-assembly2cifgz_BCrystalstructureofaputativeepoxidehydrolaseKPN,6zmm-assembly1cifgz,32,25,64,66,2
5bov-assembly2cifgz_BCrystalstructureofaputativeepoxidehydrolaseKPN,1c4x-assembly1cifgz,32,29,64,64,0
5bov-assembly2cifgz_BCrystalstructureofaputativeepoxidehydrolaseKPN,2og1-assembly1cifgz,32,35,64,64,0
5bov-assembly2cifgz_BCrystalstructureofaputativeepoxidehydrolaseKPN,5jz9-assembly1cifgz,32,33,64,64,0
5bov-assembly2cifgz_BCrystalstructureofaputativeepoxidehydrolaseKPN,1iun-assembly1cifgz,32,27,64,64,0
5bov-assembly2cifgz_BCrystalstructureofaputativeepoxidehydrolaseKPN,1u2e-assembly2cifgz,32,35,64,64,0
5bov-assembly2cifgz_BCrystalstructureofaputativeepoxidehydrolaseKPN,2ock-assembly1cifgz,32,26,64,64,0
5bov-assembly2cifgz_BCrystalstructureofaputativeepoxidehydrolaseKPN,4lxh-assembly1cifgz,32,28,64,64,0
5bov-assembly2cifgz_BCrystalstructureofaputativeepoxidehydrolaseKPN,8hgw-assembly1cifgz,32,23,64,64,0
5bov-assembly2cifgz_BCrystalstructureofaputativeepoxidehydrolaseKPN,1j1i-assembly1cifgz,32,25,64,64,0
4inz-assembly2cifgz,1ehy-assembly2cifgz,21,31,64,64,0
4inz-assembly2cifgz,5w15-assembly1cifgz,21,29,64,64,0
4inz-assembly2cifgz,8hgu-assembly1cifgz,21,33,64,64,0
4inz-assembly2cifgz,3r3z-assembly1cifgz,21,36,64,64,0
4inz-assembly2cifgz,4b9a-assembly1cifgz,21,31,64,64,0
4inz-assembly2cifgz,3kxp-assembly1cifgz,21,25,64,64,0
4inz-assembly2cifgz,7c4d-assembly1cifgz,21,207,64,352,288
4inz-assembly2cifgz,4ose-assembly1cifgz,21,39,64,64,0
4inz-assembly2cifgz,4pw0-assembly1cifgz,21,31,64,64,0
4inz-assembly2cifgz,3bf7-assembly2cifgz,21,198,64,352,288
4inz-assembly2cifgz,5frd-assembly2cifgz,21,192,64,352,288
4inz-assembly2cifgz,6eb3-assembly4cifgz,21,22,64,64,0
4inz-assembly2cifgz,5egn-assembly4cifgz,21,21,64,64,0
4inz-assembly2cifgz,2xua-assembly1cifgz,21,25,64,64,0
4inz-assembly2cifgz,3v48-assembly1cifgz,21,17,64,64,0
4inz-assembly2cifgz,4q3l-assembly1cifgz,21,25,64,64,0
4inz-assembly2cifgz,3om8-assembly1cifgz,21,29,64,64,0
4inz-assembly2cifgz,4opm-assembly1cifgz,21,47,64,64,0
4inz-assembly2cifgz,8ckp-assembly1cifgz,21,50,64,64,0
4inz-assembly2cifgz,4ns4-assembly1cifgz,21,42,64,64,0
4inz-assembly2cifgz,4mys-assembly1cifgz,21,17,64,64,0
4inz-assembly2cifgz,6ra2-assembly2cifgz,21,23,64,64,0
4inz-assembly2cifgz,4mj3-assembly1cifgz,21,49,64,64,0
4inz-assembly2cifgz,6y9g-assembly2cifgz,21,25,64,64,0
4inz-assembly2cifgz,4wdr-assembly2cifgz,21,29,64,64,0
4inz-assembly2cifgz,7pw1-assembly1cifgz,21,29,64,64,0
4inz-assembly2cifgz,4brz-assembly1cifgz,21,28,64,64,0
4inz-assembly2cifgz,7ots-assembly1cifgz,21,30,64,64,0
4inz-assembly2cifgz,8ik2-assembly1cifgz,21,29,64,64,0
4inz-assembly2cifgz,4uhd-assembly1cifgz,21,28,64,64,0
4inz-assembly2cifgz,6jra-assembly1cifgz,21,26,64,64,0
4inz-assembly2cifgz,4rpc-assembly2cifgz,21,13,64,64,0
4inz-assembly2cifgz,5a62-assembly1cifgz,21,25,64,64,0
4inz-assembly2cifgz,7dq9-assembly4cifgz,21,25,64,64,0
4inz-assembly2cifgz,3wi7-assembly2cifgz,21,32,64,64,0
4inz-assembly2cifgz,8b5o-assembly2cifgz,21,22,64,64,0
4inz-assembly2cifgz,1a8q-assembly1cifgz,21,22,64,64,0
4inz-assembly2cifgz,4rnc-assembly2cifgz,21,27,64,64,0
4inz-assembly2cifgz,7yii-assembly1cifgz,21,26,64,64,0
4inz-assembly2cifgz,1a8s-assembly1cifgz,21,22,64,64,0
4inz-assembly2cifgz,1brt-assembly1cifgz,21,26,64,64,0
4inz-assembly2cifgz,3fob-assembly1cifgz,21,25,64,64,0
4inz-assembly2cifgz,4x00-assembly4cifgz,21,26,64,64,0
4inz-assembly2cifgz,6t6y-assembly1cifgz,21,26,64,64,0
4inz-assembly2cifgz,3e0x-assembly2cifgz,21,17,64,64,0
4inz-assembly2cifgz,5z7w-assembly1cifgz,21,19,64,64,0
4inz-assembly2cifgz,1m33-assembly1cifgz,21,14,64,64,0
4inz-assembly2cifgz,4nmw-assembly1cifgz,21,14,64,64,0
4inz-assembly2cifgz,6azd-assembly1cifgz,21,20,64,64,0
4inz-assembly2cifgz,5z9g-assembly1cifgz,21,19,64,64,0
4inz-assembly2cifgz,7k38-assembly1cifgz,21,20,64,64,0
4inz-assembly2cifgz,5dnu-assembly1cifgz,21,18,64,64,0
4inz-assembly2cifgz,5cbk-assembly1cifgz,21,20,64,64,0
4inz-assembly2cifgz,5h3h-assembly1cifgz,21,24,64,64,0
4inz-assembly2cifgz,5z7x-assembly1cifgz,21,21,64,64,0
4inz-assembly2cifgz,6j2r-assembly1cifgz,21,19,64,64,0
4inz-assembly2cifgz,7uoc-assembly1cifgz,21,18,64,64,0
4inz-assembly2cifgz,5z89-assembly1cifgz,21,18,64,64,0
4inz-assembly2cifgz,6uh8-assembly1cifgz,21,20,64,64,0
4inz-assembly2cifgz,6xfo-assembly1cifgz,21,19,64,64,0
4inz-assembly2cifgz,4ih4-assembly4cifgz,21,17,64,64,0
4inz-assembly2cifgz,1wom-assembly2cifgz,21,22,64,64,0
4inz-assembly2cifgz,7f5w-assembly2cifgz,21,22,64,64,0
4inz-assembly2cifgz,3qvm-assembly1cifgz,21,26,64,64,0
4inz-assembly2cifgz,6atx-assembly1cifgz,21,17,64,64,0
4inz-assembly2cifgz,7ukb-assembly1cifgz,21,18,64,64,0
4inz-assembly2cifgz,3e3a-assembly1cifgz,21,27,64,64,0
4inz-assembly2cifgz,5ie4-assembly1cifgz,21,26,64,64,0
4inz-assembly2cifgz,5xo7-assembly1cifgz,21,27,64,64,0
4inz-assembly2cifgz,5xwz-assembly2cifgz,21,26,64,64,0
4inz-assembly2cifgz,6l7m-assembly1cifgz,21,26,64,64,0
4inz-assembly2cifgz,8jlv-assembly6cifgz,21,26,64,64,0
4inz-assembly2cifgz,4myd-assembly3cifgz,21,16,64,64,0
4inz-assembly2cifgz,4i3f-assembly1cifgz,21,27,64,64,0
4inz-assembly2cifgz,6l4h-assembly1cifgz,21,228,64,352,288
4inz-assembly2cifgz,2xmr-assembly3cifgz,21,28,64,66,2
4inz-assembly2cifgz,6zmm-assembly1cifgz,21,25,64,66,2
4inz-assembly2cifgz,1c4x-assembly1cifgz,21,29,64,64,0
4inz-assembly2cifgz,2og1-assembly1cifgz,21,35,64,64,0
4inz-assembly2cifgz,5jz9-assembly1cifgz,21,33,64,64,0
4inz-assembly2cifgz,1iun-assembly1cifgz,21,27,64,64,0
4inz-assembly2cifgz,1u2e-assembly2cifgz,21,35,64,64,0
4inz-assembly2cifgz,2ock-assembly1cifgz,21,26,64,64,0
4inz-assembly2cifgz,4lxh-assembly1cifgz,21,28,64,64,0
4inz-assembly2cifgz,8hgw-assembly1cifgz,21,23,64,64,0
4inz-assembly2cifgz,1j1i-assembly1cifgz,21,25,64,64,0
1ehy-assembly2cifgz,5w15-assembly1cifgz,31,29,64,64,0
1ehy-assembly2cifgz,8hgu-assembly1cifgz,31,33,64,64,0
1ehy-assembly2cifgz,3r3z-assembly1cifgz,31,36,64,64,0
1ehy-assembly2cifgz,4b9a-assembly1cifgz,31,31,64,64,0
1ehy-assembly2cifgz,3kxp-assembly1cifgz,31,25,64,64,0
1ehy-assembly2cifgz,7c4d-assembly1cifgz,31,207,64,352,288
1ehy-assembly2cifgz,4ose-assembly1cifgz,31,39,64,64,0
1ehy-assembly2cifgz,4pw0-assembly1cifgz,31,31,64,64,0
1ehy-assembly2cifgz,3bf7-assembly2cifgz,31,198,64,352,288
1ehy-assembly2cifgz,5frd-assembly2cifgz,31,192,64,352,288
1ehy-assembly2cifgz,6eb3-assembly4cifgz,31,22,64,64,0
1ehy-assembly2cifgz,5egn-assembly4cifgz,31,21,64,64,0
1ehy-assembly2cifgz,2xua-assembly1cifgz,31,25,64,64,0
1ehy-assembly2cifgz,3v48-assembly1cifgz,31,17,64,64,0
1ehy-assembly2cifgz,4q3l-assembly1cifgz,31,25,64,64,0
1ehy-assembly2cifgz,3om8-assembly1cifgz,31,29,64,64,0
1ehy-assembly2cifgz,4opm-assembly1cifgz,31,47,64,64,0
1ehy-assembly2cifgz,8ckp-assembly1cifgz,31,50,64,64,0
1ehy-assembly2cifgz,4ns4-assembly1cifgz,31,42,64,64,0
1ehy-assembly2cifgz,4mys-assembly1cifgz,31,17,64,64,0
1ehy-assembly2cifgz,6ra2-assembly2cifgz,31,23,64,64,0
1ehy-assembly2cifgz,4mj3-assembly1cifgz,31,49,64,64,0
1ehy-assembly2cifgz,6y9g-assembly2cifgz,31,25,64,64,0
1ehy-assembly2cifgz,4wdr-assembly2cifgz,31,29,64,64,0
1ehy-assembly2cifgz,7pw1-assembly1cifgz,31,29,64,64,0
1ehy-assembly2cifgz,4brz-assembly1cifgz,31,28,64,64,0
1ehy-assembly2cifgz,7ots-assembly1cifgz,31,30,64,64,0
1ehy-assembly2cifgz,8ik2-assembly1cifgz,31,29,64,64,0
1ehy-assembly2cifgz,4uhd-assembly1cifgz,31,28,64,64,0
1ehy-assembly2cifgz,6jra-assembly1cifgz,31,26,64,64,0
1ehy-assembly2cifgz,4rpc-assembly2cifgz,31,13,64,64,0
1ehy-assembly2cifgz,5a62-assembly1cifgz,31,25,64,64,0
1ehy-assembly2cifgz,7dq9-assembly4cifgz,31,25,64,64,0
1ehy-assembly2cifgz,3wi7-assembly2cifgz,31,32,64,64,0
1ehy-assembly2cifgz,8b5o-assembly2cifgz,31,22,64,64,0
1ehy-assembly2cifgz,1a8q-assembly1cifgz,31,22,64,64,0
1ehy-assembly2cifgz,4rnc-assembly2cifgz,31,27,64,64,0
1ehy-assembly2cifgz,7yii-assembly1cifgz,31,26,64,64,0
1ehy-assembly2cifgz,1a8s-assembly1cifgz,31,22,64,64,0
1ehy-assembly2cifgz,1brt-assembly1cifgz,31,26,64,64,0
1ehy-assembly2cifgz,3fob-assembly1cifgz,31,25,64,64,0
1ehy-assembly2cifgz,4x00-assembly4cifgz,31,26,64,64,0
1ehy-assembly2cifgz,6t6y-assembly1cifgz,31,26,64,64,0
1ehy-assembly2cifgz,3e0x-assembly2cifgz,31,17,64,64,0
1ehy-assembly2cifgz,5z7w-assembly1cifgz,31,19,64,64,0
1ehy-assembly2cifgz,1m33-assembly1cifgz,31,14,64,64,0
1ehy-assembly2cifgz,4nmw-assembly1cifgz,31,14,64,64,0
1ehy-assembly2cifgz,6azd-assembly1cifgz,31,20,64,64,0
1ehy-assembly2cifgz,5z9g-assembly1cifgz,31,19,64,64,0
1ehy-assembly2cifgz,7k38-assembly1cifgz,31,20,64,64,0
1ehy-assembly2cifgz,5dnu-assembly1cifgz,31,18,64,64,0
1ehy-assembly2cifgz,5cbk-assembly1cifgz,31,20,64,64,0
1ehy-assembly2cifgz,5h3h-assembly1cifgz,31,24,64,64,0
1ehy-assembly2cifgz,5z7x-assembly1cifgz,31,21,64,64,0
1ehy-assembly2cifgz,6j2r-assembly1cifgz,31,19,64,64,0
1ehy-assembly2cifgz,7uoc-assembly1cifgz,31,18,64,64,0
1ehy-assembly2cifgz,5z89-assembly1cifgz,31,18,64,64,0
1ehy-assembly2cifgz,6uh8-assembly1cifgz,31,20,64,64,0
1ehy-assembly2cifgz,6xfo-assembly1cifgz,31,19,64,64,0
1ehy-assembly2cifgz,4ih4-assembly4cifgz,31,17,64,64,0
1ehy-assembly2cifgz,1wom-assembly2cifgz,31,22,64,64,0
1ehy-assembly2cifgz,7f5w-assembly2cifgz,31,22,64,64,0
1ehy-assembly2cifgz,3qvm-assembly1cifgz,31,26,64,64,0
1ehy-assembly2cifgz,6atx-assembly1cifgz,31,17,64,64,0
1ehy-assembly2cifgz,7ukb-assembly1cifgz,31,18,64,64,0
1ehy-assembly2cifgz,3e3a-assembly1cifgz,31,27,64,64,0
1ehy-assembly2cifgz,5ie4-assembly1cifgz,31,26,64,64,0
1ehy-assembly2cifgz,5xo7-assembly1cifgz,31,27,64,64,0
1ehy-assembly2cifgz,5xwz-assembly2cifgz,31,26,64,64,0
1ehy-assembly2cifgz,6l7m-assembly1cifgz,31,26,64,64,0
1ehy-assembly2cifgz,8jlv-assembly6cifgz,31,26,64,64,0
1ehy-assembly2cifgz,4myd-assembly3cifgz,31,16,64,64,0
1ehy-assembly2cifgz,4i3f-assembly1cifgz,31,27,64,64,0
1ehy-assembly2cifgz,6l4h-assembly1cifgz,31,228,64,352,288
1ehy-assembly2cifgz,2xmr-assembly3cifgz,31,28,64,66,2
1ehy-assembly2cifgz,6zmm-assembly1cifgz,31,25,64,66,2
1ehy-assembly2cifgz,1c4x-assembly1cifgz,31,29,64,64,0
1ehy-assembly2cifgz,2og1-assembly1cifgz,31,35,64,64,0
1ehy-assembly2cifgz,5jz9-assembly1cifgz,31,33,64,64,0
1ehy-assembly2cifgz,1iun-assembly1cifgz,31,27,64,64,0
1ehy-assembly2cifgz,1u2e-assembly2cifgz,31,35,64,64,0
1ehy-assembly2cifgz,2ock-assembly1cifgz,31,26,64,64,0
1ehy-assembly2cifgz,4lxh-assembly1cifgz,31,28,64,64,0
1ehy-assembly2cifgz,8hgw-assembly1cifgz,31,23,64,64,0
1ehy-assembly2cifgz,1j1i-assembly1cifgz,31,25,64,64,0
5w15-assembly1cifgz,8hgu-assembly1cifgz,29,33,64,64,0
5w15-assembly1cifgz,3r3z-assembly1cifgz,29,36,64,64,0
5w15-assembly1cifgz,4b9a-assembly1cifgz,29,31,64,64,0
5w15-assembly1cifgz,3kxp-assembly1cifgz,29,25,64,64,0
5w15-assembly1cifgz,7c4d-assembly1cifgz,29,207,64,352,288
5w15-assembly1cifgz,4ose-assembly1cifgz,29,39,64,64,0
5w15-assembly1cifgz,4pw0-assembly1cifgz,29,31,64,64,0
5w15-assembly1cifgz,3bf7-assembly2cifgz,29,198,64,352,288
5w15-assembly1cifgz,5frd-assembly2cifgz,29,192,64,352,288
5w15-assembly1cifgz,6eb3-assembly4cifgz,29,22,64,64,0
5w15-assembly1cifgz,5egn-assembly4cifgz,29,21,64,64,0
5w15-assembly1cifgz,2xua-assembly1cifgz,29,25,64,64,0
5w15-assembly1cifgz,3v48-assembly1cifgz,29,17,64,64,0
5w15-assembly1cifgz,4q3l-assembly1cifgz,29,25,64,64,0
5w15-assembly1cifgz,3om8-assembly1cifgz,29,29,64,64,0
5w15-assembly1cifgz,4opm-assembly1cifgz,29,47,64,64,0
5w15-assembly1cifgz,8ckp-assembly1cifgz,29,50,64,64,0
5w15-assembly1cifgz,4ns4-assembly1cifgz,29,42,64,64,0
5w15-assembly1cifgz,4mys-assembly1cifgz,29,17,64,64,0
5w15-assembly1cifgz,6ra2-assembly2cifgz,29,23,64,64,0
5w15-assembly1cifgz,4mj3-assembly1cifgz,29,49,64,64,0
5w15-assembly1cifgz,6y9g-assembly2cifgz,29,25,64,64,0
5w15-assembly1cifgz,4wdr-assembly2cifgz,29,29,64,64,0
5w15-assembly1cifgz,7pw1-assembly1cifgz,29,29,64,64,0
5w15-assembly1cifgz,4brz-assembly1cifgz,29,28,64,64,0
5w15-assembly1cifgz,7ots-assembly1cifgz,29,30,64,64,0
5w15-assembly1cifgz,8ik2-assembly1cifgz,29,29,64,64,0
5w15-assembly1cifgz,4uhd-assembly1cifgz,29,28,64,64,0
5w15-assembly1cifgz,6jra-assembly1cifgz,29,26,64,64,0
5w15-assembly1cifgz,4rpc-assembly2cifgz,29,13,64,64,0
5w15-assembly1cifgz,5a62-assembly1cifgz,29,25,64,64,0
5w15-assembly1cifgz,7dq9-assembly4cifgz,29,25,64,64,0
5w15-assembly1cifgz,3wi7-assembly2cifgz,29,32,64,64,0
5w15-assembly1cifgz,8b5o-assembly2cifgz,29,22,64,64,0
5w15-assembly1cifgz,1a8q-assembly1cifgz,29,22,64,64,0
5w15-assembly1cifgz,4rnc-assembly2cifgz,29,27,64,64,0
5w15-assembly1cifgz,7yii-assembly1cifgz,29,26,64,64,0
5w15-assembly1cifgz,1a8s-assembly1cifgz,29,22,64,64,0
5w15-assembly1cifgz,1brt-assembly1cifgz,29,26,64,64,0
5w15-assembly1cifgz,3fob-assembly1cifgz,29,25,64,64,0
5w15-assembly1cifgz,4x00-assembly4cifgz,29,26,64,64,0
5w15-assembly1cifgz,6t6y-assembly1cifgz,29,26,64,64,0
5w15-assembly1cifgz,3e0x-assembly2cifgz,29,17,64,64,0
5w15-assembly1cifgz,5z7w-assembly1cifgz,29,19,64,64,0
5w15-assembly1cifgz,1m33-assembly1cifgz,29,14,64,64,0
5w15-assembly1cifgz,4nmw-assembly1cifgz,29,14,64,64,0
5w15-assembly1cifgz,6azd-assembly1cifgz,29,20,64,64,0
5w15-assembly1cifgz,5z9g-assembly1cifgz,29,19,64,64,0
5w15-assembly1cifgz,7k38-assembly1cifgz,29,20,64,64,0
5w15-assembly1cifgz,5dnu-assembly1cifgz,29,18,64,64,0
5w15-assembly1cifgz,5cbk-assembly1cifgz,29,20,64,64,0
5w15-assembly1cifgz,5h3h-assembly1cifgz,29,24,64,64,0
5w15-assembly1cifgz,5z7x-assembly1cifgz,29,21,64,64,0
5w15-assembly1cifgz,6j2r-assembly1cifgz,29,19,64,64,0
5w15-assembly1cifgz,7uoc-assembly1cifgz,29,18,64,64,0
5w15-assembly1cifgz,5z89-assembly1cifgz,29,18,64,64,0
5w15-assembly1cifgz,6uh8-assembly1cifgz,29,20,64,64,0
5w15-assembly1cifgz,6xfo-assembly1cifgz,29,19,64,64,0
5w15-assembly1cifgz,4ih4-assembly4cifgz,29,17,64,64,0
5w15-assembly1cifgz,1wom-assembly2cifgz,29,22,64,64,0
5w15-assembly1cifgz,7f5w-assembly2cifgz,29,22,64,64,0
5w15-assembly1cifgz,3qvm-assembly1cifgz,29,26,64,64,0
5w15-assembly1cifgz,6atx-assembly1cifgz,29,17,64,64,0
5w15-assembly1cifgz,7ukb-assembly1cifgz,29,18,64,64,0
5w15-assembly1cifgz,3e3a-assembly1cifgz,29,27,64,64,0
5w15-assembly1cifgz,5ie4-assembly1cifgz,29,26,64,64,0
5w15-assembly1cifgz,5xo7-assembly1cifgz,29,27,64,64,0
5w15-assembly1cifgz,5xwz-assembly2cifgz,29,26,64,64,0
5w15-assembly1cifgz,6l7m-assembly1cifgz,29,26,64,64,0
5w15-assembly1cifgz,8jlv-assembly6cifgz,29,26,64,64,0
5w15-assembly1cifgz,4myd-assembly3cifgz,29,16,64,64,0
5w15-assembly1cifgz,4i3f-assembly1cifgz,29,27,64,64,0
5w15-assembly1cifgz,6l4h-assembly1cifgz,29,228,64,352,288
5w15-assembly1cifgz,2xmr-assembly3cifgz,29,28,64,66,2
5w15-assembly1cifgz,6zmm-assembly1cifgz,29,25,64,66,2
5w15-assembly1cifgz,1c4x-assembly1cifgz,29,29,64,64,0
5w15-assembly1cifgz,2og1-assembly1cifgz,29,35,64,64,0
5w15-assembly1cifgz,5jz9-assembly1cifgz,29,33,64,64,0
5w15-assembly1cifgz,1iun-assembly1cifgz,29,27,64,64,0
5w15-assembly1cifgz,1u2e-assembly2cifgz,29,35,64,64,0
5w15-assembly1cifgz,2ock-assembly1cifgz,29,26,64,64,0
5w15-assembly1cifgz,4lxh-assembly1cifgz,29,28,64,64,0
5w15-assembly1cifgz,8hgw-assembly1cifgz,29,23,64,64,0
5w15-assembly1cifgz,1j1i-assembly1cifgz,29,25,64,64,0
8hgu-assembly1cifgz,3r3z-assembly1cifgz,33,36,64,64,0
8hgu-assembly1cifgz,4b9a-assembly1cifgz,33,31,64,64,0
8hgu-assembly1cifgz,3kxp-assembly1cifgz,33,25,64,64,0
8hgu-assembly1cifgz,7c4d-assembly1cifgz,33,207,64,352,288
8hgu-assembly1cifgz,4ose-assembly1cifgz,33,39,64,64,0
8hgu-assembly1cifgz,4pw0-assembly1cifgz,33,31,64,64,0
8hgu-assembly1cifgz,3bf7-assembly2cifgz,33,198,64,352,288
8hgu-assembly1cifgz,5frd-assembly2cifgz,33,192,64,352,288
8hgu-assembly1cifgz,6eb3-assembly4cifgz,33,22,64,64,0
8hgu-assembly1cifgz,5egn-assembly4cifgz,33,21,64,64,0
8hgu-assembly1cifgz,2xua-assembly1cifgz,33,25,64,64,0
8hgu-assembly1cifgz,3v48-assembly1cifgz,33,17,64,64,0
8hgu-assembly1cifgz,4q3l-assembly1cifgz,33,25,64,64,0
8hgu-assembly1cifgz,3om8-assembly1cifgz,33,29,64,64,0
8hgu-assembly1cifgz,4opm-assembly1cifgz,33,47,64,64,0
8hgu-assembly1cifgz,8ckp-assembly1cifgz,33,50,64,64,0
8hgu-assembly1cifgz,4ns4-assembly1cifgz,33,42,64,64,0
8hgu-assembly1cifgz,4mys-assembly1cifgz,33,17,64,64,0
8hgu-assembly1cifgz,6ra2-assembly2cifgz,33,23,64,64,0
8hgu-assembly1cifgz,4mj3-assembly1cifgz,33,49,64,64,0
8hgu-assembly1cifgz,6y9g-assembly2cifgz,33,25,64,64,0
8hgu-assembly1cifgz,4wdr-assembly2cifgz,33,29,64,64,0
8hgu-assembly1cifgz,7pw1-assembly1cifgz,33,29,64,64,0
8hgu-assembly1cifgz,4brz-assembly1cifgz,33,28,64,64,0
8hgu-assembly1cifgz,7ots-assembly1cifgz,33,30,64,64,0
8hgu-assembly1cifgz,8ik2-assembly1cifgz,33,29,64,64,0
8hgu-assembly1cifgz,4uhd-assembly1cifgz,33,28,64,64,0
8hgu-assembly1cifgz,6jra-assembly1cifgz,33,26,64,64,0
8hgu-assembly1cifgz,4rpc-assembly2cifgz,33,13,64,64,0
8hgu-assembly1cifgz,5a62-assembly1cifgz,33,25,64,64,0
8hgu-assembly1cifgz,7dq9-assembly4cifgz,33,25,64,64,0
8hgu-assembly1cifgz,3wi7-assembly2cifgz,33,32,64,64,0
8hgu-assembly1cifgz,8b5o-assembly2cifgz,33,22,64,64,0
8hgu-assembly1cifgz,1a8q-assembly1cifgz,33,22,64,64,0
8hgu-assembly1cifgz,4rnc-assembly2cifgz,33,27,64,64,0
8hgu-assembly1cifgz,7yii-assembly1cifgz,33,26,64,64,0
8hgu-assembly1cifgz,1a8s-assembly1cifgz,33,22,64,64,0
8hgu-assembly1cifgz,1brt-assembly1cifgz,33,26,64,64,0
8hgu-assembly1cifgz,3fob-assembly1cifgz,33,25,64,64,0
8hgu-assembly1cifgz,4x00-assembly4cifgz,33,26,64,64,0
8hgu-assembly1cifgz,6t6y-assembly1cifgz,33,26,64,64,0
8hgu-assembly1cifgz,3e0x-assembly2cifgz,33,17,64,64,0
8hgu-assembly1cifgz,5z7w-assembly1cifgz,33,19,64,64,0
8hgu-assembly1cifgz,1m33-assembly1cifgz,33,14,64,64,0
8hgu-assembly1cifgz,4nmw-assembly1cifgz,33,14,64,64,0
8hgu-assembly1cifgz,6azd-assembly1cifgz,33,20,64,64,0
8hgu-assembly1cifgz,5z9g-assembly1cifgz,33,19,64,64,0
8hgu-assembly1cifgz,7k38-assembly1cifgz,33,20,64,64,0
8hgu-assembly1cifgz,5dnu-assembly1cifgz,33,18,64,64,0
8hgu-assembly1cifgz,5cbk-assembly1cifgz,33,20,64,64,0
8hgu-assembly1cifgz,5h3h-assembly1cifgz,33,24,64,64,0
8hgu-assembly1cifgz,5z7x-assembly1cifgz,33,21,64,64,0
8hgu-assembly1cifgz,6j2r-assembly1cifgz,33,19,64,64,0
8hgu-assembly1cifgz,7uoc-assembly1cifgz,33,18,64,64,0
8hgu-assembly1cifgz,5z89-assembly1cifgz,33,18,64,64,0
8hgu-assembly1cifgz,6uh8-assembly1cifgz,33,20,64,64,0
8hgu-assembly1cifgz,6xfo-assembly1cifgz,33,19,64,64,0
8hgu-assembly1cifgz,4ih4-assembly4cifgz,33,17,64,64,0
8hgu-assembly1cifgz,1wom-assembly2cifgz,33,22,64,64,0
8hgu-assembly1cifgz,7f5w-assembly2cifgz,33,22,64,64,0
8hgu-assembly1cifgz,3qvm-assembly1cifgz,33,26,64,64,0
8hgu-assembly1cifgz,6atx-assembly1cifgz,33,17,64,64,0
8hgu-assembly1cifgz,7ukb-assembly1cifgz,33,18,64,64,0
8hgu-assembly1cifgz,3e3a-assembly1cifgz,33,27,64,64,0
8hgu-assembly1cifgz,5ie4-assembly1cifgz,33,26,64,64,0
8hgu-assembly1cifgz,5xo7-assembly1cifgz,33,27,64,64,0
8hgu-assembly1cifgz,5xwz-assembly2cifgz,33,26,64,64,0
8hgu-assembly1cifgz,6l7m-assembly1cifgz,33,26,64,64,0
8hgu-assembly1cifgz,8jlv-assembly6cifgz,33,26,64,64,0
8hgu-assembly1cifgz,4myd-assembly3cifgz,33,16,64,64,0
8hgu-assembly1cifgz,4i3f-assembly1cifgz,33,27,64,64,0
8hgu-assembly1cifgz,6l4h-assembly1cifgz,33,228,64,352,288
8hgu-assembly1cifgz,2xmr-assembly3cifgz,33,28,64,66,2
8hgu-assembly1cifgz,6zmm-assembly1cifgz,33,25,64,66,2
8hgu-assembly1cifgz,1c4x-assembly1cifgz,33,29,64,64,0
8hgu-assembly1cifgz,2og1-assembly1cifgz,33,35,64,64,0
8hgu-assembly1cifgz,5jz9-assembly1cifgz,33,33,64,64,0
8hgu-assembly1cifgz,1iun-assembly1cifgz,33,27,64,64,0
8hgu-assembly1cifgz,1u2e-assembly2cifgz,33,35,64,64,0
8hgu-assembly1cifgz,2ock-assembly1cifgz,33,26,64,64,0
8hgu-assembly1cifgz,4lxh-assembly1cifgz,33,28,64,64,0
8hgu-assembly1cifgz,8hgw-assembly1cifgz,33,23,64,64,0
8hgu-assembly1cifgz,1j1i-assembly1cifgz,33,25,64,64,0
3r3z-assembly1cifgz,4b9a-assembly1cifgz,36,31,64,64,0
3r3z-assembly1cifgz,3kxp-assembly1cifgz,36,25,64,64,0
3r3z-assembly1cifgz,7c4d-assembly1cifgz,36,207,64,352,288
3r3z-assembly1cifgz,4ose-assembly1cifgz,36,39,64,64,0
3r3z-assembly1cifgz,4pw0-assembly1cifgz,36,31,64,64,0
3r3z-assembly1cifgz,3bf7-assembly2cifgz,36,198,64,352,288
3r3z-assembly1cifgz,5frd-assembly2cifgz,36,192,64,352,288
3r3z-assembly1cifgz,6eb3-assembly4cifgz,36,22,64,64,0
3r3z-assembly1cifgz,5egn-assembly4cifgz,36,21,64,64,0
3r3z-assembly1cifgz,2xua-assembly1cifgz,36,25,64,64,0
3r3z-assembly1cifgz,3v48-assembly1cifgz,36,17,64,64,0
3r3z-assembly1cifgz,4q3l-assembly1cifgz,36,25,64,64,0
3r3z-assembly1cifgz,3om8-assembly1cifgz,36,29,64,64,0
3r3z-assembly1cifgz,4opm-assembly1cifgz,36,47,64,64,0
3r3z-assembly1cifgz,8ckp-assembly1cifgz,36,50,64,64,0
3r3z-assembly1cifgz,4ns4-assembly1cifgz,36,42,64,64,0
3r3z-assembly1cifgz,4mys-assembly1cifgz,36,17,64,64,0
3r3z-assembly1cifgz,6ra2-assembly2cifgz,36,23,64,64,0
3r3z-assembly1cifgz,4mj3-assembly1cifgz,36,49,64,64,0
3r3z-assembly1cifgz,6y9g-assembly2cifgz,36,25,64,64,0
3r3z-assembly1cifgz,4wdr-assembly2cifgz,36,29,64,64,0
3r3z-assembly1cifgz,7pw1-assembly1cifgz,36,29,64,64,0
3r3z-assembly1cifgz,4brz-assembly1cifgz,36,28,64,64,0
3r3z-assembly1cifgz,7ots-assembly1cifgz,36,30,64,64,0
3r3z-assembly1cifgz,8ik2-assembly1cifgz,36,29,64,64,0
3r3z-assembly1cifgz,4uhd-assembly1cifgz,36,28,64,64,0
3r3z-assembly1cifgz,6jra-assembly1cifgz,36,26,64,64,0
3r3z-assembly1cifgz,4rpc-assembly2cifgz,36,13,64,64,0
3r3z-assembly1cifgz,5a62-assembly1cifgz,36,25,64,64,0
3r3z-assembly1cifgz,7dq9-assembly4cifgz,36,25,64,64,0
3r3z-assembly1cifgz,3wi7-assembly2cifgz,36,32,64,64,0
3r3z-assembly1cifgz,8b5o-assembly2cifgz,36,22,64,64,0
3r3z-assembly1cifgz,1a8q-assembly1cifgz,36,22,64,64,0
3r3z-assembly1cifgz,4rnc-assembly2cifgz,36,27,64,64,0
3r3z-assembly1cifgz,7yii-assembly1cifgz,36,26,64,64,0
3r3z-assembly1cifgz,1a8s-assembly1cifgz,36,22,64,64,0
3r3z-assembly1cifgz,1brt-assembly1cifgz,36,26,64,64,0
3r3z-assembly1cifgz,3fob-assembly1cifgz,36,25,64,64,0
3r3z-assembly1cifgz,4x00-assembly4cifgz,36,26,64,64,0
3r3z-assembly1cifgz,6t6y-assembly1cifgz,36,26,64,64,0
3r3z-assembly1cifgz,3e0x-assembly2cifgz,36,17,64,64,0
3r3z-assembly1cifgz,5z7w-assembly1cifgz,36,19,64,64,0
3r3z-assembly1cifgz,1m33-assembly1cifgz,36,14,64,64,0
3r3z-assembly1cifgz,4nmw-assembly1cifgz,36,14,64,64,0
3r3z-assembly1cifgz,6azd-assembly1cifgz,36,20,64,64,0
3r3z-assembly1cifgz,5z9g-assembly1cifgz,36,19,64,64,0
3r3z-assembly1cifgz,7k38-assembly1cifgz,36,20,64,64,0
3r3z-assembly1cifgz,5dnu-assembly1cifgz,36,18,64,64,0
3r3z-assembly1cifgz,5cbk-assembly1cifgz,36,20,64,64,0
3r3z-assembly1cifgz,5h3h-assembly1cifgz,36,24,64,64,0
3r3z-assembly1cifgz,5z7x-assembly1cifgz,36,21,64,64,0
3r3z-assembly1cifgz,6j2r-assembly1cifgz,36,19,64,64,0
3r3z-assembly1cifgz,7uoc-assembly1cifgz,36,18,64,64,0
3r3z-assembly1cifgz,5z89-assembly1cifgz,36,18,64,64,0
3r3z-assembly1cifgz,6uh8-assembly1cifgz,36,20,64,64,0
3r3z-assembly1cifgz,6xfo-assembly1cifgz,36,19,64,64,0
3r3z-assembly1cifgz,4ih4-assembly4cifgz,36,17,64,64,0
3r3z-assembly1cifgz,1wom-assembly2cifgz,36,22,64,64,0
3r3z-assembly1cifgz,7f5w-assembly2cifgz,36,22,64,64,0
3r3z-assembly1cifgz,3qvm-assembly1cifgz,36,26,64,64,0
3r3z-assembly1cifgz,6atx-assembly1cifgz,36,17,64,64,0
3r3z-assembly1cifgz,7ukb-assembly1cifgz,36,18,64,64,0
3r3z-assembly1cifgz,3e3a-assembly1cifgz,36,27,64,64,0
3r3z-assembly1cifgz,5ie4-assembly1cifgz,36,26,64,64,0
3r3z-assembly1cifgz,5xo7-assembly1cifgz,36,27,64,64,0
3r3z-assembly1cifgz,5xwz-assembly2cifgz,36,26,64,64,0
3r3z-assembly1cifgz,6l7m-assembly1cifgz,36,26,64,64,0
3r3z-assembly1cifgz,8jlv-assembly6cifgz,36,26,64,64,0
3r3z-assembly1cifgz,4myd-assembly3cifgz,36,16,64,64,0
3r3z-assembly1cifgz,4i3f-assembly1cifgz,36,27,64,64,0
3r3z-assembly1cifgz,6l4h-assembly1cifgz,36,228,64,352,288
3r3z-assembly1cifgz,2xmr-assembly3cifgz,36,28,64,66,2
3r3z-assembly1cifgz,6zmm-assembly1cifgz,36,25,64,66,2
3r3z-assembly1cifgz,1c4x-assembly1cifgz,36,29,64,64,0
3r3z-assembly1cifgz,2og1-assembly1cifgz,36,35,64,64,0
3r3z-assembly1cifgz,5jz9-assembly1cifgz,36,33,64,64,0
3r3z-assembly1cifgz,1iun-assembly1cifgz,36,27,64,64,0
3r3z-assembly1cifgz,1u2e-assembly2cifgz,36,35,64,64,0
3r3z-assembly1cifgz,2ock-assembly1cifgz,36,26,64,64,0
3r3z-assembly1cifgz,4lxh-assembly1cifgz,36,28,64,64,0
3r3z-assembly1cifgz,8hgw-assembly1cifgz,36,23,64,64,0
3r3z-assembly1cifgz,1j1i-assembly1cifgz,36,25,64,64,0
4b9a-assembly1cifgz,3kxp-assembly1cifgz,31,25,64,64,0
4b9a-assembly1cifgz,7c4d-assembly1cifgz,31,207,64,352,288
4b9a-assembly1cifgz,4ose-assembly1cifgz,31,39,64,64,0
4b9a-assembly1cifgz,4pw0-assembly1cifgz,31,31,64,64,0
4b9a-assembly1cifgz,3bf7-assembly2cifgz,31,198,64,352,288
4b9a-assembly1cifgz,5frd-assembly2cifgz,31,192,64,352,288
4b9a-assembly1cifgz,6eb3-assembly4cifgz,31,22,64,64,0
4b9a-assembly1cifgz,5egn-assembly4cifgz,31,21,64,64,0
4b9a-assembly1cifgz,2xua-assembly1cifgz,31,25,64,64,0
4b9a-assembly1cifgz,3v48-assembly1cifgz,31,17,64,64,0
4b9a-assembly1cifgz,4q3l-assembly1cifgz,31,25,64,64,0
4b9a-assembly1cifgz,3om8-assembly1cifgz,31,29,64,64,0
4b9a-assembly1cifgz,4opm-assembly1cifgz,31,47,64,64,0
4b9a-assembly1cifgz,8ckp-assembly1cifgz,31,50,64,64,0
4b9a-assembly1cifgz,4ns4-assembly1cifgz,31,42,64,64,0
4b9a-assembly1cifgz,4mys-assembly1cifgz,31,17,64,64,0
4b9a-assembly1cifgz,6ra2-assembly2cifgz,31,23,64,64,0
4b9a-assembly1cifgz,4mj3-assembly1cifgz,31,49,64,64,0
4b9a-assembly1cifgz,6y9g-assembly2cifgz,31,25,64,64,0
4b9a-assembly1cifgz,4wdr-assembly2cifgz,31,29,64,64,0
4b9a-assembly1cifgz,7pw1-assembly1cifgz,31,29,64,64,0
4b9a-assembly1cifgz,4brz-assembly1cifgz,31,28,64,64,0
4b9a-assembly1cifgz,7ots-assembly1cifgz,31,30,64,64,0
4b9a-assembly1cifgz,8ik2-assembly1cifgz,31,29,64,64,0
4b9a-assembly1cifgz,4uhd-assembly1cifgz,31,28,64,64,0
4b9a-assembly1cifgz,6jra-assembly1cifgz,31,26,64,64,0
4b9a-assembly1cifgz,4rpc-assembly2cifgz,31,13,64,64,0
4b9a-assembly1cifgz,5a62-assembly1cifgz,31,25,64,64,0
4b9a-assembly1cifgz,7dq9-assembly4cifgz,31,25,64,64,0
4b9a-assembly1cifgz,3wi7-assembly2cifgz,31,32,64,64,0
4b9a-assembly1cifgz,8b5o-assembly2cifgz,31,22,64,64,0
4b9a-assembly1cifgz,1a8q-assembly1cifgz,31,22,64,64,0
4b9a-assembly1cifgz,4rnc-assembly2cifgz,31,27,64,64,0
4b9a-assembly1cifgz,7yii-assembly1cifgz,31,26,64,64,0
4b9a-assembly1cifgz,1a8s-assembly1cifgz,31,22,64,64,0
4b9a-assembly1cifgz,1brt-assembly1cifgz,31,26,64,64,0
4b9a-assembly1cifgz,3fob-assembly1cifgz,31,25,64,64,0
4b9a-assembly1cifgz,4x00-assembly4cifgz,31,26,64,64,0
4b9a-assembly1cifgz,6t6y-assembly1cifgz,31,26,64,64,0
4b9a-assembly1cifgz,3e0x-assembly2cifgz,31,17,64,64,0
4b9a-assembly1cifgz,5z7w-assembly1cifgz,31,19,64,64,0
4b9a-assembly1cifgz,1m33-assembly1cifgz,31,14,64,64,0
4b9a-assembly1cifgz,4nmw-assembly1cifgz,31,14,64,64,0
4b9a-assembly1cifgz,6azd-assembly1cifgz,31,20,64,64,0
4b9a-assembly1cifgz,5z9g-assembly1cifgz,31,19,64,64,0
4b9a-assembly1cifgz,7k38-assembly1cifgz,31,20,64,64,0
4b9a-assembly1cifgz,5dnu-assembly1cifgz,31,18,64,64,0
4b9a-assembly1cifgz,5cbk-assembly1cifgz,31,20,64,64,0
4b9a-assembly1cifgz,5h3h-assembly1cifgz,31,24,64,64,0
4b9a-assembly1cifgz,5z7x-assembly1cifgz,31,21,64,64,0
4b9a-assembly1cifgz,6j2r-assembly1cifgz,31,19,64,64,0
4b9a-assembly1cifgz,7uoc-assembly1cifgz,31,18,64,64,0
4b9a-assembly1cifgz,5z89-assembly1cifgz,31,18,64,64,0
4b9a-assembly1cifgz,6uh8-assembly1cifgz,31,20,64,64,0
4b9a-assembly1cifgz,6xfo-assembly1cifgz,31,19,64,64,0
4b9a-assembly1cifgz,4ih4-assembly4cifgz,31,17,64,64,0
4b9a-assembly1cifgz,1wom-assembly2cifgz,31,22,64,64,0
4b9a-assembly1cifgz,7f5w-assembly2cifgz,31,22,64,64,0
4b9a-assembly1cifgz,3qvm-assembly1cifgz,31,26,64,64,0
4b9a-assembly1cifgz,6atx-assembly1cifgz,31,17,64,64,0
4b9a-assembly1cifgz,7ukb-assembly1cifgz,31,18,64,64,0
4b9a-assembly1cifgz,3e3a-assembly1cifgz,31,27,64,64,0
4b9a-assembly1cifgz,5ie4-assembly1cifgz,31,26,64,64,0
4b9a-assembly1cifgz,5xo7-assembly1cifgz,31,27,64,64,0
4b9a-assembly1cifgz,5xwz-assembly2cifgz,31,26,64,64,0
4b9a-assembly1cifgz,6l7m-assembly1cifgz,31,26,64,64,0
4b9a-assembly1cifgz,8jlv-assembly6cifgz,31,26,64,64,0
4b9a-assembly1cifgz,4myd-assembly3cifgz,31,16,64,64,0
4b9a-assembly1cifgz,4i3f-assembly1cifgz,31,27,64,64,0
4b9a-assembly1cifgz,6l4h-assembly1cifgz,31,228,64,352,288
4b9a-assembly1cifgz,2xmr-assembly3cifgz,31,28,64,66,2
4b9a-assembly1cifgz,6zmm-assembly1cifgz,31,25,64,66,2
4b9a-assembly1cifgz,1c4x-assembly1cifgz,31,29,64,64,0
4b9a-assembly1cifgz,2og1-assembly1cifgz,31,35,64,64,0
4b9a-assembly1cifgz,5jz9-assembly1cifgz,31,33,64,64,0
4b9a-assembly1cifgz,1iun-assembly1cifgz,31,27,64,64,0
4b9a-assembly1cifgz,1u2e-assembly2cifgz,31,35,64,64,0
4b9a-assembly1cifgz,2ock-assembly1cifgz,31,26,64,64,0
4b9a-assembly1cifgz,4lxh-assembly1cifgz,31,28,64,64,0
4b9a-assembly1cifgz,8hgw-assembly1cifgz,31,23,64,64,0
4b9a-assembly1cifgz,1j1i-assembly1cifgz,31,25,64,64,0
3kxp-assembly1cifgz,7c4d-assembly1cifgz,25,207,64,352,288
3kxp-assembly1cifgz,4ose-assembly1cifgz,25,39,64,64,0
3kxp-assembly1cifgz,4pw0-assembly1cifgz,25,31,64,64,0
3kxp-assembly1cifgz,3bf7-assembly2cifgz,25,198,64,352,288
3kxp-assembly1cifgz,5frd-assembly2cifgz,25,192,64,352,288
3kxp-assembly1cifgz,6eb3-assembly4cifgz,25,22,64,64,0
3kxp-assembly1cifgz,5egn-assembly4cifgz,25,21,64,64,0
3kxp-assembly1cifgz,2xua-assembly1cifgz,25,25,64,64,0
3kxp-assembly1cifgz,3v48-assembly1cifgz,25,17,64,64,0
3kxp-assembly1cifgz,4q3l-assembly1cifgz,25,25,64,64,0
3kxp-assembly1cifgz,3om8-assembly1cifgz,25,29,64,64,0
3kxp-assembly1cifgz,4opm-assembly1cifgz,25,47,64,64,0
3kxp-assembly1cifgz,8ckp-assembly1cifgz,25,50,64,64,0
3kxp-assembly1cifgz,4ns4-assembly1cifgz,25,42,64,64,0
3kxp-assembly1cifgz,4mys-assembly1cifgz,25,17,64,64,0
3kxp-assembly1cifgz,6ra2-assembly2cifgz,25,23,64,64,0
3kxp-assembly1cifgz,4mj3-assembly1cifgz,25,49,64,64,0
3kxp-assembly1cifgz,6y9g-assembly2cifgz,25,25,64,64,0
3kxp-assembly1cifgz,4wdr-assembly2cifgz,25,29,64,64,0
3kxp-assembly1cifgz,7pw1-assembly1cifgz,25,29,64,64,0
3kxp-assembly1cifgz,4brz-assembly1cifgz,25,28,64,64,0
3kxp-assembly1cifgz,7ots-assembly1cifgz,25,30,64,64,0
3kxp-assembly1cifgz,8ik2-assembly1cifgz,25,29,64,64,0
3kxp-assembly1cifgz,4uhd-assembly1cifgz,25,28,64,64,0
3kxp-assembly1cifgz,6jra-assembly1cifgz,25,26,64,64,0
3kxp-assembly1cifgz,4rpc-assembly2cifgz,25,13,64,64,0
3kxp-assembly1cifgz,5a62-assembly1cifgz,25,25,64,64,0
3kxp-assembly1cifgz,7dq9-assembly4cifgz,25,25,64,64,0
3kxp-assembly1cifgz,3wi7-assembly2cifgz,25,32,64,64,0
3kxp-assembly1cifgz,8b5o-assembly2cifgz,25,22,64,64,0
3kxp-assembly1cifgz,1a8q-assembly1cifgz,25,22,64,64,0
3kxp-assembly1cifgz,4rnc-assembly2cifgz,25,27,64,64,0
3kxp-assembly1cifgz,7yii-assembly1cifgz,25,26,64,64,0
3kxp-assembly1cifgz,1a8s-assembly1cifgz,25,22,64,64,0
3kxp-assembly1cifgz,1brt-assembly1cifgz,25,26,64,64,0
3kxp-assembly1cifgz,3fob-assembly1cifgz,25,25,64,64,0
3kxp-assembly1cifgz,4x00-assembly4cifgz,25,26,64,64,0
3kxp-assembly1cifgz,6t6y-assembly1cifgz,25,26,64,64,0
3kxp-assembly1cifgz,3e0x-assembly2cifgz,25,17,64,64,0
3kxp-assembly1cifgz,5z7w-assembly1cifgz,25,19,64,64,0
3kxp-assembly1cifgz,1m33-assembly1cifgz,25,14,64,64,0
3kxp-assembly1cifgz,4nmw-assembly1cifgz,25,14,64,64,0
3kxp-assembly1cifgz,6azd-assembly1cifgz,25,20,64,64,0
3kxp-assembly1cifgz,5z9g-assembly1cifgz,25,19,64,64,0
3kxp-assembly1cifgz,7k38-assembly1cifgz,25,20,64,64,0
3kxp-assembly1cifgz,5dnu-assembly1cifgz,25,18,64,64,0
3kxp-assembly1cifgz,5cbk-assembly1cifgz,25,20,64,64,0
3kxp-assembly1cifgz,5h3h-assembly1cifgz,25,24,64,64,0
3kxp-assembly1cifgz,5z7x-assembly1cifgz,25,21,64,64,0
3kxp-assembly1cifgz,6j2r-assembly1cifgz,25,19,64,64,0
3kxp-assembly1cifgz,7uoc-assembly1cifgz,25,18,64,64,0
3kxp-assembly1cifgz,5z89-assembly1cifgz,25,18,64,64,0
3kxp-assembly1cifgz,6uh8-assembly1cifgz,25,20,64,64,0
3kxp-assembly1cifgz,6xfo-assembly1cifgz,25,19,64,64,0
3kxp-assembly1cifgz,4ih4-assembly4cifgz,25,17,64,64,0
3kxp-assembly1cifgz,1wom-assembly2cifgz,25,22,64,64,0
3kxp-assembly1cifgz,7f5w-assembly2cifgz,25,22,64,64,0
3kxp-assembly1cifgz,3qvm-assembly1cifgz,25,26,64,64,0
3kxp-assembly1cifgz,6atx-assembly1cifgz,25,17,64,64,0
3kxp-assembly1cifgz,7ukb-assembly1cifgz,25,18,64,64,0
3kxp-assembly1cifgz,3e3a-assembly1cifgz,25,27,64,64,0
3kxp-assembly1cifgz,5ie4-assembly1cifgz,25,26,64,64,0
3kxp-assembly1cifgz,5xo7-assembly1cifgz,25,27,64,64,0
3kxp-assembly1cifgz,5xwz-assembly2cifgz,25,26,64,64,0
3kxp-assembly1cifgz,6l7m-assembly1cifgz,25,26,64,64,0
3kxp-assembly1cifgz,8jlv-assembly6cifgz,25,26,64,64,0
3kxp-assembly1cifgz,4myd-assembly3cifgz,25,16,64,64,0
3kxp-assembly1cifgz,4i3f-assembly1cifgz,25,27,64,64,0
3kxp-assembly1cifgz,6l4h-assembly1cifgz,25,228,64,352,288
3kxp-assembly1cifgz,2xmr-assembly3cifgz,25,28,64,66,2
3kxp-assembly1cifgz,6zmm-assembly1cifgz,25,25,64,66,2
3kxp-assembly1cifgz,1c4x-assembly1cifgz,25,29,64,64,0
3kxp-assembly1cifgz,2og1-assembly1cifgz,25,35,64,64,0
3kxp-assembly1cifgz,5jz9-assembly1cifgz,25,33,64,64,0
3kxp-assembly1cifgz,1iun-assembly1cifgz,25,27,64,64,0
3kxp-assembly1cifgz,1u2e-assembly2cifgz,25,35,64,64,0
3kxp-assembly1cifgz,2ock-assembly1cifgz,25,26,64,64,0
3kxp-assembly1cifgz,4lxh-assembly1cifgz,25,28,64,64,0
3kxp-assembly1cifgz,8hgw-assembly1cifgz,25,23,64,64,0
3kxp-assembly1cifgz,1j1i-assembly1cifgz,25,25,64,64,0
7c4d-assembly1cifgz,4ose-assembly1cifgz,207,39,352,64,288
7c4d-assembly1cifgz,4pw0-assembly1cifgz,207,31,352,64,288
7c4d-assembly1cifgz,3bf7-assembly2cifgz,207,198,352,352,0
7c4d-assembly1cifgz,5frd-assembly2cifgz,207,192,352,352,0
7c4d-assembly1cifgz,6eb3-assembly4cifgz,207,22,352,64,288
7c4d-assembly1cifgz,5egn-assembly4cifgz,207,21,352,64,288
7c4d-assembly1cifgz,2xua-assembly1cifgz,207,25,352,64,288
7c4d-assembly1cifgz,3v48-assembly1cifgz,207,17,352,64,288
7c4d-assembly1cifgz,4q3l-assembly1cifgz,207,25,352,64,288
7c4d-assembly1cifgz,3om8-assembly1cifgz,207,29,352,64,288
7c4d-assembly1cifgz,4opm-assembly1cifgz,207,47,352,64,288
7c4d-assembly1cifgz,8ckp-assembly1cifgz,207,50,352,64,288
7c4d-assembly1cifgz,4ns4-assembly1cifgz,207,42,352,64,288
7c4d-assembly1cifgz,4mys-assembly1cifgz,207,17,352,64,288
7c4d-assembly1cifgz,6ra2-assembly2cifgz,207,23,352,64,288
7c4d-assembly1cifgz,4mj3-assembly1cifgz,207,49,352,64,288
7c4d-assembly1cifgz,6y9g-assembly2cifgz,207,25,352,64,288
7c4d-assembly1cifgz,4wdr-assembly2cifgz,207,29,352,64,288
7c4d-assembly1cifgz,7pw1-assembly1cifgz,207,29,352,64,288
7c4d-assembly1cifgz,4brz-assembly1cifgz,207,28,352,64,288
7c4d-assembly1cifgz,7ots-assembly1cifgz,207,30,352,64,288
7c4d-assembly1cifgz,8ik2-assembly1cifgz,207,29,352,64,288
7c4d-assembly1cifgz,4uhd-assembly1cifgz,207,28,352,64,288
7c4d-assembly1cifgz,6jra-assembly1cifgz,207,26,352,64,288
7c4d-assembly1cifgz,4rpc-assembly2cifgz,207,13,352,64,288
7c4d-assembly1cifgz,5a62-assembly1cifgz,207,25,352,64,288
7c4d-assembly1cifgz,7dq9-assembly4cifgz,207,25,352,64,288
7c4d-assembly1cifgz,3wi7-assembly2cifgz,207,32,352,64,288
7c4d-assembly1cifgz,8b5o-assembly2cifgz,207,22,352,64,288
7c4d-assembly1cifgz,1a8q-assembly1cifgz,207,22,352,64,288
7c4d-assembly1cifgz,4rnc-assembly2cifgz,207,27,352,64,288
7c4d-assembly1cifgz,7yii-assembly1cifgz,207,26,352,64,288
7c4d-assembly1cifgz,1a8s-assembly1cifgz,207,22,352,64,288
7c4d-assembly1cifgz,1brt-assembly1cifgz,207,26,352,64,288
7c4d-assembly1cifgz,3fob-assembly1cifgz,207,25,352,64,288
7c4d-assembly1cifgz,4x00-assembly4cifgz,207,26,352,64,288
7c4d-assembly1cifgz,6t6y-assembly1cifgz,207,26,352,64,288
7c4d-assembly1cifgz,3e0x-assembly2cifgz,207,17,352,64,288
7c4d-assembly1cifgz,5z7w-assembly1cifgz,207,19,352,64,288
7c4d-assembly1cifgz,1m33-assembly1cifgz,207,14,352,64,288
7c4d-assembly1cifgz,4nmw-assembly1cifgz,207,14,352,64,288
7c4d-assembly1cifgz,6azd-assembly1cifgz,207,20,352,64,288
7c4d-assembly1cifgz,5z9g-assembly1cifgz,207,19,352,64,288
7c4d-assembly1cifgz,7k38-assembly1cifgz,207,20,352,64,288
7c4d-assembly1cifgz,5dnu-assembly1cifgz,207,18,352,64,288
7c4d-assembly1cifgz,5cbk-assembly1cifgz,207,20,352,64,288
7c4d-assembly1cifgz,5h3h-assembly1cifgz,207,24,352,64,288
7c4d-assembly1cifgz,5z7x-assembly1cifgz,207,21,352,64,288
7c4d-assembly1cifgz,6j2r-assembly1cifgz,207,19,352,64,288
7c4d-assembly1cifgz,7uoc-assembly1cifgz,207,18,352,64,288
7c4d-assembly1cifgz,5z89-assembly1cifgz,207,18,352,64,288
7c4d-assembly1cifgz,6uh8-assembly1cifgz,207,20,352,64,288
7c4d-assembly1cifgz,6xfo-assembly1cifgz,207,19,352,64,288
7c4d-assembly1cifgz,4ih4-assembly4cifgz,207,17,352,64,288
7c4d-assembly1cifgz,1wom-assembly2cifgz,207,22,352,64,288
7c4d-assembly1cifgz,7f5w-assembly2cifgz,207,22,352,64,288
7c4d-assembly1cifgz,3qvm-assembly1cifgz,207,26,352,64,288
7c4d-assembly1cifgz,6atx-assembly1cifgz,207,17,352,64,288
7c4d-assembly1cifgz,7ukb-assembly1cifgz,207,18,352,64,288
7c4d-assembly1cifgz,3e3a-assembly1cifgz,207,27,352,64,288
7c4d-assembly1cifgz,5ie4-assembly1cifgz,207,26,352,64,288
7c4d-assembly1cifgz,5xo7-assembly1cifgz,207,27,352,64,288
7c4d-assembly1cifgz,5xwz-assembly2cifgz,207,26,352,64,288
7c4d-assembly1cifgz,6l7m-assembly1cifgz,207,26,352,64,288
7c4d-assembly1cifgz,8jlv-assembly6cifgz,207,26,352,64,288
7c4d-assembly1cifgz,4myd-assembly3cifgz,207,16,352,64,288
7c4d-assembly1cifgz,4i3f-assembly1cifgz,207,27,352,64,288
7c4d-assembly1cifgz,6l4h-assembly1cifgz,207,228,352,352,0
7c4d-assembly1cifgz,2xmr-assembly3cifgz,207,28,352,66,286
7c4d-assembly1cifgz,6zmm-assembly1cifgz,207,25,352,66,286
7c4d-assembly1cifgz,1c4x-assembly1cifgz,207,29,352,64,288
7c4d-assembly1cifgz,2og1-assembly1cifgz,207,35,352,64,288
7c4d-assembly1cifgz,5jz9-assembly1cifgz,207,33,352,64,288
7c4d-assembly1cifgz,1iun-assembly1cifgz,207,27,352,64,288
7c4d-assembly1cifgz,1u2e-assembly2cifgz,207,35,352,64,288
7c4d-assembly1cifgz,2ock-assembly1cifgz,207,26,352,64,288
7c4d-assembly1cifgz,4lxh-assembly1cifgz,207,28,352,64,288
7c4d-assembly1cifgz,8hgw-assembly1cifgz,207,23,352,64,288
7c4d-assembly1cifgz,1j1i-assembly1cifgz,207,25,352,64,288
4ose-assembly1cifgz,4pw0-assembly1cifgz,39,31,64,64,0
4ose-assembly1cifgz,3bf7-assembly2cifgz,39,198,64,352,288
4ose-assembly1cifgz,5frd-assembly2cifgz,39,192,64,352,288
4ose-assembly1cifgz,6eb3-assembly4cifgz,39,22,64,64,0
4ose-assembly1cifgz,5egn-assembly4cifgz,39,21,64,64,0
4ose-assembly1cifgz,2xua-assembly1cifgz,39,25,64,64,0
4ose-assembly1cifgz,3v48-assembly1cifgz,39,17,64,64,0
4ose-assembly1cifgz,4q3l-assembly1cifgz,39,25,64,64,0
4ose-assembly1cifgz,3om8-assembly1cifgz,39,29,64,64,0
4ose-assembly1cifgz,4opm-assembly1cifgz,39,47,64,64,0
4ose-assembly1cifgz,8ckp-assembly1cifgz,39,50,64,64,0
4ose-assembly1cifgz,4ns4-assembly1cifgz,39,42,64,64,0
4ose-assembly1cifgz,4mys-assembly1cifgz,39,17,64,64,0
4ose-assembly1cifgz,6ra2-assembly2cifgz,39,23,64,64,0
4ose-assembly1cifgz,4mj3-assembly1cifgz,39,49,64,64,0
4ose-assembly1cifgz,6y9g-assembly2cifgz,39,25,64,64,0
4ose-assembly1cifgz,4wdr-assembly2cifgz,39,29,64,64,0
4ose-assembly1cifgz,7pw1-assembly1cifgz,39,29,64,64,0
4ose-assembly1cifgz,4brz-assembly1cifgz,39,28,64,64,0
4ose-assembly1cifgz,7ots-assembly1cifgz,39,30,64,64,0
4ose-assembly1cifgz,8ik2-assembly1cifgz,39,29,64,64,0
4ose-assembly1cifgz,4uhd-assembly1cifgz,39,28,64,64,0
4ose-assembly1cifgz,6jra-assembly1cifgz,39,26,64,64,0
4ose-assembly1cifgz,4rpc-assembly2cifgz,39,13,64,64,0
4ose-assembly1cifgz,5a62-assembly1cifgz,39,25,64,64,0
4ose-assembly1cifgz,7dq9-assembly4cifgz,39,25,64,64,0
4ose-assembly1cifgz,3wi7-assembly2cifgz,39,32,64,64,0
4ose-assembly1cifgz,8b5o-assembly2cifgz,39,22,64,64,0
4ose-assembly1cifgz,1a8q-assembly1cifgz,39,22,64,64,0
4ose-assembly1cifgz,4rnc-assembly2cifgz,39,27,64,64,0
4ose-assembly1cifgz,7yii-assembly1cifgz,39,26,64,64,0
4ose-assembly1cifgz,1a8s-assembly1cifgz,39,22,64,64,0
4ose-assembly1cifgz,1brt-assembly1cifgz,39,26,64,64,0
4ose-assembly1cifgz,3fob-assembly1cifgz,39,25,64,64,0
4ose-assembly1cifgz,4x00-assembly4cifgz,39,26,64,64,0
4ose-assembly1cifgz,6t6y-assembly1cifgz,39,26,64,64,0
4ose-assembly1cifgz,3e0x-assembly2cifgz,39,17,64,64,0
4ose-assembly1cifgz,5z7w-assembly1cifgz,39,19,64,64,0
4ose-assembly1cifgz,1m33-assembly1cifgz,39,14,64,64,0
4ose-assembly1cifgz,4nmw-assembly1cifgz,39,14,64,64,0
4ose-assembly1cifgz,6azd-assembly1cifgz,39,20,64,64,0
4ose-assembly1cifgz,5z9g-assembly1cifgz,39,19,64,64,0
4ose-assembly1cifgz,7k38-assembly1cifgz,39,20,64,64,0
4ose-assembly1cifgz,5dnu-assembly1cifgz,39,18,64,64,0
4ose-assembly1cifgz,5cbk-assembly1cifgz,39,20,64,64,0
4ose-assembly1cifgz,5h3h-assembly1cifgz,39,24,64,64,0
4ose-assembly1cifgz,5z7x-assembly1cifgz,39,21,64,64,0
4ose-assembly1cifgz,6j2r-assembly1cifgz,39,19,64,64,0
4ose-assembly1cifgz,7uoc-assembly1cifgz,39,18,64,64,0
4ose-assembly1cifgz,5z89-assembly1cifgz,39,18,64,64,0
4ose-assembly1cifgz,6uh8-assembly1cifgz,39,20,64,64,0
4ose-assembly1cifgz,6xfo-assembly1cifgz,39,19,64,64,0
4ose-assembly1cifgz,4ih4-assembly4cifgz,39,17,64,64,0
4ose-assembly1cifgz,1wom-assembly2cifgz,39,22,64,64,0
4ose-assembly1cifgz,7f5w-assembly2cifgz,39,22,64,64,0
4ose-assembly1cifgz,3qvm-assembly1cifgz,39,26,64,64,0
4ose-assembly1cifgz,6atx-assembly1cifgz,39,17,64,64,0
4ose-assembly1cifgz,7ukb-assembly1cifgz,39,18,64,64,0
4ose-assembly1cifgz,3e3a-assembly1cifgz,39,27,64,64,0
4ose-assembly1cifgz,5ie4-assembly1cifgz,39,26,64,64,0
4ose-assembly1cifgz,5xo7-assembly1cifgz,39,27,64,64,0
4ose-assembly1cifgz,5xwz-assembly2cifgz,39,26,64,64,0
4ose-assembly1cifgz,6l7m-assembly1cifgz,39,26,64,64,0
4ose-assembly1cifgz,8jlv-assembly6cifgz,39,26,64,64,0
4ose-assembly1cifgz,4myd-assembly3cifgz,39,16,64,64,0
4ose-assembly1cifgz,4i3f-assembly1cifgz,39,27,64,64,0
4ose-assembly1cifgz,6l4h-assembly1cifgz,39,228,64,352,288
4ose-assembly1cifgz,2xmr-assembly3cifgz,39,28,64,66,2
4ose-assembly1cifgz,6zmm-assembly1cifgz,39,25,64,66,2
4ose-assembly1cifgz,1c4x-assembly1cifgz,39,29,64,64,0
4ose-assembly1cifgz,2og1-assembly1cifgz,39,35,64,64,0
4ose-assembly1cifgz,5jz9-assembly1cifgz,39,33,64,64,0
4ose-assembly1cifgz,1iun-assembly1cifgz,39,27,64,64,0
4ose-assembly1cifgz,1u2e-assembly2cifgz,39,35,64,64,0
4ose-assembly1cifgz,2ock-assembly1cifgz,39,26,64,64,0
4ose-assembly1cifgz,4lxh-assembly1cifgz,39,28,64,64,0
4ose-assembly1cifgz,8hgw-assembly1cifgz,39,23,64,64,0
4ose-assembly1cifgz,1j1i-assembly1cifgz,39,25,64,64,0
4pw0-assembly1cifgz,3bf7-assembly2cifgz,31,198,64,352,288
4pw0-assembly1cifgz,5frd-assembly2cifgz,31,192,64,352,288
4pw0-assembly1cifgz,6eb3-assembly4cifgz,31,22,64,64,0
4pw0-assembly1cifgz,5egn-assembly4cifgz,31,21,64,64,0
4pw0-assembly1cifgz,2xua-assembly1cifgz,31,25,64,64,0
4pw0-assembly1cifgz,3v48-assembly1cifgz,31,17,64,64,0
4pw0-assembly1cifgz,4q3l-assembly1cifgz,31,25,64,64,0
4pw0-assembly1cifgz,3om8-assembly1cifgz,31,29,64,64,0
4pw0-assembly1cifgz,4opm-assembly1cifgz,31,47,64,64,0
4pw0-assembly1cifgz,8ckp-assembly1cifgz,31,50,64,64,0
4pw0-assembly1cifgz,4ns4-assembly1cifgz,31,42,64,64,0
4pw0-assembly1cifgz,4mys-assembly1cifgz,31,17,64,64,0
4pw0-assembly1cifgz,6ra2-assembly2cifgz,31,23,64,64,0
4pw0-assembly1cifgz,4mj3-assembly1cifgz,31,49,64,64,0
4pw0-assembly1cifgz,6y9g-assembly2cifgz,31,25,64,64,0
4pw0-assembly1cifgz,4wdr-assembly2cifgz,31,29,64,64,0
4pw0-assembly1cifgz,7pw1-assembly1cifgz,31,29,64,64,0
4pw0-assembly1cifgz,4brz-assembly1cifgz,31,28,64,64,0
4pw0-assembly1cifgz,7ots-assembly1cifgz,31,30,64,64,0
4pw0-assembly1cifgz,8ik2-assembly1cifgz,31,29,64,64,0
4pw0-assembly1cifgz,4uhd-assembly1cifgz,31,28,64,64,0
4pw0-assembly1cifgz,6jra-assembly1cifgz,31,26,64,64,0
4pw0-assembly1cifgz,4rpc-assembly2cifgz,31,13,64,64,0
4pw0-assembly1cifgz,5a62-assembly1cifgz,31,25,64,64,0
4pw0-assembly1cifgz,7dq9-assembly4cifgz,31,25,64,64,0
4pw0-assembly1cifgz,3wi7-assembly2cifgz,31,32,64,64,0
4pw0-assembly1cifgz,8b5o-assembly2cifgz,31,22,64,64,0
4pw0-assembly1cifgz,1a8q-assembly1cifgz,31,22,64,64,0
4pw0-assembly1cifgz,4rnc-assembly2cifgz,31,27,64,64,0
4pw0-assembly1cifgz,7yii-assembly1cifgz,31,26,64,64,0
4pw0-assembly1cifgz,1a8s-assembly1cifgz,31,22,64,64,0
4pw0-assembly1cifgz,1brt-assembly1cifgz,31,26,64,64,0
4pw0-assembly1cifgz,3fob-assembly1cifgz,31,25,64,64,0
4pw0-assembly1cifgz,4x00-assembly4cifgz,31,26,64,64,0
4pw0-assembly1cifgz,6t6y-assembly1cifgz,31,26,64,64,0
4pw0-assembly1cifgz,3e0x-assembly2cifgz,31,17,64,64,0
4pw0-assembly1cifgz,5z7w-assembly1cifgz,31,19,64,64,0
4pw0-assembly1cifgz,1m33-assembly1cifgz,31,14,64,64,0
4pw0-assembly1cifgz,4nmw-assembly1cifgz,31,14,64,64,0
4pw0-assembly1cifgz,6azd-assembly1cifgz,31,20,64,64,0
4pw0-assembly1cifgz,5z9g-assembly1cifgz,31,19,64,64,0
4pw0-assembly1cifgz,7k38-assembly1cifgz,31,20,64,64,0
4pw0-assembly1cifgz,5dnu-assembly1cifgz,31,18,64,64,0
4pw0-assembly1cifgz,5cbk-assembly1cifgz,31,20,64,64,0
4pw0-assembly1cifgz,5h3h-assembly1cifgz,31,24,64,64,0
4pw0-assembly1cifgz,5z7x-assembly1cifgz,31,21,64,64,0
4pw0-assembly1cifgz,6j2r-assembly1cifgz,31,19,64,64,0
4pw0-assembly1cifgz,7uoc-assembly1cifgz,31,18,64,64,0
4pw0-assembly1cifgz,5z89-assembly1cifgz,31,18,64,64,0
4pw0-assembly1cifgz,6uh8-assembly1cifgz,31,20,64,64,0
4pw0-assembly1cifgz,6xfo-assembly1cifgz,31,19,64,64,0
4pw0-assembly1cifgz,4ih4-assembly4cifgz,31,17,64,64,0
4pw0-assembly1cifgz,1wom-assembly2cifgz,31,22,64,64,0
4pw0-assembly1cifgz,7f5w-assembly2cifgz,31,22,64,64,0
4pw0-assembly1cifgz,3qvm-assembly1cifgz,31,26,64,64,0
4pw0-assembly1cifgz,6atx-assembly1cifgz,31,17,64,64,0
4pw0-assembly1cifgz,7ukb-assembly1cifgz,31,18,64,64,0
4pw0-assembly1cifgz,3e3a-assembly1cifgz,31,27,64,64,0
4pw0-assembly1cifgz,5ie4-assembly1cifgz,31,26,64,64,0
4pw0-assembly1cifgz,5xo7-assembly1cifgz,31,27,64,64,0
4pw0-assembly1cifgz,5xwz-assembly2cifgz,31,26,64,64,0
4pw0-assembly1cifgz,6l7m-assembly1cifgz,31,26,64,64,0
4pw0-assembly1cifgz,8jlv-assembly6cifgz,31,26,64,64,0
4pw0-assembly1cifgz,4myd-assembly3cifgz,31,16,64,64,0
4pw0-assembly1cifgz,4i3f-assembly1cifgz,31,27,64,64,0
4pw0-assembly1cifgz,6l4h-assembly1cifgz,31,228,64,352,288
4pw0-assembly1cifgz,2xmr-assembly3cifgz,31,28,64,66,2
4pw0-assembly1cifgz,6zmm-assembly1cifgz,31,25,64,66,2
4pw0-assembly1cifgz,1c4x-assembly1cifgz,31,29,64,64,0
4pw0-assembly1cifgz,2og1-assembly1cifgz,31,35,64,64,0
4pw0-assembly1cifgz,5jz9-assembly1cifgz,31,33,64,64,0
4pw0-assembly1cifgz,1iun-assembly1cifgz,31,27,64,64,0
4pw0-assembly1cifgz,1u2e-assembly2cifgz,31,35,64,64,0
4pw0-assembly1cifgz,2ock-assembly1cifgz,31,26,64,64,0
4pw0-assembly1cifgz,4lxh-assembly1cifgz,31,28,64,64,0
4pw0-assembly1cifgz,8hgw-assembly1cifgz,31,23,64,64,0
4pw0-assembly1cifgz,1j1i-assembly1cifgz,31,25,64,64,0
3bf7-assembly2cifgz,5frd-assembly2cifgz,198,192,352,352,0
3bf7-assembly2cifgz,6eb3-assembly4cifgz,198,22,352,64,288
3bf7-assembly2cifgz,5egn-assembly4cifgz,198,21,352,64,288
3bf7-assembly2cifgz,2xua-assembly1cifgz,198,25,352,64,288
3bf7-assembly2cifgz,3v48-assembly1cifgz,198,17,352,64,288
3bf7-assembly2cifgz,4q3l-assembly1cifgz,198,25,352,64,288
3bf7-assembly2cifgz,3om8-assembly1cifgz,198,29,352,64,288
3bf7-assembly2cifgz,4opm-assembly1cifgz,198,47,352,64,288
3bf7-assembly2cifgz,8ckp-assembly1cifgz,198,50,352,64,288
3bf7-assembly2cifgz,4ns4-assembly1cifgz,198,42,352,64,288
3bf7-assembly2cifgz,4mys-assembly1cifgz,198,17,352,64,288
3bf7-assembly2cifgz,6ra2-assembly2cifgz,198,23,352,64,288
3bf7-assembly2cifgz,4mj3-assembly1cifgz,198,49,352,64,288
3bf7-assembly2cifgz,6y9g-assembly2cifgz,198,25,352,64,288
3bf7-assembly2cifgz,4wdr-assembly2cifgz,198,29,352,64,288
3bf7-assembly2cifgz,7pw1-assembly1cifgz,198,29,352,64,288
3bf7-assembly2cifgz,4brz-assembly1cifgz,198,28,352,64,288
3bf7-assembly2cifgz,7ots-assembly1cifgz,198,30,352,64,288
3bf7-assembly2cifgz,8ik2-assembly1cifgz,198,29,352,64,288
3bf7-assembly2cifgz,4uhd-assembly1cifgz,198,28,352,64,288
3bf7-assembly2cifgz,6jra-assembly1cifgz,198,26,352,64,288
3bf7-assembly2cifgz,4rpc-assembly2cifgz,198,13,352,64,288
3bf7-assembly2cifgz,5a62-assembly1cifgz,198,25,352,64,288
3bf7-assembly2cifgz,7dq9-assembly4cifgz,198,25,352,64,288
3bf7-assembly2cifgz,3wi7-assembly2cifgz,198,32,352,64,288
3bf7-assembly2cifgz,8b5o-assembly2cifgz,198,22,352,64,288
3bf7-assembly2cifgz,1a8q-assembly1cifgz,198,22,352,64,288
3bf7-assembly2cifgz,4rnc-assembly2cifgz,198,27,352,64,288
3bf7-assembly2cifgz,7yii-assembly1cifgz,198,26,352,64,288
3bf7-assembly2cifgz,1a8s-assembly1cifgz,198,22,352,64,288
3bf7-assembly2cifgz,1brt-assembly1cifgz,198,26,352,64,288
3bf7-assembly2cifgz,3fob-assembly1cifgz,198,25,352,64,288
3bf7-assembly2cifgz,4x00-assembly4cifgz,198,26,352,64,288
3bf7-assembly2cifgz,6t6y-assembly1cifgz,198,26,352,64,288
3bf7-assembly2cifgz,3e0x-assembly2cifgz,198,17,352,64,288
3bf7-assembly2cifgz,5z7w-assembly1cifgz,198,19,352,64,288
3bf7-assembly2cifgz,1m33-assembly1cifgz,198,14,352,64,288
3bf7-assembly2cifgz,4nmw-assembly1cifgz,198,14,352,64,288
3bf7-assembly2cifgz,6azd-assembly1cifgz,198,20,352,64,288
3bf7-assembly2cifgz,5z9g-assembly1cifgz,198,19,352,64,288
3bf7-assembly2cifgz,7k38-assembly1cifgz,198,20,352,64,288
3bf7-assembly2cifgz,5dnu-assembly1cifgz,198,18,352,64,288
3bf7-assembly2cifgz,5cbk-assembly1cifgz,198,20,352,64,288
3bf7-assembly2cifgz,5h3h-assembly1cifgz,198,24,352,64,288
3bf7-assembly2cifgz,5z7x-assembly1cifgz,198,21,352,64,288
3bf7-assembly2cifgz,6j2r-assembly1cifgz,198,19,352,64,288
3bf7-assembly2cifgz,7uoc-assembly1cifgz,198,18,352,64,288
3bf7-assembly2cifgz,5z89-assembly1cifgz,198,18,352,64,288
3bf7-assembly2cifgz,6uh8-assembly1cifgz,198,20,352,64,288
3bf7-assembly2cifgz,6xfo-assembly1cifgz,198,19,352,64,288
3bf7-assembly2cifgz,4ih4-assembly4cifgz,198,17,352,64,288
3bf7-assembly2cifgz,1wom-assembly2cifgz,198,22,352,64,288
3bf7-assembly2cifgz,7f5w-assembly2cifgz,198,22,352,64,288
3bf7-assembly2cifgz,3qvm-assembly1cifgz,198,26,352,64,288
3bf7-assembly2cifgz,6atx-assembly1cifgz,198,17,352,64,288
3bf7-assembly2cifgz,7ukb-assembly1cifgz,198,18,352,64,288
3bf7-assembly2cifgz,3e3a-assembly1cifgz,198,27,352,64,288
3bf7-assembly2cifgz,5ie4-assembly1cifgz,198,26,352,64,288
3bf7-assembly2cifgz,5xo7-assembly1cifgz,198,27,352,64,288
3bf7-assembly2cifgz,5xwz-assembly2cifgz,198,26,352,64,288
3bf7-assembly2cifgz,6l7m-assembly1cifgz,198,26,352,64,288
3bf7-assembly2cifgz,8jlv-assembly6cifgz,198,26,352,64,288
3bf7-assembly2cifgz,4myd-assembly3cifgz,198,16,352,64,288
3bf7-assembly2cifgz,4i3f-assembly1cifgz,198,27,352,64,288
3bf7-assembly2cifgz,6l4h-assembly1cifgz,198,228,352,352,0
3bf7-assembly2cifgz,2xmr-assembly3cifgz,198,28,352,66,286
3bf7-assembly2cifgz,6zmm-assembly1cifgz,198,25,352,66,286
3bf7-assembly2cifgz,1c4x-assembly1cifgz,198,29,352,64,288
3bf7-assembly2cifgz,2og1-assembly1cifgz,198,35,352,64,288
3bf7-assembly2cifgz,5jz9-assembly1cifgz,198,33,352,64,288
3bf7-assembly2cifgz,1iun-assembly1cifgz,198,27,352,64,288
3bf7-assembly2cifgz,1u2e-assembly2cifgz,198,35,352,64,288
3bf7-assembly2cifgz,2ock-assembly1cifgz,198,26,352,64,288
3bf7-assembly2cifgz,4lxh-assembly1cifgz,198,28,352,64,288
3bf7-assembly2cifgz,8hgw-assembly1cifgz,198,23,352,64,288
3bf7-assembly2cifgz,1j1i-assembly1cifgz,198,25,352,64,288
5frd-assembly2cifgz,6eb3-assembly4cifgz,192,22,352,64,288
5frd-assembly2cifgz,5egn-assembly4cifgz,192,21,352,64,288
5frd-assembly2cifgz,2xua-assembly1cifgz,192,25,352,64,288
5frd-assembly2cifgz,3v48-assembly1cifgz,192,17,352,64,288
5frd-assembly2cifgz,4q3l-assembly1cifgz,192,25,352,64,288
5frd-assembly2cifgz,3om8-assembly1cifgz,192,29,352,64,288
5frd-assembly2cifgz,4opm-assembly1cifgz,192,47,352,64,288
5frd-assembly2cifgz,8ckp-assembly1cifgz,192,50,352,64,288
5frd-assembly2cifgz,4ns4-assembly1cifgz,192,42,352,64,288
5frd-assembly2cifgz,4mys-assembly1cifgz,192,17,352,64,288
5frd-assembly2cifgz,6ra2-assembly2cifgz,192,23,352,64,288
5frd-assembly2cifgz,4mj3-assembly1cifgz,192,49,352,64,288
5frd-assembly2cifgz,6y9g-assembly2cifgz,192,25,352,64,288
5frd-assembly2cifgz,4wdr-assembly2cifgz,192,29,352,64,288
5frd-assembly2cifgz,7pw1-assembly1cifgz,192,29,352,64,288
5frd-assembly2cifgz,4brz-assembly1cifgz,192,28,352,64,288
5frd-assembly2cifgz,7ots-assembly1cifgz,192,30,352,64,288
5frd-assembly2cifgz,8ik2-assembly1cifgz,192,29,352,64,288
5frd-assembly2cifgz,4uhd-assembly1cifgz,192,28,352,64,288
5frd-assembly2cifgz,6jra-assembly1cifgz,192,26,352,64,288
5frd-assembly2cifgz,4rpc-assembly2cifgz,192,13,352,64,288
5frd-assembly2cifgz,5a62-assembly1cifgz,192,25,352,64,288
5frd-assembly2cifgz,7dq9-assembly4cifgz,192,25,352,64,288
5frd-assembly2cifgz,3wi7-assembly2cifgz,192,32,352,64,288
5frd-assembly2cifgz,8b5o-assembly2cifgz,192,22,352,64,288
5frd-assembly2cifgz,1a8q-assembly1cifgz,192,22,352,64,288
5frd-assembly2cifgz,4rnc-assembly2cifgz,192,27,352,64,288
5frd-assembly2cifgz,7yii-assembly1cifgz,192,26,352,64,288
5frd-assembly2cifgz,1a8s-assembly1cifgz,192,22,352,64,288
5frd-assembly2cifgz,1brt-assembly1cifgz,192,26,352,64,288
5frd-assembly2cifgz,3fob-assembly1cifgz,192,25,352,64,288
5frd-assembly2cifgz,4x00-assembly4cifgz,192,26,352,64,288
5frd-assembly2cifgz,6t6y-assembly1cifgz,192,26,352,64,288
5frd-assembly2cifgz,3e0x-assembly2cifgz,192,17,352,64,288
5frd-assembly2cifgz,5z7w-assembly1cifgz,192,19,352,64,288
5frd-assembly2cifgz,1m33-assembly1cifgz,192,14,352,64,288
5frd-assembly2cifgz,4nmw-assembly1cifgz,192,14,352,64,288
5frd-assembly2cifgz,6azd-assembly1cifgz,192,20,352,64,288
5frd-assembly2cifgz,5z9g-assembly1cifgz,192,19,352,64,288
5frd-assembly2cifgz,7k38-assembly1cifgz,192,20,352,64,288
5frd-assembly2cifgz,5dnu-assembly1cifgz,192,18,352,64,288
5frd-assembly2cifgz,5cbk-assembly1cifgz,192,20,352,64,288
5frd-assembly2cifgz,5h3h-assembly1cifgz,192,24,352,64,288
5frd-assembly2cifgz,5z7x-assembly1cifgz,192,21,352,64,288
5frd-assembly2cifgz,6j2r-assembly1cifgz,192,19,352,64,288
5frd-assembly2cifgz,7uoc-assembly1cifgz,192,18,352,64,288
5frd-assembly2cifgz,5z89-assembly1cifgz,192,18,352,64,288
5frd-assembly2cifgz,6uh8-assembly1cifgz,192,20,352,64,288
5frd-assembly2cifgz,6xfo-assembly1cifgz,192,19,352,64,288
5frd-assembly2cifgz,4ih4-assembly4cifgz,192,17,352,64,288
5frd-assembly2cifgz,1wom-assembly2cifgz,192,22,352,64,288
5frd-assembly2cifgz,7f5w-assembly2cifgz,192,22,352,64,288
5frd-assembly2cifgz,3qvm-assembly1cifgz,192,26,352,64,288
5frd-assembly2cifgz,6atx-assembly1cifgz,192,17,352,64,288
5frd-assembly2cifgz,7ukb-assembly1cifgz,192,18,352,64,288
5frd-assembly2cifgz,3e3a-assembly1cifgz,192,27,352,64,288
5frd-assembly2cifgz,5ie4-assembly1cifgz,192,26,352,64,288
5frd-assembly2cifgz,5xo7-assembly1cifgz,192,27,352,64,288
5frd-assembly2cifgz,5xwz-assembly2cifgz,192,26,352,64,288
5frd-assembly2cifgz,6l7m-assembly1cifgz,192,26,352,64,288
5frd-assembly2cifgz,8jlv-assembly6cifgz,192,26,352,64,288
5frd-assembly2cifgz,4myd-assembly3cifgz,192,16,352,64,288
5frd-assembly2cifgz,4i3f-assembly1cifgz,192,27,352,64,288
5frd-assembly2cifgz,6l4h-assembly1cifgz,192,228,352,352,0
5frd-assembly2cifgz,2xmr-assembly3cifgz,192,28,352,66,286
5frd-assembly2cifgz,6zmm-assembly1cifgz,192,25,352,66,286
5frd-assembly2cifgz,1c4x-assembly1cifgz,192,29,352,64,288
5frd-assembly2cifgz,2og1-assembly1cifgz,192,35,352,64,288
5frd-assembly2cifgz,5jz9-assembly1cifgz,192,33,352,64,288
5frd-assembly2cifgz,1iun-assembly1cifgz,192,27,352,64,288
5frd-assembly2cifgz,1u2e-assembly2cifgz,192,35,352,64,288
5frd-assembly2cifgz,2ock-assembly1cifgz,192,26,352,64,288
5frd-assembly2cifgz,4lxh-assembly1cifgz,192,28,352,64,288
5frd-assembly2cifgz,8hgw-assembly1cifgz,192,23,352,64,288
5frd-assembly2cifgz,1j1i-assembly1cifgz,192,25,352,64,288
6eb3-assembly4cifgz,5egn-assembly4cifgz,22,21,64,64,0
6eb3-assembly4cifgz,2xua-assembly1cifgz,22,25,64,64,0
6eb3-assembly4cifgz,3v48-assembly1cifgz,22,17,64,64,0
6eb3-assembly4cifgz,4q3l-assembly1cifgz,22,25,64,64,0
6eb3-assembly4cifgz,3om8-assembly1cifgz,22,29,64,64,0
6eb3-assembly4cifgz,4opm-assembly1cifgz,22,47,64,64,0
6eb3-assembly4cifgz,8ckp-assembly1cifgz,22,50,64,64,0
6eb3-assembly4cifgz,4ns4-assembly1cifgz,22,42,64,64,0
6eb3-assembly4cifgz,4mys-assembly1cifgz,22,17,64,64,0
6eb3-assembly4cifgz,6ra2-assembly2cifgz,22,23,64,64,0
6eb3-assembly4cifgz,4mj3-assembly1cifgz,22,49,64,64,0
6eb3-assembly4cifgz,6y9g-assembly2cifgz,22,25,64,64,0
6eb3-assembly4cifgz,4wdr-assembly2cifgz,22,29,64,64,0
6eb3-assembly4cifgz,7pw1-assembly1cifgz,22,29,64,64,0
6eb3-assembly4cifgz,4brz-assembly1cifgz,22,28,64,64,0
6eb3-assembly4cifgz,7ots-assembly1cifgz,22,30,64,64,0
6eb3-assembly4cifgz,8ik2-assembly1cifgz,22,29,64,64,0
6eb3-assembly4cifgz,4uhd-assembly1cifgz,22,28,64,64,0
6eb3-assembly4cifgz,6jra-assembly1cifgz,22,26,64,64,0
6eb3-assembly4cifgz,4rpc-assembly2cifgz,22,13,64,64,0
6eb3-assembly4cifgz,5a62-assembly1cifgz,22,25,64,64,0
6eb3-assembly4cifgz,7dq9-assembly4cifgz,22,25,64,64,0
6eb3-assembly4cifgz,3wi7-assembly2cifgz,22,32,64,64,0
6eb3-assembly4cifgz,8b5o-assembly2cifgz,22,22,64,64,0
6eb3-assembly4cifgz,1a8q-assembly1cifgz,22,22,64,64,0
6eb3-assembly4cifgz,4rnc-assembly2cifgz,22,27,64,64,0
6eb3-assembly4cifgz,7yii-assembly1cifgz,22,26,64,64,0
6eb3-assembly4cifgz,1a8s-assembly1cifgz,22,22,64,64,0
6eb3-assembly4cifgz,1brt-assembly1cifgz,22,26,64,64,0
6eb3-assembly4cifgz,3fob-assembly1cifgz,22,25,64,64,0
6eb3-assembly4cifgz,4x00-assembly4cifgz,22,26,64,64,0
6eb3-assembly4cifgz,6t6y-assembly1cifgz,22,26,64,64,0
6eb3-assembly4cifgz,3e0x-assembly2cifgz,22,17,64,64,0
6eb3-assembly4cifgz,5z7w-assembly1cifgz,22,19,64,64,0
6eb3-assembly4cifgz,1m33-assembly1cifgz,22,14,64,64,0
6eb3-assembly4cifgz,4nmw-assembly1cifgz,22,14,64,64,0
6eb3-assembly4cifgz,6azd-assembly1cifgz,22,20,64,64,0
6eb3-assembly4cifgz,5z9g-assembly1cifgz,22,19,64,64,0
6eb3-assembly4cifgz,7k38-assembly1cifgz,22,20,64,64,0
6eb3-assembly4cifgz,5dnu-assembly1cifgz,22,18,64,64,0
6eb3-assembly4cifgz,5cbk-assembly1cifgz,22,20,64,64,0
6eb3-assembly4cifgz,5h3h-assembly1cifgz,22,24,64,64,0
6eb3-assembly4cifgz,5z7x-assembly1cifgz,22,21,64,64,0
6eb3-assembly4cifgz,6j2r-assembly1cifgz,22,19,64,64,0
6eb3-assembly4cifgz,7uoc-assembly1cifgz,22,18,64,64,0
6eb3-assembly4cifgz,5z89-assembly1cifgz,22,18,64,64,0
6eb3-assembly4cifgz,6uh8-assembly1cifgz,22,20,64,64,0
6eb3-assembly4cifgz,6xfo-assembly1cifgz,22,19,64,64,0
6eb3-assembly4cifgz,4ih4-assembly4cifgz,22,17,64,64,0
6eb3-assembly4cifgz,1wom-assembly2cifgz,22,22,64,64,0
6eb3-assembly4cifgz,7f5w-assembly2cifgz,22,22,64,64,0
6eb3-assembly4cifgz,3qvm-assembly1cifgz,22,26,64,64,0
6eb3-assembly4cifgz,6atx-assembly1cifgz,22,17,64,64,0
6eb3-assembly4cifgz,7ukb-assembly1cifgz,22,18,64,64,0
6eb3-assembly4cifgz,3e3a-assembly1cifgz,22,27,64,64,0
6eb3-assembly4cifgz,5ie4-assembly1cifgz,22,26,64,64,0
6eb3-assembly4cifgz,5xo7-assembly1cifgz,22,27,64,64,0
6eb3-assembly4cifgz,5xwz-assembly2cifgz,22,26,64,64,0
6eb3-assembly4cifgz,6l7m-assembly1cifgz,22,26,64,64,0
6eb3-assembly4cifgz,8jlv-assembly6cifgz,22,26,64,64,0
6eb3-assembly4cifgz,4myd-assembly3cifgz,22,16,64,64,0
6eb3-assembly4cifgz,4i3f-assembly1cifgz,22,27,64,64,0
6eb3-assembly4cifgz,6l4h-assembly1cifgz,22,228,64,352,288
6eb3-assembly4cifgz,2xmr-assembly3cifgz,22,28,64,66,2
6eb3-assembly4cifgz,6zmm-assembly1cifgz,22,25,64,66,2
6eb3-assembly4cifgz,1c4x-assembly1cifgz,22,29,64,64,0
6eb3-assembly4cifgz,2og1-assembly1cifgz,22,35,64,64,0
6eb3-assembly4cifgz,5jz9-assembly1cifgz,22,33,64,64,0
6eb3-assembly4cifgz,1iun-assembly1cifgz,22,27,64,64,0
6eb3-assembly4cifgz,1u2e-assembly2cifgz,22,35,64,64,0
6eb3-assembly4cifgz,2ock-assembly1cifgz,22,26,64,64,0
6eb3-assembly4cifgz,4lxh-assembly1cifgz,22,28,64,64,0
6eb3-assembly4cifgz,8hgw-assembly1cifgz,22,23,64,64,0
6eb3-assembly4cifgz,1j1i-assembly1cifgz,22,25,64,64,0
5egn-assembly4cifgz,2xua-assembly1cifgz,21,25,64,64,0
5egn-assembly4cifgz,3v48-assembly1cifgz,21,17,64,64,0
5egn-assembly4cifgz,4q3l-assembly1cifgz,21,25,64,64,0
5egn-assembly4cifgz,3om8-assembly1cifgz,21,29,64,64,0
5egn-assembly4cifgz,4opm-assembly1cifgz,21,47,64,64,0
5egn-assembly4cifgz,8ckp-assembly1cifgz,21,50,64,64,0
5egn-assembly4cifgz,4ns4-assembly1cifgz,21,42,64,64,0
5egn-assembly4cifgz,4mys-assembly1cifgz,21,17,64,64,0
5egn-assembly4cifgz,6ra2-assembly2cifgz,21,23,64,64,0
5egn-assembly4cifgz,4mj3-assembly1cifgz,21,49,64,64,0
5egn-assembly4cifgz,6y9g-assembly2cifgz,21,25,64,64,0
5egn-assembly4cifgz,4wdr-assembly2cifgz,21,29,64,64,0
5egn-assembly4cifgz,7pw1-assembly1cifgz,21,29,64,64,0
5egn-assembly4cifgz,4brz-assembly1cifgz,21,28,64,64,0
5egn-assembly4cifgz,7ots-assembly1cifgz,21,30,64,64,0
5egn-assembly4cifgz,8ik2-assembly1cifgz,21,29,64,64,0
5egn-assembly4cifgz,4uhd-assembly1cifgz,21,28,64,64,0
5egn-assembly4cifgz,6jra-assembly1cifgz,21,26,64,64,0
5egn-assembly4cifgz,4rpc-assembly2cifgz,21,13,64,64,0
5egn-assembly4cifgz,5a62-assembly1cifgz,21,25,64,64,0
5egn-assembly4cifgz,7dq9-assembly4cifgz,21,25,64,64,0
5egn-assembly4cifgz,3wi7-assembly2cifgz,21,32,64,64,0
5egn-assembly4cifgz,8b5o-assembly2cifgz,21,22,64,64,0
5egn-assembly4cifgz,1a8q-assembly1cifgz,21,22,64,64,0
5egn-assembly4cifgz,4rnc-assembly2cifgz,21,27,64,64,0
5egn-assembly4cifgz,7yii-assembly1cifgz,21,26,64,64,0
5egn-assembly4cifgz,1a8s-assembly1cifgz,21,22,64,64,0
5egn-assembly4cifgz,1brt-assembly1cifgz,21,26,64,64,0
5egn-assembly4cifgz,3fob-assembly1cifgz,21,25,64,64,0
5egn-assembly4cifgz,4x00-assembly4cifgz,21,26,64,64,0
5egn-assembly4cifgz,6t6y-assembly1cifgz,21,26,64,64,0
5egn-assembly4cifgz,3e0x-assembly2cifgz,21,17,64,64,0
5egn-assembly4cifgz,5z7w-assembly1cifgz,21,19,64,64,0
5egn-assembly4cifgz,1m33-assembly1cifgz,21,14,64,64,0
5egn-assembly4cifgz,4nmw-assembly1cifgz,21,14,64,64,0
5egn-assembly4cifgz,6azd-assembly1cifgz,21,20,64,64,0
5egn-assembly4cifgz,5z9g-assembly1cifgz,21,19,64,64,0
5egn-assembly4cifgz,7k38-assembly1cifgz,21,20,64,64,0
5egn-assembly4cifgz,5dnu-assembly1cifgz,21,18,64,64,0
5egn-assembly4cifgz,5cbk-assembly1cifgz,21,20,64,64,0
5egn-assembly4cifgz,5h3h-assembly1cifgz,21,24,64,64,0
5egn-assembly4cifgz,5z7x-assembly1cifgz,21,21,64,64,0
5egn-assembly4cifgz,6j2r-assembly1cifgz,21,19,64,64,0
5egn-assembly4cifgz,7uoc-assembly1cifgz,21,18,64,64,0
5egn-assembly4cifgz,5z89-assembly1cifgz,21,18,64,64,0
5egn-assembly4cifgz,6uh8-assembly1cifgz,21,20,64,64,0
5egn-assembly4cifgz,6xfo-assembly1cifgz,21,19,64,64,0
5egn-assembly4cifgz,4ih4-assembly4cifgz,21,17,64,64,0
5egn-assembly4cifgz,1wom-assembly2cifgz,21,22,64,64,0
5egn-assembly4cifgz,7f5w-assembly2cifgz,21,22,64,64,0
5egn-assembly4cifgz,3qvm-assembly1cifgz,21,26,64,64,0
5egn-assembly4cifgz,6atx-assembly1cifgz,21,17,64,64,0
5egn-assembly4cifgz,7ukb-assembly1cifgz,21,18,64,64,0
5egn-assembly4cifgz,3e3a-assembly1cifgz,21,27,64,64,0
5egn-assembly4cifgz,5ie4-assembly1cifgz,21,26,64,64,0
5egn-assembly4cifgz,5xo7-assembly1cifgz,21,27,64,64,0
5egn-assembly4cifgz,5xwz-assembly2cifgz,21,26,64,64,0
5egn-assembly4cifgz,6l7m-assembly1cifgz,21,26,64,64,0
5egn-assembly4cifgz,8jlv-assembly6cifgz,21,26,64,64,0
5egn-assembly4cifgz,4myd-assembly3cifgz,21,16,64,64,0
5egn-assembly4cifgz,4i3f-assembly1cifgz,21,27,64,64,0
5egn-assembly4cifgz,6l4h-assembly1cifgz,21,228,64,352,288
5egn-assembly4cifgz,2xmr-assembly3cifgz,21,28,64,66,2
5egn-assembly4cifgz,6zmm-assembly1cifgz,21,25,64,66,2
5egn-assembly4cifgz,1c4x-assembly1cifgz,21,29,64,64,0
5egn-assembly4cifgz,2og1-assembly1cifgz,21,35,64,64,0
5egn-assembly4cifgz,5jz9-assembly1cifgz,21,33,64,64,0
5egn-assembly4cifgz,1iun-assembly1cifgz,21,27,64,64,0
5egn-assembly4cifgz,1u2e-assembly2cifgz,21,35,64,64,0
5egn-assembly4cifgz,2ock-assembly1cifgz,21,26,64,64,0
5egn-assembly4cifgz,4lxh-assembly1cifgz,21,28,64,64,0
5egn-assembly4cifgz,8hgw-assembly1cifgz,21,23,64,64,0
5egn-assembly4cifgz,1j1i-assembly1cifgz,21,25,64,64,0
2xua-assembly1cifgz,3v48-assembly1cifgz,25,17,64,64,0
2xua-assembly1cifgz,4q3l-assembly1cifgz,25,25,64,64,0
2xua-assembly1cifgz,3om8-assembly1cifgz,25,29,64,64,0
2xua-assembly1cifgz,4opm-assembly1cifgz,25,47,64,64,0
2xua-assembly1cifgz,8ckp-assembly1cifgz,25,50,64,64,0
2xua-assembly1cifgz,4ns4-assembly1cifgz,25,42,64,64,0
2xua-assembly1cifgz,4mys-assembly1cifgz,25,17,64,64,0
2xua-assembly1cifgz,6ra2-assembly2cifgz,25,23,64,64,0
2xua-assembly1cifgz,4mj3-assembly1cifgz,25,49,64,64,0
2xua-assembly1cifgz,6y9g-assembly2cifgz,25,25,64,64,0
2xua-assembly1cifgz,4wdr-assembly2cifgz,25,29,64,64,0
2xua-assembly1cifgz,7pw1-assembly1cifgz,25,29,64,64,0
2xua-assembly1cifgz,4brz-assembly1cifgz,25,28,64,64,0
2xua-assembly1cifgz,7ots-assembly1cifgz,25,30,64,64,0
2xua-assembly1cifgz,8ik2-assembly1cifgz,25,29,64,64,0
2xua-assembly1cifgz,4uhd-assembly1cifgz,25,28,64,64,0
2xua-assembly1cifgz,6jra-assembly1cifgz,25,26,64,64,0
2xua-assembly1cifgz,4rpc-assembly2cifgz,25,13,64,64,0
2xua-assembly1cifgz,5a62-assembly1cifgz,25,25,64,64,0
2xua-assembly1cifgz,7dq9-assembly4cifgz,25,25,64,64,0
2xua-assembly1cifgz,3wi7-assembly2cifgz,25,32,64,64,0
2xua-assembly1cifgz,8b5o-assembly2cifgz,25,22,64,64,0
2xua-assembly1cifgz,1a8q-assembly1cifgz,25,22,64,64,0
2xua-assembly1cifgz,4rnc-assembly2cifgz,25,27,64,64,0
2xua-assembly1cifgz,7yii-assembly1cifgz,25,26,64,64,0
2xua-assembly1cifgz,1a8s-assembly1cifgz,25,22,64,64,0
2xua-assembly1cifgz,1brt-assembly1cifgz,25,26,64,64,0
2xua-assembly1cifgz,3fob-assembly1cifgz,25,25,64,64,0
2xua-assembly1cifgz,4x00-assembly4cifgz,25,26,64,64,0
2xua-assembly1cifgz,6t6y-assembly1cifgz,25,26,64,64,0
2xua-assembly1cifgz,3e0x-assembly2cifgz,25,17,64,64,0
2xua-assembly1cifgz,5z7w-assembly1cifgz,25,19,64,64,0
2xua-assembly1cifgz,1m33-assembly1cifgz,25,14,64,64,0
2xua-assembly1cifgz,4nmw-assembly1cifgz,25,14,64,64,0
2xua-assembly1cifgz,6azd-assembly1cifgz,25,20,64,64,0
2xua-assembly1cifgz,5z9g-assembly1cifgz,25,19,64,64,0
2xua-assembly1cifgz,7k38-assembly1cifgz,25,20,64,64,0
2xua-assembly1cifgz,5dnu-assembly1cifgz,25,18,64,64,0
2xua-assembly1cifgz,5cbk-assembly1cifgz,25,20,64,64,0
2xua-assembly1cifgz,5h3h-assembly1cifgz,25,24,64,64,0
2xua-assembly1cifgz,5z7x-assembly1cifgz,25,21,64,64,0
2xua-assembly1cifgz,6j2r-assembly1cifgz,25,19,64,64,0
2xua-assembly1cifgz,7uoc-assembly1cifgz,25,18,64,64,0
2xua-assembly1cifgz,5z89-assembly1cifgz,25,18,64,64,0
2xua-assembly1cifgz,6uh8-assembly1cifgz,25,20,64,64,0
2xua-assembly1cifgz,6xfo-assembly1cifgz,25,19,64,64,0
2xua-assembly1cifgz,4ih4-assembly4cifgz,25,17,64,64,0
2xua-assembly1cifgz,1wom-assembly2cifgz,25,22,64,64,0
2xua-assembly1cifgz,7f5w-assembly2cifgz,25,22,64,64,0
2xua-assembly1cifgz,3qvm-assembly1cifgz,25,26,64,64,0
2xua-assembly1cifgz,6atx-assembly1cifgz,25,17,64,64,0
2xua-assembly1cifgz,7ukb-assembly1cifgz,25,18,64,64,0
2xua-assembly1cifgz,3e3a-assembly1cifgz,25,27,64,64,0
2xua-assembly1cifgz,5ie4-assembly1cifgz,25,26,64,64,0
2xua-assembly1cifgz,5xo7-assembly1cifgz,25,27,64,64,0
2xua-assembly1cifgz,5xwz-assembly2cifgz,25,26,64,64,0
2xua-assembly1cifgz,6l7m-assembly1cifgz,25,26,64,64,0
2xua-assembly1cifgz,8jlv-assembly6cifgz,25,26,64,64,0
2xua-assembly1cifgz,4myd-assembly3cifgz,25,16,64,64,0
2xua-assembly1cifgz,4i3f-assembly1cifgz,25,27,64,64,0
2xua-assembly1cifgz,6l4h-assembly1cifgz,25,228,64,352,288
2xua-assembly1cifgz,2xmr-assembly3cifgz,25,28,64,66,2
2xua-assembly1cifgz,6zmm-assembly1cifgz,25,25,64,66,2
2xua-assembly1cifgz,1c4x-assembly1cifgz,25,29,64,64,0
2xua-assembly1cifgz,2og1-assembly1cifgz,25,35,64,64,0
2xua-assembly1cifgz,5jz9-assembly1cifgz,25,33,64,64,0
2xua-assembly1cifgz,1iun-assembly1cifgz,25,27,64,64,0
2xua-assembly1cifgz,1u2e-assembly2cifgz,25,35,64,64,0
2xua-assembly1cifgz,2ock-assembly1cifgz,25,26,64,64,0
2xua-assembly1cifgz,4lxh-assembly1cifgz,25,28,64,64,0
2xua-assembly1cifgz,8hgw-assembly1cifgz,25,23,64,64,0
2xua-assembly1cifgz,1j1i-assembly1cifgz,25,25,64,64,0
3v48-assembly1cifgz,4q3l-assembly1cifgz,17,25,64,64,0
3v48-assembly1cifgz,3om8-assembly1cifgz,17,29,64,64,0
3v48-assembly1cifgz,4opm-assembly1cifgz,17,47,64,64,0
3v48-assembly1cifgz,8ckp-assembly1cifgz,17,50,64,64,0
3v48-assembly1cifgz,4ns4-assembly1cifgz,17,42,64,64,0
3v48-assembly1cifgz,4mys-assembly1cifgz,17,17,64,64,0
3v48-assembly1cifgz,6ra2-assembly2cifgz,17,23,64,64,0
3v48-assembly1cifgz,4mj3-assembly1cifgz,17,49,64,64,0
3v48-assembly1cifgz,6y9g-assembly2cifgz,17,25,64,64,0
3v48-assembly1cifgz,4wdr-assembly2cifgz,17,29,64,64,0
3v48-assembly1cifgz,7pw1-assembly1cifgz,17,29,64,64,0
3v48-assembly1cifgz,4brz-assembly1cifgz,17,28,64,64,0
3v48-assembly1cifgz,7ots-assembly1cifgz,17,30,64,64,0
3v48-assembly1cifgz,8ik2-assembly1cifgz,17,29,64,64,0
3v48-assembly1cifgz,4uhd-assembly1cifgz,17,28,64,64,0
3v48-assembly1cifgz,6jra-assembly1cifgz,17,26,64,64,0
3v48-assembly1cifgz,4rpc-assembly2cifgz,17,13,64,64,0
3v48-assembly1cifgz,5a62-assembly1cifgz,17,25,64,64,0
3v48-assembly1cifgz,7dq9-assembly4cifgz,17,25,64,64,0
3v48-assembly1cifgz,3wi7-assembly2cifgz,17,32,64,64,0
3v48-assembly1cifgz,8b5o-assembly2cifgz,17,22,64,64,0
3v48-assembly1cifgz,1a8q-assembly1cifgz,17,22,64,64,0
3v48-assembly1cifgz,4rnc-assembly2cifgz,17,27,64,64,0
3v48-assembly1cifgz,7yii-assembly1cifgz,17,26,64,64,0
3v48-assembly1cifgz,1a8s-assembly1cifgz,17,22,64,64,0
3v48-assembly1cifgz,1brt-assembly1cifgz,17,26,64,64,0
3v48-assembly1cifgz,3fob-assembly1cifgz,17,25,64,64,0
3v48-assembly1cifgz,4x00-assembly4cifgz,17,26,64,64,0
3v48-assembly1cifgz,6t6y-assembly1cifgz,17,26,64,64,0
3v48-assembly1cifgz,3e0x-assembly2cifgz,17,17,64,64,0
3v48-assembly1cifgz,5z7w-assembly1cifgz,17,19,64,64,0
3v48-assembly1cifgz,1m33-assembly1cifgz,17,14,64,64,0
3v48-assembly1cifgz,4nmw-assembly1cifgz,17,14,64,64,0
3v48-assembly1cifgz,6azd-assembly1cifgz,17,20,64,64,0
3v48-assembly1cifgz,5z9g-assembly1cifgz,17,19,64,64,0
3v48-assembly1cifgz,7k38-assembly1cifgz,17,20,64,64,0
3v48-assembly1cifgz,5dnu-assembly1cifgz,17,18,64,64,0
3v48-assembly1cifgz,5cbk-assembly1cifgz,17,20,64,64,0
3v48-assembly1cifgz,5h3h-assembly1cifgz,17,24,64,64,0
3v48-assembly1cifgz,5z7x-assembly1cifgz,17,21,64,64,0
3v48-assembly1cifgz,6j2r-assembly1cifgz,17,19,64,64,0
3v48-assembly1cifgz,7uoc-assembly1cifgz,17,18,64,64,0
3v48-assembly1cifgz,5z89-assembly1cifgz,17,18,64,64,0
3v48-assembly1cifgz,6uh8-assembly1cifgz,17,20,64,64,0
3v48-assembly1cifgz,6xfo-assembly1cifgz,17,19,64,64,0
3v48-assembly1cifgz,4ih4-assembly4cifgz,17,17,64,64,0
3v48-assembly1cifgz,1wom-assembly2cifgz,17,22,64,64,0
3v48-assembly1cifgz,7f5w-assembly2cifgz,17,22,64,64,0
3v48-assembly1cifgz,3qvm-assembly1cifgz,17,26,64,64,0
3v48-assembly1cifgz,6atx-assembly1cifgz,17,17,64,64,0
3v48-assembly1cifgz,7ukb-assembly1cifgz,17,18,64,64,0
3v48-assembly1cifgz,3e3a-assembly1cifgz,17,27,64,64,0
3v48-assembly1cifgz,5ie4-assembly1cifgz,17,26,64,64,0
3v48-assembly1cifgz,5xo7-assembly1cifgz,17,27,64,64,0
3v48-assembly1cifgz,5xwz-assembly2cifgz,17,26,64,64,0
3v48-assembly1cifgz,6l7m-assembly1cifgz,17,26,64,64,0
3v48-assembly1cifgz,8jlv-assembly6cifgz,17,26,64,64,0
3v48-assembly1cifgz,4myd-assembly3cifgz,17,16,64,64,0
3v48-assembly1cifgz,4i3f-assembly1cifgz,17,27,64,64,0
3v48-assembly1cifgz,6l4h-assembly1cifgz,17,228,64,352,288
3v48-assembly1cifgz,2xmr-assembly3cifgz,17,28,64,66,2
3v48-assembly1cifgz,6zmm-assembly1cifgz,17,25,64,66,2
3v48-assembly1cifgz,1c4x-assembly1cifgz,17,29,64,64,0
3v48-assembly1cifgz,2og1-assembly1cifgz,17,35,64,64,0
3v48-assembly1cifgz,5jz9-assembly1cifgz,17,33,64,64,0
3v48-assembly1cifgz,1iun-assembly1cifgz,17,27,64,64,0
3v48-assembly1cifgz,1u2e-assembly2cifgz,17,35,64,64,0
3v48-assembly1cifgz,2ock-assembly1cifgz,17,26,64,64,0
3v48-assembly1cifgz,4lxh-assembly1cifgz,17,28,64,64,0
3v48-assembly1cifgz,8hgw-assembly1cifgz,17,23,64,64,0
3v48-assembly1cifgz,1j1i-assembly1cifgz,17,25,64,64,0
4q3l-assembly1cifgz,3om8-assembly1cifgz,25,29,64,64,0
4q3l-assembly1cifgz,4opm-assembly1cifgz,25,47,64,64,0
4q3l-assembly1cifgz,8ckp-assembly1cifgz,25,50,64,64,0
4q3l-assembly1cifgz,4ns4-assembly1cifgz,25,42,64,64,0
4q3l-assembly1cifgz,4mys-assembly1cifgz,25,17,64,64,0
4q3l-assembly1cifgz,6ra2-assembly2cifgz,25,23,64,64,0
4q3l-assembly1cifgz,4mj3-assembly1cifgz,25,49,64,64,0
4q3l-assembly1cifgz,6y9g-assembly2cifgz,25,25,64,64,0
4q3l-assembly1cifgz,4wdr-assembly2cifgz,25,29,64,64,0
4q3l-assembly1cifgz,7pw1-assembly1cifgz,25,29,64,64,0
4q3l-assembly1cifgz,4brz-assembly1cifgz,25,28,64,64,0
4q3l-assembly1cifgz,7ots-assembly1cifgz,25,30,64,64,0
4q3l-assembly1cifgz,8ik2-assembly1cifgz,25,29,64,64,0
4q3l-assembly1cifgz,4uhd-assembly1cifgz,25,28,64,64,0
4q3l-assembly1cifgz,6jra-assembly1cifgz,25,26,64,64,0
4q3l-assembly1cifgz,4rpc-assembly2cifgz,25,13,64,64,0
4q3l-assembly1cifgz,5a62-assembly1cifgz,25,25,64,64,0
4q3l-assembly1cifgz,7dq9-assembly4cifgz,25,25,64,64,0
4q3l-assembly1cifgz,3wi7-assembly2cifgz,25,32,64,64,0
4q3l-assembly1cifgz,8b5o-assembly2cifgz,25,22,64,64,0
4q3l-assembly1cifgz,1a8q-assembly1cifgz,25,22,64,64,0
4q3l-assembly1cifgz,4rnc-assembly2cifgz,25,27,64,64,0
4q3l-assembly1cifgz,7yii-assembly1cifgz,25,26,64,64,0
4q3l-assembly1cifgz,1a8s-assembly1cifgz,25,22,64,64,0
4q3l-assembly1cifgz,1brt-assembly1cifgz,25,26,64,64,0
4q3l-assembly1cifgz,3fob-assembly1cifgz,25,25,64,64,0
4q3l-assembly1cifgz,4x00-assembly4cifgz,25,26,64,64,0
4q3l-assembly1cifgz,6t6y-assembly1cifgz,25,26,64,64,0
4q3l-assembly1cifgz,3e0x-assembly2cifgz,25,17,64,64,0
4q3l-assembly1cifgz,5z7w-assembly1cifgz,25,19,64,64,0
4q3l-assembly1cifgz,1m33-assembly1cifgz,25,14,64,64,0
4q3l-assembly1cifgz,4nmw-assembly1cifgz,25,14,64,64,0
4q3l-assembly1cifgz,6azd-assembly1cifgz,25,20,64,64,0
4q3l-assembly1cifgz,5z9g-assembly1cifgz,25,19,64,64,0
4q3l-assembly1cifgz,7k38-assembly1cifgz,25,20,64,64,0
4q3l-assembly1cifgz,5dnu-assembly1cifgz,25,18,64,64,0
4q3l-assembly1cifgz,5cbk-assembly1cifgz,25,20,64,64,0
4q3l-assembly1cifgz,5h3h-assembly1cifgz,25,24,64,64,0
4q3l-assembly1cifgz,5z7x-assembly1cifgz,25,21,64,64,0
4q3l-assembly1cifgz,6j2r-assembly1cifgz,25,19,64,64,0
4q3l-assembly1cifgz,7uoc-assembly1cifgz,25,18,64,64,0
4q3l-assembly1cifgz,5z89-assembly1cifgz,25,18,64,64,0
4q3l-assembly1cifgz,6uh8-assembly1cifgz,25,20,64,64,0
4q3l-assembly1cifgz,6xfo-assembly1cifgz,25,19,64,64,0
4q3l-assembly1cifgz,4ih4-assembly4cifgz,25,17,64,64,0
4q3l-assembly1cifgz,1wom-assembly2cifgz,25,22,64,64,0
4q3l-assembly1cifgz,7f5w-assembly2cifgz,25,22,64,64,0
4q3l-assembly1cifgz,3qvm-assembly1cifgz,25,26,64,64,0
4q3l-assembly1cifgz,6atx-assembly1cifgz,25,17,64,64,0
4q3l-assembly1cifgz,7ukb-assembly1cifgz,25,18,64,64,0
4q3l-assembly1cifgz,3e3a-assembly1cifgz,25,27,64,64,0
4q3l-assembly1cifgz,5ie4-assembly1cifgz,25,26,64,64,0
4q3l-assembly1cifgz,5xo7-assembly1cifgz,25,27,64,64,0
4q3l-assembly1cifgz,5xwz-assembly2cifgz,25,26,64,64,0
4q3l-assembly1cifgz,6l7m-assembly1cifgz,25,26,64,64,0
4q3l-assembly1cifgz,8jlv-assembly6cifgz,25,26,64,64,0
4q3l-assembly1cifgz,4myd-assembly3cifgz,25,16,64,64,0
4q3l-assembly1cifgz,4i3f-assembly1cifgz,25,27,64,64,0
4q3l-assembly1cifgz,6l4h-assembly1cifgz,25,228,64,352,288
4q3l-assembly1cifgz,2xmr-assembly3cifgz,25,28,64,66,2
4q3l-assembly1cifgz,6zmm-assembly1cifgz,25,25,64,66,2
4q3l-assembly1cifgz,1c4x-assembly1cifgz,25,29,64,64,0
4q3l-assembly1cifgz,2og1-assembly1cifgz,25,35,64,64,0
4q3l-assembly1cifgz,5jz9-assembly1cifgz,25,33,64,64,0
4q3l-assembly1cifgz,1iun-assembly1cifgz,25,27,64,64,0
4q3l-assembly1cifgz,1u2e-assembly2cifgz,25,35,64,64,0
4q3l-assembly1cifgz,2ock-assembly1cifgz,25,26,64,64,0
4q3l-assembly1cifgz,4lxh-assembly1cifgz,25,28,64,64,0
4q3l-assembly1cifgz,8hgw-assembly1cifgz,25,23,64,64,0
4q3l-assembly1cifgz,1j1i-assembly1cifgz,25,25,64,64,0
3om8-assembly1cifgz,4opm-assembly1cifgz,29,47,64,64,0
3om8-assembly1cifgz,8ckp-assembly1cifgz,29,50,64,64,0
3om8-assembly1cifgz,4ns4-assembly1cifgz,29,42,64,64,0
3om8-assembly1cifgz,4mys-assembly1cifgz,29,17,64,64,0
3om8-assembly1cifgz,6ra2-assembly2cifgz,29,23,64,64,0
3om8-assembly1cifgz,4mj3-assembly1cifgz,29,49,64,64,0
3om8-assembly1cifgz,6y9g-assembly2cifgz,29,25,64,64,0
3om8-assembly1cifgz,4wdr-assembly2cifgz,29,29,64,64,0
3om8-assembly1cifgz,7pw1-assembly1cifgz,29,29,64,64,0
3om8-assembly1cifgz,4brz-assembly1cifgz,29,28,64,64,0
3om8-assembly1cifgz,7ots-assembly1cifgz,29,30,64,64,0
3om8-assembly1cifgz,8ik2-assembly1cifgz,29,29,64,64,0
3om8-assembly1cifgz,4uhd-assembly1cifgz,29,28,64,64,0
3om8-assembly1cifgz,6jra-assembly1cifgz,29,26,64,64,0
3om8-assembly1cifgz,4rpc-assembly2cifgz,29,13,64,64,0
3om8-assembly1cifgz,5a62-assembly1cifgz,29,25,64,64,0
3om8-assembly1cifgz,7dq9-assembly4cifgz,29,25,64,64,0
3om8-assembly1cifgz,3wi7-assembly2cifgz,29,32,64,64,0
3om8-assembly1cifgz,8b5o-assembly2cifgz,29,22,64,64,0
3om8-assembly1cifgz,1a8q-assembly1cifgz,29,22,64,64,0
3om8-assembly1cifgz,4rnc-assembly2cifgz,29,27,64,64,0
3om8-assembly1cifgz,7yii-assembly1cifgz,29,26,64,64,0
3om8-assembly1cifgz,1a8s-assembly1cifgz,29,22,64,64,0
3om8-assembly1cifgz,1brt-assembly1cifgz,29,26,64,64,0
3om8-assembly1cifgz,3fob-assembly1cifgz,29,25,64,64,0
3om8-assembly1cifgz,4x00-assembly4cifgz,29,26,64,64,0
3om8-assembly1cifgz,6t6y-assembly1cifgz,29,26,64,64,0
3om8-assembly1cifgz,3e0x-assembly2cifgz,29,17,64,64,0
3om8-assembly1cifgz,5z7w-assembly1cifgz,29,19,64,64,0
3om8-assembly1cifgz,1m33-assembly1cifgz,29,14,64,64,0
3om8-assembly1cifgz,4nmw-assembly1cifgz,29,14,64,64,0
3om8-assembly1cifgz,6azd-assembly1cifgz,29,20,64,64,0
3om8-assembly1cifgz,5z9g-assembly1cifgz,29,19,64,64,0
3om8-assembly1cifgz,7k38-assembly1cifgz,29,20,64,64,0
3om8-assembly1cifgz,5dnu-assembly1cifgz,29,18,64,64,0
3om8-assembly1cifgz,5cbk-assembly1cifgz,29,20,64,64,0
3om8-assembly1cifgz,5h3h-assembly1cifgz,29,24,64,64,0
3om8-assembly1cifgz,5z7x-assembly1cifgz,29,21,64,64,0
3om8-assembly1cifgz,6j2r-assembly1cifgz,29,19,64,64,0
3om8-assembly1cifgz,7uoc-assembly1cifgz,29,18,64,64,0
3om8-assembly1cifgz,5z89-assembly1cifgz,29,18,64,64,0
3om8-assembly1cifgz,6uh8-assembly1cifgz,29,20,64,64,0
3om8-assembly1cifgz,6xfo-assembly1cifgz,29,19,64,64,0
3om8-assembly1cifgz,4ih4-assembly4cifgz,29,17,64,64,0
3om8-assembly1cifgz,1wom-assembly2cifgz,29,22,64,64,0
3om8-assembly1cifgz,7f5w-assembly2cifgz,29,22,64,64,0
3om8-assembly1cifgz,3qvm-assembly1cifgz,29,26,64,64,0
3om8-assembly1cifgz,6atx-assembly1cifgz,29,17,64,64,0
3om8-assembly1cifgz,7ukb-assembly1cifgz,29,18,64,64,0
3om8-assembly1cifgz,3e3a-assembly1cifgz,29,27,64,64,0
3om8-assembly1cifgz,5ie4-assembly1cifgz,29,26,64,64,0
3om8-assembly1cifgz,5xo7-assembly1cifgz,29,27,64,64,0
3om8-assembly1cifgz,5xwz-assembly2cifgz,29,26,64,64,0
3om8-assembly1cifgz,6l7m-assembly1cifgz,29,26,64,64,0
3om8-assembly1cifgz,8jlv-assembly6cifgz,29,26,64,64,0
3om8-assembly1cifgz,4myd-assembly3cifgz,29,16,64,64,0
3om8-assembly1cifgz,4i3f-assembly1cifgz,29,27,64,64,0
3om8-assembly1cifgz,6l4h-assembly1cifgz,29,228,64,352,288
3om8-assembly1cifgz,2xmr-assembly3cifgz,29,28,64,66,2
3om8-assembly1cifgz,6zmm-assembly1cifgz,29,25,64,66,2
3om8-assembly1cifgz,1c4x-assembly1cifgz,29,29,64,64,0
3om8-assembly1cifgz,2og1-assembly1cifgz,29,35,64,64,0
3om8-assembly1cifgz,5jz9-assembly1cifgz,29,33,64,64,0
3om8-assembly1cifgz,1iun-assembly1cifgz,29,27,64,64,0
3om8-assembly1cifgz,1u2e-assembly2cifgz,29,35,64,64,0
3om8-assembly1cifgz,2ock-assembly1cifgz,29,26,64,64,0
3om8-assembly1cifgz,4lxh-assembly1cifgz,29,28,64,64,0
3om8-assembly1cifgz,8hgw-assembly1cifgz,29,23,64,64,0
3om8-assembly1cifgz,1j1i-assembly1cifgz,29,25,64,64,0
4opm-assembly1cifgz,8ckp-assembly1cifgz,47,50,64,64,0
4opm-assembly1cifgz,4ns4-assembly1cifgz,47,42,64,64,0
4opm-assembly1cifgz,4mys-assembly1cifgz,47,17,64,64,0
4opm-assembly1cifgz,6ra2-assembly2cifgz,47,23,64,64,0
4opm-assembly1cifgz,4mj3-assembly1cifgz,47,49,64,64,0
4opm-assembly1cifgz,6y9g-assembly2cifgz,47,25,64,64,0
4opm-assembly1cifgz,4wdr-assembly2cifgz,47,29,64,64,0
4opm-assembly1cifgz,7pw1-assembly1cifgz,47,29,64,64,0
4opm-assembly1cifgz,4brz-assembly1cifgz,47,28,64,64,0
4opm-assembly1cifgz,7ots-assembly1cifgz,47,30,64,64,0
4opm-assembly1cifgz,8ik2-assembly1cifgz,47,29,64,64,0
4opm-assembly1cifgz,4uhd-assembly1cifgz,47,28,64,64,0
4opm-assembly1cifgz,6jra-assembly1cifgz,47,26,64,64,0
4opm-assembly1cifgz,4rpc-assembly2cifgz,47,13,64,64,0
4opm-assembly1cifgz,5a62-assembly1cifgz,47,25,64,64,0
4opm-assembly1cifgz,7dq9-assembly4cifgz,47,25,64,64,0
4opm-assembly1cifgz,3wi7-assembly2cifgz,47,32,64,64,0
4opm-assembly1cifgz,8b5o-assembly2cifgz,47,22,64,64,0
4opm-assembly1cifgz,1a8q-assembly1cifgz,47,22,64,64,0
4opm-assembly1cifgz,4rnc-assembly2cifgz,47,27,64,64,0
4opm-assembly1cifgz,7yii-assembly1cifgz,47,26,64,64,0
4opm-assembly1cifgz,1a8s-assembly1cifgz,47,22,64,64,0
4opm-assembly1cifgz,1brt-assembly1cifgz,47,26,64,64,0
4opm-assembly1cifgz,3fob-assembly1cifgz,47,25,64,64,0
4opm-assembly1cifgz,4x00-assembly4cifgz,47,26,64,64,0
4opm-assembly1cifgz,6t6y-assembly1cifgz,47,26,64,64,0
4opm-assembly1cifgz,3e0x-assembly2cifgz,47,17,64,64,0
4opm-assembly1cifgz,5z7w-assembly1cifgz,47,19,64,64,0
4opm-assembly1cifgz,1m33-assembly1cifgz,47,14,64,64,0
4opm-assembly1cifgz,4nmw-assembly1cifgz,47,14,64,64,0
4opm-assembly1cifgz,6azd-assembly1cifgz,47,20,64,64,0
4opm-assembly1cifgz,5z9g-assembly1cifgz,47,19,64,64,0
4opm-assembly1cifgz,7k38-assembly1cifgz,47,20,64,64,0
4opm-assembly1cifgz,5dnu-assembly1cifgz,47,18,64,64,0
4opm-assembly1cifgz,5cbk-assembly1cifgz,47,20,64,64,0
4opm-assembly1cifgz,5h3h-assembly1cifgz,47,24,64,64,0
4opm-assembly1cifgz,5z7x-assembly1cifgz,47,21,64,64,0
4opm-assembly1cifgz,6j2r-assembly1cifgz,47,19,64,64,0
4opm-assembly1cifgz,7uoc-assembly1cifgz,47,18,64,64,0
4opm-assembly1cifgz,5z89-assembly1cifgz,47,18,64,64,0
4opm-assembly1cifgz,6uh8-assembly1cifgz,47,20,64,64,0
4opm-assembly1cifgz,6xfo-assembly1cifgz,47,19,64,64,0
4opm-assembly1cifgz,4ih4-assembly4cifgz,47,17,64,64,0
4opm-assembly1cifgz,1wom-assembly2cifgz,47,22,64,64,0
4opm-assembly1cifgz,7f5w-assembly2cifgz,47,22,64,64,0
4opm-assembly1cifgz,3qvm-assembly1cifgz,47,26,64,64,0
4opm-assembly1cifgz,6atx-assembly1cifgz,47,17,64,64,0
4opm-assembly1cifgz,7ukb-assembly1cifgz,47,18,64,64,0
4opm-assembly1cifgz,3e3a-assembly1cifgz,47,27,64,64,0
4opm-assembly1cifgz,5ie4-assembly1cifgz,47,26,64,64,0
4opm-assembly1cifgz,5xo7-assembly1cifgz,47,27,64,64,0
4opm-assembly1cifgz,5xwz-assembly2cifgz,47,26,64,64,0
4opm-assembly1cifgz,6l7m-assembly1cifgz,47,26,64,64,0
4opm-assembly1cifgz,8jlv-assembly6cifgz,47,26,64,64,0
4opm-assembly1cifgz,4myd-assembly3cifgz,47,16,64,64,0
4opm-assembly1cifgz,4i3f-assembly1cifgz,47,27,64,64,0
4opm-assembly1cifgz,6l4h-assembly1cifgz,47,228,64,352,288
4opm-assembly1cifgz,2xmr-assembly3cifgz,47,28,64,66,2
4opm-assembly1cifgz,6zmm-assembly1cifgz,47,25,64,66,2
4opm-assembly1cifgz,1c4x-assembly1cifgz,47,29,64,64,0
4opm-assembly1cifgz,2og1-assembly1cifgz,47,35,64,64,0
4opm-assembly1cifgz,5jz9-assembly1cifgz,47,33,64,64,0
4opm-assembly1cifgz,1iun-assembly1cifgz,47,27,64,64,0
4opm-assembly1cifgz,1u2e-assembly2cifgz,47,35,64,64,0
4opm-assembly1cifgz,2ock-assembly1cifgz,47,26,64,64,0
4opm-assembly1cifgz,4lxh-assembly1cifgz,47,28,64,64,0
4opm-assembly1cifgz,8hgw-assembly1cifgz,47,23,64,64,0
4opm-assembly1cifgz,1j1i-assembly1cifgz,47,25,64,64,0
8ckp-assembly1cifgz,4ns4-assembly1cifgz,50,42,64,64,0
8ckp-assembly1cifgz,4mys-assembly1cifgz,50,17,64,64,0
8ckp-assembly1cifgz,6ra2-assembly2cifgz,50,23,64,64,0
8ckp-assembly1cifgz,4mj3-assembly1cifgz,50,49,64,64,0
8ckp-assembly1cifgz,6y9g-assembly2cifgz,50,25,64,64,0
8ckp-assembly1cifgz,4wdr-assembly2cifgz,50,29,64,64,0
8ckp-assembly1cifgz,7pw1-assembly1cifgz,50,29,64,64,0
8ckp-assembly1cifgz,4brz-assembly1cifgz,50,28,64,64,0
8ckp-assembly1cifgz,7ots-assembly1cifgz,50,30,64,64,0
8ckp-assembly1cifgz,8ik2-assembly1cifgz,50,29,64,64,0
8ckp-assembly1cifgz,4uhd-assembly1cifgz,50,28,64,64,0
8ckp-assembly1cifgz,6jra-assembly1cifgz,50,26,64,64,0
8ckp-assembly1cifgz,4rpc-assembly2cifgz,50,13,64,64,0
8ckp-assembly1cifgz,5a62-assembly1cifgz,50,25,64,64,0
8ckp-assembly1cifgz,7dq9-assembly4cifgz,50,25,64,64,0
8ckp-assembly1cifgz,3wi7-assembly2cifgz,50,32,64,64,0
8ckp-assembly1cifgz,8b5o-assembly2cifgz,50,22,64,64,0
8ckp-assembly1cifgz,1a8q-assembly1cifgz,50,22,64,64,0
8ckp-assembly1cifgz,4rnc-assembly2cifgz,50,27,64,64,0
8ckp-assembly1cifgz,7yii-assembly1cifgz,50,26,64,64,0
8ckp-assembly1cifgz,1a8s-assembly1cifgz,50,22,64,64,0
8ckp-assembly1cifgz,1brt-assembly1cifgz,50,26,64,64,0
8ckp-assembly1cifgz,3fob-assembly1cifgz,50,25,64,64,0
8ckp-assembly1cifgz,4x00-assembly4cifgz,50,26,64,64,0
8ckp-assembly1cifgz,6t6y-assembly1cifgz,50,26,64,64,0
8ckp-assembly1cifgz,3e0x-assembly2cifgz,50,17,64,64,0
8ckp-assembly1cifgz,5z7w-assembly1cifgz,50,19,64,64,0
8ckp-assembly1cifgz,1m33-assembly1cifgz,50,14,64,64,0
8ckp-assembly1cifgz,4nmw-assembly1cifgz,50,14,64,64,0
8ckp-assembly1cifgz,6azd-assembly1cifgz,50,20,64,64,0
8ckp-assembly1cifgz,5z9g-assembly1cifgz,50,19,64,64,0
8ckp-assembly1cifgz,7k38-assembly1cifgz,50,20,64,64,0
8ckp-assembly1cifgz,5dnu-assembly1cifgz,50,18,64,64,0
8ckp-assembly1cifgz,5cbk-assembly1cifgz,50,20,64,64,0
8ckp-assembly1cifgz,5h3h-assembly1cifgz,50,24,64,64,0
8ckp-assembly1cifgz,5z7x-assembly1cifgz,50,21,64,64,0
8ckp-assembly1cifgz,6j2r-assembly1cifgz,50,19,64,64,0
8ckp-assembly1cifgz,7uoc-assembly1cifgz,50,18,64,64,0
8ckp-assembly1cifgz,5z89-assembly1cifgz,50,18,64,64,0
8ckp-assembly1cifgz,6uh8-assembly1cifgz,50,20,64,64,0
8ckp-assembly1cifgz,6xfo-assembly1cifgz,50,19,64,64,0
8ckp-assembly1cifgz,4ih4-assembly4cifgz,50,17,64,64,0
8ckp-assembly1cifgz,1wom-assembly2cifgz,50,22,64,64,0
8ckp-assembly1cifgz,7f5w-assembly2cifgz,50,22,64,64,0
8ckp-assembly1cifgz,3qvm-assembly1cifgz,50,26,64,64,0
8ckp-assembly1cifgz,6atx-assembly1cifgz,50,17,64,64,0
8ckp-assembly1cifgz,7ukb-assembly1cifgz,50,18,64,64,0
8ckp-assembly1cifgz,3e3a-assembly1cifgz,50,27,64,64,0
8ckp-assembly1cifgz,5ie4-assembly1cifgz,50,26,64,64,0
8ckp-assembly1cifgz,5xo7-assembly1cifgz,50,27,64,64,0
8ckp-assembly1cifgz,5xwz-assembly2cifgz,50,26,64,64,0
8ckp-assembly1cifgz,6l7m-assembly1cifgz,50,26,64,64,0
8ckp-assembly1cifgz,8jlv-assembly6cifgz,50,26,64,64,0
8ckp-assembly1cifgz,4myd-assembly3cifgz,50,16,64,64,0
8ckp-assembly1cifgz,4i3f-assembly1cifgz,50,27,64,64,0
8ckp-assembly1cifgz,6l4h-assembly1cifgz,50,228,64,352,288
8ckp-assembly1cifgz,2xmr-assembly3cifgz,50,28,64,66,2
8ckp-assembly1cifgz,6zmm-assembly1cifgz,50,25,64,66,2
8ckp-assembly1cifgz,1c4x-assembly1cifgz,50,29,64,64,0
8ckp-assembly1cifgz,2og1-assembly1cifgz,50,35,64,64,0
8ckp-assembly1cifgz,5jz9-assembly1cifgz,50,33,64,64,0
8ckp-assembly1cifgz,1iun-assembly1cifgz,50,27,64,64,0
8ckp-assembly1cifgz,1u2e-assembly2cifgz,50,35,64,64,0
8ckp-assembly1cifgz,2ock-assembly1cifgz,50,26,64,64,0
8ckp-assembly1cifgz,4lxh-assembly1cifgz,50,28,64,64,0
8ckp-assembly1cifgz,8hgw-assembly1cifgz,50,23,64,64,0
8ckp-assembly1cifgz,1j1i-assembly1cifgz,50,25,64,64,0
4ns4-assembly1cifgz,4mys-assembly1cifgz,42,17,64,64,0
4ns4-assembly1cifgz,6ra2-assembly2cifgz,42,23,64,64,0
4ns4-assembly1cifgz,4mj3-assembly1cifgz,42,49,64,64,0
4ns4-assembly1cifgz,6y9g-assembly2cifgz,42,25,64,64,0
4ns4-assembly1cifgz,4wdr-assembly2cifgz,42,29,64,64,0
4ns4-assembly1cifgz,7pw1-assembly1cifgz,42,29,64,64,0
4ns4-assembly1cifgz,4brz-assembly1cifgz,42,28,64,64,0
4ns4-assembly1cifgz,7ots-assembly1cifgz,42,30,64,64,0
4ns4-assembly1cifgz,8ik2-assembly1cifgz,42,29,64,64,0
4ns4-assembly1cifgz,4uhd-assembly1cifgz,42,28,64,64,0
4ns4-assembly1cifgz,6jra-assembly1cifgz,42,26,64,64,0
4ns4-assembly1cifgz,4rpc-assembly2cifgz,42,13,64,64,0
4ns4-assembly1cifgz,5a62-assembly1cifgz,42,25,64,64,0
4ns4-assembly1cifgz,7dq9-assembly4cifgz,42,25,64,64,0
4ns4-assembly1cifgz,3wi7-assembly2cifgz,42,32,64,64,0
4ns4-assembly1cifgz,8b5o-assembly2cifgz,42,22,64,64,0
4ns4-assembly1cifgz,1a8q-assembly1cifgz,42,22,64,64,0
4ns4-assembly1cifgz,4rnc-assembly2cifgz,42,27,64,64,0
4ns4-assembly1cifgz,7yii-assembly1cifgz,42,26,64,64,0
4ns4-assembly1cifgz,1a8s-assembly1cifgz,42,22,64,64,0
4ns4-assembly1cifgz,1brt-assembly1cifgz,42,26,64,64,0
4ns4-assembly1cifgz,3fob-assembly1cifgz,42,25,64,64,0
4ns4-assembly1cifgz,4x00-assembly4cifgz,42,26,64,64,0
4ns4-assembly1cifgz,6t6y-assembly1cifgz,42,26,64,64,0
4ns4-assembly1cifgz,3e0x-assembly2cifgz,42,17,64,64,0
4ns4-assembly1cifgz,5z7w-assembly1cifgz,42,19,64,64,0
4ns4-assembly1cifgz,1m33-assembly1cifgz,42,14,64,64,0
4ns4-assembly1cifgz,4nmw-assembly1cifgz,42,14,64,64,0
4ns4-assembly1cifgz,6azd-assembly1cifgz,42,20,64,64,0
4ns4-assembly1cifgz,5z9g-assembly1cifgz,42,19,64,64,0
4ns4-assembly1cifgz,7k38-assembly1cifgz,42,20,64,64,0
4ns4-assembly1cifgz,5dnu-assembly1cifgz,42,18,64,64,0
4ns4-assembly1cifgz,5cbk-assembly1cifgz,42,20,64,64,0
4ns4-assembly1cifgz,5h3h-assembly1cifgz,42,24,64,64,0
4ns4-assembly1cifgz,5z7x-assembly1cifgz,42,21,64,64,0
4ns4-assembly1cifgz,6j2r-assembly1cifgz,42,19,64,64,0
4ns4-assembly1cifgz,7uoc-assembly1cifgz,42,18,64,64,0
4ns4-assembly1cifgz,5z89-assembly1cifgz,42,18,64,64,0
4ns4-assembly1cifgz,6uh8-assembly1cifgz,42,20,64,64,0
4ns4-assembly1cifgz,6xfo-assembly1cifgz,42,19,64,64,0
4ns4-assembly1cifgz,4ih4-assembly4cifgz,42,17,64,64,0
4ns4-assembly1cifgz,1wom-assembly2cifgz,42,22,64,64,0
4ns4-assembly1cifgz,7f5w-assembly2cifgz,42,22,64,64,0
4ns4-assembly1cifgz,3qvm-assembly1cifgz,42,26,64,64,0
4ns4-assembly1cifgz,6atx-assembly1cifgz,42,17,64,64,0
4ns4-assembly1cifgz,7ukb-assembly1cifgz,42,18,64,64,0
4ns4-assembly1cifgz,3e3a-assembly1cifgz,42,27,64,64,0
4ns4-assembly1cifgz,5ie4-assembly1cifgz,42,26,64,64,0
4ns4-assembly1cifgz,5xo7-assembly1cifgz,42,27,64,64,0
4ns4-assembly1cifgz,5xwz-assembly2cifgz,42,26,64,64,0
4ns4-assembly1cifgz,6l7m-assembly1cifgz,42,26,64,64,0
4ns4-assembly1cifgz,8jlv-assembly6cifgz,42,26,64,64,0
4ns4-assembly1cifgz,4myd-assembly3cifgz,42,16,64,64,0
4ns4-assembly1cifgz,4i3f-assembly1cifgz,42,27,64,64,0
4ns4-assembly1cifgz,6l4h-assembly1cifgz,42,228,64,352,288
4ns4-assembly1cifgz,2xmr-assembly3cifgz,42,28,64,66,2
4ns4-assembly1cifgz,6zmm-assembly1cifgz,42,25,64,66,2
4ns4-assembly1cifgz,1c4x-assembly1cifgz,42,29,64,64,0
4ns4-assembly1cifgz,2og1-assembly1cifgz,42,35,64,64,0
4ns4-assembly1cifgz,5jz9-assembly1cifgz,42,33,64,64,0
4ns4-assembly1cifgz,1iun-assembly1cifgz,42,27,64,64,0
4ns4-assembly1cifgz,1u2e-assembly2cifgz,42,35,64,64,0
4ns4-assembly1cifgz,2ock-assembly1cifgz,42,26,64,64,0
4ns4-assembly1cifgz,4lxh-assembly1cifgz,42,28,64,64,0
4ns4-assembly1cifgz,8hgw-assembly1cifgz,42,23,64,64,0
4ns4-assembly1cifgz,1j1i-assembly1cifgz,42,25,64,64,0
4mys-assembly1cifgz,6ra2-assembly2cifgz,17,23,64,64,0
4mys-assembly1cifgz,4mj3-assembly1cifgz,17,49,64,64,0
4mys-assembly1cifgz,6y9g-assembly2cifgz,17,25,64,64,0
4mys-assembly1cifgz,4wdr-assembly2cifgz,17,29,64,64,0
4mys-assembly1cifgz,7pw1-assembly1cifgz,17,29,64,64,0
4mys-assembly1cifgz,4brz-assembly1cifgz,17,28,64,64,0
4mys-assembly1cifgz,7ots-assembly1cifgz,17,30,64,64,0
4mys-assembly1cifgz,8ik2-assembly1cifgz,17,29,64,64,0
4mys-assembly1cifgz,4uhd-assembly1cifgz,17,28,64,64,0
4mys-assembly1cifgz,6jra-assembly1cifgz,17,26,64,64,0
4mys-assembly1cifgz,4rpc-assembly2cifgz,17,13,64,64,0
4mys-assembly1cifgz,5a62-assembly1cifgz,17,25,64,64,0
4mys-assembly1cifgz,7dq9-assembly4cifgz,17,25,64,64,0
4mys-assembly1cifgz,3wi7-assembly2cifgz,17,32,64,64,0
4mys-assembly1cifgz,8b5o-assembly2cifgz,17,22,64,64,0
4mys-assembly1cifgz,1a8q-assembly1cifgz,17,22,64,64,0
4mys-assembly1cifgz,4rnc-assembly2cifgz,17,27,64,64,0
4mys-assembly1cifgz,7yii-assembly1cifgz,17,26,64,64,0
4mys-assembly1cifgz,1a8s-assembly1cifgz,17,22,64,64,0
4mys-assembly1cifgz,1brt-assembly1cifgz,17,26,64,64,0
4mys-assembly1cifgz,3fob-assembly1cifgz,17,25,64,64,0
4mys-assembly1cifgz,4x00-assembly4cifgz,17,26,64,64,0
4mys-assembly1cifgz,6t6y-assembly1cifgz,17,26,64,64,0
4mys-assembly1cifgz,3e0x-assembly2cifgz,17,17,64,64,0
4mys-assembly1cifgz,5z7w-assembly1cifgz,17,19,64,64,0
4mys-assembly1cifgz,1m33-assembly1cifgz,17,14,64,64,0
4mys-assembly1cifgz,4nmw-assembly1cifgz,17,14,64,64,0
4mys-assembly1cifgz,6azd-assembly1cifgz,17,20,64,64,0
4mys-assembly1cifgz,5z9g-assembly1cifgz,17,19,64,64,0
4mys-assembly1cifgz,7k38-assembly1cifgz,17,20,64,64,0
4mys-assembly1cifgz,5dnu-assembly1cifgz,17,18,64,64,0
4mys-assembly1cifgz,5cbk-assembly1cifgz,17,20,64,64,0
4mys-assembly1cifgz,5h3h-assembly1cifgz,17,24,64,64,0
4mys-assembly1cifgz,5z7x-assembly1cifgz,17,21,64,64,0
4mys-assembly1cifgz,6j2r-assembly1cifgz,17,19,64,64,0
4mys-assembly1cifgz,7uoc-assembly1cifgz,17,18,64,64,0
4mys-assembly1cifgz,5z89-assembly1cifgz,17,18,64,64,0
4mys-assembly1cifgz,6uh8-assembly1cifgz,17,20,64,64,0
4mys-assembly1cifgz,6xfo-assembly1cifgz,17,19,64,64,0
4mys-assembly1cifgz,4ih4-assembly4cifgz,17,17,64,64,0
4mys-assembly1cifgz,1wom-assembly2cifgz,17,22,64,64,0
4mys-assembly1cifgz,7f5w-assembly2cifgz,17,22,64,64,0
4mys-assembly1cifgz,3qvm-assembly1cifgz,17,26,64,64,0
4mys-assembly1cifgz,6atx-assembly1cifgz,17,17,64,64,0
4mys-assembly1cifgz,7ukb-assembly1cifgz,17,18,64,64,0
4mys-assembly1cifgz,3e3a-assembly1cifgz,17,27,64,64,0
4mys-assembly1cifgz,5ie4-assembly1cifgz,17,26,64,64,0
4mys-assembly1cifgz,5xo7-assembly1cifgz,17,27,64,64,0
4mys-assembly1cifgz,5xwz-assembly2cifgz,17,26,64,64,0
4mys-assembly1cifgz,6l7m-assembly1cifgz,17,26,64,64,0
4mys-assembly1cifgz,8jlv-assembly6cifgz,17,26,64,64,0
4mys-assembly1cifgz,4myd-assembly3cifgz,17,16,64,64,0
4mys-assembly1cifgz,4i3f-assembly1cifgz,17,27,64,64,0
4mys-assembly1cifgz,6l4h-assembly1cifgz,17,228,64,352,288
4mys-assembly1cifgz,2xmr-assembly3cifgz,17,28,64,66,2
4mys-assembly1cifgz,6zmm-assembly1cifgz,17,25,64,66,2
4mys-assembly1cifgz,1c4x-assembly1cifgz,17,29,64,64,0
4mys-assembly1cifgz,2og1-assembly1cifgz,17,35,64,64,0
4mys-assembly1cifgz,5jz9-assembly1cifgz,17,33,64,64,0
4mys-assembly1cifgz,1iun-assembly1cifgz,17,27,64,64,0
4mys-assembly1cifgz,1u2e-assembly2cifgz,17,35,64,64,0
4mys-assembly1cifgz,2ock-assembly1cifgz,17,26,64,64,0
4mys-assembly1cifgz,4lxh-assembly1cifgz,17,28,64,64,0
4mys-assembly1cifgz,8hgw-assembly1cifgz,17,23,64,64,0
4mys-assembly1cifgz,1j1i-assembly1cifgz,17,25,64,64,0
6ra2-assembly2cifgz,4mj3-assembly1cifgz,23,49,64,64,0
6ra2-assembly2cifgz,6y9g-assembly2cifgz,23,25,64,64,0
6ra2-assembly2cifgz,4wdr-assembly2cifgz,23,29,64,64,0
6ra2-assembly2cifgz,7pw1-assembly1cifgz,23,29,64,64,0
6ra2-assembly2cifgz,4brz-assembly1cifgz,23,28,64,64,0
6ra2-assembly2cifgz,7ots-assembly1cifgz,23,30,64,64,0
6ra2-assembly2cifgz,8ik2-assembly1cifgz,23,29,64,64,0
6ra2-assembly2cifgz,4uhd-assembly1cifgz,23,28,64,64,0
6ra2-assembly2cifgz,6jra-assembly1cifgz,23,26,64,64,0
6ra2-assembly2cifgz,4rpc-assembly2cifgz,23,13,64,64,0
6ra2-assembly2cifgz,5a62-assembly1cifgz,23,25,64,64,0
6ra2-assembly2cifgz,7dq9-assembly4cifgz,23,25,64,64,0
6ra2-assembly2cifgz,3wi7-assembly2cifgz,23,32,64,64,0
6ra2-assembly2cifgz,8b5o-assembly2cifgz,23,22,64,64,0
6ra2-assembly2cifgz,1a8q-assembly1cifgz,23,22,64,64,0
6ra2-assembly2cifgz,4rnc-assembly2cifgz,23,27,64,64,0
6ra2-assembly2cifgz,7yii-assembly1cifgz,23,26,64,64,0
6ra2-assembly2cifgz,1a8s-assembly1cifgz,23,22,64,64,0
6ra2-assembly2cifgz,1brt-assembly1cifgz,23,26,64,64,0
6ra2-assembly2cifgz,3fob-assembly1cifgz,23,25,64,64,0
6ra2-assembly2cifgz,4x00-assembly4cifgz,23,26,64,64,0
6ra2-assembly2cifgz,6t6y-assembly1cifgz,23,26,64,64,0
6ra2-assembly2cifgz,3e0x-assembly2cifgz,23,17,64,64,0
6ra2-assembly2cifgz,5z7w-assembly1cifgz,23,19,64,64,0
6ra2-assembly2cifgz,1m33-assembly1cifgz,23,14,64,64,0
6ra2-assembly2cifgz,4nmw-assembly1cifgz,23,14,64,64,0
6ra2-assembly2cifgz,6azd-assembly1cifgz,23,20,64,64,0
6ra2-assembly2cifgz,5z9g-assembly1cifgz,23,19,64,64,0
6ra2-assembly2cifgz,7k38-assembly1cifgz,23,20,64,64,0
6ra2-assembly2cifgz,5dnu-assembly1cifgz,23,18,64,64,0
6ra2-assembly2cifgz,5cbk-assembly1cifgz,23,20,64,64,0
6ra2-assembly2cifgz,5h3h-assembly1cifgz,23,24,64,64,0
6ra2-assembly2cifgz,5z7x-assembly1cifgz,23,21,64,64,0
6ra2-assembly2cifgz,6j2r-assembly1cifgz,23,19,64,64,0
6ra2-assembly2cifgz,7uoc-assembly1cifgz,23,18,64,64,0
6ra2-assembly2cifgz,5z89-assembly1cifgz,23,18,64,64,0
6ra2-assembly2cifgz,6uh8-assembly1cifgz,23,20,64,64,0
6ra2-assembly2cifgz,6xfo-assembly1cifgz,23,19,64,64,0
6ra2-assembly2cifgz,4ih4-assembly4cifgz,23,17,64,64,0
6ra2-assembly2cifgz,1wom-assembly2cifgz,23,22,64,64,0
6ra2-assembly2cifgz,7f5w-assembly2cifgz,23,22,64,64,0
6ra2-assembly2cifgz,3qvm-assembly1cifgz,23,26,64,64,0
6ra2-assembly2cifgz,6atx-assembly1cifgz,23,17,64,64,0
6ra2-assembly2cifgz,7ukb-assembly1cifgz,23,18,64,64,0
6ra2-assembly2cifgz,3e3a-assembly1cifgz,23,27,64,64,0
6ra2-assembly2cifgz,5ie4-assembly1cifgz,23,26,64,64,0
6ra2-assembly2cifgz,5xo7-assembly1cifgz,23,27,64,64,0
6ra2-assembly2cifgz,5xwz-assembly2cifgz,23,26,64,64,0
6ra2-assembly2cifgz,6l7m-assembly1cifgz,23,26,64,64,0
6ra2-assembly2cifgz,8jlv-assembly6cifgz,23,26,64,64,0
6ra2-assembly2cifgz,4myd-assembly3cifgz,23,16,64,64,0
6ra2-assembly2cifgz,4i3f-assembly1cifgz,23,27,64,64,0
6ra2-assembly2cifgz,6l4h-assembly1cifgz,23,228,64,352,288
6ra2-assembly2cifgz,2xmr-assembly3cifgz,23,28,64,66,2
6ra2-assembly2cifgz,6zmm-assembly1cifgz,23,25,64,66,2
6ra2-assembly2cifgz,1c4x-assembly1cifgz,23,29,64,64,0
6ra2-assembly2cifgz,2og1-assembly1cifgz,23,35,64,64,0
6ra2-assembly2cifgz,5jz9-assembly1cifgz,23,33,64,64,0
6ra2-assembly2cifgz,1iun-assembly1cifgz,23,27,64,64,0
6ra2-assembly2cifgz,1u2e-assembly2cifgz,23,35,64,64,0
6ra2-assembly2cifgz,2ock-assembly1cifgz,23,26,64,64,0
6ra2-assembly2cifgz,4lxh-assembly1cifgz,23,28,64,64,0
6ra2-assembly2cifgz,8hgw-assembly1cifgz,23,23,64,64,0
6ra2-assembly2cifgz,1j1i-assembly1cifgz,23,25,64,64,0
4mj3-assembly1cifgz,6y9g-assembly2cifgz,49,25,64,64,0
4mj3-assembly1cifgz,4wdr-assembly2cifgz,49,29,64,64,0
4mj3-assembly1cifgz,7pw1-assembly1cifgz,49,29,64,64,0
4mj3-assembly1cifgz,4brz-assembly1cifgz,49,28,64,64,0
4mj3-assembly1cifgz,7ots-assembly1cifgz,49,30,64,64,0
4mj3-assembly1cifgz,8ik2-assembly1cifgz,49,29,64,64,0
4mj3-assembly1cifgz,4uhd-assembly1cifgz,49,28,64,64,0
4mj3-assembly1cifgz,6jra-assembly1cifgz,49,26,64,64,0
4mj3-assembly1cifgz,4rpc-assembly2cifgz,49,13,64,64,0
4mj3-assembly1cifgz,5a62-assembly1cifgz,49,25,64,64,0
4mj3-assembly1cifgz,7dq9-assembly4cifgz,49,25,64,64,0
4mj3-assembly1cifgz,3wi7-assembly2cifgz,49,32,64,64,0
4mj3-assembly1cifgz,8b5o-assembly2cifgz,49,22,64,64,0
4mj3-assembly1cifgz,1a8q-assembly1cifgz,49,22,64,64,0
4mj3-assembly1cifgz,4rnc-assembly2cifgz,49,27,64,64,0
4mj3-assembly1cifgz,7yii-assembly1cifgz,49,26,64,64,0
4mj3-assembly1cifgz,1a8s-assembly1cifgz,49,22,64,64,0
4mj3-assembly1cifgz,1brt-assembly1cifgz,49,26,64,64,0
4mj3-assembly1cifgz,3fob-assembly1cifgz,49,25,64,64,0
4mj3-assembly1cifgz,4x00-assembly4cifgz,49,26,64,64,0
4mj3-assembly1cifgz,6t6y-assembly1cifgz,49,26,64,64,0
4mj3-assembly1cifgz,3e0x-assembly2cifgz,49,17,64,64,0
4mj3-assembly1cifgz,5z7w-assembly1cifgz,49,19,64,64,0
4mj3-assembly1cifgz,1m33-assembly1cifgz,49,14,64,64,0
4mj3-assembly1cifgz,4nmw-assembly1cifgz,49,14,64,64,0
4mj3-assembly1cifgz,6azd-assembly1cifgz,49,20,64,64,0
4mj3-assembly1cifgz,5z9g-assembly1cifgz,49,19,64,64,0
4mj3-assembly1cifgz,7k38-assembly1cifgz,49,20,64,64,0
4mj3-assembly1cifgz,5dnu-assembly1cifgz,49,18,64,64,0
4mj3-assembly1cifgz,5cbk-assembly1cifgz,49,20,64,64,0
4mj3-assembly1cifgz,5h3h-assembly1cifgz,49,24,64,64,0
4mj3-assembly1cifgz,5z7x-assembly1cifgz,49,21,64,64,0
4mj3-assembly1cifgz,6j2r-assembly1cifgz,49,19,64,64,0
4mj3-assembly1cifgz,7uoc-assembly1cifgz,49,18,64,64,0
4mj3-assembly1cifgz,5z89-assembly1cifgz,49,18,64,64,0
4mj3-assembly1cifgz,6uh8-assembly1cifgz,49,20,64,64,0
4mj3-assembly1cifgz,6xfo-assembly1cifgz,49,19,64,64,0
4mj3-assembly1cifgz,4ih4-assembly4cifgz,49,17,64,64,0
4mj3-assembly1cifgz,1wom-assembly2cifgz,49,22,64,64,0
4mj3-assembly1cifgz,7f5w-assembly2cifgz,49,22,64,64,0
4mj3-assembly1cifgz,3qvm-assembly1cifgz,49,26,64,64,0
4mj3-assembly1cifgz,6atx-assembly1cifgz,49,17,64,64,0
4mj3-assembly1cifgz,7ukb-assembly1cifgz,49,18,64,64,0
4mj3-assembly1cifgz,3e3a-assembly1cifgz,49,27,64,64,0
4mj3-assembly1cifgz,5ie4-assembly1cifgz,49,26,64,64,0
4mj3-assembly1cifgz,5xo7-assembly1cifgz,49,27,64,64,0
4mj3-assembly1cifgz,5xwz-assembly2cifgz,49,26,64,64,0
4mj3-assembly1cifgz,6l7m-assembly1cifgz,49,26,64,64,0
4mj3-assembly1cifgz,8jlv-assembly6cifgz,49,26,64,64,0
4mj3-assembly1cifgz,4myd-assembly3cifgz,49,16,64,64,0
4mj3-assembly1cifgz,4i3f-assembly1cifgz,49,27,64,64,0
4mj3-assembly1cifgz,6l4h-assembly1cifgz,49,228,64,352,288
4mj3-assembly1cifgz,2xmr-assembly3cifgz,49,28,64,66,2
4mj3-assembly1cifgz,6zmm-assembly1cifgz,49,25,64,66,2
4mj3-assembly1cifgz,1c4x-assembly1cifgz,49,29,64,64,0
4mj3-assembly1cifgz,2og1-assembly1cifgz,49,35,64,64,0
4mj3-assembly1cifgz,5jz9-assembly1cifgz,49,33,64,64,0
4mj3-assembly1cifgz,1iun-assembly1cifgz,49,27,64,64,0
4mj3-assembly1cifgz,1u2e-assembly2cifgz,49,35,64,64,0
4mj3-assembly1cifgz,2ock-assembly1cifgz,49,26,64,64,0
4mj3-assembly1cifgz,4lxh-assembly1cifgz,49,28,64,64,0
4mj3-assembly1cifgz,8hgw-assembly1cifgz,49,23,64,64,0
4mj3-assembly1cifgz,1j1i-assembly1cifgz,49,25,64,64,0
6y9g-assembly2cifgz,4wdr-assembly2cifgz,25,29,64,64,0
6y9g-assembly2cifgz,7pw1-assembly1cifgz,25,29,64,64,0
6y9g-assembly2cifgz,4brz-assembly1cifgz,25,28,64,64,0
6y9g-assembly2cifgz,7ots-assembly1cifgz,25,30,64,64,0
6y9g-assembly2cifgz,8ik2-assembly1cifgz,25,29,64,64,0
6y9g-assembly2cifgz,4uhd-assembly1cifgz,25,28,64,64,0
6y9g-assembly2cifgz,6jra-assembly1cifgz,25,26,64,64,0
6y9g-assembly2cifgz,4rpc-assembly2cifgz,25,13,64,64,0
6y9g-assembly2cifgz,5a62-assembly1cifgz,25,25,64,64,0
6y9g-assembly2cifgz,7dq9-assembly4cifgz,25,25,64,64,0
6y9g-assembly2cifgz,3wi7-assembly2cifgz,25,32,64,64,0
6y9g-assembly2cifgz,8b5o-assembly2cifgz,25,22,64,64,0
6y9g-assembly2cifgz,1a8q-assembly1cifgz,25,22,64,64,0
6y9g-assembly2cifgz,4rnc-assembly2cifgz,25,27,64,64,0
6y9g-assembly2cifgz,7yii-assembly1cifgz,25,26,64,64,0
6y9g-assembly2cifgz,1a8s-assembly1cifgz,25,22,64,64,0
6y9g-assembly2cifgz,1brt-assembly1cifgz,25,26,64,64,0
6y9g-assembly2cifgz,3fob-assembly1cifgz,25,25,64,64,0
6y9g-assembly2cifgz,4x00-assembly4cifgz,25,26,64,64,0
6y9g-assembly2cifgz,6t6y-assembly1cifgz,25,26,64,64,0
6y9g-assembly2cifgz,3e0x-assembly2cifgz,25,17,64,64,0
6y9g-assembly2cifgz,5z7w-assembly1cifgz,25,19,64,64,0
6y9g-assembly2cifgz,1m33-assembly1cifgz,25,14,64,64,0
6y9g-assembly2cifgz,4nmw-assembly1cifgz,25,14,64,64,0
6y9g-assembly2cifgz,6azd-assembly1cifgz,25,20,64,64,0
6y9g-assembly2cifgz,5z9g-assembly1cifgz,25,19,64,64,0
6y9g-assembly2cifgz,7k38-assembly1cifgz,25,20,64,64,0
6y9g-assembly2cifgz,5dnu-assembly1cifgz,25,18,64,64,0
6y9g-assembly2cifgz,5cbk-assembly1cifgz,25,20,64,64,0
6y9g-assembly2cifgz,5h3h-assembly1cifgz,25,24,64,64,0
6y9g-assembly2cifgz,5z7x-assembly1cifgz,25,21,64,64,0
6y9g-assembly2cifgz,6j2r-assembly1cifgz,25,19,64,64,0
6y9g-assembly2cifgz,7uoc-assembly1cifgz,25,18,64,64,0
6y9g-assembly2cifgz,5z89-assembly1cifgz,25,18,64,64,0
6y9g-assembly2cifgz,6uh8-assembly1cifgz,25,20,64,64,0
6y9g-assembly2cifgz,6xfo-assembly1cifgz,25,19,64,64,0
6y9g-assembly2cifgz,4ih4-assembly4cifgz,25,17,64,64,0
6y9g-assembly2cifgz,1wom-assembly2cifgz,25,22,64,64,0
6y9g-assembly2cifgz,7f5w-assembly2cifgz,25,22,64,64,0
6y9g-assembly2cifgz,3qvm-assembly1cifgz,25,26,64,64,0
6y9g-assembly2cifgz,6atx-assembly1cifgz,25,17,64,64,0
6y9g-assembly2cifgz,7ukb-assembly1cifgz,25,18,64,64,0
6y9g-assembly2cifgz,3e3a-assembly1cifgz,25,27,64,64,0
6y9g-assembly2cifgz,5ie4-assembly1cifgz,25,26,64,64,0
6y9g-assembly2cifgz,5xo7-assembly1cifgz,25,27,64,64,0
6y9g-assembly2cifgz,5xwz-assembly2cifgz,25,26,64,64,0
6y9g-assembly2cifgz,6l7m-assembly1cifgz,25,26,64,64,0
6y9g-assembly2cifgz,8jlv-assembly6cifgz,25,26,64,64,0
6y9g-assembly2cifgz,4myd-assembly3cifgz,25,16,64,64,0
6y9g-assembly2cifgz,4i3f-assembly1cifgz,25,27,64,64,0
6y9g-assembly2cifgz,6l4h-assembly1cifgz,25,228,64,352,288
6y9g-assembly2cifgz,2xmr-assembly3cifgz,25,28,64,66,2
6y9g-assembly2cifgz,6zmm-assembly1cifgz,25,25,64,66,2
6y9g-assembly2cifgz,1c4x-assembly1cifgz,25,29,64,64,0
6y9g-assembly2cifgz,2og1-assembly1cifgz,25,35,64,64,0
6y9g-assembly2cifgz,5jz9-assembly1cifgz,25,33,64,64,0
6y9g-assembly2cifgz,1iun-assembly1cifgz,25,27,64,64,0
6y9g-assembly2cifgz,1u2e-assembly2cifgz,25,35,64,64,0
6y9g-assembly2cifgz,2ock-assembly1cifgz,25,26,64,64,0
6y9g-assembly2cifgz,4lxh-assembly1cifgz,25,28,64,64,0
6y9g-assembly2cifgz,8hgw-assembly1cifgz,25,23,64,64,0
6y9g-assembly2cifgz,1j1i-assembly1cifgz,25,25,64,64,0
4wdr-assembly2cifgz,7pw1-assembly1cifgz,29,29,64,64,0
4wdr-assembly2cifgz,4brz-assembly1cifgz,29,28,64,64,0
4wdr-assembly2cifgz,7ots-assembly1cifgz,29,30,64,64,0
4wdr-assembly2cifgz,8ik2-assembly1cifgz,29,29,64,64,0
4wdr-assembly2cifgz,4uhd-assembly1cifgz,29,28,64,64,0
4wdr-assembly2cifgz,6jra-assembly1cifgz,29,26,64,64,0
4wdr-assembly2cifgz,4rpc-assembly2cifgz,29,13,64,64,0
4wdr-assembly2cifgz,5a62-assembly1cifgz,29,25,64,64,0
4wdr-assembly2cifgz,7dq9-assembly4cifgz,29,25,64,64,0
4wdr-assembly2cifgz,3wi7-assembly2cifgz,29,32,64,64,0
4wdr-assembly2cifgz,8b5o-assembly2cifgz,29,22,64,64,0
4wdr-assembly2cifgz,1a8q-assembly1cifgz,29,22,64,64,0
4wdr-assembly2cifgz,4rnc-assembly2cifgz,29,27,64,64,0
4wdr-assembly2cifgz,7yii-assembly1cifgz,29,26,64,64,0
4wdr-assembly2cifgz,1a8s-assembly1cifgz,29,22,64,64,0
4wdr-assembly2cifgz,1brt-assembly1cifgz,29,26,64,64,0
4wdr-assembly2cifgz,3fob-assembly1cifgz,29,25,64,64,0
4wdr-assembly2cifgz,4x00-assembly4cifgz,29,26,64,64,0
4wdr-assembly2cifgz,6t6y-assembly1cifgz,29,26,64,64,0
4wdr-assembly2cifgz,3e0x-assembly2cifgz,29,17,64,64,0
4wdr-assembly2cifgz,5z7w-assembly1cifgz,29,19,64,64,0
4wdr-assembly2cifgz,1m33-assembly1cifgz,29,14,64,64,0
4wdr-assembly2cifgz,4nmw-assembly1cifgz,29,14,64,64,0
4wdr-assembly2cifgz,6azd-assembly1cifgz,29,20,64,64,0
4wdr-assembly2cifgz,5z9g-assembly1cifgz,29,19,64,64,0
4wdr-assembly2cifgz,7k38-assembly1cifgz,29,20,64,64,0
4wdr-assembly2cifgz,5dnu-assembly1cifgz,29,18,64,64,0
4wdr-assembly2cifgz,5cbk-assembly1cifgz,29,20,64,64,0
4wdr-assembly2cifgz,5h3h-assembly1cifgz,29,24,64,64,0
4wdr-assembly2cifgz,5z7x-assembly1cifgz,29,21,64,64,0
4wdr-assembly2cifgz,6j2r-assembly1cifgz,29,19,64,64,0
4wdr-assembly2cifgz,7uoc-assembly1cifgz,29,18,64,64,0
4wdr-assembly2cifgz,5z89-assembly1cifgz,29,18,64,64,0
4wdr-assembly2cifgz,6uh8-assembly1cifgz,29,20,64,64,0
4wdr-assembly2cifgz,6xfo-assembly1cifgz,29,19,64,64,0
4wdr-assembly2cifgz,4ih4-assembly4cifgz,29,17,64,64,0
4wdr-assembly2cifgz,1wom-assembly2cifgz,29,22,64,64,0
4wdr-assembly2cifgz,7f5w-assembly2cifgz,29,22,64,64,0
4wdr-assembly2cifgz,3qvm-assembly1cifgz,29,26,64,64,0
4wdr-assembly2cifgz,6atx-assembly1cifgz,29,17,64,64,0
4wdr-assembly2cifgz,7ukb-assembly1cifgz,29,18,64,64,0
4wdr-assembly2cifgz,3e3a-assembly1cifgz,29,27,64,64,0
4wdr-assembly2cifgz,5ie4-assembly1cifgz,29,26,64,64,0
4wdr-assembly2cifgz,5xo7-assembly1cifgz,29,27,64,64,0
4wdr-assembly2cifgz,5xwz-assembly2cifgz,29,26,64,64,0
4wdr-assembly2cifgz,6l7m-assembly1cifgz,29,26,64,64,0
4wdr-assembly2cifgz,8jlv-assembly6cifgz,29,26,64,64,0
4wdr-assembly2cifgz,4myd-assembly3cifgz,29,16,64,64,0
4wdr-assembly2cifgz,4i3f-assembly1cifgz,29,27,64,64,0
4wdr-assembly2cifgz,6l4h-assembly1cifgz,29,228,64,352,288
4wdr-assembly2cifgz,2xmr-assembly3cifgz,29,28,64,66,2
4wdr-assembly2cifgz,6zmm-assembly1cifgz,29,25,64,66,2
4wdr-assembly2cifgz,1c4x-assembly1cifgz,29,29,64,64,0
4wdr-assembly2cifgz,2og1-assembly1cifgz,29,35,64,64,0
4wdr-assembly2cifgz,5jz9-assembly1cifgz,29,33,64,64,0
4wdr-assembly2cifgz,1iun-assembly1cifgz,29,27,64,64,0
4wdr-assembly2cifgz,1u2e-assembly2cifgz,29,35,64,64,0
4wdr-assembly2cifgz,2ock-assembly1cifgz,29,26,64,64,0
4wdr-assembly2cifgz,4lxh-assembly1cifgz,29,28,64,64,0
4wdr-assembly2cifgz,8hgw-assembly1cifgz,29,23,64,64,0
4wdr-assembly2cifgz,1j1i-assembly1cifgz,29,25,64,64,0
7pw1-assembly1cifgz,4brz-assembly1cifgz,29,28,64,64,0
7pw1-assembly1cifgz,7ots-assembly1cifgz,29,30,64,64,0
7pw1-assembly1cifgz,8ik2-assembly1cifgz,29,29,64,64,0
7pw1-assembly1cifgz,4uhd-assembly1cifgz,29,28,64,64,0
7pw1-assembly1cifgz,6jra-assembly1cifgz,29,26,64,64,0
7pw1-assembly1cifgz,4rpc-assembly2cifgz,29,13,64,64,0
7pw1-assembly1cifgz,5a62-assembly1cifgz,29,25,64,64,0
7pw1-assembly1cifgz,7dq9-assembly4cifgz,29,25,64,64,0
7pw1-assembly1cifgz,3wi7-assembly2cifgz,29,32,64,64,0
7pw1-assembly1cifgz,8b5o-assembly2cifgz,29,22,64,64,0
7pw1-assembly1cifgz,1a8q-assembly1cifgz,29,22,64,64,0
7pw1-assembly1cifgz,4rnc-assembly2cifgz,29,27,64,64,0
7pw1-assembly1cifgz,7yii-assembly1cifgz,29,26,64,64,0
7pw1-assembly1cifgz,1a8s-assembly1cifgz,29,22,64,64,0
7pw1-assembly1cifgz,1brt-assembly1cifgz,29,26,64,64,0
7pw1-assembly1cifgz,3fob-assembly1cifgz,29,25,64,64,0
7pw1-assembly1cifgz,4x00-assembly4cifgz,29,26,64,64,0
7pw1-assembly1cifgz,6t6y-assembly1cifgz,29,26,64,64,0
7pw1-assembly1cifgz,3e0x-assembly2cifgz,29,17,64,64,0
7pw1-assembly1cifgz,5z7w-assembly1cifgz,29,19,64,64,0
7pw1-assembly1cifgz,1m33-assembly1cifgz,29,14,64,64,0
7pw1-assembly1cifgz,4nmw-assembly1cifgz,29,14,64,64,0
7pw1-assembly1cifgz,6azd-assembly1cifgz,29,20,64,64,0
7pw1-assembly1cifgz,5z9g-assembly1cifgz,29,19,64,64,0
7pw1-assembly1cifgz,7k38-assembly1cifgz,29,20,64,64,0
7pw1-assembly1cifgz,5dnu-assembly1cifgz,29,18,64,64,0
7pw1-assembly1cifgz,5cbk-assembly1cifgz,29,20,64,64,0
7pw1-assembly1cifgz,5h3h-assembly1cifgz,29,24,64,64,0
7pw1-assembly1cifgz,5z7x-assembly1cifgz,29,21,64,64,0
7pw1-assembly1cifgz,6j2r-assembly1cifgz,29,19,64,64,0
7pw1-assembly1cifgz,7uoc-assembly1cifgz,29,18,64,64,0
7pw1-assembly1cifgz,5z89-assembly1cifgz,29,18,64,64,0
7pw1-assembly1cifgz,6uh8-assembly1cifgz,29,20,64,64,0
7pw1-assembly1cifgz,6xfo-assembly1cifgz,29,19,64,64,0
7pw1-assembly1cifgz,4ih4-assembly4cifgz,29,17,64,64,0
7pw1-assembly1cifgz,1wom-assembly2cifgz,29,22,64,64,0
7pw1-assembly1cifgz,7f5w-assembly2cifgz,29,22,64,64,0
7pw1-assembly1cifgz,3qvm-assembly1cifgz,29,26,64,64,0
7pw1-assembly1cifgz,6atx-assembly1cifgz,29,17,64,64,0
7pw1-assembly1cifgz,7ukb-assembly1cifgz,29,18,64,64,0
7pw1-assembly1cifgz,3e3a-assembly1cifgz,29,27,64,64,0
7pw1-assembly1cifgz,5ie4-assembly1cifgz,29,26,64,64,0
7pw1-assembly1cifgz,5xo7-assembly1cifgz,29,27,64,64,0
7pw1-assembly1cifgz,5xwz-assembly2cifgz,29,26,64,64,0
7pw1-assembly1cifgz,6l7m-assembly1cifgz,29,26,64,64,0
7pw1-assembly1cifgz,8jlv-assembly6cifgz,29,26,64,64,0
7pw1-assembly1cifgz,4myd-assembly3cifgz,29,16,64,64,0
7pw1-assembly1cifgz,4i3f-assembly1cifgz,29,27,64,64,0
7pw1-assembly1cifgz,6l4h-assembly1cifgz,29,228,64,352,288
7pw1-assembly1cifgz,2xmr-assembly3cifgz,29,28,64,66,2
7pw1-assembly1cifgz,6zmm-assembly1cifgz,29,25,64,66,2
7pw1-assembly1cifgz,1c4x-assembly1cifgz,29,29,64,64,0
7pw1-assembly1cifgz,2og1-assembly1cifgz,29,35,64,64,0
7pw1-assembly1cifgz,5jz9-assembly1cifgz,29,33,64,64,0
7pw1-assembly1cifgz,1iun-assembly1cifgz,29,27,64,64,0
7pw1-assembly1cifgz,1u2e-assembly2cifgz,29,35,64,64,0
7pw1-assembly1cifgz,2ock-assembly1cifgz,29,26,64,64,0
7pw1-assembly1cifgz,4lxh-assembly1cifgz,29,28,64,64,0
7pw1-assembly1cifgz,8hgw-assembly1cifgz,29,23,64,64,0
7pw1-assembly1cifgz,1j1i-assembly1cifgz,29,25,64,64,0
4brz-assembly1cifgz,7ots-assembly1cifgz,28,30,64,64,0
4brz-assembly1cifgz,8ik2-assembly1cifgz,28,29,64,64,0
4brz-assembly1cifgz,4uhd-assembly1cifgz,28,28,64,64,0
4brz-assembly1cifgz,6jra-assembly1cifgz,28,26,64,64,0
4brz-assembly1cifgz,4rpc-assembly2cifgz,28,13,64,64,0
4brz-assembly1cifgz,5a62-assembly1cifgz,28,25,64,64,0
4brz-assembly1cifgz,7dq9-assembly4cifgz,28,25,64,64,0
4brz-assembly1cifgz,3wi7-assembly2cifgz,28,32,64,64,0
4brz-assembly1cifgz,8b5o-assembly2cifgz,28,22,64,64,0
4brz-assembly1cifgz,1a8q-assembly1cifgz,28,22,64,64,0
4brz-assembly1cifgz,4rnc-assembly2cifgz,28,27,64,64,0
4brz-assembly1cifgz,7yii-assembly1cifgz,28,26,64,64,0
4brz-assembly1cifgz,1a8s-assembly1cifgz,28,22,64,64,0
4brz-assembly1cifgz,1brt-assembly1cifgz,28,26,64,64,0
4brz-assembly1cifgz,3fob-assembly1cifgz,28,25,64,64,0
4brz-assembly1cifgz,4x00-assembly4cifgz,28,26,64,64,0
4brz-assembly1cifgz,6t6y-assembly1cifgz,28,26,64,64,0
4brz-assembly1cifgz,3e0x-assembly2cifgz,28,17,64,64,0
4brz-assembly1cifgz,5z7w-assembly1cifgz,28,19,64,64,0
4brz-assembly1cifgz,1m33-assembly1cifgz,28,14,64,64,0
4brz-assembly1cifgz,4nmw-assembly1cifgz,28,14,64,64,0
4brz-assembly1cifgz,6azd-assembly1cifgz,28,20,64,64,0
4brz-assembly1cifgz,5z9g-assembly1cifgz,28,19,64,64,0
4brz-assembly1cifgz,7k38-assembly1cifgz,28,20,64,64,0
4brz-assembly1cifgz,5dnu-assembly1cifgz,28,18,64,64,0
4brz-assembly1cifgz,5cbk-assembly1cifgz,28,20,64,64,0
4brz-assembly1cifgz,5h3h-assembly1cifgz,28,24,64,64,0
4brz-assembly1cifgz,5z7x-assembly1cifgz,28,21,64,64,0
4brz-assembly1cifgz,6j2r-assembly1cifgz,28,19,64,64,0
4brz-assembly1cifgz,7uoc-assembly1cifgz,28,18,64,64,0
4brz-assembly1cifgz,5z89-assembly1cifgz,28,18,64,64,0
4brz-assembly1cifgz,6uh8-assembly1cifgz,28,20,64,64,0
4brz-assembly1cifgz,6xfo-assembly1cifgz,28,19,64,64,0
4brz-assembly1cifgz,4ih4-assembly4cifgz,28,17,64,64,0
4brz-assembly1cifgz,1wom-assembly2cifgz,28,22,64,64,0
4brz-assembly1cifgz,7f5w-assembly2cifgz,28,22,64,64,0
4brz-assembly1cifgz,3qvm-assembly1cifgz,28,26,64,64,0
4brz-assembly1cifgz,6atx-assembly1cifgz,28,17,64,64,0
4brz-assembly1cifgz,7ukb-assembly1cifgz,28,18,64,64,0
4brz-assembly1cifgz,3e3a-assembly1cifgz,28,27,64,64,0
4brz-assembly1cifgz,5ie4-assembly1cifgz,28,26,64,64,0
4brz-assembly1cifgz,5xo7-assembly1cifgz,28,27,64,64,0
4brz-assembly1cifgz,5xwz-assembly2cifgz,28,26,64,64,0
4brz-assembly1cifgz,6l7m-assembly1cifgz,28,26,64,64,0
4brz-assembly1cifgz,8jlv-assembly6cifgz,28,26,64,64,0
4brz-assembly1cifgz,4myd-assembly3cifgz,28,16,64,64,0
4brz-assembly1cifgz,4i3f-assembly1cifgz,28,27,64,64,0
4brz-assembly1cifgz,6l4h-assembly1cifgz,28,228,64,352,288
4brz-assembly1cifgz,2xmr-assembly3cifgz,28,28,64,66,2
4brz-assembly1cifgz,6zmm-assembly1cifgz,28,25,64,66,2
4brz-assembly1cifgz,1c4x-assembly1cifgz,28,29,64,64,0
4brz-assembly1cifgz,2og1-assembly1cifgz,28,35,64,64,0
4brz-assembly1cifgz,5jz9-assembly1cifgz,28,33,64,64,0
4brz-assembly1cifgz,1iun-assembly1cifgz,28,27,64,64,0
4brz-assembly1cifgz,1u2e-assembly2cifgz,28,35,64,64,0
4brz-assembly1cifgz,2ock-assembly1cifgz,28,26,64,64,0
4brz-assembly1cifgz,4lxh-assembly1cifgz,28,28,64,64,0
4brz-assembly1cifgz,8hgw-assembly1cifgz,28,23,64,64,0
4brz-assembly1cifgz,1j1i-assembly1cifgz,28,25,64,64,0
7ots-assembly1cifgz,8ik2-assembly1cifgz,30,29,64,64,0
7ots-assembly1cifgz,4uhd-assembly1cifgz,30,28,64,64,0
7ots-assembly1cifgz,6jra-assembly1cifgz,30,26,64,64,0
7ots-assembly1cifgz,4rpc-assembly2cifgz,30,13,64,64,0
7ots-assembly1cifgz,5a62-assembly1cifgz,30,25,64,64,0
7ots-assembly1cifgz,7dq9-assembly4cifgz,30,25,64,64,0
7ots-assembly1cifgz,3wi7-assembly2cifgz,30,32,64,64,0
7ots-assembly1cifgz,8b5o-assembly2cifgz,30,22,64,64,0
7ots-assembly1cifgz,1a8q-assembly1cifgz,30,22,64,64,0
7ots-assembly1cifgz,4rnc-assembly2cifgz,30,27,64,64,0
7ots-assembly1cifgz,7yii-assembly1cifgz,30,26,64,64,0
7ots-assembly1cifgz,1a8s-assembly1cifgz,30,22,64,64,0
7ots-assembly1cifgz,1brt-assembly1cifgz,30,26,64,64,0
7ots-assembly1cifgz,3fob-assembly1cifgz,30,25,64,64,0
7ots-assembly1cifgz,4x00-assembly4cifgz,30,26,64,64,0
7ots-assembly1cifgz,6t6y-assembly1cifgz,30,26,64,64,0
7ots-assembly1cifgz,3e0x-assembly2cifgz,30,17,64,64,0
7ots-assembly1cifgz,5z7w-assembly1cifgz,30,19,64,64,0
7ots-assembly1cifgz,1m33-assembly1cifgz,30,14,64,64,0
7ots-assembly1cifgz,4nmw-assembly1cifgz,30,14,64,64,0
7ots-assembly1cifgz,6azd-assembly1cifgz,30,20,64,64,0
7ots-assembly1cifgz,5z9g-assembly1cifgz,30,19,64,64,0
7ots-assembly1cifgz,7k38-assembly1cifgz,30,20,64,64,0
7ots-assembly1cifgz,5dnu-assembly1cifgz,30,18,64,64,0
7ots-assembly1cifgz,5cbk-assembly1cifgz,30,20,64,64,0
7ots-assembly1cifgz,5h3h-assembly1cifgz,30,24,64,64,0
7ots-assembly1cifgz,5z7x-assembly1cifgz,30,21,64,64,0
7ots-assembly1cifgz,6j2r-assembly1cifgz,30,19,64,64,0
7ots-assembly1cifgz,7uoc-assembly1cifgz,30,18,64,64,0
7ots-assembly1cifgz,5z89-assembly1cifgz,30,18,64,64,0
7ots-assembly1cifgz,6uh8-assembly1cifgz,30,20,64,64,0
7ots-assembly1cifgz,6xfo-assembly1cifgz,30,19,64,64,0
7ots-assembly1cifgz,4ih4-assembly4cifgz,30,17,64,64,0
7ots-assembly1cifgz,1wom-assembly2cifgz,30,22,64,64,0
7ots-assembly1cifgz,7f5w-assembly2cifgz,30,22,64,64,0
7ots-assembly1cifgz,3qvm-assembly1cifgz,30,26,64,64,0
7ots-assembly1cifgz,6atx-assembly1cifgz,30,17,64,64,0
7ots-assembly1cifgz,7ukb-assembly1cifgz,30,18,64,64,0
7ots-assembly1cifgz,3e3a-assembly1cifgz,30,27,64,64,0
7ots-assembly1cifgz,5ie4-assembly1cifgz,30,26,64,64,0
7ots-assembly1cifgz,5xo7-assembly1cifgz,30,27,64,64,0
7ots-assembly1cifgz,5xwz-assembly2cifgz,30,26,64,64,0
7ots-assembly1cifgz,6l7m-assembly1cifgz,30,26,64,64,0
7ots-assembly1cifgz,8jlv-assembly6cifgz,30,26,64,64,0
7ots-assembly1cifgz,4myd-assembly3cifgz,30,16,64,64,0
7ots-assembly1cifgz,4i3f-assembly1cifgz,30,27,64,64,0
7ots-assembly1cifgz,6l4h-assembly1cifgz,30,228,64,352,288
7ots-assembly1cifgz,2xmr-assembly3cifgz,30,28,64,66,2
7ots-assembly1cifgz,6zmm-assembly1cifgz,30,25,64,66,2
7ots-assembly1cifgz,1c4x-assembly1cifgz,30,29,64,64,0
7ots-assembly1cifgz,2og1-assembly1cifgz,30,35,64,64,0
7ots-assembly1cifgz,5jz9-assembly1cifgz,30,33,64,64,0
7ots-assembly1cifgz,1iun-assembly1cifgz,30,27,64,64,0
7ots-assembly1cifgz,1u2e-assembly2cifgz,30,35,64,64,0
7ots-assembly1cifgz,2ock-assembly1cifgz,30,26,64,64,0
7ots-assembly1cifgz,4lxh-assembly1cifgz,30,28,64,64,0
7ots-assembly1cifgz,8hgw-assembly1cifgz,30,23,64,64,0
7ots-assembly1cifgz,1j1i-assembly1cifgz,30,25,64,64,0
8ik2-assembly1cifgz,4uhd-assembly1cifgz,29,28,64,64,0
8ik2-assembly1cifgz,6jra-assembly1cifgz,29,26,64,64,0
8ik2-assembly1cifgz,4rpc-assembly2cifgz,29,13,64,64,0
8ik2-assembly1cifgz,5a62-assembly1cifgz,29,25,64,64,0
8ik2-assembly1cifgz,7dq9-assembly4cifgz,29,25,64,64,0
8ik2-assembly1cifgz,3wi7-assembly2cifgz,29,32,64,64,0
8ik2-assembly1cifgz,8b5o-assembly2cifgz,29,22,64,64,0
8ik2-assembly1cifgz,1a8q-assembly1cifgz,29,22,64,64,0
8ik2-assembly1cifgz,4rnc-assembly2cifgz,29,27,64,64,0
8ik2-assembly1cifgz,7yii-assembly1cifgz,29,26,64,64,0
8ik2-assembly1cifgz,1a8s-assembly1cifgz,29,22,64,64,0
8ik2-assembly1cifgz,1brt-assembly1cifgz,29,26,64,64,0
8ik2-assembly1cifgz,3fob-assembly1cifgz,29,25,64,64,0
8ik2-assembly1cifgz,4x00-assembly4cifgz,29,26,64,64,0
8ik2-assembly1cifgz,6t6y-assembly1cifgz,29,26,64,64,0
8ik2-assembly1cifgz,3e0x-assembly2cifgz,29,17,64,64,0
8ik2-assembly1cifgz,5z7w-assembly1cifgz,29,19,64,64,0
8ik2-assembly1cifgz,1m33-assembly1cifgz,29,14,64,64,0
8ik2-assembly1cifgz,4nmw-assembly1cifgz,29,14,64,64,0
8ik2-assembly1cifgz,6azd-assembly1cifgz,29,20,64,64,0
8ik2-assembly1cifgz,5z9g-assembly1cifgz,29,19,64,64,0
8ik2-assembly1cifgz,7k38-assembly1cifgz,29,20,64,64,0
8ik2-assembly1cifgz,5dnu-assembly1cifgz,29,18,64,64,0
8ik2-assembly1cifgz,5cbk-assembly1cifgz,29,20,64,64,0
8ik2-assembly1cifgz,5h3h-assembly1cifgz,29,24,64,64,0
8ik2-assembly1cifgz,5z7x-assembly1cifgz,29,21,64,64,0
8ik2-assembly1cifgz,6j2r-assembly1cifgz,29,19,64,64,0
8ik2-assembly1cifgz,7uoc-assembly1cifgz,29,18,64,64,0
8ik2-assembly1cifgz,5z89-assembly1cifgz,29,18,64,64,0
8ik2-assembly1cifgz,6uh8-assembly1cifgz,29,20,64,64,0
8ik2-assembly1cifgz,6xfo-assembly1cifgz,29,19,64,64,0
8ik2-assembly1cifgz,4ih4-assembly4cifgz,29,17,64,64,0
8ik2-assembly1cifgz,1wom-assembly2cifgz,29,22,64,64,0
8ik2-assembly1cifgz,7f5w-assembly2cifgz,29,22,64,64,0
8ik2-assembly1cifgz,3qvm-assembly1cifgz,29,26,64,64,0
8ik2-assembly1cifgz,6atx-assembly1cifgz,29,17,64,64,0
8ik2-assembly1cifgz,7ukb-assembly1cifgz,29,18,64,64,0
8ik2-assembly1cifgz,3e3a-assembly1cifgz,29,27,64,64,0
8ik2-assembly1cifgz,5ie4-assembly1cifgz,29,26,64,64,0
8ik2-assembly1cifgz,5xo7-assembly1cifgz,29,27,64,64,0
8ik2-assembly1cifgz,5xwz-assembly2cifgz,29,26,64,64,0
8ik2-assembly1cifgz,6l7m-assembly1cifgz,29,26,64,64,0
8ik2-assembly1cifgz,8jlv-assembly6cifgz,29,26,64,64,0
8ik2-assembly1cifgz,4myd-assembly3cifgz,29,16,64,64,0
8ik2-assembly1cifgz,4i3f-assembly1cifgz,29,27,64,64,0
8ik2-assembly1cifgz,6l4h-assembly1cifgz,29,228,64,352,288
8ik2-assembly1cifgz,2xmr-assembly3cifgz,29,28,64,66,2
8ik2-assembly1cifgz,6zmm-assembly1cifgz,29,25,64,66,2
8ik2-assembly1cifgz,1c4x-assembly1cifgz,29,29,64,64,0
8ik2-assembly1cifgz,2og1-assembly1cifgz,29,35,64,64,0
8ik2-assembly1cifgz,5jz9-assembly1cifgz,29,33,64,64,0
8ik2-assembly1cifgz,1iun-assembly1cifgz,29,27,64,64,0
8ik2-assembly1cifgz,1u2e-assembly2cifgz,29,35,64,64,0
8ik2-assembly1cifgz,2ock-assembly1cifgz,29,26,64,64,0
8ik2-assembly1cifgz,4lxh-assembly1cifgz,29,28,64,64,0
8ik2-assembly1cifgz,8hgw-assembly1cifgz,29,23,64,64,0
8ik2-assembly1cifgz,1j1i-assembly1cifgz,29,25,64,64,0
4uhd-assembly1cifgz,6jra-assembly1cifgz,28,26,64,64,0
4uhd-assembly1cifgz,4rpc-assembly2cifgz,28,13,64,64,0
4uhd-assembly1cifgz,5a62-assembly1cifgz,28,25,64,64,0
4uhd-assembly1cifgz,7dq9-assembly4cifgz,28,25,64,64,0
4uhd-assembly1cifgz,3wi7-assembly2cifgz,28,32,64,64,0
4uhd-assembly1cifgz,8b5o-assembly2cifgz,28,22,64,64,0
4uhd-assembly1cifgz,1a8q-assembly1cifgz,28,22,64,64,0
4uhd-assembly1cifgz,4rnc-assembly2cifgz,28,27,64,64,0
4uhd-assembly1cifgz,7yii-assembly1cifgz,28,26,64,64,0
4uhd-assembly1cifgz,1a8s-assembly1cifgz,28,22,64,64,0
4uhd-assembly1cifgz,1brt-assembly1cifgz,28,26,64,64,0
4uhd-assembly1cifgz,3fob-assembly1cifgz,28,25,64,64,0
4uhd-assembly1cifgz,4x00-assembly4cifgz,28,26,64,64,0
4uhd-assembly1cifgz,6t6y-assembly1cifgz,28,26,64,64,0
4uhd-assembly1cifgz,3e0x-assembly2cifgz,28,17,64,64,0
4uhd-assembly1cifgz,5z7w-assembly1cifgz,28,19,64,64,0
4uhd-assembly1cifgz,1m33-assembly1cifgz,28,14,64,64,0
4uhd-assembly1cifgz,4nmw-assembly1cifgz,28,14,64,64,0
4uhd-assembly1cifgz,6azd-assembly1cifgz,28,20,64,64,0
4uhd-assembly1cifgz,5z9g-assembly1cifgz,28,19,64,64,0
4uhd-assembly1cifgz,7k38-assembly1cifgz,28,20,64,64,0
4uhd-assembly1cifgz,5dnu-assembly1cifgz,28,18,64,64,0
4uhd-assembly1cifgz,5cbk-assembly1cifgz,28,20,64,64,0
4uhd-assembly1cifgz,5h3h-assembly1cifgz,28,24,64,64,0
4uhd-assembly1cifgz,5z7x-assembly1cifgz,28,21,64,64,0
4uhd-assembly1cifgz,6j2r-assembly1cifgz,28,19,64,64,0
4uhd-assembly1cifgz,7uoc-assembly1cifgz,28,18,64,64,0
4uhd-assembly1cifgz,5z89-assembly1cifgz,28,18,64,64,0
4uhd-assembly1cifgz,6uh8-assembly1cifgz,28,20,64,64,0
4uhd-assembly1cifgz,6xfo-assembly1cifgz,28,19,64,64,0
4uhd-assembly1cifgz,4ih4-assembly4cifgz,28,17,64,64,0
4uhd-assembly1cifgz,1wom-assembly2cifgz,28,22,64,64,0
4uhd-assembly1cifgz,7f5w-assembly2cifgz,28,22,64,64,0
4uhd-assembly1cifgz,3qvm-assembly1cifgz,28,26,64,64,0
4uhd-assembly1cifgz,6atx-assembly1cifgz,28,17,64,64,0
4uhd-assembly1cifgz,7ukb-assembly1cifgz,28,18,64,64,0
4uhd-assembly1cifgz,3e3a-assembly1cifgz,28,27,64,64,0
4uhd-assembly1cifgz,5ie4-assembly1cifgz,28,26,64,64,0
4uhd-assembly1cifgz,5xo7-assembly1cifgz,28,27,64,64,0
4uhd-assembly1cifgz,5xwz-assembly2cifgz,28,26,64,64,0
4uhd-assembly1cifgz,6l7m-assembly1cifgz,28,26,64,64,0
4uhd-assembly1cifgz,8jlv-assembly6cifgz,28,26,64,64,0
4uhd-assembly1cifgz,4myd-assembly3cifgz,28,16,64,64,0
4uhd-assembly1cifgz,4i3f-assembly1cifgz,28,27,64,64,0
4uhd-assembly1cifgz,6l4h-assembly1cifgz,28,228,64,352,288
4uhd-assembly1cifgz,2xmr-assembly3cifgz,28,28,64,66,2
4uhd-assembly1cifgz,6zmm-assembly1cifgz,28,25,64,66,2
4uhd-assembly1cifgz,1c4x-assembly1cifgz,28,29,64,64,0
4uhd-assembly1cifgz,2og1-assembly1cifgz,28,35,64,64,0
4uhd-assembly1cifgz,5jz9-assembly1cifgz,28,33,64,64,0
4uhd-assembly1cifgz,1iun-assembly1cifgz,28,27,64,64,0
4uhd-assembly1cifgz,1u2e-assembly2cifgz,28,35,64,64,0
4uhd-assembly1cifgz,2ock-assembly1cifgz,28,26,64,64,0
4uhd-assembly1cifgz,4lxh-assembly1cifgz,28,28,64,64,0
4uhd-assembly1cifgz,8hgw-assembly1cifgz,28,23,64,64,0
4uhd-assembly1cifgz,1j1i-assembly1cifgz,28,25,64,64,0
6jra-assembly1cifgz,4rpc-assembly2cifgz,26,13,64,64,0
6jra-assembly1cifgz,5a62-assembly1cifgz,26,25,64,64,0
6jra-assembly1cifgz,7dq9-assembly4cifgz,26,25,64,64,0
6jra-assembly1cifgz,3wi7-assembly2cifgz,26,32,64,64,0
6jra-assembly1cifgz,8b5o-assembly2cifgz,26,22,64,64,0
6jra-assembly1cifgz,1a8q-assembly1cifgz,26,22,64,64,0
6jra-assembly1cifgz,4rnc-assembly2cifgz,26,27,64,64,0
6jra-assembly1cifgz,7yii-assembly1cifgz,26,26,64,64,0
6jra-assembly1cifgz,1a8s-assembly1cifgz,26,22,64,64,0
6jra-assembly1cifgz,1brt-assembly1cifgz,26,26,64,64,0
6jra-assembly1cifgz,3fob-assembly1cifgz,26,25,64,64,0
6jra-assembly1cifgz,4x00-assembly4cifgz,26,26,64,64,0
6jra-assembly1cifgz,6t6y-assembly1cifgz,26,26,64,64,0
6jra-assembly1cifgz,3e0x-assembly2cifgz,26,17,64,64,0
6jra-assembly1cifgz,5z7w-assembly1cifgz,26,19,64,64,0
6jra-assembly1cifgz,1m33-assembly1cifgz,26,14,64,64,0
6jra-assembly1cifgz,4nmw-assembly1cifgz,26,14,64,64,0
6jra-assembly1cifgz,6azd-assembly1cifgz,26,20,64,64,0
6jra-assembly1cifgz,5z9g-assembly1cifgz,26,19,64,64,0
6jra-assembly1cifgz,7k38-assembly1cifgz,26,20,64,64,0
6jra-assembly1cifgz,5dnu-assembly1cifgz,26,18,64,64,0
6jra-assembly1cifgz,5cbk-assembly1cifgz,26,20,64,64,0
6jra-assembly1cifgz,5h3h-assembly1cifgz,26,24,64,64,0
6jra-assembly1cifgz,5z7x-assembly1cifgz,26,21,64,64,0
6jra-assembly1cifgz,6j2r-assembly1cifgz,26,19,64,64,0
6jra-assembly1cifgz,7uoc-assembly1cifgz,26,18,64,64,0
6jra-assembly1cifgz,5z89-assembly1cifgz,26,18,64,64,0
6jra-assembly1cifgz,6uh8-assembly1cifgz,26,20,64,64,0
6jra-assembly1cifgz,6xfo-assembly1cifgz,26,19,64,64,0
6jra-assembly1cifgz,4ih4-assembly4cifgz,26,17,64,64,0
6jra-assembly1cifgz,1wom-assembly2cifgz,26,22,64,64,0
6jra-assembly1cifgz,7f5w-assembly2cifgz,26,22,64,64,0
6jra-assembly1cifgz,3qvm-assembly1cifgz,26,26,64,64,0
6jra-assembly1cifgz,6atx-assembly1cifgz,26,17,64,64,0
6jra-assembly1cifgz,7ukb-assembly1cifgz,26,18,64,64,0
6jra-assembly1cifgz,3e3a-assembly1cifgz,26,27,64,64,0
6jra-assembly1cifgz,5ie4-assembly1cifgz,26,26,64,64,0
6jra-assembly1cifgz,5xo7-assembly1cifgz,26,27,64,64,0
6jra-assembly1cifgz,5xwz-assembly2cifgz,26,26,64,64,0
6jra-assembly1cifgz,6l7m-assembly1cifgz,26,26,64,64,0
6jra-assembly1cifgz,8jlv-assembly6cifgz,26,26,64,64,0
6jra-assembly1cifgz,4myd-assembly3cifgz,26,16,64,64,0
6jra-assembly1cifgz,4i3f-assembly1cifgz,26,27,64,64,0
6jra-assembly1cifgz,6l4h-assembly1cifgz,26,228,64,352,288
6jra-assembly1cifgz,2xmr-assembly3cifgz,26,28,64,66,2
6jra-assembly1cifgz,6zmm-assembly1cifgz,26,25,64,66,2
6jra-assembly1cifgz,1c4x-assembly1cifgz,26,29,64,64,0
6jra-assembly1cifgz,2og1-assembly1cifgz,26,35,64,64,0
6jra-assembly1cifgz,5jz9-assembly1cifgz,26,33,64,64,0
6jra-assembly1cifgz,1iun-assembly1cifgz,26,27,64,64,0
6jra-assembly1cifgz,1u2e-assembly2cifgz,26,35,64,64,0
6jra-assembly1cifgz,2ock-assembly1cifgz,26,26,64,64,0
6jra-assembly1cifgz,4lxh-assembly1cifgz,26,28,64,64,0
6jra-assembly1cifgz,8hgw-assembly1cifgz,26,23,64,64,0
6jra-assembly1cifgz,1j1i-assembly1cifgz,26,25,64,64,0
4rpc-assembly2cifgz,5a62-assembly1cifgz,13,25,64,64,0
4rpc-assembly2cifgz,7dq9-assembly4cifgz,13,25,64,64,0
4rpc-assembly2cifgz,3wi7-assembly2cifgz,13,32,64,64,0
4rpc-assembly2cifgz,8b5o-assembly2cifgz,13,22,64,64,0
4rpc-assembly2cifgz,1a8q-assembly1cifgz,13,22,64,64,0
4rpc-assembly2cifgz,4rnc-assembly2cifgz,13,27,64,64,0
4rpc-assembly2cifgz,7yii-assembly1cifgz,13,26,64,64,0
4rpc-assembly2cifgz,1a8s-assembly1cifgz,13,22,64,64,0
4rpc-assembly2cifgz,1brt-assembly1cifgz,13,26,64,64,0
4rpc-assembly2cifgz,3fob-assembly1cifgz,13,25,64,64,0
4rpc-assembly2cifgz,4x00-assembly4cifgz,13,26,64,64,0
4rpc-assembly2cifgz,6t6y-assembly1cifgz,13,26,64,64,0
4rpc-assembly2cifgz,3e0x-assembly2cifgz,13,17,64,64,0
4rpc-assembly2cifgz,5z7w-assembly1cifgz,13,19,64,64,0
4rpc-assembly2cifgz,1m33-assembly1cifgz,13,14,64,64,0
4rpc-assembly2cifgz,4nmw-assembly1cifgz,13,14,64,64,0
4rpc-assembly2cifgz,6azd-assembly1cifgz,13,20,64,64,0
4rpc-assembly2cifgz,5z9g-assembly1cifgz,13,19,64,64,0
4rpc-assembly2cifgz,7k38-assembly1cifgz,13,20,64,64,0
4rpc-assembly2cifgz,5dnu-assembly1cifgz,13,18,64,64,0
4rpc-assembly2cifgz,5cbk-assembly1cifgz,13,20,64,64,0
4rpc-assembly2cifgz,5h3h-assembly1cifgz,13,24,64,64,0
4rpc-assembly2cifgz,5z7x-assembly1cifgz,13,21,64,64,0
4rpc-assembly2cifgz,6j2r-assembly1cifgz,13,19,64,64,0
4rpc-assembly2cifgz,7uoc-assembly1cifgz,13,18,64,64,0
4rpc-assembly2cifgz,5z89-assembly1cifgz,13,18,64,64,0
4rpc-assembly2cifgz,6uh8-assembly1cifgz,13,20,64,64,0
4rpc-assembly2cifgz,6xfo-assembly1cifgz,13,19,64,64,0
4rpc-assembly2cifgz,4ih4-assembly4cifgz,13,17,64,64,0
4rpc-assembly2cifgz,1wom-assembly2cifgz,13,22,64,64,0
4rpc-assembly2cifgz,7f5w-assembly2cifgz,13,22,64,64,0
4rpc-assembly2cifgz,3qvm-assembly1cifgz,13,26,64,64,0
4rpc-assembly2cifgz,6atx-assembly1cifgz,13,17,64,64,0
4rpc-assembly2cifgz,7ukb-assembly1cifgz,13,18,64,64,0
4rpc-assembly2cifgz,3e3a-assembly1cifgz,13,27,64,64,0
4rpc-assembly2cifgz,5ie4-assembly1cifgz,13,26,64,64,0
4rpc-assembly2cifgz,5xo7-assembly1cifgz,13,27,64,64,0
4rpc-assembly2cifgz,5xwz-assembly2cifgz,13,26,64,64,0
4rpc-assembly2cifgz,6l7m-assembly1cifgz,13,26,64,64,0
4rpc-assembly2cifgz,8jlv-assembly6cifgz,13,26,64,64,0
4rpc-assembly2cifgz,4myd-assembly3cifgz,13,16,64,64,0
4rpc-assembly2cifgz,4i3f-assembly1cifgz,13,27,64,64,0
4rpc-assembly2cifgz,6l4h-assembly1cifgz,13,228,64,352,288
4rpc-assembly2cifgz,2xmr-assembly3cifgz,13,28,64,66,2
4rpc-assembly2cifgz,6zmm-assembly1cifgz,13,25,64,66,2
4rpc-assembly2cifgz,1c4x-assembly1cifgz,13,29,64,64,0
4rpc-assembly2cifgz,2og1-assembly1cifgz,13,35,64,64,0
4rpc-assembly2cifgz,5jz9-assembly1cifgz,13,33,64,64,0
4rpc-assembly2cifgz,1iun-assembly1cifgz,13,27,64,64,0
4rpc-assembly2cifgz,1u2e-assembly2cifgz,13,35,64,64,0
4rpc-assembly2cifgz,2ock-assembly1cifgz,13,26,64,64,0
4rpc-assembly2cifgz,4lxh-assembly1cifgz,13,28,64,64,0
4rpc-assembly2cifgz,8hgw-assembly1cifgz,13,23,64,64,0
4rpc-assembly2cifgz,1j1i-assembly1cifgz,13,25,64,64,0
5a62-assembly1cifgz,7dq9-assembly4cifgz,25,25,64,64,0
5a62-assembly1cifgz,3wi7-assembly2cifgz,25,32,64,64,0
5a62-assembly1cifgz,8b5o-assembly2cifgz,25,22,64,64,0
5a62-assembly1cifgz,1a8q-assembly1cifgz,25,22,64,64,0
5a62-assembly1cifgz,4rnc-assembly2cifgz,25,27,64,64,0
5a62-assembly1cifgz,7yii-assembly1cifgz,25,26,64,64,0
5a62-assembly1cifgz,1a8s-assembly1cifgz,25,22,64,64,0
5a62-assembly1cifgz,1brt-assembly1cifgz,25,26,64,64,0
5a62-assembly1cifgz,3fob-assembly1cifgz,25,25,64,64,0
5a62-assembly1cifgz,4x00-assembly4cifgz,25,26,64,64,0
5a62-assembly1cifgz,6t6y-assembly1cifgz,25,26,64,64,0
5a62-assembly1cifgz,3e0x-assembly2cifgz,25,17,64,64,0
5a62-assembly1cifgz,5z7w-assembly1cifgz,25,19,64,64,0
5a62-assembly1cifgz,1m33-assembly1cifgz,25,14,64,64,0
5a62-assembly1cifgz,4nmw-assembly1cifgz,25,14,64,64,0
5a62-assembly1cifgz,6azd-assembly1cifgz,25,20,64,64,0
5a62-assembly1cifgz,5z9g-assembly1cifgz,25,19,64,64,0
5a62-assembly1cifgz,7k38-assembly1cifgz,25,20,64,64,0
5a62-assembly1cifgz,5dnu-assembly1cifgz,25,18,64,64,0
5a62-assembly1cifgz,5cbk-assembly1cifgz,25,20,64,64,0
5a62-assembly1cifgz,5h3h-assembly1cifgz,25,24,64,64,0
5a62-assembly1cifgz,5z7x-assembly1cifgz,25,21,64,64,0
5a62-assembly1cifgz,6j2r-assembly1cifgz,25,19,64,64,0
5a62-assembly1cifgz,7uoc-assembly1cifgz,25,18,64,64,0
5a62-assembly1cifgz,5z89-assembly1cifgz,25,18,64,64,0
5a62-assembly1cifgz,6uh8-assembly1cifgz,25,20,64,64,0
5a62-assembly1cifgz,6xfo-assembly1cifgz,25,19,64,64,0
5a62-assembly1cifgz,4ih4-assembly4cifgz,25,17,64,64,0
5a62-assembly1cifgz,1wom-assembly2cifgz,25,22,64,64,0
5a62-assembly1cifgz,7f5w-assembly2cifgz,25,22,64,64,0
5a62-assembly1cifgz,3qvm-assembly1cifgz,25,26,64,64,0
5a62-assembly1cifgz,6atx-assembly1cifgz,25,17,64,64,0
5a62-assembly1cifgz,7ukb-assembly1cifgz,25,18,64,64,0
5a62-assembly1cifgz,3e3a-assembly1cifgz,25,27,64,64,0
5a62-assembly1cifgz,5ie4-assembly1cifgz,25,26,64,64,0
5a62-assembly1cifgz,5xo7-assembly1cifgz,25,27,64,64,0
5a62-assembly1cifgz,5xwz-assembly2cifgz,25,26,64,64,0
5a62-assembly1cifgz,6l7m-assembly1cifgz,25,26,64,64,0
5a62-assembly1cifgz,8jlv-assembly6cifgz,25,26,64,64,0
5a62-assembly1cifgz,4myd-assembly3cifgz,25,16,64,64,0
5a62-assembly1cifgz,4i3f-assembly1cifgz,25,27,64,64,0
5a62-assembly1cifgz,6l4h-assembly1cifgz,25,228,64,352,288
5a62-assembly1cifgz,2xmr-assembly3cifgz,25,28,64,66,2
5a62-assembly1cifgz,6zmm-assembly1cifgz,25,25,64,66,2
5a62-assembly1cifgz,1c4x-assembly1cifgz,25,29,64,64,0
5a62-assembly1cifgz,2og1-assembly1cifgz,25,35,64,64,0
5a62-assembly1cifgz,5jz9-assembly1cifgz,25,33,64,64,0
5a62-assembly1cifgz,1iun-assembly1cifgz,25,27,64,64,0
5a62-assembly1cifgz,1u2e-assembly2cifgz,25,35,64,64,0
5a62-assembly1cifgz,2ock-assembly1cifgz,25,26,64,64,0
5a62-assembly1cifgz,4lxh-assembly1cifgz,25,28,64,64,0
5a62-assembly1cifgz,8hgw-assembly1cifgz,25,23,64,64,0
5a62-assembly1cifgz,1j1i-assembly1cifgz,25,25,64,64,0
7dq9-assembly4cifgz,3wi7-assembly2cifgz,25,32,64,64,0
7dq9-assembly4cifgz,8b5o-assembly2cifgz,25,22,64,64,0
7dq9-assembly4cifgz,1a8q-assembly1cifgz,25,22,64,64,0
7dq9-assembly4cifgz,4rnc-assembly2cifgz,25,27,64,64,0
7dq9-assembly4cifgz,7yii-assembly1cifgz,25,26,64,64,0
7dq9-assembly4cifgz,1a8s-assembly1cifgz,25,22,64,64,0
7dq9-assembly4cifgz,1brt-assembly1cifgz,25,26,64,64,0
7dq9-assembly4cifgz,3fob-assembly1cifgz,25,25,64,64,0
7dq9-assembly4cifgz,4x00-assembly4cifgz,25,26,64,64,0
7dq9-assembly4cifgz,6t6y-assembly1cifgz,25,26,64,64,0
7dq9-assembly4cifgz,3e0x-assembly2cifgz,25,17,64,64,0
7dq9-assembly4cifgz,5z7w-assembly1cifgz,25,19,64,64,0
7dq9-assembly4cifgz,1m33-assembly1cifgz,25,14,64,64,0
7dq9-assembly4cifgz,4nmw-assembly1cifgz,25,14,64,64,0
7dq9-assembly4cifgz,6azd-assembly1cifgz,25,20,64,64,0
7dq9-assembly4cifgz,5z9g-assembly1cifgz,25,19,64,64,0
7dq9-assembly4cifgz,7k38-assembly1cifgz,25,20,64,64,0
7dq9-assembly4cifgz,5dnu-assembly1cifgz,25,18,64,64,0
7dq9-assembly4cifgz,5cbk-assembly1cifgz,25,20,64,64,0
7dq9-assembly4cifgz,5h3h-assembly1cifgz,25,24,64,64,0
7dq9-assembly4cifgz,5z7x-assembly1cifgz,25,21,64,64,0
7dq9-assembly4cifgz,6j2r-assembly1cifgz,25,19,64,64,0
7dq9-assembly4cifgz,7uoc-assembly1cifgz,25,18,64,64,0
7dq9-assembly4cifgz,5z89-assembly1cifgz,25,18,64,64,0
7dq9-assembly4cifgz,6uh8-assembly1cifgz,25,20,64,64,0
7dq9-assembly4cifgz,6xfo-assembly1cifgz,25,19,64,64,0
7dq9-assembly4cifgz,4ih4-assembly4cifgz,25,17,64,64,0
7dq9-assembly4cifgz,1wom-assembly2cifgz,25,22,64,64,0
7dq9-assembly4cifgz,7f5w-assembly2cifgz,25,22,64,64,0
7dq9-assembly4cifgz,3qvm-assembly1cifgz,25,26,64,64,0
7dq9-assembly4cifgz,6atx-assembly1cifgz,25,17,64,64,0
7dq9-assembly4cifgz,7ukb-assembly1cifgz,25,18,64,64,0
7dq9-assembly4cifgz,3e3a-assembly1cifgz,25,27,64,64,0
7dq9-assembly4cifgz,5ie4-assembly1cifgz,25,26,64,64,0
7dq9-assembly4cifgz,5xo7-assembly1cifgz,25,27,64,64,0
7dq9-assembly4cifgz,5xwz-assembly2cifgz,25,26,64,64,0
7dq9-assembly4cifgz,6l7m-assembly1cifgz,25,26,64,64,0
7dq9-assembly4cifgz,8jlv-assembly6cifgz,25,26,64,64,0
7dq9-assembly4cifgz,4myd-assembly3cifgz,25,16,64,64,0
7dq9-assembly4cifgz,4i3f-assembly1cifgz,25,27,64,64,0
7dq9-assembly4cifgz,6l4h-assembly1cifgz,25,228,64,352,288
7dq9-assembly4cifgz,2xmr-assembly3cifgz,25,28,64,66,2
7dq9-assembly4cifgz,6zmm-assembly1cifgz,25,25,64,66,2
7dq9-assembly4cifgz,1c4x-assembly1cifgz,25,29,64,64,0
7dq9-assembly4cifgz,2og1-assembly1cifgz,25,35,64,64,0
7dq9-assembly4cifgz,5jz9-assembly1cifgz,25,33,64,64,0
7dq9-assembly4cifgz,1iun-assembly1cifgz,25,27,64,64,0
7dq9-assembly4cifgz,1u2e-assembly2cifgz,25,35,64,64,0
7dq9-assembly4cifgz,2ock-assembly1cifgz,25,26,64,64,0
7dq9-assembly4cifgz,4lxh-assembly1cifgz,25,28,64,64,0
7dq9-assembly4cifgz,8hgw-assembly1cifgz,25,23,64,64,0
7dq9-assembly4cifgz,1j1i-assembly1cifgz,25,25,64,64,0
3wi7-assembly2cifgz,8b5o-assembly2cifgz,32,22,64,64,0
3wi7-assembly2cifgz,1a8q-assembly1cifgz,32,22,64,64,0
3wi7-assembly2cifgz,4rnc-assembly2cifgz,32,27,64,64,0
3wi7-assembly2cifgz,7yii-assembly1cifgz,32,26,64,64,0
3wi7-assembly2cifgz,1a8s-assembly1cifgz,32,22,64,64,0
3wi7-assembly2cifgz,1brt-assembly1cifgz,32,26,64,64,0
3wi7-assembly2cifgz,3fob-assembly1cifgz,32,25,64,64,0
3wi7-assembly2cifgz,4x00-assembly4cifgz,32,26,64,64,0
3wi7-assembly2cifgz,6t6y-assembly1cifgz,32,26,64,64,0
3wi7-assembly2cifgz,3e0x-assembly2cifgz,32,17,64,64,0
3wi7-assembly2cifgz,5z7w-assembly1cifgz,32,19,64,64,0
3wi7-assembly2cifgz,1m33-assembly1cifgz,32,14,64,64,0
3wi7-assembly2cifgz,4nmw-assembly1cifgz,32,14,64,64,0
3wi7-assembly2cifgz,6azd-assembly1cifgz,32,20,64,64,0
3wi7-assembly2cifgz,5z9g-assembly1cifgz,32,19,64,64,0
3wi7-assembly2cifgz,7k38-assembly1cifgz,32,20,64,64,0
3wi7-assembly2cifgz,5dnu-assembly1cifgz,32,18,64,64,0
3wi7-assembly2cifgz,5cbk-assembly1cifgz,32,20,64,64,0
3wi7-assembly2cifgz,5h3h-assembly1cifgz,32,24,64,64,0
3wi7-assembly2cifgz,5z7x-assembly1cifgz,32,21,64,64,0
3wi7-assembly2cifgz,6j2r-assembly1cifgz,32,19,64,64,0
3wi7-assembly2cifgz,7uoc-assembly1cifgz,32,18,64,64,0
3wi7-assembly2cifgz,5z89-assembly1cifgz,32,18,64,64,0
3wi7-assembly2cifgz,6uh8-assembly1cifgz,32,20,64,64,0
3wi7-assembly2cifgz,6xfo-assembly1cifgz,32,19,64,64,0
3wi7-assembly2cifgz,4ih4-assembly4cifgz,32,17,64,64,0
3wi7-assembly2cifgz,1wom-assembly2cifgz,32,22,64,64,0
3wi7-assembly2cifgz,7f5w-assembly2cifgz,32,22,64,64,0
3wi7-assembly2cifgz,3qvm-assembly1cifgz,32,26,64,64,0
3wi7-assembly2cifgz,6atx-assembly1cifgz,32,17,64,64,0
3wi7-assembly2cifgz,7ukb-assembly1cifgz,32,18,64,64,0
3wi7-assembly2cifgz,3e3a-assembly1cifgz,32,27,64,64,0
3wi7-assembly2cifgz,5ie4-assembly1cifgz,32,26,64,64,0
3wi7-assembly2cifgz,5xo7-assembly1cifgz,32,27,64,64,0
3wi7-assembly2cifgz,5xwz-assembly2cifgz,32,26,64,64,0
3wi7-assembly2cifgz,6l7m-assembly1cifgz,32,26,64,64,0
3wi7-assembly2cifgz,8jlv-assembly6cifgz,32,26,64,64,0
3wi7-assembly2cifgz,4myd-assembly3cifgz,32,16,64,64,0
3wi7-assembly2cifgz,4i3f-assembly1cifgz,32,27,64,64,0
3wi7-assembly2cifgz,6l4h-assembly1cifgz,32,228,64,352,288
3wi7-assembly2cifgz,2xmr-assembly3cifgz,32,28,64,66,2
3wi7-assembly2cifgz,6zmm-assembly1cifgz,32,25,64,66,2
3wi7-assembly2cifgz,1c4x-assembly1cifgz,32,29,64,64,0
3wi7-assembly2cifgz,2og1-assembly1cifgz,32,35,64,64,0
3wi7-assembly2cifgz,5jz9-assembly1cifgz,32,33,64,64,0
3wi7-assembly2cifgz,1iun-assembly1cifgz,32,27,64,64,0
3wi7-assembly2cifgz,1u2e-assembly2cifgz,32,35,64,64,0
3wi7-assembly2cifgz,2ock-assembly1cifgz,32,26,64,64,0
3wi7-assembly2cifgz,4lxh-assembly1cifgz,32,28,64,64,0
3wi7-assembly2cifgz,8hgw-assembly1cifgz,32,23,64,64,0
3wi7-assembly2cifgz,1j1i-assembly1cifgz,32,25,64,64,0
8b5o-assembly2cifgz,1a8q-assembly1cifgz,22,22,64,64,0
8b5o-assembly2cifgz,4rnc-assembly2cifgz,22,27,64,64,0
8b5o-assembly2cifgz,7yii-assembly1cifgz,22,26,64,64,0
8b5o-assembly2cifgz,1a8s-assembly1cifgz,22,22,64,64,0
8b5o-assembly2cifgz,1brt-assembly1cifgz,22,26,64,64,0
8b5o-assembly2cifgz,3fob-assembly1cifgz,22,25,64,64,0
8b5o-assembly2cifgz,4x00-assembly4cifgz,22,26,64,64,0
8b5o-assembly2cifgz,6t6y-assembly1cifgz,22,26,64,64,0
8b5o-assembly2cifgz,3e0x-assembly2cifgz,22,17,64,64,0
8b5o-assembly2cifgz,5z7w-assembly1cifgz,22,19,64,64,0
8b5o-assembly2cifgz,1m33-assembly1cifgz,22,14,64,64,0
8b5o-assembly2cifgz,4nmw-assembly1cifgz,22,14,64,64,0
8b5o-assembly2cifgz,6azd-assembly1cifgz,22,20,64,64,0
8b5o-assembly2cifgz,5z9g-assembly1cifgz,22,19,64,64,0
8b5o-assembly2cifgz,7k38-assembly1cifgz,22,20,64,64,0
8b5o-assembly2cifgz,5dnu-assembly1cifgz,22,18,64,64,0
8b5o-assembly2cifgz,5cbk-assembly1cifgz,22,20,64,64,0
8b5o-assembly2cifgz,5h3h-assembly1cifgz,22,24,64,64,0
8b5o-assembly2cifgz,5z7x-assembly1cifgz,22,21,64,64,0
8b5o-assembly2cifgz,6j2r-assembly1cifgz,22,19,64,64,0
8b5o-assembly2cifgz,7uoc-assembly1cifgz,22,18,64,64,0
8b5o-assembly2cifgz,5z89-assembly1cifgz,22,18,64,64,0
8b5o-assembly2cifgz,6uh8-assembly1cifgz,22,20,64,64,0
8b5o-assembly2cifgz,6xfo-assembly1cifgz,22,19,64,64,0
8b5o-assembly2cifgz,4ih4-assembly4cifgz,22,17,64,64,0
8b5o-assembly2cifgz,1wom-assembly2cifgz,22,22,64,64,0
8b5o-assembly2cifgz,7f5w-assembly2cifgz,22,22,64,64,0
8b5o-assembly2cifgz,3qvm-assembly1cifgz,22,26,64,64,0
8b5o-assembly2cifgz,6atx-assembly1cifgz,22,17,64,64,0
8b5o-assembly2cifgz,7ukb-assembly1cifgz,22,18,64,64,0
8b5o-assembly2cifgz,3e3a-assembly1cifgz,22,27,64,64,0
8b5o-assembly2cifgz,5ie4-assembly1cifgz,22,26,64,64,0
8b5o-assembly2cifgz,5xo7-assembly1cifgz,22,27,64,64,0
8b5o-assembly2cifgz,5xwz-assembly2cifgz,22,26,64,64,0
8b5o-assembly2cifgz,6l7m-assembly1cifgz,22,26,64,64,0
8b5o-assembly2cifgz,8jlv-assembly6cifgz,22,26,64,64,0
8b5o-assembly2cifgz,4myd-assembly3cifgz,22,16,64,64,0
8b5o-assembly2cifgz,4i3f-assembly1cifgz,22,27,64,64,0
8b5o-assembly2cifgz,6l4h-assembly1cifgz,22,228,64,352,288
8b5o-assembly2cifgz,2xmr-assembly3cifgz,22,28,64,66,2
8b5o-assembly2cifgz,6zmm-assembly1cifgz,22,25,64,66,2
8b5o-assembly2cifgz,1c4x-assembly1cifgz,22,29,64,64,0
8b5o-assembly2cifgz,2og1-assembly1cifgz,22,35,64,64,0
8b5o-assembly2cifgz,5jz9-assembly1cifgz,22,33,64,64,0
8b5o-assembly2cifgz,1iun-assembly1cifgz,22,27,64,64,0
8b5o-assembly2cifgz,1u2e-assembly2cifgz,22,35,64,64,0
8b5o-assembly2cifgz,2ock-assembly1cifgz,22,26,64,64,0
8b5o-assembly2cifgz,4lxh-assembly1cifgz,22,28,64,64,0
8b5o-assembly2cifgz,8hgw-assembly1cifgz,22,23,64,64,0
8b5o-assembly2cifgz,1j1i-assembly1cifgz,22,25,64,64,0
1a8q-assembly1cifgz,4rnc-assembly2cifgz,22,27,64,64,0
1a8q-assembly1cifgz,7yii-assembly1cifgz,22,26,64,64,0
1a8q-assembly1cifgz,1a8s-assembly1cifgz,22,22,64,64,0
1a8q-assembly1cifgz,1brt-assembly1cifgz,22,26,64,64,0
1a8q-assembly1cifgz,3fob-assembly1cifgz,22,25,64,64,0
1a8q-assembly1cifgz,4x00-assembly4cifgz,22,26,64,64,0
1a8q-assembly1cifgz,6t6y-assembly1cifgz,22,26,64,64,0
1a8q-assembly1cifgz,3e0x-assembly2cifgz,22,17,64,64,0
1a8q-assembly1cifgz,5z7w-assembly1cifgz,22,19,64,64,0
1a8q-assembly1cifgz,1m33-assembly1cifgz,22,14,64,64,0
1a8q-assembly1cifgz,4nmw-assembly1cifgz,22,14,64,64,0
1a8q-assembly1cifgz,6azd-assembly1cifgz,22,20,64,64,0
1a8q-assembly1cifgz,5z9g-assembly1cifgz,22,19,64,64,0
1a8q-assembly1cifgz,7k38-assembly1cifgz,22,20,64,64,0
1a8q-assembly1cifgz,5dnu-assembly1cifgz,22,18,64,64,0
1a8q-assembly1cifgz,5cbk-assembly1cifgz,22,20,64,64,0
1a8q-assembly1cifgz,5h3h-assembly1cifgz,22,24,64,64,0
1a8q-assembly1cifgz,5z7x-assembly1cifgz,22,21,64,64,0
1a8q-assembly1cifgz,6j2r-assembly1cifgz,22,19,64,64,0
1a8q-assembly1cifgz,7uoc-assembly1cifgz,22,18,64,64,0
1a8q-assembly1cifgz,5z89-assembly1cifgz,22,18,64,64,0
1a8q-assembly1cifgz,6uh8-assembly1cifgz,22,20,64,64,0
1a8q-assembly1cifgz,6xfo-assembly1cifgz,22,19,64,64,0
1a8q-assembly1cifgz,4ih4-assembly4cifgz,22,17,64,64,0
1a8q-assembly1cifgz,1wom-assembly2cifgz,22,22,64,64,0
1a8q-assembly1cifgz,7f5w-assembly2cifgz,22,22,64,64,0
1a8q-assembly1cifgz,3qvm-assembly1cifgz,22,26,64,64,0
1a8q-assembly1cifgz,6atx-assembly1cifgz,22,17,64,64,0
1a8q-assembly1cifgz,7ukb-assembly1cifgz,22,18,64,64,0
1a8q-assembly1cifgz,3e3a-assembly1cifgz,22,27,64,64,0
1a8q-assembly1cifgz,5ie4-assembly1cifgz,22,26,64,64,0
1a8q-assembly1cifgz,5xo7-assembly1cifgz,22,27,64,64,0
1a8q-assembly1cifgz,5xwz-assembly2cifgz,22,26,64,64,0
1a8q-assembly1cifgz,6l7m-assembly1cifgz,22,26,64,64,0
1a8q-assembly1cifgz,8jlv-assembly6cifgz,22,26,64,64,0
1a8q-assembly1cifgz,4myd-assembly3cifgz,22,16,64,64,0
1a8q-assembly1cifgz,4i3f-assembly1cifgz,22,27,64,64,0
1a8q-assembly1cifgz,6l4h-assembly1cifgz,22,228,64,352,288
1a8q-assembly1cifgz,2xmr-assembly3cifgz,22,28,64,66,2
1a8q-assembly1cifgz,6zmm-assembly1cifgz,22,25,64,66,2
1a8q-assembly1cifgz,1c4x-assembly1cifgz,22,29,64,64,0
1a8q-assembly1cifgz,2og1-assembly1cifgz,22,35,64,64,0
1a8q-assembly1cifgz,5jz9-assembly1cifgz,22,33,64,64,0
1a8q-assembly1cifgz,1iun-assembly1cifgz,22,27,64,64,0
1a8q-assembly1cifgz,1u2e-assembly2cifgz,22,35,64,64,0
1a8q-assembly1cifgz,2ock-assembly1cifgz,22,26,64,64,0
1a8q-assembly1cifgz,4lxh-assembly1cifgz,22,28,64,64,0
1a8q-assembly1cifgz,8hgw-assembly1cifgz,22,23,64,64,0
1a8q-assembly1cifgz,1j1i-assembly1cifgz,22,25,64,64,0
4rnc-assembly2cifgz,7yii-assembly1cifgz,27,26,64,64,0
4rnc-assembly2cifgz,1a8s-assembly1cifgz,27,22,64,64,0
4rnc-assembly2cifgz,1brt-assembly1cifgz,27,26,64,64,0
4rnc-assembly2cifgz,3fob-assembly1cifgz,27,25,64,64,0
4rnc-assembly2cifgz,4x00-assembly4cifgz,27,26,64,64,0
4rnc-assembly2cifgz,6t6y-assembly1cifgz,27,26,64,64,0
4rnc-assembly2cifgz,3e0x-assembly2cifgz,27,17,64,64,0
4rnc-assembly2cifgz,5z7w-assembly1cifgz,27,19,64,64,0
4rnc-assembly2cifgz,1m33-assembly1cifgz,27,14,64,64,0
4rnc-assembly2cifgz,4nmw-assembly1cifgz,27,14,64,64,0
4rnc-assembly2cifgz,6azd-assembly1cifgz,27,20,64,64,0
4rnc-assembly2cifgz,5z9g-assembly1cifgz,27,19,64,64,0
4rnc-assembly2cifgz,7k38-assembly1cifgz,27,20,64,64,0
4rnc-assembly2cifgz,5dnu-assembly1cifgz,27,18,64,64,0
4rnc-assembly2cifgz,5cbk-assembly1cifgz,27,20,64,64,0
4rnc-assembly2cifgz,5h3h-assembly1cifgz,27,24,64,64,0
4rnc-assembly2cifgz,5z7x-assembly1cifgz,27,21,64,64,0
4rnc-assembly2cifgz,6j2r-assembly1cifgz,27,19,64,64,0
4rnc-assembly2cifgz,7uoc-assembly1cifgz,27,18,64,64,0
4rnc-assembly2cifgz,5z89-assembly1cifgz,27,18,64,64,0
4rnc-assembly2cifgz,6uh8-assembly1cifgz,27,20,64,64,0
4rnc-assembly2cifgz,6xfo-assembly1cifgz,27,19,64,64,0
4rnc-assembly2cifgz,4ih4-assembly4cifgz,27,17,64,64,0
4rnc-assembly2cifgz,1wom-assembly2cifgz,27,22,64,64,0
4rnc-assembly2cifgz,7f5w-assembly2cifgz,27,22,64,64,0
4rnc-assembly2cifgz,3qvm-assembly1cifgz,27,26,64,64,0
4rnc-assembly2cifgz,6atx-assembly1cifgz,27,17,64,64,0
4rnc-assembly2cifgz,7ukb-assembly1cifgz,27,18,64,64,0
4rnc-assembly2cifgz,3e3a-assembly1cifgz,27,27,64,64,0
4rnc-assembly2cifgz,5ie4-assembly1cifgz,27,26,64,64,0
4rnc-assembly2cifgz,5xo7-assembly1cifgz,27,27,64,64,0
4rnc-assembly2cifgz,5xwz-assembly2cifgz,27,26,64,64,0
4rnc-assembly2cifgz,6l7m-assembly1cifgz,27,26,64,64,0
4rnc-assembly2cifgz,8jlv-assembly6cifgz,27,26,64,64,0
4rnc-assembly2cifgz,4myd-assembly3cifgz,27,16,64,64,0
4rnc-assembly2cifgz,4i3f-assembly1cifgz,27,27,64,64,0
4rnc-assembly2cifgz,6l4h-assembly1cifgz,27,228,64,352,288
4rnc-assembly2cifgz,2xmr-assembly3cifgz,27,28,64,66,2
4rnc-assembly2cifgz,6zmm-assembly1cifgz,27,25,64,66,2
4rnc-assembly2cifgz,1c4x-assembly1cifgz,27,29,64,64,0
4rnc-assembly2cifgz,2og1-assembly1cifgz,27,35,64,64,0
4rnc-assembly2cifgz,5jz9-assembly1cifgz,27,33,64,64,0
4rnc-assembly2cifgz,1iun-assembly1cifgz,27,27,64,64,0
4rnc-assembly2cifgz,1u2e-assembly2cifgz,27,35,64,64,0
4rnc-assembly2cifgz,2ock-assembly1cifgz,27,26,64,64,0
4rnc-assembly2cifgz,4lxh-assembly1cifgz,27,28,64,64,0
4rnc-assembly2cifgz,8hgw-assembly1cifgz,27,23,64,64,0
4rnc-assembly2cifgz,1j1i-assembly1cifgz,27,25,64,64,0
7yii-assembly1cifgz,1a8s-assembly1cifgz,26,22,64,64,0
7yii-assembly1cifgz,1brt-assembly1cifgz,26,26,64,64,0
7yii-assembly1cifgz,3fob-assembly1cifgz,26,25,64,64,0
7yii-assembly1cifgz,4x00-assembly4cifgz,26,26,64,64,0
7yii-assembly1cifgz,6t6y-assembly1cifgz,26,26,64,64,0
7yii-assembly1cifgz,3e0x-assembly2cifgz,26,17,64,64,0
7yii-assembly1cifgz,5z7w-assembly1cifgz,26,19,64,64,0
7yii-assembly1cifgz,1m33-assembly1cifgz,26,14,64,64,0
7yii-assembly1cifgz,4nmw-assembly1cifgz,26,14,64,64,0
7yii-assembly1cifgz,6azd-assembly1cifgz,26,20,64,64,0
7yii-assembly1cifgz,5z9g-assembly1cifgz,26,19,64,64,0
7yii-assembly1cifgz,7k38-assembly1cifgz,26,20,64,64,0
7yii-assembly1cifgz,5dnu-assembly1cifgz,26,18,64,64,0
7yii-assembly1cifgz,5cbk-assembly1cifgz,26,20,64,64,0
7yii-assembly1cifgz,5h3h-assembly1cifgz,26,24,64,64,0
7yii-assembly1cifgz,5z7x-assembly1cifgz,26,21,64,64,0
7yii-assembly1cifgz,6j2r-assembly1cifgz,26,19,64,64,0
7yii-assembly1cifgz,7uoc-assembly1cifgz,26,18,64,64,0
7yii-assembly1cifgz,5z89-assembly1cifgz,26,18,64,64,0
7yii-assembly1cifgz,6uh8-assembly1cifgz,26,20,64,64,0
7yii-assembly1cifgz,6xfo-assembly1cifgz,26,19,64,64,0
7yii-assembly1cifgz,4ih4-assembly4cifgz,26,17,64,64,0
7yii-assembly1cifgz,1wom-assembly2cifgz,26,22,64,64,0
7yii-assembly1cifgz,7f5w-assembly2cifgz,26,22,64,64,0
7yii-assembly1cifgz,3qvm-assembly1cifgz,26,26,64,64,0
7yii-assembly1cifgz,6atx-assembly1cifgz,26,17,64,64,0
7yii-assembly1cifgz,7ukb-assembly1cifgz,26,18,64,64,0
7yii-assembly1cifgz,3e3a-assembly1cifgz,26,27,64,64,0
7yii-assembly1cifgz,5ie4-assembly1cifgz,26,26,64,64,0
7yii-assembly1cifgz,5xo7-assembly1cifgz,26,27,64,64,0
7yii-assembly1cifgz,5xwz-assembly2cifgz,26,26,64,64,0
7yii-assembly1cifgz,6l7m-assembly1cifgz,26,26,64,64,0
7yii-assembly1cifgz,8jlv-assembly6cifgz,26,26,64,64,0
7yii-assembly1cifgz,4myd-assembly3cifgz,26,16,64,64,0
7yii-assembly1cifgz,4i3f-assembly1cifgz,26,27,64,64,0
7yii-assembly1cifgz,6l4h-assembly1cifgz,26,228,64,352,288
7yii-assembly1cifgz,2xmr-assembly3cifgz,26,28,64,66,2
7yii-assembly1cifgz,6zmm-assembly1cifgz,26,25,64,66,2
7yii-assembly1cifgz,1c4x-assembly1cifgz,26,29,64,64,0
7yii-assembly1cifgz,2og1-assembly1cifgz,26,35,64,64,0
7yii-assembly1cifgz,5jz9-assembly1cifgz,26,33,64,64,0
7yii-assembly1cifgz,1iun-assembly1cifgz,26,27,64,64,0
7yii-assembly1cifgz,1u2e-assembly2cifgz,26,35,64,64,0
7yii-assembly1cifgz,2ock-assembly1cifgz,26,26,64,64,0
7yii-assembly1cifgz,4lxh-assembly1cifgz,26,28,64,64,0
7yii-assembly1cifgz,8hgw-assembly1cifgz,26,23,64,64,0
7yii-assembly1cifgz,1j1i-assembly1cifgz,26,25,64,64,0
1a8s-assembly1cifgz,1brt-assembly1cifgz,22,26,64,64,0
1a8s-assembly1cifgz,3fob-assembly1cifgz,22,25,64,64,0
1a8s-assembly1cifgz,4x00-assembly4cifgz,22,26,64,64,0
1a8s-assembly1cifgz,6t6y-assembly1cifgz,22,26,64,64,0
1a8s-assembly1cifgz,3e0x-assembly2cifgz,22,17,64,64,0
1a8s-assembly1cifgz,5z7w-assembly1cifgz,22,19,64,64,0
1a8s-assembly1cifgz,1m33-assembly1cifgz,22,14,64,64,0
1a8s-assembly1cifgz,4nmw-assembly1cifgz,22,14,64,64,0
1a8s-assembly1cifgz,6azd-assembly1cifgz,22,20,64,64,0
1a8s-assembly1cifgz,5z9g-assembly1cifgz,22,19,64,64,0
1a8s-assembly1cifgz,7k38-assembly1cifgz,22,20,64,64,0
1a8s-assembly1cifgz,5dnu-assembly1cifgz,22,18,64,64,0
1a8s-assembly1cifgz,5cbk-assembly1cifgz,22,20,64,64,0
1a8s-assembly1cifgz,5h3h-assembly1cifgz,22,24,64,64,0
1a8s-assembly1cifgz,5z7x-assembly1cifgz,22,21,64,64,0
1a8s-assembly1cifgz,6j2r-assembly1cifgz,22,19,64,64,0
1a8s-assembly1cifgz,7uoc-assembly1cifgz,22,18,64,64,0
1a8s-assembly1cifgz,5z89-assembly1cifgz,22,18,64,64,0
1a8s-assembly1cifgz,6uh8-assembly1cifgz,22,20,64,64,0
1a8s-assembly1cifgz,6xfo-assembly1cifgz,22,19,64,64,0
1a8s-assembly1cifgz,4ih4-assembly4cifgz,22,17,64,64,0
1a8s-assembly1cifgz,1wom-assembly2cifgz,22,22,64,64,0
1a8s-assembly1cifgz,7f5w-assembly2cifgz,22,22,64,64,0
1a8s-assembly1cifgz,3qvm-assembly1cifgz,22,26,64,64,0
1a8s-assembly1cifgz,6atx-assembly1cifgz,22,17,64,64,0
1a8s-assembly1cifgz,7ukb-assembly1cifgz,22,18,64,64,0
1a8s-assembly1cifgz,3e3a-assembly1cifgz,22,27,64,64,0
1a8s-assembly1cifgz,5ie4-assembly1cifgz,22,26,64,64,0
1a8s-assembly1cifgz,5xo7-assembly1cifgz,22,27,64,64,0
1a8s-assembly1cifgz,5xwz-assembly2cifgz,22,26,64,64,0
1a8s-assembly1cifgz,6l7m-assembly1cifgz,22,26,64,64,0
1a8s-assembly1cifgz,8jlv-assembly6cifgz,22,26,64,64,0
1a8s-assembly1cifgz,4myd-assembly3cifgz,22,16,64,64,0
1a8s-assembly1cifgz,4i3f-assembly1cifgz,22,27,64,64,0
1a8s-assembly1cifgz,6l4h-assembly1cifgz,22,228,64,352,288
1a8s-assembly1cifgz,2xmr-assembly3cifgz,22,28,64,66,2
1a8s-assembly1cifgz,6zmm-assembly1cifgz,22,25,64,66,2
1a8s-assembly1cifgz,1c4x-assembly1cifgz,22,29,64,64,0
1a8s-assembly1cifgz,2og1-assembly1cifgz,22,35,64,64,0
1a8s-assembly1cifgz,5jz9-assembly1cifgz,22,33,64,64,0
1a8s-assembly1cifgz,1iun-assembly1cifgz,22,27,64,64,0
1a8s-assembly1cifgz,1u2e-assembly2cifgz,22,35,64,64,0
1a8s-assembly1cifgz,2ock-assembly1cifgz,22,26,64,64,0
1a8s-assembly1cifgz,4lxh-assembly1cifgz,22,28,64,64,0
1a8s-assembly1cifgz,8hgw-assembly1cifgz,22,23,64,64,0
1a8s-assembly1cifgz,1j1i-assembly1cifgz,22,25,64,64,0
1brt-assembly1cifgz,3fob-assembly1cifgz,26,25,64,64,0
1brt-assembly1cifgz,4x00-assembly4cifgz,26,26,64,64,0
1brt-assembly1cifgz,6t6y-assembly1cifgz,26,26,64,64,0
1brt-assembly1cifgz,3e0x-assembly2cifgz,26,17,64,64,0
1brt-assembly1cifgz,5z7w-assembly1cifgz,26,19,64,64,0
1brt-assembly1cifgz,1m33-assembly1cifgz,26,14,64,64,0
1brt-assembly1cifgz,4nmw-assembly1cifgz,26,14,64,64,0
1brt-assembly1cifgz,6azd-assembly1cifgz,26,20,64,64,0
1brt-assembly1cifgz,5z9g-assembly1cifgz,26,19,64,64,0
1brt-assembly1cifgz,7k38-assembly1cifgz,26,20,64,64,0
1brt-assembly1cifgz,5dnu-assembly1cifgz,26,18,64,64,0
1brt-assembly1cifgz,5cbk-assembly1cifgz,26,20,64,64,0
1brt-assembly1cifgz,5h3h-assembly1cifgz,26,24,64,64,0
1brt-assembly1cifgz,5z7x-assembly1cifgz,26,21,64,64,0
1brt-assembly1cifgz,6j2r-assembly1cifgz,26,19,64,64,0
1brt-assembly1cifgz,7uoc-assembly1cifgz,26,18,64,64,0
1brt-assembly1cifgz,5z89-assembly1cifgz,26,18,64,64,0
1brt-assembly1cifgz,6uh8-assembly1cifgz,26,20,64,64,0
1brt-assembly1cifgz,6xfo-assembly1cifgz,26,19,64,64,0
1brt-assembly1cifgz,4ih4-assembly4cifgz,26,17,64,64,0
1brt-assembly1cifgz,1wom-assembly2cifgz,26,22,64,64,0
1brt-assembly1cifgz,7f5w-assembly2cifgz,26,22,64,64,0
1brt-assembly1cifgz,3qvm-assembly1cifgz,26,26,64,64,0
1brt-assembly1cifgz,6atx-assembly1cifgz,26,17,64,64,0
1brt-assembly1cifgz,7ukb-assembly1cifgz,26,18,64,64,0
1brt-assembly1cifgz,3e3a-assembly1cifgz,26,27,64,64,0
1brt-assembly1cifgz,5ie4-assembly1cifgz,26,26,64,64,0
1brt-assembly1cifgz,5xo7-assembly1cifgz,26,27,64,64,0
1brt-assembly1cifgz,5xwz-assembly2cifgz,26,26,64,64,0
1brt-assembly1cifgz,6l7m-assembly1cifgz,26,26,64,64,0
1brt-assembly1cifgz,8jlv-assembly6cifgz,26,26,64,64,0
1brt-assembly1cifgz,4myd-assembly3cifgz,26,16,64,64,0
1brt-assembly1cifgz,4i3f-assembly1cifgz,26,27,64,64,0
1brt-assembly1cifgz,6l4h-assembly1cifgz,26,228,64,352,288
1brt-assembly1cifgz,2xmr-assembly3cifgz,26,28,64,66,2
1brt-assembly1cifgz,6zmm-assembly1cifgz,26,25,64,66,2
1brt-assembly1cifgz,1c4x-assembly1cifgz,26,29,64,64,0
1brt-assembly1cifgz,2og1-assembly1cifgz,26,35,64,64,0
1brt-assembly1cifgz,5jz9-assembly1cifgz,26,33,64,64,0
1brt-assembly1cifgz,1iun-assembly1cifgz,26,27,64,64,0
1brt-assembly1cifgz,1u2e-assembly2cifgz,26,35,64,64,0
1brt-assembly1cifgz,2ock-assembly1cifgz,26,26,64,64,0
1brt-assembly1cifgz,4lxh-assembly1cifgz,26,28,64,64,0
1brt-assembly1cifgz,8hgw-assembly1cifgz,26,23,64,64,0
1brt-assembly1cifgz,1j1i-assembly1cifgz,26,25,64,64,0
3fob-assembly1cifgz,4x00-assembly4cifgz,25,26,64,64,0
3fob-assembly1cifgz,6t6y-assembly1cifgz,25,26,64,64,0
3fob-assembly1cifgz,3e0x-assembly2cifgz,25,17,64,64,0
3fob-assembly1cifgz,5z7w-assembly1cifgz,25,19,64,64,0
3fob-assembly1cifgz,1m33-assembly1cifgz,25,14,64,64,0
3fob-assembly1cifgz,4nmw-assembly1cifgz,25,14,64,64,0
3fob-assembly1cifgz,6azd-assembly1cifgz,25,20,64,64,0
3fob-assembly1cifgz,5z9g-assembly1cifgz,25,19,64,64,0
3fob-assembly1cifgz,7k38-assembly1cifgz,25,20,64,64,0
3fob-assembly1cifgz,5dnu-assembly1cifgz,25,18,64,64,0
3fob-assembly1cifgz,5cbk-assembly1cifgz,25,20,64,64,0
3fob-assembly1cifgz,5h3h-assembly1cifgz,25,24,64,64,0
3fob-assembly1cifgz,5z7x-assembly1cifgz,25,21,64,64,0
3fob-assembly1cifgz,6j2r-assembly1cifgz,25,19,64,64,0
3fob-assembly1cifgz,7uoc-assembly1cifgz,25,18,64,64,0
3fob-assembly1cifgz,5z89-assembly1cifgz,25,18,64,64,0
3fob-assembly1cifgz,6uh8-assembly1cifgz,25,20,64,64,0
3fob-assembly1cifgz,6xfo-assembly1cifgz,25,19,64,64,0
3fob-assembly1cifgz,4ih4-assembly4cifgz,25,17,64,64,0
3fob-assembly1cifgz,1wom-assembly2cifgz,25,22,64,64,0
3fob-assembly1cifgz,7f5w-assembly2cifgz,25,22,64,64,0
3fob-assembly1cifgz,3qvm-assembly1cifgz,25,26,64,64,0
3fob-assembly1cifgz,6atx-assembly1cifgz,25,17,64,64,0
3fob-assembly1cifgz,7ukb-assembly1cifgz,25,18,64,64,0
3fob-assembly1cifgz,3e3a-assembly1cifgz,25,27,64,64,0
3fob-assembly1cifgz,5ie4-assembly1cifgz,25,26,64,64,0
3fob-assembly1cifgz,5xo7-assembly1cifgz,25,27,64,64,0
3fob-assembly1cifgz,5xwz-assembly2cifgz,25,26,64,64,0
3fob-assembly1cifgz,6l7m-assembly1cifgz,25,26,64,64,0
3fob-assembly1cifgz,8jlv-assembly6cifgz,25,26,64,64,0
3fob-assembly1cifgz,4myd-assembly3cifgz,25,16,64,64,0
3fob-assembly1cifgz,4i3f-assembly1cifgz,25,27,64,64,0
3fob-assembly1cifgz,6l4h-assembly1cifgz,25,228,64,352,288
3fob-assembly1cifgz,2xmr-assembly3cifgz,25,28,64,66,2
3fob-assembly1cifgz,6zmm-assembly1cifgz,25,25,64,66,2
3fob-assembly1cifgz,1c4x-assembly1cifgz,25,29,64,64,0
3fob-assembly1cifgz,2og1-assembly1cifgz,25,35,64,64,0
3fob-assembly1cifgz,5jz9-assembly1cifgz,25,33,64,64,0
3fob-assembly1cifgz,1iun-assembly1cifgz,25,27,64,64,0
3fob-assembly1cifgz,1u2e-assembly2cifgz,25,35,64,64,0
3fob-assembly1cifgz,2ock-assembly1cifgz,25,26,64,64,0
3fob-assembly1cifgz,4lxh-assembly1cifgz,25,28,64,64,0
3fob-assembly1cifgz,8hgw-assembly1cifgz,25,23,64,64,0
3fob-assembly1cifgz,1j1i-assembly1cifgz,25,25,64,64,0
4x00-assembly4cifgz,6t6y-assembly1cifgz,26,26,64,64,0
4x00-assembly4cifgz,3e0x-assembly2cifgz,26,17,64,64,0
4x00-assembly4cifgz,5z7w-assembly1cifgz,26,19,64,64,0
4x00-assembly4cifgz,1m33-assembly1cifgz,26,14,64,64,0
4x00-assembly4cifgz,4nmw-assembly1cifgz,26,14,64,64,0
4x00-assembly4cifgz,6azd-assembly1cifgz,26,20,64,64,0
4x00-assembly4cifgz,5z9g-assembly1cifgz,26,19,64,64,0
4x00-assembly4cifgz,7k38-assembly1cifgz,26,20,64,64,0
4x00-assembly4cifgz,5dnu-assembly1cifgz,26,18,64,64,0
4x00-assembly4cifgz,5cbk-assembly1cifgz,26,20,64,64,0
4x00-assembly4cifgz,5h3h-assembly1cifgz,26,24,64,64,0
4x00-assembly4cifgz,5z7x-assembly1cifgz,26,21,64,64,0
4x00-assembly4cifgz,6j2r-assembly1cifgz,26,19,64,64,0
4x00-assembly4cifgz,7uoc-assembly1cifgz,26,18,64,64,0
4x00-assembly4cifgz,5z89-assembly1cifgz,26,18,64,64,0
4x00-assembly4cifgz,6uh8-assembly1cifgz,26,20,64,64,0
4x00-assembly4cifgz,6xfo-assembly1cifgz,26,19,64,64,0
4x00-assembly4cifgz,4ih4-assembly4cifgz,26,17,64,64,0
4x00-assembly4cifgz,1wom-assembly2cifgz,26,22,64,64,0
4x00-assembly4cifgz,7f5w-assembly2cifgz,26,22,64,64,0
4x00-assembly4cifgz,3qvm-assembly1cifgz,26,26,64,64,0
4x00-assembly4cifgz,6atx-assembly1cifgz,26,17,64,64,0
4x00-assembly4cifgz,7ukb-assembly1cifgz,26,18,64,64,0
4x00-assembly4cifgz,3e3a-assembly1cifgz,26,27,64,64,0
4x00-assembly4cifgz,5ie4-assembly1cifgz,26,26,64,64,0
4x00-assembly4cifgz,5xo7-assembly1cifgz,26,27,64,64,0
4x00-assembly4cifgz,5xwz-assembly2cifgz,26,26,64,64,0
4x00-assembly4cifgz,6l7m-assembly1cifgz,26,26,64,64,0
4x00-assembly4cifgz,8jlv-assembly6cifgz,26,26,64,64,0
4x00-assembly4cifgz,4myd-assembly3cifgz,26,16,64,64,0
4x00-assembly4cifgz,4i3f-assembly1cifgz,26,27,64,64,0
4x00-assembly4cifgz,6l4h-assembly1cifgz,26,228,64,352,288
4x00-assembly4cifgz,2xmr-assembly3cifgz,26,28,64,66,2
4x00-assembly4cifgz,6zmm-assembly1cifgz,26,25,64,66,2
4x00-assembly4cifgz,1c4x-assembly1cifgz,26,29,64,64,0
4x00-assembly4cifgz,2og1-assembly1cifgz,26,35,64,64,0
4x00-assembly4cifgz,5jz9-assembly1cifgz,26,33,64,64,0
4x00-assembly4cifgz,1iun-assembly1cifgz,26,27,64,64,0
4x00-assembly4cifgz,1u2e-assembly2cifgz,26,35,64,64,0
4x00-assembly4cifgz,2ock-assembly1cifgz,26,26,64,64,0
4x00-assembly4cifgz,4lxh-assembly1cifgz,26,28,64,64,0
4x00-assembly4cifgz,8hgw-assembly1cifgz,26,23,64,64,0
4x00-assembly4cifgz,1j1i-assembly1cifgz,26,25,64,64,0
6t6y-assembly1cifgz,3e0x-assembly2cifgz,26,17,64,64,0
6t6y-assembly1cifgz,5z7w-assembly1cifgz,26,19,64,64,0
6t6y-assembly1cifgz,1m33-assembly1cifgz,26,14,64,64,0
6t6y-assembly1cifgz,4nmw-assembly1cifgz,26,14,64,64,0
6t6y-assembly1cifgz,6azd-assembly1cifgz,26,20,64,64,0
6t6y-assembly1cifgz,5z9g-assembly1cifgz,26,19,64,64,0
6t6y-assembly1cifgz,7k38-assembly1cifgz,26,20,64,64,0
6t6y-assembly1cifgz,5dnu-assembly1cifgz,26,18,64,64,0
6t6y-assembly1cifgz,5cbk-assembly1cifgz,26,20,64,64,0
6t6y-assembly1cifgz,5h3h-assembly1cifgz,26,24,64,64,0
6t6y-assembly1cifgz,5z7x-assembly1cifgz,26,21,64,64,0
6t6y-assembly1cifgz,6j2r-assembly1cifgz,26,19,64,64,0
6t6y-assembly1cifgz,7uoc-assembly1cifgz,26,18,64,64,0
6t6y-assembly1cifgz,5z89-assembly1cifgz,26,18,64,64,0
6t6y-assembly1cifgz,6uh8-assembly1cifgz,26,20,64,64,0
6t6y-assembly1cifgz,6xfo-assembly1cifgz,26,19,64,64,0
6t6y-assembly1cifgz,4ih4-assembly4cifgz,26,17,64,64,0
6t6y-assembly1cifgz,1wom-assembly2cifgz,26,22,64,64,0
6t6y-assembly1cifgz,7f5w-assembly2cifgz,26,22,64,64,0
6t6y-assembly1cifgz,3qvm-assembly1cifgz,26,26,64,64,0
6t6y-assembly1cifgz,6atx-assembly1cifgz,26,17,64,64,0
6t6y-assembly1cifgz,7ukb-assembly1cifgz,26,18,64,64,0
6t6y-assembly1cifgz,3e3a-assembly1cifgz,26,27,64,64,0
6t6y-assembly1cifgz,5ie4-assembly1cifgz,26,26,64,64,0
6t6y-assembly1cifgz,5xo7-assembly1cifgz,26,27,64,64,0
6t6y-assembly1cifgz,5xwz-assembly2cifgz,26,26,64,64,0
6t6y-assembly1cifgz,6l7m-assembly1cifgz,26,26,64,64,0
6t6y-assembly1cifgz,8jlv-assembly6cifgz,26,26,64,64,0
6t6y-assembly1cifgz,4myd-assembly3cifgz,26,16,64,64,0
6t6y-assembly1cifgz,4i3f-assembly1cifgz,26,27,64,64,0
6t6y-assembly1cifgz,6l4h-assembly1cifgz,26,228,64,352,288
6t6y-assembly1cifgz,2xmr-assembly3cifgz,26,28,64,66,2
6t6y-assembly1cifgz,6zmm-assembly1cifgz,26,25,64,66,2
6t6y-assembly1cifgz,1c4x-assembly1cifgz,26,29,64,64,0
6t6y-assembly1cifgz,2og1-assembly1cifgz,26,35,64,64,0
6t6y-assembly1cifgz,5jz9-assembly1cifgz,26,33,64,64,0
6t6y-assembly1cifgz,1iun-assembly1cifgz,26,27,64,64,0
6t6y-assembly1cifgz,1u2e-assembly2cifgz,26,35,64,64,0
6t6y-assembly1cifgz,2ock-assembly1cifgz,26,26,64,64,0
6t6y-assembly1cifgz,4lxh-assembly1cifgz,26,28,64,64,0
6t6y-assembly1cifgz,8hgw-assembly1cifgz,26,23,64,64,0
6t6y-assembly1cifgz,1j1i-assembly1cifgz,26,25,64,64,0
3e0x-assembly2cifgz,5z7w-assembly1cifgz,17,19,64,64,0
3e0x-assembly2cifgz,1m33-assembly1cifgz,17,14,64,64,0
3e0x-assembly2cifgz,4nmw-assembly1cifgz,17,14,64,64,0
3e0x-assembly2cifgz,6azd-assembly1cifgz,17,20,64,64,0
3e0x-assembly2cifgz,5z9g-assembly1cifgz,17,19,64,64,0
3e0x-assembly2cifgz,7k38-assembly1cifgz,17,20,64,64,0
3e0x-assembly2cifgz,5dnu-assembly1cifgz,17,18,64,64,0
3e0x-assembly2cifgz,5cbk-assembly1cifgz,17,20,64,64,0
3e0x-assembly2cifgz,5h3h-assembly1cifgz,17,24,64,64,0
3e0x-assembly2cifgz,5z7x-assembly1cifgz,17,21,64,64,0
3e0x-assembly2cifgz,6j2r-assembly1cifgz,17,19,64,64,0
3e0x-assembly2cifgz,7uoc-assembly1cifgz,17,18,64,64,0
3e0x-assembly2cifgz,5z89-assembly1cifgz,17,18,64,64,0
3e0x-assembly2cifgz,6uh8-assembly1cifgz,17,20,64,64,0
3e0x-assembly2cifgz,6xfo-assembly1cifgz,17,19,64,64,0
3e0x-assembly2cifgz,4ih4-assembly4cifgz,17,17,64,64,0
3e0x-assembly2cifgz,1wom-assembly2cifgz,17,22,64,64,0
3e0x-assembly2cifgz,7f5w-assembly2cifgz,17,22,64,64,0
3e0x-assembly2cifgz,3qvm-assembly1cifgz,17,26,64,64,0
3e0x-assembly2cifgz,6atx-assembly1cifgz,17,17,64,64,0
3e0x-assembly2cifgz,7ukb-assembly1cifgz,17,18,64,64,0
3e0x-assembly2cifgz,3e3a-assembly1cifgz,17,27,64,64,0
3e0x-assembly2cifgz,5ie4-assembly1cifgz,17,26,64,64,0
3e0x-assembly2cifgz,5xo7-assembly1cifgz,17,27,64,64,0
3e0x-assembly2cifgz,5xwz-assembly2cifgz,17,26,64,64,0
3e0x-assembly2cifgz,6l7m-assembly1cifgz,17,26,64,64,0
3e0x-assembly2cifgz,8jlv-assembly6cifgz,17,26,64,64,0
3e0x-assembly2cifgz,4myd-assembly3cifgz,17,16,64,64,0
3e0x-assembly2cifgz,4i3f-assembly1cifgz,17,27,64,64,0
3e0x-assembly2cifgz,6l4h-assembly1cifgz,17,228,64,352,288
3e0x-assembly2cifgz,2xmr-assembly3cifgz,17,28,64,66,2
3e0x-assembly2cifgz,6zmm-assembly1cifgz,17,25,64,66,2
3e0x-assembly2cifgz,1c4x-assembly1cifgz,17,29,64,64,0
3e0x-assembly2cifgz,2og1-assembly1cifgz,17,35,64,64,0
3e0x-assembly2cifgz,5jz9-assembly1cifgz,17,33,64,64,0
3e0x-assembly2cifgz,1iun-assembly1cifgz,17,27,64,64,0
3e0x-assembly2cifgz,1u2e-assembly2cifgz,17,35,64,64,0
3e0x-assembly2cifgz,2ock-assembly1cifgz,17,26,64,64,0
3e0x-assembly2cifgz,4lxh-assembly1cifgz,17,28,64,64,0
3e0x-assembly2cifgz,8hgw-assembly1cifgz,17,23,64,64,0
3e0x-assembly2cifgz,1j1i-assembly1cifgz,17,25,64,64,0
5z7w-assembly1cifgz,1m33-assembly1cifgz,19,14,64,64,0
5z7w-assembly1cifgz,4nmw-assembly1cifgz,19,14,64,64,0
5z7w-assembly1cifgz,6azd-assembly1cifgz,19,20,64,64,0
5z7w-assembly1cifgz,5z9g-assembly1cifgz,19,19,64,64,0
5z7w-assembly1cifgz,7k38-assembly1cifgz,19,20,64,64,0
5z7w-assembly1cifgz,5dnu-assembly1cifgz,19,18,64,64,0
5z7w-assembly1cifgz,5cbk-assembly1cifgz,19,20,64,64,0
5z7w-assembly1cifgz,5h3h-assembly1cifgz,19,24,64,64,0
5z7w-assembly1cifgz,5z7x-assembly1cifgz,19,21,64,64,0
5z7w-assembly1cifgz,6j2r-assembly1cifgz,19,19,64,64,0
5z7w-assembly1cifgz,7uoc-assembly1cifgz,19,18,64,64,0
5z7w-assembly1cifgz,5z89-assembly1cifgz,19,18,64,64,0
5z7w-assembly1cifgz,6uh8-assembly1cifgz,19,20,64,64,0
5z7w-assembly1cifgz,6xfo-assembly1cifgz,19,19,64,64,0
5z7w-assembly1cifgz,4ih4-assembly4cifgz,19,17,64,64,0
5z7w-assembly1cifgz,1wom-assembly2cifgz,19,22,64,64,0
5z7w-assembly1cifgz,7f5w-assembly2cifgz,19,22,64,64,0
5z7w-assembly1cifgz,3qvm-assembly1cifgz,19,26,64,64,0
5z7w-assembly1cifgz,6atx-assembly1cifgz,19,17,64,64,0
5z7w-assembly1cifgz,7ukb-assembly1cifgz,19,18,64,64,0
5z7w-assembly1cifgz,3e3a-assembly1cifgz,19,27,64,64,0
5z7w-assembly1cifgz,5ie4-assembly1cifgz,19,26,64,64,0
5z7w-assembly1cifgz,5xo7-assembly1cifgz,19,27,64,64,0
5z7w-assembly1cifgz,5xwz-assembly2cifgz,19,26,64,64,0
5z7w-assembly1cifgz,6l7m-assembly1cifgz,19,26,64,64,0
5z7w-assembly1cifgz,8jlv-assembly6cifgz,19,26,64,64,0
5z7w-assembly1cifgz,4myd-assembly3cifgz,19,16,64,64,0
5z7w-assembly1cifgz,4i3f-assembly1cifgz,19,27,64,64,0
5z7w-assembly1cifgz,6l4h-assembly1cifgz,19,228,64,352,288
5z7w-assembly1cifgz,2xmr-assembly3cifgz,19,28,64,66,2
5z7w-assembly1cifgz,6zmm-assembly1cifgz,19,25,64,66,2
5z7w-assembly1cifgz,1c4x-assembly1cifgz,19,29,64,64,0
5z7w-assembly1cifgz,2og1-assembly1cifgz,19,35,64,64,0
5z7w-assembly1cifgz,5jz9-assembly1cifgz,19,33,64,64,0
5z7w-assembly1cifgz,1iun-assembly1cifgz,19,27,64,64,0
5z7w-assembly1cifgz,1u2e-assembly2cifgz,19,35,64,64,0
5z7w-assembly1cifgz,2ock-assembly1cifgz,19,26,64,64,0
5z7w-assembly1cifgz,4lxh-assembly1cifgz,19,28,64,64,0
5z7w-assembly1cifgz,8hgw-assembly1cifgz,19,23,64,64,0
5z7w-assembly1cifgz,1j1i-assembly1cifgz,19,25,64,64,0
1m33-assembly1cifgz,4nmw-assembly1cifgz,14,14,64,64,0
1m33-assembly1cifgz,6azd-assembly1cifgz,14,20,64,64,0
1m33-assembly1cifgz,5z9g-assembly1cifgz,14,19,64,64,0
1m33-assembly1cifgz,7k38-assembly1cifgz,14,20,64,64,0
1m33-assembly1cifgz,5dnu-assembly1cifgz,14,18,64,64,0
1m33-assembly1cifgz,5cbk-assembly1cifgz,14,20,64,64,0
1m33-assembly1cifgz,5h3h-assembly1cifgz,14,24,64,64,0
1m33-assembly1cifgz,5z7x-assembly1cifgz,14,21,64,64,0
1m33-assembly1cifgz,6j2r-assembly1cifgz,14,19,64,64,0
1m33-assembly1cifgz,7uoc-assembly1cifgz,14,18,64,64,0
1m33-assembly1cifgz,5z89-assembly1cifgz,14,18,64,64,0
1m33-assembly1cifgz,6uh8-assembly1cifgz,14,20,64,64,0
1m33-assembly1cifgz,6xfo-assembly1cifgz,14,19,64,64,0
1m33-assembly1cifgz,4ih4-assembly4cifgz,14,17,64,64,0
1m33-assembly1cifgz,1wom-assembly2cifgz,14,22,64,64,0
1m33-assembly1cifgz,7f5w-assembly2cifgz,14,22,64,64,0
1m33-assembly1cifgz,3qvm-assembly1cifgz,14,26,64,64,0
1m33-assembly1cifgz,6atx-assembly1cifgz,14,17,64,64,0
1m33-assembly1cifgz,7ukb-assembly1cifgz,14,18,64,64,0
1m33-assembly1cifgz,3e3a-assembly1cifgz,14,27,64,64,0
1m33-assembly1cifgz,5ie4-assembly1cifgz,14,26,64,64,0
1m33-assembly1cifgz,5xo7-assembly1cifgz,14,27,64,64,0
1m33-assembly1cifgz,5xwz-assembly2cifgz,14,26,64,64,0
1m33-assembly1cifgz,6l7m-assembly1cifgz,14,26,64,64,0
1m33-assembly1cifgz,8jlv-assembly6cifgz,14,26,64,64,0
1m33-assembly1cifgz,4myd-assembly3cifgz,14,16,64,64,0
1m33-assembly1cifgz,4i3f-assembly1cifgz,14,27,64,64,0
1m33-assembly1cifgz,6l4h-assembly1cifgz,14,228,64,352,288
1m33-assembly1cifgz,2xmr-assembly3cifgz,14,28,64,66,2
1m33-assembly1cifgz,6zmm-assembly1cifgz,14,25,64,66,2
1m33-assembly1cifgz,1c4x-assembly1cifgz,14,29,64,64,0
1m33-assembly1cifgz,2og1-assembly1cifgz,14,35,64,64,0
1m33-assembly1cifgz,5jz9-assembly1cifgz,14,33,64,64,0
1m33-assembly1cifgz,1iun-assembly1cifgz,14,27,64,64,0
1m33-assembly1cifgz,1u2e-assembly2cifgz,14,35,64,64,0
1m33-assembly1cifgz,2ock-assembly1cifgz,14,26,64,64,0
1m33-assembly1cifgz,4lxh-assembly1cifgz,14,28,64,64,0
1m33-assembly1cifgz,8hgw-assembly1cifgz,14,23,64,64,0
1m33-assembly1cifgz,1j1i-assembly1cifgz,14,25,64,64,0
4nmw-assembly1cifgz,6azd-assembly1cifgz,14,20,64,64,0
4nmw-assembly1cifgz,5z9g-assembly1cifgz,14,19,64,64,0
4nmw-assembly1cifgz,7k38-assembly1cifgz,14,20,64,64,0
4nmw-assembly1cifgz,5dnu-assembly1cifgz,14,18,64,64,0
4nmw-assembly1cifgz,5cbk-assembly1cifgz,14,20,64,64,0
4nmw-assembly1cifgz,5h3h-assembly1cifgz,14,24,64,64,0
4nmw-assembly1cifgz,5z7x-assembly1cifgz,14,21,64,64,0
4nmw-assembly1cifgz,6j2r-assembly1cifgz,14,19,64,64,0
4nmw-assembly1cifgz,7uoc-assembly1cifgz,14,18,64,64,0
4nmw-assembly1cifgz,5z89-assembly1cifgz,14,18,64,64,0
4nmw-assembly1cifgz,6uh8-assembly1cifgz,14,20,64,64,0
4nmw-assembly1cifgz,6xfo-assembly1cifgz,14,19,64,64,0
4nmw-assembly1cifgz,4ih4-assembly4cifgz,14,17,64,64,0
4nmw-assembly1cifgz,1wom-assembly2cifgz,14,22,64,64,0
4nmw-assembly1cifgz,7f5w-assembly2cifgz,14,22,64,64,0
4nmw-assembly1cifgz,3qvm-assembly1cifgz,14,26,64,64,0
4nmw-assembly1cifgz,6atx-assembly1cifgz,14,17,64,64,0
4nmw-assembly1cifgz,7ukb-assembly1cifgz,14,18,64,64,0
4nmw-assembly1cifgz,3e3a-assembly1cifgz,14,27,64,64,0
4nmw-assembly1cifgz,5ie4-assembly1cifgz,14,26,64,64,0
4nmw-assembly1cifgz,5xo7-assembly1cifgz,14,27,64,64,0
4nmw-assembly1cifgz,5xwz-assembly2cifgz,14,26,64,64,0
4nmw-assembly1cifgz,6l7m-assembly1cifgz,14,26,64,64,0
4nmw-assembly1cifgz,8jlv-assembly6cifgz,14,26,64,64,0
4nmw-assembly1cifgz,4myd-assembly3cifgz,14,16,64,64,0
4nmw-assembly1cifgz,4i3f-assembly1cifgz,14,27,64,64,0
4nmw-assembly1cifgz,6l4h-assembly1cifgz,14,228,64,352,288
4nmw-assembly1cifgz,2xmr-assembly3cifgz,14,28,64,66,2
4nmw-assembly1cifgz,6zmm-assembly1cifgz,14,25,64,66,2
4nmw-assembly1cifgz,1c4x-assembly1cifgz,14,29,64,64,0
4nmw-assembly1cifgz,2og1-assembly1cifgz,14,35,64,64,0
4nmw-assembly1cifgz,5jz9-assembly1cifgz,14,33,64,64,0
4nmw-assembly1cifgz,1iun-assembly1cifgz,14,27,64,64,0
4nmw-assembly1cifgz,1u2e-assembly2cifgz,14,35,64,64,0
4nmw-assembly1cifgz,2ock-assembly1cifgz,14,26,64,64,0
4nmw-assembly1cifgz,4lxh-assembly1cifgz,14,28,64,64,0
4nmw-assembly1cifgz,8hgw-assembly1cifgz,14,23,64,64,0
4nmw-assembly1cifgz,1j1i-assembly1cifgz,14,25,64,64,0
6azd-assembly1cifgz,5z9g-assembly1cifgz,20,19,64,64,0
6azd-assembly1cifgz,7k38-assembly1cifgz,20,20,64,64,0
6azd-assembly1cifgz,5dnu-assembly1cifgz,20,18,64,64,0
6azd-assembly1cifgz,5cbk-assembly1cifgz,20,20,64,64,0
6azd-assembly1cifgz,5h3h-assembly1cifgz,20,24,64,64,0
6azd-assembly1cifgz,5z7x-assembly1cifgz,20,21,64,64,0
6azd-assembly1cifgz,6j2r-assembly1cifgz,20,19,64,64,0
6azd-assembly1cifgz,7uoc-assembly1cifgz,20,18,64,64,0
6azd-assembly1cifgz,5z89-assembly1cifgz,20,18,64,64,0
6azd-assembly1cifgz,6uh8-assembly1cifgz,20,20,64,64,0
6azd-assembly1cifgz,6xfo-assembly1cifgz,20,19,64,64,0
6azd-assembly1cifgz,4ih4-assembly4cifgz,20,17,64,64,0
6azd-assembly1cifgz,1wom-assembly2cifgz,20,22,64,64,0
6azd-assembly1cifgz,7f5w-assembly2cifgz,20,22,64,64,0
6azd-assembly1cifgz,3qvm-assembly1cifgz,20,26,64,64,0
6azd-assembly1cifgz,6atx-assembly1cifgz,20,17,64,64,0
6azd-assembly1cifgz,7ukb-assembly1cifgz,20,18,64,64,0
6azd-assembly1cifgz,3e3a-assembly1cifgz,20,27,64,64,0
6azd-assembly1cifgz,5ie4-assembly1cifgz,20,26,64,64,0
6azd-assembly1cifgz,5xo7-assembly1cifgz,20,27,64,64,0
6azd-assembly1cifgz,5xwz-assembly2cifgz,20,26,64,64,0
6azd-assembly1cifgz,6l7m-assembly1cifgz,20,26,64,64,0
6azd-assembly1cifgz,8jlv-assembly6cifgz,20,26,64,64,0
6azd-assembly1cifgz,4myd-assembly3cifgz,20,16,64,64,0
6azd-assembly1cifgz,4i3f-assembly1cifgz,20,27,64,64,0
6azd-assembly1cifgz,6l4h-assembly1cifgz,20,228,64,352,288
6azd-assembly1cifgz,2xmr-assembly3cifgz,20,28,64,66,2
6azd-assembly1cifgz,6zmm-assembly1cifgz,20,25,64,66,2
6azd-assembly1cifgz,1c4x-assembly1cifgz,20,29,64,64,0
6azd-assembly1cifgz,2og1-assembly1cifgz,20,35,64,64,0
6azd-assembly1cifgz,5jz9-assembly1cifgz,20,33,64,64,0
6azd-assembly1cifgz,1iun-assembly1cifgz,20,27,64,64,0
6azd-assembly1cifgz,1u2e-assembly2cifgz,20,35,64,64,0
6azd-assembly1cifgz,2ock-assembly1cifgz,20,26,64,64,0
6azd-assembly1cifgz,4lxh-assembly1cifgz,20,28,64,64,0
6azd-assembly1cifgz,8hgw-assembly1cifgz,20,23,64,64,0
6azd-assembly1cifgz,1j1i-assembly1cifgz,20,25,64,64,0
5z9g-assembly1cifgz,7k38-assembly1cifgz,19,20,64,64,0
5z9g-assembly1cifgz,5dnu-assembly1cifgz,19,18,64,64,0
5z9g-assembly1cifgz,5cbk-assembly1cifgz,19,20,64,64,0
5z9g-assembly1cifgz,5h3h-assembly1cifgz,19,24,64,64,0
5z9g-assembly1cifgz,5z7x-assembly1cifgz,19,21,64,64,0
5z9g-assembly1cifgz,6j2r-assembly1cifgz,19,19,64,64,0
5z9g-assembly1cifgz,7uoc-assembly1cifgz,19,18,64,64,0
5z9g-assembly1cifgz,5z89-assembly1cifgz,19,18,64,64,0
5z9g-assembly1cifgz,6uh8-assembly1cifgz,19,20,64,64,0
5z9g-assembly1cifgz,6xfo-assembly1cifgz,19,19,64,64,0
5z9g-assembly1cifgz,4ih4-assembly4cifgz,19,17,64,64,0
5z9g-assembly1cifgz,1wom-assembly2cifgz,19,22,64,64,0
5z9g-assembly1cifgz,7f5w-assembly2cifgz,19,22,64,64,0
5z9g-assembly1cifgz,3qvm-assembly1cifgz,19,26,64,64,0
5z9g-assembly1cifgz,6atx-assembly1cifgz,19,17,64,64,0
5z9g-assembly1cifgz,7ukb-assembly1cifgz,19,18,64,64,0
5z9g-assembly1cifgz,3e3a-assembly1cifgz,19,27,64,64,0
5z9g-assembly1cifgz,5ie4-assembly1cifgz,19,26,64,64,0
5z9g-assembly1cifgz,5xo7-assembly1cifgz,19,27,64,64,0
5z9g-assembly1cifgz,5xwz-assembly2cifgz,19,26,64,64,0
5z9g-assembly1cifgz,6l7m-assembly1cifgz,19,26,64,64,0
5z9g-assembly1cifgz,8jlv-assembly6cifgz,19,26,64,64,0
5z9g-assembly1cifgz,4myd-assembly3cifgz,19,16,64,64,0
5z9g-assembly1cifgz,4i3f-assembly1cifgz,19,27,64,64,0
5z9g-assembly1cifgz,6l4h-assembly1cifgz,19,228,64,352,288
5z9g-assembly1cifgz,2xmr-assembly3cifgz,19,28,64,66,2
5z9g-assembly1cifgz,6zmm-assembly1cifgz,19,25,64,66,2
5z9g-assembly1cifgz,1c4x-assembly1cifgz,19,29,64,64,0
5z9g-assembly1cifgz,2og1-assembly1cifgz,19,35,64,64,0
5z9g-assembly1cifgz,5jz9-assembly1cifgz,19,33,64,64,0
5z9g-assembly1cifgz,1iun-assembly1cifgz,19,27,64,64,0
5z9g-assembly1cifgz,1u2e-assembly2cifgz,19,35,64,64,0
5z9g-assembly1cifgz,2ock-assembly1cifgz,19,26,64,64,0
5z9g-assembly1cifgz,4lxh-assembly1cifgz,19,28,64,64,0
5z9g-assembly1cifgz,8hgw-assembly1cifgz,19,23,64,64,0
5z9g-assembly1cifgz,1j1i-assembly1cifgz,19,25,64,64,0
7k38-assembly1cifgz,5dnu-assembly1cifgz,20,18,64,64,0
7k38-assembly1cifgz,5cbk-assembly1cifgz,20,20,64,64,0
7k38-assembly1cifgz,5h3h-assembly1cifgz,20,24,64,64,0
7k38-assembly1cifgz,5z7x-assembly1cifgz,20,21,64,64,0
7k38-assembly1cifgz,6j2r-assembly1cifgz,20,19,64,64,0
7k38-assembly1cifgz,7uoc-assembly1cifgz,20,18,64,64,0
7k38-assembly1cifgz,5z89-assembly1cifgz,20,18,64,64,0
7k38-assembly1cifgz,6uh8-assembly1cifgz,20,20,64,64,0
7k38-assembly1cifgz,6xfo-assembly1cifgz,20,19,64,64,0
7k38-assembly1cifgz,4ih4-assembly4cifgz,20,17,64,64,0
7k38-assembly1cifgz,1wom-assembly2cifgz,20,22,64,64,0
7k38-assembly1cifgz,7f5w-assembly2cifgz,20,22,64,64,0
7k38-assembly1cifgz,3qvm-assembly1cifgz,20,26,64,64,0
7k38-assembly1cifgz,6atx-assembly1cifgz,20,17,64,64,0
7k38-assembly1cifgz,7ukb-assembly1cifgz,20,18,64,64,0
7k38-assembly1cifgz,3e3a-assembly1cifgz,20,27,64,64,0
7k38-assembly1cifgz,5ie4-assembly1cifgz,20,26,64,64,0
7k38-assembly1cifgz,5xo7-assembly1cifgz,20,27,64,64,0
7k38-assembly1cifgz,5xwz-assembly2cifgz,20,26,64,64,0
7k38-assembly1cifgz,6l7m-assembly1cifgz,20,26,64,64,0
7k38-assembly1cifgz,8jlv-assembly6cifgz,20,26,64,64,0
7k38-assembly1cifgz,4myd-assembly3cifgz,20,16,64,64,0
7k38-assembly1cifgz,4i3f-assembly1cifgz,20,27,64,64,0
7k38-assembly1cifgz,6l4h-assembly1cifgz,20,228,64,352,288
7k38-assembly1cifgz,2xmr-assembly3cifgz,20,28,64,66,2
7k38-assembly1cifgz,6zmm-assembly1cifgz,20,25,64,66,2
7k38-assembly1cifgz,1c4x-assembly1cifgz,20,29,64,64,0
7k38-assembly1cifgz,2og1-assembly1cifgz,20,35,64,64,0
7k38-assembly1cifgz,5jz9-assembly1cifgz,20,33,64,64,0
7k38-assembly1cifgz,1iun-assembly1cifgz,20,27,64,64,0
7k38-assembly1cifgz,1u2e-assembly2cifgz,20,35,64,64,0
7k38-assembly1cifgz,2ock-assembly1cifgz,20,26,64,64,0
7k38-assembly1cifgz,4lxh-assembly1cifgz,20,28,64,64,0
7k38-assembly1cifgz,8hgw-assembly1cifgz,20,23,64,64,0
7k38-assembly1cifgz,1j1i-assembly1cifgz,20,25,64,64,0
5dnu-assembly1cifgz,5cbk-assembly1cifgz,18,20,64,64,0
5dnu-assembly1cifgz,5h3h-assembly1cifgz,18,24,64,64,0
5dnu-assembly1cifgz,5z7x-assembly1cifgz,18,21,64,64,0
5dnu-assembly1cifgz,6j2r-assembly1cifgz,18,19,64,64,0
5dnu-assembly1cifgz,7uoc-assembly1cifgz,18,18,64,64,0
5dnu-assembly1cifgz,5z89-assembly1cifgz,18,18,64,64,0
5dnu-assembly1cifgz,6uh8-assembly1cifgz,18,20,64,64,0
5dnu-assembly1cifgz,6xfo-assembly1cifgz,18,19,64,64,0
5dnu-assembly1cifgz,4ih4-assembly4cifgz,18,17,64,64,0
5dnu-assembly1cifgz,1wom-assembly2cifgz,18,22,64,64,0
5dnu-assembly1cifgz,7f5w-assembly2cifgz,18,22,64,64,0
5dnu-assembly1cifgz,3qvm-assembly1cifgz,18,26,64,64,0
5dnu-assembly1cifgz,6atx-assembly1cifgz,18,17,64,64,0
5dnu-assembly1cifgz,7ukb-assembly1cifgz,18,18,64,64,0
5dnu-assembly1cifgz,3e3a-assembly1cifgz,18,27,64,64,0
5dnu-assembly1cifgz,5ie4-assembly1cifgz,18,26,64,64,0
5dnu-assembly1cifgz,5xo7-assembly1cifgz,18,27,64,64,0
5dnu-assembly1cifgz,5xwz-assembly2cifgz,18,26,64,64,0
5dnu-assembly1cifgz,6l7m-assembly1cifgz,18,26,64,64,0
5dnu-assembly1cifgz,8jlv-assembly6cifgz,18,26,64,64,0
5dnu-assembly1cifgz,4myd-assembly3cifgz,18,16,64,64,0
5dnu-assembly1cifgz,4i3f-assembly1cifgz,18,27,64,64,0
5dnu-assembly1cifgz,6l4h-assembly1cifgz,18,228,64,352,288
5dnu-assembly1cifgz,2xmr-assembly3cifgz,18,28,64,66,2
5dnu-assembly1cifgz,6zmm-assembly1cifgz,18,25,64,66,2
5dnu-assembly1cifgz,1c4x-assembly1cifgz,18,29,64,64,0
5dnu-assembly1cifgz,2og1-assembly1cifgz,18,35,64,64,0
5dnu-assembly1cifgz,5jz9-assembly1cifgz,18,33,64,64,0
5dnu-assembly1cifgz,1iun-assembly1cifgz,18,27,64,64,0
5dnu-assembly1cifgz,1u2e-assembly2cifgz,18,35,64,64,0
5dnu-assembly1cifgz,2ock-assembly1cifgz,18,26,64,64,0
5dnu-assembly1cifgz,4lxh-assembly1cifgz,18,28,64,64,0
5dnu-assembly1cifgz,8hgw-assembly1cifgz,18,23,64,64,0
5dnu-assembly1cifgz,1j1i-assembly1cifgz,18,25,64,64,0
5cbk-assembly1cifgz,5h3h-assembly1cifgz,20,24,64,64,0
5cbk-assembly1cifgz,5z7x-assembly1cifgz,20,21,64,64,0
5cbk-assembly1cifgz,6j2r-assembly1cifgz,20,19,64,64,0
5cbk-assembly1cifgz,7uoc-assembly1cifgz,20,18,64,64,0
5cbk-assembly1cifgz,5z89-assembly1cifgz,20,18,64,64,0
5cbk-assembly1cifgz,6uh8-assembly1cifgz,20,20,64,64,0
5cbk-assembly1cifgz,6xfo-assembly1cifgz,20,19,64,64,0
5cbk-assembly1cifgz,4ih4-assembly4cifgz,20,17,64,64,0
5cbk-assembly1cifgz,1wom-assembly2cifgz,20,22,64,64,0
5cbk-assembly1cifgz,7f5w-assembly2cifgz,20,22,64,64,0
5cbk-assembly1cifgz,3qvm-assembly1cifgz,20,26,64,64,0
5cbk-assembly1cifgz,6atx-assembly1cifgz,20,17,64,64,0
5cbk-assembly1cifgz,7ukb-assembly1cifgz,20,18,64,64,0
5cbk-assembly1cifgz,3e3a-assembly1cifgz,20,27,64,64,0
5cbk-assembly1cifgz,5ie4-assembly1cifgz,20,26,64,64,0
5cbk-assembly1cifgz,5xo7-assembly1cifgz,20,27,64,64,0
5cbk-assembly1cifgz,5xwz-assembly2cifgz,20,26,64,64,0
5cbk-assembly1cifgz,6l7m-assembly1cifgz,20,26,64,64,0
5cbk-assembly1cifgz,8jlv-assembly6cifgz,20,26,64,64,0
5cbk-assembly1cifgz,4myd-assembly3cifgz,20,16,64,64,0
5cbk-assembly1cifgz,4i3f-assembly1cifgz,20,27,64,64,0
5cbk-assembly1cifgz,6l4h-assembly1cifgz,20,228,64,352,288
5cbk-assembly1cifgz,2xmr-assembly3cifgz,20,28,64,66,2
5cbk-assembly1cifgz,6zmm-assembly1cifgz,20,25,64,66,2
5cbk-assembly1cifgz,1c4x-assembly1cifgz,20,29,64,64,0
5cbk-assembly1cifgz,2og1-assembly1cifgz,20,35,64,64,0
5cbk-assembly1cifgz,5jz9-assembly1cifgz,20,33,64,64,0
5cbk-assembly1cifgz,1iun-assembly1cifgz,20,27,64,64,0
5cbk-assembly1cifgz,1u2e-assembly2cifgz,20,35,64,64,0
5cbk-assembly1cifgz,2ock-assembly1cifgz,20,26,64,64,0
5cbk-assembly1cifgz,4lxh-assembly1cifgz,20,28,64,64,0
5cbk-assembly1cifgz,8hgw-assembly1cifgz,20,23,64,64,0
5cbk-assembly1cifgz,1j1i-assembly1cifgz,20,25,64,64,0
5h3h-assembly1cifgz,5z7x-assembly1cifgz,24,21,64,64,0
5h3h-assembly1cifgz,6j2r-assembly1cifgz,24,19,64,64,0
5h3h-assembly1cifgz,7uoc-assembly1cifgz,24,18,64,64,0
5h3h-assembly1cifgz,5z89-assembly1cifgz,24,18,64,64,0
5h3h-assembly1cifgz,6uh8-assembly1cifgz,24,20,64,64,0
5h3h-assembly1cifgz,6xfo-assembly1cifgz,24,19,64,64,0
5h3h-assembly1cifgz,4ih4-assembly4cifgz,24,17,64,64,0
5h3h-assembly1cifgz,1wom-assembly2cifgz,24,22,64,64,0
5h3h-assembly1cifgz,7f5w-assembly2cifgz,24,22,64,64,0
5h3h-assembly1cifgz,3qvm-assembly1cifgz,24,26,64,64,0
5h3h-assembly1cifgz,6atx-assembly1cifgz,24,17,64,64,0
5h3h-assembly1cifgz,7ukb-assembly1cifgz,24,18,64,64,0
5h3h-assembly1cifgz,3e3a-assembly1cifgz,24,27,64,64,0
5h3h-assembly1cifgz,5ie4-assembly1cifgz,24,26,64,64,0
5h3h-assembly1cifgz,5xo7-assembly1cifgz,24,27,64,64,0
5h3h-assembly1cifgz,5xwz-assembly2cifgz,24,26,64,64,0
5h3h-assembly1cifgz,6l7m-assembly1cifgz,24,26,64,64,0
5h3h-assembly1cifgz,8jlv-assembly6cifgz,24,26,64,64,0
5h3h-assembly1cifgz,4myd-assembly3cifgz,24,16,64,64,0
5h3h-assembly1cifgz,4i3f-assembly1cifgz,24,27,64,64,0
5h3h-assembly1cifgz,6l4h-assembly1cifgz,24,228,64,352,288
5h3h-assembly1cifgz,2xmr-assembly3cifgz,24,28,64,66,2
5h3h-assembly1cifgz,6zmm-assembly1cifgz,24,25,64,66,2
5h3h-assembly1cifgz,1c4x-assembly1cifgz,24,29,64,64,0
5h3h-assembly1cifgz,2og1-assembly1cifgz,24,35,64,64,0
5h3h-assembly1cifgz,5jz9-assembly1cifgz,24,33,64,64,0
5h3h-assembly1cifgz,1iun-assembly1cifgz,24,27,64,64,0
5h3h-assembly1cifgz,1u2e-assembly2cifgz,24,35,64,64,0
5h3h-assembly1cifgz,2ock-assembly1cifgz,24,26,64,64,0
5h3h-assembly1cifgz,4lxh-assembly1cifgz,24,28,64,64,0
5h3h-assembly1cifgz,8hgw-assembly1cifgz,24,23,64,64,0
5h3h-assembly1cifgz,1j1i-assembly1cifgz,24,25,64,64,0
5z7x-assembly1cifgz,6j2r-assembly1cifgz,21,19,64,64,0
5z7x-assembly1cifgz,7uoc-assembly1cifgz,21,18,64,64,0
5z7x-assembly1cifgz,5z89-assembly1cifgz,21,18,64,64,0
5z7x-assembly1cifgz,6uh8-assembly1cifgz,21,20,64,64,0
5z7x-assembly1cifgz,6xfo-assembly1cifgz,21,19,64,64,0
5z7x-assembly1cifgz,4ih4-assembly4cifgz,21,17,64,64,0
5z7x-assembly1cifgz,1wom-assembly2cifgz,21,22,64,64,0
5z7x-assembly1cifgz,7f5w-assembly2cifgz,21,22,64,64,0
5z7x-assembly1cifgz,3qvm-assembly1cifgz,21,26,64,64,0
5z7x-assembly1cifgz,6atx-assembly1cifgz,21,17,64,64,0
5z7x-assembly1cifgz,7ukb-assembly1cifgz,21,18,64,64,0
5z7x-assembly1cifgz,3e3a-assembly1cifgz,21,27,64,64,0
5z7x-assembly1cifgz,5ie4-assembly1cifgz,21,26,64,64,0
5z7x-assembly1cifgz,5xo7-assembly1cifgz,21,27,64,64,0
5z7x-assembly1cifgz,5xwz-assembly2cifgz,21,26,64,64,0
5z7x-assembly1cifgz,6l7m-assembly1cifgz,21,26,64,64,0
5z7x-assembly1cifgz,8jlv-assembly6cifgz,21,26,64,64,0
5z7x-assembly1cifgz,4myd-assembly3cifgz,21,16,64,64,0
5z7x-assembly1cifgz,4i3f-assembly1cifgz,21,27,64,64,0
5z7x-assembly1cifgz,6l4h-assembly1cifgz,21,228,64,352,288
5z7x-assembly1cifgz,2xmr-assembly3cifgz,21,28,64,66,2
5z7x-assembly1cifgz,6zmm-assembly1cifgz,21,25,64,66,2
5z7x-assembly1cifgz,1c4x-assembly1cifgz,21,29,64,64,0
5z7x-assembly1cifgz,2og1-assembly1cifgz,21,35,64,64,0
5z7x-assembly1cifgz,5jz9-assembly1cifgz,21,33,64,64,0
5z7x-assembly1cifgz,1iun-assembly1cifgz,21,27,64,64,0
5z7x-assembly1cifgz,1u2e-assembly2cifgz,21,35,64,64,0
5z7x-assembly1cifgz,2ock-assembly1cifgz,21,26,64,64,0
5z7x-assembly1cifgz,4lxh-assembly1cifgz,21,28,64,64,0
5z7x-assembly1cifgz,8hgw-assembly1cifgz,21,23,64,64,0
5z7x-assembly1cifgz,1j1i-assembly1cifgz,21,25,64,64,0
6j2r-assembly1cifgz,7uoc-assembly1cifgz,19,18,64,64,0
6j2r-assembly1cifgz,5z89-assembly1cifgz,19,18,64,64,0
6j2r-assembly1cifgz,6uh8-assembly1cifgz,19,20,64,64,0
6j2r-assembly1cifgz,6xfo-assembly1cifgz,19,19,64,64,0
6j2r-assembly1cifgz,4ih4-assembly4cifgz,19,17,64,64,0
6j2r-assembly1cifgz,1wom-assembly2cifgz,19,22,64,64,0
6j2r-assembly1cifgz,7f5w-assembly2cifgz,19,22,64,64,0
6j2r-assembly1cifgz,3qvm-assembly1cifgz,19,26,64,64,0
6j2r-assembly1cifgz,6atx-assembly1cifgz,19,17,64,64,0
6j2r-assembly1cifgz,7ukb-assembly1cifgz,19,18,64,64,0
6j2r-assembly1cifgz,3e3a-assembly1cifgz,19,27,64,64,0
6j2r-assembly1cifgz,5ie4-assembly1cifgz,19,26,64,64,0
6j2r-assembly1cifgz,5xo7-assembly1cifgz,19,27,64,64,0
6j2r-assembly1cifgz,5xwz-assembly2cifgz,19,26,64,64,0
6j2r-assembly1cifgz,6l7m-assembly1cifgz,19,26,64,64,0
6j2r-assembly1cifgz,8jlv-assembly6cifgz,19,26,64,64,0
6j2r-assembly1cifgz,4myd-assembly3cifgz,19,16,64,64,0
6j2r-assembly1cifgz,4i3f-assembly1cifgz,19,27,64,64,0
6j2r-assembly1cifgz,6l4h-assembly1cifgz,19,228,64,352,288
6j2r-assembly1cifgz,2xmr-assembly3cifgz,19,28,64,66,2
6j2r-assembly1cifgz,6zmm-assembly1cifgz,19,25,64,66,2
6j2r-assembly1cifgz,1c4x-assembly1cifgz,19,29,64,64,0
6j2r-assembly1cifgz,2og1-assembly1cifgz,19,35,64,64,0
6j2r-assembly1cifgz,5jz9-assembly1cifgz,19,33,64,64,0
6j2r-assembly1cifgz,1iun-assembly1cifgz,19,27,64,64,0
6j2r-assembly1cifgz,1u2e-assembly2cifgz,19,35,64,64,0
6j2r-assembly1cifgz,2ock-assembly1cifgz,19,26,64,64,0
6j2r-assembly1cifgz,4lxh-assembly1cifgz,19,28,64,64,0
6j2r-assembly1cifgz,8hgw-assembly1cifgz,19,23,64,64,0
6j2r-assembly1cifgz,1j1i-assembly1cifgz,19,25,64,64,0
7uoc-assembly1cifgz,5z89-assembly1cifgz,18,18,64,64,0
7uoc-assembly1cifgz,6uh8-assembly1cifgz,18,20,64,64,0
7uoc-assembly1cifgz,6xfo-assembly1cifgz,18,19,64,64,0
7uoc-assembly1cifgz,4ih4-assembly4cifgz,18,17,64,64,0
7uoc-assembly1cifgz,1wom-assembly2cifgz,18,22,64,64,0
7uoc-assembly1cifgz,7f5w-assembly2cifgz,18,22,64,64,0
7uoc-assembly1cifgz,3qvm-assembly1cifgz,18,26,64,64,0
7uoc-assembly1cifgz,6atx-assembly1cifgz,18,17,64,64,0
7uoc-assembly1cifgz,7ukb-assembly1cifgz,18,18,64,64,0
7uoc-assembly1cifgz,3e3a-assembly1cifgz,18,27,64,64,0
7uoc-assembly1cifgz,5ie4-assembly1cifgz,18,26,64,64,0
7uoc-assembly1cifgz,5xo7-assembly1cifgz,18,27,64,64,0
7uoc-assembly1cifgz,5xwz-assembly2cifgz,18,26,64,64,0
7uoc-assembly1cifgz,6l7m-assembly1cifgz,18,26,64,64,0
7uoc-assembly1cifgz,8jlv-assembly6cifgz,18,26,64,64,0
7uoc-assembly1cifgz,4myd-assembly3cifgz,18,16,64,64,0
7uoc-assembly1cifgz,4i3f-assembly1cifgz,18,27,64,64,0
7uoc-assembly1cifgz,6l4h-assembly1cifgz,18,228,64,352,288
7uoc-assembly1cifgz,2xmr-assembly3cifgz,18,28,64,66,2
7uoc-assembly1cifgz,6zmm-assembly1cifgz,18,25,64,66,2
7uoc-assembly1cifgz,1c4x-assembly1cifgz,18,29,64,64,0
7uoc-assembly1cifgz,2og1-assembly1cifgz,18,35,64,64,0
7uoc-assembly1cifgz,5jz9-assembly1cifgz,18,33,64,64,0
7uoc-assembly1cifgz,1iun-assembly1cifgz,18,27,64,64,0
7uoc-assembly1cifgz,1u2e-assembly2cifgz,18,35,64,64,0
7uoc-assembly1cifgz,2ock-assembly1cifgz,18,26,64,64,0
7uoc-assembly1cifgz,4lxh-assembly1cifgz,18,28,64,64,0
7uoc-assembly1cifgz,8hgw-assembly1cifgz,18,23,64,64,0
7uoc-assembly1cifgz,1j1i-assembly1cifgz,18,25,64,64,0
5z89-assembly1cifgz,6uh8-assembly1cifgz,18,20,64,64,0
5z89-assembly1cifgz,6xfo-assembly1cifgz,18,19,64,64,0
5z89-assembly1cifgz,4ih4-assembly4cifgz,18,17,64,64,0
5z89-assembly1cifgz,1wom-assembly2cifgz,18,22,64,64,0
5z89-assembly1cifgz,7f5w-assembly2cifgz,18,22,64,64,0
5z89-assembly1cifgz,3qvm-assembly1cifgz,18,26,64,64,0
5z89-assembly1cifgz,6atx-assembly1cifgz,18,17,64,64,0
5z89-assembly1cifgz,7ukb-assembly1cifgz,18,18,64,64,0
5z89-assembly1cifgz,3e3a-assembly1cifgz,18,27,64,64,0
5z89-assembly1cifgz,5ie4-assembly1cifgz,18,26,64,64,0
5z89-assembly1cifgz,5xo7-assembly1cifgz,18,27,64,64,0
5z89-assembly1cifgz,5xwz-assembly2cifgz,18,26,64,64,0
5z89-assembly1cifgz,6l7m-assembly1cifgz,18,26,64,64,0
5z89-assembly1cifgz,8jlv-assembly6cifgz,18,26,64,64,0
5z89-assembly1cifgz,4myd-assembly3cifgz,18,16,64,64,0
5z89-assembly1cifgz,4i3f-assembly1cifgz,18,27,64,64,0
5z89-assembly1cifgz,6l4h-assembly1cifgz,18,228,64,352,288
5z89-assembly1cifgz,2xmr-assembly3cifgz,18,28,64,66,2
5z89-assembly1cifgz,6zmm-assembly1cifgz,18,25,64,66,2
5z89-assembly1cifgz,1c4x-assembly1cifgz,18,29,64,64,0
5z89-assembly1cifgz,2og1-assembly1cifgz,18,35,64,64,0
5z89-assembly1cifgz,5jz9-assembly1cifgz,18,33,64,64,0
5z89-assembly1cifgz,1iun-assembly1cifgz,18,27,64,64,0
5z89-assembly1cifgz,1u2e-assembly2cifgz,18,35,64,64,0
5z89-assembly1cifgz,2ock-assembly1cifgz,18,26,64,64,0
5z89-assembly1cifgz,4lxh-assembly1cifgz,18,28,64,64,0
5z89-assembly1cifgz,8hgw-assembly1cifgz,18,23,64,64,0
5z89-assembly1cifgz,1j1i-assembly1cifgz,18,25,64,64,0
6uh8-assembly1cifgz,6xfo-assembly1cifgz,20,19,64,64,0
6uh8-assembly1cifgz,4ih4-assembly4cifgz,20,17,64,64,0
6uh8-assembly1cifgz,1wom-assembly2cifgz,20,22,64,64,0
6uh8-assembly1cifgz,7f5w-assembly2cifgz,20,22,64,64,0
6uh8-assembly1cifgz,3qvm-assembly1cifgz,20,26,64,64,0
6uh8-assembly1cifgz,6atx-assembly1cifgz,20,17,64,64,0
6uh8-assembly1cifgz,7ukb-assembly1cifgz,20,18,64,64,0
6uh8-assembly1cifgz,3e3a-assembly1cifgz,20,27,64,64,0
6uh8-assembly1cifgz,5ie4-assembly1cifgz,20,26,64,64,0
6uh8-assembly1cifgz,5xo7-assembly1cifgz,20,27,64,64,0
6uh8-assembly1cifgz,5xwz-assembly2cifgz,20,26,64,64,0
6uh8-assembly1cifgz,6l7m-assembly1cifgz,20,26,64,64,0
6uh8-assembly1cifgz,8jlv-assembly6cifgz,20,26,64,64,0
6uh8-assembly1cifgz,4myd-assembly3cifgz,20,16,64,64,0
6uh8-assembly1cifgz,4i3f-assembly1cifgz,20,27,64,64,0
6uh8-assembly1cifgz,6l4h-assembly1cifgz,20,228,64,352,288
6uh8-assembly1cifgz,2xmr-assembly3cifgz,20,28,64,66,2
6uh8-assembly1cifgz,6zmm-assembly1cifgz,20,25,64,66,2
6uh8-assembly1cifgz,1c4x-assembly1cifgz,20,29,64,64,0
6uh8-assembly1cifgz,2og1-assembly1cifgz,20,35,64,64,0
6uh8-assembly1cifgz,5jz9-assembly1cifgz,20,33,64,64,0
6uh8-assembly1cifgz,1iun-assembly1cifgz,20,27,64,64,0
6uh8-assembly1cifgz,1u2e-assembly2cifgz,20,35,64,64,0
6uh8-assembly1cifgz,2ock-assembly1cifgz,20,26,64,64,0
6uh8-assembly1cifgz,4lxh-assembly1cifgz,20,28,64,64,0
6uh8-assembly1cifgz,8hgw-assembly1cifgz,20,23,64,64,0
6uh8-assembly1cifgz,1j1i-assembly1cifgz,20,25,64,64,0
6xfo-assembly1cifgz,4ih4-assembly4cifgz,19,17,64,64,0
6xfo-assembly1cifgz,1wom-assembly2cifgz,19,22,64,64,0
6xfo-assembly1cifgz,7f5w-assembly2cifgz,19,22,64,64,0
6xfo-assembly1cifgz,3qvm-assembly1cifgz,19,26,64,64,0
6xfo-assembly1cifgz,6atx-assembly1cifgz,19,17,64,64,0
6xfo-assembly1cifgz,7ukb-assembly1cifgz,19,18,64,64,0
6xfo-assembly1cifgz,3e3a-assembly1cifgz,19,27,64,64,0
6xfo-assembly1cifgz,5ie4-assembly1cifgz,19,26,64,64,0
6xfo-assembly1cifgz,5xo7-assembly1cifgz,19,27,64,64,0
6xfo-assembly1cifgz,5xwz-assembly2cifgz,19,26,64,64,0
6xfo-assembly1cifgz,6l7m-assembly1cifgz,19,26,64,64,0
6xfo-assembly1cifgz,8jlv-assembly6cifgz,19,26,64,64,0
6xfo-assembly1cifgz,4myd-assembly3cifgz,19,16,64,64,0
6xfo-assembly1cifgz,4i3f-assembly1cifgz,19,27,64,64,0
6xfo-assembly1cifgz,6l4h-assembly1cifgz,19,228,64,352,288
6xfo-assembly1cifgz,2xmr-assembly3cifgz,19,28,64,66,2
6xfo-assembly1cifgz,6zmm-assembly1cifgz,19,25,64,66,2
6xfo-assembly1cifgz,1c4x-assembly1cifgz,19,29,64,64,0
6xfo-assembly1cifgz,2og1-assembly1cifgz,19,35,64,64,0
6xfo-assembly1cifgz,5jz9-assembly1cifgz,19,33,64,64,0
6xfo-assembly1cifgz,1iun-assembly1cifgz,19,27,64,64,0
6xfo-assembly1cifgz,1u2e-assembly2cifgz,19,35,64,64,0
6xfo-assembly1cifgz,2ock-assembly1cifgz,19,26,64,64,0
6xfo-assembly1cifgz,4lxh-assembly1cifgz,19,28,64,64,0
6xfo-assembly1cifgz,8hgw-assembly1cifgz,19,23,64,64,0
6xfo-assembly1cifgz,1j1i-assembly1cifgz,19,25,64,64,0
4ih4-assembly4cifgz,1wom-assembly2cifgz,17,22,64,64,0
4ih4-assembly4cifgz,7f5w-assembly2cifgz,17,22,64,64,0
4ih4-assembly4cifgz,3qvm-assembly1cifgz,17,26,64,64,0
4ih4-assembly4cifgz,6atx-assembly1cifgz,17,17,64,64,0
4ih4-assembly4cifgz,7ukb-assembly1cifgz,17,18,64,64,0
4ih4-assembly4cifgz,3e3a-assembly1cifgz,17,27,64,64,0
4ih4-assembly4cifgz,5ie4-assembly1cifgz,17,26,64,64,0
4ih4-assembly4cifgz,5xo7-assembly1cifgz,17,27,64,64,0
4ih4-assembly4cifgz,5xwz-assembly2cifgz,17,26,64,64,0
4ih4-assembly4cifgz,6l7m-assembly1cifgz,17,26,64,64,0
4ih4-assembly4cifgz,8jlv-assembly6cifgz,17,26,64,64,0
4ih4-assembly4cifgz,4myd-assembly3cifgz,17,16,64,64,0
4ih4-assembly4cifgz,4i3f-assembly1cifgz,17,27,64,64,0
4ih4-assembly4cifgz,6l4h-assembly1cifgz,17,228,64,352,288
4ih4-assembly4cifgz,2xmr-assembly3cifgz,17,28,64,66,2
4ih4-assembly4cifgz,6zmm-assembly1cifgz,17,25,64,66,2
4ih4-assembly4cifgz,1c4x-assembly1cifgz,17,29,64,64,0
4ih4-assembly4cifgz,2og1-assembly1cifgz,17,35,64,64,0
4ih4-assembly4cifgz,5jz9-assembly1cifgz,17,33,64,64,0
4ih4-assembly4cifgz,1iun-assembly1cifgz,17,27,64,64,0
4ih4-assembly4cifgz,1u2e-assembly2cifgz,17,35,64,64,0
4ih4-assembly4cifgz,2ock-assembly1cifgz,17,26,64,64,0
4ih4-assembly4cifgz,4lxh-assembly1cifgz,17,28,64,64,0
4ih4-assembly4cifgz,8hgw-assembly1cifgz,17,23,64,64,0
4ih4-assembly4cifgz,1j1i-assembly1cifgz,17,25,64,64,0
1wom-assembly2cifgz,7f5w-assembly2cifgz,22,22,64,64,0
1wom-assembly2cifgz,3qvm-assembly1cifgz,22,26,64,64,0
1wom-assembly2cifgz,6atx-assembly1cifgz,22,17,64,64,0
1wom-assembly2cifgz,7ukb-assembly1cifgz,22,18,64,64,0
1wom-assembly2cifgz,3e3a-assembly1cifgz,22,27,64,64,0
1wom-assembly2cifgz,5ie4-assembly1cifgz,22,26,64,64,0
1wom-assembly2cifgz,5xo7-assembly1cifgz,22,27,64,64,0
1wom-assembly2cifgz,5xwz-assembly2cifgz,22,26,64,64,0
1wom-assembly2cifgz,6l7m-assembly1cifgz,22,26,64,64,0
1wom-assembly2cifgz,8jlv-assembly6cifgz,22,26,64,64,0
1wom-assembly2cifgz,4myd-assembly3cifgz,22,16,64,64,0
1wom-assembly2cifgz,4i3f-assembly1cifgz,22,27,64,64,0
1wom-assembly2cifgz,6l4h-assembly1cifgz,22,228,64,352,288
1wom-assembly2cifgz,2xmr-assembly3cifgz,22,28,64,66,2
1wom-assembly2cifgz,6zmm-assembly1cifgz,22,25,64,66,2
1wom-assembly2cifgz,1c4x-assembly1cifgz,22,29,64,64,0
1wom-assembly2cifgz,2og1-assembly1cifgz,22,35,64,64,0
1wom-assembly2cifgz,5jz9-assembly1cifgz,22,33,64,64,0
1wom-assembly2cifgz,1iun-assembly1cifgz,22,27,64,64,0
1wom-assembly2cifgz,1u2e-assembly2cifgz,22,35,64,64,0
1wom-assembly2cifgz,2ock-assembly1cifgz,22,26,64,64,0
1wom-assembly2cifgz,4lxh-assembly1cifgz,22,28,64,64,0
1wom-assembly2cifgz,8hgw-assembly1cifgz,22,23,64,64,0
1wom-assembly2cifgz,1j1i-assembly1cifgz,22,25,64,64,0
7f5w-assembly2cifgz,3qvm-assembly1cifgz,22,26,64,64,0
7f5w-assembly2cifgz,6atx-assembly1cifgz,22,17,64,64,0
7f5w-assembly2cifgz,7ukb-assembly1cifgz,22,18,64,64,0
7f5w-assembly2cifgz,3e3a-assembly1cifgz,22,27,64,64,0
7f5w-assembly2cifgz,5ie4-assembly1cifgz,22,26,64,64,0
7f5w-assembly2cifgz,5xo7-assembly1cifgz,22,27,64,64,0
7f5w-assembly2cifgz,5xwz-assembly2cifgz,22,26,64,64,0
7f5w-assembly2cifgz,6l7m-assembly1cifgz,22,26,64,64,0
7f5w-assembly2cifgz,8jlv-assembly6cifgz,22,26,64,64,0
7f5w-assembly2cifgz,4myd-assembly3cifgz,22,16,64,64,0
7f5w-assembly2cifgz,4i3f-assembly1cifgz,22,27,64,64,0
7f5w-assembly2cifgz,6l4h-assembly1cifgz,22,228,64,352,288
7f5w-assembly2cifgz,2xmr-assembly3cifgz,22,28,64,66,2
7f5w-assembly2cifgz,6zmm-assembly1cifgz,22,25,64,66,2
7f5w-assembly2cifgz,1c4x-assembly1cifgz,22,29,64,64,0
7f5w-assembly2cifgz,2og1-assembly1cifgz,22,35,64,64,0
7f5w-assembly2cifgz,5jz9-assembly1cifgz,22,33,64,64,0
7f5w-assembly2cifgz,1iun-assembly1cifgz,22,27,64,64,0
7f5w-assembly2cifgz,1u2e-assembly2cifgz,22,35,64,64,0
7f5w-assembly2cifgz,2ock-assembly1cifgz,22,26,64,64,0
7f5w-assembly2cifgz,4lxh-assembly1cifgz,22,28,64,64,0
7f5w-assembly2cifgz,8hgw-assembly1cifgz,22,23,64,64,0
7f5w-assembly2cifgz,1j1i-assembly1cifgz,22,25,64,64,0
3qvm-assembly1cifgz,6atx-assembly1cifgz,26,17,64,64,0
3qvm-assembly1cifgz,7ukb-assembly1cifgz,26,18,64,64,0
3qvm-assembly1cifgz,3e3a-assembly1cifgz,26,27,64,64,0
3qvm-assembly1cifgz,5ie4-assembly1cifgz,26,26,64,64,0
3qvm-assembly1cifgz,5xo7-assembly1cifgz,26,27,64,64,0
3qvm-assembly1cifgz,5xwz-assembly2cifgz,26,26,64,64,0
3qvm-assembly1cifgz,6l7m-assembly1cifgz,26,26,64,64,0
3qvm-assembly1cifgz,8jlv-assembly6cifgz,26,26,64,64,0
3qvm-assembly1cifgz,4myd-assembly3cifgz,26,16,64,64,0
3qvm-assembly1cifgz,4i3f-assembly1cifgz,26,27,64,64,0
3qvm-assembly1cifgz,6l4h-assembly1cifgz,26,228,64,352,288
3qvm-assembly1cifgz,2xmr-assembly3cifgz,26,28,64,66,2
3qvm-assembly1cifgz,6zmm-assembly1cifgz,26,25,64,66,2
3qvm-assembly1cifgz,1c4x-assembly1cifgz,26,29,64,64,0
3qvm-assembly1cifgz,2og1-assembly1cifgz,26,35,64,64,0
3qvm-assembly1cifgz,5jz9-assembly1cifgz,26,33,64,64,0
3qvm-assembly1cifgz,1iun-assembly1cifgz,26,27,64,64,0
3qvm-assembly1cifgz,1u2e-assembly2cifgz,26,35,64,64,0
3qvm-assembly1cifgz,2ock-assembly1cifgz,26,26,64,64,0
3qvm-assembly1cifgz,4lxh-assembly1cifgz,26,28,64,64,0
3qvm-assembly1cifgz,8hgw-assembly1cifgz,26,23,64,64,0
3qvm-assembly1cifgz,1j1i-assembly1cifgz,26,25,64,64,0
6atx-assembly1cifgz,7ukb-assembly1cifgz,17,18,64,64,0
6atx-assembly1cifgz,3e3a-assembly1cifgz,17,27,64,64,0
6atx-assembly1cifgz,5ie4-assembly1cifgz,17,26,64,64,0
6atx-assembly1cifgz,5xo7-assembly1cifgz,17,27,64,64,0
6atx-assembly1cifgz,5xwz-assembly2cifgz,17,26,64,64,0
6atx-assembly1cifgz,6l7m-assembly1cifgz,17,26,64,64,0
6atx-assembly1cifgz,8jlv-assembly6cifgz,17,26,64,64,0
6atx-assembly1cifgz,4myd-assembly3cifgz,17,16,64,64,0
6atx-assembly1cifgz,4i3f-assembly1cifgz,17,27,64,64,0
6atx-assembly1cifgz,6l4h-assembly1cifgz,17,228,64,352,288
6atx-assembly1cifgz,2xmr-assembly3cifgz,17,28,64,66,2
6atx-assembly1cifgz,6zmm-assembly1cifgz,17,25,64,66,2
6atx-assembly1cifgz,1c4x-assembly1cifgz,17,29,64,64,0
6atx-assembly1cifgz,2og1-assembly1cifgz,17,35,64,64,0
6atx-assembly1cifgz,5jz9-assembly1cifgz,17,33,64,64,0
6atx-assembly1cifgz,1iun-assembly1cifgz,17,27,64,64,0
6atx-assembly1cifgz,1u2e-assembly2cifgz,17,35,64,64,0
6atx-assembly1cifgz,2ock-assembly1cifgz,17,26,64,64,0
6atx-assembly1cifgz,4lxh-assembly1cifgz,17,28,64,64,0
6atx-assembly1cifgz,8hgw-assembly1cifgz,17,23,64,64,0
6atx-assembly1cifgz,1j1i-assembly1cifgz,17,25,64,64,0
7ukb-assembly1cifgz,3e3a-assembly1cifgz,18,27,64,64,0
7ukb-assembly1cifgz,5ie4-assembly1cifgz,18,26,64,64,0
7ukb-assembly1cifgz,5xo7-assembly1cifgz,18,27,64,64,0
7ukb-assembly1cifgz,5xwz-assembly2cifgz,18,26,64,64,0
7ukb-assembly1cifgz,6l7m-assembly1cifgz,18,26,64,64,0
7ukb-assembly1cifgz,8jlv-assembly6cifgz,18,26,64,64,0
7ukb-assembly1cifgz,4myd-assembly3cifgz,18,16,64,64,0
7ukb-assembly1cifgz,4i3f-assembly1cifgz,18,27,64,64,0
7ukb-assembly1cifgz,6l4h-assembly1cifgz,18,228,64,352,288
7ukb-assembly1cifgz,2xmr-assembly3cifgz,18,28,64,66,2
7ukb-assembly1cifgz,6zmm-assembly1cifgz,18,25,64,66,2
7ukb-assembly1cifgz,1c4x-assembly1cifgz,18,29,64,64,0
7ukb-assembly1cifgz,2og1-assembly1cifgz,18,35,64,64,0
7ukb-assembly1cifgz,5jz9-assembly1cifgz,18,33,64,64,0
7ukb-assembly1cifgz,1iun-assembly1cifgz,18,27,64,64,0
7ukb-assembly1cifgz,1u2e-assembly2cifgz,18,35,64,64,0
7ukb-assembly1cifgz,2ock-assembly1cifgz,18,26,64,64,0
7ukb-assembly1cifgz,4lxh-assembly1cifgz,18,28,64,64,0
7ukb-assembly1cifgz,8hgw-assembly1cifgz,18,23,64,64,0
7ukb-assembly1cifgz,1j1i-assembly1cifgz,18,25,64,64,0
3e3a-assembly1cifgz,5ie4-assembly1cifgz,27,26,64,64,0
3e3a-assembly1cifgz,5xo7-assembly1cifgz,27,27,64,64,0
3e3a-assembly1cifgz,5xwz-assembly2cifgz,27,26,64,64,0
3e3a-assembly1cifgz,6l7m-assembly1cifgz,27,26,64,64,0
3e3a-assembly1cifgz,8jlv-assembly6cifgz,27,26,64,64,0
3e3a-assembly1cifgz,4myd-assembly3cifgz,27,16,64,64,0
3e3a-assembly1cifgz,4i3f-assembly1cifgz,27,27,64,64,0
3e3a-assembly1cifgz,6l4h-assembly1cifgz,27,228,64,352,288
3e3a-assembly1cifgz,2xmr-assembly3cifgz,27,28,64,66,2
3e3a-assembly1cifgz,6zmm-assembly1cifgz,27,25,64,66,2
3e3a-assembly1cifgz,1c4x-assembly1cifgz,27,29,64,64,0
3e3a-assembly1cifgz,2og1-assembly1cifgz,27,35,64,64,0
3e3a-assembly1cifgz,5jz9-assembly1cifgz,27,33,64,64,0
3e3a-assembly1cifgz,1iun-assembly1cifgz,27,27,64,64,0
3e3a-assembly1cifgz,1u2e-assembly2cifgz,27,35,64,64,0
3e3a-assembly1cifgz,2ock-assembly1cifgz,27,26,64,64,0
3e3a-assembly1cifgz,4lxh-assembly1cifgz,27,28,64,64,0
3e3a-assembly1cifgz,8hgw-assembly1cifgz,27,23,64,64,0
3e3a-assembly1cifgz,1j1i-assembly1cifgz,27,25,64,64,0
5ie4-assembly1cifgz,5xo7-assembly1cifgz,26,27,64,64,0
5ie4-assembly1cifgz,5xwz-assembly2cifgz,26,26,64,64,0
5ie4-assembly1cifgz,6l7m-assembly1cifgz,26,26,64,64,0
5ie4-assembly1cifgz,8jlv-assembly6cifgz,26,26,64,64,0
5ie4-assembly1cifgz,4myd-assembly3cifgz,26,16,64,64,0
5ie4-assembly1cifgz,4i3f-assembly1cifgz,26,27,64,64,0
5ie4-assembly1cifgz,6l4h-assembly1cifgz,26,228,64,352,288
5ie4-assembly1cifgz,2xmr-assembly3cifgz,26,28,64,66,2
5ie4-assembly1cifgz,6zmm-assembly1cifgz,26,25,64,66,2
5ie4-assembly1cifgz,1c4x-assembly1cifgz,26,29,64,64,0
5ie4-assembly1cifgz,2og1-assembly1cifgz,26,35,64,64,0
5ie4-assembly1cifgz,5jz9-assembly1cifgz,26,33,64,64,0
5ie4-assembly1cifgz,1iun-assembly1cifgz,26,27,64,64,0
5ie4-assembly1cifgz,1u2e-assembly2cifgz,26,35,64,64,0
5ie4-assembly1cifgz,2ock-assembly1cifgz,26,26,64,64,0
5ie4-assembly1cifgz,4lxh-assembly1cifgz,26,28,64,64,0
5ie4-assembly1cifgz,8hgw-assembly1cifgz,26,23,64,64,0
5ie4-assembly1cifgz,1j1i-assembly1cifgz,26,25,64,64,0
5xo7-assembly1cifgz,5xwz-assembly2cifgz,27,26,64,64,0
5xo7-assembly1cifgz,6l7m-assembly1cifgz,27,26,64,64,0
5xo7-assembly1cifgz,8jlv-assembly6cifgz,27,26,64,64,0
5xo7-assembly1cifgz,4myd-assembly3cifgz,27,16,64,64,0
5xo7-assembly1cifgz,4i3f-assembly1cifgz,27,27,64,64,0
5xo7-assembly1cifgz,6l4h-assembly1cifgz,27,228,64,352,288
5xo7-assembly1cifgz,2xmr-assembly3cifgz,27,28,64,66,2
5xo7-assembly1cifgz,6zmm-assembly1cifgz,27,25,64,66,2
5xo7-assembly1cifgz,1c4x-assembly1cifgz,27,29,64,64,0
5xo7-assembly1cifgz,2og1-assembly1cifgz,27,35,64,64,0
5xo7-assembly1cifgz,5jz9-assembly1cifgz,27,33,64,64,0
5xo7-assembly1cifgz,1iun-assembly1cifgz,27,27,64,64,0
5xo7-assembly1cifgz,1u2e-assembly2cifgz,27,35,64,64,0
5xo7-assembly1cifgz,2ock-assembly1cifgz,27,26,64,64,0
5xo7-assembly1cifgz,4lxh-assembly1cifgz,27,28,64,64,0
5xo7-assembly1cifgz,8hgw-assembly1cifgz,27,23,64,64,0
5xo7-assembly1cifgz,1j1i-assembly1cifgz,27,25,64,64,0
5xwz-assembly2cifgz,6l7m-assembly1cifgz,26,26,64,64,0
5xwz-assembly2cifgz,8jlv-assembly6cifgz,26,26,64,64,0
5xwz-assembly2cifgz,4myd-assembly3cifgz,26,16,64,64,0
5xwz-assembly2cifgz,4i3f-assembly1cifgz,26,27,64,64,0
5xwz-assembly2cifgz,6l4h-assembly1cifgz,26,228,64,352,288
5xwz-assembly2cifgz,2xmr-assembly3cifgz,26,28,64,66,2
5xwz-assembly2cifgz,6zmm-assembly1cifgz,26,25,64,66,2
5xwz-assembly2cifgz,1c4x-assembly1cifgz,26,29,64,64,0
5xwz-assembly2cifgz,2og1-assembly1cifgz,26,35,64,64,0
5xwz-assembly2cifgz,5jz9-assembly1cifgz,26,33,64,64,0
5xwz-assembly2cifgz,1iun-assembly1cifgz,26,27,64,64,0
5xwz-assembly2cifgz,1u2e-assembly2cifgz,26,35,64,64,0
5xwz-assembly2cifgz,2ock-assembly1cifgz,26,26,64,64,0
5xwz-assembly2cifgz,4lxh-assembly1cifgz,26,28,64,64,0
5xwz-assembly2cifgz,8hgw-assembly1cifgz,26,23,64,64,0
5xwz-assembly2cifgz,1j1i-assembly1cifgz,26,25,64,64,0
6l7m-assembly1cifgz,8jlv-assembly6cifgz,26,26,64,64,0
6l7m-assembly1cifgz,4myd-assembly3cifgz,26,16,64,64,0
6l7m-assembly1cifgz,4i3f-assembly1cifgz,26,27,64,64,0
6l7m-assembly1cifgz,6l4h-assembly1cifgz,26,228,64,352,288
6l7m-assembly1cifgz,2xmr-assembly3cifgz,26,28,64,66,2
6l7m-assembly1cifgz,6zmm-assembly1cifgz,26,25,64,66,2
6l7m-assembly1cifgz,1c4x-assembly1cifgz,26,29,64,64,0
6l7m-assembly1cifgz,2og1-assembly1cifgz,26,35,64,64,0
6l7m-assembly1cifgz,5jz9-assembly1cifgz,26,33,64,64,0
6l7m-assembly1cifgz,1iun-assembly1cifgz,26,27,64,64,0
6l7m-assembly1cifgz,1u2e-assembly2cifgz,26,35,64,64,0
6l7m-assembly1cifgz,2ock-assembly1cifgz,26,26,64,64,0
6l7m-assembly1cifgz,4lxh-assembly1cifgz,26,28,64,64,0
6l7m-assembly1cifgz,8hgw-assembly1cifgz,26,23,64,64,0
6l7m-assembly1cifgz,1j1i-assembly1cifgz,26,25,64,64,0
8jlv-assembly6cifgz,4myd-assembly3cifgz,26,16,64,64,0
8jlv-assembly6cifgz,4i3f-assembly1cifgz,26,27,64,64,0
8jlv-assembly6cifgz,6l4h-assembly1cifgz,26,228,64,352,288
8jlv-assembly6cifgz,2xmr-assembly3cifgz,26,28,64,66,2
8jlv-assembly6cifgz,6zmm-assembly1cifgz,26,25,64,66,2
8jlv-assembly6cifgz,1c4x-assembly1cifgz,26,29,64,64,0
8jlv-assembly6cifgz,2og1-assembly1cifgz,26,35,64,64,0
8jlv-assembly6cifgz,5jz9-assembly1cifgz,26,33,64,64,0
8jlv-assembly6cifgz,1iun-assembly1cifgz,26,27,64,64,0
8jlv-assembly6cifgz,1u2e-assembly2cifgz,26,35,64,64,0
8jlv-assembly6cifgz,2ock-assembly1cifgz,26,26,64,64,0
8jlv-assembly6cifgz,4lxh-assembly1cifgz,26,28,64,64,0
8jlv-assembly6cifgz,8hgw-assembly1cifgz,26,23,64,64,0
8jlv-assembly6cifgz,1j1i-assembly1cifgz,26,25,64,64,0
4myd-assembly3cifgz,4i3f-assembly1cifgz,16,27,64,64,0
4myd-assembly3cifgz,6l4h-assembly1cifgz,16,228,64,352,288
4myd-assembly3cifgz,2xmr-assembly3cifgz,16,28,64,66,2
4myd-assembly3cifgz,6zmm-assembly1cifgz,16,25,64,66,2
4myd-assembly3cifgz,1c4x-assembly1cifgz,16,29,64,64,0
4myd-assembly3cifgz,2og1-assembly1cifgz,16,35,64,64,0
4myd-assembly3cifgz,5jz9-assembly1cifgz,16,33,64,64,0
4myd-assembly3cifgz,1iun-assembly1cifgz,16,27,64,64,0
4myd-assembly3cifgz,1u2e-assembly2cifgz,16,35,64,64,0
4myd-assembly3cifgz,2ock-assembly1cifgz,16,26,64,64,0
4myd-assembly3cifgz,4lxh-assembly1cifgz,16,28,64,64,0
4myd-assembly3cifgz,8hgw-assembly1cifgz,16,23,64,64,0
4myd-assembly3cifgz,1j1i-assembly1cifgz,16,25,64,64,0
4i3f-assembly1cifgz,6l4h-assembly1cifgz,27,228,64,352,288
4i3f-assembly1cifgz,2xmr-assembly3cifgz,27,28,64,66,2
4i3f-assembly1cifgz,6zmm-assembly1cifgz,27,25,64,66,2
4i3f-assembly1cifgz,1c4x-assembly1cifgz,27,29,64,64,0
4i3f-assembly1cifgz,2og1-assembly1cifgz,27,35,64,64,0
4i3f-assembly1cifgz,5jz9-assembly1cifgz,27,33,64,64,0
4i3f-assembly1cifgz,1iun-assembly1cifgz,27,27,64,64,0
4i3f-assembly1cifgz,1u2e-assembly2cifgz,27,35,64,64,0
4i3f-assembly1cifgz,2ock-assembly1cifgz,27,26,64,64,0
4i3f-assembly1cifgz,4lxh-assembly1cifgz,27,28,64,64,0
4i3f-assembly1cifgz,8hgw-assembly1cifgz,27,23,64,64,0
4i3f-assembly1cifgz,1j1i-assembly1cifgz,27,25,64,64,0
6l4h-assembly1cifgz,2xmr-assembly3cifgz,228,28,352,66,286
6l4h-assembly1cifgz,6zmm-assembly1cifgz,228,25,352,66,286
6l4h-assembly1cifgz,1c4x-assembly1cifgz,228,29,352,64,288
6l4h-assembly1cifgz,2og1-assembly1cifgz,228,35,352,64,288
6l4h-assembly1cifgz,5jz9-assembly1cifgz,228,33,352,64,288
6l4h-assembly1cifgz,1iun-assembly1cifgz,228,27,352,64,288
6l4h-assembly1cifgz,1u2e-assembly2cifgz,228,35,352,64,288
6l4h-assembly1cifgz,2ock-assembly1cifgz,228,26,352,64,288
6l4h-assembly1cifgz,4lxh-assembly1cifgz,228,28,352,64,288
6l4h-assembly1cifgz,8hgw-assembly1cifgz,228,23,352,64,288
6l4h-assembly1cifgz,1j1i-assembly1cifgz,228,25,352,64,288
2xmr-assembly3cifgz,6zmm-assembly1cifgz,28,25,66,66,0
2xmr-assembly3cifgz,1c4x-assembly1cifgz,28,29,66,64,2
2xmr-assembly3cifgz,2og1-assembly1cifgz,28,35,66,64,2
2xmr-assembly3cifgz,5jz9-assembly1cifgz,28,33,66,64,2
2xmr-assembly3cifgz,1iun-assembly1cifgz,28,27,66,64,2
2xmr-assembly3cifgz,1u2e-assembly2cifgz,28,35,66,64,2
2xmr-assembly3cifgz,2ock-assembly1cifgz,28,26,66,64,2
2xmr-assembly3cifgz,4lxh-assembly1cifgz,28,28,66,64,2
2xmr-assembly3cifgz,8hgw-assembly1cifgz,28,23,66,64,2
2xmr-assembly3cifgz,1j1i-assembly1cifgz,28,25,66,64,2
6zmm-assembly1cifgz,1c4x-assembly1cifgz,25,29,66,64,2
6zmm-assembly1cifgz,2og1-assembly1cifgz,25,35,66,64,2
6zmm-assembly1cifgz,5jz9-assembly1cifgz,25,33,66,64,2
6zmm-assembly1cifgz,1iun-assembly1cifgz,25,27,66,64,2
6zmm-assembly1cifgz,1u2e-assembly2cifgz,25,35,66,64,2
6zmm-assembly1cifgz,2ock-assembly1cifgz,25,26,66,64,2
6zmm-assembly1cifgz,4lxh-assembly1cifgz,25,28,66,64,2
6zmm-assembly1cifgz,8hgw-assembly1cifgz,25,23,66,64,2
6zmm-assembly1cifgz,1j1i-assembly1cifgz,25,25,66,64,2
1c4x-assembly1cifgz,2og1-assembly1cifgz,29,35,64,64,0
1c4x-assembly1cifgz,5jz9-assembly1cifgz,29,33,64,64,0
1c4x-assembly1cifgz,1iun-assembly1cifgz,29,27,64,64,0
1c4x-assembly1cifgz,1u2e-assembly2cifgz,29,35,64,64,0
1c4x-assembly1cifgz,2ock-assembly1cifgz,29,26,64,64,0
1c4x-assembly1cifgz,4lxh-assembly1cifgz,29,28,64,64,0
1c4x-assembly1cifgz,8hgw-assembly1cifgz,29,23,64,64,0
1c4x-assembly1cifgz,1j1i-assembly1cifgz,29,25,64,64,0
2og1-assembly1cifgz,5jz9-assembly1cifgz,35,33,64,64,0
2og1-assembly1cifgz,1iun-assembly1cifgz,35,27,64,64,0
2og1-assembly1cifgz,1u2e-assembly2cifgz,35,35,64,64,0
2og1-assembly1cifgz,2ock-assembly1cifgz,35,26,64,64,0
2og1-assembly1cifgz,4lxh-assembly1cifgz,35,28,64,64,0
2og1-assembly1cifgz,8hgw-assembly1cifgz,35,23,64,64,0
2og1-assembly1cifgz,1j1i-assembly1cifgz,35,25,64,64,0
5jz9-assembly1cifgz,1iun-assembly1cifgz,33,27,64,64,0
5jz9-assembly1cifgz,1u2e-assembly2cifgz,33,35,64,64,0
5jz9-assembly1cifgz,2ock-assembly1cifgz,33,26,64,64,0
5jz9-assembly1cifgz,4lxh-assembly1cifgz,33,28,64,64,0
5jz9-assembly1cifgz,8hgw-assembly1cifgz,33,23,64,64,0
5jz9-assembly1cifgz,1j1i-assembly1cifgz,33,25,64,64,0
1iun-assembly1cifgz,1u2e-assembly2cifgz,27,35,64,64,0
1iun-assembly1cifgz,2ock-assembly1cifgz,27,26,64,64,0
1iun-assembly1cifgz,4lxh-assembly1cifgz,27,28,64,64,0
1iun-assembly1cifgz,8hgw-assembly1cifgz,27,23,64,64,0
1iun-assembly1cifgz,1j1i-assembly1cifgz,27,25,64,64,0
1u2e-assembly2cifgz,2ock-assembly1cifgz,35,26,64,64,0
1u2e-assembly2cifgz,4lxh-assembly1cifgz,35,28,64,64,0
1u2e-assembly2cifgz,8hgw-assembly1cifgz,35,23,64,64,0
1u2e-assembly2cifgz,1j1i-assembly1cifgz,35,25,64,64,0
2ock-assembly1cifgz,4lxh-assembly1cifgz,26,28,64,64,0
2ock-assembly1cifgz,8hgw-assembly1cifgz,26,23,64,64,0
2ock-assembly1cifgz,1j1i-assembly1cifgz,26,25,64,64,0
4lxh-assembly1cifgz,8hgw-assembly1cifgz,28,23,64,64,0
4lxh-assembly1cifgz,1j1i-assembly1cifgz,28,25,64,64,0
8hgw-assembly1cifgz,1j1i-assembly1cifgz,23,25,64,64,0
