protein,anchor_pos,radius,alpha,alpha_full,alpha_norm,argmax_pos
1IKTA,99,0,0.6168240904808044,0.8824478983879089,0.6989920782945297,99
1IKTA,99,1,0.11376366764307022,0.8824478983879089,0.12891828271209918,100
1IKTA,99,2,0.07422849535942078,0.8824478983879089,0.084116575601828,100
1IKTA,99,3,-0.09124426543712616,0.8824478983879089,-0.10339903987965163,96
1IKTA,99,4,-0.053290512412786484,0.8824478983879089,-0.06038941506930859,96
1IKTA,99,5,-0.17196619510650635,0.8824478983879089,-0.19487404913158166,96
1IKTA,99,6,-0.2279336005449295,0.8824478983879089,-0.25829694983842977,100
1IKTA,99,7,-0.25259268283843994,0.8824478983879089,-0.2862409024939448,100
1IKTA,99,8,-0.17956100404262543,0.8824478983879089,-0.2034805730408046,97
1IKTA,99,9,-0.17545276880264282,0.8824478983879089,-0.1988250741184459,92
1IKTA,99,10,-0.22651523351669312,0.8824478983879089,-0.2566896401821571,97
1IKTA,99,11,-0.32000207901000977,0.8824478983879089,-0.36262999730023987,97
1IKTA,99,12,-0.37264254689216614,0.8824478983879089,-0.4222827745104549,97
1IKTA,99,13,-0.4566654562950134,0.8824478983879089,-0.5174984915588423,97
1IKTA,99,14,-0.41346535086631775,0.8824478983879089,-0.46854364050461533,92
1IKTA,99,15,-0.29555025696754456,0.8824478983879089,-0.33492091431966414,20
1IKTA,99,16,0.22272929549217224,0.8824478983879089,0.2523993721318426,99
1IKTA,99,17,0.5787017941474915,0.8824478983879089,0.6557914582885709,99
1IKTA,99,18,0.7028023600578308,0.8824478983879089,0.7964236317427218,99
1IKTA,99,19,0.8086323142051697,0.8824478983879089,0.9163513400421843,99
1IKTA,99,20,0.8812006115913391,0.8824478983879089,0.9985865604090073,99
1IKTA,99,21,0.8914327025413513,0.8824478983879089,1.0101816823065206,99
1IKTA,99,22,0.9124094843864441,0.8824478983879089,1.0339528101922733,99
1IKTA,99,23,0.9138321280479431,0.8824478983879089,1.0355649661780237,99
1IKTA,99,24,0.8835805058479309,0.8824478983879089,1.0012834836618583,99
1IKTA,99,25,0.8813508749008179,0.8824478983879089,0.9987568405011841,99
1IKTA,99,26,0.8697870373725891,0.8824478983879089,0.9856525682270316,99
1IKTA,99,27,0.8709309101104736,0.8824478983879089,0.9869488178299535,99
1IKTA,99,28,0.8612945675849915,0.8824478983879089,0.9760288048262552,99
1IKTA,99,29,0.8385743498802185,0.8824478983879089,0.950281995585416,99
1IKTA,99,30,0.8338172435760498,0.8824478983879089,0.9448911885894912,99
1IKTA,99,31,0.8285638093948364,0.8824478983879089,0.9389379371954876,99
1IKTA,99,32,0.8344853520393372,0.8824478983879089,0.945648296702625,99
1IKTA,99,33,0.8507195115089417,0.8824478983879089,0.9640450309452491,99
1IKTA,99,34,0.831994891166687,0.8824478983879089,0.9428260781022976,99
1IKTA,99,35,0.8358921408653259,0.8824478983879089,0.94724248580836,99
1IKTA,99,36,0.8339309692382812,0.8824478983879089,0.9450200638040384,99
1IKTA,99,37,0.8393323421478271,0.8824478983879089,0.9511409610484121,99
1IKTA,99,38,0.8453464508056641,0.8824478983879089,0.9579562174151888,99
1IKTA,99,39,0.8481767177581787,0.8824478983879089,0.9611635081319382,99
1IKTA,99,40,0.845024585723877,0.8824478983879089,0.957591476241942,99
1IKTA,99,41,0.84763503074646,0.8824478983879089,0.9605496622462963,99
1IKTA,99,42,0.8442785143852234,0.8824478983879089,0.9567460197112885,99
1IKTA,99,43,0.8397178649902344,0.8824478983879089,0.9515778399203676,99
1IKTA,99,44,0.8469712734222412,0.8824478983879089,0.9597974848934675,99
1IKTA,99,45,0.8495744466781616,0.8824478983879089,0.962747430449093,99
1IKTA,99,46,0.8513831496238708,0.8824478983879089,0.9647970732087544,99
1IKTA,99,47,0.8497472405433655,0.8824478983879089,0.9629432424233971,99
1IKTA,99,48,0.8510305881500244,0.8824478983879089,0.9643975465347259,99
1IKTA,99,49,0.8534260988235474,0.8824478983879089,0.9671121664889454,99
1IKTA,99,50,0.8556663990020752,0.8824478983879089,0.969650900144066,99
1IKTA,99,51,0.8489314317703247,0.8824478983879089,0.96201875863854,99
1IKTA,99,52,0.8589521050453186,0.8824478983879089,0.9733742996209597,99
1IKTA,99,53,0.8612944483757019,0.8824478983879089,0.9760286697369318,99
1IKTA,99,54,0.8616238832473755,0.8824478983879089,0.976401989082216,99
1IKTA,99,55,0.8518626689910889,0.8824478983879089,0.9653404700122303,99
1IKTA,99,56,0.8416627049446106,0.8824478983879089,0.95378175468738,99
1IKTA,99,57,0.845943808555603,0.8824478983879089,0.9586331500148699,99
1IKTA,99,58,0.8476250171661377,0.8824478983879089,0.9605383147431287,99
1IKTA,99,59,0.8468338847160339,0.8824478983879089,0.9596417944482206,99
1IKTA,99,60,0.8508105874061584,0.8824478983879089,0.9641482391883455,99
1IKTA,99,61,0.8510012030601501,0.8824478983879089,0.9643642470165016,99
1IKTA,99,62,0.8523062467575073,0.8824478983879089,0.9658431373846936,99
1IKTA,99,63,0.8527233004570007,0.8824478983879089,0.966315747382695,99
1IKTA,99,64,0.85563725233078,0.8824478983879089,0.9696178708044887,99
1IKTA,99,65,0.8549870848655701,0.8824478983879089,0.9688810936345303,99
1IKTA,99,66,0.8591095209121704,0.8824478983879089,0.973552685072542,99
1IKTA,99,67,0.8612597584724426,0.8824478983879089,0.9759893587438152,99
1IKTA,99,68,0.863623321056366,0.8824478983879089,0.978667774759357,99
1IKTA,99,69,0.8649307489395142,0.8824478983879089,0.9801493669140174,99
1IKTA,99,70,0.8651779294013977,0.8824478983879089,0.9804294746261386,99
1IKTA,99,71,0.8669120669364929,0.8824478983879089,0.9823946190139979,99
1IKTA,99,72,0.8724536895751953,0.8824478983879089,0.9886744488473808,99
1IKTA,99,73,0.8728207349777222,0.8824478983879089,0.9890903888742054,99
1IKTA,99,74,0.8730173707008362,0.8824478983879089,0.9893132187131944,99
1IKTA,99,75,0.8693865537643433,0.8824478983879089,0.9851987356449864,99
1IKTA,99,76,0.8648865818977356,0.8824478983879089,0.9800993163196886,99
1IKTA,99,77,0.8685197234153748,0.8824478983879089,0.9842164336297036,99
1IKTA,99,78,0.8665506839752197,0.8824478983879089,0.9819850957300359,99
1IKTA,99,79,0.8665952682495117,0.8824478983879089,0.9820356191369967,99
1IKTA,99,80,0.8694107532501221,0.8824478983879089,0.9852261587776415,99
1OOEA,125,0,1.1300512552261353,1.4445116519927979,0.782306777288474,125
1OOEA,125,1,1.0290277004241943,1.4445116519927979,0.7123706472042531,125
1OOEA,125,2,0.801965057849884,1.4445116519927979,0.5551807468936101,125
1OOEA,125,3,0.8993562459945679,1.4445116519927979,0.6226022785997243,125
1OOEA,125,4,0.7378641366958618,1.4445116519927979,0.5108052508111861,125
1OOEA,125,5,0.6657388806343079,1.4445116519927979,0.46087470441368733,120
1OOEA,125,6,0.2992212474346161,1.4445116519927979,0.20714353326386872,119
1OOEA,125,7,0.11799842864274979,1.4445116519927979,0.08168741905263503,119
1OOEA,125,8,0.033744581043720245,1.4445116519927979,0.023360546103707365,126
1OOEA,125,9,0.014824079349637032,1.4445116519927979,0.010262346675560733,126
1OOEA,125,10,-0.037942662835121155,1.4445116519927979,-0.026266775198923998,235
1OOEA,125,11,-0.1280733048915863,1.4445116519927979,-0.08866200886292668,128
1OOEA,125,12,-0.17615962028503418,1.4445116519927979,-0.12195098602493827,235
1OOEA,125,13,-0.19671078026294708,1.4445116519927979,-0.1361780502023447,235
1OOEA,125,14,-0.23093198239803314,1.4445116519927979,-0.15986854940176318,235
1OOEA,125,15,-0.22654911875724792,1.4445116519927979,-0.1568344003627168,235
1OOEA,125,16,-0.19982443749904633,1.4445116519927979,-0.13833355876595077,235
1OOEA,125,17,-0.1927892565727234,1.4445116519927979,-0.13346327549989512,235
1OOEA,125,18,-0.18603432178497314,1.4445116519927979,-0.12878699976447175,235
1OOEA,125,19,-0.16202840209007263,1.4445116519927979,-0.11216829013912342,235
1OOEA,125,20,-0.1653534173965454,1.4445116519927979,-0.11447011671275176,235
1OOEA,125,21,-0.19118106365203857,1.4445116519927979,-0.1323499629707326,235
1OOEA,125,22,-0.18410120904445648,1.4445116519927979,-0.12744875321045482,235
1OOEA,125,23,-0.1783391386270523,1.4445116519927979,-0.12345981313547859,235
1OOEA,125,24,-0.16572143137454987,1.4445116519927979,-0.11472488376672238,235
1OOEA,125,25,-0.04993052780628204,1.4445116519927979,-0.03456568019884065,235
1OOEA,125,26,-0.025749726220965385,1.4445116519927979,-0.017825904128528115,235
1OOEA,125,27,-0.26043784618377686,1.4445116519927979,-0.18029473547304786,235
1OOEA,125,28,0.037320997565984726,1.4445116519927979,0.025836411575149276,152
1OOEA,125,29,0.1992780566215515,1.4445116519927979,0.13795531268067965,152
1OOEA,125,30,0.6165522336959839,1.4445116519927979,0.42682399470119187,125
1OOEA,125,31,0.7822455763816833,1.4445116519927979,0.5415294333573043,125
1OOEA,125,32,0.8434483408927917,1.4445116519927979,0.5838986066531203,125
1OOEA,125,33,0.8903093338012695,1.4445116519927979,0.6163393231013609,125
1OOEA,125,34,1.035506010055542,1.4445116519927979,0.716855422126221,125
1OOEA,125,35,1.1039819717407227,1.4445116519927979,0.7642596515007045,125
1OOEA,125,36,1.1518535614013672,1.4445116519927979,0.7973999793025623,125
1OOEA,125,37,1.1967250108718872,1.4445116519927979,0.8284633836085207,125
1OOEA,125,38,1.224972128868103,1.4445116519927979,0.8480181708317647,125
1OOEA,125,39,1.2547039985656738,1.4445116519927979,0.8686008152545727,125
1OOEA,125,40,1.3188132047653198,1.4445116519927979,0.9129820468709485,125
1OOEA,125,41,1.3325961828231812,1.4445116519927979,0.9225236646480338,125
1OOEA,125,42,1.3212716579437256,1.4445116519927979,0.9146839737297691,125
1OOEA,125,43,1.3241090774536133,1.4445116519927979,0.9166482496883418,125
1OOEA,125,44,1.335813283920288,1.4445116519927979,0.924750784860369,125
1OOEA,125,45,1.353818416595459,1.4445116519927979,0.9372152967598277,125
1OOEA,125,46,1.3604888916015625,1.4445116519927979,0.94183310305921,125
1OOEA,125,47,1.3614739179611206,1.4445116519927979,0.9425150126569618,125
1OOEA,125,48,1.4016904830932617,1.4445116519927979,0.970355954664359,125
1OOEA,125,49,1.4594398736953735,1.4445116519927979,1.010334441873128,125
1OOEA,125,50,1.4500815868377686,1.4445116519927979,1.0038559293289788,125
1OOEA,125,51,1.4469647407531738,1.4445116519927979,1.0016982132037437,125
1OOEA,125,52,1.4614348411560059,1.4445116519927979,1.0117155089333212,125
1OOEA,125,53,1.4768606424331665,1.4445116519927979,1.0223944129462308,125
1OOEA,125,54,1.4899694919586182,1.4445116519927979,1.0314693480686765,125
1OOEA,125,55,1.4921717643737793,1.4445116519927979,1.0329939272661672,125
1OOEA,125,56,1.508962869644165,1.4445116519927979,1.044617997758933,125
1OOEA,125,57,1.5064421892166138,1.4445116519927979,1.0428729925012226,125
1OOEA,125,58,1.5096993446350098,1.4445116519927979,1.0451278413381306,125
1OOEA,125,59,1.510484218597412,1.4445116519927979,1.045671190338687,125
1OOEA,125,60,1.5150694847106934,1.4445116519927979,1.0488454576469193,125
1OOEA,125,61,1.5236284732818604,1.4445116519927979,1.0547706355846391,125
1OOEA,125,62,1.5199998617172241,1.4445116519927979,1.0522586367650861,125
1OOEA,125,63,1.5123003721237183,1.4445116519927979,1.0469284688963232,125
1OOEA,125,64,1.5087273120880127,1.4445116519927979,1.0444549270382313,125
1OOEA,125,65,1.5020136833190918,1.4445116519927979,1.0398072464468986,125
1OOEA,125,66,1.5009983777999878,1.4445116519927979,1.0391043753293805,125
1OOEA,125,67,1.5017421245574951,1.4445116519927979,1.0396192529743489,125
1OOEA,125,68,1.496609091758728,1.4445116519927979,1.0360657802199507,125
1OOEA,125,69,1.489332914352417,1.4445116519927979,1.031028660999574,125
1OOEA,125,70,1.4900215864181519,1.4445116519927979,1.0315054117857547,125
1OOEA,125,71,1.4801363945007324,1.4445116519927979,1.0246621357874046,125
1OOEA,125,72,1.4699119329452515,1.4445116519927979,1.0175839917368699,125
1OOEA,125,73,1.4724185466766357,1.4445116519927979,1.0193192589657123,125
1OOEA,125,74,1.476193904876709,1.4445116519927979,1.0219328468830302,125
1OOEA,125,75,1.4707205295562744,1.4445116519927979,1.0181437633454322,125
1OOEA,125,76,1.4690558910369873,1.4445116519927979,1.0169913749122959,125
1OOEA,125,77,1.4615060091018677,1.4445116519927979,1.0117647767573388,125
1OOEA,125,78,1.454166054725647,1.4445116519927979,1.0066835063043833,125
1OOEA,125,79,1.4494850635528564,1.4445116519927979,1.003442970884449,125
1OOEA,125,80,1.4491184949874878,1.4445116519927979,1.0031892044542075,125
3H7AA,137,0,0.9482554793357849,1.4410269260406494,0.658041471814272,137
3H7AA,137,1,0.8235006332397461,1.4410269260406494,0.5714679013683581,136
3H7AA,137,2,0.5553027391433716,1.4410269260406494,0.38535209100437534,135
3H7AA,137,3,0.5255404710769653,1.4410269260406494,0.3646985782014045,134
3H7AA,137,4,0.39478471875190735,1.4410269260406494,0.2739606815235672,136
3H7AA,137,5,0.3153408467769623,1.4410269260406494,0.21883064159209675,132
3H7AA,137,6,0.2249007225036621,1.4410269260406494,0.156069757226256,132
3H7AA,137,7,0.1668155938386917,1.4410269260406494,0.11576160779801145,130
3H7AA,137,8,0.1542062759399414,1.4410269260406494,0.10701137720142188,135
3H7AA,137,9,0.0712788924574852,1.4410269260406494,0.049463955995139065,146
3H7AA,137,10,0.05888921767473221,1.4410269260406494,0.04086614664205867,146
3H7AA,137,11,0.023076672106981277,1.4410269260406494,0.016014046434501054,146
3H7AA,137,12,0.0011351127177476883,1.4410269260406494,0.0007877109700278205,146
3H7AA,137,13,-0.005720304325222969,1.4410269260406494,-0.00396960266449706,146
3H7AA,137,14,0.015984704717993736,1.4410269260406494,0.011092578791649052,146
3H7AA,137,15,0.02118084579706192,1.4410269260406494,0.014698438602572259,251
3H7AA,137,16,-0.03951157629489899,1.4410269260406494,-0.027419040949818046,251
3H7AA,137,17,-0.04228838533163071,1.4410269260406494,-0.029346006356606974,251
3H7AA,137,18,-0.03538930416107178,1.4410269260406494,-0.024558392019993033,251
3H7AA,137,19,-0.046744346618652344,1.4410269260406494,-0.03243821872717301,251
3H7AA,137,20,-0.06337230652570724,1.4410269260406494,-0.043977184173670046,251
3H7AA,137,21,-0.10860574245452881,1.4410269260406494,-0.07536690709377153,251
3H7AA,137,22,-0.15131478011608124,1.4410269260406494,-0.10500482494926874,251
3H7AA,137,23,-0.18776538968086243,1.4410269260406494,-0.1302997093862532,251
3H7AA,137,24,-0.2294371873140335,1.4410269260406494,-0.15921783498135786,251
3H7AA,137,25,-0.2792999744415283,1.4410269260406494,-0.19382009412477116,251
3H7AA,137,26,-0.30723631381988525,1.4410269260406494,-0.21320650451969317,251
3H7AA,137,27,-0.27074334025382996,1.4410269260406494,-0.18788222160270213,251
3H7AA,137,28,-0.23051553964614868,1.4410269260406494,-0.15996615710680076,251
3H7AA,137,29,-0.25766077637672424,1.4410269260406494,-0.17880358216807948,251
3H7AA,137,30,-0.257337361574173,1.4410269260406494,-0.1785791486084375,114
3H7AA,137,31,-0.2953409254550934,1.4410269260406494,-0.20495170500843385,114
3H7AA,137,32,-0.2781757414340973,1.4410269260406494,-0.1930399331249209,114
3H7AA,137,33,-0.2716419994831085,1.4410269260406494,-0.1885058457786554,143
3H7AA,137,34,-0.3011629581451416,1.4410269260406494,-0.20899190202685095,136
3H7AA,137,35,-0.2690163850784302,1.4410269260406494,-0.1866838018201206,136
3H7AA,137,36,-0.21596844494342804,1.4410269260406494,-0.149871207151431,159
3H7AA,137,37,-0.07441826164722443,1.4410269260406494,-0.051642519860260534,137
3H7AA,137,38,0.1352536380290985,1.4410269260406494,0.09385920247910981,137
3H7AA,137,39,0.3771705627441406,1.4410269260406494,0.2617373457277794,137
3H7AA,137,40,0.643835186958313,1.4410269260406494,0.4467891441330023,137
3H7AA,137,41,1.0850026607513428,1.4410269260406494,0.7529371180679356,137
3H7AA,137,42,1.390188455581665,1.4410269260406494,0.9647206658388628,137
3H7AA,137,43,1.3605480194091797,1.4410269260406494,0.9441516982249647,137
3H7AA,137,44,1.4143704175949097,1.4410269260406494,0.9815017277165106,137
3H7AA,137,45,1.4512602090835571,1.4410269260406494,1.0071013822559336,137
3H7AA,137,46,1.46181058883667,1.4410269260406494,1.0144228136341114,137
3H7AA,137,47,1.471745252609253,1.4410269260406494,1.0213169691790596,137
3H7AA,137,48,1.4852794408798218,1.4410269260406494,1.030709013162412,137
3H7AA,137,49,1.4718483686447144,1.4410269260406494,1.0213885265064058,137
3H7AA,137,50,1.4942954778671265,1.4410269260406494,1.0369656880547244,137
3H7AA,137,51,1.490689754486084,1.4410269260406494,1.0344634979041563,137
3H7AA,137,52,1.476948618888855,1.4410269260406494,1.0249278429147077,137
3H7AA,137,53,1.4519946575164795,1.4410269260406494,1.0076110524221535,137
3H7AA,137,54,1.4528464078903198,1.4410269260406494,1.0082021242185568,137
3H7AA,137,55,1.4551239013671875,1.4410269260406494,1.0097825898127184,137
3H7AA,137,56,1.4628394842147827,1.4410269260406494,1.015136815128129,137
3H7AA,137,57,1.4602879285812378,1.4410269260406494,1.0133661642211709,137
3H7AA,137,58,1.4545950889587402,1.4410269260406494,1.0094156206750213,137
3H7AA,137,59,1.4424617290496826,1.4410269260406494,1.0009956809155367,137
3H7AA,137,60,1.446563720703125,1.4410269260406494,1.00384225621494,137
3H7AA,137,61,1.443921685218811,1.4410269260406494,1.002008816855432,137
3H7AA,137,62,1.4434893131256104,1.4410269260406494,1.0017087724319813,137
3H7AA,137,63,1.4442825317382812,1.4410269260406494,1.0022592261385268,137
3H7AA,137,64,1.4516079425811768,1.4410269260406494,1.0073426917632966,137
3H7AA,137,65,1.4419015645980835,1.4410269260406494,1.000606955041317,137
3H7AA,137,66,1.4393067359924316,1.4410269260406494,0.9988062748744437,137
3H7AA,137,67,1.4322210550308228,1.4410269260406494,0.9938891696950996,137
3H7AA,137,68,1.4177310466766357,1.4410269260406494,0.9838338347861263,137
3H7AA,137,69,1.4156877994537354,1.4410269260406494,0.9824159242766298,137
3H7AA,137,70,1.4077240228652954,1.4410269260406494,0.9768894650241847,137
3H7AA,137,71,1.4125736951828003,1.4410269260406494,0.9802548929907736,137
3H7AA,137,72,1.4140108823776245,1.4410269260406494,0.9812522284109889,137
3H7AA,137,73,1.4208709001541138,1.4410269260406494,0.9860127347225106,137
3H7AA,137,74,1.4083755016326904,1.4410269260406494,0.9773415584275918,137
3H7AA,137,75,1.406585931777954,1.4410269260406494,0.9760996872158906,137
3H7AA,137,76,1.4059125185012817,1.4410269260406494,0.975632372369441,137
3H7AA,137,77,1.3936192989349365,1.4410269260406494,0.9671014980712612,137
3H7AA,137,78,1.3887823820114136,1.4410269260406494,0.9637449217047024,137
3H7AA,137,79,1.3873286247253418,1.4410269260406494,0.9627360874769714,137
3H7AA,137,80,1.3906002044677734,1.4410269260406494,0.9650063987968442,137
1ZMTA,127,0,0.882810115814209,1.4859169721603394,0.5941180647063424,127
1ZMTA,127,1,0.7770413756370544,1.4859169721603394,0.5229372772472829,128
1ZMTA,127,2,0.6518316268920898,1.4859169721603394,0.43867298045893327,126
1ZMTA,127,3,0.5746155977249146,1.4859169721603394,0.3867077424181343,124
1ZMTA,127,4,0.5557752251625061,1.4859169721603394,0.37402845217823827,124
1ZMTA,127,5,0.4210434556007385,1.4859169721603394,0.2833559771435906,122
1ZMTA,127,6,0.29791760444641113,1.4859169721603394,0.2004941124087679,121
1ZMTA,127,7,0.25136038661003113,1.4859169721603394,0.16916179794661357,121
1ZMTA,127,8,0.16916900873184204,1.4859169721603394,0.11384822429606631,121
1ZMTA,127,9,0.1525593400001526,1.4859169721603394,0.10267016452362758,121
1ZMTA,127,10,0.10114460438489914,1.4859169721603394,0.06806881291479389,121
1ZMTA,127,11,0.02006969042122364,1.4859169721603394,0.013506602856850606,138
1ZMTA,127,12,-0.039835140109062195,1.4859169721603394,-0.026808456229655168,138
1ZMTA,127,13,-0.02470453642308712,1.4859169721603394,-0.01662578521272947,138
1ZMTA,127,14,-0.00027188751846551895,1.4859169721603394,-0.0001829762520783568,253
1ZMTA,127,15,0.004491888917982578,1.4859169721603394,0.0030229743667655453,253
1ZMTA,127,16,0.023003894835710526,1.4859169721603394,0.01548127874349918,253
1ZMTA,127,17,-0.03231189772486687,1.4859169721603394,-0.02174542611078018,253
1ZMTA,127,18,-0.09589184075593948,1.4859169721603394,-0.06453378119540866,253
1ZMTA,127,19,-0.10566149652004242,1.4859169721603394,-0.07110861407446184,253
1ZMTA,127,20,-0.12341931462287903,1.4859169721603394,-0.08305936128008728,253
1ZMTA,127,21,-0.12261581420898438,1.4859169721603394,-0.0825186174640136,253
1ZMTA,127,22,-0.12595650553703308,1.4859169721603394,-0.0847668529917307,253
1ZMTA,127,23,-0.15635521709918976,1.4859169721603394,-0.10522473329843499,253
1ZMTA,127,24,-0.17404715716838837,1.4859169721603394,-0.11713114556821122,253
1ZMTA,127,25,-0.1895492970943451,1.4859169721603394,-0.12756385494323003,253
1ZMTA,127,26,-0.1941191703081131,1.4859169721603394,-0.13063931158003253,253
1ZMTA,127,27,-0.1563204824924469,1.4859169721603394,-0.10520135742522428,253
1ZMTA,127,28,-0.13589808344841003,1.4859169721603394,-0.09145738691633022,253
1ZMTA,127,29,-0.12615901231765747,1.4859169721603394,-0.08490313704017922,253
1ZMTA,127,30,-0.2100495547056198,1.4859169721603394,-0.14136022310872037,147
1ZMTA,127,31,-0.18643997609615326,1.4859169721603394,-0.1254713282028757,147
1ZMTA,127,32,0.3626563847064972,1.4859169721603394,0.24406234769580679,127
1ZMTA,127,33,0.6712955832481384,1.4859169721603394,0.45177193330806215,127
1ZMTA,127,34,0.778965413570404,1.4859169721603394,0.5242321261314384,127
1ZMTA,127,35,0.8201808333396912,1.4859169721603394,0.5519694900228845,127
1ZMTA,127,36,0.9146909117698669,1.4859169721603394,0.6155733657446685,127
1ZMTA,127,37,1.0482327938079834,1.4859169721603394,0.7054450641908899,127
1ZMTA,127,38,1.1361668109893799,1.4859169721603394,0.7646233485963445,127
1ZMTA,127,39,1.161476969718933,1.4859169721603394,0.7816567086048485,127
1ZMTA,127,40,1.240939974784851,1.4859169721603394,0.8351341279726269,127
1ZMTA,127,41,1.2586491107940674,1.4859169721603394,0.8470521128540226,127
1ZMTA,127,42,1.3121311664581299,1.4859169721603394,0.8830447400775385,127
1ZMTA,127,43,1.3114393949508667,1.4859169721603394,0.8825791881522129,127
1ZMTA,127,44,1.282921552658081,1.4859169721603394,0.8633871048614997,127
1ZMTA,127,45,1.32570219039917,1.4859169721603394,0.8921778371450748,127
1ZMTA,127,46,1.2700694799423218,1.4859169721603394,0.8547378512648643,127
1ZMTA,127,47,1.3067152500152588,1.4859169721603394,0.8793999089434025,127
1ZMTA,127,48,1.3063414096832275,1.4859169721603394,0.8791483199656632,127
1ZMTA,127,49,1.334917426109314,1.4859169721603394,0.8983795535819941,127
1ZMTA,127,50,1.3175885677337646,1.4859169721603394,0.8867174898865001,127
1ZMTA,127,51,1.327506422996521,1.4859169721603394,0.8933920588217598,127
1ZMTA,127,52,1.3764501810073853,1.4859169721603394,0.926330479290641,127
1ZMTA,127,53,1.38760244846344,1.4859169721603394,0.9338357892541181,127
1ZMTA,127,54,1.3733514547348022,1.4859169721603394,0.9242450826428876,127
1ZMTA,127,55,1.3813767433166504,1.4859169721603394,0.9296459823783422,127
1ZMTA,127,56,1.384382724761963,1.4859169721603394,0.9316689631381232,127
1ZMTA,127,57,1.389735460281372,1.4859169721603394,0.935271274451404,127
1ZMTA,127,58,1.3945025205612183,1.4859169721603394,0.9384794350479652,127
1ZMTA,127,59,1.3959498405456543,1.4859169721603394,0.9394534598498568,127
1ZMTA,127,60,1.3908017873764038,1.4859169721603394,0.9359888967109314,127
1ZMTA,127,61,1.3971470594406128,1.4859169721603394,0.9402591703420238,127
1ZMTA,127,62,1.397479772567749,1.4859169721603394,0.9404830813231687,127
1ZMTA,127,63,1.3967150449752808,1.4859169721603394,0.939968431038667,127
1ZMTA,127,64,1.411531686782837,1.4859169721603394,0.9499398103856668,127
1ZMTA,127,65,1.4139422178268433,1.4859169721603394,0.9515620618904072,127
1ZMTA,127,66,1.4139100313186646,1.4859169721603394,0.9515404008495941,127
1ZMTA,127,67,1.416391372680664,1.4859169721603394,0.9532103066441231,127
1ZMTA,127,68,1.4163671731948853,1.4859169721603394,0.9531940207504749,127
1ZMTA,127,69,1.4177196025848389,1.4859169721603394,0.9541041855950068,127
1ZMTA,127,70,1.4202464818954468,1.4859169721603394,0.9558047377509823,127
1ZMTA,127,71,1.4226456880569458,1.4859169721603394,0.9574193677783995,127
1ZMTA,127,72,1.4222859144210815,1.4859169721603394,0.9571772454777563,127
1ZMTA,127,73,1.4282928705215454,1.4859169721603394,0.9612198375020808,127
1ZMTA,127,74,1.4280246496200562,1.4859169721603394,0.9610393288286391,127
1ZMTA,127,75,1.4254693984985352,1.4859169721603394,0.9593196828663173,127
1ZMTA,127,76,1.4223695993423462,1.4859169721603394,0.9572335641838702,127
1ZMTA,127,77,1.4195199012756348,1.4859169721603394,0.9553157598111478,127
1ZMTA,127,78,1.4221680164337158,1.4859169721603394,0.957097901887519,127
1ZMTA,127,79,1.4215784072875977,1.4859169721603394,0.9567011037102555,127
1ZMTA,127,80,1.4221558570861816,1.4859169721603394,0.9570897188276564,127
3GEMA,152,0,1.0586429834365845,1.4097185134887695,0.7509605451776725,152
3GEMA,152,1,0.9572126865386963,1.4097185134887695,0.679009800452849,152
3GEMA,152,2,0.7248533964157104,1.4097185134887695,0.5141830723509789,150
3GEMA,152,3,0.6071131229400635,1.4097185134887695,0.4306626586307508,150
3GEMA,152,4,0.3830752372741699,1.4097185134887695,0.27173881424465074,156
3GEMA,152,5,-0.20556989312171936,1.4097185134887695,-0.14582336200790558,156
3GEMA,152,6,-0.13600683212280273,1.4097185134887695,-0.0964780066526992,156
3GEMA,152,7,-0.07602852582931519,1.4097185134887695,-0.053931707005223255,156
3GEMA,152,8,-0.056460678577423096,1.4097185134887695,-0.04005103007244636,160
3GEMA,152,9,0.02144228108227253,1.4097185134887695,0.015210328074082818,160
3GEMA,152,10,0.048519399017095566,1.4097185134887695,0.03441779231303405,160
3GEMA,152,11,0.07217468321323395,1.4097185134887695,0.05119793953376986,160
3GEMA,152,12,0.08110198378562927,1.4097185134887695,0.057530622609841583,160
3GEMA,152,13,0.08476358652114868,1.4097185134887695,0.06012802251661991,139
3GEMA,152,14,0.10015623271465302,1.4097185134887695,0.07104697268023139,139
3GEMA,152,15,0.07653892040252686,1.4097185134887695,0.05429376125103758,139
3GEMA,152,16,-0.004771055653691292,1.4097185134887695,-0.0033844030620580343,259
3GEMA,152,17,-0.016968660056591034,1.4097185134887695,-0.012036913677608601,259
3GEMA,152,18,-0.03833038732409477,1.4097185134887695,-0.02719009997906233,259
3GEMA,152,19,-0.015891889110207558,1.4097185134887695,-0.011273093853948426,259
3GEMA,152,20,-0.04185398668050766,1.4097185134887695,-0.029689605605680434,259
3GEMA,152,21,-0.0755075067281723,1.4097185134887695,-0.05356211612863509,259
3GEMA,152,22,-0.10373184829950333,1.4097185134887695,-0.07358337661522787,133
3GEMA,152,23,-0.13423019647598267,1.4097185134887695,-0.0952177297748541,259
3GEMA,152,24,-0.17525064945220947,1.4097185134887695,-0.12431605868500613,130
3GEMA,152,25,-0.25968724489212036,1.4097185134887695,-0.18421212632686984,130
3GEMA,152,26,-0.2681417465209961,1.4097185134887695,-0.19020942404835078,133
3GEMA,152,27,-0.2874799966812134,1.4097185134887695,-0.2039272336501833,133
3GEMA,152,28,-0.25375494360923767,1.4097185134887695,-0.18000398035579832,133
3GEMA,152,29,-0.24134667217731476,1.4097185134887695,-0.1712020306664132,133
3GEMA,152,30,-0.24634940922260284,1.4097185134887695,-0.1747507795814766,133
3GEMA,152,31,-0.27977776527404785,1.4097185134887695,-0.198463567440605,137
3GEMA,152,32,-0.24963422119617462,1.4097185134887695,-0.17708089863867943,137
3GEMA,152,33,-0.25941598415374756,1.4097185134887695,-0.18401970441016996,146
3GEMA,152,34,-0.24072839319705963,1.4097185134887695,-0.17076344737879998,146
3GEMA,152,35,-0.008676118217408657,1.4097185134887695,-0.006154503990968389,152
3GEMA,152,36,0.2953682243824005,1.4097185134887695,0.2095228384646972,152
3GEMA,152,37,0.6398690938949585,1.4097185134887695,0.4538984824079605,152
3GEMA,152,38,0.7053157687187195,1.4097185134887695,0.5003238320061535,152
3GEMA,152,39,0.7754773497581482,1.4097185134887695,0.5500937544183895,152
3GEMA,152,40,0.8469542264938354,1.4097185134887695,0.6007966969219934,152
3GEMA,152,41,1.0532314777374268,1.4097185134887695,0.7471218315285446,152
3GEMA,152,42,1.161779761314392,1.4097185134887695,0.8241218017625527,152
3GEMA,152,43,1.1784015893936157,1.4097185134887695,0.8359126861981184,152
3GEMA,152,44,1.2451744079589844,1.4097185134887695,0.8832787510730978,152
3GEMA,152,45,1.2706999778747559,1.4097185134887695,0.9013856069251933,152
3GEMA,152,46,1.269163966178894,1.4097185134887695,0.9002960194074268,152
3GEMA,152,47,1.2670215368270874,1.4097185134887695,0.898776262568521,152
3GEMA,152,48,1.2934396266937256,1.4097185134887695,0.9175162376868577,152
3GEMA,152,49,1.318560242652893,1.4097185134887695,0.9353358348041567,152
3GEMA,152,50,1.3272416591644287,1.4097185134887695,0.9414940972008468,152
3GEMA,152,51,1.3366817235946655,1.4097185134887695,0.9481905152019656,152
3GEMA,152,52,1.3178819417953491,1.4097185134887695,0.9348546743093106,152
3GEMA,152,53,1.3247344493865967,1.4097185134887695,0.9397155791819358,152
3GEMA,152,54,1.3196629285812378,1.4097185134887695,0.9361180377175709,152
3GEMA,152,55,1.314908742904663,1.4097185134887695,0.9327456015673148,152
3GEMA,152,56,1.3019486665725708,1.4097185134887695,0.9235522227416237,152
3GEMA,152,57,1.3017319440841675,1.4097185134887695,0.9233984881582089,152
3GEMA,152,58,1.2982814311981201,1.4097185134887695,0.9209508272578012,152
3GEMA,152,59,1.2983824014663696,1.4097185134887695,0.9210224516759268,152
3GEMA,152,60,1.3007152080535889,1.4097185134887695,0.9226772547908025,152
3GEMA,152,61,1.2887444496154785,1.4097185134887695,0.914185659962779,152
3GEMA,152,62,1.2873395681381226,1.4097185134887695,0.9131890911698508,152
3GEMA,152,63,1.2833455801010132,1.4097185134887695,0.9103559099362264,152
3GEMA,152,64,1.287664532661438,1.4097185134887695,0.9134196084824959,152
3GEMA,152,65,1.2861701250076294,1.4097185134887695,0.9123595332692462,152
3GEMA,152,66,1.2779567241668701,1.4097185134887695,0.9065332631577523,152
3GEMA,152,67,1.2811732292175293,1.4097185134887695,0.908814927915562,152
3GEMA,152,68,1.2829670906066895,1.4097185134887695,0.9100874240713518,152
3GEMA,152,69,1.2825225591659546,1.4097185134887695,0.9097720905941495,152
3GEMA,152,70,1.2813020944595337,1.4097185134887695,0.908906339953335,152
3GEMA,152,71,1.2771326303482056,1.4097185134887695,0.9059486827533814,152
3GEMA,152,72,1.2748785018920898,1.4097185134887695,0.9043496908734087,152
3GEMA,152,73,1.2780643701553345,1.4097185134887695,0.9066096230745969,152
3GEMA,152,74,1.2876707315444946,1.4097185134887695,0.9134240057313064,152
3GEMA,152,75,1.2959814071655273,1.4097185134887695,0.9193192788241351,152
3GEMA,152,76,1.3020111322402954,1.4097185134887695,0.9235965334796377,152
3GEMA,152,77,1.2945886850357056,1.4097185134887695,0.9183313354038738,152
3GEMA,152,78,1.2975066900253296,1.4097185134887695,0.9204012557189604,152
3GEMA,152,79,1.3023749589920044,1.4097185134887695,0.9238546181598258,152
3GEMA,152,80,1.3031176328659058,1.4097185134887695,0.9243814423923198,152
3UCEA,112,0,0.9805482029914856,1.4957705736160278,0.6555471943942638,112
3UCEA,112,1,0.7467184066772461,1.4957705736160278,0.4992198802735189,113
3UCEA,112,2,0.44225892424583435,1.4957705736160278,0.2956729675304901,113
3UCEA,112,3,0.3628247082233429,1.4957705736160278,0.24256708523568127,109
3UCEA,112,4,0.38688138127326965,1.4957705736160278,0.2586502155460802,111
3UCEA,112,5,0.32838982343673706,1.4957705736160278,0.21954558354684978,117
3UCEA,112,6,0.2046380341053009,1.4957705736160278,0.1368111110854308,117
3UCEA,112,7,0.19846951961517334,1.4957705736160278,0.13268714007080173,113
3UCEA,112,8,0.06036873161792755,1.4957705736160278,0.04035961977242676,120
3UCEA,112,9,0.01593526266515255,1.4957705736160278,0.010653547372996532,103
3UCEA,112,10,0.0038922019302845,1.4957705736160278,0.002602138321838419,120
3UCEA,112,11,-0.008054107427597046,1.4957705736160278,-0.005384587429157821,120
3UCEA,112,12,-0.027922725304961205,1.4957705736160278,-0.01866778622169172,120
3UCEA,112,13,-0.06525418162345886,1.4957705736160278,-0.04362579581018683,222
3UCEA,112,14,-0.09918564558029175,1.4957705736160278,-0.06631073463392871,222
3UCEA,112,15,-0.12665891647338867,1.4957705736160278,-0.08467803733241691,222
3UCEA,112,16,-0.1531202793121338,1.4957705736160278,-0.10236882715372937,113
3UCEA,112,17,-0.1930799037218094,1.4957705736160278,-0.1290839030580996,222
3UCEA,112,18,-0.21656498312950134,1.4957705736160278,-0.14478489345191164,222
3UCEA,112,19,-0.22915811836719513,1.4957705736160278,-0.15320405576184387,222
3UCEA,112,20,-0.2728455066680908,1.4957705736160278,-0.18241133465307208,222
3UCEA,112,21,-0.3012130558490753,1.4957705736160278,-0.20137650864523446,222
3UCEA,112,22,-0.3245770335197449,1.4957705736160278,-0.21699653626363258,222
3UCEA,112,23,-0.32814520597457886,1.4957705736160278,-0.2193820441201001,222
3UCEA,112,24,-0.3178977966308594,1.4957705736160278,-0.2125311209073601,222
3UCEA,112,25,-0.39634495973587036,1.4957705736160278,-0.2649771072696702,222
3UCEA,112,26,-0.3206298351287842,1.4957705736160278,-0.21435762996303706,132
3UCEA,112,27,-0.12949207425117493,1.4957705736160278,-0.08657214985726562,132
3UCEA,112,28,0.5070392489433289,1.4957705736160278,0.33898196547453174,112
3UCEA,112,29,0.7547379732131958,1.4957705736160278,0.5045813753299181,112
3UCEA,112,30,0.9009771943092346,1.4957705736160278,0.6023498591305488,112
3UCEA,112,31,0.9989926815032959,1.4957705736160278,0.6678782823546457,112
3UCEA,112,32,1.066346526145935,1.4957705736160278,0.7129078115021614,112
3UCEA,112,33,1.1609820127487183,1.4957705736160278,0.7761765294941204,112
3UCEA,112,34,1.2275997400283813,1.4957705736160278,0.8207139261074357,112
3UCEA,112,35,1.3381234407424927,1.4957705736160278,0.8946047370804849,112
3UCEA,112,36,1.3682103157043457,1.4957705736160278,0.9147193692925079,112
3UCEA,112,37,1.394972562789917,1.4957705736160278,0.9326113157966255,112
3UCEA,112,38,1.399765133857727,1.4957705736160278,0.9358153974601817,112
3UCEA,112,39,1.418001651763916,1.4957705736160278,0.9480074529985536,112
3UCEA,112,40,1.4439011812210083,1.4957705736160278,0.9653226281423459,112
3UCEA,112,41,1.4911713600158691,1.4957705736160278,0.9969251878053463,112
3UCEA,112,42,1.4798977375030518,1.4957705736160278,0.9893881880062639,112
3UCEA,112,43,1.477079153060913,1.4957705736160278,0.9875038185101287,112
3UCEA,112,44,1.4312832355499268,1.4957705736160278,0.9568868787743278,112
3UCEA,112,45,1.4457849264144897,1.4957705736160278,0.9665820092444407,112
3UCEA,112,46,1.4361931085586548,1.4957705736160278,0.9601693828530505,112
3UCEA,112,47,1.434965968132019,1.4957705736160278,0.9593489760017049,112
3UCEA,112,48,1.414987564086914,1.4957705736160278,0.9459923794771409,112
3UCEA,112,49,1.4312715530395508,1.4957705736160278,0.9568790684118417,112
3UCEA,112,50,1.4388954639434814,1.4957705736160278,0.9619760472122066,112
3UCEA,112,51,1.4367491006851196,1.4957705736160278,0.9605410923493275,112
3UCEA,112,52,1.4274866580963135,1.4957705736160278,0.9543486703614994,112
3UCEA,112,53,1.4499599933624268,1.4957705736160278,0.9693732574623033,112
3UCEA,112,54,1.4469478130340576,1.4957705736160278,0.9673594591021127,112
3UCEA,112,55,1.4583104848861694,1.4957705736160278,0.9749559929907575,112
3UCEA,112,56,1.4633736610412598,1.4957705736160278,0.9783409881527162,112
3UCEA,112,57,1.4640477895736694,1.4957705736160278,0.9787916779471945,112
3UCEA,112,58,1.463363766670227,1.4957705736160278,0.978334373253876,112
3UCEA,112,59,1.4649684429168701,1.4957705736160278,0.9794071823296446,112
3UCEA,112,60,1.4648184776306152,1.4957705736160278,0.9793069227785476,112
3UCEA,112,61,1.4631329774856567,1.4957705736160278,0.9781800787459873,112
3UCEA,112,62,1.4647729396820068,1.4957705736160278,0.9792764783043671,112
3UCEA,112,63,1.463669776916504,1.4957705736160278,0.9785389569324658,112
3UCEA,112,64,1.4641406536102295,1.4957705736160278,0.9788537623592013,112
3UCEA,112,65,1.4632986783981323,1.4957705736160278,0.9782908583771677,112
3UCEA,112,66,1.459115743637085,1.4957705736160278,0.9754943501192634,112
3UCEA,112,67,1.453051209449768,1.4957705736160278,0.9714398953156395,112
3UCEA,112,68,1.4550766944885254,1.4957705736160278,0.9727940368360604,112
3UCEA,112,69,1.4510055780410767,1.4957705736160278,0.9700722849048088,112
3UCEA,112,70,1.4484946727752686,1.4957705736160278,0.968393614853333,112
3UCEA,112,71,1.4489315748214722,1.4957705736160278,0.9686857064707977,112
3UCEA,112,72,1.444329023361206,1.4957705736160278,0.9656086627440051,112
3UCEA,112,73,1.4439475536346436,1.4957705736160278,0.9653536304995611,112
3UCEA,112,74,1.4471478462219238,1.4957705736160278,0.967493191635293,112
3UCEA,112,75,1.4485805034637451,1.4957705736160278,0.9684509971083328,112
3UCEA,112,76,1.4482067823410034,1.4957705736160278,0.9682011452063541,112
3UCEA,112,77,1.4508256912231445,1.4957705736160278,0.9699520212620382,112
3UCEA,112,78,1.451350450515747,1.4957705736160278,0.9703028499933014,112
3UCEA,112,79,1.4543156623840332,1.4957705736160278,0.9722852475083947,112
3UCEA,112,80,1.4675213098526,1.4957705736160278,0.9811139059280093,112
4O6VA,137,0,0.9137158989906311,1.4597294330596924,0.625948808249636,137
4O6VA,137,1,0.8098248839378357,1.4597294330596924,0.554777389286717,137
4O6VA,137,2,0.5957828164100647,1.4597294330596924,0.40814605975387047,135
4O6VA,137,3,0.4961824119091034,1.4597294330596924,0.3399139598556092,134
4O6VA,137,4,0.4783411920070648,1.4597294330596924,0.32769168119356823,134
4O6VA,137,5,0.396578848361969,1.4597294330596924,0.27167969582603585,132
4O6VA,137,6,0.33757713437080383,1.4597294330596924,0.2312600723979506,132
4O6VA,137,7,0.16816122829914093,1.4597294330596924,0.11520027238655012,130
4O6VA,137,8,0.07659316807985306,1.4597294330596924,0.05247079790623154,143
4O6VA,137,9,-0.038632407784461975,1.4597294330596924,-0.02646545785097024,143
4O6VA,137,10,-0.03529936447739601,1.4597294330596924,-0.024182128330046848,143
4O6VA,137,11,0.03418722748756409,1.4597294330596924,0.023420249474524417,143
4O6VA,137,12,0.0657993033528328,1.4597294330596924,0.04507636953987628,143
4O6VA,137,13,0.1044364720582962,1.4597294330596924,0.07154508890006434,143
4O6VA,137,14,0.07304371148347855,1.4597294330596924,0.05003921263022967,241
4O6VA,137,15,0.08434278517961502,1.4597294330596924,0.057779738675835836,241
4O6VA,137,16,0.08428254723548889,1.4597294330596924,0.05773847216249311,241
4O6VA,137,17,0.05226290598511696,1.4597294330596924,0.03580314598135515,241
4O6VA,137,18,0.05318799242377281,1.4597294330596924,0.03643688427401724,241
4O6VA,137,19,0.021554378792643547,1.4597294330596924,0.014766009579915163,241
4O6VA,137,20,-0.022311698645353317,1.4597294330596924,-0.015284817953274037,241
4O6VA,137,21,-0.0481230691075325,1.4597294330596924,-0.03296711569805321,241
4O6VA,137,22,-0.0701199322938919,1.4597294330596924,-0.048036252956080876,241
4O6VA,137,23,-0.079219289124012,1.4597294330596924,-0.054269844349142816,241
4O6VA,137,24,-0.05855938792228699,1.4597294330596924,-0.040116604211742526,241
4O6VA,137,25,0.10218384861946106,1.4597294330596924,0.07000191015212781,137
4O6VA,137,26,0.47071194648742676,1.4597294330596924,0.32246520199348344,137
4O6VA,137,27,0.648948073387146,1.4597294330596924,0.4445673689177498,137
4O6VA,137,28,0.1585189253091812,1.4597294330596924,0.10859473113240907,137
4O6VA,137,29,1.0140128135681152,1.4597294330596924,0.6946580582695214,137
4O6VA,137,30,1.0215988159179688,1.4597294330596924,0.6998549133702319,137
4O6VA,137,31,1.0382176637649536,1.4597294330596924,0.7112397957125374,137
4O6VA,137,32,1.0631903409957886,1.4597294330596924,0.728347539562362,137
4O6VA,137,33,1.0861685276031494,1.4597294330596924,0.7440889407336716,137
4O6VA,137,34,1.1505814790725708,1.4597294330596924,0.7882155781848377,137
4O6VA,137,35,1.1774786710739136,1.4597294330596924,0.8066417271629839,137
4O6VA,137,36,1.1885396242141724,1.4597294330596924,0.8142191267068667,137
4O6VA,137,37,1.1966813802719116,1.4597294330596924,0.8197967055878197,137
4O6VA,137,38,1.209241509437561,1.4597294330596924,0.8284011283535665,137
4O6VA,137,39,1.2308257818222046,1.4597294330596924,0.8431876167916337,137
4O6VA,137,40,1.3089851140975952,1.4597294330596924,0.8967313287325263,137
4O6VA,137,41,1.3202491998672485,1.4597294330596924,0.9044478860030357,137
4O6VA,137,42,1.34121835231781,1.4597294330596924,0.9188129813252618,137
4O6VA,137,43,1.37391197681427,1.4597294330596924,0.9412100254322179,137
4O6VA,137,44,1.3877861499786377,1.4597294330596924,0.9507146451584136,137
4O6VA,137,45,1.394904375076294,1.4597294330596924,0.9555910454942868,137
4O6VA,137,46,1.4091688394546509,1.4597294330596924,0.9653630375191771,137
4O6VA,137,47,1.4157767295837402,1.4597294330596924,0.9698898285665006,137
4O6VA,137,48,1.414045810699463,1.4597294330596924,0.9687040479382035,137
4O6VA,137,49,1.4269496202468872,1.4597294330596924,0.9775439118576266,137
4O6VA,137,50,1.4334802627563477,1.4597294330596924,0.9820177837694725,137
4O6VA,137,51,1.4361823797225952,1.4597294330596924,0.98386889186187,137
4O6VA,137,52,1.4344675540924072,1.4597294330596924,0.982694136053464,137
4O6VA,137,53,1.418749451637268,1.4597294330596924,0.9719263169637352,137
4O6VA,137,54,1.4210022687911987,1.4597294330596924,0.9734696284178371,137
4O6VA,137,55,1.4121671915054321,1.4597294330596924,0.967417083962905,137
4O6VA,137,56,1.4145700931549072,1.4597294330596924,0.9690632120706588,137
4O6VA,137,57,1.423805594444275,1.4597294330596924,0.9753900703775502,137
4O6VA,137,58,1.425421118736267,1.4597294330596924,0.9764967989639609,137
4O6VA,137,59,1.4259072542190552,1.4597294330596924,0.9768298301900075,137
4O6VA,137,60,1.4238076210021973,1.4597294330596924,0.9753914586882032,137
4O6VA,137,61,1.4229267835617065,1.4597294330596924,0.9747880335461586,137
4O6VA,137,62,1.4244391918182373,1.4597294330596924,0.9758241216199331,137
4O6VA,137,63,1.4334417581558228,1.4597294330596924,0.9819914058670661,137
4O6VA,137,64,1.423819899559021,1.4597294330596924,0.9753998702174536,137
4O6VA,137,65,1.427632451057434,1.4597294330596924,0.9780116908823433,137
4O6VA,137,66,1.4253545999526978,1.4597294330596924,0.9764512297084107,137
4O6VA,137,67,1.4193071126937866,1.4597294330596924,0.9723083473892982,137
4O6VA,137,68,1.429436206817627,1.4597294330596924,0.9792473690288146,137
4O6VA,137,69,1.4286099672317505,1.4597294330596924,0.9786813466090676,137
4O6VA,137,70,1.427850365638733,1.4597294330596924,0.9781609751102033,137
4O6VA,137,71,1.4284403324127197,1.4597294330596924,0.9785651368408811,137
4O6VA,137,72,1.4306538105010986,1.4597294330596924,0.980081498735249,137
4O6VA,137,73,1.4321733713150024,1.4597294330596924,0.9811224867289752,137
4O6VA,137,74,1.435955286026001,1.4597294330596924,0.9837133194034053,137
4O6VA,137,75,1.4340564012527466,1.4597294330596924,0.9824124723215771,137
4O6VA,137,76,1.4342341423034668,1.4597294330596924,0.9825342353323755,137
4O6VA,137,77,1.4373431205749512,1.4597294330596924,0.9846640672046888,137
4O6VA,137,78,1.4374184608459473,1.4597294330596924,0.9847156796948461,137
4O6VA,137,79,1.4362671375274658,1.4597294330596924,0.9839269559132969,137
4O6VA,137,80,1.4421465396881104,1.4597294330596924,0.9879546901135459,137
5IDYA,143,0,1.0216153860092163,1.4627021551132202,0.6984438919693383,143
5IDYA,143,1,0.9365460872650146,1.4627021551132202,0.6402848891629078,143
5IDYA,143,2,0.596235990524292,1.4627021551132202,0.40762638411381874,143
5IDYA,143,3,0.44769981503486633,1.4627021551132202,0.3060772239035993,140
5IDYA,143,4,0.2230009287595749,1.4627021551132202,0.15245819388453252,140
5IDYA,143,5,-0.03677322342991829,1.4627021551132202,-0.025140609317740332,138
5IDYA,143,6,-0.1663118302822113,1.4627021551132202,-0.11370177428181745,137
5IDYA,143,7,-0.17709466814994812,1.4627021551132202,-0.12107363589427414,137
5IDYA,143,8,-0.17958271503448486,1.4627021551132202,-0.12277462941222254,137
5IDYA,143,9,-0.16195741295814514,1.4627021551132202,-0.11072480640845768,137
5IDYA,143,10,-0.1611815094947815,1.4627021551132202,-0.11019434744888666,137
5IDYA,143,11,-0.09635485708713531,1.4627021551132202,-0.06587455740753796,137
5IDYA,143,12,-0.03656546771526337,1.4627021551132202,-0.02499857376119954,135
5IDYA,143,13,-0.001048009842634201,1.4627021551132202,-0.000716488889395996,135
5IDYA,143,14,-0.033583417534828186,1.4627021551132202,-0.022959846895302255,266
5IDYA,143,15,-0.0372522696852684,1.4627021551132202,-0.02546811704286092,128
5IDYA,143,16,-0.02303960546851158,1.4627021551132202,-0.01575139914026325,128
5IDYA,143,17,-0.024471623823046684,1.4627021551132202,-0.01673042166342639,266
5IDYA,143,18,-0.06118419021368027,1.4627021551132202,-0.04182956181461585,266
5IDYA,143,19,-0.08300932496786118,1.4627021551132202,-0.056750668396626416,266
5IDYA,143,20,-0.1201302632689476,1.4627021551132202,-0.08212899861328839,266
5IDYA,143,21,-0.1351609230041504,1.4627021551132202,-0.09240495239011136,266
5IDYA,143,22,-0.14933300018310547,1.4627021551132202,-0.10209392230747508,266
5IDYA,143,23,-0.1702519953250885,1.4627021551132202,-0.11639553187908593,266
5IDYA,143,24,-0.2037750482559204,1.4627021551132202,-0.13931410953595486,266
5IDYA,143,25,-0.22194290161132812,1.4627021551132202,-0.15173485650203933,266
5IDYA,143,26,-0.20780622959136963,1.4627021551132202,-0.1420700918946034,266
5IDYA,143,27,-0.21054664254188538,1.4627021551132202,-0.14394361955772741,266
5IDYA,143,28,-0.168224036693573,1.4627021551132202,-0.11500908514115893,266
5IDYA,143,29,-0.1378035992383957,1.4627021551132202,-0.09421166076543384,266
5IDYA,143,30,-0.1892896592617035,1.4627021551132202,-0.1294109389256021,266
5IDYA,143,31,-0.23458896577358246,1.4627021551132202,-0.1603805429242867,266
5IDYA,143,32,-0.30846288800239563,1.4627021551132202,-0.21088564539546953,112
5IDYA,143,33,-0.3609124422073364,1.4627021551132202,-0.24674363194563015,112
5IDYA,143,34,-0.2653248906135559,1.4627021551132202,-0.18139365535632132,112
5IDYA,143,35,0.055890098214149475,1.4627021551132202,0.03821017014213896,143
5IDYA,143,36,0.26878035068511963,1.4627021551132202,0.18375603655572295,143
5IDYA,143,37,0.5005161166191101,1.4627021551132202,0.3421859432348808,143
5IDYA,143,38,0.6785241961479187,1.4627021551132202,0.4638840476005162,143
5IDYA,143,39,0.7945404648780823,1.4627021551132202,0.5432004472684878,143
5IDYA,143,40,0.8987916707992554,1.4627021551132202,0.6144734713470662,143
5IDYA,143,41,1.0057201385498047,1.4627021551132202,0.6875768488027948,143
5IDYA,143,42,1.1059597730636597,1.4627021551132202,0.756107297167449,143
5IDYA,143,43,1.1836161613464355,1.4627021551132202,0.8091983437700055,143
5IDYA,143,44,1.232304573059082,1.4627021551132202,0.8424849643868172,143
5IDYA,143,45,1.2663216590881348,1.4627021551132202,0.865741295766475,143
5IDYA,143,46,1.2878743410110474,1.4627021551132202,0.8804761355611455,143
5IDYA,143,47,1.3496204614639282,1.4627021551132202,0.9226898700777952,143
5IDYA,143,48,1.3978573083877563,1.4627021551132202,0.9556677711188273,143
5IDYA,143,49,1.4218119382858276,1.4627021551132202,0.9720447415186673,143
5IDYA,143,50,1.4306544065475464,1.4627021551132202,0.9780900380479762,143
5IDYA,143,51,1.4315844774246216,1.4627021551132202,0.9787258960549012,143
5IDYA,143,52,1.4387081861495972,1.4627021551132202,0.9835961348113514,143
5IDYA,143,53,1.4283432960510254,1.4627021551132202,0.9765100099551468,143
5IDYA,143,54,1.4240716695785522,1.4627021551132202,0.9735896433873253,143
5IDYA,143,55,1.429758906364441,1.4627021551132202,0.9774778148554588,143
5IDYA,143,56,1.4288023710250854,1.4627021551132202,0.976823863990608,143
5IDYA,143,57,1.4296363592147827,1.4627021551132202,0.9773940335133519,143
5IDYA,143,58,1.429163932800293,1.4627021551132202,0.9770710515495677,143
5IDYA,143,59,1.4253827333450317,1.4627021551132202,0.9744859733488943,143
5IDYA,143,60,1.4172691106796265,1.4627021551132202,0.9689389639067859,143
5IDYA,143,61,1.4094185829162598,1.4627021551132202,0.9635718235522556,143
5IDYA,143,62,1.4069229364395142,1.4627021551132202,0.9618656344501055,143
5IDYA,143,63,1.4067637920379639,1.4627021551132202,0.9617568328044704,143
5IDYA,143,64,1.403200387954712,1.4627021551132202,0.959320653934565,143
5IDYA,143,65,1.4022691249847412,1.4627021551132202,0.9586839809340397,143
5IDYA,143,66,1.4084447622299194,1.4627021551132202,0.9629060552802009,143
5IDYA,143,67,1.4104156494140625,1.4627021551132202,0.9642534841995153,143
5IDYA,143,68,1.4096120595932007,1.4627021551132202,0.9637040970135782,143
5IDYA,143,69,1.4070090055465698,1.4627021551132202,0.9619244769880444,143
5IDYA,143,70,1.4018443822860718,1.4627021551132202,0.9583935987142661,143
5IDYA,143,71,1.4053452014923096,1.4627021551132202,0.9607869904201577,143
5IDYA,143,72,1.40303635597229,1.4627021551132202,0.9592085108151688,143
5IDYA,143,73,1.4003297090530396,1.4627021551132202,0.9573580678457723,143
5IDYA,143,74,1.3972785472869873,1.4627021551132202,0.9552720917258998,143
5IDYA,143,75,1.3965712785720825,1.4627021551132202,0.9547885560228638,143
5IDYA,143,76,1.3948171138763428,1.4627021551132202,0.9535892929400772,143
5IDYA,143,77,1.3935312032699585,1.4627021551132202,0.9527101593434738,143
5IDYA,143,78,1.3959603309631348,1.4627021551132202,0.9543708718027292,143
5IDYA,143,79,1.3947339057922363,1.4627021551132202,0.9535324063867788,143
5IDYA,143,80,1.3982627391815186,1.4627021551132202,0.9559449504422767,143
3KZVA,132,0,0.9403901696205139,1.4311875104904175,0.6570698547378152,132
3KZVA,132,1,0.8424362540245056,1.4311875104904175,0.5886274494778343,131
3KZVA,132,2,0.6702314019203186,1.4311875104904175,0.4683043954811022,131
3KZVA,132,3,0.4807520806789398,1.4311875104904175,0.3359113164103864,131
3KZVA,132,4,0.31161242723464966,1.4311875104904175,0.2177299794405494,129
3KZVA,132,5,0.10826245695352554,1.4311875104904175,0.07564519405037835,137
3KZVA,132,6,-0.03959959000349045,1.4311875104904175,-0.02766904386268789,126
3KZVA,132,7,-0.04074753820896149,1.4311875104904175,-0.028471138764338953,126
3KZVA,132,8,0.014130747877061367,1.4311875104904175,0.00987344269949593,126
3KZVA,132,9,0.09073852002620697,1.4311875104904175,0.06340086072656831,126
3KZVA,132,10,0.15262264013290405,1.4311875104904175,0.10664056178117824,125
3KZVA,132,11,0.20686934888362885,1.4311875104904175,0.14454384723685998,125
3KZVA,132,12,0.18218988180160522,1.4311875104904175,0.12729979857019236,129
3KZVA,132,13,0.1371995359659195,1.4311875104904175,0.09586412329639885,129
3KZVA,132,14,0.06270331144332886,1.4311875104904175,0.04381208680464424,129
3KZVA,132,15,0.0020516258664429188,1.4311875104904175,0.0014335129753472338,129
3KZVA,132,16,-0.050329577177762985,1.4311875104904175,-0.03516630546930696,253
3KZVA,132,17,-0.08474794030189514,1.4311875104904175,-0.05921512008783183,253
3KZVA,132,18,-0.12445995956659317,1.4311875104904175,-0.08696272057596781,253
3KZVA,132,19,-0.15489092469215393,1.4311875104904175,-0.10822545861868112,253
3KZVA,132,20,-0.1672028750181198,1.4311875104904175,-0.11682807025113381,253
3KZVA,132,21,-0.17761774361133575,1.4311875104904175,-0.12410515205689045,253
3KZVA,132,22,-0.20091110467910767,1.4311875104904175,-0.14038070008748366,253
3KZVA,132,23,-0.1868375688791275,1.4311875104904175,-0.13054723263697632,253
3KZVA,132,24,-0.18275101482868195,1.4311875104904175,-0.1276918736986879,253
3KZVA,132,25,-0.18345928192138672,1.4311875104904175,-0.12818675440964525,253
3KZVA,132,26,-0.21496666967868805,1.4311875104904175,-0.15020161097201482,253
3KZVA,132,27,-0.1871296614408493,1.4311875104904175,-0.1307513236869476,253
3KZVA,132,28,0.18807755410671234,1.4311875104904175,0.1314136356893338,132
3KZVA,132,29,0.5366607308387756,1.4311875104904175,0.37497583433695625,132
3KZVA,132,30,1.0980337858200073,1.4311875104904175,0.767218675241059,132
3KZVA,132,31,1.1137558221817017,1.4311875104904175,0.7782039837673379,132
3KZVA,132,32,1.1343003511428833,1.4311875104904175,0.7925588665556469,132
3KZVA,132,33,1.2403531074523926,1.4311875104904175,0.8666600975489,132
3KZVA,132,34,1.3117475509643555,1.4311875104904175,0.9165448561767184,132
3KZVA,132,35,1.338058590888977,1.4311875104904175,0.9349289181754189,132
3KZVA,132,36,1.3575820922851562,1.4311875104904175,0.948570388110752,132
3KZVA,132,37,1.3818161487579346,1.4311875104904175,0.9655032192702931,132
3KZVA,132,38,1.388707160949707,1.4311875104904175,0.970318110499613,132
3KZVA,132,39,1.395050048828125,1.4311875104904175,0.9747500160549127,132
3KZVA,132,40,1.3888108730316162,1.4311875104904175,0.9703905762535056,132
3KZVA,132,41,1.3939480781555176,1.4311875104904175,0.9739800465963127,132
3KZVA,132,42,1.394853949546814,1.4311875104904175,0.974612997474277,132
3KZVA,132,43,1.411454677581787,1.4311875104904175,0.9862122658533621,132
3KZVA,132,44,1.402279019355774,1.4311875104904175,0.979801045689158,132
3KZVA,132,45,1.4210195541381836,1.4311875104904175,0.9928954408295879,132
3KZVA,132,46,1.4306390285491943,1.4311875104904175,0.9996167644440698,132
3KZVA,132,47,1.4434057474136353,1.4311875104904175,1.0085371321602932,132
3KZVA,132,48,1.452003002166748,1.4311875104904175,1.0145442099820994,132
3KZVA,132,49,1.4372748136520386,1.4311875104904175,1.0042533232836381,132
3KZVA,132,50,1.4438408613204956,1.4311875104904175,1.0088411551507617,132
3KZVA,132,51,1.4605844020843506,1.4311875104904175,1.0205402097058964,132
3KZVA,132,52,1.4661074876785278,1.4311875104904175,1.0243993026295657,132
3KZVA,132,53,1.4613791704177856,1.4311875104904175,1.0210955306038287,132
3KZVA,132,54,1.4640369415283203,1.4311875104904175,1.0229525696647859,132
3KZVA,132,55,1.4563440084457397,1.4311875104904175,1.0175773598993343,132
3KZVA,132,56,1.4582469463348389,1.4311875104904175,1.0189069815423062,132
3KZVA,132,57,1.4566320180892944,1.4311875104904175,1.0177785981308334,132
3KZVA,132,58,1.448429822921753,1.4311875104904175,1.0120475565255787,132
3KZVA,132,59,1.4441776275634766,1.4311875104904175,1.0090764606159872,132
3KZVA,132,60,1.4438533782958984,1.4311875104904175,1.0088499010176109,132
3KZVA,132,61,1.439463496208191,1.4311875104904175,1.0057826005726793,132
3KZVA,132,62,1.4516741037368774,1.4311875104904175,1.0143144019188932,132
3KZVA,132,63,1.456627368927002,1.4311875104904175,1.0177753496660036,132
3KZVA,132,64,1.4624899625778198,1.4311875104904175,1.0218716638162082,132
3KZVA,132,65,1.4664455652236938,1.4311875104904175,1.024635524328461,132
3KZVA,132,66,1.4660847187042236,1.4311875104904175,1.0243833934812974,132
3KZVA,132,67,1.4609791040420532,1.4311875104904175,1.0208159960405379,132
3KZVA,132,68,1.4700651168823242,1.4311875104904175,1.0271645791393085,132
3KZVA,132,69,1.4740468263626099,1.4311875104904175,1.0299466810309894,132
3KZVA,132,70,1.4744867086410522,1.4311875104904175,1.0302540357802574,132
3KZVA,132,71,1.4756404161453247,1.4311875104904175,1.0310601548218339,132
3KZVA,132,72,1.4817395210266113,1.4311875104904175,1.035321724208501,132
3KZVA,132,73,1.480156660079956,1.4311875104904175,1.034215746874956,132
3KZVA,132,74,1.4738166332244873,1.4311875104904175,1.029785840374936,132
3KZVA,132,75,1.4707459211349487,1.4311875104904175,1.027640271001929,132
3KZVA,132,76,1.4727509021759033,1.4311875104904175,1.0290411922832134,132
3KZVA,132,77,1.4645435810089111,1.4311875104904175,1.0233065690372491,132
3KZVA,132,78,1.4575881958007812,1.4311875104904175,1.0184466990641339,132
3KZVA,132,79,1.4619851112365723,1.4311875104904175,1.0215189138532947,132
3KZVA,132,80,1.4674012660980225,1.4311875104904175,1.0253032920858818,132
1SBYA,133,0,0.7548733949661255,1.4176796674728394,0.5324710597788042,133
1SBYA,133,1,0.6450925469398499,1.4176796674728394,0.45503406851407696,132
1SBYA,133,2,0.3870292901992798,1.4176796674728394,0.2730019334263286,132
1SBYA,133,3,0.3959832191467285,1.4176796674728394,0.2793178376132103,130
1SBYA,133,4,0.32481464743614197,1.4176796674728394,0.22911709527100552,129
1SBYA,133,5,0.3445969820022583,1.4176796674728394,0.24307111818605542,129
1SBYA,133,6,0.24210797250270844,1.4176796674728394,0.17077762914826233,127
1SBYA,133,7,0.16433168947696686,1.4176796674728394,0.11591595283997061,126
1SBYA,133,8,0.064823217689991,1.4176796674728394,0.04572486943086733,125
1SBYA,133,9,-0.017139092087745667,1.4176796674728394,-0.01208953791253695,124
1SBYA,133,10,-0.023235563188791275,1.4176796674728394,-0.016389854296359536,124
1SBYA,133,11,0.08397795259952545,1.4176796674728394,0.05923619737681986,124
1SBYA,133,12,0.1354813128709793,1.4176796674728394,0.09556553287703475,136
1SBYA,133,13,0.14019843935966492,1.4176796674728394,0.09889288996405171,136
1SBYA,133,14,0.10580158978700638,1.4176796674728394,0.07463011018251299,136
1SBYA,133,15,0.08845514804124832,1.4176796674728394,0.062394312389997646,136
1SBYA,133,16,0.060463398694992065,1.4176796674728394,0.042649549176912674,136
1SBYA,133,17,0.08149930089712143,1.4176796674728394,0.057487811081047925,136
1SBYA,133,18,0.05264315381646156,1.4176796674728394,0.037133320752425994,136
1SBYA,133,19,0.0012082373723387718,1.4176796674728394,0.0008522640199055545,136
1SBYA,133,20,-0.03666583448648453,1.4176796674728394,-0.025863271744487364,132
1SBYA,133,21,-0.06260441988706589,1.4176796674728394,-0.0441597783501154,132
1SBYA,133,22,-0.10307542979717255,1.4176796674728394,-0.07270713699443483,132
1SBYA,133,23,-0.13596023619174957,1.4176796674728394,-0.09590335483481452,253
1SBYA,133,24,-0.15020327270030975,1.4176796674728394,-0.10595007895405781,253
1SBYA,133,25,-0.19561640918254852,1.4176796674728394,-0.13798350478656085,253
1SBYA,133,26,-0.20458167791366577,1.4176796674728394,-0.14430740780697926,253
1SBYA,133,27,-0.12991154193878174,1.4176796674728394,-0.09163673918690143,136
1SBYA,133,28,-0.23787647485733032,1.4176796674728394,-0.16779282394687212,253
1SBYA,133,29,-0.19147446751594543,1.4176796674728394,-0.13506187039930428,136
1SBYA,133,30,-0.000187581405043602,1.4176796674728394,-0.0001323157899118249,107
1SBYA,133,31,0.25806084275245667,1.4176796674728394,0.18203043231372346,133
1SBYA,133,32,0.6386165022850037,1.4176796674728394,0.45046600930900255,133
1SBYA,133,33,0.9211559295654297,1.4176796674728394,0.6497630957827627,133
1SBYA,133,34,0.9993837475776672,1.4176796674728394,0.7049432749213171,133
1SBYA,133,35,1.0599805116653442,1.4176796674728394,0.7476868971076303,133
1SBYA,133,36,1.0771369934082031,1.4176796674728394,0.7597887012997169,133
1SBYA,133,37,1.0867440700531006,1.4176796674728394,0.7665653214807928,133
1SBYA,133,38,1.1043097972869873,1.4176796674728394,0.7789557984248542,133
1SBYA,133,39,1.1581246852874756,1.4176796674728394,0.8169156346524689,133
1SBYA,133,40,1.1951611042022705,1.4176796674728394,0.8430403084871555,133
1SBYA,133,41,1.224318265914917,1.4176796674728394,0.8636071279045646,133
1SBYA,133,42,1.2479320764541626,1.4176796674728394,0.8802637895475574,133
1SBYA,133,43,1.249582290649414,1.4176796674728394,0.8814278142797405,133
1SBYA,133,44,1.2838600873947144,1.4176796674728394,0.9056066168200944,133
1SBYA,133,45,1.31163489818573,1.4176796674728394,0.9251983563563797,133
1SBYA,133,46,1.3413525819778442,1.4176796674728394,0.9461605556979906,133
1SBYA,133,47,1.3766237497329712,1.4176796674728394,0.9710400602605421,133
1SBYA,133,48,1.4050859212875366,1.4176796674728394,0.991116648933992,133
1SBYA,133,49,1.4083051681518555,1.4176796674728394,0.9933874347385577,133
1SBYA,133,50,1.416008472442627,1.4176796674728394,0.9988211758491313,133
1SBYA,133,51,1.426510214805603,1.4176796674728394,1.0062288735144977,133
1SBYA,133,52,1.4462273120880127,1.4176796674728394,1.0201368794870724,133
1SBYA,133,53,1.4468697309494019,1.4176796674728394,1.0205900275967115,133
1SBYA,133,54,1.4562737941741943,1.4176796674728394,1.0272234465844834,133
1SBYA,133,55,1.4649124145507812,1.4176796674728394,1.0333169390530508,133
1SBYA,133,56,1.4742528200149536,1.4176796674728394,1.039905455259129,133
1SBYA,133,57,1.4738715887069702,1.4176796674728394,1.039636543094604,133
1SBYA,133,58,1.4847948551177979,1.4176796674728394,1.0473415745353802,133
1SBYA,133,59,1.4876983165740967,1.4176796674728394,1.049389612271207,133
1SBYA,133,60,1.489750862121582,1.4176796674728394,1.050837432674207,133
1SBYA,133,61,1.493615984916687,1.4176796674728394,1.0535638051289908,133
1SBYA,133,62,1.4869245290756226,1.4176796674728394,1.0488437996195707,133
1SBYA,133,63,1.4864342212677002,1.4176796674728394,1.0484979472954021,133
1SBYA,133,64,1.4929518699645996,1.4176796674728394,1.053095353075029,133
1SBYA,133,65,1.4915128946304321,1.4176796674728394,1.0520803315809757,133
1SBYA,133,66,1.4875239133834839,1.4176796674728394,1.0492665921033835,133
1SBYA,133,67,1.4934284687042236,1.4176796674728394,1.0534315353244885,133
1SBYA,133,68,1.4969614744186401,1.4176796674728394,1.0559236397084883,133
1SBYA,133,69,1.498484492301941,1.4176796674728394,1.0569979429648904,133
1SBYA,133,70,1.4986181259155273,1.4176796674728394,1.0570922051714047,133
1SBYA,133,71,1.4903936386108398,1.4176796674728394,1.0512908330466646,133
1SBYA,133,72,1.4940524101257324,1.4176796674728394,1.0538716498551717,133
1SBYA,133,73,1.5016746520996094,1.4176796674728394,1.059248211393551,133
1SBYA,133,74,1.4934799671173096,1.4176796674728394,1.0534678611703532,133
1SBYA,133,75,1.4941215515136719,1.4176796674728394,1.0539204206667492,133
1SBYA,133,76,1.492871642112732,1.4176796674728394,1.0530387621160782,133
1SBYA,133,77,1.494377613067627,1.4176796674728394,1.054101040844798,133
1SBYA,133,78,1.4955129623413086,1.4176796674728394,1.0549018912059416,133
1SBYA,133,79,1.494544267654419,1.4176796674728394,1.0542185953182208,133
1SBYA,133,80,1.4955698251724243,1.4176796674728394,1.0549420009940838,133
2FWMX,128,0,0.9801291227340698,1.418485403060913,0.6909687760050787,128
2FWMX,128,1,0.8675291538238525,1.418485403060913,0.6115883546999029,128
2FWMX,128,2,0.6453545093536377,1.418485403060913,0.4549602752069523,196
2FWMX,128,3,0.5407738089561462,1.418485403060913,0.3812332561119236,125
2FWMX,128,4,0.26665037870407104,1.418485403060913,0.18798246222955348,124
2FWMX,128,5,-0.05012509971857071,1.418485403060913,-0.035337057124738155,123
2FWMX,128,6,-0.09493432939052582,1.418485403060913,-0.06692654657261152,123
2FWMX,128,7,-0.15800292789936066,1.418485403060913,-0.1113884764400185,121
2FWMX,128,8,-0.17490682005882263,1.418485403060913,-0.12330533658040874,121
2FWMX,128,9,-0.13342073559761047,1.418485403060913,-0.09405858904836475,121
2FWMX,128,10,-0.027688514441251755,1.418485403060913,-0.019519773965599802,121
2FWMX,128,11,0.02256539836525917,1.418485403060913,0.01590809346121284,123
2FWMX,128,12,0.010682173073291779,1.418485403060913,0.007530689459504477,121
2FWMX,128,13,-0.023398950695991516,1.418485403060913,-0.01649572892713561,123
2FWMX,128,14,-0.03387855738401413,1.418485403060913,-0.023883613684644527,249
2FWMX,128,15,-0.029694031924009323,1.418485403060913,-0.020933618252209955,249
2FWMX,128,16,-0.05828644707798958,1.418485403060913,-0.04109062169565845,249
2FWMX,128,17,-0.09563809633255005,1.418485403060913,-0.0674226862864962,249
2FWMX,128,18,-0.102303147315979,1.418485403060913,-0.07212139588833391,249
2FWMX,128,19,-0.15154016017913818,1.418485403060913,-0.10683237194555092,249
2FWMX,128,20,-0.20115916430950165,1.418485403060913,-0.1418126431723763,249
2FWMX,128,21,-0.2262127548456192,1.418485403060913,-0.15947485561534896,249
2FWMX,128,22,-0.254043310880661,1.418485403060913,-0.17909476567927135,249
2FWMX,128,23,-0.269978791475296,1.418485403060913,-0.19032891765591364,249
2FWMX,128,24,-0.2616783380508423,1.418485403060913,-0.18447728646778694,249
2FWMX,128,25,-0.2501988708972931,1.418485403060913,-0.1763845227856384,249
2FWMX,128,26,-0.222164124250412,1.418485403060913,-0.15662066297686938,249
2FWMX,128,27,0.4310603141784668,1.418485403060913,0.30388773352781273,128
2FWMX,128,28,0.6617909073829651,1.418485403060913,0.46654756260085833,128
2FWMX,128,29,0.3244261145591736,1.418485403060913,0.22871304410965587,128
2FWMX,128,30,1.18657648563385,1.418485403060913,0.8365094791059303,128
2FWMX,128,31,1.2257360219955444,1.418485403060913,0.8641160630561021,128
2FWMX,128,32,1.2287991046905518,1.418485403060913,0.866275466803506,128
2FWMX,128,33,1.2262450456619263,1.418485403060913,0.8644749131826409,128
2FWMX,128,34,1.241864562034607,1.418485403060913,0.8754863175573181,128
2FWMX,128,35,1.2627300024032593,1.418485403060913,0.8901959792314018,128
2FWMX,128,36,1.2898963689804077,1.418485403060913,0.9093476508090768,128
2FWMX,128,37,1.3045318126678467,1.418485403060913,0.9196653062857264,128
2FWMX,128,38,1.3116769790649414,1.418485403060913,0.9247024863523499,128
2FWMX,128,39,1.3242849111557007,1.418485403060913,0.9335907921914884,128
2FWMX,128,40,1.350687861442566,1.418485403060913,0.9522042726191975,128
2FWMX,128,41,1.392924189567566,1.418485403060913,0.9819799248986354,128
2FWMX,128,42,1.4059978723526,1.418485403060913,0.9911965744015648,128
2FWMX,128,43,1.398725152015686,1.418485403060913,0.9860694717037011,128
2FWMX,128,44,1.397286295890808,1.418485403060913,0.9850551108073724,128
2FWMX,128,45,1.4043232202529907,1.418485403060913,0.9900159826972049,128
2FWMX,128,46,1.414202332496643,1.418485403060913,0.996980532506695,128
2FWMX,128,47,1.4179060459136963,1.418485403060913,0.9995915663665156,128
2FWMX,128,48,1.4145456552505493,1.418485403060913,0.9972225672524636,128
2FWMX,128,49,1.4074708223342896,1.418485403060913,0.9922349706927858,128
2FWMX,128,50,1.4122556447982788,1.418485403060913,0.9956081618822504,128
2FWMX,128,51,1.4148622751235962,1.418485403060913,0.9974457770735613,128
2FWMX,128,52,1.4166830778121948,1.418485403060913,0.9987294016245574,128
2FWMX,128,53,1.406935214996338,1.418485403060913,0.9918573796814184,128
2FWMX,128,54,1.4024690389633179,1.418485403060913,0.9887088269903702,128
2FWMX,128,55,1.3919566869735718,1.418485403060913,0.9812978575386848,128
2FWMX,128,56,1.385991096496582,1.418485403060913,0.9770922517114293,128
2FWMX,128,57,1.3872088193893433,1.418485403060913,0.9779507187003272,128
2FWMX,128,58,1.3885095119476318,1.418485403060913,0.9788676774194525,128
2FWMX,128,59,1.3864896297454834,1.418485403060913,0.9774437063318474,128
2FWMX,128,60,1.3847159147262573,1.418485403060913,0.9761932775185522,128
2FWMX,128,61,1.3850741386413574,1.418485403060913,0.9764458172446059,128
2FWMX,128,62,1.3835697174072266,1.418485403060913,0.9753852344350228,128
2FWMX,128,63,1.3831716775894165,1.418485403060913,0.9751046254016474,128
2FWMX,128,64,1.3867988586425781,1.418485403060913,0.9776617056827237,128
2FWMX,128,65,1.3867062330245972,1.418485403060913,0.9775964067252716,128
2FWMX,128,66,1.3902596235275269,1.418485403060913,0.9801014663439761,128
2FWMX,128,67,1.388319492340088,1.418485403060913,0.978733717910857,128
2FWMX,128,68,1.3878964185714722,1.418485403060913,0.9784354605106026,128
2FWMX,128,69,1.3869444131851196,1.418485403060913,0.9777643183301485,128
2FWMX,128,70,1.3858217000961304,1.418485403060913,0.9769728310955484,128
2FWMX,128,71,1.3824721574783325,1.418485403060913,0.974611479607144,128
2FWMX,128,72,1.3904166221618652,1.418485403060913,0.9802121468162598,128
2FWMX,128,73,1.3896514177322388,1.418485403060913,0.9796726950686597,128
2FWMX,128,74,1.3895189762115479,1.418485403060913,0.9795793268038858,128
2FWMX,128,75,1.3910988569259644,1.418485403060913,0.9806931068336325,128
2FWMX,128,76,1.3905644416809082,1.418485403060913,0.9803163562206879,128
2FWMX,128,77,1.3903878927230835,1.418485403060913,0.9801918932142701,128
2FWMX,128,78,1.3853265047073364,1.418485403060913,0.9766237295907142,128
2FWMX,128,79,1.3831273317337036,1.418485403060913,0.975073362580319,128
2FWMX,128,80,1.3842467069625854,1.418485403060913,0.9758624966993352,128
1XG5A,167,0,0.9185084700584412,1.5574214458465576,0.5897623103290281,167
1XG5A,167,1,0.8325550556182861,1.5574214458465576,0.5345727438379658,166
1XG5A,167,2,0.6761912703514099,1.5574214458465576,0.4341735964627461,166
1XG5A,167,3,0.5718713998794556,1.5574214458465576,0.3671911680711492,164
1XG5A,167,4,0.4999496638774872,1.5574214458465576,0.3210111593177226,163
1XG5A,167,5,0.47359833121299744,1.5574214458465576,0.30409131226234437,162
1XG5A,167,6,0.4174771010875702,1.5574214458465576,0.26805660227739114,161
1XG5A,167,7,0.3650253117084503,1.5574214458465576,0.2343779923423591,161
1XG5A,167,8,0.273710697889328,1.5574214458465576,0.17574606964561787,159
1XG5A,167,9,0.1304062306880951,1.5574214458465576,0.08373214009340356,159
1XG5A,167,10,0.0642036721110344,1.5574214458465576,0.04122434058055211,159
1XG5A,167,11,-0.025880973786115646,1.5574214458465576,-0.01661783575353792,176
1XG5A,167,12,-0.08672825992107391,1.5574214458465576,-0.055687084669578044,159
1XG5A,167,13,-0.08878966420888901,1.5574214458465576,-0.05701068547995124,176
1XG5A,167,14,-0.07244681566953659,1.5574214458465576,-0.046517155560393056,278
1XG5A,167,15,-0.0483366996049881,1.5574214458465576,-0.03103636445606669,278
1XG5A,167,16,-0.035054776817560196,1.5574214458465576,-0.02250821504419807,278
1XG5A,167,17,-0.004987054038792849,1.5574214458465576,-0.003202122361993075,278
1XG5A,167,18,0.011232422664761543,1.5574214458465576,0.007212192110694872,278
1XG5A,167,19,0.08853429555892944,1.5574214458465576,0.05684671660008214,278
1XG5A,167,20,0.08050553500652313,1.5574214458465576,0.0516915541526804,278
1XG5A,167,21,0.07693282514810562,1.5574214458465576,0.049397563744403,278
1XG5A,167,22,0.04457433894276619,1.5574214458465576,0.02862060173990811,278
1XG5A,167,23,0.019583329558372498,1.5574214458465576,0.01257420052266438,278
1XG5A,167,24,-0.02491055428981781,1.5574214458465576,-0.015994742050233768,278
1XG5A,167,25,-0.04688680171966553,1.5574214458465576,-0.030105403932061285,278
1XG5A,167,26,-0.04351780563592911,1.5574214458465576,-0.0279422154818694,278
1XG5A,167,27,0.062324244529008865,1.5574214458465576,0.04001758463980292,278
1XG5A,167,28,0.6243321895599365,1.5574214458465576,0.40087555698231203,167
1XG5A,167,29,0.9653546214103699,1.5574214458465576,0.6198416131900882,167
1XG5A,167,30,1.061127781867981,1.5574214458465576,0.6813363105393675,167
1XG5A,167,31,1.116002082824707,1.5574214458465576,0.7165703835663371,167
1XG5A,167,32,1.1223435401916504,1.5574214458465576,0.7206421506425227,167
1XG5A,167,33,1.1507165431976318,1.5574214458465576,0.7388600858595114,167
1XG5A,167,34,1.097343921661377,1.5574214458465576,0.7045902216049816,167
1XG5A,167,35,1.1531378030776978,1.5574214458465576,0.7404147452527816,167
1XG5A,167,36,1.1718310117721558,1.5574214458465576,0.7524174107768183,167
1XG5A,167,37,1.197066307067871,1.5574214458465576,0.7686206647919821,167
1XG5A,167,38,1.2220170497894287,1.5574214458465576,0.7846412113101375,167
1XG5A,167,39,1.2515610456466675,1.5574214458465576,0.8036110257659669,167
1XG5A,167,40,1.2867636680603027,1.5574214458465576,0.8262141705393461,167
1XG5A,167,41,1.3092141151428223,1.5574214458465576,0.8406293098341028,167
1XG5A,167,42,1.3190112113952637,1.5574214458465576,0.8469198975735801,167
1XG5A,167,43,1.36793851852417,1.5574214458465576,0.8783354834186249,167
1XG5A,167,44,1.3807337284088135,1.5574214458465576,0.8865511208228527,167
1XG5A,167,45,1.396149754524231,1.5574214458465576,0.8964495501507203,167
1XG5A,167,46,1.393890380859375,1.5574214458465576,0.8949988357850736,167
1XG5A,167,47,1.4174295663833618,1.5574214458465576,0.9101130398348269,167
1XG5A,167,48,1.4432135820388794,1.5574214458465576,0.9266686200371416,167
1XG5A,167,49,1.4757150411605835,1.5574214458465576,0.9475373830867203,167
1XG5A,167,50,1.48212730884552,1.5574214458465576,0.9516546165446499,167
1XG5A,167,51,1.5001487731933594,1.5574214458465576,0.9632259637839603,167
1XG5A,167,52,1.5044201612472534,1.5574214458465576,0.9659685663500707,167
1XG5A,167,53,1.5172866582870483,1.5574214458465576,0.9742299763069633,167
1XG5A,167,54,1.5296647548675537,1.5574214458465576,0.9821777906981907,167
1XG5A,167,55,1.5236666202545166,1.5574214458465576,0.9783264666850063,167
1XG5A,167,56,1.5269653797149658,1.5574214458465576,0.9804445571153433,167
1XG5A,167,57,1.5324697494506836,1.5574214458465576,0.9839788411400029,167
1XG5A,167,58,1.5320762395858765,1.5574214458465576,0.9837261735875837,167
1XG5A,167,59,1.5291798114776611,1.5574214458465576,0.9818664148717013,167
1XG5A,167,60,1.5321513414382935,1.5574214458465576,0.9837743955076154,167
1XG5A,167,61,1.5340925455093384,1.5574214458465576,0.9850208173263348,167
1XG5A,167,62,1.5303287506103516,1.5574214458465576,0.9826041337054535,167
1XG5A,167,63,1.5259771347045898,1.5574214458465576,0.9798100178819126,167
1XG5A,167,64,1.5205903053283691,1.5574214458465576,0.9763512049892389,167
1XG5A,167,65,1.5225828886032104,1.5574214458465576,0.9776306167246784,167
1XG5A,167,66,1.5258606672286987,1.5574214458465576,0.9797352356344987,167
1XG5A,167,67,1.52376127243042,1.5574214458465576,0.9783872416127921,167
1XG5A,167,68,1.5280297994613647,1.5574214458465576,0.9811280071533774,167
1XG5A,167,69,1.5331997871398926,1.5574214458465576,0.9844475888198014,167
1XG5A,167,70,1.540238857269287,1.5574214458465576,0.9889672839531687,167
1XG5A,167,71,1.5461645126342773,1.5574214458465576,0.9927720699863861,167
1XG5A,167,72,1.545641541481018,1.5574214458465576,0.9924362770289602,167
1XG5A,167,73,1.550359845161438,1.5574214458465576,0.9954658382906233,167
1XG5A,167,74,1.5539849996566772,1.5574214458465576,0.9977935027162719,167
1XG5A,167,75,1.5599067211151123,1.5574214458465576,1.0015957628393923,167
1XG5A,167,76,1.5609561204910278,1.5574214458465576,1.0022695684934202,167
1XG5A,167,77,1.5596110820770264,1.5574214458465576,1.0014059368684747,167
1XG5A,167,78,1.5660988092422485,1.5574214458465576,1.0055716218746265,167
1XG5A,167,79,1.5686440467834473,1.5574214458465576,1.0072058857073138,167
1XG5A,167,80,1.5744353532791138,1.5574214458465576,1.010924408083586,167
4O5OA,151,0,0.9118667840957642,1.4009753465652466,0.6508799646841583,151
4O5OA,151,1,0.8253573775291443,1.4009753465652466,0.5891305507642676,150
4O5OA,151,2,0.7058945298194885,1.4009753465652466,0.5038593516653388,149
4O5OA,151,3,0.654897928237915,1.4009753465652466,0.46745856723569046,148
4O5OA,151,4,0.4836996793746948,1.4009753465652466,0.34525923711689516,148
4O5OA,151,5,0.4267393946647644,1.4009753465652466,0.30460164464063977,146
4O5OA,151,6,0.396009236574173,1.4009753465652466,0.2826668131920121,145
4O5OA,151,7,0.347540944814682,1.4009753465652466,0.24807070707328557,147
4O5OA,151,8,0.26816508173942566,1.4009753465652466,0.19141313399759857,147
4O5OA,151,9,0.19818861782550812,1.4009753465652466,0.14146474333856382,147
4O5OA,151,10,0.21356551349163055,1.4009753465652466,0.15244059363016374,147
4O5OA,151,11,0.1825428009033203,1.4009753465652466,0.13029694016447768,147
4O5OA,151,12,0.17076757550239563,1.4009753465652466,0.12189192045460637,262
4O5OA,151,13,0.16159063577651978,1.4009753465652466,0.11534152701022861,262
4O5OA,151,14,0.15045848488807678,1.4009753465652466,0.10739552645016483,262
4O5OA,151,15,0.16711373627185822,1.4009753465652466,0.11928385226875607,262
4O5OA,151,16,0.16381923854351044,1.4009753465652466,0.11693227789135903,262
4O5OA,151,17,0.18457448482513428,1.4009753465652466,0.13174713265130125,262
4O5OA,151,18,0.19422434270381927,1.4009753465652466,0.13863508960382254,262
4O5OA,151,19,0.1883949339389801,1.4009753465652466,0.13447412504500209,262
4O5OA,151,20,0.18231387436389923,1.4009753465652466,0.13013353504819042,262
4O5OA,151,21,0.18195374310016632,1.4009753465652466,0.12987647751708123,262
4O5OA,151,22,0.16299974918365479,1.4009753465652466,0.11634733586374607,262
4O5OA,151,23,0.1521889716386795,1.4009753465652466,0.10863072787954425,151
4O5OA,151,24,0.3259698152542114,1.4009753465652466,0.23267348426464995,151
4O5OA,151,25,0.8099740147590637,1.4009753465652466,0.5781500843286548,151
4O5OA,151,26,1.0765788555145264,1.4009753465652466,0.7684495363561972,151
4O5OA,151,27,1.1765743494033813,1.4009753465652466,0.8398251634391524,151
4O5OA,151,28,1.1779632568359375,1.4009753465652466,0.8408165495016989,151
4O5OA,151,29,1.1554714441299438,1.4009753465652466,0.8247621537115543,151
4O5OA,151,30,0.9655609726905823,1.4009753465652466,0.6892062555260775,151
4O5OA,151,31,1.1050149202346802,1.4009753465652466,0.7887468704883575,151
4O5OA,151,32,1.0932296514511108,1.4009753465652466,0.7803346819281067,151
4O5OA,151,33,1.102374792098999,1.4009753465652466,0.7868623775583755,151
4O5OA,151,34,1.1086359024047852,1.4009753465652466,0.7913314856844652,151
4O5OA,151,35,1.1246798038482666,1.4009753465652466,0.8027834369859753,151
4O5OA,151,36,1.1348233222961426,1.4009753465652466,0.810023763143566,151
4O5OA,151,37,1.1506049633026123,1.4009753465652466,0.8212885159781975,151
4O5OA,151,38,1.1682945489883423,1.4009753465652466,0.8339151376593708,151
4O5OA,151,39,1.1841928958892822,1.4009753465652466,0.8452631938117633,151
4O5OA,151,40,1.2195507287979126,1.4009753465652466,0.8705012060261229,151
4O5OA,151,41,1.2395048141479492,1.4009753465652466,0.8847442013785806,151
4O5OA,151,42,1.264116644859314,1.4009753465652466,0.9023118415028021,151
4O5OA,151,43,1.258661150932312,1.4009753465652466,0.8984177730308784,151
4O5OA,151,44,1.2740803956985474,1.4009753465652466,0.9094238516203687,151
4O5OA,151,45,1.2835415601730347,1.4009753465652466,0.916177121403226,151
4O5OA,151,46,1.2839891910552979,1.4009753465652466,0.9164966351501029,151
4O5OA,151,47,1.3184019327163696,1.4009753465652466,0.941060052162002,151
4O5OA,151,48,1.3203189373016357,1.4009753465652466,0.9424283878646722,151
4O5OA,151,49,1.321078896522522,1.4009753465652466,0.942970837967559,151
4O5OA,151,50,1.3230923414230347,1.4009753465652466,0.9444080116519133,151
4O5OA,151,51,1.3304086923599243,1.4009753465652466,0.9496303383365527,151
4O5OA,151,52,1.34219491481781,1.4009753465652466,0.9580432076185011,151
4O5OA,151,53,1.3412951231002808,1.4009753465652466,0.9574009466966831,151
4O5OA,151,54,1.3443701267242432,1.4009753465652466,0.9595958487208346,151
4O5OA,151,55,1.3305025100708008,1.4009753465652466,0.9496973043335679,151
4O5OA,151,56,1.3564279079437256,1.4009753465652466,0.9682025535062145,151
4O5OA,151,57,1.3672305345535278,1.4009753465652466,0.975913343447156,151
4O5OA,151,58,1.3779414892196655,1.4009753465652466,0.9835586990149021,151
4O5OA,151,59,1.3791800737380981,1.4009753465652466,0.9844427863198424,151
4O5OA,151,60,1.391552209854126,1.4009753465652466,0.9932738739948399,151
4O5OA,151,61,1.3927165269851685,1.4009753465652466,0.9941049500975687,151
4O5OA,151,62,1.3993089199066162,1.4009753465652466,0.998810523923411,151
4O5OA,151,63,1.392858624458313,1.4009753465652466,0.994206377630532,151
4O5OA,151,64,1.398169755935669,1.4009753465652466,0.9979974018554602,151
4O5OA,151,65,1.3859498500823975,1.4009753465652466,0.9892749743814644,151
4O5OA,151,66,1.383459448814392,1.4009753465652466,0.9874973547580277,151
4O5OA,151,67,1.3865591287612915,1.4009753465652466,0.9897098704561083,151
4O5OA,151,68,1.3838047981262207,1.4009753465652466,0.9877438611028219,151
4O5OA,151,69,1.3839117288589478,1.4009753465652466,0.9878201870231811,151
4O5OA,151,70,1.382293462753296,1.4009753465652466,0.9866650873923279,151
4O5OA,151,71,1.3800350427627563,1.4009753465652466,0.9850530533218665,151
4O5OA,151,72,1.3825515508651733,1.4009753465652466,0.9868493077017789,151
4O5OA,151,73,1.3795521259307861,1.4009753465652466,0.9847083528721733,151
4O5OA,151,74,1.378656029701233,1.4009753465652466,0.984068729746934,151
4O5OA,151,75,1.3755472898483276,1.4009753465652466,0.981849747192725,151
4O5OA,151,76,1.3746732473373413,1.4009753465652466,0.981225865756746,151
4O5OA,151,77,1.3705341815948486,1.4009753465652466,0.9782714484983407,151
4O5OA,151,78,1.3734983205795288,1.4009753465652466,0.9803872166251298,151
4O5OA,151,79,1.3717694282531738,1.4009753465652466,0.9791531532773389,151
4O5OA,151,80,1.3691657781600952,1.4009753465652466,0.9772946979522955,151
1OPCA,55,0,0.9269381165504456,1.4288766384124756,0.6487180849847901,55
1OPCA,55,1,0.36601218581199646,1.4288766384124756,0.25615380360522017,56
1OPCA,55,2,0.23866479098796844,1.4288766384124756,0.1670296683226147,53
1OPCA,55,3,-0.0722932517528534,1.4288766384124756,-0.0505944668765621,52
1OPCA,55,4,-0.07225094735622406,1.4288766384124756,-0.05056486012431207,52
1OPCA,55,5,-0.08192619681358337,1.4288766384124756,-0.05733608809267524,52
1OPCA,55,6,-0.08659021556377411,1.4288766384124756,-0.06060020384963282,58
1OPCA,55,7,-0.1612159013748169,1.4288766384124756,-0.11282702581934054,58
1OPCA,55,8,-0.24576358497142792,1.4288766384124756,-0.17199776269313113,58
1OPCA,55,9,-0.314243346452713,1.4288766384124756,-0.21992335657600695,58
1OPCA,55,10,-0.3139718770980835,1.4288766384124756,-0.2197333686181024,58
1OPCA,55,11,-0.13743777573108673,1.4288766384124756,-0.09618589319493961,109
1OPCA,55,12,-0.20881667733192444,1.4288766384124756,-0.14614045167952774,65
1OPCA,55,13,-0.09074577689170837,1.4288766384124756,-0.06350847543601079,42
1OPCA,55,14,-0.17509163916110992,1.4288766384124756,-0.12253796755725668,42
1OPCA,55,15,-0.13673873245716095,1.4288766384124756,-0.09569666742475526,42
1OPCA,55,16,-0.1229858249425888,1.4288766384124756,-0.08607168851135373,42
1OPCA,55,17,-0.14324405789375305,1.4288766384124756,-0.1002494225484024,39
1OPCA,55,18,-0.024229317903518677,1.4288766384124756,-0.0169568997435903,109
1OPCA,55,19,0.19650645554065704,1.4288766384124756,0.13752513706080433,55
1OPCA,55,20,0.8769930005073547,1.4288766384124756,0.6137639715922013,55
1OPCA,55,21,0.9888877868652344,1.4288766384124756,0.6920735914360795,55
1OPCA,55,22,1.103062391281128,1.4288766384124756,0.7719787430401711,55
1OPCA,55,23,1.2102980613708496,1.4288766384124756,0.8470276781314913,55
1OPCA,55,24,1.2829326391220093,1.4288766384124756,0.897861022171505,55
1OPCA,55,25,1.2774250507354736,1.4288766384124756,0.8940065338003782,55
1OPCA,55,26,1.3019076585769653,1.4288766384124756,0.9111406986284158,55
1OPCA,55,27,1.3045456409454346,1.4288766384124756,0.9129868918529059,55
1OPCA,55,28,1.3165061473846436,1.4288766384124756,0.9213574580149347,55
1OPCA,55,29,1.314250111579895,1.4288766384124756,0.9197785702760638,55
1OPCA,55,30,1.3140909671783447,1.4288766384124756,0.9196671929903892,55
1OPCA,55,31,1.3329079151153564,1.4288766384124756,0.932836243019731,55
1OPCA,55,32,1.3324404954910278,1.4288766384124756,0.9325091191716934,55
1OPCA,55,33,1.33268141746521,1.4288766384124756,0.9326777285307559,55
1OPCA,55,34,1.2924301624298096,1.4288766384124756,0.9045078684089467,55
1OPCA,55,35,1.2998051643371582,1.4288766384124756,0.9096692670273344,55
1OPCA,55,36,1.3100314140319824,1.4288766384124756,0.916826112775884,55
1OPCA,55,37,1.3559463024139404,1.4288766384124756,0.9489596694088561,55
1OPCA,55,38,1.3741652965545654,1.4288766384124756,0.9617102411873035,55
1OPCA,55,39,1.3974015712738037,1.4288766384124756,0.9779721591825858,55
1OPCA,55,40,1.407315969467163,1.4288766384124756,0.9849107555084202,55
1OPCA,55,41,1.4001027345657349,1.4288766384124756,0.9798625696066321,55
1OPCA,55,42,1.4309349060058594,1.4288766384124756,1.001440479561392,55
1OPCA,55,43,1.4194855690002441,1.4288766384124756,0.9934276555723767,55
1OPCA,55,44,1.4469196796417236,1.4288766384124756,1.0126274310491172,55
1OPCA,55,45,1.4439821243286133,1.4288766384124756,1.010571581555788,55
1OPCA,55,46,1.4403643608093262,1.4288766384124756,1.0080396880234628,55
1OPCA,55,47,1.4508239030838013,1.4288766384124756,1.0153598036956568,55
1OPCA,55,48,1.44948410987854,1.4288766384124756,1.0144221487790297,55
1OPCA,55,49,1.4398019313812256,1.4288766384124756,1.007646071518734,55
1OPCA,55,50,1.4210104942321777,1.4288766384124756,0.9944948752265714,55
1OPCA,55,51,1.4207472801208496,1.4288766384124756,0.9943106647046466,55
1OPCA,55,52,1.4254729747772217,1.4288766384124756,0.9976179443740956,55
1OPCA,55,53,1.4214649200439453,1.4288766384124756,0.9948129053486626,55
1OPCA,55,54,1.4296588897705078,1.4288766384124756,1.000547458987713,55
1OPCA,55,55,1.4288763999938965,1.4288766384124756,0.9999998331426432,55
1OPCA,55,56,1.4288763999938965,1.4288766384124756,0.9999998331426432,55
1OPCA,55,57,1.4288763999938965,1.4288766384124756,0.9999998331426432,55
1OPCA,55,58,1.4288763999938965,1.4288766384124756,0.9999998331426432,55
1OPCA,55,59,1.4288763999938965,1.4288766384124756,0.9999998331426432,55
1OPCA,55,60,1.4288763999938965,1.4288766384124756,0.9999998331426432,55
1OPCA,55,61,1.4288763999938965,1.4288766384124756,0.9999998331426432,55
1OPCA,55,62,1.4288763999938965,1.4288766384124756,0.9999998331426432,55
1OPCA,55,63,1.4288763999938965,1.4288766384124756,0.9999998331426432,55
1OPCA,55,64,1.4288763999938965,1.4288766384124756,0.9999998331426432,55
1OPCA,55,65,1.4288763999938965,1.4288766384124756,0.9999998331426432,55
1OPCA,55,66,1.4288763999938965,1.4288766384124756,0.9999998331426432,55
1OPCA,55,67,1.4288763999938965,1.4288766384124756,0.9999998331426432,55
1OPCA,55,68,1.4288763999938965,1.4288766384124756,0.9999998331426432,55
1OPCA,55,69,1.4288763999938965,1.4288766384124756,0.9999998331426432,55
1OPCA,55,70,1.4288763999938965,1.4288766384124756,0.9999998331426432,55
1OPCA,55,71,1.4288763999938965,1.4288766384124756,0.9999998331426432,55
1OPCA,55,72,1.4288763999938965,1.4288766384124756,0.9999998331426432,55
1OPCA,55,73,1.4288763999938965,1.4288766384124756,0.9999998331426432,55
1OPCA,55,74,1.4288763999938965,1.4288766384124756,0.9999998331426432,55
1OPCA,55,75,1.4288763999938965,1.4288766384124756,0.9999998331426432,55
1OPCA,55,76,1.4288763999938965,1.4288766384124756,0.9999998331426432,55
1OPCA,55,77,1.4288763999938965,1.4288766384124756,0.9999998331426432,55
1OPCA,55,78,1.4288763999938965,1.4288766384124756,0.9999998331426432,55
1OPCA,55,79,1.4288763999938965,1.4288766384124756,0.9999998331426432,55
1OPCA,55,80,1.4288766384124756,1.4288766384124756,1.0,55
4UHTA,50,0,0.9045767784118652,1.3096832036972046,0.6906836522437384,50
4UHTA,50,1,0.6948273181915283,1.3096832036972046,0.5305308308376004,50
4UHTA,50,2,0.2809499204158783,1.3096832036972046,0.214517464698916,48
4UHTA,50,3,0.12341855466365814,1.3096832036972046,0.09423542602917293,47
4UHTA,50,4,0.11190323531627655,1.3096832036972046,0.08544297964605209,47
4UHTA,50,5,0.10147591680288315,1.3096832036972046,0.07748126914693496,47
4UHTA,50,6,0.07697136700153351,1.3096832036972046,0.05877098124511727,54
4UHTA,50,7,0.14392700791358948,1.3096832036972046,0.10989452068048743,50
4UHTA,50,8,0.10939451307058334,1.3096832036972046,0.08352746126831682,50
4UHTA,50,9,0.11649001389741898,1.3096832036972046,0.08894518427706062,50
4UHTA,50,10,0.12168729305267334,1.3096832036972046,0.09291353260784975,50
4UHTA,50,11,-0.23950430750846863,1.3096832036972046,-0.182871939437227,101
4UHTA,50,12,-0.0608987957239151,1.3096832036972046,-0.046498875111171345,46
4UHTA,50,13,-0.18604649603366852,1.3096832036972046,-0.14205457893058693,46
4UHTA,50,14,-0.2057119756937027,1.3096832036972046,-0.15707002663925343,46
4UHTA,50,15,-0.3901444971561432,1.3096832036972046,-0.2978922658966493,101
4UHTA,50,16,-0.03489426150918007,1.3096832036972046,-0.02664328397178371,50
4UHTA,50,17,0.5822055339813232,1.3096832036972046,0.44453920790750834,50
4UHTA,50,18,0.6582127213478088,1.3096832036972046,0.5025739961310415,50
4UHTA,50,19,0.9358669519424438,1.3096832036972046,0.7145750585336313,50
4UHTA,50,20,1.2818081378936768,1.3096832036972046,0.9787161767633293,50
4UHTA,50,21,1.3109928369522095,1.3096832036972046,1.0009999618620045,50
4UHTA,50,22,1.2947072982788086,1.3096832036972046,0.9885652458731093,50
4UHTA,50,23,1.3432072401046753,1.3096832036972046,1.025597057603574,50
4UHTA,50,24,1.3341814279556274,1.3096832036972046,1.0187054580751016,50
4UHTA,50,25,1.3093782663345337,1.3096832036972046,0.9997671670814666,50
4UHTA,50,26,1.2964175939559937,1.3096832036972046,0.989871130893515,50
4UHTA,50,27,1.3076928853988647,1.3096832036972046,0.9984803055481499,50
4UHTA,50,28,1.2871127128601074,1.3096832036972046,0.9827664501053528,50
4UHTA,50,29,1.2679849863052368,1.3096832036972046,0.9681616002448113,50
4UHTA,50,30,1.2688121795654297,1.3096832036972046,0.9687931982204575,50
4UHTA,50,31,1.2691750526428223,1.3096832036972046,0.9690702675730827,50
4UHTA,50,32,1.2634918689727783,1.3096832036972046,0.9647309100444831,50
4UHTA,50,33,1.2561814785003662,1.3096832036972046,0.9591491094595973,50
4UHTA,50,34,1.2432116270065308,1.3096832036972046,0.9492460646185076,50
4UHTA,50,35,1.2573760747909546,1.3096832036972046,0.960061235603703,50
4UHTA,50,36,1.25127112865448,1.3096832036972046,0.9553998441166316,50
4UHTA,50,37,1.2495203018188477,1.3096832036972046,0.9540630117966555,50
4UHTA,50,38,1.2490397691726685,1.3096832036972046,0.9536961042538065,50
4UHTA,50,39,1.2853784561157227,1.3096832036972046,0.9814422697696128,50
4UHTA,50,40,1.286425232887268,1.3096832036972046,0.9822415292917556,50
4UHTA,50,41,1.2920161485671997,1.3096832036972046,0.9865104362030976,50
4UHTA,50,42,1.3104687929153442,1.3096832036972046,1.0005998314828517,50
4UHTA,50,43,1.3039339780807495,1.3096832036972046,0.9956102165773943,50
4UHTA,50,44,1.319214940071106,1.3096832036972046,1.0072778946442877,50
4UHTA,50,45,1.3132747411727905,1.3096832036972046,1.0027422948278233,50
4UHTA,50,46,1.29800546169281,1.3096832036972046,0.9910835368649239,50
4UHTA,50,47,1.3111222982406616,1.3096832036972046,1.0010988111776913,50
4UHTA,50,48,1.304021954536438,1.3096832036972046,0.9956773904217562,50
4UHTA,50,49,1.303463339805603,1.3096832036972046,0.9952508638164993,50
4UHTA,50,50,1.311708688735962,1.3096832036972046,1.001546545785301,50
4UHTA,50,51,1.3096837997436523,1.3096832036972046,1.0000004551073467,50
4UHTA,50,52,1.3096837997436523,1.3096832036972046,1.0000004551073467,50
4UHTA,50,53,1.3096837997436523,1.3096832036972046,1.0000004551073467,50
4UHTA,50,54,1.3096837997436523,1.3096832036972046,1.0000004551073467,50
4UHTA,50,55,1.3096837997436523,1.3096832036972046,1.0000004551073467,50
4UHTA,50,56,1.3096837997436523,1.3096832036972046,1.0000004551073467,50
4UHTA,50,57,1.3096837997436523,1.3096832036972046,1.0000004551073467,50
4UHTA,50,58,1.3096837997436523,1.3096832036972046,1.0000004551073467,50
4UHTA,50,59,1.3096837997436523,1.3096832036972046,1.0000004551073467,50
4UHTA,50,60,1.3096837997436523,1.3096832036972046,1.0000004551073467,50
4UHTA,50,61,1.3096837997436523,1.3096832036972046,1.0000004551073467,50
4UHTA,50,62,1.3096837997436523,1.3096832036972046,1.0000004551073467,50
4UHTA,50,63,1.3096837997436523,1.3096832036972046,1.0000004551073467,50
4UHTA,50,64,1.3096837997436523,1.3096832036972046,1.0000004551073467,50
4UHTA,50,65,1.3096837997436523,1.3096832036972046,1.0000004551073467,50
4UHTA,50,66,1.3096837997436523,1.3096832036972046,1.0000004551073467,50
4UHTA,50,67,1.3096837997436523,1.3096832036972046,1.0000004551073467,50
4UHTA,50,68,1.3096837997436523,1.3096832036972046,1.0000004551073467,50
4UHTA,50,69,1.3096837997436523,1.3096832036972046,1.0000004551073467,50
4UHTA,50,70,1.3096837997436523,1.3096832036972046,1.0000004551073467,50
4UHTA,50,71,1.3096837997436523,1.3096832036972046,1.0000004551073467,50
4UHTA,50,72,1.3096837997436523,1.3096832036972046,1.0000004551073467,50
4UHTA,50,73,1.3096837997436523,1.3096832036972046,1.0000004551073467,50
4UHTA,50,74,1.3096837997436523,1.3096832036972046,1.0000004551073467,50
4UHTA,50,75,1.3096837997436523,1.3096832036972046,1.0000004551073467,50
4UHTA,50,76,1.3096837997436523,1.3096832036972046,1.0000004551073467,50
4UHTA,50,77,1.3096837997436523,1.3096832036972046,1.0000004551073467,50
4UHTA,50,78,1.3096837997436523,1.3096832036972046,1.0000004551073467,50
4UHTA,50,79,1.3096837997436523,1.3096832036972046,1.0000004551073467,50
4UHTA,50,80,1.3096832036972046,1.3096832036972046,1.0,50
3HV2A,61,0,1.0072495937347412,1.3814986944198608,0.7290992006023721,61
3HV2A,61,1,0.5987401604652405,1.3814986944198608,0.43339900564775574,60
3HV2A,61,2,0.4019390344619751,1.3814986944198608,0.29094420145707284,59
3HV2A,61,3,0.2575964629650116,1.3814986944198608,0.18646160434714365,59
3HV2A,61,4,-0.08960658311843872,1.3814986944198608,-0.06486186594339681,57
3HV2A,61,5,-0.0915878415107727,1.3814986944198608,-0.06629600294282842,56
3HV2A,61,6,0.020200107246637344,1.3814986944198608,0.014621879360602703,56
3HV2A,61,7,-0.04355370253324509,1.3814986944198608,-0.03152641599240511,56
3HV2A,61,8,0.01684597134590149,1.3814986944198608,0.012193982820212288,60
3HV2A,61,9,0.05282231420278549,1.3814986944198608,0.03823551510844345,152
3HV2A,61,10,0.03375734016299248,1.3814986944198608,0.02443530370267078,152
3HV2A,61,11,-0.0351475290954113,1.3814986944198608,-0.02544159414509687,152
3HV2A,61,12,-0.10169221460819244,1.3814986944198608,-0.07361006928124281,152
3HV2A,61,13,-0.12556442618370056,1.3814986944198608,-0.09089000712840298,152
3HV2A,61,14,-0.17211145162582397,1.3814986944198608,-0.12458314461028104,152
3HV2A,61,15,-0.2128751426935196,1.3814986944198608,-0.15409000642082638,152
3HV2A,61,16,-0.23603613674640656,1.3814986944198608,-0.17085512834706393,152
3HV2A,61,17,-0.2800436019897461,1.3814986944198608,-0.2027100011899368,152
3HV2A,61,18,-0.3187904357910156,1.3814986944198608,-0.23075695770012059,60
3HV2A,61,19,-0.31047818064689636,1.3814986944198608,-0.22474011875724348,60
3HV2A,61,20,-0.30290448665618896,1.3814986944198608,-0.219257888465388,152
3HV2A,61,21,0.04115080088376999,1.3814986944198608,0.029787071858978945,61
3HV2A,61,22,0.9508358240127563,1.3814986944198608,0.6882640047749341,61
3HV2A,61,23,1.304261565208435,1.3814986944198608,0.9440917826970077,61
3HV2A,61,24,1.3185640573501587,1.3814986944198608,0.9544446641000044,61
3HV2A,61,25,1.351530909538269,1.3814986944198608,0.9783077718403662,61
3HV2A,61,26,1.3497765064239502,1.3814986944198608,0.9770378443902679,61
3HV2A,61,27,1.3847366571426392,1.3814986944198608,1.0023438044030422,61
3HV2A,61,28,1.3988808393478394,1.3814986944198608,1.0125820929098148,61
3HV2A,61,29,1.3997482061386108,1.3814986944198608,1.0132099377237658,61
3HV2A,61,30,1.3977885246276855,1.3814986944198608,1.0117914191838346,61
3HV2A,61,31,1.381422758102417,1.3814986944198608,0.9999450333773383,61
3HV2A,61,32,1.3550843000411987,1.3814986944198608,0.9808798991375418,61
3HV2A,61,33,1.340894103050232,1.3814986944198608,0.9706083027558124,61
3HV2A,61,34,1.333903193473816,1.3814986944198608,0.9655479218776737,61
3HV2A,61,35,1.3284000158309937,1.3814986944198608,0.9615644380965809,61
3HV2A,61,36,1.3301621675491333,1.3814986944198608,0.9628399743857264,61
3HV2A,61,37,1.3463398218154907,1.3814986944198608,0.974550194838125,61
3HV2A,61,38,1.3348966836929321,1.3814986944198608,0.9662670613333453,61
3HV2A,61,39,1.3426021337509155,1.3814986944198608,0.9718446634614596,61
3HV2A,61,40,1.3420027494430542,1.3814986944198608,0.9714107981887075,61
3HV2A,61,41,1.342089295387268,1.3814986944198608,0.9714734446063721,61
3HV2A,61,42,1.3377783298492432,1.3814986944198608,0.9683529454300517,61
3HV2A,61,43,1.3296658992767334,1.3814986944198608,0.9624807498172165,61
3HV2A,61,44,1.330239176750183,1.3814986944198608,0.9628957176168716,61
3HV2A,61,45,1.314819574356079,1.3814986944198608,0.9517342142029438,61
3HV2A,61,46,1.3377816677093506,1.3814986944198608,0.9683553615453335,61
3HV2A,61,47,1.3023558855056763,1.3814986944198608,0.9427123534507433,61
3HV2A,61,48,1.301552414894104,1.3814986944198608,0.9421307599864732,61
3HV2A,61,49,1.3053491115570068,1.3814986944198608,0.9448790048297282,61
3HV2A,61,50,1.3055483102798462,1.3814986944198608,0.9450231951381548,61
3HV2A,61,51,1.3351396322250366,1.3814986944198608,0.9664429200099303,61
3HV2A,61,52,1.3379806280136108,1.3814986944198608,0.9684993792740971,61
3HV2A,61,53,1.3332370519638062,1.3814986944198608,0.9650657342992848,61
3HV2A,61,54,1.3534727096557617,1.3814986944198608,0.9797133469055733,61
3HV2A,61,55,1.3660482168197632,1.3814986944198608,0.9888161475197152,61
3HV2A,61,56,1.3603349924087524,1.3814986944198608,0.98468062105553,61
3HV2A,61,57,1.3594574928283691,1.3814986944198608,0.9840454416059021,61
3HV2A,61,58,1.3623781204223633,1.3814986944198608,0.986159542477507,61
3HV2A,61,59,1.3647791147232056,1.3814986944198608,0.9878975059736294,61
3HV2A,61,60,1.3666765689849854,1.3814986944198608,0.9892709812215206,61
3HV2A,61,61,1.370726227760315,1.3814986944198608,0.992202333087206,61
3HV2A,61,62,1.3687127828598022,1.3814986944198608,0.9907448978332709,61
3HV2A,61,63,1.3638428449630737,1.3814986944198608,0.9872197856370748,61
3HV2A,61,64,1.3651167154312134,1.3814986944198608,0.9881418787764206,61
3HV2A,61,65,1.3615853786468506,1.3814986944198608,0.9855857150980715,61
3HV2A,61,66,1.3636643886566162,1.3814986944198608,0.9870906097593282,61
3HV2A,61,67,1.3624279499053955,1.3814986944198608,0.9861956116270716,61
3HV2A,61,68,1.3669687509536743,1.3814986944198608,0.9894824775985126,61
3HV2A,61,69,1.370282530784607,1.3814986944198608,0.9918811623343851,61
3HV2A,61,70,1.3704380989074707,1.3814986944198608,0.9919937705644848,61
3HV2A,61,71,1.3726208209991455,1.3814986944198608,0.9935737373791413,61
3HV2A,61,72,1.3686578273773193,1.3814986944198608,0.9907051182209522,61
3HV2A,61,73,1.3693753480911255,1.3814986944198608,0.9912244967167151,61
3HV2A,61,74,1.3709338903427124,1.3814986944198608,0.9923526499736687,61
3HV2A,61,75,1.3725026845932007,1.3814986944198608,0.9934882241561307,61
3HV2A,61,76,1.3730798959732056,1.3814986944198608,0.993906039520225,61
3HV2A,61,77,1.373724341392517,1.3814986944198608,0.9943725223492821,61
3HV2A,61,78,1.3743313550949097,1.3814986944198608,0.9948119101712499,61
3HV2A,61,79,1.3760218620300293,1.3814986944198608,0.9960355862716674,61
3HV2A,61,80,1.3775618076324463,1.3814986944198608,0.997150278314908,61
4ZYLA,66,0,1.0413663387298584,1.417871356010437,0.7344575615520036,66
4ZYLA,66,1,0.6095133423805237,1.417871356010437,0.42987915638239116,67
4ZYLA,66,2,0.35025754570961,1.417871356010437,0.2470305533889576,65
4ZYLA,66,3,0.30307382345199585,1.417871356010437,0.2137526949587131,69
4ZYLA,66,4,0.10030043125152588,1.417871356010437,0.07074014918655819,69
4ZYLA,66,5,-0.02182285487651825,1.417871356010437,-0.015391279881640836,69
4ZYLA,66,6,-0.13670361042022705,1.417871356010437,-0.09641467813051777,65
4ZYLA,66,7,-0.16876055300235748,1.417871356010437,-0.11902388202355026,62
4ZYLA,66,8,-0.2968161404132843,1.417871356010437,-0.20933925997945008,62
4ZYLA,66,9,-0.3038005530834198,1.417871356010437,-0.21426524472448932,62
4ZYLA,66,10,-0.304625004529953,1.417871356010437,-0.21484671598634839,162
4ZYLA,66,11,-0.33586499094963074,1.417871356010437,-0.2368797349109847,162
4ZYLA,66,12,-0.32061874866485596,1.417871356010437,-0.2261268254737885,162
4ZYLA,66,13,-0.3080929219722748,1.417871356010437,-0.21729257782537986,162
4ZYLA,66,14,-0.2988990247249603,1.417871356010437,-0.2108082820475288,162
4ZYLA,66,15,-0.2946234941482544,1.417871356010437,-0.2077928247152527,162
4ZYLA,66,16,-0.2881890535354614,1.417871356010437,-0.20325472569412711,162
4ZYLA,66,17,-0.3367094397544861,1.417871356010437,-0.23747530996176464,162
4ZYLA,66,18,-0.3543415367603302,1.417871356010437,-0.2499109212258618,50
4ZYLA,66,19,-0.34003886580467224,1.417871356010437,-0.23982349623132468,62
4ZYLA,66,20,-0.3643803000450134,1.417871356010437,-0.2569910863213258,77
4ZYLA,66,21,0.3431936204433441,1.417871356010437,0.24204848979318674,66
4ZYLA,66,22,0.84693443775177,1.417871356010437,0.5973281244180348,66
4ZYLA,66,23,0.9803123474121094,1.417871356010437,0.6913972436614294,66
4ZYLA,66,24,1.0543806552886963,1.417871356010437,0.7436363326045885,66
4ZYLA,66,25,1.0888442993164062,1.417871356010437,0.7679429411566385,66
4ZYLA,66,26,1.1247799396514893,1.417871356010437,0.7932877230952465,66
4ZYLA,66,27,1.1866880655288696,1.417871356010437,0.8369504472309365,66
4ZYLA,66,28,1.2730976343154907,1.417871356010437,0.8978936127870542,66
4ZYLA,66,29,1.312288522720337,1.417871356010437,0.9255342645561401,66
4ZYLA,66,30,1.3281526565551758,1.417871356010437,0.9367229621538382,66
4ZYLA,66,31,1.3575081825256348,1.417871356010437,0.9574269039085109,66
4ZYLA,66,32,1.3777775764465332,1.417871356010437,0.9717225548044651,66
4ZYLA,66,33,1.3929086923599243,1.417871356010437,0.9823942676148336,66
4ZYLA,66,34,1.3862603902816772,1.417871356010437,0.9777053358227746,66
4ZYLA,66,35,1.4014663696289062,1.417871356010437,0.9884298485105937,66
4ZYLA,66,36,1.4110095500946045,1.417871356010437,0.9951604876657216,66
4ZYLA,66,37,1.405393362045288,1.417871356010437,0.9911994879420802,66
4ZYLA,66,38,1.4236562252044678,1.417871356010437,1.0040799676003809,66
4ZYLA,66,39,1.4279931783676147,1.417871356010437,1.0071387452142755,66
4ZYLA,66,40,1.4435206651687622,1.417871356010437,1.0180900115159224,66
4ZYLA,66,41,1.452865481376648,1.417871356010437,1.0246807478110542,66
4ZYLA,66,42,1.4556491374969482,1.417871356010437,1.0266440120440892,66
4ZYLA,66,43,1.4700424671173096,1.417871356010437,1.036795377017609,66
4ZYLA,66,44,1.4823888540267944,1.417871356010437,1.0455030689088005,66
4ZYLA,66,45,1.4837286472320557,1.417871356010437,1.0464480017474405,66
4ZYLA,66,46,1.471426248550415,1.417871356010437,1.037771333988063,66
4ZYLA,66,47,1.4656230211257935,1.417871356010437,1.0336784186470334,66
4ZYLA,66,48,1.4789692163467407,1.417871356010437,1.0430912579461504,66
4ZYLA,66,49,1.4772162437438965,1.417871356010437,1.041854916866677,66
4ZYLA,66,50,1.4797437191009521,1.417871356010437,1.0436375012642964,66
4ZYLA,66,51,1.499407172203064,1.417871356010437,1.0575057926426061,66
4ZYLA,66,52,1.4873733520507812,1.417871356010437,1.0490185486473942,66
4ZYLA,66,53,1.4843024015426636,1.417871356010437,1.0468526606808308,66
4ZYLA,66,54,1.4779038429260254,1.417871356010437,1.0423398686073369,66
4ZYLA,66,55,1.467628002166748,1.417871356010437,1.0350924968935933,66
4ZYLA,66,56,1.4544392824172974,1.417871356010437,1.025790722304846,66
4ZYLA,66,57,1.4416322708129883,1.417871356010437,1.0167581598301054,66
4ZYLA,66,58,1.4412002563476562,1.417871356010437,1.0164534675436716,66
4ZYLA,66,59,1.431089997291565,1.417871356010437,1.00932287772448,66
4ZYLA,66,60,1.430338740348816,1.417871356010437,1.0087930292727396,66
4ZYLA,66,61,1.4300734996795654,1.417871356010437,1.0086059596432375,66
4ZYLA,66,62,1.4346476793289185,1.417871356010437,1.0118320489707093,66
4ZYLA,66,63,1.4335911273956299,1.417871356010437,1.011086881273506,66
4ZYLA,66,64,1.4319125413894653,1.417871356010437,1.0099030037665313,66
4ZYLA,66,65,1.4321595430374146,1.417871356010437,1.0100772097316228,66
4ZYLA,66,66,1.43075692653656,1.417871356010437,1.009087968715568,66
4ZYLA,66,67,1.4224234819412231,1.417871356010437,1.0032105352234457,66
4ZYLA,66,68,1.4178087711334229,1.417871356010437,0.9999558599750613,66
4ZYLA,66,69,1.4182238578796387,1.417871356010437,1.0002486134357023,66
4ZYLA,66,70,1.4102530479431152,1.417871356010437,0.9946269398595103,66
4ZYLA,66,71,1.4110394716262817,1.417871356010437,0.9951815908014542,66
4ZYLA,66,72,1.412482500076294,1.417871356010437,0.9961993336621835,66
4ZYLA,66,73,1.405505657196045,1.417871356010437,0.9912786877582559,66
4ZYLA,66,74,1.40704345703125,1.417871356010437,0.9923632712281781,66
4ZYLA,66,75,1.4104102849960327,1.417871356010437,0.9947378364174039,66
4ZYLA,66,76,1.410009741783142,1.417871356010437,0.9944553402577962,66
4ZYLA,66,77,1.4088908433914185,1.417871356010437,0.9936662006881304,66
4ZYLA,66,78,1.4076690673828125,1.417871356010437,0.9928045033250891,66
4ZYLA,66,79,1.4058769941329956,1.417871356010437,0.9915405852395588,66
4ZYLA,66,80,1.4052903652191162,1.417871356010437,0.9911268460724668,66
3KYJB,63,0,0.7956066727638245,1.387285590171814,0.5734988371538475,63
3KYJB,63,1,0.6200919151306152,1.387285590171814,0.4469821639636706,62
3KYJB,63,2,0.45737704634666443,1.387285590171814,0.3296920616684404,61
3KYJB,63,3,0.30363863706588745,1.387285590171814,0.21887247962280218,61
3KYJB,63,4,0.020476754754781723,1.387285590171814,0.01476030234859262,66
3KYJB,63,5,-0.1111329048871994,1.387285590171814,-0.08010816638947119,68
3KYJB,63,6,-0.16030465066432953,1.387285590171814,-0.11555273968100249,68
3KYJB,63,7,-0.2757871150970459,1.387285590171814,-0.19879620825794775,57
3KYJB,63,8,-0.29319989681243896,1.387285590171814,-0.21134790045366683,57
3KYJB,63,9,-0.2996562421321869,1.387285590171814,-0.21600184147740967,54
3KYJB,63,10,-0.3245086669921875,1.387285590171814,-0.23391626734333587,54
3KYJB,63,11,-0.35192009806632996,1.387285590171814,-0.2536753070596985,54
3KYJB,63,12,-0.3133386969566345,1.387285590171814,-0.22586459426701594,54
3KYJB,63,13,-0.3064998388290405,1.387285590171814,-0.2209349257286532,144
3KYJB,63,14,-0.3065146207809448,1.387285590171814,-0.2209455810342435,144
3KYJB,63,15,-0.1600140929222107,1.387285590171814,-0.11534329633049321,144
3KYJB,63,16,1.0419517755508423,1.387285590171814,0.7510722975373785,63
3KYJB,63,17,1.1377671957015991,1.387285590171814,0.8201391290748488,63
3KYJB,63,18,1.0889217853546143,1.387285590171814,0.7849297888402,63
3KYJB,63,19,1.1914438009262085,1.387285590171814,0.8588309497099652,63
3KYJB,63,20,1.223461389541626,1.387285590171814,0.8819102556886658,63
3KYJB,63,21,1.2497857809066772,1.387285590171814,0.9008857222771934,63
3KYJB,63,22,1.2813019752502441,1.387285590171814,0.9236036071646618,63
3KYJB,63,23,1.285056233406067,1.387285590171814,0.9263097969949461,63
3KYJB,63,24,1.3001452684402466,1.387285590171814,0.9371864579658936,63
3KYJB,63,25,1.2967215776443481,1.387285590171814,0.9347185517033666,63
3KYJB,63,26,1.3133976459503174,1.387285590171814,0.9467391972172466,63
3KYJB,63,27,1.3312108516693115,1.387285590171814,0.9595795278926255,63
3KYJB,63,28,1.3260602951049805,1.387285590171814,0.9558668413334771,63
3KYJB,63,29,1.3232935667037964,1.387285590171814,0.9538724946605318,63
3KYJB,63,30,1.3264341354370117,1.387285590171814,0.9561363174490511,63
3KYJB,63,31,1.3353271484375,1.387285590171814,0.9625466867799881,63
3KYJB,63,32,1.325082540512085,1.387285590171814,0.9551620444266092,63
3KYJB,63,33,1.3335304260253906,1.387285590171814,0.9612515515714642,63
3KYJB,63,34,1.3268051147460938,1.387285590171814,0.9564037312474141,63
3KYJB,63,35,1.323050856590271,1.387285590171814,0.9536975414171298,63
3KYJB,63,36,1.3126909732818604,1.387285590171814,0.9462298048661234,63
3KYJB,63,37,1.321051001548767,1.387285590171814,0.9522559816866232,63
3KYJB,63,38,1.334949016571045,1.387285590171814,0.9622741171885976,63
3KYJB,63,39,1.3397974967956543,1.387285590171814,0.9657690574222152,63
3KYJB,63,40,1.3413437604904175,1.387285590171814,0.9668836539448906,63
3KYJB,63,41,1.3401366472244263,1.387285590171814,0.9660135279416054,63
3KYJB,63,42,1.3502123355865479,1.387285590171814,0.9732764076496501,63
3KYJB,63,43,1.36025869846344,1.387285590171814,0.9805181486062817,63
3KYJB,63,44,1.3332520723342896,1.387285590171814,0.9610509052928082,63
3KYJB,63,45,1.334949016571045,1.387285590171814,0.9622741171885976,63
3KYJB,63,46,1.3499963283538818,1.387285590171814,0.9731207027002177,63
3KYJB,63,47,1.3581517934799194,1.387285590171814,0.9789994238401292,63
3KYJB,63,48,1.3680212497711182,1.387285590171814,0.9861136448492124,63
3KYJB,63,49,1.369040608406067,1.387285590171814,0.9868484312855239,63
3KYJB,63,50,1.382666826248169,1.387285590171814,0.996670646652451,63
3KYJB,63,51,1.3736889362335205,1.387285590171814,0.9901990952442535,63
3KYJB,63,52,1.3747459650039673,1.387285590171814,0.9909610355238436,63
3KYJB,63,53,1.3678282499313354,1.387285590171814,0.985974524367352,63
3KYJB,63,54,1.3836935758590698,1.387285590171814,0.9974107607415577,63
3KYJB,63,55,1.3947786092758179,1.387285590171814,1.0054012087756754,63
3KYJB,63,56,1.391071081161499,1.387285590171814,1.0027287034598378,63
3KYJB,63,57,1.3897042274475098,1.387285590171814,1.0017434314122706,63
3KYJB,63,58,1.3902323246002197,1.387285590171814,1.0021241007974724,63
3KYJB,63,59,1.3848079442977905,1.387285590171814,0.998214033295252,63
3KYJB,63,60,1.3836467266082764,1.387285590171814,0.9973769902972272,63
3KYJB,63,61,1.384157419204712,1.387285590171814,0.9977451139193952,63
3KYJB,63,62,1.3860845565795898,1.387285590171814,0.9991342564207883,63
3KYJB,63,63,1.3871952295303345,1.387285590171814,0.9999348651480852,63
3KYJB,63,64,1.386927604675293,1.387285590171814,0.9997419525589705,63
3KYJB,63,65,1.387090802192688,1.387285590171814,0.9998595905698827,63
3KYJB,63,66,1.3872828483581543,1.387285590171814,0.9999980236126728,63
3KYJB,63,67,1.384928822517395,1.387285590171814,0.9983011661974179,63
3KYJB,63,68,1.381319284439087,1.387285590171814,0.995699295246058,63
3KYJB,63,69,1.3779326677322388,1.387285590171814,0.9932581131773907,63
3KYJB,63,70,1.3769328594207764,1.387285590171814,0.9925374192420211,63
3KYJB,63,71,1.3792731761932373,1.387285590171814,0.9942243947206398,63
3KYJB,63,72,1.3803467750549316,1.387285590171814,0.994998279254077,63
3KYJB,63,73,1.3825280666351318,1.387285590171814,0.9965706242677163,63
3KYJB,63,74,1.3836760520935059,1.387285590171814,0.9973981290486402,63
3KYJB,63,75,1.3863420486450195,1.387285590171814,0.9993198649697806,63
3KYJB,63,76,1.3857728242874146,1.387285590171814,0.9989095497746704,63
3KYJB,63,77,1.3865028619766235,1.387285590171814,0.999435784383017,63
3KYJB,63,78,1.3869571685791016,1.387285590171814,0.9997632631701511,63
3KYJB,63,79,1.3877960443496704,1.387285590171814,1.0003679517624005,63
3KYJB,63,80,1.386724591255188,1.387285590171814,0.9995956139668715,63
1DZ3A,51,0,0.902300238609314,1.3335009813308716,0.6766401009385031,51
1DZ3A,51,1,0.7053792476654053,1.3335009813308716,0.5289679254389577,52
1DZ3A,51,2,0.4882921278476715,1.3335009813308716,0.36617305475121753,49
1DZ3A,51,3,0.2674061059951782,1.3335009813308716,0.20052936573642366,54
1DZ3A,51,4,-0.03284107521176338,1.3335009813308716,-0.024627709819146186,47
1DZ3A,51,5,0.020223980769515038,1.3335009813308716,0.015166078655098503,47
1DZ3A,51,6,0.07740810513496399,1.3335009813308716,0.05804878002992433,47
1DZ3A,51,7,0.04316272586584091,1.3335009813308716,0.03236797457978868,58
1DZ3A,51,8,0.04659141227602959,1.3335009813308716,0.03493916609609844,129
1DZ3A,51,9,0.011326689273118973,1.3335009813308716,0.008493948959688517,129
1DZ3A,51,10,0.03698212653398514,1.3335009813308716,0.027733107850491368,56
1DZ3A,51,11,-0.011783313006162643,1.3335009813308716,-0.008836373704354207,56
1DZ3A,51,12,-0.0677855834364891,1.3335009813308716,-0.05083279606501465,56
1DZ3A,51,13,-0.08745938539505005,1.3335009813308716,-0.06558629248833632,129
1DZ3A,51,14,0.13505695760250092,1.3335009813308716,0.10127998366203696,63
1DZ3A,51,15,1.2600505352020264,1.3335009813308716,0.9449190910564313,51
1DZ3A,51,16,1.331283688545227,1.3335009813308716,0.9983372394796203,51
1DZ3A,51,17,1.3135265111923218,1.3335009813308716,0.9850210307917323,51
1DZ3A,51,18,1.2954436540603638,1.3335009813308716,0.9714605929779477,51
1DZ3A,51,19,1.3011062145233154,1.3335009813308716,0.975706979401526,51
1DZ3A,51,20,1.317740797996521,1.3335009813308716,0.9881813485291766,51
1DZ3A,51,21,1.325208067893982,1.3335009813308716,0.9937810968623262,51
1DZ3A,51,22,1.3008298873901367,1.3335009813308716,0.9754997601065668,51
1DZ3A,51,23,1.3200252056121826,1.3335009813308716,0.9898944388438021,51
1DZ3A,51,24,1.3253997564315796,1.3335009813308716,0.9939248451911848,51
1DZ3A,51,25,1.333774447441101,1.3335009813308716,1.0002050737975134,51
1DZ3A,51,26,1.3360408544540405,1.3335009813308716,1.0019046653573769,51
1DZ3A,51,27,1.3499442338943481,1.3335009813308716,1.0123308889859726,51
1DZ3A,51,28,1.352325439453125,1.3335009813308716,1.0141165686308427,51
1DZ3A,51,29,1.3510322570800781,1.3335009813308716,1.0131468037854083,51
1DZ3A,51,30,1.335436224937439,1.3335009813308716,1.0014512502305293,51
1DZ3A,51,31,1.317912220954895,1.3335009813308716,0.9883098995844618,51
1DZ3A,51,32,1.3059945106506348,1.3335009813308716,0.9793727405788749,51
1DZ3A,51,33,1.3130332231521606,1.3335009813308716,0.9846511112738113,51
1DZ3A,51,34,1.2958638668060303,1.3335009813308716,0.9717757129152778,51
1DZ3A,51,35,1.3038817644119263,1.3335009813308716,0.9777883801109883,51
1DZ3A,51,36,1.3060742616653442,1.3335009813308716,0.9794325463201724,51
1DZ3A,51,37,1.2971322536468506,1.3335009813308716,0.9727268834495165,51
1DZ3A,51,38,1.29662024974823,1.3335009813308716,0.9723429288024719,51
1DZ3A,51,39,1.3000537157058716,1.3335009813308716,0.9749177045287071,51
1DZ3A,51,40,1.2966907024383545,1.3335009813308716,0.972395761677071,51
1DZ3A,51,41,1.3013418912887573,1.3335009813308716,0.9758837147536116,51
1DZ3A,51,42,1.2846386432647705,1.3335009813308716,0.9633578536872653,51
1DZ3A,51,43,1.3034965991973877,1.3335009813308716,0.9774995425173676,51
1DZ3A,51,44,1.3099048137664795,1.3335009813308716,0.9823050992127187,51
1DZ3A,51,45,1.3043352365493774,1.3335009813308716,0.9781284414561241,51
1DZ3A,51,46,1.3191574811935425,1.3335009813308716,0.9892437273476815,51
1DZ3A,51,47,1.32276451587677,1.3335009813308716,0.9919486632522863,51
1DZ3A,51,48,1.325194001197815,1.3335009813308716,0.9937705481665517,51
1DZ3A,51,49,1.3262335062026978,1.3335009813308716,0.9945500789051384,51
1DZ3A,51,50,1.3141335248947144,1.3335009813308716,0.985476233833118,51
1DZ3A,51,51,1.3232345581054688,1.3335009813308716,0.9923011506034614,51
1DZ3A,51,52,1.3257304430007935,1.3335009813308716,0.9941728289376114,51
1DZ3A,51,53,1.3230046033859253,1.3335009813308716,0.9921287062462671,51
1DZ3A,51,54,1.3275337219238281,1.3335009813308716,0.9955251180984599,51
1DZ3A,51,55,1.3329771757125854,1.3335009813308716,0.9996071951759921,51
1DZ3A,51,56,1.3332337141036987,1.3335009813308716,0.9997995747802855,51
1DZ3A,51,57,1.33200204372406,1.3335009813308716,0.9988759381299326,51
1DZ3A,51,58,1.3303661346435547,1.3335009813308716,0.9976491605696546,51
1DZ3A,51,59,1.3316857814788818,1.3335009813308716,0.9986387712664612,51
1DZ3A,51,60,1.3328211307525635,1.3335009813308716,0.9994901761694771,51
1DZ3A,51,61,1.332322120666504,1.3335009813308716,0.9991159656566648,51
1DZ3A,51,62,1.3367465734481812,1.3335009813308716,1.0024338880606374,51
1DZ3A,51,63,1.3378925323486328,1.3335009813308716,1.0032932491833477,51
1DZ3A,51,64,1.336580514907837,1.3335009813308716,1.0023093598130628,51
1DZ3A,51,65,1.337585210800171,1.3335009813308716,1.003062786999394,51
1DZ3A,51,66,1.332798957824707,1.3335009813308716,0.9994735485642733,51
1DZ3A,51,67,1.3314049243927002,1.3335009813308716,0.9984281549338798,51
1DZ3A,51,68,1.3372597694396973,1.3335009813308716,1.0028187366649512,51
1DZ3A,51,69,1.3354098796844482,1.3335009813308716,1.0014314937748838,51
1DZ3A,51,70,1.327707290649414,1.3335009813308716,0.9956552782768294,51
1DZ3A,51,71,1.3316220045089722,1.3335009813308716,0.9985909445525686,51
1DZ3A,51,72,1.3322691917419434,1.3335009813308716,0.9990762739539203,51
1DZ3A,51,73,1.3314337730407715,1.3335009813308716,0.9984497886997901,51
1DZ3A,51,74,1.330831527709961,1.3335009813308716,0.9979981614874806,51
1DZ3A,51,75,1.330952525138855,1.3335009813308716,0.9980888981502862,51
1DZ3A,51,76,1.3319997787475586,1.3335009813308716,0.9988742396111214,51
1DZ3A,51,77,1.3318413496017456,1.3335009813308716,0.9987554326900685,51
1DZ3A,51,78,1.3335009813308716,1.3335009813308716,1.0,51
1DZ3A,51,79,1.3335009813308716,1.3335009813308716,1.0,51
1DZ3A,51,80,1.3335009813308716,1.3335009813308716,1.0,51
2GKGA,52,0,0.9348975419998169,1.2013169527053833,0.7782272113070693,52
2GKGA,52,1,0.48139864206314087,1.2013169527053833,0.4007257543307152,51
2GKGA,52,2,0.4624830484390259,1.2013169527053833,0.3849800399449182,50
2GKGA,52,3,0.3433452844619751,1.2013169527053833,0.2858074080189716,50
2GKGA,52,4,0.0868053287267685,1.2013169527053833,0.07225847311259666,48
2GKGA,52,5,-0.019417589530348778,1.2013169527053833,-0.01616358571034903,48
2GKGA,52,6,-0.07112447172403336,1.2013169527053833,-0.05920541749107928,46
2GKGA,52,7,-0.07872883230447769,1.2013169527053833,-0.06553543769375701,54
2GKGA,52,8,-0.07778054475784302,1.2013169527053833,-0.06474606437766495,54
2GKGA,52,9,-0.09332700073719025,1.2013169527053833,-0.07768724192813269,126
2GKGA,52,10,-0.10377505421638489,1.2013169527053833,-0.08638440836340647,126
2GKGA,52,11,-0.10809269547462463,1.2013169527053833,-0.08997849837313816,126
2GKGA,52,12,-0.0935370996594429,1.2013169527053833,-0.07786213242791254,126
2GKGA,52,13,-0.16336219012737274,1.2013169527053833,-0.13598591925259917,126
2GKGA,52,14,-0.13583046197891235,1.2013169527053833,-0.11306796401484236,59
2GKGA,52,15,-0.19764754176139832,1.2013169527053833,-0.1645257243030602,64
2GKGA,52,16,-0.20879778265953064,1.2013169527053833,-0.17380740543893516,64
2GKGA,52,17,-0.19308044016361237,1.2013169527053833,-0.1607239785710111,64
2GKGA,52,18,-0.15419471263885498,1.2013169527053833,-0.1283547296087067,64
2GKGA,52,19,-0.08746062219142914,1.2013169527053833,-0.07280395235784073,64
2GKGA,52,20,0.12257193773984909,1.2013169527053833,0.10203130611269183,52
2GKGA,52,21,0.5311794281005859,1.2013169527053833,0.44216426556235816,52
2GKGA,52,22,0.8431820869445801,1.2013169527053833,0.701881451889713,52
2GKGA,52,23,1.1641136407852173,1.2013169527053833,0.9690312270742675,52
2GKGA,52,24,1.373741626739502,1.2013169527053833,1.143529710161682,52
2GKGA,52,25,1.3933519124984741,1.2013169527053833,1.1598537000253142,52
2GKGA,52,26,1.4107698202133179,1.2013169527053833,1.1743527110278795,52
2GKGA,52,27,1.3090583086013794,1.2013169527053833,1.0896860363564844,52
2GKGA,52,28,1.219147801399231,1.2013169527053833,1.0148427512437017,52
2GKGA,52,29,1.2148467302322388,1.2013169527053833,1.0112624545057707,52
2GKGA,52,30,1.2339738607406616,1.2013169527053833,1.027184256379413,52
2GKGA,52,31,1.218150019645691,1.2013169527053833,1.0140121779705176,52
2GKGA,52,32,1.2335752248764038,1.2013169527053833,1.0268524239988244,52
2GKGA,52,33,1.2307133674621582,1.2013169527053833,1.0244701572641373,52
2GKGA,52,34,1.1892837285995483,1.2013169527053833,0.9899833061718342,52
2GKGA,52,35,1.168843388557434,1.2013169527053833,0.9729683626999367,52
2GKGA,52,36,1.1411800384521484,1.2013169527053833,0.949940842741122,52
2GKGA,52,37,1.181353211402893,1.2013169527053833,0.9833817867486748,52
2GKGA,52,38,1.158410668373108,1.2013169527053833,0.9642839600026872,52
2GKGA,52,39,1.1698037385940552,1.2013169527053833,0.973767777071355,52
2GKGA,52,40,1.1754635572433472,1.2013169527053833,0.9784791220969504,52
2GKGA,52,41,1.1638813018798828,1.2013169527053833,0.9688378235725428,52
2GKGA,52,42,1.1644411087036133,1.2013169527053833,0.9693038178486326,52
2GKGA,52,43,1.153374433517456,1.2013169527053833,0.960091698464789,52
2GKGA,52,44,1.1474827527999878,1.2013169527053833,0.9551873468661538,52
2GKGA,52,45,1.1542850732803345,1.2013169527053833,0.9608497330208049,52
2GKGA,52,46,1.1343401670455933,1.2013169527053833,0.9442471984525338,52
2GKGA,52,47,1.1187677383422852,1.2013169527053833,0.9312844006927596,52
2GKGA,52,48,1.1182631254196167,1.2013169527053833,0.9308643509119486,52
2GKGA,52,49,1.1234617233276367,1.2013169527053833,0.9351917666670603,52
2GKGA,52,50,1.116575837135315,1.2013169527053833,0.9294598187603779,52
2GKGA,52,51,1.1076020002365112,1.2013169527053833,0.921989819374625,52
2GKGA,52,52,1.111177921295166,1.2013169527053833,0.9249664868149718,52
2GKGA,52,53,1.134918451309204,1.2013169527053833,0.9447285737151642,52
2GKGA,52,54,1.123533844947815,1.2013169527053833,0.9352518021306536,52
2GKGA,52,55,1.144343376159668,1.2013169527053833,0.9525740676368464,52
2GKGA,52,56,1.1720795631408691,1.2013169527053833,0.9756622184522817,52
2GKGA,52,57,1.1730083227157593,1.2013169527053833,0.9764353362983245,52
2GKGA,52,58,1.186705470085144,1.2013169527053833,0.9878371127725002,52
2GKGA,52,59,1.1846345663070679,1.2013169527053833,0.9861132514939155,52
2GKGA,52,60,1.191160798072815,1.2013169527053833,0.991545815940001,52
2GKGA,52,61,1.1959571838378906,1.2013169527053833,0.9955384223493872,52
2GKGA,52,62,1.2000032663345337,1.2013169527053833,0.99890646147306,52
2GKGA,52,63,1.2055281400680542,1.2013169527053833,1.0035054756808244,52
2GKGA,52,64,1.207395076751709,1.2013169527053833,1.0050595507144369,52
2GKGA,52,65,1.202843189239502,1.2013169527053833,1.0012704694882408,52
2GKGA,52,66,1.2032502889633179,1.2013169527053833,1.0016093473529868,52
2GKGA,52,67,1.195838451385498,1.2013169527053833,0.9954395871068433,52
2GKGA,52,68,1.1940521001815796,1.2013169527053833,0.9939525930209816,52
2GKGA,52,69,1.1984715461730957,1.2013169527053833,0.9976314273049426,52
2GKGA,52,70,1.2055556774139404,1.2013169527053833,1.0035283983123784,52
2GKGA,52,71,1.2031928300857544,1.2013169527053833,1.0015615174464545,52
2GKGA,52,72,1.2025352716445923,1.2013169527053833,1.0010141527899572,52
2GKGA,52,73,1.201159954071045,1.2013169527053833,0.9998693112304918,52
2GKGA,52,74,1.201316475868225,1.2013169527053833,0.9999996030713151,52
2GKGA,52,75,1.201316475868225,1.2013169527053833,0.9999996030713151,52
2GKGA,52,76,1.201316475868225,1.2013169527053833,0.9999996030713151,52
2GKGA,52,77,1.201316475868225,1.2013169527053833,0.9999996030713151,52
2GKGA,52,78,1.201316475868225,1.2013169527053833,0.9999996030713151,52
2GKGA,52,79,1.201316475868225,1.2013169527053833,0.9999996030713151,52
2GKGA,52,80,1.2013169527053833,1.2013169527053833,1.0,52
3CG4A,54,0,1.0086119174957275,1.306783676147461,0.771827759946638,54
3CG4A,54,1,0.6237021684646606,1.306783676147461,0.47728034857567386,55
3CG4A,54,2,0.7576974630355835,1.306783676147461,0.5798185857887032,54
3CG4A,54,3,0.6039484739303589,1.306783676147461,0.46216407884039695,57
3CG4A,54,4,0.267361581325531,1.306783676147461,0.20459513399627224,57
3CG4A,54,5,0.09157818555831909,1.306783676147461,0.07007907064488397,49
3CG4A,54,6,-0.004953410476446152,1.306783676147461,-0.0037905359294426906,141
3CG4A,54,7,-0.09652076661586761,1.306783676147461,-0.07386131949583365,141
3CG4A,54,8,-0.15646691620349884,1.306783676147461,-0.11973436694953228,141
3CG4A,54,9,-0.17748551070690155,1.306783676147461,-0.13581858569747976,141
3CG4A,54,10,-0.19320310652256012,1.306783676147461,-0.14784628094846095,141
3CG4A,54,11,-0.24155884981155396,1.306783676147461,-0.18484991373912435,141
3CG4A,54,12,-0.2682143449783325,1.306783676147461,-0.20524770080466365,141
3CG4A,54,13,-0.2668505907058716,1.306783676147461,-0.20420410476244688,141
3CG4A,54,14,-0.2578277587890625,1.306783676147461,-0.1972994945492176,141
3CG4A,54,15,-0.21811392903327942,1.306783676147461,-0.1669089789033046,62
3CG4A,54,16,0.0018618297763168812,1.306783676147461,0.0014247421438609916,52
3CG4A,54,17,0.7833497524261475,1.306783676147461,0.5994486820768583,54
3CG4A,54,18,1.1598600149154663,1.306783676147461,0.8875684905514419,54
3CG4A,54,19,1.195699691772461,1.306783676147461,0.9149943587430724,54
3CG4A,54,20,1.2290948629379272,1.306783676147461,0.9405495992737155,54
3CG4A,54,21,1.245924949645996,1.306783676147461,0.9534286143817752,54
3CG4A,54,22,1.266547679901123,1.306783676147461,0.9692099029236745,54
3CG4A,54,23,1.2515324354171753,1.306783676147461,0.9577196733179494,54
3CG4A,54,24,1.2769088745117188,1.306783676147461,0.9771386785884744,54
3CG4A,54,25,1.2511934041976929,1.306783676147461,0.9574602338822794,54
3CG4A,54,26,1.245025396347046,1.306783676147461,0.9527402423770053,54
3CG4A,54,27,1.237896203994751,1.306783676147461,0.9472847163535149,54
3CG4A,54,28,1.2107248306274414,1.306783676147461,0.9264921598935094,54
3CG4A,54,29,1.2071917057037354,1.306783676147461,0.9237884798673538,54
3CG4A,54,30,1.2064653635025024,1.306783676147461,0.9232326555067571,54
3CG4A,54,31,1.206215262413025,1.306783676147461,0.9230412687500639,54
3CG4A,54,32,1.2254021167755127,1.306783676147461,0.9377237710744368,54
3CG4A,54,33,1.2431957721710205,1.306783676147461,0.951340145169318,54
3CG4A,54,34,1.2440159320831299,1.306783676147461,0.9519677623695323,54
3CG4A,54,35,1.2410593032836914,1.306783676147461,0.949705238852132,54
3CG4A,54,36,1.2555352449417114,1.306783676147461,0.960782773659344,54
3CG4A,54,37,1.2529488801956177,1.306783676147461,0.9588035901163428,54
3CG4A,54,38,1.2634142637252808,1.306783676147461,0.9668120950591931,54
3CG4A,54,39,1.2575150728225708,1.306783676147461,0.9622978123891636,54
3CG4A,54,40,1.2558739185333252,1.306783676147461,0.9610419394247232,54
3CG4A,54,41,1.2504678964614868,1.306783676147461,0.9569050480856945,54
3CG4A,54,42,1.260867714881897,1.306783676147461,0.9648633801418999,54
3CG4A,54,43,1.2556871175765991,1.306783676147461,0.9608989923094999,54
3CG4A,54,44,1.2565479278564453,1.306783676147461,0.9615577166994341,54
3CG4A,54,45,1.2538762092590332,1.306783676147461,0.9595132171803641,54
3CG4A,54,46,1.2639884948730469,1.306783676147461,0.9672515183227733,54
3CG4A,54,47,1.2515664100646973,1.306783676147461,0.9577456719955746,54
3CG4A,54,48,1.2421027421951294,1.306783676147461,0.9505037175372301,54
3CG4A,54,49,1.240291953086853,1.306783676147461,0.9491180336315245,54
3CG4A,54,50,1.2389638423919678,1.306783676147461,0.9481017133949566,54
3CG4A,54,51,1.2528222799301147,1.306783676147461,0.9587067108334026,54
3CG4A,54,52,1.265226125717163,1.306783676147461,0.9681985999757711,54
3CG4A,54,53,1.269364595413208,1.306783676147461,0.9713655125808057,54
3CG4A,54,54,1.269003987312317,1.306783676147461,0.971089561704258,54
3CG4A,54,55,1.2815742492675781,1.306783676147461,0.9807087987552745,54
3CG4A,54,56,1.290547490119934,1.306783676147461,0.9875754600215141,54
3CG4A,54,57,1.2928595542907715,1.306783676147461,0.9893447384514786,54
3CG4A,54,58,1.2918951511383057,1.306783676147461,0.9886067409006453,54
3CG4A,54,59,1.2925547361373901,1.306783676147461,0.9891114801402944,54
3CG4A,54,60,1.2921594381332397,1.306783676147461,0.9888089832455399,54
3CG4A,54,61,1.2928189039230347,1.306783676147461,0.9893136312617588,54
3CG4A,54,62,1.296301245689392,1.306783676147461,0.991978450106622,54
3CG4A,54,63,1.2948215007781982,1.306783676147461,0.9908460936667586,54
3CG4A,54,64,1.2963531017303467,1.306783676147461,0.9920181322987867,54
3CG4A,54,65,1.2966281175613403,1.306783676147461,0.992228584752405,54
3CG4A,54,66,1.2977104187011719,1.306783676147461,0.9930568022757692,54
3CG4A,54,67,1.2975738048553467,1.306783676147461,0.992952260224687,54
3CG4A,54,68,1.2956417798995972,1.306783676147461,0.9914738020904031,54
3CG4A,54,69,1.2916254997253418,1.306783676147461,0.9884003935013888,54
3CG4A,54,70,1.291990876197815,1.306783676147461,0.988679993315147,54
3CG4A,54,71,1.2875030040740967,1.306783676147461,0.9852457048360095,54
3CG4A,54,72,1.2851803302764893,1.306783676147461,0.9834683075207515,54
3CG4A,54,73,1.2863810062408447,1.306783676147461,0.9843871099103675,54
3CG4A,54,74,1.2881815433502197,1.306783676147461,0.9857649486010704,54
3CG4A,54,75,1.2913777828216553,1.306783676147461,0.9882108312133008,54
3CG4A,54,76,1.2942379713058472,1.306783676147461,0.9903995549756178,54
3CG4A,54,77,1.2937334775924683,1.306783676147461,0.9900134974187418,54
3CG4A,54,78,1.2915923595428467,1.306783676147461,0.9883750333877754,54
3CG4A,54,79,1.2930854558944702,1.306783676147461,0.9895176068518283,54
3CG4A,54,80,1.2935301065444946,1.306783676147461,0.9898578702467119,54
2RDMA,53,0,0.9676890969276428,1.2458034753799438,0.7767590282508386,53
2RDMA,53,1,0.8209934234619141,1.2458034753799438,0.6590071706225802,54
2RDMA,53,2,0.7119783759117126,1.2458034753799438,0.5715013563391884,51
2RDMA,53,3,0.4950122833251953,1.2458034753799438,0.3973437970818206,56
2RDMA,53,4,0.27065661549568176,1.2458034753799438,0.21725466403369695,56
2RDMA,53,5,-0.07578222453594208,1.2458034753799438,-0.060829999300515754,58
2RDMA,53,6,-0.17212840914726257,1.2458034753799438,-0.1381665828912277,50
2RDMA,53,7,-0.1762409806251526,1.2458034753799438,-0.14146772272520977,47
2RDMA,53,8,-0.17293798923492432,1.2458034753799438,-0.13881642863629182,47
2RDMA,53,9,-0.1664418876171112,1.2458034753799438,-0.1336020414988407,47
2RDMA,53,10,-0.21039645373821259,1.2458034753799438,-0.1688841441657129,47
2RDMA,53,11,-0.25546109676361084,1.2458034753799438,-0.2050572998166509,131
2RDMA,53,12,-0.2648806571960449,1.2458034753799438,-0.2126183322094698,131
2RDMA,53,13,-0.22722844779491425,1.2458034753799438,-0.1823950986535933,52
2RDMA,53,14,-0.24924048781394958,1.2458034753799438,-0.20006404921766371,66
2RDMA,53,15,-0.3107289671897888,1.2458034753799438,-0.24942053327875252,52
2RDMA,53,16,-0.27874264121055603,1.2458034753799438,-0.22374527501261415,52
2RDMA,53,17,-0.25626417994499207,1.2458034753799438,-0.205701930528679,52
2RDMA,53,18,-0.2409653663635254,1.2458034753799438,-0.19342165207079393,46
2RDMA,53,19,0.41302555799484253,1.2458034753799438,0.33153347711514325,53
2RDMA,53,20,0.7466443181037903,1.2458034753799438,0.5993275286666538,53
2RDMA,53,21,0.9943245649337769,1.2458034753799438,0.798139180524062,53
2RDMA,53,22,1.0297552347183228,1.2458034753799438,0.826579195730907,53
2RDMA,53,23,1.0657833814620972,1.2458034753799438,0.8554988025997083,53
2RDMA,53,24,1.1503074169158936,1.2458034753799438,0.9233458082664876,53
2RDMA,53,25,1.1892459392547607,1.2458034753799438,0.9546015585580749,53
2RDMA,53,26,1.1770282983779907,1.2458034753799438,0.944794521478616,53
2RDMA,53,27,1.1910021305084229,1.2458034753799438,0.9560112441853578,53
2RDMA,53,28,1.1533331871032715,1.2458034753799438,0.925774578331088,53
2RDMA,53,29,1.1555005311965942,1.2458034753799438,0.9275142942141744,53
2RDMA,53,30,1.1289856433868408,1.2458034753799438,0.9062309310403264,53
2RDMA,53,31,1.1439180374145508,1.2458034753799438,0.9182170864194129,53
2RDMA,53,32,1.1648805141448975,1.2458034753799438,0.9350435579653793,53
2RDMA,53,33,1.1469330787658691,1.2458034753799438,0.9206372445028528,53
2RDMA,53,34,1.1335530281066895,1.2458034753799438,0.9098971471090009,53
2RDMA,53,35,1.1182951927185059,1.2458034753799438,0.8976497616347148,53
2RDMA,53,36,1.1193996667861938,1.2458034753799438,0.8985363172508413,53
2RDMA,53,37,1.131194829940796,1.2458034753799438,0.9080042336499384,53
2RDMA,53,38,1.1487869024276733,1.2458034753799438,0.9221252991586956,53
2RDMA,53,39,1.130142331123352,1.2458034753799438,0.9071593982981003,53
2RDMA,53,40,1.1284890174865723,1.2458034753799438,0.905832292001278,53
2RDMA,53,41,1.1362919807434082,1.2458034753799438,0.9120956902105792,53
2RDMA,53,42,1.1459598541259766,1.2458034753799438,0.9198560421229223,53
2RDMA,53,43,1.1440082788467407,1.2458034753799438,0.91828952274984,53
2RDMA,53,44,1.1488195657730103,1.2458034753799438,0.9221515178568951,53
2RDMA,53,45,1.1288249492645264,1.2458034753799438,0.906101942700279,53
2RDMA,53,46,1.1401491165161133,1.2458034753799438,0.9151917931264334,53
2RDMA,53,47,1.1316405534744263,1.2458034753799438,0.9083620136228145,53
2RDMA,53,48,1.1441726684570312,1.2458034753799438,0.9184214774389537,53
2RDMA,53,49,1.1357566118240356,1.2458034753799438,0.9116659523506737,53
2RDMA,53,50,1.1362639665603638,1.2458034753799438,0.9120732033708825,53
2RDMA,53,51,1.1258326768875122,1.2458034753799438,0.9037000611546351,53
2RDMA,53,52,1.141770362854004,1.2458034753799438,0.9164931591684539,53
2RDMA,53,53,1.1637245416641235,1.2458034753799438,0.9341156648396827,53
2RDMA,53,54,1.1783978939056396,1.2458034753799438,0.9458938887180846,53
2RDMA,53,55,1.1847212314605713,1.2458034753799438,0.9509695990366829,53
2RDMA,53,56,1.1836137771606445,1.2458034753799438,0.9500806512035674,53
2RDMA,53,57,1.1837505102157593,1.2458034753799438,0.9501904061190232,53
2RDMA,53,58,1.192395567893982,1.2458034753799438,0.9571297491607386,53
2RDMA,53,59,1.2025222778320312,1.2458034753799438,0.9652584068007093,53
2RDMA,53,60,1.2052081823349,1.2458034753799438,0.9674143684398832,53
2RDMA,53,61,1.2052057981491089,1.2458034753799438,0.967412454666292,53
2RDMA,53,62,1.2116453647613525,1.2458034753799438,0.9725814614474616,53
2RDMA,53,63,1.2209781408309937,1.2458034753799438,0.9800728324815605,53
2RDMA,53,64,1.2191513776779175,1.2458034753799438,0.978606499155978,53
2RDMA,53,65,1.224615216255188,1.2458034753799438,0.9829922940949464,53
2RDMA,53,66,1.225705862045288,1.2458034753799438,0.9838677498242439,53
2RDMA,53,67,1.237520694732666,1.2458034753799438,0.9933514548554685,53
2RDMA,53,68,1.2395005226135254,1.2458034753799438,0.9949406524456065,53
2RDMA,53,69,1.2352811098098755,1.2458034753799438,0.9915537516325685,53
2RDMA,53,70,1.2356420755386353,1.2458034753799438,0.9918434969542772,53
2RDMA,53,71,1.2372796535491943,1.2458034753799438,0.9931579723453975,53
2RDMA,53,72,1.2357597351074219,1.2458034753799438,0.9919379416810032,53
2RDMA,53,73,1.239309310913086,1.2458034753799438,0.9947871678035917,53
2RDMA,53,74,1.2404685020446777,1.2458034753799438,0.9957176445236364,53
2RDMA,53,75,1.2411565780639648,1.2458034753799438,0.9962699595820587,53
2RDMA,53,76,1.242908239364624,1.2458034753799438,0.9976760090395181,53
2RDMA,53,77,1.2450391054153442,1.2458034753799438,0.9993864441866591,53
2RDMA,53,78,1.2458031177520752,1.2458034753799438,0.9999997129339613,53
2RDMA,53,79,1.2458031177520752,1.2458034753799438,0.9999997129339613,53
2RDMA,53,80,1.2458034753799438,1.2458034753799438,1.0,53
3H5IA,53,0,0.7771797180175781,1.222467303276062,0.6357468342382917,53
3H5IA,53,1,0.5877282619476318,1.222467303276062,0.4807721731064646,52
3H5IA,53,2,0.42988350987434387,1.222467303276062,0.35165235808132367,51
3H5IA,53,3,0.4337628185749054,1.222467303276062,0.354825701605658,56
3H5IA,53,4,0.16325056552886963,1.222467303276062,0.13354186659338715,56
3H5IA,53,5,0.0030954694375395775,1.222467303276062,0.002532149063818803,48
3H5IA,53,6,-0.04690849781036377,1.222467303276062,-0.038371985643014556,48
3H5IA,53,7,-0.07267646491527557,1.222467303276062,-0.059450641109591716,139
3H5IA,53,8,-0.08461310714483261,1.222467303276062,-0.06921502678892097,139
3H5IA,53,9,-0.12762384116649628,1.222467303276062,-0.1043985723172146,139
3H5IA,53,10,-0.12908361852169037,1.222467303276062,-0.10559269616108517,139
3H5IA,53,11,-0.0780930146574974,1.222467303276062,-0.06388147515129258,139
3H5IA,53,12,-0.08133172988891602,1.222467303276062,-0.06653080182263933,139
3H5IA,53,13,-0.12968455255031586,1.222467303276062,-0.10608427088624556,139
3H5IA,53,14,-0.06541585177183151,1.222467303276062,-0.0535113304024779,139
3H5IA,53,15,0.08289593458175659,1.222467303276062,0.06781034908631559,48
3H5IA,53,16,-0.0025669578462839127,1.222467303276062,-0.0020998171807170476,60
3H5IA,53,17,-0.07115194946527481,1.222467303276062,-0.058203560352572487,60
3H5IA,53,18,-0.0597243532538414,1.222467303276062,-0.048855583371258664,60
3H5IA,53,19,0.8335409760475159,1.222467303276062,0.6818513458918113,53
3H5IA,53,20,1.0036793947219849,1.222467303276062,0.8210275988832155,53
3H5IA,53,21,1.1570549011230469,1.222467303276062,0.9464914914470776,53
3H5IA,53,22,1.1461154222488403,1.222467303276062,0.9375428031305147,53
3H5IA,53,23,1.1667182445526123,1.222467303276062,0.9543962782693254,53
3H5IA,53,24,1.1804956197738647,1.222467303276062,0.9656664162798315,53
3H5IA,53,25,1.1353671550750732,1.222467303276062,0.9287505293862902,53
3H5IA,53,26,1.1539877653121948,1.222467303276062,0.9439825197939034,53
3H5IA,53,27,1.1507197618484497,1.222467303276062,0.9413092348275183,53
3H5IA,53,28,1.1559929847717285,1.222467303276062,0.9456228249817475,53
3H5IA,53,29,1.1479942798614502,1.222467303276062,0.9390797420797814,53
3H5IA,53,30,1.15653395652771,1.222467303276062,0.9460653495012433,53
3H5IA,53,31,1.1696146726608276,1.222467303276062,0.9567656079851005,53
3H5IA,53,32,1.184780240058899,1.222467303276062,0.9691713118901697,53
3H5IA,53,33,1.1870977878570557,1.222467303276062,0.9710671072148757,53
3H5IA,53,34,1.1984152793884277,1.222467303276062,0.9803250166092968,53
3H5IA,53,35,1.1910333633422852,1.222467303276062,0.9742864779699729,53
3H5IA,53,36,1.2119495868682861,1.222467303276062,0.99139632088352,53
3H5IA,53,37,1.2021805047988892,1.222467303276062,0.983405037972953,53
3H5IA,53,38,1.2099993228912354,1.222467303276062,0.9898009702579251,53
3H5IA,53,39,1.2247037887573242,1.222467303276062,1.0018294849075053,53
3H5IA,53,40,1.2183256149291992,1.222467303276062,0.9966120252576379,53
3H5IA,53,41,1.232283115386963,1.222467303276062,1.008029508915777,53
3H5IA,53,42,1.1993355751037598,1.222467303276062,0.9810778348751643,53
3H5IA,53,43,1.1778032779693604,1.222467303276062,0.9634640327908913,53
3H5IA,53,44,1.1707097291946411,1.222467303276062,0.9576613837092273,53
3H5IA,53,45,1.1734373569488525,1.222467303276062,0.9598926317327137,53
3H5IA,53,46,1.164445161819458,1.222467303276062,0.9525368561587604,53
3H5IA,53,47,1.168653130531311,1.222467303276062,0.955979049418716,53
3H5IA,53,48,1.1747310161590576,1.222467303276062,0.9609508679789823,53
3H5IA,53,49,1.1823750734329224,1.222467303276062,0.9672038428056952,53
3H5IA,53,50,1.1906787157058716,1.222467303276062,0.9739963698947195,53
3H5IA,53,51,1.1992264986038208,1.222467303276062,0.9809886083579015,53
3H5IA,53,52,1.2021818161010742,1.222467303276062,0.9834061106414665,53
3H5IA,53,53,1.2090158462524414,1.222467303276062,0.9889964688727687,53
3H5IA,53,54,1.21109139919281,1.222467303276062,0.9906943080990666,53
3H5IA,53,55,1.2135660648345947,1.222467303276062,0.9927186286147588,53
3H5IA,53,56,1.2133162021636963,1.222467303276062,0.9925142365052694,53
3H5IA,53,57,1.2148232460021973,1.222467303276062,0.9937470251732872,53
3H5IA,53,58,1.216066837310791,1.222467303276062,0.9947643049854025,53
3H5IA,53,59,1.2113566398620605,1.222467303276062,0.9909112796847602,53
3H5IA,53,60,1.2134073972702026,1.222467303276062,0.9925888357246202,53
3H5IA,53,61,1.2143903970718384,1.222467303276062,0.9933929470484989,53
3H5IA,53,62,1.2112892866134644,1.222467303276062,0.990856183529292,53
3H5IA,53,63,1.2117351293563843,1.222467303276062,0.9912208908238962,53
3H5IA,53,64,1.2129932641983032,1.222467303276062,0.9922500675049799,53
3H5IA,53,65,1.2160712480545044,1.222467303276062,0.9947679130522207,53
3H5IA,53,66,1.2157373428344727,1.222467303276062,0.9944947726425453,53
3H5IA,53,67,1.2173632383346558,1.222467303276062,0.9958247840840176,53
3H5IA,53,68,1.2218754291534424,1.222467303276062,0.999515836439115,53
3H5IA,53,69,1.2260018587112427,1.222467303276062,1.0028913292205923,53
3H5IA,53,70,1.2232980728149414,1.222467303276062,1.0006795842609884,53
3H5IA,53,71,1.2247992753982544,1.222467303276062,1.0019075946783549,53
3H5IA,53,72,1.224590539932251,1.222467303276062,1.001736845354063,53
3H5IA,53,73,1.2218132019042969,1.222467303276062,0.9994649334423814,53
3H5IA,53,74,1.2230710983276367,1.222467303276062,1.0004939150928263,53
3H5IA,53,75,1.2222110033035278,1.222467303276062,0.9997903420632623,53
3H5IA,53,76,1.2236157655715942,1.222467303276062,1.0009394625872239,53
3H5IA,53,77,1.2217763662338257,1.222467303276062,0.9994348012086829,53
3H5IA,53,78,1.2225199937820435,1.222467303276062,1.0000431017711804,53
3H5IA,53,79,1.2215042114257812,1.222467303276062,0.9992121737344632,53
3H5IA,53,80,1.2192898988723755,1.222467303276062,0.9974008266763688,53
2QR3A,50,0,1.017495036125183,1.2316162586212158,0.8261461546994031,50
2QR3A,50,1,0.6191045045852661,1.2316162586212158,0.5026764629417514,50
2QR3A,50,2,0.23542937636375427,1.2316162586212158,0.19115481361647135,48
2QR3A,50,3,0.27257052063941956,1.2316162586212158,0.22131123938276034,53
2QR3A,50,4,0.1341332197189331,1.2316162586212158,0.10890828923377005,53
2QR3A,50,5,0.05658785253763199,1.2316162586212158,0.04594600967754487,53
2QR3A,50,6,0.03413227200508118,1.2316162586212158,0.027713398362645823,139
2QR3A,50,7,-0.031353335827589035,1.2316162586212158,-0.0254570655495315,43
2QR3A,50,8,-0.13495180010795593,1.2316162586212158,-0.10957292838845223,139
2QR3A,50,9,-0.16175730526447296,1.2316162586212158,-0.13133742278261162,139
2QR3A,50,10,-0.21585360169410706,1.2316162586212158,-0.17526043536949842,139
2QR3A,50,11,-0.25193971395492554,1.2316162586212158,-0.2045602371610212,139
2QR3A,50,12,-0.25852638483047485,1.2316162586212158,-0.20990822670682588,139
2QR3A,50,13,-0.23166964948177338,1.2316162586212158,-0.1881021364082394,139
2QR3A,50,14,-0.16976860165596008,1.2316162586212158,-0.1378421244990827,139
2QR3A,50,15,-0.32617679238319397,1.2316162586212158,-0.26483638073140264,63
2QR3A,50,16,-0.27927884459495544,1.2316162586212158,-0.22675800407799568,137
2QR3A,50,17,-0.2824224531650543,1.2316162586212158,-0.2293104294362141,137
2QR3A,50,18,-0.30891484022140503,1.2316162586212158,-0.2508206903400517,137
2QR3A,50,19,-0.3415686786174774,1.2316162586212158,-0.2773336875236291,45
2QR3A,50,20,-0.363582044839859,1.2316162586212158,-0.2952072468147555,67
2QR3A,50,21,-0.37847328186035156,1.2316162586212158,-0.3072980558766326,67
2QR3A,50,22,-0.3736896216869354,1.2316162586212158,-0.30341400502886984,137
2QR3A,50,23,-0.37534064054489136,1.2316162586212158,-0.3047545352844579,137
2QR3A,50,24,-0.3387121856212616,1.2316162586212158,-0.2750143831329793,137
2QR3A,50,25,-0.13304086029529572,1.2316162586212158,-0.1080213575974012,137
2QR3A,50,26,0.5286799073219299,1.2316162586212158,0.4292570056794985,50
2QR3A,50,27,1.07172429561615,1.2316162586212158,0.8701771254757033,50
2QR3A,50,28,1.0946346521377563,1.2316162586212158,0.8887789881591778,50
2QR3A,50,29,1.1539160013198853,1.2316162586212158,0.9369119587717075,50
2QR3A,50,30,1.1691588163375854,1.2316162586212158,0.949288228499394,50
2QR3A,50,31,1.1858546733856201,1.2316162586212158,0.9628442829369389,50
2QR3A,50,32,1.1878761053085327,1.2316162586212158,0.9644855668261072,50
2QR3A,50,33,1.212348461151123,1.2316162586212158,0.9843556811342659,50
2QR3A,50,34,1.2535111904144287,1.2316162586212158,1.0177773974969477,50
2QR3A,50,35,1.2073882818222046,1.2316162586212158,0.98032830710912,50
2QR3A,50,36,1.2328262329101562,1.2316162586212158,1.0009824279928676,50
2QR3A,50,37,1.2440978288650513,1.2316162586212158,1.0101343012943078,50
2QR3A,50,38,1.232894778251648,1.2316162586212158,1.0010380827806409,50
2QR3A,50,39,1.2235606908798218,1.2316162586212158,0.9934593525499475,50
2QR3A,50,40,1.2224178314208984,1.2316162586212158,0.9925314178536301,50
2QR3A,50,41,1.2252694368362427,1.2316162586212158,0.9948467538159342,50
2QR3A,50,42,1.2346936464309692,1.2316162586212158,1.0024986579936825,50
2QR3A,50,43,1.2149677276611328,1.2316162586212158,0.9864823715637524,50
2QR3A,50,44,1.232054352760315,1.2316162586212158,1.0003557066870727,50
2QR3A,50,45,1.2426507472991943,1.2316162586212158,1.008959356131212,50
2QR3A,50,46,1.2413431406021118,1.2316162586212158,1.0078976563623683,50
2QR3A,50,47,1.2480360269546509,1.2316162586212158,1.0133318866314878,50
2QR3A,50,48,1.2439374923706055,1.2316162586212158,1.0100041174863859,50
2QR3A,50,49,1.229553461074829,1.2316162586212158,0.9983251296562973,50
2QR3A,50,50,1.2334849834442139,1.2316162586212158,1.0015172947011028,50
2QR3A,50,51,1.2408115863800049,1.2316162586212158,1.0074660655820533,50
2QR3A,50,52,1.2459068298339844,1.2316162586212158,1.0116031037368463,50
2QR3A,50,53,1.2434816360473633,1.2316162586212158,1.0096339889499597,50
2QR3A,50,54,1.2424721717834473,1.2316162586212158,1.0088143633101958,50
2QR3A,50,55,1.256032943725586,1.2316162586212158,1.0198249129413932,50
2QR3A,50,56,1.252180814743042,1.2316162586212158,1.0166972106594696,50
2QR3A,50,57,1.2439996004104614,1.2316162586212158,1.0100545455636551,50
2QR3A,50,58,1.243473768234253,1.2316162586212158,1.0096276007482325,50
2QR3A,50,59,1.243008017539978,1.2316162586212158,1.0092494385641801,50
2QR3A,50,60,1.2404597997665405,1.2316162586212158,1.0071804355321072,50
2QR3A,50,61,1.2448214292526245,1.2316162586212158,1.0107218222713232,50
2QR3A,50,62,1.2486661672592163,1.2316162586212158,1.013843523515261,50
2QR3A,50,63,1.250978708267212,1.2316162586212158,1.015721170868329,50
2QR3A,50,64,1.2463183403015137,1.2316162586212158,1.0119372260453565,50
2QR3A,50,65,1.2444900274276733,1.2316162586212158,1.0104527434713062,50
2QR3A,50,66,1.242101788520813,1.2316162586212158,1.0085136338743494,50
2QR3A,50,67,1.2424067258834839,1.2316162586212158,1.0087612250867393,50
2QR3A,50,68,1.2421200275421143,1.2316162586212158,1.008528442887444,50
2QR3A,50,69,1.2412537336349487,1.2316162586212158,1.007825063160925,50
2QR3A,50,70,1.244608998298645,1.2316162586212158,1.0105493408246937,50
2QR3A,50,71,1.2465548515319824,1.2316162586212158,1.0121292592609084,50
2QR3A,50,72,1.2476645708084106,1.2316162586212158,1.013030286077224,50
2QR3A,50,73,1.2477664947509766,1.2316162586212158,1.0131130423268695,50
2QR3A,50,74,1.2462574243545532,1.2316162586212158,1.01188776587744,50
2QR3A,50,75,1.2469898462295532,1.2316162586212158,1.0124824493836644,50
2QR3A,50,76,1.246507167816162,1.2316162586212158,1.0120905428868052,50
2QR3A,50,77,1.2459800243377686,1.2316162586212158,1.0116625333710947,50
2QR3A,50,78,1.2477874755859375,1.2316162586212158,1.0131300775314749,50
2QR3A,50,79,1.2480223178863525,1.2316162586212158,1.013320755673933,50
2QR3A,50,80,1.2468326091766357,1.2316162586212158,1.0123547821400591,50
3RQIA,54,0,0.8484418392181396,1.2816317081451416,0.662001286193253,54
3RQIA,54,1,0.7006911039352417,1.2816317081451416,0.5467179841776278,54
3RQIA,54,2,0.6505186557769775,1.2816317081451416,0.5075706629624896,52
3RQIA,54,3,0.5639106035232544,1.2816317081451416,0.4399942666363814,57
3RQIA,54,4,0.4549458920955658,1.2816317081451416,0.3549739673295008,50
3RQIA,54,5,0.3365010619163513,1.2816317081451416,0.26255675462598915,50
3RQIA,54,6,0.2756175696849823,1.2816317081451416,0.21505208394373565,50
3RQIA,54,7,0.30533427000045776,1.2816317081451416,0.2382386984185627,54
3RQIA,54,8,0.21121007204055786,1.2816317081451416,0.16479778917629498,54
3RQIA,54,9,0.12789180874824524,1.2816317081451416,0.09978826829537352,183
3RQIA,54,10,0.07402314245700836,1.2816317081451416,0.057756953098592835,183
3RQIA,54,11,0.01468848530203104,1.2816317081451416,0.0114607692745751,183
3RQIA,54,12,-0.05401153117418289,1.2816317081451416,-0.04214278628635975,183
3RQIA,54,13,-0.0693332701921463,1.2816317081451416,-0.05409765516217587,183
3RQIA,54,14,-0.11933241039514542,1.2816317081451416,-0.09310975191761667,183
3RQIA,54,15,-0.20076747238636017,1.2816317081451416,-0.15664989490383593,183
3RQIA,54,16,-0.2638930082321167,1.2816317081451416,-0.20590393211637947,183
3RQIA,54,17,-0.25792819261550903,1.2816317081451416,-0.20124985280584157,183
3RQIA,54,18,-0.22311441600322723,1.2816317081451416,-0.17408621726918141,183
3RQIA,54,19,-0.2124532163143158,1.2816317081451416,-0.1657677591496168,183
3RQIA,54,20,-0.10105796158313751,1.2816317081451416,-0.07885101542111109,38
3RQIA,54,21,-0.2833346128463745,1.2816317081451416,-0.22107334817459712,56
3RQIA,54,22,-0.2175203412771225,1.2816317081451416,-0.16972141052278714,38
3RQIA,54,23,-0.3470221161842346,1.2816317081451416,-0.27076586353069165,38
3RQIA,54,24,-0.24955058097839355,1.2816317081451416,-0.19471317648621453,38
3RQIA,54,25,0.05724247545003891,1.2816317081451416,0.04466374785068625,38
3RQIA,54,26,0.5837591290473938,1.2816317081451416,0.4554811849125104,54
3RQIA,54,27,1.004805088043213,1.2816317081451416,0.7840045479972014,54
3RQIA,54,28,0.8875928521156311,1.2816317081451416,0.6925490735557811,54
3RQIA,54,29,0.9017055630683899,1.2816317081451416,0.7035605918126004,54
3RQIA,54,30,0.9066607356071472,1.2816317081451416,0.7074268917076997,54
3RQIA,54,31,0.9511787295341492,1.2816317081451416,0.7421622947443732,54
3RQIA,54,32,0.9653248190879822,1.2816317081451416,0.7531998568333341,54
3RQIA,54,33,0.9752197861671448,1.2816317081451416,0.7609204578580101,54
3RQIA,54,34,0.9884997606277466,1.2816317081451416,0.771282229009741,54
3RQIA,54,35,1.0259555578231812,1.2816317081451416,0.8005073152473802,54
3RQIA,54,36,1.0296008586883545,1.2816317081451416,0.8033515807582959,54
3RQIA,54,37,1.04727041721344,1.2816317081451416,0.817138348370856,54
3RQIA,54,38,1.0723601579666138,1.2816317081451416,0.8367147528821686,54
3RQIA,54,39,1.0769402980804443,1.2816317081451416,0.8402884317204202,54
3RQIA,54,40,1.0798450708389282,1.2816317081451416,0.8425548962125385,54
3RQIA,54,41,1.089675784111023,1.2816317081451416,0.850225362860342,54
3RQIA,54,42,1.1091922521591187,1.2816317081451416,0.8654531915135056,54
3RQIA,54,43,1.115677833557129,1.2816317081451416,0.8705136011122948,54
3RQIA,54,44,1.125614881515503,1.2816317081451416,0.8782670359682064,54
3RQIA,54,45,1.100207805633545,1.2816317081451416,0.8584430290241767,54
3RQIA,54,46,1.1199344396591187,1.2816317081451416,0.8738348408061459,54
3RQIA,54,47,1.148409128189087,1.2816317081451416,0.8960523689376703,54
3RQIA,54,48,1.1591814756393433,1.2816317081451416,0.9044575506929241,54
3RQIA,54,49,1.1532585620880127,1.2816317081451416,0.8998361656930924,54
3RQIA,54,50,1.1685805320739746,1.2816317081451416,0.9117912147829256,54
3RQIA,54,51,1.181719183921814,1.2816317081451416,0.9220427182096428,54
3RQIA,54,52,1.1767820119857788,1.2816317081451416,0.9181904633811628,54
3RQIA,54,53,1.1912860870361328,1.2816317081451416,0.9295073455698418,54
3RQIA,54,54,1.203446388244629,1.2816317081451416,0.938995485673753,54
3RQIA,54,55,1.204370379447937,1.2816317081451416,0.9397164347556428,54
3RQIA,54,56,1.2146443128585815,1.2816317081451416,0.9477327262888116,54
3RQIA,54,57,1.207411527633667,1.2816317081451416,0.9420893069047965,54
3RQIA,54,58,1.2096104621887207,1.2816317081451416,0.9438050373608073,54
3RQIA,54,59,1.2106599807739258,1.2816317081451416,0.9446239298542867,54
3RQIA,54,60,1.20902419090271,1.2816317081451416,0.9433475960519783,54
3RQIA,54,61,1.2044984102249146,1.2816317081451416,0.9398163314546429,54
3RQIA,54,62,1.2033861875534058,1.2816317081451416,0.938948513762212,54
3RQIA,54,63,1.2048028707504272,1.2816317081451416,0.9400538884092483,54
3RQIA,54,64,1.2099196910858154,1.2816317081451416,0.9440463148628615,54
3RQIA,54,65,1.2108678817749023,1.2816317081451416,0.944786145723054,54
3RQIA,54,66,1.2119876146316528,1.2816317081451416,0.9456598232777167,54
3RQIA,54,67,1.206447958946228,1.2816317081451416,0.9413374772790818,54
3RQIA,54,68,1.2048044204711914,1.2816317081451416,0.9400550975871692,54
3RQIA,54,69,1.2042917013168335,1.2816317081451416,0.9396550457227377,54
3RQIA,54,70,1.205764651298523,1.2816317081451416,0.9408043228296697,54
3RQIA,54,71,1.207302212715149,1.2816317081451416,0.942004013354533,54
3RQIA,54,72,1.2100836038589478,1.2816317081451416,0.9441742086814138,54
3RQIA,54,73,1.2098881006240845,1.2816317081451416,0.9440216662360132,54
3RQIA,54,74,1.211974024772644,1.2816317081451416,0.9456492197174877,54
3RQIA,54,75,1.2113301753997803,1.2816317081451416,0.9451468527982144,54
3RQIA,54,76,1.2112571001052856,1.2816317081451416,0.9450898354085617,54
3RQIA,54,77,1.2105158567428589,1.2816317081451416,0.9445114763076469,54
3RQIA,54,78,1.212700366973877,1.2816317081451416,0.946215952107625,54
3RQIA,54,79,1.215245246887207,1.2816317081451416,0.9482016082810457,54
3RQIA,54,80,1.2074851989746094,1.2816317081451416,0.9421467893628804,54
2OB0A,111,0,0.8995367288589478,1.5855356454849243,0.567339328775438,111
2OB0A,111,1,0.7655072212219238,1.5855356454849243,0.4828066927425016,111
2OB0A,111,2,0.584170401096344,1.5855356454849243,0.3684372551067307,109
2OB0A,111,3,0.34121039509773254,1.5855356454849243,0.21520197043149786,114
2OB0A,111,4,0.1553361862897873,1.5855356454849243,0.0979707941175166,107
2OB0A,111,5,0.15763601660728455,1.5855356454849243,0.09942130096928394,107
2OB0A,111,6,0.21335747838020325,1.5855356454849243,0.1345649206864406,106
2OB0A,111,7,0.0661739706993103,1.5855356454849243,0.04173603468818356,104
2OB0A,111,8,0.056253932416439056,1.5855356454849243,0.03547944984815161,113
2OB0A,111,9,0.008708116598427296,1.5855356454849243,0.0054922237940377445,169
2OB0A,111,10,0.0008558016270399094,1.5855356454849243,0.0005397555264537549,169
2OB0A,111,11,-0.02125762589275837,1.5855356454849243,-0.013407220426291257,100
2OB0A,111,12,-0.036425571888685226,1.5855356454849243,-0.02297366949296478,100
2OB0A,111,13,-0.07073307037353516,1.5855356454849243,-0.04461146652549837,100
2OB0A,111,14,-0.11186719685792923,1.5855356454849243,-0.07055482932628454,100
2OB0A,111,15,-0.08831800520420074,1.5855356454849243,-0.055702314517936516,100
2OB0A,111,16,-0.07161020487546921,1.5855356454849243,-0.045164676732050234,100
2OB0A,111,17,-0.06782042980194092,1.5855356454849243,-0.04277445921513707,100
2OB0A,111,18,-0.019015885889530182,1.5855356454849243,-0.011993351233497065,100
2OB0A,111,19,0.3041352331638336,1.5855356454849243,0.1918186034037829,111
2OB0A,111,20,1.2145717144012451,1.5855356454849243,0.7660324243481624,111
2OB0A,111,21,1.2145501375198364,1.5855356454849243,0.7660188157727449,111
2OB0A,111,22,1.3304328918457031,1.5855356454849243,0.8391062639520792,111
2OB0A,111,23,1.5222042798995972,1.5855356454849243,0.9600568011411956,111
2OB0A,111,24,1.4975955486297607,1.5855356454849243,0.9445360329138057,111
2OB0A,111,25,1.5797531604766846,1.5855356454849243,0.9963529769736137,111
2OB0A,111,26,1.5942288637161255,1.5855356454849243,1.0054828273687548,111
2OB0A,111,27,1.6169939041137695,1.5855356454849243,1.0198407766601953,111
2OB0A,111,28,1.6185497045516968,1.5855356454849243,1.0208220226147457,111
2OB0A,111,29,1.6166733503341675,1.5855356454849243,1.0196386028519213,111
2OB0A,111,30,1.623161792755127,1.5855356454849243,1.0237308744066078,111
2OB0A,111,31,1.6215873956680298,1.5855356454849243,1.0227378995141287,111
2OB0A,111,32,1.6238954067230225,1.5855356454849243,1.0241935659708024,111
2OB0A,111,33,1.641294002532959,1.5855356454849243,1.0351668896292656,111
2OB0A,111,34,1.6503329277038574,1.5855356454849243,1.0408677549466985,111
2OB0A,111,35,1.6438268423080444,1.5855356454849243,1.0367643559380793,111
2OB0A,111,36,1.6367822885513306,1.5855356454849243,1.0323213440280194,111
2OB0A,111,37,1.6474312543869019,1.5855356454849243,1.0390376647022952,111
2OB0A,111,38,1.6957666873931885,1.5855356454849243,1.069522903645948,111
2OB0A,111,39,1.696041226387024,1.5855356454849243,1.069696055851398,111
2OB0A,111,40,1.6907603740692139,1.5855356454849243,1.0663654134070932,111
2OB0A,111,41,1.6691714525222778,1.5855356454849243,1.052749244254155,111
2OB0A,111,42,1.663465976715088,1.5855356454849243,1.0491507910604743,111
2OB0A,111,43,1.6483068466186523,1.5855356454849243,1.0395899021964465,111
2OB0A,111,44,1.6440320014953613,1.5855356454849243,1.0368937501827948,111
2OB0A,111,45,1.6530919075012207,1.5855356454849243,1.0426078481481473,111
2OB0A,111,46,1.6484979391098022,1.5855356454849243,1.0397104245522157,111
2OB0A,111,47,1.6513245105743408,1.5855356454849243,1.0414931479319063,111
2OB0A,111,48,1.6365220546722412,1.5855356454849243,1.0321572140825148,111
2OB0A,111,49,1.6296197175979614,1.5855356454849243,1.027803898473411,111
2OB0A,111,50,1.6279500722885132,1.5855356454849243,1.0267508503667961,111
2OB0A,111,51,1.628809928894043,1.5855356454849243,1.027293163375008,111
2OB0A,111,52,1.634857416152954,1.5855356454849243,1.0311073237668806,111
2OB0A,111,53,1.6332144737243652,1.5855356454849243,1.0300711172121637,111
2OB0A,111,54,1.6325889825820923,1.5855356454849243,1.0296766188960558,111
2OB0A,111,55,1.6274337768554688,1.5855356454849243,1.0264252219682706,111
2OB0A,111,56,1.6231812238693237,1.5855356454849243,1.0237431296430335,111
2OB0A,111,57,1.611128330230713,1.5855356454849243,1.0161413493406268,111
2OB0A,111,58,1.6301519870758057,1.5855356454849243,1.0281396017288755,111
2OB0A,111,59,1.6301079988479614,1.5855356454849243,1.0281118582795437,111
2OB0A,111,60,1.6230837106704712,1.5855356454849243,1.0236816279044065,111
2OB0A,111,61,1.615441083908081,1.5855356454849243,1.018861410343134,111
2OB0A,111,62,1.607309103012085,1.5855356454849243,1.0137325563062327,111
2OB0A,111,63,1.5998058319091797,1.5855356454849243,1.0090002305939272,111
2OB0A,111,64,1.598396897315979,1.5855356454849243,1.0081116131748151,111
2OB0A,111,65,1.597700595855713,1.5855356454849243,1.007672454671978,111
2OB0A,111,66,1.593825340270996,1.5855356454849243,1.005228324452798,111
2OB0A,111,67,1.5864615440368652,1.5855356454849243,1.0005839657749591,111
2OB0A,111,68,1.5791637897491455,1.5855356454849243,0.9959812598638677,111
2OB0A,111,69,1.5845845937728882,1.5855356454849243,0.9994001700846371,111
2OB0A,111,70,1.5738980770111084,1.5855356454849243,0.9926601659780051,111
2OB0A,111,71,1.5715147256851196,1.5855356454849243,0.9911569822856197,111
2OB0A,111,72,1.5817924737930298,1.5855356454849243,0.9976391753143149,111
2OB0A,111,73,1.575248122215271,1.5855356454849243,0.9935116417603421,111
2OB0A,111,74,1.5745186805725098,1.5855356454849243,0.9930515816886317,111
2OB0A,111,75,1.5654336214065552,1.5855356454849243,0.9873216195828753,111
2OB0A,111,76,1.5627473592758179,1.5855356454849243,0.9856273895361484,111
2OB0A,111,77,1.5685285329818726,1.5855356454849243,0.9892735855220396,111
2OB0A,111,78,1.5673214197158813,1.5855356454849243,0.988512257153656,111
2OB0A,111,79,1.5676233768463135,1.5855356454849243,0.9887027020240011,111
2OB0A,111,80,1.5657151937484741,1.5855356454849243,0.9874992077327985,111
3TCVA,165,0,0.8716540932655334,1.5736669301986694,0.55389998769021,165
3TCVA,165,1,0.7599142789840698,1.5736669301986694,0.4828939748312138,164
3TCVA,165,2,0.7156393527984619,1.5736669301986694,0.4547590974083157,164
3TCVA,165,3,0.5793406367301941,1.5736669301986694,0.3681469220790288,162
3TCVA,165,4,0.5215967297554016,1.5736669301986694,0.331453066558088,167
3TCVA,165,5,0.4438612461090088,1.5736669301986694,0.2820553940553183,167
3TCVA,165,6,0.359220951795578,1.5736669301986694,0.22827000104159761,162
3TCVA,165,7,0.3071146309375763,1.5736669301986694,0.19515859744145747,161
3TCVA,165,8,0.25681471824645996,1.5736669301986694,0.16319509123448256,161
3TCVA,165,9,0.17102164030075073,1.5736669301986694,0.10867715208272179,161
3TCVA,165,10,0.13536015152931213,1.5736669301986694,0.08601575653129054,175
3TCVA,165,11,0.09793350100517273,1.5736669301986694,0.062232673970475445,175
3TCVA,165,12,0.14312389492988586,1.5736669301986694,0.09094929313397786,245
3TCVA,165,13,0.16944225132465363,1.5736669301986694,0.10767351596011628,245
3TCVA,165,14,0.18087784945964813,1.5736669301986694,0.11494036380164194,245
3TCVA,165,15,0.15583834052085876,1.5736669301986694,0.09902879543969623,245
3TCVA,165,16,0.14182722568511963,1.5736669301986694,0.09012531366292008,245
3TCVA,165,17,0.10364724695682526,1.5736669301986694,0.0658635223043927,245
3TCVA,165,18,0.06892528384923935,1.5736669301986694,0.04379915630592669,245
3TCVA,165,19,-0.009291903115808964,1.5736669301986694,-0.005904618656907213,148
3TCVA,165,20,-0.046434298157691956,1.5736669301986694,-0.029507068660221385,148
3TCVA,165,21,-0.09744800627231598,1.5736669301986694,-0.06192416222409499,148
3TCVA,165,22,-0.15703772008419037,1.5736669301986694,-0.09979095135739108,148
3TCVA,165,23,-0.20582295954227448,1.5736669301986694,-0.13079194560966603,144
3TCVA,165,24,-0.2537832260131836,1.5736669301986694,-0.16126870377910554,150
3TCVA,165,25,-0.28922173380851746,1.5736669301986694,-0.18378840417775336,150
3TCVA,165,26,-0.31434717774391174,1.5736669301986694,-0.1997545806622667,150
3TCVA,165,27,-0.3193562924861908,1.5736669301986694,-0.20293766511689565,150
3TCVA,165,28,-0.32192856073379517,1.5736669301986694,-0.204572234795042,150
3TCVA,165,29,-0.3549485206604004,1.5736669301986694,-0.2255550484342894,150
3TCVA,165,30,-0.13292664289474487,1.5736669301986694,-0.0844693628263278,167
3TCVA,165,31,0.6587141752243042,1.5736669301986694,0.41858551043017983,165
3TCVA,165,32,1.0269112586975098,1.5736669301986694,0.6525594704896456,165
3TCVA,165,33,1.2510671615600586,1.5736669301986694,0.7950012404480764,165
3TCVA,165,34,1.4819291830062866,1.5736669301986694,0.9417044703476095,165
3TCVA,165,35,1.5722986459732056,1.5736669301986694,0.9991305121819576,165
3TCVA,165,36,1.6619092226028442,1.5736669301986694,1.0560743132557502,165
3TCVA,165,37,1.6794153451919556,1.5736669301986694,1.067198727357088,165
3TCVA,165,38,1.7167540788650513,1.5736669301986694,1.0909259424091207,165
3TCVA,165,39,1.7092770338058472,1.5736669301986694,1.0861745906994802,165
3TCVA,165,40,1.7144914865493774,1.5736669301986694,1.089488158928859,165
3TCVA,165,41,1.7217680215835571,1.5736669301986694,1.094112094842198,165
3TCVA,165,42,1.7367024421691895,1.5736669301986694,1.1036022990900225,165
3TCVA,165,43,1.7201987504959106,1.5736669301986694,1.0931148882176371,165
3TCVA,165,44,1.705012321472168,1.5736669301986694,1.0834645430700616,165
3TCVA,165,45,1.7277661561965942,1.5736669301986694,1.0979236603634228,165
3TCVA,165,46,1.721858263015747,1.5736669301986694,1.094169439525789,165
3TCVA,165,47,1.7342294454574585,1.5736669301986694,1.102030812351454,165
3TCVA,165,48,1.7343262434005737,1.5736669301986694,1.1020923234255304,165
3TCVA,165,49,1.7155145406723022,1.5736669301986694,1.0901382673497022,165
3TCVA,165,50,1.7030937671661377,1.5736669301986694,1.082245381461456,165
3TCVA,165,51,1.6989144086837769,1.5736669301986694,1.079589572660903,165
3TCVA,165,52,1.6848254203796387,1.5736669301986694,1.0706366055280427,165
3TCVA,165,53,1.6827999353408813,1.5736669301986694,1.0693494938782466,165
3TCVA,165,54,1.6914602518081665,1.5736669301986694,1.0748527654416848,165
3TCVA,165,55,1.670593500137329,1.5736669301986694,1.0615928110825987,165
3TCVA,165,56,1.6621263027191162,1.5736669301986694,1.0562122586570966,165
3TCVA,165,57,1.667796015739441,1.5736669301986694,1.0598151258912762,165
3TCVA,165,58,1.6651825904846191,1.5736669301986694,1.0581544026437641,165
3TCVA,165,59,1.6597857475280762,1.5736669301986694,1.0547249330063349,165
3TCVA,165,60,1.6411099433898926,1.5736669301986694,1.0428572348423872,165
3TCVA,165,61,1.6499080657958984,1.5736669301986694,1.0484480763585746,165
3TCVA,165,62,1.644487738609314,1.5736669301986694,1.045003683467952,165
3TCVA,165,63,1.6493990421295166,1.5736669301986694,1.048124612951793,165
3TCVA,165,64,1.6403478384017944,1.5736669301986694,1.0423729487628661,165
3TCVA,165,65,1.636235237121582,1.5736669301986694,1.0397595613927106,165
3TCVA,165,66,1.6319705247879028,1.5736669301986694,1.0370495137632922,165
3TCVA,165,67,1.6236565113067627,1.5736669301986694,1.0317663033700417,165
3TCVA,165,68,1.6220442056655884,1.5736669301986694,1.0307417500733853,165
3TCVA,165,69,1.6016978025436401,1.5736669301986694,1.0178124556137378,165
3TCVA,165,70,1.587020993232727,1.5736669301986694,1.0084859526357155,165
3TCVA,165,71,1.5818500518798828,1.5736669301986694,1.0052000340886493,165
3TCVA,165,72,1.5764023065567017,1.5736669301986694,1.0017382181105419,165
3TCVA,165,73,1.5740176439285278,1.5736669301986694,1.000222864014696,165
3TCVA,165,74,1.5690526962280273,1.5736669301986694,0.9970678458814283,165
3TCVA,165,75,1.5665783882141113,1.5736669301986694,0.9954955258647628,165
3TCVA,165,76,1.5638624429702759,1.5736669301986694,0.9937696554205687,165
3TCVA,165,77,1.563639521598816,1.5736669301986694,0.9936279981440624,165
3TCVA,165,78,1.5611406564712524,1.5736669301986694,0.9920400731012149,165
3TCVA,165,79,1.5608285665512085,1.5736669301986694,0.991841752914106,165
3TCVA,165,80,1.5515779256820679,1.5736669301986694,0.9859633547018664,165
5ICVA,132,0,0.9163087606430054,1.464584231376648,0.625644289356928,132
5ICVA,132,1,0.7747344374656677,1.464584231376648,0.5289790924059381,132
5ICVA,132,2,0.5696017146110535,1.464584231376648,0.3889170062111427,130
5ICVA,132,3,0.331013560295105,1.464584231376648,0.2260119651731919,130
5ICVA,132,4,0.1125822514295578,1.464584231376648,0.07686976891983549,128
5ICVA,132,5,0.214443176984787,1.464584231376648,0.1464191491282269,127
5ICVA,132,6,0.2716594636440277,1.464584231376648,0.18548572203913405,127
5ICVA,132,7,0.11991780996322632,1.464584231376648,0.08187839756441224,127
5ICVA,132,8,0.11002162843942642,1.464584231376648,0.07512140721057108,127
5ICVA,132,9,0.13204020261764526,1.464584231376648,0.09015541734566744,127
5ICVA,132,10,0.10953877866268158,1.464584231376648,0.07479172335463403,127
5ICVA,132,11,0.1099531501531601,1.464584231376648,0.07507465108361076,127
5ICVA,132,12,0.06682121008634567,1.464584231376648,0.04562469583844729,127
5ICVA,132,13,0.006350071169435978,1.464584231376648,0.004335750060252374,127
5ICVA,132,14,-0.0635695606470108,1.464584231376648,-0.04340450981590733,127
5ICVA,132,15,-0.05283227562904358,1.464584231376648,-0.036073224398560845,127
5ICVA,132,16,-0.11307254433631897,1.464584231376648,-0.07720453485289508,127
5ICVA,132,17,-0.12354957312345505,1.464584231376648,-0.08435812053453806,127
5ICVA,132,18,-0.13550983369350433,1.464584231376648,-0.0925244385337474,127
5ICVA,132,19,-0.10441450774669647,1.464584231376648,-0.07129293454740476,127
5ICVA,132,20,-0.08196906745433807,1.464584231376648,-0.05596746550882265,127
5ICVA,132,21,-0.38166069984436035,1.464584231376648,-0.26059320568105204,179
5ICVA,132,22,-0.40223613381385803,1.464584231376648,-0.2746418575296095,179
5ICVA,132,23,-0.41145408153533936,1.464584231376648,-0.28093575823125566,44
5ICVA,132,24,-0.4075351059436798,1.464584231376648,-0.2782599301650366,45
5ICVA,132,25,0.9684558510780334,1.464584231376648,0.6612496777790141,132
5ICVA,132,26,1.1167614459991455,1.464584231376648,0.7625109038279324,132
5ICVA,132,27,1.1443079710006714,1.464584231376648,0.7813193304184831,132
5ICVA,132,28,1.1903401613235474,1.464584231376648,0.8127495406697622,132
5ICVA,132,29,1.2334612607955933,1.464584231376648,0.8421920940908884,132
5ICVA,132,30,1.2959482669830322,1.464584231376648,0.8848574491102468,132
5ICVA,132,31,1.3240242004394531,1.464584231376648,0.9040273492463631,132
5ICVA,132,32,1.350648283958435,1.464584231376648,0.9222059442008891,132
5ICVA,132,33,1.389525055885315,1.464584231376648,0.9487505232657185,132
5ICVA,132,34,1.4225246906280518,1.464584231376648,0.9712822657464624,132
5ICVA,132,35,1.4274393320083618,1.464584231376648,0.9746379220993172,132
5ICVA,132,36,1.4854083061218262,1.464584231376648,1.014218420695138,132
5ICVA,132,37,1.4987685680389404,1.464584231376648,1.0233406422996651,132
5ICVA,132,38,1.5119457244873047,1.464584231376648,1.0323378417546794,132
5ICVA,132,39,1.5292104482650757,1.464584231376648,1.044125981629395,132
5ICVA,132,40,1.552794337272644,1.464584231376648,1.060228769371006,132
5ICVA,132,41,1.560496211051941,1.464584231376648,1.0654875135349093,132
5ICVA,132,42,1.5786257982254028,1.464584231376648,1.077866171440041,132
5ICVA,132,43,1.567384958267212,1.464584231376648,1.0701910649372044,132
5ICVA,132,44,1.5742708444595337,1.464584231376648,1.0748926628684135,132
5ICVA,132,45,1.558917760848999,1.464584231376648,1.0644097672577573,132
5ICVA,132,46,1.5546072721481323,1.464584231376648,1.0614666188825934,132
5ICVA,132,47,1.559557318687439,1.464584231376648,1.0648464494401393,132
5ICVA,132,48,1.5502854585647583,1.464584231376648,1.0585157380177135,132
5ICVA,132,49,1.5426303148269653,1.464584231376648,1.0532889005482173,132
5ICVA,132,50,1.5481072664260864,1.464584231376648,1.0570284953641282,132
5ICVA,132,51,1.5519146919250488,1.464584231376648,1.0596281584066447,132
5ICVA,132,52,1.5498392581939697,1.464584231376648,1.0582110779229035,132
5ICVA,132,53,1.546904444694519,1.464584231376648,1.0562072235616613,132
5ICVA,132,54,1.53603196144104,1.464584231376648,1.0487836264611659,132
5ICVA,132,55,1.5388861894607544,1.464584231376648,1.0507324580534816,132
5ICVA,132,56,1.5253885984420776,1.464584231376648,1.0415164698368193,132
5ICVA,132,57,1.5028536319732666,1.464584231376648,1.0261298734321664,132
5ICVA,132,58,1.506359577178955,1.464584231376648,1.0285236894589804,132
5ICVA,132,59,1.5027530193328857,1.464584231376648,1.026061176365637,132
5ICVA,132,60,1.4930473566055298,1.464584231376648,1.0194342698897745,132
5ICVA,132,61,1.4965829849243164,1.464584231376648,1.0218483531791074,132
5ICVA,132,62,1.5024316310882568,1.464584231376648,1.02584173644696,132
5ICVA,132,63,1.4990272521972656,1.464584231376648,1.0235172686437042,132
5ICVA,132,64,1.4959609508514404,1.464584231376648,1.0214236360071278,132
5ICVA,132,65,1.491393804550171,1.464584231376648,1.0183052449966112,132
5ICVA,132,66,1.4857854843139648,1.464584231376648,1.0144759532999947,132
5ICVA,132,67,1.4836634397506714,1.464584231376648,1.0130270475164749,132
5ICVA,132,68,1.4881600141525269,1.464584231376648,1.0160972529068668,132
5ICVA,132,69,1.4910072088241577,1.464584231376648,1.0180412822160958,132
5ICVA,132,70,1.4898830652236938,1.464584231376648,1.0172737308684978,132
5ICVA,132,71,1.5015461444854736,1.464584231376648,1.025237137145798,132
5ICVA,132,72,1.508056402206421,1.464584231376648,1.029682260602322,132
5ICVA,132,73,1.5137572288513184,1.464584231376648,1.0335747145307237,132
5ICVA,132,74,1.5126656293869019,1.464584231376648,1.0328293839167306,132
5ICVA,132,75,1.5132039785385132,1.464584231376648,1.0331969620594403,132
5ICVA,132,76,1.5218878984451294,1.464584231376648,1.0391262351736632,132
5ICVA,132,77,1.5165616273880005,1.464584231376648,1.0354895231682892,132
5ICVA,132,78,1.5086827278137207,1.464584231376648,1.0301099079809306,132
5ICVA,132,79,1.5102819204330444,1.464584231376648,1.0312018169234571,132
5ICVA,132,80,1.5055387020111084,1.464584231376648,1.027963206046514,132
1TIQA,128,0,0.876671314239502,1.5222772359848022,0.5758946488300862,128
1TIQA,128,1,0.6424977779388428,1.5222772359848022,0.422063578664233,129
1TIQA,128,2,0.3875594735145569,1.5222772359848022,0.25459191292697364,130
1TIQA,128,3,0.16908666491508484,1.5222772359848022,0.11107481667470256,126
1TIQA,128,4,0.03291720151901245,1.5222772359848022,0.02162365746586063,127
1TIQA,128,5,-0.1113671287894249,1.5222772359848022,-0.07315824355566776,127
1TIQA,128,6,-0.14698101580142975,1.5222772359848022,-0.09655338221381453,127
1TIQA,128,7,-0.18286721408367157,1.5222772359848022,-0.12012740502249568,127
1TIQA,128,8,-0.1730273813009262,1.5222772359848022,-0.1136635149043598,127
1TIQA,128,9,-0.18898524343967438,1.5222772359848022,-0.12414640314674004,127
1TIQA,128,10,-0.2052714079618454,1.5222772359848022,-0.13484495669348281,127
1TIQA,128,11,-0.13423362374305725,1.5222772359848022,-0.0881794856875843,127
1TIQA,128,12,-0.11850043386220932,1.5222772359848022,-0.07784418702520253,127
1TIQA,128,13,-0.21720010042190552,1.5222772359848022,-0.14268104080357802,127
1TIQA,128,14,-0.27896854281425476,1.5222772359848022,-0.1832573832280836,127
1TIQA,128,15,-0.2970327138900757,1.5222772359848022,-0.19512392806551904,127
1TIQA,128,16,-0.29675883054733276,1.5222772359848022,-0.1949440112039457,127
1TIQA,128,17,-0.29501983523368835,1.5222772359848022,-0.19380164680898748,115
1TIQA,128,18,-0.08109316974878311,1.5222772359848022,-0.053270960001133925,127
1TIQA,128,19,0.4930494725704193,1.5222772359848022,0.32388940786561277,128
1TIQA,128,20,0.2517172694206238,1.5222772359848022,0.16535573381137839,128
1TIQA,128,21,1.3897137641906738,1.5222772359848022,0.9129176547737249,128
1TIQA,128,22,1.4436969757080078,1.5222772359848022,0.9483797967812619,128
1TIQA,128,23,1.4612693786621094,1.5222772359848022,0.959923293943744,128
1TIQA,128,24,1.5016463994979858,1.5222772359848022,0.9864473855358746,128
1TIQA,128,25,1.5151101350784302,1.5222772359848022,0.9952918556903103,128
1TIQA,128,26,1.5319113731384277,1.5222772359848022,1.0063287664860816,128
1TIQA,128,27,1.5506718158721924,1.5222772359848022,1.0186526995321066,128
1TIQA,128,28,1.5791767835617065,1.5222772359848022,1.037377913977735,128
1TIQA,128,29,1.5869189500808716,1.5222772359848022,1.0424638249643474,128
1TIQA,128,30,1.5631569623947144,1.5222772359848022,1.0268543241950707,128
1TIQA,128,31,1.5535832643508911,1.5222772359848022,1.02056526079879,128
1TIQA,128,32,1.5423965454101562,1.5222772359848022,1.0132165869328909,128
1TIQA,128,33,1.5531686544418335,1.5222772359848022,1.0202928991689524,128
1TIQA,128,34,1.5527840852737427,1.5222772359848022,1.0200402716192525,128
1TIQA,128,35,1.5708489418029785,1.5222772359848022,1.0319072667382785,128
1TIQA,128,36,1.5731059312820435,1.5222772359848022,1.0333899069733896,128
1TIQA,128,37,1.5624550580978394,1.5222772359848022,1.0263932358464554,128
1TIQA,128,38,1.559235692024231,1.5222772359848022,1.0242784002583598,128
1TIQA,128,39,1.5500389337539673,1.5222772359848022,1.0182369525819028,128
1TIQA,128,40,1.531568169593811,1.5222772359848022,1.006103312451492,128
1TIQA,128,41,1.5406776666641235,1.5222772359848022,1.0120874373237392,128
1TIQA,128,42,1.5308418273925781,1.5222772359848022,1.0056261705853042,128
1TIQA,128,43,1.5216026306152344,1.5222772359848022,0.9995568446051606,128
1TIQA,128,44,1.5192214250564575,1.5222772359848022,0.9979926055148767,128
1TIQA,128,45,1.5024334192276,1.5222772359848022,0.986964387111547,128
1TIQA,128,46,1.5043779611587524,1.5222772359848022,0.9882417772512572,128
1TIQA,128,47,1.501326560974121,1.5222772359848022,0.986237280230281,128
1TIQA,128,48,1.4994677305221558,1.5222772359848022,0.9850161948668369,128
1TIQA,128,49,1.5029951333999634,1.5222772359848022,0.9873333830861861,128
1TIQA,128,50,1.5041193962097168,1.5222772359848022,0.9880719232043573,128
1TIQA,128,51,1.49833083152771,1.5222772359848022,0.9842693539054332,128
1TIQA,128,52,1.5037486553192139,1.5222772359848022,0.9878283795963081,128
1TIQA,128,53,1.4998852014541626,1.5222772359848022,0.9852904359328781,128
1TIQA,128,54,1.5011699199676514,1.5222772359848022,0.9861343810981342,128
1TIQA,128,55,1.4925992488861084,1.5222772359848022,0.9805042167108974,128
1TIQA,128,56,1.4944926500320435,1.5222772359848022,0.9817480119284684,128
1TIQA,128,57,1.4942309856414795,1.5222772359848022,0.9815761218256812,128
1TIQA,128,58,1.4911643266677856,1.5222772359848022,0.9795616011449525,128
1TIQA,128,59,1.5118448734283447,1.5222772359848022,0.9931468708131154,128
1TIQA,128,60,1.5129237174987793,1.5222772359848022,0.9938555748815544,128
1TIQA,128,61,1.499874472618103,1.5222772359848022,0.9852833880471147,128
1TIQA,128,62,1.5018680095672607,1.5222772359848022,0.9865929635318115,128
1TIQA,128,63,1.4939789772033691,1.5222772359848022,0.9814105748200812,128
1TIQA,128,64,1.4961488246917725,1.5222772359848022,0.9828359705608245,128
1TIQA,128,65,1.496505856513977,1.5222772359848022,0.9830705085370649,128
1TIQA,128,66,1.4897655248641968,1.5222772359848022,0.9786427134610781,128
1TIQA,128,67,1.4930189847946167,1.5222772359848022,0.9807799456639331,128
1TIQA,128,68,1.4975641965866089,1.5222772359848022,0.9837657433127115,128
1TIQA,128,69,1.4934720993041992,1.5222772359848022,0.9810776013726775,128
1TIQA,128,70,1.4861059188842773,1.5222772359848022,0.9762386796271543,128
1TIQA,128,71,1.4808331727981567,1.5222772359848022,0.97277495701377,128
1TIQA,128,72,1.4777734279632568,1.5222772359848022,0.9707649783038668,128
1TIQA,128,73,1.4787760972976685,1.5222772359848022,0.9714236423833851,128
1TIQA,128,74,1.479721188545227,1.5222772359848022,0.9720444828093061,128
1TIQA,128,75,1.4817465543746948,1.5222772359848022,0.9733749670217678,128
1TIQA,128,76,1.4754141569137573,1.5222772359848022,0.9692151482244771,128
1TIQA,128,77,1.4747228622436523,1.5222772359848022,0.9687610294517833,128
1TIQA,128,78,1.4714502096176147,1.5222772359848022,0.9666111893643958,128
1TIQA,128,79,1.4722952842712402,1.5222772359848022,0.9671663278330328,128
1TIQA,128,80,1.4749728441238403,1.5222772359848022,0.9689252451900725,128
5ISVA,101,0,0.9376857876777649,1.3722091913223267,0.6833402615341513,101
5ISVA,101,1,0.6253931522369385,1.3722091913223267,0.45575642270278016,102
5ISVA,101,2,0.3435576260089874,1.3722091913223267,0.2503682588497449,102
5ISVA,101,3,0.10431812703609467,1.3722091913223267,0.07602202907238124,100
5ISVA,101,4,-0.07819218188524246,1.3722091913223267,-0.056982697958678385,100
5ISVA,101,5,-0.17364399135112762,1.3722091913223267,-0.12654338161355408,104
5ISVA,101,6,-0.21604737639427185,1.3722091913223267,-0.1574449273190469,95
5ISVA,101,7,-0.27987876534461975,1.3722091913223267,-0.2039621707204243,94
5ISVA,101,8,0.061103396117687225,1.3722091913223267,0.04452921355147393,95
5ISVA,101,9,0.1638067215681076,1.3722091913223267,0.11937445296533511,95
5ISVA,101,10,0.18872793018817902,1.3722091913223267,0.13753583009184753,100
5ISVA,101,11,0.12572063505649567,1.3722091913223267,0.09161914659334502,100
5ISVA,101,12,0.04805956035852432,1.3722091913223267,0.035023493985062014,100
5ISVA,101,13,-0.11907760798931122,1.3722091913223267,-0.08677802826445312,100
5ISVA,101,14,-0.17257744073867798,1.3722091913223267,-0.1257661308713244,100
5ISVA,101,15,-0.18873655796051025,1.3722091913223267,-0.1375421175969785,164
5ISVA,101,16,-0.22254902124404907,1.3722091913223267,-0.16218301309408237,164
5ISVA,101,17,-0.2497861236333847,1.3722091913223267,-0.18203210211168955,106
5ISVA,101,18,-0.13206987082958221,1.3722091913223267,-0.09624616397031516,106
5ISVA,101,19,0.5360473394393921,1.3722091913223267,0.390645495474951,101
5ISVA,101,20,1.249739646911621,1.3722091913223267,0.9107500917606535,101
5ISVA,101,21,1.2463724613189697,1.3722091913223267,0.9082962489982342,101
5ISVA,101,22,1.3159425258636475,1.3722091913223267,0.9589955629108868,101
5ISVA,101,23,1.4117742776870728,1.3722091913223267,1.0288331302653784,101
5ISVA,101,24,1.4863669872283936,1.3722091913223267,1.083192706059678,101
5ISVA,101,25,1.527802586555481,1.3722091913223267,1.1133889761248552,101
5ISVA,101,26,1.5762327909469604,1.3722091913223267,1.1486825776382001,101
5ISVA,101,27,1.5869299173355103,1.3722091913223267,1.1564781283867283,101
5ISVA,101,28,1.5872167348861694,1.3722091913223267,1.1566871472101503,101
5ISVA,101,29,1.5476279258728027,1.3722091913223267,1.127836729020474,101
5ISVA,101,30,1.5441768169403076,1.3722091913223267,1.125321726968076,101
5ISVA,101,31,1.5630935430526733,1.3722091913223267,1.1391073263008837,101
5ISVA,101,32,1.5804295539855957,1.3722091913223267,1.151740976507101,101
5ISVA,101,33,1.5901745557785034,1.3722091913223267,1.1588426646859398,101
5ISVA,101,34,1.5862863063812256,1.3722091913223267,1.1560090957069045,101
5ISVA,101,35,1.5540794134140015,1.3722091913223267,1.132538262563608,101
5ISVA,101,36,1.5611987113952637,1.3722091913223267,1.1377264642068297,101
5ISVA,101,37,1.5525147914886475,1.3722091913223267,1.1313980414258629,101
5ISVA,101,38,1.5563908815383911,1.3722091913223267,1.1342227492577703,101
5ISVA,101,39,1.5284441709518433,1.3722091913223267,1.1138565319468243,101
5ISVA,101,40,1.5301188230514526,1.3722091913223267,1.1150769377786756,101
5ISVA,101,41,1.522628664970398,1.3722091913223267,1.1096184711480614,101
5ISVA,101,42,1.5104312896728516,1.3722091913223267,1.1007296112171698,101
5ISVA,101,43,1.5003353357315063,1.3722091913223267,1.0933721660075102,101
5ISVA,101,44,1.4970073699951172,1.3722091913223267,1.0909469047882772,101
5ISVA,101,45,1.496206521987915,1.3722091913223267,1.0903632853137346,101
5ISVA,101,46,1.4950119256973267,1.3722091913223267,1.0894927210454417,101
5ISVA,101,47,1.4883666038513184,1.3722091913223267,1.0846499303922144,101
5ISVA,101,48,1.473237156867981,1.3722091913223267,1.0736243177676859,101
5ISVA,101,49,1.4722342491149902,1.3722091913223267,1.07289344687764,101
5ISVA,101,50,1.4716118574142456,1.3722091913223267,1.072439877768294,101
5ISVA,101,51,1.4623658657073975,1.3722091913223267,1.0657018441176533,101
5ISVA,101,52,1.4560290575027466,1.3722091913223267,1.0610838833542917,101
5ISVA,101,53,1.4470057487487793,1.3722091913223267,1.0545081303196746,101
5ISVA,101,54,1.4494298696517944,1.3722091913223267,1.0562747129357546,101
5ISVA,101,55,1.4441001415252686,1.3722091913223267,1.0523906636521392,101
5ISVA,101,56,1.443642497062683,1.3722091913223267,1.0520571543989732,101
5ISVA,101,57,1.4295604228973389,1.3722091913223267,1.0417948166633002,101
5ISVA,101,58,1.433007836341858,1.3722091913223267,1.0443071256219634,101
5ISVA,101,59,1.4183287620544434,1.3722091913223267,1.0336097229371228,101
5ISVA,101,60,1.4209303855895996,1.3722091913223267,1.0355056609264677,101
5ISVA,101,61,1.4278861284255981,1.3722091913223267,1.0405746714534236,101
5ISVA,101,62,1.4297873973846436,1.3722091913223267,1.041960224743016,101
5ISVA,101,63,1.4281779527664185,1.3722091913223267,1.0407873389844864,101
5ISVA,101,64,1.4261523485183716,1.3722091913223267,1.0393111761218148,101
5ISVA,101,65,1.4165451526641846,1.3722091913223267,1.0323099142770888,101
5ISVA,101,66,1.4146337509155273,1.3722091913223267,1.0309169766982236,101
5ISVA,101,67,1.4128495454788208,1.3722091913223267,1.0296167336682325,101
5ISVA,101,68,1.4100594520568848,1.3722091913223267,1.0275834478984096,101
5ISVA,101,69,1.4098701477050781,1.3722091913223267,1.0274454919999914,101
5ISVA,101,70,1.4024263620376587,1.3722091913223267,1.0220208193520504,101
5ISVA,101,71,1.4035199880599976,1.3722091913223267,1.0228178013495874,101
5ISVA,101,72,1.4016057252883911,1.3722091913223267,1.0214227787949275,101
5ISVA,101,73,1.4020873308181763,1.3722091913223267,1.0217737497203743,101
5ISVA,101,74,1.4019980430603027,1.3722091913223267,1.0217086811007803,101
5ISVA,101,75,1.3888462781906128,1.3722091913223267,1.0121243079943618,101
5ISVA,101,76,1.387515664100647,1.3722091913223267,1.0111546205018276,101
5ISVA,101,77,1.382195234298706,1.3722091913223267,1.007277347389545,101
5ISVA,101,78,1.3820979595184326,1.3722091913223267,1.0072064582125242,101
5ISVA,101,79,1.3809716701507568,1.3722091913223267,1.0063856727413305,101
5ISVA,101,80,1.374596357345581,1.3722091913223267,1.0017396516787314,101
1VKCA,129,0,0.8375934362411499,1.4125171899795532,0.592979287036694,129
1VKCA,129,1,0.5004993677139282,1.4125171899795532,0.3543315233715302,130
1VKCA,129,2,0.3044169247150421,1.4125171899795532,0.21551378409734517,130
1VKCA,129,3,0.15456406772136688,1.4125171899795532,0.10942455696670443,130
1VKCA,129,4,0.07779361307621002,1.4125171899795532,0.055074454051306884,130
1VKCA,129,5,-0.016325198113918304,1.4125171899795532,-0.011557521727685748,130
1VKCA,129,6,-0.048559486865997314,1.4125171899795532,-0.03437797940476762,130
1VKCA,129,7,-0.11016569286584854,1.4125171899795532,-0.07799246171824871,122
1VKCA,129,8,-0.1501464992761612,1.4125171899795532,-0.1062971129422748,136
1VKCA,129,9,-0.1594044417142868,1.4125171899795532,-0.11285132870956016,136
1VKCA,129,10,-0.15701255202293396,1.4125171899795532,-0.11115797608467107,136
1VKCA,129,11,-0.16606634855270386,1.4125171899795532,-0.11756766553411484,140
1VKCA,129,12,-0.19556131958961487,1.4125171899795532,-0.13844880683713712,140
1VKCA,129,13,-0.18309231102466583,1.4125171899795532,-0.12962129758386598,140
1VKCA,129,14,-0.18390390276908875,1.4125171899795532,-0.13019586881753334,140
1VKCA,129,15,-0.1201990619301796,1.4125171899795532,-0.08509564540727432,140
1VKCA,129,16,-0.0935051366686821,1.4125171899795532,-0.06619752122806777,127
1VKCA,129,17,-0.042298197746276855,1.4125171899795532,-0.029945262292269265,127
1VKCA,129,18,1.2289283275604248,1.4125171899795532,0.8700271658840584,129
1VKCA,129,19,1.1045578718185425,1.4125171899795532,0.7819783572577488,129
1VKCA,129,20,1.1589246988296509,1.4125171899795532,0.8204676778810931,129
1VKCA,129,21,1.2665317058563232,1.4125171899795532,0.8966487026431563,129
1VKCA,129,22,1.327963948249817,1.4125171899795532,0.9401400263801672,129
1VKCA,129,23,1.3577407598495483,1.4125171899795532,0.9612206983967411,129
1VKCA,129,24,1.4050931930541992,1.4125171899795532,0.994744136936513,129
1VKCA,129,25,1.4592187404632568,1.4125171899795532,1.0330626422212814,129
1VKCA,129,26,1.4813523292541504,1.4125171899795532,1.0487322488978654,129
1VKCA,129,27,1.4664125442504883,1.4125171899795532,1.0381555386746941,129
1VKCA,129,28,1.4669268131256104,1.4125171899795532,1.0385196184032597,129
1VKCA,129,29,1.472959280014038,1.4125171899795532,1.0427903394473803,129
1VKCA,129,30,1.4721124172210693,1.4125171899795532,1.0421907978637617,129
1VKCA,129,31,1.4619113206863403,1.4125171899795532,1.0349688705080482,129
1VKCA,129,32,1.4549131393432617,1.4125171899795532,1.030014466134973,129
1VKCA,129,33,1.4673126935958862,1.4125171899795532,1.0387928047920791,129
1VKCA,129,34,1.486609935760498,1.4125171899795532,1.052454402896164,129
1VKCA,129,35,1.5166913270950317,1.4125171899795532,1.073750703959211,129
1VKCA,129,36,1.5301233530044556,1.4125171899795532,1.0832599871061426,129
1VKCA,129,37,1.5565155744552612,1.4125171899795532,1.1019445182665653,129
1VKCA,129,38,1.5671137571334839,1.4125171899795532,1.1094475651345301,129
1VKCA,129,39,1.571608066558838,1.4125171899795532,1.1126293383952288,129
1VKCA,129,40,1.563602328300476,1.4125171899795532,1.1069616280727244,129
1VKCA,129,41,1.5595821142196655,1.4125171899795532,1.1041154934491388,129
1VKCA,129,42,1.562265396118164,1.4125171899795532,1.106015138931356,129
1VKCA,129,43,1.5786813497543335,1.4125171899795532,1.1176369115742837,129
1VKCA,129,44,1.5675129890441895,1.4125171899795532,1.1097302037555237,129
1VKCA,129,45,1.5676575899124146,1.4125171899795532,1.1098325748057671,129
1VKCA,129,46,1.576425552368164,1.4125171899795532,1.1160399063115,129
1VKCA,129,47,1.5692343711853027,1.4125171899795532,1.1109488665465501,129
1VKCA,129,48,1.5655874013900757,1.4125171899795532,1.1083669724491907,129
1VKCA,129,49,1.5433635711669922,1.4125171899795532,1.0926334788105008,129
1VKCA,129,50,1.5299044847488403,1.4125171899795532,1.0831050380144303,129
1VKCA,129,51,1.5247310400009155,1.4125171899795532,1.0794424668368012,129
1VKCA,129,52,1.5151705741882324,1.4125171899795532,1.0726740778355874,129
1VKCA,129,53,1.5184226036071777,1.4125171899795532,1.0749763715294378,129
1VKCA,129,54,1.507717490196228,1.4125171899795532,1.0673976224091495,129
1VKCA,129,55,1.4949737787246704,1.4125171899795532,1.0583756355887681,129
1VKCA,129,56,1.4834097623825073,1.4125171899795532,1.0501888209969186,129
1VKCA,129,57,1.4760552644729614,1.4125171899795532,1.0449821601776952,129
1VKCA,129,58,1.4698282480239868,1.4125171899795532,1.0405737066076082,129
1VKCA,129,59,1.4695740938186646,1.4125171899795532,1.0403937766165785,129
1VKCA,129,60,1.467806100845337,1.4125171899795532,1.0391421154078726,129
1VKCA,129,61,1.4573830366134644,1.4125171899795532,1.0317630446922637,129
1VKCA,129,62,1.4566785097122192,1.4125171899795532,1.031264270655216,129
1VKCA,129,63,1.4462653398513794,1.4125171899795532,1.0238922047188075,129
1VKCA,129,64,1.4415309429168701,1.4125171899795532,1.0205404600688341,129
1VKCA,129,65,1.4378349781036377,1.4125171899795532,1.0179238796551926,129
1VKCA,129,66,1.4308419227600098,1.4125171899795532,1.012973104264113,129
1VKCA,129,67,1.4281597137451172,1.4125171899795532,1.011074218336267,129
1VKCA,129,68,1.424611210823059,1.4125171899795532,1.008562034451192,129
1VKCA,129,69,1.421500563621521,1.4125171899795532,1.0063598331444716,129
1VKCA,129,70,1.4171240329742432,1.4125171899795532,1.0032614420747379,129
1VKCA,129,71,1.409730315208435,1.4125171899795532,0.998027015323503,129
1VKCA,129,72,1.4146472215652466,1.4125171899795532,1.0015079686115,129
1VKCA,129,73,1.4122233390808105,1.4125171899795532,0.9997919664972382,129
1VKCA,129,74,1.4101901054382324,1.4125171899795532,0.9983525265690009,129
1VKCA,129,75,1.410439372062683,1.4125171899795532,0.9985289963678954,129
1VKCA,129,76,1.4119105339050293,1.4125171899795532,0.9995705142005863,129
1VKCA,129,77,1.406748652458191,1.4125171899795532,0.9959161293311795,129
1VKCA,129,78,1.412248134613037,1.4125171899795532,0.9998095206427046,129
1VKCA,129,79,1.4149610996246338,1.4125171899795532,1.001730180462523,129
1VKCA,129,80,1.4124541282653809,1.4125171899795532,0.9999553550819631,129
4E0AA,126,0,0.8640326857566833,1.4729785919189453,0.586588760011136,126
4E0AA,126,1,0.6701842546463013,1.4729785919189453,0.4549857399985756,127
4E0AA,126,2,0.3980403244495392,1.4729785919189453,0.27022818025548223,127
4E0AA,126,3,0.07081728428602219,1.4729785919189453,0.048077605930283,127
4E0AA,126,4,-0.08088809996843338,1.4729785919189453,-0.054914647376548206,127
4E0AA,126,5,-0.19661954045295715,1.4729785919189453,-0.13348431642635625,127
4E0AA,126,6,-0.16998422145843506,1.4729785919189453,-0.11540169177678647,125
4E0AA,126,7,-0.21014028787612915,1.4729785919189453,-0.1426635044317689,124
4E0AA,126,8,-0.22814080119132996,1.4729785919189453,-0.15488398978977425,124
4E0AA,126,9,-0.27601486444473267,1.4729785919189453,-0.1873855234278389,125
4E0AA,126,10,-0.3348916471004486,1.4729785919189453,-0.2273567646792228,121
4E0AA,126,11,-0.3336139917373657,1.4729785919189453,-0.2264893689342389,119
4E0AA,126,12,-0.3039604425430298,1.4729785919189453,-0.2063576783876001,163
4E0AA,126,13,-0.31592240929603577,1.4729785919189453,-0.21447861566301724,133
4E0AA,126,14,-0.32712942361831665,1.4729785919189453,-0.22208701838099615,119
4E0AA,126,15,-0.31480610370635986,1.4729785919189453,-0.21372075971331084,119
4E0AA,126,16,-0.3002062439918518,1.4729785919189453,-0.2038089661579898,119
4E0AA,126,17,-0.2326967418193817,1.4729785919189453,-0.15797700190349168,119
4E0AA,126,18,-0.23707886040210724,1.4729785919189453,-0.16095200684026856,119
4E0AA,126,19,-0.26446977257728577,1.4729785919189453,-0.17954760105015766,113
4E0AA,126,20,-0.17926320433616638,1.4729785919189453,-0.12170116070908302,28
4E0AA,126,21,0.7436643838882446,1.4729785919189453,0.5048711420302616,126
4E0AA,126,22,1.1220998764038086,1.4729785919189453,0.7617896706441442,126
4E0AA,126,23,1.287243127822876,1.4729785919189453,0.8739048448395305,126
4E0AA,126,24,1.3667505979537964,1.4729785919189453,0.9278821874615579,126
4E0AA,126,25,1.3843002319335938,1.4729785919189453,0.939796572420089,126
4E0AA,126,26,1.323997139930725,1.4729785919189453,0.8988570147552978,126
4E0AA,126,27,1.3378993272781372,1.4729785919189453,0.9082951609874849,126
4E0AA,126,28,1.4299166202545166,1.4729785919189453,0.9707653784646462,126
4E0AA,126,29,1.4391781091690063,1.4729785919189453,0.9770529708066532,126
4E0AA,126,30,1.503143072128296,1.4729785919189453,1.0204785598207868,126
4E0AA,126,31,1.5662412643432617,1.4729785919189453,1.0633157012165513,126
4E0AA,126,32,1.5811456441879272,1.4729785919189453,1.0734342324202184,126
4E0AA,126,33,1.5824140310287476,1.4729785919189453,1.074295335797945,126
4E0AA,126,34,1.5558491945266724,1.4729785919189453,1.0562605614653002,126
4E0AA,126,35,1.5446553230285645,1.4729785919189453,1.0486610813645576,126
4E0AA,126,36,1.5530179738998413,1.4729785919189453,1.0543384557114461,126
4E0AA,126,37,1.5907198190689087,1.4729785919189453,1.0799341061682195,126
4E0AA,126,38,1.5854978561401367,1.4729785919189453,1.0763889338504269,126
4E0AA,126,39,1.5786739587783813,1.4729785919189453,1.0717562138644119,126
4E0AA,126,40,1.5664639472961426,1.4729785919189453,1.063466879892265,126
4E0AA,126,41,1.5585933923721313,1.4729785919189453,1.0581235877580881,126
4E0AA,126,42,1.5558452606201172,1.4729785919189453,1.056257890749937,126
4E0AA,126,43,1.558976411819458,1.4729785919189453,1.0583836183175463,126
4E0AA,126,44,1.557639241218567,1.4729785919189453,1.0574758178863473,126
4E0AA,126,45,1.5617940425872803,1.4729785919189453,1.060296497963782,126
4E0AA,126,46,1.5639725923538208,1.4729785919189453,1.061775507759642,126
4E0AA,126,47,1.5613809823989868,1.4729785919189453,1.0600160728506407,126
4E0AA,126,48,1.5619558095932007,1.4729785919189453,1.0604063210167494,126
4E0AA,126,49,1.5649049282073975,1.4729785919189453,1.0624084673007324,126
4E0AA,126,50,1.5623663663864136,1.4729785919189453,1.0606850465837503,126
4E0AA,126,51,1.5611977577209473,1.4729785919189453,1.059891682259328,126
4E0AA,126,52,1.554911732673645,1.4729785919189453,1.0556241219011608,126
4E0AA,126,53,1.5478819608688354,1.4729785919189453,1.0508516344778023,126
4E0AA,126,54,1.535475730895996,1.4729785919189453,1.0424290884605674,126
4E0AA,126,55,1.5309983491897583,1.4729785919189453,1.0393894097233463,126
4E0AA,126,56,1.525874376296997,1.4729785919189453,1.0359107624973294,126
4E0AA,126,57,1.5333760976791382,1.4729785919189453,1.0410036548335093,126
4E0AA,126,58,1.5455111265182495,1.4729785919189453,1.0492420833522171,126
4E0AA,126,59,1.5346599817276,1.4729785919189453,1.0418752792111516,126
4E0AA,126,60,1.5280320644378662,1.4729785919189453,1.0373756094086874,126
4E0AA,126,61,1.5173004865646362,1.4729785919189453,1.030089978828511,126
4E0AA,126,62,1.5118054151535034,1.4729785919189453,1.026359394119894,126
4E0AA,126,63,1.5065572261810303,1.4729785919189453,1.0227964170330133,126
4E0AA,126,64,1.5112730264663696,1.4729785919189453,1.025997957307401,126
4E0AA,126,65,1.5161116123199463,1.4729785919189453,1.0292828562734295,126
4E0AA,126,66,1.5112864971160889,1.4729785919189453,1.026007102484251,126
4E0AA,126,67,1.513369083404541,1.4729785919189453,1.0274209630114015,126
4E0AA,126,68,1.5085636377334595,1.4729785919189453,1.0241585627990393,126
4E0AA,126,69,1.5085405111312866,1.4729785919189453,1.024142862229934,126
4E0AA,126,70,1.5016974210739136,1.4729785919189453,1.019497112390177,126
4E0AA,126,71,1.5080205202102661,1.4729785919189453,1.0237898422173737,126
4E0AA,126,72,1.5051132440567017,1.4729785919189453,1.0218161026331636,126
4E0AA,126,73,1.4991099834442139,1.4729785919189453,1.0177405100580759,126
4E0AA,126,74,1.4981204271316528,1.4729785919189453,1.0170687037480657,126
4E0AA,126,75,1.4945069551467896,1.4729785919189453,1.014615530290768,126
4E0AA,126,76,1.4872866868972778,1.4729785919189453,1.0097137154992133,126
4E0AA,126,77,1.487319827079773,1.4729785919189453,1.0097362142528796,126
4E0AA,126,78,1.4913463592529297,1.4729785919189453,1.0124698128233185,126
4E0AA,126,79,1.488081932067871,1.4729785919189453,1.0102536046564328,126
4E0AA,126,80,1.491278886795044,1.4729785919189453,1.0124240060083003,126
2FL4A,109,0,0.8825681805610657,1.4179755449295044,0.6224142466469287,109
2FL4A,109,1,0.7801404595375061,1.4179755449295044,0.5501790650249129,109
2FL4A,109,2,0.5620421767234802,1.4179755449295044,0.3963694428534186,109
2FL4A,109,3,0.20576977729797363,1.4179755449295044,0.14511518060644946,106
2FL4A,109,4,0.16393452882766724,1.4179755449295044,0.11561167568360098,113
2FL4A,109,5,0.33501991629600525,1.4179755449295044,0.23626635698619258,109
2FL4A,109,6,0.3036569654941559,1.4179755449295044,0.21414823871962643,109
2FL4A,109,7,0.2675830125808716,1.4179755449295044,0.18870777675800796,103
2FL4A,109,8,0.20363251864910126,1.4179755449295044,0.14360792002179767,109
2FL4A,109,9,0.1227777749300003,1.4179755449295044,0.08658666601764581,102
2FL4A,109,10,0.11059895902872086,1.4179755449295044,0.07799779017643027,102
2FL4A,109,11,0.044519197195768356,1.4179755449295044,0.031396308176796985,102
2FL4A,109,12,-0.003072015941143036,1.4179755449295044,-0.0021664801992729455,102
2FL4A,109,13,-0.059893395751714706,1.4179755449295044,-0.04223866622092721,115
2FL4A,109,14,-0.0824480801820755,1.4179755449295044,-0.05814492392121929,115
2FL4A,109,15,-0.11039292812347412,1.4179755449295044,-0.07785249084035675,115
2FL4A,109,16,-0.12711293995380402,1.4179755449295044,-0.08964395783012148,115
2FL4A,109,17,0.14223644137382507,1.4179755449295044,0.10030951653746359,98
2FL4A,109,18,1.1773443222045898,1.4179755449295044,0.8302994550326482,109
2FL4A,109,19,1.1427924633026123,1.4179755449295044,0.8059324206183168,109
2FL4A,109,20,1.2185012102127075,1.4179755449295044,0.8593245592774212,109
2FL4A,109,21,1.2460248470306396,1.4179755449295044,0.8787350751472844,109
2FL4A,109,22,1.257493495941162,1.4179755449295044,0.8868231193674636,109
2FL4A,109,23,1.3771288394927979,1.4179755449295044,0.9711936460520993,109
2FL4A,109,24,1.3137060403823853,1.4179755449295044,0.9264659359465166,109
2FL4A,109,25,1.3975123167037964,1.4179755449295044,0.985568701590883,109
2FL4A,109,26,1.4373033046722412,1.4179755449295044,1.0136305310848628,109
2FL4A,109,27,1.499657392501831,1.4179755449295044,1.0576045530999532,109
2FL4A,109,28,1.4938151836395264,1.4179755449295044,1.0534844475853018,109
2FL4A,109,29,1.4986096620559692,1.4179755449295044,1.0568656613400718,109
2FL4A,109,30,1.4999369382858276,1.4179755449295044,1.0578016973913313,109
2FL4A,109,31,1.507273554801941,1.4179755449295044,1.0629757051817674,109
2FL4A,109,32,1.5140153169631958,1.4179755449295044,1.0677302033713607,109
2FL4A,109,33,1.5248957872390747,1.4179755449295044,1.075403445914073,109
2FL4A,109,34,1.5132275819778442,1.4179755449295044,1.06717466841297,109
2FL4A,109,35,1.511802077293396,1.4179755449295044,1.0661693586320322,109
2FL4A,109,36,1.508162021636963,1.4179755449295044,1.0636022793411026,109
2FL4A,109,37,1.4903755187988281,1.4179755449295044,1.0510586900657184,109
2FL4A,109,38,1.4912508726119995,1.4179755449295044,1.0516760165184218,109
2FL4A,109,39,1.4974318742752075,1.4179755449295044,1.0560350491444148,109
2FL4A,109,40,1.5001047849655151,1.4179755449295044,1.0579200680362184,109
2FL4A,109,41,1.508290410041809,1.4179755449295044,1.063692822796034,109
2FL4A,109,42,1.5082169771194458,1.4179755449295044,1.063641035638896,109
2FL4A,109,43,1.5016088485717773,1.4179755449295044,1.0589807799868867,109
2FL4A,109,44,1.4857048988342285,1.4179755449295044,1.047764825103589,109
2FL4A,109,45,1.4822132587432861,1.4179755449295044,1.0453024130377195,109
2FL4A,109,46,1.488018274307251,1.4179755449295044,1.0493962886935606,109
2FL4A,109,47,1.4953789710998535,1.4179755449295044,1.0545872786361752,109
2FL4A,109,48,1.5078645944595337,1.4179755449295044,1.0633925245406812,109
2FL4A,109,49,1.503523349761963,1.4179755449295044,1.0603309451551306,109
2FL4A,109,50,1.4983665943145752,1.4179755449295044,1.0566942424871422,109
2FL4A,109,51,1.5017516613006592,1.4179755449295044,1.0590814959191133,109
2FL4A,109,52,1.4987285137176514,1.4179755449295044,1.0569494791901801,109
2FL4A,109,53,1.4947611093521118,1.4179755449295044,1.0541515435136963,109
2FL4A,109,54,1.4853448867797852,1.4179755449295044,1.0475109335215158,109
2FL4A,109,55,1.4810411930084229,1.4179755449295044,1.0444758362049564,109
2FL4A,109,56,1.477344036102295,1.4179755449295044,1.0418684873551483,109
2FL4A,109,57,1.476337194442749,1.4179755449295044,1.0411584316259461,109
2FL4A,109,58,1.4826722145080566,1.4179755449295044,1.0456260827698327,109
2FL4A,109,59,1.482154369354248,1.4179755449295044,1.0452608824279366,109
2FL4A,109,60,1.4840991497039795,1.4179755449295044,1.046632401391494,109
2FL4A,109,61,1.4811443090438843,1.4179755449295044,1.0445485568071065,109
2FL4A,109,62,1.4728764295578003,1.4179755449295044,1.0387177937056915,109
2FL4A,109,63,1.4586453437805176,1.4179755449295044,1.0286815939784315,109
2FL4A,109,64,1.4445202350616455,1.4179755449295044,1.0187201325347686,109
2FL4A,109,65,1.4403125047683716,1.4179755449295044,1.0157527116167422,109
2FL4A,109,66,1.4376435279846191,1.4179755449295044,1.013870467036928,109
2FL4A,109,67,1.429835319519043,1.4179755449295044,1.008363878087988,109
2FL4A,109,68,1.4264559745788574,1.4179755449295044,1.0059806600189107,109
2FL4A,109,69,1.4234976768493652,1.4179755449295044,1.0038943774027749,109
2FL4A,109,70,1.4218831062316895,1.4179755449295044,1.0027557325062184,109
2FL4A,109,71,1.4165271520614624,1.4179755449295044,0.9989785487674867,109
2FL4A,109,72,1.4185810089111328,1.4179755449295044,1.0004269918362088,109
2FL4A,109,73,1.4131461381912231,1.4179755449295044,0.9965941537175654,109
2FL4A,109,74,1.4142407178878784,1.4179755449295044,0.9973660850111405,109
2FL4A,109,75,1.4126943349838257,1.4179755449295044,0.9962755281890695,109
2FL4A,109,76,1.4130885601043701,1.4179755449295044,0.9965535478784457,109
2FL4A,109,77,1.414467215538025,1.4179755449295044,0.99752581812569,109
2FL4A,109,78,1.4139348268508911,1.4179755449295044,0.9971503612364385,109
2FL4A,109,79,1.4118196964263916,1.4179755449295044,0.9956587061567279,109
2FL4A,109,80,1.4080712795257568,1.4179755449295044,0.9930152071809956,109
1Z4EA,123,0,0.8647422790527344,1.3262536525726318,0.6520187728609306,123
1Z4EA,123,1,0.7380267977714539,1.3262536525726318,0.5564748465271699,122
1Z4EA,123,2,0.5366342067718506,1.3262536525726318,0.4046241122359224,122
1Z4EA,123,3,0.5759862065315247,1.3262536525726318,0.4342956608747066,126
1Z4EA,123,4,0.27463820576667786,1.3262536525726318,0.20707818993293017,126
1Z4EA,123,5,0.0992320328950882,1.3262536525726318,0.07482130790184857,118
1Z4EA,123,6,-0.14484791457653046,1.3262536525726318,-0.10921584592476583,129
1Z4EA,123,7,-0.13711655139923096,1.3262536525726318,-0.10338637042262307,116
1Z4EA,123,8,-0.13747498393058777,1.3262536525726318,-0.10365662983390653,129
1Z4EA,123,9,-0.11192399263381958,1.3262536525726318,-0.08439109096266191,120
1Z4EA,123,10,-0.053603917360305786,1.3262536525726318,-0.04041754550973437,120
1Z4EA,123,11,-0.06933437287807465,1.3262536525726318,-0.052278365261110994,120
1Z4EA,123,12,-0.08518209308385849,1.3262536525726318,-0.0642276030068792,123
1Z4EA,123,13,-0.1543150097131729,1.3262536525726318,-0.11635406953551965,112
1Z4EA,123,14,-0.2039240300655365,1.3262536525726318,-0.1537594484056425,112
1Z4EA,123,15,-0.1853783130645752,1.3262536525726318,-0.1397759114216072,112
1Z4EA,123,16,-0.17053928971290588,1.3262536525726318,-0.12858723471343378,107
1Z4EA,123,17,-0.16842985153198242,1.3262536525726318,-0.12699671077645414,107
1Z4EA,123,18,1.3805553913116455,1.3262536525726318,1.0409437053264137,123
1Z4EA,123,19,1.2241766452789307,1.3262536525726318,0.9230335712209389,123
1Z4EA,123,20,1.2575205564498901,1.3262536525726318,0.9481749995640615,123
1Z4EA,123,21,1.438246726989746,1.3262536525726318,1.0844431788744733,123
1Z4EA,123,22,1.4760780334472656,1.3262536525726318,1.112968119321676,123
1Z4EA,123,23,1.5942858457565308,1.3262536525726318,1.2020972328060904,123
1Z4EA,123,24,1.566625952720642,1.3262536525726318,1.1812415744769051,123
1Z4EA,123,25,1.5744102001190186,1.3262536525726318,1.1871109248709846,123
1Z4EA,123,26,1.536331057548523,1.3262536525726318,1.1583991151077235,123
1Z4EA,123,27,1.5383555889129639,1.3262536525726318,1.1599256190012388,123
1Z4EA,123,28,1.5281535387039185,1.3262536525726318,1.1522332366358776,123
1Z4EA,123,29,1.5496976375579834,1.3262536525726318,1.1684775642667757,123
1Z4EA,123,30,1.5317609310150146,1.3262536525726318,1.154953223347393,123
1Z4EA,123,31,1.4971777200698853,1.3262536525726318,1.128877358539748,123
1Z4EA,123,32,1.4908816814422607,1.3262536525726318,1.1241301228843275,123
1Z4EA,123,33,1.479992151260376,1.3262536525726318,1.1159193781593184,123
1Z4EA,123,34,1.4640969038009644,1.3262536525726318,1.1039343046942398,123
1Z4EA,123,35,1.458261489868164,1.3262536525726318,1.0995343817070489,123
1Z4EA,123,36,1.4518325328826904,1.3262536525726318,1.0946869251341658,123
1Z4EA,123,37,1.43988835811615,1.3262536525726318,1.0856809746183111,123
1Z4EA,123,38,1.4375449419021606,1.3262536525726318,1.0839140304071162,123
1Z4EA,123,39,1.437546968460083,1.3262536525726318,1.0839155584390416,123
1Z4EA,123,40,1.4116648435592651,1.3262536525726318,1.0644003436453917,123
1Z4EA,123,41,1.4133639335632324,1.3262536525726318,1.0656814635885272,123
1Z4EA,123,42,1.4103127717971802,1.3262536525726318,1.06338087669843,123
1Z4EA,123,43,1.4024335145950317,1.3262536525726318,1.0574398885723166,123
1Z4EA,123,44,1.3928215503692627,1.3262536525726318,1.0501924331499515,123
1Z4EA,123,45,1.389337420463562,1.3262536525726318,1.0475653867331953,123
1Z4EA,123,46,1.3777201175689697,1.3262536525726318,1.0388058987784914,123
1Z4EA,123,47,1.379285454750061,1.3262536525726318,1.0399861686145477,123
1Z4EA,123,48,1.3531134128570557,1.3262536525726318,1.0202523553713287,123
1Z4EA,123,49,1.352636694908142,1.3262536525726318,1.0198929083319266,123
1Z4EA,123,50,1.3370957374572754,1.3262536525726318,1.0081749708011076,123
1Z4EA,123,51,1.3312437534332275,1.3262536525726318,1.0037625539058204,123
1Z4EA,123,52,1.3110222816467285,1.3262536525726318,0.9885154918168497,123
1Z4EA,123,53,1.3119757175445557,1.3262536525726318,0.9892343858956542,123
1Z4EA,123,54,1.3036664724349976,1.3262536525726318,0.9829691853486546,123
1Z4EA,123,55,1.3061259984970093,1.3262536525726318,0.9848236768007541,123
1Z4EA,123,56,1.3013712167739868,1.3262536525726318,0.9812385543667467,123
1Z4EA,123,57,1.3047751188278198,1.3262536525726318,0.9838051086961016,123
1Z4EA,123,58,1.3065099716186523,1.3262536525726318,0.9851131939085097,123
1Z4EA,123,59,1.315406084060669,1.3262536525726318,0.9918208945242706,123
1Z4EA,123,60,1.3209059238433838,1.3262536525726318,0.9959677934014548,123
1Z4EA,123,61,1.3237899541854858,1.3262536525726318,0.9981423625998187,123
1Z4EA,123,62,1.3210657835006714,1.3262536525726318,0.9960883281551028,123
1Z4EA,123,63,1.3275771141052246,1.3262536525726318,1.0009978947315437,123
1Z4EA,123,64,1.3280433416366577,1.3262536525726318,1.001349431958626,123
1Z4EA,123,65,1.3329970836639404,1.3262536525726318,1.0050845711740193,123
1Z4EA,123,66,1.345494270324707,1.3262536525726318,1.0145074946370574,123
1Z4EA,123,67,1.3502860069274902,1.3262536525726318,1.0181204811826463,123
1Z4EA,123,68,1.3357973098754883,1.3262536525726318,1.0071959517580547,123
1Z4EA,123,69,1.3255529403686523,1.3262536525726318,0.9994716604907211,123
1Z4EA,123,70,1.3192062377929688,1.3262536525726318,0.9946862240371647,123
1Z4EA,123,71,1.3196336030960083,1.3262536525726318,0.9950084590049708,123
1Z4EA,123,72,1.3152648210525513,1.3262536525726318,0.9917143817106443,123
1Z4EA,123,73,1.32095205783844,1.3262536525726318,0.9960025785988162,123
1Z4EA,123,74,1.3258016109466553,1.3262536525726318,0.9996591589963958,123
1Z4EA,123,75,1.3221553564071655,1.3262536525726318,0.9969098700256044,123
1Z4EA,123,76,1.322878360748291,1.3262536525726318,0.9974550178860631,123
1Z4EA,123,77,1.3364684581756592,1.3262536525726318,1.0077019999780683,123
1Z4EA,123,78,1.3338184356689453,1.3262536525726318,1.0057038735249773,123
1Z4EA,123,79,1.32993745803833,1.3262536525726318,1.0027776025035275,123
1Z4EA,123,80,1.330835223197937,1.3262536525726318,1.0034545206464978,123
2PC1A,146,0,0.771103024482727,1.2162423133850098,0.6340044380931098,146
2PC1A,146,1,0.6132959127426147,1.2162423133850098,0.5042547081228473,147
2PC1A,146,2,0.5669954419136047,1.2162423133850098,0.46618624896839816,147
2PC1A,146,3,0.5019604563713074,1.2162423133850098,0.4127141860196146,143
2PC1A,146,4,0.2705802023410797,1.2162423133850098,0.2224722815209486,145
2PC1A,146,5,0.1356322318315506,1.2162423133850098,0.1115174421567878,145
2PC1A,146,6,0.08528769016265869,1.2162423133850098,0.07012392943745602,145
2PC1A,146,7,0.1070270836353302,1.2162423133850098,0.08799815830897675,144
2PC1A,146,8,0.006300858687609434,1.2162423133850098,0.005180594868528353,144
2PC1A,146,9,0.008992673829197884,1.2162423133850098,0.007393817605448818,144
2PC1A,146,10,0.03192901611328125,1.2162423133850098,0.026252183271290204,144
2PC1A,146,11,0.1000770702958107,1.2162423133850098,0.08228382551276246,144
2PC1A,146,12,0.03615420684218407,1.2162423133850098,0.029726154438387154,158
2PC1A,146,13,0.05607069283723831,1.2162423133850098,0.04610158043357661,158
2PC1A,146,14,0.0246717669069767,1.2162423133850098,0.0202852397383799,144
2PC1A,146,15,-0.017781008034944534,1.2162423133850098,-0.014619626236696992,144
2PC1A,146,16,-0.06050414592027664,1.2162423133850098,-0.04974678586200745,144
2PC1A,146,17,-0.10509918630123138,1.2162423133850098,-0.08641303229183206,144
2PC1A,146,18,-0.18777082860469818,1.2162423133850098,-0.15438603519893987,200
2PC1A,146,19,-0.19885987043380737,1.2162423133850098,-0.16350349617449703,200
2PC1A,146,20,-0.22279497981071472,1.2162423133850098,-0.18318305271803798,165
2PC1A,146,21,-0.24249722063541412,1.2162423133850098,-0.19938232535299893,165
2PC1A,146,22,-0.14768199622631073,1.2162423133850098,-0.12142481362557314,165
2PC1A,146,23,-0.14478051662445068,1.2162423133850098,-0.11903920380923257,131
2PC1A,146,24,0.00803451519459486,1.2162423133850098,0.006606015188070077,126
2PC1A,146,25,0.886401891708374,1.2162423133850098,0.7288036947517197,146
2PC1A,146,26,0.8343628644943237,1.2162423133850098,0.6860169682570487,146
2PC1A,146,27,0.9290251731872559,1.2162423133850098,0.7638487519823417,146
2PC1A,146,28,1.0608294010162354,1.2162423133850098,0.8722187917173891,146
2PC1A,146,29,1.1689766645431519,1.2162423133850098,0.9611379670632331,146
2PC1A,146,30,1.253701090812683,1.2162423133850098,1.0307987783482218,146
2PC1A,146,31,1.1974527835845947,1.2162423133850098,0.9845511625490807,146
2PC1A,146,32,1.276106357574463,1.2162423133850098,1.0492204912874978,146
2PC1A,146,33,1.3237338066101074,1.2162423133850098,1.0883799980005058,146
2PC1A,146,34,1.292151689529419,1.2162423133850098,1.062413036702481,146
2PC1A,146,35,1.2991284132003784,1.2162423133850098,1.0681493308555288,146
2PC1A,146,36,1.3194934129714966,1.2162423133850098,1.0848935269314233,146
2PC1A,146,37,1.3392812013626099,1.2162423133850098,1.1011631371672654,146
2PC1A,146,38,1.3757880926132202,1.2162423133850098,1.1311792703414234,146
2PC1A,146,39,1.3433654308319092,1.2162423133850098,1.1045212093411667,146
2PC1A,146,40,1.332474708557129,1.2162423133850098,1.095566807611408,146
2PC1A,146,41,1.3196008205413818,1.2162423133850098,1.0849818379272693,146
2PC1A,146,42,1.3041781187057495,1.2162423133850098,1.0723012218478072,146
2PC1A,146,43,1.292815089225769,1.2162423133850098,1.0629584869709428,146
2PC1A,146,44,1.2800557613372803,1.2162423133850098,1.0524677091480783,146
2PC1A,146,45,1.2660255432128906,1.2162423133850098,1.0409319995530542,146
2PC1A,146,46,1.2564969062805176,1.2162423133850098,1.0330975106296643,146
2PC1A,146,47,1.2547589540481567,1.2162423133850098,1.031668558345046,146
2PC1A,146,48,1.2671419382095337,1.2162423133850098,1.0418499046319656,146
2PC1A,146,49,1.240387201309204,1.2162423133850098,1.0198520374258275,146
2PC1A,146,50,1.2247685194015503,1.2162423133850098,1.0070102856336338,146
2PC1A,146,51,1.2161775827407837,1.2162423133850098,0.9999467781678751,146
2PC1A,146,52,1.2134506702423096,1.2162423133850098,0.9977046982233906,146
2PC1A,146,53,1.1828192472457886,1.2162423133850098,0.9725194019551917,146
2PC1A,146,54,1.1710141897201538,1.2162423133850098,0.9628132295948671,146
2PC1A,146,55,1.1822211742401123,1.2162423133850098,0.972027663590974,146
2PC1A,146,56,1.2065154314041138,1.2162423133850098,0.9920025130898263,146
2PC1A,146,57,1.204188585281372,1.2162423133850098,0.9900893695516232,146
2PC1A,146,58,1.195647954940796,1.2162423133850098,0.9830672241727093,146
2PC1A,146,59,1.1946274042129517,1.2162423133850098,0.9822281226905352,146
2PC1A,146,60,1.178324580192566,1.2162423133850098,0.9688238661201383,146
2PC1A,146,61,1.172821044921875,1.2162423133850098,0.9642988342164432,146
2PC1A,146,62,1.1866402626037598,1.2162423133850098,0.9756610582813366,146
2PC1A,146,63,1.1513803005218506,1.2162423133850098,0.946670155980154,146
2PC1A,146,64,1.1563677787780762,1.2162423133850098,0.9507708834432075,146
2PC1A,146,65,1.1585224866867065,1.2162423133850098,0.9525424941534396,146
2PC1A,146,66,1.1715853214263916,1.2162423133850098,0.9632828166993055,146
2PC1A,146,67,1.1627202033996582,1.2162423133850098,0.9559938760588008,146
2PC1A,146,68,1.2276802062988281,1.2162423133850098,1.0094042879350125,146
2PC1A,146,69,1.2479077577590942,1.2162423133850098,1.0260354733802626,146
2PC1A,146,70,1.227799415588379,1.2162423133850098,1.0095023023588152,146
2PC1A,146,71,1.2054694890975952,1.2162423133850098,0.9911425345353823,146
2PC1A,146,72,1.2072324752807617,1.2162423133850098,0.992592069848999,146
2PC1A,146,73,1.2038131952285767,1.2162423133850098,0.9897807221310688,146
2PC1A,146,74,1.1934256553649902,1.2162423133850098,0.981240039284181,146
2PC1A,146,75,1.1810715198516846,1.2162423133850098,0.9710824124878217,146
2PC1A,146,76,1.1760504245758057,1.2162423133850098,0.9669540449572559,146
2PC1A,146,77,1.1688330173492432,1.2162423133850098,0.9610198596825509,146
2PC1A,146,78,1.1652849912643433,1.2162423133850098,0.9581026563869139,146
2PC1A,146,79,1.1570937633514404,1.2162423133850098,0.9513677912841654,146
2PC1A,146,80,1.1578389406204224,1.2162423133850098,0.9519804794473554,146
4M85A,148,0,0.8561632633209229,1.4313664436340332,0.5981440092637966,148
4M85A,148,1,0.7499126195907593,1.4313664436340332,0.5239137908576641,148
4M85A,148,2,0.49773550033569336,1.4313664436340332,0.34773450401143585,146
4M85A,148,3,0.4102940261363983,1.4313664436340332,0.2866449943417151,146
4M85A,148,4,0.1957520991563797,1.4313664436340332,0.136758899181256,150
4M85A,148,5,0.02802794985473156,1.4313664436340332,0.019581253968461516,150
4M85A,148,6,-0.018174555152654648,1.4313664436340332,-0.012697346115305087,150
4M85A,148,7,-0.025832217186689377,1.4313664436340332,-0.018047242410619252,150
4M85A,148,8,0.0406377837061882,1.4313664436340332,0.028390901496205767,146
4M85A,148,9,0.03982190415263176,1.4313664436340332,0.027820901020656656,146
4M85A,148,10,0.09160026907920837,1.4313664436340332,0.06399498149939054,146
4M85A,148,11,0.1169929951429367,1.4313664436340332,0.08173518085690785,146
4M85A,148,12,0.11049698293209076,1.4313664436340332,0.07719685159836139,146
4M85A,148,13,0.04646508768200874,1.4313664436340332,0.0324620490361927,146
4M85A,148,14,-0.02680082619190216,1.4313664436340332,-0.01872394473902764,146
4M85A,148,15,-0.07755940407514572,1.4313664436340332,-0.05418556821706227,146
4M85A,148,16,-0.13384109735488892,1.4313664436340332,-0.09350582301977518,146
4M85A,148,17,-0.18326538801193237,1.4313664436340332,-0.12803526925407582,146
4M85A,148,18,-0.2424149513244629,1.4313664436340332,-0.16935911303677503,146
4M85A,148,19,-0.2104814350605011,1.4313664436340332,-0.1470493010344151,146
4M85A,148,20,-0.10198511183261871,1.4313664436340332,-0.07125017656114195,146
4M85A,148,21,-0.08005904406309128,1.4313664436340332,-0.05593189949306964,128
4M85A,148,22,1.3342392444610596,1.4313664436340332,0.9321437221020903,148
4M85A,148,23,1.400355577468872,1.4313664436340332,0.9783347819120106,148
4M85A,148,24,1.3818491697311401,1.4313664436340332,0.9654055925908283,148
4M85A,148,25,1.433071255683899,1.4313664436340332,1.0011910381561953,148
4M85A,148,26,1.4921408891677856,1.4313664436340332,1.0424590403135725,148
4M85A,148,27,1.4820942878723145,1.4313664436340332,1.0354401519358596,148
4M85A,148,28,1.4028910398483276,1.4313664436340332,0.9801061398970549,148
4M85A,148,29,1.4381283521652222,1.4313664436340332,1.0047240932336108,148
4M85A,148,30,1.4737602472305298,1.4313664436340332,1.0296177151455814,148
4M85A,148,31,1.4722820520401,1.4313664436340332,1.028584999032245,148
4M85A,148,32,1.4702377319335938,1.4313664436340332,1.0271567693042125,148
4M85A,148,33,1.4705581665039062,1.4313664436340332,1.0273806355068453,148
4M85A,148,34,1.5154075622558594,1.4313664436340332,1.058713908653928,148
4M85A,148,35,1.5314542055130005,1.4313664436340332,1.0699246250490957,148
4M85A,148,36,1.5263216495513916,1.4313664436340332,1.0663388514797656,148
4M85A,148,37,1.5041171312332153,1.4313664436340332,1.050826039636977,148
4M85A,148,38,1.4953259229660034,1.4313664436340332,1.044684210403582,148
4M85A,148,39,1.4979040622711182,1.4313664436340332,1.046485383902221,148
4M85A,148,40,1.4944018125534058,1.4313664436340332,1.044038596265632,148
4M85A,148,41,1.494794487953186,1.4313664436340332,1.0443129323041263,148
4M85A,148,42,1.5043054819107056,1.4313664436340332,1.0509576276578698,148
4M85A,148,43,1.5043048858642578,1.4313664436340332,1.0509572112400822,148
4M85A,148,44,1.4784564971923828,1.4313664436340332,1.0328986708943622,148
4M85A,148,45,1.4776498079299927,1.4313664436340332,1.0323350910605762,148
4M85A,148,46,1.4653576612472534,1.4313664436340332,1.023747390309725,148
4M85A,148,47,1.4642605781555176,1.4313664436340332,1.0229809317298029,148
4M85A,148,48,1.4505047798156738,1.4313664436340332,1.0133706754596337,148
4M85A,148,49,1.4633386135101318,1.4313664436340332,1.0223368166958882,148
4M85A,148,50,1.4644298553466797,1.4313664436340332,1.0230991943814913,148
4M85A,148,51,1.4434233903884888,1.4313664436340332,1.0084233822918502,148
4M85A,148,52,1.4509375095367432,1.4313664436340332,1.013672994773457,148
4M85A,148,53,1.4473589658737183,1.4313664436340332,1.0111729056600505,148
4M85A,148,54,1.4474639892578125,1.4313664436340332,1.011246278474232,148
4M85A,148,55,1.445017695426941,1.4313664436340332,1.009537216590218,148
4M85A,148,56,1.4306620359420776,1.4313664436340332,0.9995078774585723,148
4M85A,148,57,1.4249975681304932,1.4313664436340332,0.9955504926555562,148
4M85A,148,58,1.4203853607177734,1.4313664436340332,0.992328251814832,148
4M85A,148,59,1.421951174736023,1.4313664436340332,0.9934221813429507,148
4M85A,148,60,1.4146158695220947,1.4313664436340332,0.9882974941976346,148
4M85A,148,61,1.3831719160079956,1.4313664436340332,0.9663297069451491,148
4M85A,148,62,1.3786170482635498,1.4313664436340332,0.9631475254955955,148
4M85A,148,63,1.3693630695343018,1.4313664436340332,0.9566823894918803,148
4M85A,148,64,1.3626810312271118,1.4313664436340332,0.9520140962418128,148
4M85A,148,65,1.3699795007705688,1.4313664436340332,0.9571130487678531,148
4M85A,148,66,1.3647733926773071,1.4313664436340332,0.9534758892435288,148
4M85A,148,67,1.3555516004562378,1.4313664436340332,0.947033239800346,148
4M85A,148,68,1.3503508567810059,1.4313664436340332,0.9433998280361104,148
4M85A,148,69,1.3491352796554565,1.4313664436340332,0.9425505856000064,148
4M85A,148,70,1.3400318622589111,1.4313664436340332,0.936190636729448,148
4M85A,148,71,1.330613374710083,1.4313664436340332,0.9296105694163455,148
4M85A,148,72,1.3314200639724731,1.4313664436340332,0.9301741492501315,148
4M85A,148,73,1.3272823095321655,1.4313664436340332,0.9272833769683653,148
4M85A,148,74,1.3266584873199463,1.4313664436340332,0.9268475541118258,148
4M85A,148,75,1.323294997215271,1.4313664436340332,0.9244977085361982,148
4M85A,148,76,1.3312791585922241,1.4313664436340332,0.9300757080851344,148
4M85A,148,77,1.333997130393982,1.4313664436340332,0.9319745731967527,148
4M85A,148,78,1.3360300064086914,1.4313664436340332,0.9333948077032627,148
4M85A,148,79,1.349173665046692,1.4313664436340332,0.9425774029055302,148
4M85A,148,80,1.3790011405944824,1.4313664436340332,0.9634158651179479,148
2DSCA,114,0,0.95851731300354,1.0251246690750122,0.9350251163777249,114
2DSCA,114,1,0.8965403437614441,1.0251246690750122,0.8745671339373854,113
2DSCA,114,2,0.388455867767334,1.0251246690750122,0.37893524513252075,113
2DSCA,114,3,0.224853515625,1.0251246690750122,0.21934260525394364,112
2DSCA,114,4,0.10710523277521133,1.0251246690750122,0.10448020226832923,112
2DSCA,114,5,-0.014071444049477577,1.0251246690750122,-0.013726568556948772,112
2DSCA,114,6,-0.18580476939678192,1.0251246690750122,-0.18125090050211823,112
2DSCA,114,7,-0.18660444021224976,1.0251246690750122,-0.18203097227250045,112
2DSCA,114,8,-0.20977498590946198,1.0251246690750122,-0.20463363358404552,112
2DSCA,114,9,-0.12863802909851074,1.0251246690750122,-0.1254852536273301,106
2DSCA,114,10,-0.12938807904720306,1.0251246690750122,-0.12621692068336643,106
2DSCA,114,11,-0.19643281400203705,1.0251246690750122,-0.19161846351749762,124
2DSCA,114,12,-0.2038087546825409,1.0251246690750122,-0.19881362806968744,124
2DSCA,114,13,-0.22134093940258026,1.0251246690750122,-0.21591611838031372,124
2DSCA,114,14,-0.21480213105678558,1.0251246690750122,-0.20953756897744474,124
2DSCA,114,15,-0.21262644231319427,1.0251246690750122,-0.20741520395275514,211
2DSCA,114,16,-0.21510770916938782,1.0251246690750122,-0.209835657709304,211
2DSCA,114,17,-0.2130882292985916,1.0251246690750122,-0.20786567305112735,211
2DSCA,114,18,-0.2165250927209854,1.0251246690750122,-0.21121830276151657,211
2DSCA,114,19,-0.23223356902599335,1.0251246690750122,-0.22654178172840356,211
2DSCA,114,20,-0.23200717568397522,1.0251246690750122,-0.22632093703619416,211
2DSCA,114,21,-0.22761213779449463,1.0251246690750122,-0.22203361665257068,211
2DSCA,114,22,-0.0586281456053257,1.0251246690750122,-0.05719123475803864,93
2DSCA,114,23,0.21710969507694244,1.0251246690750122,0.21178857716188246,114
2DSCA,114,24,0.1519145369529724,1.0251246690750122,0.14819128008113153,114
2DSCA,114,25,0.7427650094032288,1.0251246690750122,0.7245606625323323,114
2DSCA,114,26,0.7918532490730286,1.0251246690750122,0.7724458038723538,114
2DSCA,114,27,0.8129442930221558,1.0251246690750122,0.7930199297180991,114
2DSCA,114,28,0.8272050619125366,1.0251246690750122,0.8069311829740066,114
2DSCA,114,29,0.8420378565788269,1.0251246690750122,0.8214004422882656,114
2DSCA,114,30,0.8547081351280212,1.0251246690750122,0.8337601863578595,114
2DSCA,114,31,0.8580790162086487,1.0251246690750122,0.8370484508805239,114
2DSCA,114,32,0.8649775981903076,1.0251246690750122,0.843777956266326,114
2DSCA,114,33,0.8998978734016418,1.0251246690750122,0.8778423742486222,114
2DSCA,114,34,0.9051320552825928,1.0251246690750122,0.8829482721348508,114
2DSCA,114,35,0.9283905625343323,1.0251246690750122,0.9056367391607454,114
2DSCA,114,36,0.9451828002929688,1.0251246690750122,0.9220174177896076,114
2DSCA,114,37,0.9343909025192261,1.0251246690750122,0.911490017465235,114
2DSCA,114,38,0.9388217926025391,1.0251246690750122,0.9158123113451696,114
2DSCA,114,39,0.9291421175003052,1.0251246690750122,0.9063698743477574,114
2DSCA,114,40,0.9241471886634827,1.0251246690750122,0.9014973656788073,114
2DSCA,114,41,0.9204773306846619,1.0251246690750122,0.8979174518502462,114
2DSCA,114,42,0.9307231307029724,1.0251246690750122,0.9079121386697093,114
2DSCA,114,43,0.9295302033424377,1.0251246690750122,0.9067484486361732,114
2DSCA,114,44,0.9364909529685974,1.0251246690750122,0.9135385980064351,114
2DSCA,114,45,0.940011739730835,1.0251246690750122,0.916973094188655,114
2DSCA,114,46,0.9421268701553345,1.0251246690750122,0.9190363851115122,114
2DSCA,114,47,0.9317306876182556,1.0251246690750122,0.9088950014820855,114
2DSCA,114,48,0.9355649948120117,1.0251246690750122,0.9126353340576501,114
2DSCA,114,49,0.9352091550827026,1.0251246690750122,0.9122882155655839,114
2DSCA,114,50,0.9412146210670471,1.0251246690750122,0.9181464942369608,114
2DSCA,114,51,0.969512939453125,1.0251246690750122,0.9457512522139706,114
2DSCA,114,52,0.9447561502456665,1.0251246690750122,0.9216012244619344,114
2DSCA,114,53,0.940155029296875,1.0251246690750122,0.9171128718862978,114
2DSCA,114,54,0.9447617530822754,1.0251246690750122,0.9216066899792299,114
2DSCA,114,55,0.9548264741897583,1.0251246690750122,0.9314247359312061,114
2DSCA,114,56,0.9572961926460266,1.0251246690750122,0.9338339243263081,114
2DSCA,114,57,0.9625394344329834,1.0251246690750122,0.9389486600702912,114
2DSCA,114,58,0.9740400910377502,1.0251246690750122,0.9501674483325463,114
2DSCA,114,59,0.9834340214729309,1.0251246690750122,0.9593311439478873,114
2DSCA,114,60,0.9920744895935059,1.0251246690750122,0.9677598437745839,114
2DSCA,114,61,0.9852443337440491,1.0251246690750122,0.9610970874723482,114
2DSCA,114,62,0.9831669330596924,1.0251246690750122,0.9590706015755343,114
2DSCA,114,63,0.9873944520950317,1.0251246690750122,0.963194508806402,114
2DSCA,114,64,0.9830909371376038,1.0251246690750122,0.9589964682292387,114
2DSCA,114,65,0.9889671802520752,1.0251246690750122,0.9647286911400127,114
2DSCA,114,66,0.9870736002922058,1.0251246690750122,0.9628815207255323,114
2DSCA,114,67,0.9851144552230835,1.0251246690750122,0.9609703921299342,114
2DSCA,114,68,0.9870331287384033,1.0251246690750122,0.9628420410846423,114
2DSCA,114,69,0.9869442582130432,1.0251246690750122,0.9627553486773274,114
2DSCA,114,70,0.9838879108428955,1.0251246690750122,0.9597739089926249,114
2DSCA,114,71,0.9861160516738892,1.0251246690750122,0.9619474405622087,114
2DSCA,114,72,0.9845775961875916,1.0251246690750122,0.9604466909141822,114
2DSCA,114,73,0.9866694808006287,1.0251246690750122,0.9624873057546431,114
2DSCA,114,74,0.9857259392738342,1.0251246690750122,0.9615668893845584,114
2DSCA,114,75,0.9820795655250549,1.0251246690750122,0.9580098842135976,114
2DSCA,114,76,0.9814610481262207,1.0251246690750122,0.9574065259904535,114
2DSCA,114,77,0.9878216981887817,1.0251246690750122,0.9636112835720854,114
2DSCA,114,78,0.9897612929344177,1.0251246690750122,0.9655033410009501,114
2DSCA,114,79,0.9881961345672607,1.0251246690750122,0.9639765429300685,114
2DSCA,114,80,0.9943192005157471,1.0251246690750122,0.9699495393208502,114
3QSJA,82,0,1.044243335723877,0.8796874284744263,1.1870617925446851,82
3QSJA,82,1,0.8176892995834351,0.8796874284744263,0.9295225475729376,81
3QSJA,82,2,0.5683514475822449,0.8796874284744263,0.64608340324687,81
3QSJA,82,3,0.27226394414901733,0.8796874284744263,0.3095007787268071,80
3QSJA,82,4,0.16077955067157745,0.8796874284744263,0.18276895345703073,80
3QSJA,82,5,0.12652233242988586,0.8796874284744263,0.14382646419001774,80
3QSJA,82,6,0.03577897325158119,0.8796874284744263,0.04067237076881943,80
3QSJA,82,7,0.0025984449312090874,0.8796874284744263,0.002953827515433941,80
3QSJA,82,8,0.013521073386073112,0.8796874284744263,0.015370315578479577,80
3QSJA,82,9,0.015133331529796124,0.8796874284744263,0.01720307809336401,80
3QSJA,82,10,0.006602770648896694,0.8796874284744263,0.007505814491798942,87
3QSJA,82,11,0.008458106778562069,0.8796874284744263,0.009614900139280503,93
3QSJA,82,12,-0.02322498708963394,0.8796874284744263,-0.026401408429709217,231
3QSJA,82,13,-0.03480999916791916,0.8796874284744263,-0.03957087260902142,231
3QSJA,82,14,-0.03857441619038582,0.8796874284744263,-0.04385013919919538,231
3QSJA,82,15,-0.04689066857099533,0.8796874284744263,-0.05330378388186607,231
3QSJA,82,16,-0.04131539165973663,0.8796874284744263,-0.046965990785371024,231
3QSJA,82,17,-0.017762714996933937,0.8796874284744263,-0.020192075528166223,231
3QSJA,82,18,0.013483135029673576,0.8796874284744263,0.015327188491321664,231
3QSJA,82,19,0.018213901668787003,0.8796874284744263,0.020704969832721107,231
3QSJA,82,20,0.01807491108775139,0.8796874284744263,0.020546969869851734,231
3QSJA,82,21,0.008380621671676636,0.8796874284744263,0.009526817594984275,231
3QSJA,82,22,-0.017245423048734665,0.8796874284744263,-0.019604034899807613,231
3QSJA,82,23,-0.07613208144903183,0.8796874284744263,-0.08654446907472782,231
3QSJA,82,24,-0.09069491177797318,0.8796874284744263,-0.10309901999538441,231
3QSJA,82,25,-0.014878202229738235,0.8796874284744263,-0.016913055419628252,231
3QSJA,82,26,-0.1826450675725937,0.8796874284744263,-0.20762496048095275,231
3QSJA,82,27,-0.13593003153800964,0.8796874284744263,-0.15452082994267927,65
3QSJA,82,28,-0.12871994078159332,0.8796874284744263,-0.1463246337449909,65
3QSJA,82,29,-0.17272000014781952,0.8796874284744263,-0.1963424672867662,65
3QSJA,82,30,-0.2019835114479065,0.8796874284744263,-0.22960827324563549,104
3QSJA,82,31,-0.17729882895946503,0.8796874284744263,-0.20154753065749803,65
3QSJA,82,32,-0.009175736457109451,0.8796874284744263,-0.010430678170565902,65
3QSJA,82,33,0.1039147898554802,0.8796874284744263,0.11812694656293038,82
3QSJA,82,34,0.21631142497062683,0.8796874284744263,0.24589577839683235,82
3QSJA,82,35,0.3176267147064209,0.8796874284744263,0.3610676979404563,82
3QSJA,82,36,0.4916251599788666,0.8796874284744263,0.5588634599808412,82
3QSJA,82,37,0.6423243284225464,0.8796874284744263,0.7301733634371469,82
3QSJA,82,38,0.7539263367652893,0.8796874284744263,0.8570388894527745,82
3QSJA,82,39,0.8296170830726624,0.8796874284744263,0.9430816631214146,82
3QSJA,82,40,0.8374321460723877,0.8796874284744263,0.9519655720494737,82
3QSJA,82,41,0.8390247225761414,0.8796874284744263,0.9537759611174584,82
3QSJA,82,42,0.842041552066803,0.8796874284744263,0.957205394565079,82
3QSJA,82,43,0.837243914604187,0.8796874284744263,0.9517515966508175,82
3QSJA,82,44,0.8426929712295532,0.8796874284744263,0.9579459066397826,82
3QSJA,82,45,0.8422672748565674,0.8796874284744263,0.9574619888762606,82
3QSJA,82,46,0.8415445685386658,0.8796874284744263,0.956640439886803,82
3QSJA,82,47,0.8467115163803101,0.8796874284744263,0.9625140578042547,82
3QSJA,82,48,0.8407168388366699,0.8796874284744263,0.9556995037369808,82
3QSJA,82,49,0.8340855836868286,0.8796874284744263,0.9481613089928074,82
3QSJA,82,50,0.8356941342353821,0.8796874284744263,0.9499898568343322,82
3QSJA,82,51,0.8280165195465088,0.8796874284744263,0.9412621946666598,82
3QSJA,82,52,0.8300489187240601,0.8796874284744263,0.9435725598165584,82
3QSJA,82,53,0.8355725407600403,0.8796874284744263,0.9498516333342503,82
3QSJA,82,54,0.8572232127189636,0.8796874284744263,0.9744634116297187,82
3QSJA,82,55,0.8443943858146667,0.8796874284744263,0.9598800192916642,82
3QSJA,82,56,0.8564988374710083,0.8796874284744263,0.973639965454966,82
3QSJA,82,57,0.8583741784095764,0.8796874284744263,0.9757717919172588,82
3QSJA,82,58,0.8588136434555054,0.8796874284744263,0.9762713614594667,82
3QSJA,82,59,0.8761685490608215,0.8796874284744263,0.9959998525616,82
3QSJA,82,60,0.8623141050338745,0.8796874284744263,0.9802505721030015,82
3QSJA,82,61,0.8654411435127258,0.8796874284744263,0.9838052875367258,82
3QSJA,82,62,0.8741466403007507,0.8796874284744263,0.9937014125764142,82
3QSJA,82,63,0.8724867701530457,0.8796874284744263,0.9918145262870607,82
3QSJA,82,64,0.8768571019172668,0.8796874284744263,0.9967825770091227,82
3QSJA,82,65,0.8744844794273376,0.8796874284744263,0.9940854570854654,82
3QSJA,82,66,0.8659071326255798,0.8796874284744263,0.9843350087738044,82
3QSJA,82,67,0.8616186380386353,0.8796874284744263,0.9794599878878271,82
3QSJA,82,68,0.8569948077201843,0.8796874284744263,0.9742037682707414,82
3QSJA,82,69,0.8556815981864929,0.8796874284744263,0.9727109544698567,82
3QSJA,82,70,0.8629845380783081,0.8796874284744263,0.9810126985387473,82
3QSJA,82,71,0.8590071201324463,0.8796874284744263,0.9764912994404794,82
3QSJA,82,72,0.860969603061676,0.8796874284744263,0.9787221860778309,82
3QSJA,82,73,0.8638315796852112,0.8796874284744263,0.9819755878327002,82
3QSJA,82,74,0.8673757910728455,0.8796874284744263,0.9860045318336174,82
3QSJA,82,75,0.8671618103981018,0.8796874284744263,0.9857612855761203,82
3QSJA,82,76,0.8640116453170776,0.8796874284744263,0.9821802805747333,82
3QSJA,82,77,0.8591897487640381,0.8796874284744263,0.9766989057170731,82
3QSJA,82,78,0.8535798788070679,0.8796874284744263,0.9703217883735877,82
3QSJA,82,79,0.8491350412368774,0.8796874284744263,0.9652690418794168,82
3QSJA,82,80,0.8494046926498413,0.8796874284744263,0.9655755728178338,82
5C7QA,92,0,0.945124089717865,0.994419515132904,0.950427938445626,92
5C7QA,92,1,0.8507179617881775,0.994419515132904,0.8554920220712675,91
5C7QA,92,2,0.22067897021770477,0.994419515132904,0.2219173767805744,90
5C7QA,92,3,0.1422480046749115,0.994419515132904,0.14304627223239888,90
5C7QA,92,4,0.0502864271402359,0.994419515132904,0.050568624584479444,90
5C7QA,92,5,-0.06621962040662766,0.994419515132904,-0.06659123176778908,90
5C7QA,92,6,-0.20852254331111908,0.994419515132904,-0.20969273041996775,90
5C7QA,92,7,-0.23136135935783386,0.994419515132904,-0.23265971336746388,90
5C7QA,92,8,-0.2015591859817505,0.994419515132904,-0.2026902961119102,84
5C7QA,92,9,-0.16833560168743134,0.994419515132904,-0.16928026765940257,181
5C7QA,92,10,-0.1742379069328308,0.994419515132904,-0.17521569546987817,181
5C7QA,92,11,-0.15032035112380981,0.994419515132904,-0.1511639190867242,181
5C7QA,92,12,-0.13563333451747894,0.994419515132904,-0.136394481859451,181
5C7QA,92,13,-0.13477347791194916,0.994419515132904,-0.13552979990938402,181
5C7QA,92,14,-0.16623061895370483,0.994419515132904,-0.16716347218053956,181
5C7QA,92,15,-0.21578434109687805,0.994419515132904,-0.2169952799729986,181
5C7QA,92,16,-0.25165894627571106,0.994419515132904,-0.2530712063128376,181
5C7QA,92,17,-0.2831186354160309,0.994419515132904,-0.2847074409819804,181
5C7QA,92,18,-0.2750616669654846,0.994419515132904,-0.27660525842428046,181
5C7QA,92,19,-0.27318325638771057,0.994419515132904,-0.27471630657932095,181
5C7QA,92,20,-0.2534836530685425,0.994419515132904,-0.2549061529978768,181
5C7QA,92,21,0.04389650374650955,0.994419515132904,0.044142842209449994,106
5C7QA,92,22,0.6982839703559875,0.994419515132904,0.7022026013464367,92
5C7QA,92,23,0.75978022813797,0.994419515132904,0.7640439639164015,92
5C7QA,92,24,0.8290311694145203,0.994419515132904,0.8336835277249365,92
5C7QA,92,25,0.8525768518447876,0.994419515132904,0.8573613438497744,92
5C7QA,92,26,0.842156708240509,0.994419515132904,0.8468827244686111,92
5C7QA,92,27,0.8591684103012085,0.994419515132904,0.8639898928234335,92
5C7QA,92,28,0.8608494997024536,0.994419515132904,0.8656804161646015,92
5C7QA,92,29,0.8606565594673157,0.994419515132904,0.8654863931871741,92
5C7QA,92,30,0.8519888520240784,0.994419515132904,0.8567700442908245,92
5C7QA,92,31,0.8448445200920105,0.994419515132904,0.8495856197865316,92
5C7QA,92,32,0.8495150804519653,0.994419515132904,0.8542823904038405,92
5C7QA,92,33,0.8785004615783691,0.994419515132904,0.8834304317337917,92
5C7QA,92,34,0.884199857711792,0.994419515132904,0.8891618117466438,92
5C7QA,92,35,0.9035558104515076,0.994419515132904,0.9086263862498187,92
5C7QA,92,36,0.9159772396087646,0.994419515132904,0.9211175220011087,92
5C7QA,92,37,0.9120346903800964,0.994419515132904,0.9171528479690014,92
5C7QA,92,38,0.9093116521835327,0.994419515132904,0.9144145286227647,92
5C7QA,92,39,0.9191083908081055,0.994419515132904,0.9242662445992592,92
5C7QA,92,40,0.9152083396911621,0.994419515132904,0.9203443071698413,92
5C7QA,92,41,0.9214172959327698,0.994419515132904,0.9265881068410272,92
5C7QA,92,42,0.9295621514320374,0.994419515132904,0.9347786696521151,92
5C7QA,92,43,0.9319655299186707,0.994419515132904,0.9371955354216008,92
5C7QA,92,44,0.933223307132721,0.994419515132904,0.9384603710316323,92
5C7QA,92,45,0.938152015209198,0.994419515132904,0.9434167380391907,92
5C7QA,92,46,0.9389160871505737,0.994419515132904,0.9441850978005875,92
5C7QA,92,47,0.9497818350791931,0.994419515132904,0.9551118221490805,92
5C7QA,92,48,0.9416526556015015,0.994419515132904,0.9469370233302891,92
5C7QA,92,49,0.9416700601577759,0.994419515132904,0.9469545255574774,92
5C7QA,92,50,0.9417587518692017,0.994419515132904,0.947043714989177,92
5C7QA,92,51,0.9373252987861633,0.994419515132904,0.9425853822477427,92
5C7QA,92,52,0.9407872557640076,0.994419515132904,0.9460667670407408,92
5C7QA,92,53,0.9359633326530457,0.994419515132904,0.9412157730311178,92
5C7QA,92,54,0.9564570784568787,0.994419515132904,0.961824525667166,92
5C7QA,92,55,0.9488980770111084,0.994419515132904,0.9542231046061966,92
5C7QA,92,56,0.9529657363891602,0.994419515132904,0.958313590881004,92
5C7QA,92,57,0.955781102180481,0.994419515132904,0.9611447559461269,92
5C7QA,92,58,0.9610251784324646,0.994419515132904,0.9664182609127735,92
5C7QA,92,59,0.9661785364151001,0.994419515132904,0.9716005385171573,92
5C7QA,92,60,0.9683007001876831,0.994419515132904,0.9737346114514555,92
5C7QA,92,61,0.9733472466468811,0.994419515132904,0.9788094781273408,92
5C7QA,92,62,0.9807498455047607,0.994419515132904,0.9862536189001516,92
5C7QA,92,63,0.9854499101638794,0.994419515132904,0.990980059388893,92
5C7QA,92,64,0.9849989414215088,0.994419515132904,0.9905265598994845,92
5C7QA,92,65,0.9879465103149414,0.994419515132904,0.993490669964278,92
5C7QA,92,66,0.987710177898407,0.994419515132904,0.9932530112971482,92
5C7QA,92,67,0.9853034019470215,0.994419515132904,0.9908327289970127,92
5C7QA,92,68,0.9855909943580627,0.994419515132904,0.9911219353195604,92
5C7QA,92,69,0.9873612523078918,0.994419515132904,0.9929021276055017,92
5C7QA,92,70,0.983476459980011,0.994419515132904,0.9889955345944408,92
5C7QA,92,71,0.9841082096099854,0.994419515132904,0.9896308294778984,92
5C7QA,92,72,0.9858200550079346,0.994419515132904,0.991352281412317,92
5C7QA,92,73,0.9866615533828735,0.994419515132904,0.9921985021090484,92
5C7QA,92,74,0.9870079159736633,0.994419515132904,0.992546808417924,92
5C7QA,92,75,0.9889849424362183,0.994419515132904,0.9945349295604285,92
5C7QA,92,76,0.9895366430282593,0.994419515132904,0.9950897261866465,92
5C7QA,92,77,0.9939703345298767,0.994419515132904,0.9995482986846177,92
5C7QA,92,78,0.9923577904701233,0.994419515132904,0.9979267053477875,92
5C7QA,92,79,0.9864979386329651,0.994419515132904,0.9920339691856508,92
5C7QA,92,80,0.9912090301513672,0.994419515132904,0.9967714984142203,92
5BONA,63,0,0.8354907035827637,0.8656160235404968,0.9651978254347509,63
5BONA,63,1,0.4488169252872467,0.8656160235404968,0.5184942435001602,62
5BONA,63,2,0.1516532301902771,0.8656160235404968,0.17519688414499662,61
5BONA,63,3,0.11097932606935501,0.8656160235404968,0.12820849320167763,64
5BONA,63,4,0.07090049982070923,0.8656160235404968,0.08190756396897063,64
5BONA,63,5,0.01194461714476347,0.8656160235404968,0.013798978784967761,58
5BONA,63,6,-0.08090483397245407,0.8656160235404968,-0.0934650373517133,58
5BONA,63,7,-0.10932218283414841,0.8656160235404968,-0.12629408405242384,58
5BONA,63,8,-0.11031542718410492,0.8656160235404968,-0.12744152624728294,64
5BONA,63,9,-0.05348111689090729,0.8656160235404968,-0.06178388042328705,64
5BONA,63,10,-0.04034370929002762,0.8656160235404968,-0.046606934475422385,55
5BONA,63,11,-0.057328078895807266,0.8656160235404968,-0.06622807034154359,163
5BONA,63,12,-0.05594048276543617,0.8656160235404968,-0.06462505457862411,163
5BONA,63,13,-0.05598200112581253,0.8656160235404968,-0.06467301852481648,163
5BONA,63,14,-0.05755237862467766,0.8656160235404968,-0.06648719184896783,163
5BONA,63,15,-0.05388285964727402,0.8656160235404968,-0.0622479923914592,55
5BONA,63,16,-0.09410054981708527,0.8656160235404968,-0.10870934370207264,55
5BONA,63,17,-0.1033036932349205,0.8656160235404968,-0.11934124418398957,55
5BONA,63,18,-0.19022059440612793,0.8656160235404968,-0.21975170194758842,55
5BONA,63,19,0.0646832212805748,0.8656160235404968,0.0747250738451108,78
5BONA,63,20,0.6939965486526489,0.8656160235404968,0.8017371788175789,63
5BONA,63,21,0.8224228620529175,0.8656160235404968,0.9501012454564867,63
5BONA,63,22,0.8204089403152466,0.8656160235404968,0.94777466914216,63
5BONA,63,23,0.8270814418792725,0.8656160235404968,0.9554830541333879,63
5BONA,63,24,0.8199149966239929,0.8656160235404968,0.9472040423540452,63
5BONA,63,25,0.8245540261268616,0.8656160235404968,0.9525632655854894,63
5BONA,63,26,0.8209685683250427,0.8656160235404968,0.948421177518365,63
5BONA,63,27,0.8204069137573242,0.8656160235404968,0.9477723279679359,63
5BONA,63,28,0.8311520218849182,0.8656160235404968,0.9601855779949454,63
5BONA,63,29,0.8280682563781738,0.8656160235404968,0.95662306826444,63
5BONA,63,30,0.8313214778900146,0.8656160235404968,0.9603813414749274,63
5BONA,63,31,0.8290905952453613,0.8656160235404968,0.9578041218024811,63
5BONA,63,32,0.8254494667053223,0.8656160235404968,0.9535977203022566,63
5BONA,63,33,0.8211165070533752,0.8656160235404968,0.9485920832367312,63
5BONA,63,34,0.8316192030906677,0.8656160235404968,0.9607252875116878,63
5BONA,63,35,0.8369725942611694,0.8656160235404968,0.9669097746571609,63
5BONA,63,36,0.8496245741844177,0.8656160235404968,0.9815259319130072,63
5BONA,63,37,0.8464406728744507,0.8656160235404968,0.9778477406326004,63
5BONA,63,38,0.8492245674133301,0.8656160235404968,0.9810638254359904,63
5BONA,63,39,0.8439497947692871,0.8656160235404968,0.9749701620788029,63
5BONA,63,40,0.8521414399147034,0.8656160235404968,0.9844335325833267,63
5BONA,63,41,0.849304735660553,0.8656160235404968,0.9811564395339769,63
5BONA,63,42,0.8546084761619568,0.8656160235404968,0.9872835679109572,63
5BONA,63,43,0.8531309962272644,0.8656160235404968,0.9855767141853881,63
5BONA,63,44,0.8447787761688232,0.8656160235404968,0.9759278400526296,63
5BONA,63,45,0.8421295285224915,0.8656160235404968,0.9728673056190178,63
5BONA,63,46,0.8473703861236572,0.8656160235404968,0.9789217887369827,63
5BONA,63,47,0.8480437397956848,0.8656160235404968,0.9796996783020042,63
5BONA,63,48,0.8427416086196899,0.8656160235404968,0.9735744090927901,63
5BONA,63,49,0.8516477942466736,0.8656160235404968,0.9838632500855389,63
5BONA,63,50,0.848811149597168,0.8656160235404968,0.9805862258942545,63
5BONA,63,51,0.8457251191139221,0.8656160235404968,0.9770210995572634,63
5BONA,63,52,0.845604419708252,0.8656160235404968,0.9768816619747929,63
5BONA,63,53,0.849600613117218,0.8656160235404968,0.9814982509707093,63
5BONA,63,54,0.8507038950920105,0.8656160235404968,0.9827728137615873,63
5BONA,63,55,0.8433356881141663,0.8656160235404968,0.9742607174308064,63
5BONA,63,56,0.8329732418060303,0.8656160235404968,0.9622895361837772,63
5BONA,63,57,0.8331990242004395,0.8656160235404968,0.9625503705355787,63
5BONA,63,58,0.8447886109352112,0.8656160235404968,0.9759392016334235,63
5BONA,63,59,0.8538097739219666,0.8656160235404968,0.9863608698343627,63
5BONA,63,60,0.8508710265159607,0.8656160235404968,0.982965891777018,63
5BONA,63,61,0.8469225764274597,0.8656160235404968,0.9784044580915009,63
5BONA,63,62,0.844991147518158,0.8656160235404968,0.9761731813397122,63
5BONA,63,63,0.847372829914093,0.8656160235404968,0.9789246119176648,63
5BONA,63,64,0.8481389880180359,0.8656160235404968,0.9798097134905414,63
5BONA,63,65,0.8517419099807739,0.8656160235404968,0.9839719769708332,63
5BONA,63,66,0.8536995649337769,0.8656160235404968,0.9862335512714057,63
5BONA,63,67,0.8526734709739685,0.8656160235404968,0.9850481596752433,63
5BONA,63,68,0.8536463379859924,0.8656160235404968,0.9861720610189878,63
5BONA,63,69,0.8537130951881409,0.8656160235404968,0.9862491820522554,63
5BONA,63,70,0.853630006313324,0.8656160235404968,0.9861531939090634,63
5BONA,63,71,0.8536692261695862,0.8656160235404968,0.9861985025161082,63
5BONA,63,72,0.8535959720611572,0.8656160235404968,0.98611387595371,63
5BONA,63,73,0.8541857004165649,0.8656160235404968,0.9867951576529508,63
5BONA,63,74,0.8553735613822937,0.8656160235404968,0.9881674300386563,63
5BONA,63,75,0.849865734577179,0.8656160235404968,0.9818045316456864,63
5BONA,63,76,0.8511834144592285,0.8656160235404968,0.9833267768978712,63
5BONA,63,77,0.8541242480278015,0.8656160235404968,0.9867241649875054,63
5BONA,63,78,0.852209746837616,0.8656160235404968,0.9845124439262951,63
5BONA,63,79,0.8524200916290283,0.8656160235404968,0.9847554440391535,63
5BONA,63,80,0.8517538905143738,0.8656160235404968,0.9839858174419821,63
2B06A,58,0,0.8060865998268127,0.8446611762046814,0.9543313017520281,58
2B06A,58,1,0.6641128063201904,0.8446611762046814,0.7862475807213616,57
2B06A,58,2,0.5315554141998291,0.8446611762046814,0.6293120000948411,58
2B06A,58,3,0.45067185163497925,0.8446611762046814,0.5335534109191385,58
2B06A,58,4,0.2534709870815277,0.8446611762046814,0.3000859921376399,56
2B06A,58,5,0.1266694962978363,0.8446611762046814,0.14996486149274757,56
2B06A,58,6,0.027661524713039398,0.8446611762046814,0.03274866359707807,56
2B06A,58,7,-0.027913689613342285,0.8446611762046814,-0.0330472033043675,154
2B06A,58,8,-0.06838521361351013,0.8446611762046814,-0.08096171049412454,154
2B06A,58,9,-0.11423949152231216,0.8446611762046814,-0.13524889593674094,154
2B06A,58,10,-0.15930265188217163,0.8446611762046814,-0.18859947203678368,154
2B06A,58,11,-0.22242817282676697,0.8446611762046814,-0.26333419730051305,154
2B06A,58,12,-0.3151455819606781,0.8446611762046814,-0.3731029563554971,154
2B06A,58,13,-0.34281933307647705,0.8446611762046814,-0.40586609487234654,154
2B06A,58,14,-0.3502931594848633,0.8446611762046814,-0.4147144078041287,154
2B06A,58,15,-0.36808332800865173,0.8446611762046814,-0.43577630697146713,154
2B06A,58,16,-0.3558127284049988,0.8446611762046814,-0.42124906226159603,154
2B06A,58,17,-0.33856093883514404,0.8446611762046814,-0.40082455352855323,48
2B06A,58,18,0.29721924662590027,0.8446611762046814,0.35187984839246006,58
2B06A,58,19,0.6980350017547607,0.8446611762046814,0.8264082941413781,58
2B06A,58,20,0.7750765681266785,0.8446611762046814,0.9176183183999675,58
2B06A,58,21,0.7873277068138123,0.8446611762046814,0.9321225232009765,58
2B06A,58,22,0.7981706261634827,0.8446611762046814,0.9449595277362044,58
2B06A,58,23,0.8045759201049805,0.8446611762046814,0.9525427979538302,58
2B06A,58,24,0.8014605045318604,0.8446611762046814,0.9488544366784623,58
2B06A,58,25,0.8100236058235168,0.8446611762046814,0.9589923494094974,58
2B06A,58,26,0.819355309009552,0.8446611762046814,0.9700402150494991,58
2B06A,58,27,0.8236009478569031,0.8446611762046814,0.9750666551972847,58
2B06A,58,28,0.8273293375968933,0.8446611762046814,0.9794807206770586,58
2B06A,58,29,0.8249561190605164,0.8446611762046814,0.9766710514235947,58
2B06A,58,30,0.8296559453010559,0.8446611762046814,0.9822352070553917,58
2B06A,58,31,0.8396073579788208,0.8446611762046814,0.994016750895822,58
2B06A,58,32,0.834401547908783,0.8446611762046814,0.9878535576336087,58
2B06A,58,33,0.839699923992157,0.8446611762046814,0.9941263404163823,58
2B06A,58,34,0.8472099304199219,0.8446611762046814,1.0030174871144106,58
2B06A,58,35,0.865142285823822,0.8446611762046814,1.0242477222774324,58
2B06A,58,36,0.8727234601974487,0.8446611762046814,1.0332231251812232,58
2B06A,58,37,0.8796366453170776,0.8446611762046814,1.041407691152033,58
2B06A,58,38,0.8882595896720886,0.8446611762046814,1.0516164524848983,58
2B06A,58,39,0.8949592113494873,0.8446611762046814,1.0595481792720842,58
2B06A,58,40,0.8985440731048584,0.8446611762046814,1.0637923210136035,58
2B06A,58,41,0.8925487399101257,0.8446611762046814,1.0566944060583177,58
2B06A,58,42,0.9095360636711121,0.8446611762046814,1.076805811956379,58
2B06A,58,43,0.8982049822807312,0.8446611762046814,1.0633908691253438,58
2B06A,58,44,0.8980841040611267,0.8446611762046814,1.0632477605949533,58
2B06A,58,45,0.8841143250465393,0.8446611762046814,1.0467088460477523,58
2B06A,58,46,0.8800506591796875,0.8446611762046814,1.0418978449252536,58
2B06A,58,47,0.8794192671775818,0.8446611762046814,1.0411503357228742,58
2B06A,58,48,0.88216233253479,0.8446611762046814,1.044397869094224,58
2B06A,58,49,0.8755767941474915,0.8446611762046814,1.0366012062750691,58
2B06A,58,50,0.8741917610168457,0.8446611762046814,1.0349614563141805,58
2B06A,58,51,0.8547800183296204,0.8446611762046814,1.0119797646796151,58
2B06A,58,52,0.8512279987335205,0.8446611762046814,1.0077745049894986,58
2B06A,58,53,0.8496344089508057,0.8446611762046814,1.0058878434172511,58
2B06A,58,54,0.8498360514640808,0.8446611762046814,1.006126569333578,58
2B06A,58,55,0.8468185663223267,0.8446611762046814,1.002554148549054,58
2B06A,58,56,0.8470537662506104,0.8446611762046814,1.0028326033128214,58
2B06A,58,57,0.8433971405029297,0.8446611762046814,0.9985034997021748,58
2B06A,58,58,0.8412351608276367,0.8446611762046814,0.9959439175452117,58
2B06A,58,59,0.8429921269416809,0.8446611762046814,0.9980240014457631,58
2B06A,58,60,0.843043863773346,0.8446611762046814,0.9980852530258316,58
2B06A,58,61,0.8420180678367615,0.8446611762046814,0.9968708063749346,58
2B06A,58,62,0.8388673067092896,0.8446611762046814,0.9931405992620314,58
2B06A,58,63,0.842547595500946,0.8446611762046814,0.9974977177082622,58
2B06A,58,64,0.8426250219345093,0.8446611762046814,0.9975893833793555,58
2B06A,58,65,0.8462042212486267,0.8446611762046814,1.0018268213189088,58
2B06A,58,66,0.8475627303123474,0.8446611762046814,1.0034351692600618,58
2B06A,58,67,0.8485834002494812,0.8446611762046814,1.0046435472060211,58
2B06A,58,68,0.84428870677948,0.8446611762046814,0.9995590309633088,58
2B06A,58,69,0.8429680466651917,0.8446611762046814,0.9979954926458234,58
2B06A,58,70,0.8455957770347595,0.8446611762046814,1.0011064801560758,58
2B06A,58,71,0.8457810878753662,0.8446611762046814,1.0013258708962058,58
2B06A,58,72,0.8461558818817139,0.8446611762046814,1.00176959202002,58
2B06A,58,73,0.8483688831329346,0.8446611762046814,1.0043895789610138,58
2B06A,58,74,0.8478687405586243,0.8446611762046814,1.0037974568315728,58
2B06A,58,75,0.8493104577064514,0.8446611762046814,1.0055043153784582,58
2B06A,58,76,0.8452955484390259,0.8446611762046814,1.0007510375192037,58
2B06A,58,77,0.846490740776062,0.8446611762046814,1.0021660336983895,58
2B06A,58,78,0.8475168347358704,0.8446611762046814,1.0033808331809688,58
2B06A,58,79,0.8472473621368408,0.8446611762046814,1.0030618027737228,58
2B06A,58,80,0.846712052822113,0.8446611762046814,1.0024280465057562,58
3I7UA,47,0,0.9504345655441284,0.9451321363449097,1.0056102517259913,47
3I7UA,47,1,0.7230236530303955,0.9451321363449097,0.7649974275835443,46
3I7UA,47,2,0.2703384459018707,0.9451321363449097,0.2860324345200504,45
3I7UA,47,3,0.08066490292549133,0.9451321363449097,0.08534775173072104,45
3I7UA,47,4,-0.02626642771065235,0.9451321363449097,-0.027791275632878143,45
3I7UA,47,5,-0.10554404556751251,0.9451321363449097,-0.11167120607673003,45
3I7UA,47,6,-0.09131073951721191,0.9451321363449097,-0.09661161228771258,48
3I7UA,47,7,-0.032410550862550735,0.9451321363449097,-0.0342920842665359,48
3I7UA,47,8,-0.059932563453912735,0.9451321363449097,-0.0634118353923386,48
3I7UA,47,9,-0.00842750258743763,0.9451321363449097,-0.008916745355870703,48
3I7UA,47,10,-0.029163837432861328,0.9451321363449097,-0.030856889011991535,48
3I7UA,47,11,-0.06791320443153381,0.9451321363449097,-0.07185577743041642,133
3I7UA,47,12,-0.07749564200639725,0.9451321363449097,-0.08199450534619908,133
3I7UA,47,13,-0.13631798326969147,0.9451321363449097,-0.14423166669252327,133
3I7UA,47,14,-0.20504894852638245,0.9451321363449097,-0.2169526785105034,48
3I7UA,47,15,0.2722116708755493,0.9451321363449097,0.2880144060366712,47
3I7UA,47,16,0.6602946519851685,0.9451321363449097,0.6986268126896125,47
3I7UA,47,17,0.8602107763290405,0.9451321363449097,0.9101486905902028,47
3I7UA,47,18,0.9100697040557861,0.9451321363449097,0.9629020843321233,47
3I7UA,47,19,0.9107335209846497,0.9451321363449097,0.9636044379008325,47
3I7UA,47,20,0.8932192921638489,0.9451321363449097,0.945073453557698,47
3I7UA,47,21,0.8987034559249878,0.9451321363449097,0.95087599010285,47
3I7UA,47,22,0.905440628528595,0.9451321363449097,0.9580042765556435,47
3I7UA,47,23,0.9183719158172607,0.9451321363449097,0.9716862653394285,47
3I7UA,47,24,0.9273726940155029,0.9451321363449097,0.9812095667404904,47
3I7UA,47,25,0.9350012540817261,0.9451321363449097,0.9892809884738841,47
3I7UA,47,26,0.9283697009086609,0.9451321363449097,0.9822644529884744,47
3I7UA,47,27,0.940276026725769,0.9451321363449097,0.9948619780955491,47
3I7UA,47,28,0.942642867565155,0.9451321363449097,0.9973662214160008,47
3I7UA,47,29,0.942949652671814,0.9451321363449097,0.9976908163534297,47
3I7UA,47,30,0.9634348750114441,0.9451321363449097,1.0193652696408317,47
3I7UA,47,31,0.9696710705757141,0.9451321363449097,1.0259634957771127,47
3I7UA,47,32,0.9510341286659241,0.9451321363449097,1.006244621354046,47
3I7UA,47,33,0.9452037215232849,0.9451321363449097,1.000075740920896,47
3I7UA,47,34,0.9317785501480103,0.9451321363449097,0.9858711965413202,47
3I7UA,47,35,0.9335741996765137,0.9451321363449097,0.9877710891166036,47
3I7UA,47,36,0.9241833090782166,0.9451321363449097,0.977835028075854,47
3I7UA,47,37,0.9177922010421753,0.9451321363449097,0.9710728963164182,47
3I7UA,47,38,0.9212641716003418,0.9451321363449097,0.9747464255771982,47
3I7UA,47,39,0.9193618297576904,0.9451321363449097,0.9727336468666908,47
3I7UA,47,40,0.9292019009590149,0.9451321363449097,0.9831449648432213,47
3I7UA,47,41,0.9281659722328186,0.9451321363449097,0.9820488972285886,47
3I7UA,47,42,0.9293647408485413,0.9451321363449097,0.9833172580954179,47
3I7UA,47,43,0.919211208820343,0.9451321363449097,0.9725742819148969,47
3I7UA,47,44,0.9130347967147827,0.9451321363449097,0.9660393098532695,47
3I7UA,47,45,0.9204115271568298,0.9451321363449097,0.9738442824686067,47
3I7UA,47,46,0.9252208471298218,0.9451321363449097,0.978932798442247,47
3I7UA,47,47,0.9243888854980469,0.9451321363449097,0.9780525388470201,47
3I7UA,47,48,0.9278880953788757,0.9451321363449097,0.9817548887579662,47
3I7UA,47,49,0.9238401651382446,0.9451321363449097,0.9774719635616168,47
3I7UA,47,50,0.919609010219574,0.9451321363449097,0.9729951769241063,47
3I7UA,47,51,0.9231663942337036,0.9451321363449097,0.9767590781579455,47
3I7UA,47,52,0.9234266877174377,0.9451321363449097,0.977034482488964,47
3I7UA,47,53,0.9276785254478455,0.9451321363449097,0.9815331526398391,47
3I7UA,47,54,0.9305046200752258,0.9451321363449097,0.984523310860794,47
3I7UA,47,55,0.9298319816589355,0.9451321363449097,0.9838116236898429,47
3I7UA,47,56,0.9302922487258911,0.9451321363449097,0.9842986106933063,47
3I7UA,47,57,0.9352407455444336,0.9451321363449097,0.9895343831617779,47
3I7UA,47,58,0.9376353025436401,0.9451321363449097,0.9920679516514359,47
3I7UA,47,59,0.9379901885986328,0.9451321363449097,0.9924434399470355,47
3I7UA,47,60,0.9388142228126526,0.9451321363449097,0.9933153119132208,47
3I7UA,47,61,0.9440127015113831,0.9451321363449097,0.9988155784884685,47
3I7UA,47,62,0.9436624050140381,0.9451321363449097,0.9984449461886298,47
3I7UA,47,63,0.9445547461509705,0.9451321363449097,0.9993890905073103,47
3I7UA,47,64,0.9421082735061646,0.9451321363449097,0.9968005925071607,47
3I7UA,47,65,0.9408265948295593,0.9451321363449097,0.9954445083922328,47
3I7UA,47,66,0.941850483417511,0.9451321363449097,0.9965278369011028,47
3I7UA,47,67,0.9410436749458313,0.9451321363449097,0.9956741906852415,47
3I7UA,47,68,0.9460274577140808,0.9451321363449097,1.0009472975626812,47
3I7UA,47,69,0.9427033066749573,0.9451321363449097,0.9974301692043344,47
3I7UA,47,70,0.946648120880127,0.9451321363449097,1.0016039921582605,47
3I7UA,47,71,0.9482978582382202,0.9451321363449097,1.0033495019072711,47
3I7UA,47,72,0.9482593536376953,0.9451321363449097,1.0033087619947825,47
3I7UA,47,73,0.9494236707687378,0.9451321363449097,1.0045406713609641,47
3I7UA,47,74,0.9479714632034302,0.9451321363449097,1.003004158624318,47
3I7UA,47,75,0.9489785432815552,0.9451321363449097,1.004069702837024,47
3I7UA,47,76,0.9490310549736023,0.9451321363449097,1.0041252629963158,47
3I7UA,47,77,0.9487707018852234,0.9451321363449097,1.0038497956004173,47
3I7UA,47,78,0.948502242565155,0.9451321363449097,1.0035657513808371,47
3I7UA,47,79,0.9494132399559021,0.9451321363449097,1.0045296350069617,47
3I7UA,47,80,0.9489579796791077,0.9451321363449097,1.0040479454534195,47
2B0VA,55,0,1.0324151515960693,0.8700593709945679,1.1866031055052162,55
2B0VA,55,1,0.7830815315246582,0.8700593709945679,0.9000322939220975,54
2B0VA,55,2,0.4169272184371948,0.8700593709945679,0.4791939864524462,53
2B0VA,55,3,0.25805726647377014,0.8700593709945679,0.29659730712259785,53
2B0VA,55,4,0.19037961959838867,0.8700593709945679,0.21881221666604783,51
2B0VA,55,5,0.15048721432685852,0.8700593709945679,0.1729620062075029,51
2B0VA,55,6,-0.0029885577969253063,0.8700593709945679,-0.0034348894989879547,53
2B0VA,55,7,-0.06406813859939575,0.8700593709945679,-0.07363651347856784,51
2B0VA,55,8,-0.1644093245267868,0.8700593709945679,-0.18896333975329746,152
2B0VA,55,9,-0.20448069274425507,0.8700593709945679,-0.23501924071056493,152
2B0VA,55,10,-0.23411798477172852,0.8700593709945679,-0.26908276903460904,152
2B0VA,55,11,-0.28077980875968933,0.8700593709945679,-0.32271338959171136,152
2B0VA,55,12,-0.30896884202957153,0.8700593709945679,-0.3551123662703479,152
2B0VA,55,13,-0.30196040868759155,0.8700593709945679,-0.3470572454640878,152
2B0VA,55,14,-0.3062160313129425,0.8700593709945679,-0.351948431936209,152
2B0VA,55,15,-0.3157053291797638,0.8700593709945679,-0.362854926576884,152
2B0VA,55,16,-0.3458855152130127,0.8700593709945679,-0.3975424284179938,152
2B0VA,55,17,-0.31522586941719055,0.8700593709945679,-0.36230386100761697,68
2B0VA,55,18,0.346830278635025,0.8700593709945679,0.3986282892839395,55
2B0VA,55,19,0.6529518961906433,0.8700593709945679,0.7504682070652854,55
2B0VA,55,20,0.8570425510406494,0.8700593709945679,0.9850391589495336,55
2B0VA,55,21,0.8911848664283752,0.8700593709945679,1.0242805216955009,55
2B0VA,55,22,0.8995589017868042,0.8700593709945679,1.033905192881855,55
2B0VA,55,23,0.8980287313461304,0.8700593709945679,1.0321464963012703,55
2B0VA,55,24,0.8891935348510742,0.8700593709945679,1.0219917910137948,55
2B0VA,55,25,0.8862199783325195,0.8700593709945679,1.0185741431868935,55
2B0VA,55,26,0.8758077621459961,0.8700593709945679,1.0066068952798672,55
2B0VA,55,27,0.8840880393981934,0.8700593709945679,1.0161238058818782,55
2B0VA,55,28,0.8906212449073792,0.8700593709945679,1.0236327250740451,55
2B0VA,55,29,0.8850069642066956,0.8700593709945679,1.0171799692186994,55
2B0VA,55,30,0.8957352042198181,0.8700593709945679,1.0295104381163094,55
2B0VA,55,31,0.8851565718650818,0.8700593709945679,1.0173519203100545,55
2B0VA,55,32,0.9123020768165588,0.8700593709945679,1.0485515209998868,55
2B0VA,55,33,0.9099700450897217,0.8700593709945679,1.0458712076734853,55
2B0VA,55,34,0.9336822032928467,0.8700593709945679,1.0731247020827457,55
2B0VA,55,35,0.9196045994758606,0.8700593709945679,1.0569446524375197,55
2B0VA,55,36,0.9331372976303101,0.8700593709945679,1.072498416474312,55
2B0VA,55,37,0.9192314147949219,0.8700593709945679,1.0565157337988846,55
2B0VA,55,38,0.9209063649177551,0.8700593709945679,1.0584408324515417,55
2B0VA,55,39,0.9239137172698975,0.8700593709945679,1.0618973234134224,55
2B0VA,55,40,0.9201688170433044,0.8700593709945679,1.0575931341230844,55
2B0VA,55,41,0.9109476208686829,0.8700593709945679,1.0469947813186307,55
2B0VA,55,42,0.8941085338592529,0.8700593709945679,1.02764082965648,55
2B0VA,55,43,0.8966522812843323,0.8700593709945679,1.0305644777543927,55
2B0VA,55,44,0.8961255550384521,0.8700593709945679,1.0299590866012833,55
2B0VA,55,45,0.8993074893951416,0.8700593709945679,1.0336162328406855,55
2B0VA,55,46,0.8971703052520752,0.8700593709945679,1.031159866971511,55
2B0VA,55,47,0.8909322619438171,0.8700593709945679,1.0239901915261131,55
2B0VA,55,48,0.8912004232406616,0.8700593709945679,1.0242984018687453,55
2B0VA,55,49,0.8800855875015259,0.8700593709945679,1.011523600390048,55
2B0VA,55,50,0.879265308380127,0.8700593709945679,1.0105808151632638,55
2B0VA,55,51,0.8851878046989441,0.8700593709945679,1.0173878176693654,55
2B0VA,55,52,0.8758781552314758,0.8700593709945679,1.0066878013511382,55
2B0VA,55,53,0.8752930164337158,0.8700593709945679,1.0060152739153483,55
2B0VA,55,54,0.8759763240814209,0.8700593709945679,1.006800631409888,55
2B0VA,55,55,0.8838618993759155,0.8700593709945679,1.0158638925589296,55
2B0VA,55,56,0.8769576549530029,0.8700593709945679,1.00792852095892,55
2B0VA,55,57,0.8737757205963135,0.8700593709945679,1.0042713747195176,55
2B0VA,55,58,0.8775261044502258,0.8700593709945679,1.0085818665996582,55
2B0VA,55,59,0.8764180541038513,0.8700593709945679,1.0073083324210563,55
2B0VA,55,60,0.8697541356086731,0.8700593709945679,0.9996491786697891,55
2B0VA,55,61,0.8667256236076355,0.8700593709945679,0.9961683679320394,55
2B0VA,55,62,0.8639183044433594,0.8700593709945679,0.9929417844851339,55
2B0VA,55,63,0.8639649152755737,0.8700593709945679,0.9929953564984565,55
2B0VA,55,64,0.863821268081665,0.8700593709945679,0.9928302560481912,55
2B0VA,55,65,0.8634752631187439,0.8700593709945679,0.9924325763329258,55
2B0VA,55,66,0.8628886342048645,0.8700593709945679,0.9917583362368634,55
2B0VA,55,67,0.8612608313560486,0.8700593709945679,0.9898874261552271,55
2B0VA,55,68,0.8618199229240417,0.8700593709945679,0.9905300162894544,55
2B0VA,55,69,0.8589630126953125,0.8700593709945679,0.9872464355086813,55
2B0VA,55,70,0.8602467179298401,0.8700593709945679,0.988721858080201,55
2B0VA,55,71,0.8595511317253113,0.8700593709945679,0.9879223882650162,55
2B0VA,55,72,0.8581496477127075,0.8700593709945679,0.9863115970255613,55
2B0VA,55,73,0.8571979403495789,0.8700593709945679,0.9852177551627459,55
2B0VA,55,74,0.8580484986305237,0.8700593709945679,0.9861953416462667,55
2B0VA,55,75,0.8582705855369568,0.8700593709945679,0.9864505965332742,55
2B0VA,55,76,0.8640960454940796,0.8700593709945679,0.9931460706024331,55
2B0VA,55,77,0.8628430366516113,0.8700593709945679,0.9917059288325261,55
2B0VA,55,78,0.8607130646705627,0.8700593709945679,0.9892578522390704,55
2B0VA,55,79,0.8602864146232605,0.8700593709945679,0.9887674833498593,55
2B0VA,55,80,0.8633830547332764,0.8700593709945679,0.9923265969152659,55
3GWYA,56,0,0.7884761095046997,0.8374925255775452,0.9414724136922379,56
3GWYA,56,1,0.6795781850814819,0.8374925255775452,0.8114438807830988,55
3GWYA,56,2,0.537406861782074,0.8374925255775452,0.6416855618042341,56
3GWYA,56,3,0.49416816234588623,0.8374925255775452,0.5900568031996486,56
3GWYA,56,4,0.24809598922729492,0.8374925255775452,0.296236660806262,54
3GWYA,56,5,0.0062581077218055725,0.8374925255775452,0.007472434118131269,54
3GWYA,56,6,-0.06079002469778061,0.8374925255775452,-0.07258575192161752,54
3GWYA,56,7,-0.15828919410705566,0.8374925255775452,-0.18900370961268875,139
3GWYA,56,8,-0.10769344121217728,0.8374925255775452,-0.1285903311649385,139
3GWYA,56,9,-0.12405327707529068,0.8374925255775452,-0.1481246378763106,139
3GWYA,56,10,-0.1133052408695221,0.8374925255775452,-0.1352910472739866,63
3GWYA,56,11,-0.17914387583732605,0.8374925255775452,-0.21390504436297653,63
3GWYA,56,12,-0.14459562301635742,0.8374925255775452,-0.17265303104244722,63
3GWYA,56,13,-0.08494365960359573,0.8374925255775452,-0.10142617039479551,139
3GWYA,56,14,-0.07635138928890228,0.8374925255775452,-0.09116665159041201,139
3GWYA,56,15,-0.1314420849084854,0.8374925255775452,-0.15694717372891337,62
3GWYA,56,16,-0.12023704499006271,0.8374925255775452,-0.14356790218174875,63
3GWYA,56,17,-0.07723718136548996,0.8374925255775452,-0.09222432321079671,63
3GWYA,56,18,0.7499722838401794,0.8374925255775452,0.8954972861674071,56
3GWYA,56,19,0.8567639589309692,0.8374925255775452,1.0230108720554063,56
3GWYA,56,20,0.8940454721450806,0.8374925255775452,1.0675265090020185,56
3GWYA,56,21,0.8815418481826782,0.8374925255775452,1.0525966755043648,56
3GWYA,56,22,0.8773773908615112,0.8374925255775452,1.0476241447724695,56
3GWYA,56,23,0.8832391500473022,0.8374925255775452,1.054623322683638,56
3GWYA,56,24,0.8912027478218079,0.8374925255775452,1.0641321810092854,56
3GWYA,56,25,0.8934921622276306,0.8374925255775452,1.066865834547559,56
3GWYA,56,26,0.8963414430618286,0.8374925255775452,1.0702679912799227,56
3GWYA,56,27,0.8982784748077393,0.8374925255775452,1.0725808856482335,56
3GWYA,56,28,0.9151708483695984,0.8374925255775452,1.0927510639435083,56
3GWYA,56,29,0.9124243855476379,0.8374925255775452,1.089471676082624,56
3GWYA,56,30,0.9137897491455078,0.8374925255775452,1.0911019755255096,56
3GWYA,56,31,0.915976881980896,0.8374925255775452,1.0937135007255463,56
3GWYA,56,32,0.9180935025215149,0.8374925255775452,1.0962408313893743,56
3GWYA,56,33,0.9234849810600281,0.8374925255775452,1.1026784751579501,56
3GWYA,56,34,0.9249699115753174,0.8374925255775452,1.104451542343553,56
3GWYA,56,35,0.9110187292098999,0.8374925255775452,1.0877932654761906,56
3GWYA,56,36,0.8999567031860352,0.8374925255775452,1.0745847583122177,56
3GWYA,56,37,0.9120462536811829,0.8374925255775452,1.0890201713170211,56
3GWYA,56,38,0.9042035937309265,0.8374925255775452,1.0796557176523773,56
3GWYA,56,39,0.9123438596725464,0.8374925255775452,1.0893755249258885,56
3GWYA,56,40,0.9006494283676147,0.8374925255775452,1.0754119002393672,56
3GWYA,56,41,0.8883157968521118,0.8374925255775452,1.060685044609226,56
3GWYA,56,42,0.8826085329055786,0.8374925255775452,1.0538703402718979,56
3GWYA,56,43,0.8807024955749512,0.8374925255775452,1.0515944544909315,56
3GWYA,56,44,0.862330973148346,0.8374925255775452,1.0296581125350006,56
3GWYA,56,45,0.8592021465301514,0.8374925255775452,1.0259221668129337,56
3GWYA,56,46,0.8604267835617065,0.8374925255775452,1.027384433035203,56
3GWYA,56,47,0.8614261150360107,0.8374925255775452,1.0285776752956222,56
3GWYA,56,48,0.8655979633331299,0.8374925255775452,1.0335590311521918,56
3GWYA,56,49,0.8686482906341553,0.8374925255775452,1.037201245509773,56
3GWYA,56,50,0.8448427319526672,0.8374925255775452,1.0087764441480278,56
3GWYA,56,51,0.8396149277687073,0.8374925255775452,1.002534234188775,56
3GWYA,56,52,0.8396390676498413,0.8374925255775452,1.0025630581846876,56
3GWYA,56,53,0.8413527011871338,0.8374925255775452,1.0046092060426768,56
3GWYA,56,54,0.8378632068634033,0.8374925255775452,1.0004426084705682,56
3GWYA,56,55,0.8347145318984985,0.8374925255775452,0.9966829630185285,56
3GWYA,56,56,0.8327051997184753,0.8374925255775452,0.9942837390032008,56
3GWYA,56,57,0.8296768069267273,0.8374925255775452,0.9906677153382019,56
3GWYA,56,58,0.8319260478019714,0.8374925255775452,0.9933534000536483,56
3GWYA,56,59,0.8310704231262207,0.8374925255775452,0.9923317495318592,56
3GWYA,56,60,0.8306919932365417,0.8374925255775452,0.9918798889144549,56
3GWYA,56,61,0.833336353302002,0.8374925255775452,0.9950373619481833,56
3GWYA,56,62,0.8349345326423645,0.8374925255775452,0.9969456528183143,56
3GWYA,56,63,0.8326879143714905,0.8374925255775452,0.9942630995987202,56
3GWYA,56,64,0.8337098360061646,0.8374925255775452,0.9954833154256845,56
3GWYA,56,65,0.8344115614891052,0.8374925255775452,0.9963212040772361,56
3GWYA,56,66,0.8350681066513062,0.8374925255775452,0.997105145595697,56
3GWYA,56,67,0.8367102742195129,0.8374925255775452,0.999065960191713,56
3GWYA,56,68,0.8365380167961121,0.8374925255775452,0.9988602778505099,56
3GWYA,56,69,0.8363527059555054,0.8374925255775452,0.9986390092004059,56
3GWYA,56,70,0.8354054093360901,0.8374925255775452,0.9975078986645095,56
3GWYA,56,71,0.8363312482833862,0.8374925255775452,0.998613387870706,56
3GWYA,56,72,0.8357424736022949,0.8374925255775452,0.997910367051881,56
3GWYA,56,73,0.8360884785652161,0.8374925255775452,0.9983235109932941,56
3GWYA,56,74,0.8349230289459229,0.8374925255775452,0.9969319169387806,56
3GWYA,56,75,0.8355019092559814,0.8374925255775452,0.9976231234777995,56
3GWYA,56,76,0.8327406644821167,0.8374925255775452,0.9943260853675661,56
3GWYA,56,77,0.8306114077568054,0.8374925255775452,0.9917836665873592,56
3GWYA,56,78,0.8299993872642517,0.8374925255775452,0.9910528893280258,56
3GWYA,56,79,0.8292993307113647,0.8374925255775452,0.9902169934465621,56
3GWYA,56,80,0.8273880481719971,0.8374925255775452,0.9879348446738914,56
3N77A,56,0,0.8147088289260864,0.8634517788887024,0.9435487294665718,56
3N77A,56,1,0.5647170543670654,0.8634517788887024,0.6540226891348574,55
3N77A,56,2,0.557514488697052,0.8634517788887024,0.6456810934069716,56
3N77A,56,3,0.5441069006919861,0.8634517788887024,0.6301531990498344,56
3N77A,56,4,0.2859783172607422,0.8634517788887024,0.33120357645079834,53
3N77A,56,5,0.03698945418000221,0.8634517788887024,0.042839050291388764,53
3N77A,56,6,-0.07390698790550232,0.8634517788887024,-0.0855948064646107,53
3N77A,56,7,-0.1623399406671524,0.8634517788887024,-0.18801274678719235,53
3N77A,56,8,-0.11701405793428421,0.8634517788887024,-0.13551892623915382,61
3N77A,56,9,-0.09859347343444824,0.8634517788887024,-0.11418526876085895,47
3N77A,56,10,-0.06176882982254028,0.8634517788887024,-0.07153709255430486,48
3N77A,56,11,-0.15540653467178345,0.8634517788887024,-0.17998287625488246,48
3N77A,56,12,-0.2037154734134674,0.8634517788887024,-0.2359315000493224,48
3N77A,56,13,-0.2190653383731842,0.8634517788887024,-0.2537088274404046,48
3N77A,56,14,-0.21237404644489288,0.8634517788887024,-0.24595935944243108,48
3N77A,56,15,-0.15599879622459412,0.8634517788887024,-0.1806687993918675,48
3N77A,56,16,-0.2095649242401123,0.8634517788887024,-0.24270599628601253,57
3N77A,56,17,-0.018899738788604736,0.8634517788887024,-0.021888586312173067,72
3N77A,56,18,0.07846274971961975,0.8634517788887024,0.09087102677650917,56
3N77A,56,19,0.3946993350982666,0.8634517788887024,0.4571179824381863,56
3N77A,56,20,0.6430010199546814,0.8634517788887024,0.7446866584515581,56
3N77A,56,21,0.8144449591636658,0.8634517788887024,0.943243130741927,56
3N77A,56,22,0.8306368589401245,0.8634517788887024,0.9619956542439324,56
3N77A,56,23,0.859485924243927,0.8634517788887024,0.9954069761140806,56
3N77A,56,24,0.8615419864654541,0.8634517788887024,0.9977881886748716,56
3N77A,56,25,0.8695082068443298,0.8634517788887024,1.0070142051979118,56
3N77A,56,26,0.8817917108535767,0.8634517788887024,1.0212402503686755,56
3N77A,56,27,0.8788048624992371,0.8634517788887024,1.0177810550466346,56
3N77A,56,28,0.8705294728279114,0.8634517788887024,1.0081969764985814,56
3N77A,56,29,0.8653561472892761,0.8634517788887024,1.002205529535216,56
3N77A,56,30,0.8938148617744446,0.8634517788887024,1.0351647696236386,56
3N77A,56,31,0.9017185568809509,0.8634517788887024,1.0443183729860392,56
3N77A,56,32,0.923039436340332,0.8634517788887024,1.0690109846415758,56
3N77A,56,33,0.9229169487953186,0.8634517788887024,1.0688691266386066,56
3N77A,56,34,0.9379947185516357,0.8634517788887024,1.0863313290741878,56
3N77A,56,35,0.9321983456611633,0.8634517788887024,1.0796183046387844,56
3N77A,56,36,0.9300203919410706,0.8634517788887024,1.0770959243816078,56
3N77A,56,37,0.9203460216522217,0.8634517788887024,1.065891627250736,56
3N77A,56,38,0.9150638580322266,0.8634517788887024,1.05977413030517,56
3N77A,56,39,0.8980473875999451,0.8634517788887024,1.0400666366751465,56
3N77A,56,40,0.8812039494514465,0.8634517788887024,1.020559539046398,56
3N77A,56,41,0.8755655884742737,0.8634517788887024,1.0140295148863578,56
3N77A,56,42,0.8729787468910217,0.8634517788887024,1.0110335843127,56
3N77A,56,43,0.8619806170463562,0.8634517788887024,0.9982961852898843,56
3N77A,56,44,0.8622134327888489,0.8634517788887024,0.9985658190415134,56
3N77A,56,45,0.8629303574562073,0.8634517788887024,0.9993961198004986,56
3N77A,56,46,0.8636297583580017,0.8634517788887024,1.0002061255459203,56
3N77A,56,47,0.8586564064025879,0.8634517788887024,0.9944462764414171,56
3N77A,56,48,0.8590734004974365,0.8634517788887024,0.9949292149274381,56
3N77A,56,49,0.8589824438095093,0.8634517788887024,0.9948238741427514,56
3N77A,56,50,0.8577740788459778,0.8634517788887024,0.9934244156054296,56
3N77A,56,51,0.8509393930435181,0.8634517788887024,0.9855088771010603,56
3N77A,56,52,0.8547828793525696,0.8634517788887024,0.9899601810453271,56
3N77A,56,53,0.8541930913925171,0.8634517788887024,0.9892771226806648,56
3N77A,56,54,0.8606563210487366,0.8634517788887024,0.9967624621220149,56
3N77A,56,55,0.8520352244377136,0.8634517788887024,0.9867780057553621,56
3N77A,56,56,0.856277346611023,0.8634517788887024,0.9916909867428692,56
3N77A,56,57,0.8604243397712708,0.8634517788887024,0.996493794799603,56
3N77A,56,58,0.8629565238952637,0.8634517788887024,0.9994264242595271,56
3N77A,56,59,0.8622415661811829,0.8634517788887024,0.9985984015122684,56
3N77A,56,60,0.8629215955734253,0.8634517788887024,0.9993859722937168,56
3N77A,56,61,0.8636815547943115,0.8634517788887024,1.000266113188052,56
3N77A,56,62,0.8582518696784973,0.8634517788887024,0.9939777653629974,56
3N77A,56,63,0.8579069375991821,0.8634517788887024,0.9935782849429569,56
3N77A,56,64,0.8585189580917358,0.8634517788887024,0.9942870917431946,56
3N77A,56,65,0.8581659197807312,0.8634517788887024,0.9938782231536145,56
3N77A,56,66,0.8587782979011536,0.8634517788887024,0.9945874441378025,56
3N77A,56,67,0.8576630353927612,0.8634517788887024,0.9932958114888691,56
3N77A,56,68,0.854219377040863,0.8634517788887024,0.98930756520101,56
3N77A,56,69,0.8518722653388977,0.8634517788887024,0.9865892759353534,56
3N77A,56,70,0.854323148727417,0.8634517788887024,0.9894277475772483,56
3N77A,56,71,0.8553913831710815,0.8634517788887024,0.9906649150367205,56
3N77A,56,72,0.8527825474739075,0.8634517788887024,0.9876435121501207,56
3N77A,56,73,0.851934552192688,0.8634517788887024,0.9866614129733596,56
3N77A,56,74,0.8555505275726318,0.8634517788887024,0.990849226894593,56
3N77A,56,75,0.8560972213745117,0.8634517788887024,0.9914823760932472,56
3N77A,56,76,0.8565701246261597,0.8634517788887024,0.9920300653368278,56
3N77A,56,77,0.8585953712463379,0.8634517788887024,0.9943755890472368,56
3N77A,56,78,0.8559631109237671,0.8634517788887024,0.991327057111894,56
3N77A,56,79,0.8559236526489258,0.8634517788887024,0.9912813588160468,56
3N77A,56,80,0.8588171005249023,0.8634517788887024,0.9946323830964074,56
2YYHA,59,0,0.8956692218780518,0.8500441312789917,1.0536737904776916,59
2YYHA,59,1,0.44576722383499146,0.8500441312789917,0.524404801388702,58
2YYHA,59,2,0.27444037795066833,0.8500441312789917,0.3228542705632711,57
2YYHA,59,3,0.36545509099960327,0.8500441312789917,0.4299248445486389,57
2YYHA,59,4,0.3628888428211212,0.8500441312789917,0.42690588578632044,57
2YYHA,59,5,0.05455755814909935,0.8500441312789917,0.0641820302517836,57
2YYHA,59,6,-0.04590761661529541,0.8500441312789917,-0.05400615677002791,60
2YYHA,59,7,-0.0343388132750988,0.8500441312789917,-0.04039650650070603,138
2YYHA,59,8,-0.09829672425985336,0.8500441312789917,-0.11563720122619321,52
2YYHA,59,9,-0.16120004653930664,0.8500441312789917,-0.18963726776957116,138
2YYHA,59,10,-0.1418224573135376,0.8500441312789917,-0.1668412875225066,138
2YYHA,59,11,-0.2288113683462143,0.8500441312789917,-0.269175869730364,138
2YYHA,59,12,-0.2554764151573181,0.8500441312789917,-0.3005448843849127,138
2YYHA,59,13,-0.22079724073410034,0.8500441312789917,-0.2597479737927075,138
2YYHA,59,14,-0.26953253149986267,0.8500441312789917,-0.31708063332467123,138
2YYHA,59,15,-0.3107367753982544,0.8500441312789917,-0.36555369770121726,54
2YYHA,59,16,-0.32069066166877747,0.8500441312789917,-0.37726354417183083,63
2YYHA,59,17,0.17692627012729645,0.8500441312789917,0.20813774675567726,59
2YYHA,59,18,0.7915820479393005,0.8500441312789917,0.9312246491817688,59
2YYHA,59,19,0.9019179940223694,0.8500441312789917,1.0610249054544114,59
2YYHA,59,20,0.8940529823303223,0.8500441312789917,1.0517724309032215,59
2YYHA,59,21,0.8802182078361511,0.8500441312789917,1.0354970706188618,59
2YYHA,59,22,0.8850482702255249,0.8500441312789917,1.0411792019478627,59
2YYHA,59,23,0.8810684084892273,0.8500441312789917,1.0364972547525926,59
2YYHA,59,24,0.8769962191581726,0.8500441312789917,1.03170669249681,59
2YYHA,59,25,0.8859091401100159,0.8500441312789917,1.0421919374668949,59
2YYHA,59,26,0.8812242746353149,0.8500441312789917,1.0366806171691452,59
2YYHA,59,27,0.891281008720398,0.8500441312789917,1.048511454786895,59
2YYHA,59,28,0.8863762617111206,0.8500441312789917,1.0427414637607848,59
2YYHA,59,29,0.8882361054420471,0.8500441312789917,1.0449294016130564,59
2YYHA,59,30,0.9016894102096558,0.8500441312789917,1.0607559972832912,59
2YYHA,59,31,0.8934735059738159,0.8500441312789917,1.0510907294065774,59
2YYHA,59,32,0.8983793258666992,0.8500441312789917,1.0568619825831649,59
2YYHA,59,33,0.9013553857803345,0.8500441312789917,1.0603630477680481,59
2YYHA,59,34,0.9058611989021301,0.8500441312789917,1.065663729175043,59
2YYHA,59,35,0.8914028406143188,0.8500441312789917,1.0486547789855312,59
2YYHA,59,36,0.8808663487434387,0.8500441312789917,1.0362595497460483,59
2YYHA,59,37,0.8918794393539429,0.8500441312789917,1.0492154542753034,59
2YYHA,59,38,0.8857815265655518,0.8500441312789917,1.042041811679576,59
2YYHA,59,39,0.883624792098999,0.8500441312789917,1.0395046087424675,59
2YYHA,59,40,0.8878050446510315,0.8500441312789917,1.0444222975990953,59
2YYHA,59,41,0.8822706937789917,0.8500441312789917,1.0379116346012662,59
2YYHA,59,42,0.8791344165802002,0.8500441312789917,1.0342220882784505,59
2YYHA,59,43,0.874125599861145,0.8500441312789917,1.0283296686560495,59
2YYHA,59,44,0.8827677965164185,0.8500441312789917,1.0384964309890479,59
2YYHA,59,45,0.8873389959335327,0.8500441312789917,1.0438740334556824,59
2YYHA,59,46,0.8816313743591309,0.8500441312789917,1.0371595331557815,59
2YYHA,59,47,0.885180652141571,0.8500441312789917,1.0413349372928584,59
2YYHA,59,48,0.8877987861633301,0.8500441312789917,1.0444149350546448,59
2YYHA,59,49,0.8877315521240234,0.8500441312789917,1.0443358402914054,59
2YYHA,59,50,0.87571120262146,0.8500441312789917,1.0301949868224478,59
2YYHA,59,51,0.8757511377334595,0.8500441312789917,1.030241966867989,59
2YYHA,59,52,0.8703824877738953,0.8500441312789917,1.0239262359994206,59
2YYHA,59,53,0.8706143498420715,0.8500441312789917,1.0241990007414432,59
2YYHA,59,54,0.8741342425346375,0.8500441312789917,1.0283398359793383,59
2YYHA,59,55,0.8677652478218079,0.8500441312789917,1.0208472900296983,59
2YYHA,59,56,0.8694393634796143,0.8500441312789917,1.0228167356104678,59
2YYHA,59,57,0.8669560551643372,0.8500441312789917,1.0198953480919861,59
2YYHA,59,58,0.869986355304718,0.8500441312789917,1.0234602219954403,59
2YYHA,59,59,0.8696147799491882,0.8500441312789917,1.0230230972134944,59
2YYHA,59,60,0.8659343719482422,0.8500441312789917,1.0186934302403121,59
2YYHA,59,61,0.8655403852462769,0.8500441312789917,1.0182299405372863,59
2YYHA,59,62,0.8642494678497314,0.8500441312789917,1.0167112930352995,59
2YYHA,59,63,0.8616090416908264,0.8500441312789917,1.013605070591375,59
2YYHA,59,64,0.8577064275741577,0.8500441312789917,1.0090139982304651,59
2YYHA,59,65,0.8610188364982605,0.8500441312789917,1.0129107475899588,59
2YYHA,59,66,0.8648764491081238,0.8500441312789917,1.017448879750296,59
2YYHA,59,67,0.8689329624176025,0.8500441312789917,1.022221000585217,59
2YYHA,59,68,0.8657975196838379,0.8500441312789917,1.0185324359349948,59
2YYHA,59,69,0.861651599407196,0.8500441312789917,1.0136551358936383,59
2YYHA,59,70,0.8590435981750488,0.8500441312789917,1.0105870584419145,59
2YYHA,59,71,0.8561451435089111,0.8500441312789917,1.007177288808217,59
2YYHA,59,72,0.85679030418396,0.8500441312789917,1.007936261961856,59
2YYHA,59,73,0.8609534502029419,0.8500441312789917,1.012833826530319,59
2YYHA,59,74,0.8601354360580444,0.8500441312789917,1.011871506910905,59
2YYHA,59,75,0.8564185500144958,0.8500441312789917,1.007498926821497,59
2YYHA,59,76,0.8553189635276794,0.8500441312789917,1.0062053628212821,59
2YYHA,59,77,0.8528582453727722,0.8500441312789917,1.003310550582293,59
2YYHA,59,78,0.8532752990722656,0.8500441312789917,1.0038011765205792,59
2YYHA,59,79,0.8500441908836365,0.8500441312789917,1.000000070119471,59
2YYHA,59,80,0.8500441312789917,0.8500441312789917,1.0,59
3G0TA,218,0,0.961793065071106,1.4772558212280273,0.6510673718459795,218
3G0TA,218,1,0.8806089758872986,1.4772558212280273,0.5961113594768288,219
3G0TA,218,2,0.7787286639213562,1.4772558212280273,0.5271454359706007,220
3G0TA,218,3,0.6997519731521606,1.4772558212280273,0.47368367962866725,220
3G0TA,218,4,0.5491835474967957,1.4772558212280273,0.3717592712142878,220
3G0TA,218,5,0.4469268023967743,1.4772558212280273,0.30253852851650886,214
3G0TA,218,6,0.3930043578147888,1.4772558212280273,0.2660367636853097,220
3G0TA,218,7,0.33589768409729004,1.4772558212280273,0.22737949600229823,220
3G0TA,218,8,0.26636430621147156,1.4772558212280273,0.1803102092297363,220
3G0TA,218,9,0.2337879091501236,1.4772558212280273,0.1582582419311627,227
3G0TA,218,10,0.20797918736934662,1.4772558212280273,0.14078752263535213,214
3G0TA,218,11,0.13845650851726532,1.4772558212280273,0.0937254783685116,207
3G0TA,218,12,0.14032356441020966,1.4772558212280273,0.09498934605216863,212
3G0TA,218,13,0.1425457000732422,1.4772558212280273,0.09649357817709964,212
3G0TA,218,14,0.09380687028169632,1.4772558212280273,0.06350076197615905,204
3G0TA,218,15,0.11058639734983444,1.4772558212280273,0.07485934105705884,204
3G0TA,218,16,0.16247914731502533,1.4772558212280273,0.10998714303928625,204
3G0TA,218,17,0.24217334389686584,1.4772558212280273,0.16393460118204148,204
3G0TA,218,18,0.31946390867233276,1.4772558212280273,0.21625496686604068,204
3G0TA,218,19,0.35711002349853516,1.4772558212280273,0.24173878238751723,204
3G0TA,218,20,0.3663587272167206,1.4772558212280273,0.2479995150143801,207
3G0TA,218,21,0.2813199460506439,1.4772558212280273,0.19043414282624765,197
3G0TA,218,22,0.253107488155365,1.4772558212280273,0.17133626046229378,197
3G0TA,218,23,0.23550522327423096,1.4772558212280273,0.15942074479588642,197
3G0TA,218,24,0.2513194680213928,1.4772558212280273,0.170125894520066,195
3G0TA,218,25,0.2534567713737488,1.4772558212280273,0.1715727010390474,195
3G0TA,218,26,0.24708476662635803,1.4772558212280273,0.16725929461625613,195
3G0TA,218,27,0.25528475642204285,1.4772558212280273,0.1728101204636495,195
3G0TA,218,28,0.26041755080223083,1.4772558212280273,0.17628466719173153,224
3G0TA,218,29,0.2665654420852661,1.4772558212280273,0.1804463643024761,195
3G0TA,218,30,0.23251032829284668,1.4772558212280273,0.15739340806899868,195
3G0TA,218,31,0.1994466483592987,1.4772558212280273,0.13501158397433208,195
3G0TA,218,32,0.17644003033638,1.4772558212280273,0.11943769508364993,195
3G0TA,218,33,0.13343578577041626,1.4772558212280273,0.09032679638350823,224
3G0TA,218,34,0.06675849854946136,1.4772558212280273,0.04519088541750726,224
3G0TA,218,35,0.008612954057753086,1.4772558212280273,0.005830374085507565,436
3G0TA,218,36,-0.03431037813425064,1.4772558212280273,-0.02322575253467526,436
3G0TA,218,37,-0.06647005677223206,1.4772558212280273,-0.0449956302876344,436
3G0TA,218,38,-0.09737801551818848,1.4772558212280273,-0.06591818026294129,436
3G0TA,218,39,-0.150079607963562,1.4772558212280273,-0.10159351265158827,436
3G0TA,218,40,-0.17616219818592072,1.4772558212280273,-0.11924962193716653,436
3G0TA,218,41,-0.20747049152851105,1.4772558212280273,-0.14044317074076107,253
3G0TA,218,42,-0.2205771803855896,1.4772558212280273,-0.1493154924258319,436
3G0TA,218,43,-0.2234278917312622,1.4772558212280273,-0.15124522680542152,436
3G0TA,218,44,-0.23159904778003693,1.4772558212280273,-0.1567765342007663,436
3G0TA,218,45,-0.2345586121082306,1.4772558212280273,-0.15877995451948496,436
3G0TA,218,46,-0.23235967755317688,1.4772558212280273,-0.1572914279396907,436
3G0TA,218,47,-0.21919330954551697,1.4772558212280273,-0.14837870759805424,436
3G0TA,218,48,-0.2119688242673874,1.4772558212280273,-0.1434882308273322,436
3G0TA,218,49,0.07176213711500168,1.4772558212280273,0.04857800259358366,218
3G0TA,218,50,0.7753505706787109,1.4772558212280273,0.5248587005290459,218
3G0TA,218,51,1.1671116352081299,1.4772558212280273,0.7900538406664881,218
3G0TA,218,52,1.296462059020996,1.4772558212280273,0.8776151296146261,218
3G0TA,218,53,1.392749547958374,1.4772558212280273,0.9427950988208635,218
3G0TA,218,54,1.4451059103012085,1.4772558212280273,0.9782367343118046,218
3G0TA,218,55,1.4656697511672974,1.4772558212280273,0.9921570320493991,218
3G0TA,218,56,1.4373294115066528,1.4772558212280273,0.9729725825766697,218
3G0TA,218,57,1.3533973693847656,1.4772558212280273,0.9161563961614316,218
3G0TA,218,58,1.167457938194275,1.4772558212280273,0.7902882638321772,218
3G0TA,218,59,1.4675829410552979,1.4772558212280273,0.9934521292563339,218
3G0TA,218,60,1.4696506261825562,1.4772558212280273,0.9948518090528498,218
3G0TA,218,61,1.4923051595687866,1.4772558212280273,1.0101873610003778,218
3G0TA,218,62,1.5099637508392334,1.4772558212280273,1.022141005735903,218
3G0TA,218,63,1.517313003540039,1.4772558212280273,1.0271159414208384,218
3G0TA,218,64,1.5232758522033691,1.4772558212280273,1.0311523774785913,218
3G0TA,218,65,1.5267637968063354,1.4772558212280273,1.0335134746919816,218
3G0TA,218,66,1.5329551696777344,1.4772558212280273,1.0377046058301567,218
3G0TA,218,67,1.5345759391784668,1.4772558212280273,1.0388017546634474,218
3G0TA,218,68,1.535543441772461,1.4772558212280273,1.0394566869914106,218
3G0TA,218,69,1.5429320335388184,1.4772558212280273,1.0444582525023967,218
3G0TA,218,70,1.5437958240509033,1.4772558212280273,1.045042978925317,218
3G0TA,218,71,1.5461465120315552,1.4772558212280273,1.0466342320765132,218
3G0TA,218,72,1.547208547592163,1.4772558212280273,1.0473531566834409,218
3G0TA,218,73,1.54572594165802,1.4772558212280273,1.046349535027098,218
3G0TA,218,74,1.5470784902572632,1.4772558212280273,1.0472651168645881,218
3G0TA,218,75,1.5474358797073364,1.4772558212280273,1.047507044799437,218
3G0TA,218,76,1.5476278066635132,1.4772558212280273,1.0476369660719878,218
3G0TA,218,77,1.5473551750183105,1.4772558212280273,1.0474524133078118,218
3G0TA,218,78,1.549123764038086,1.4772558212280273,1.0486496257298994,218
3G0TA,218,79,1.547399640083313,1.4772558212280273,1.0474825130808934,218
3G0TA,218,80,1.5433812141418457,1.4772558212280273,1.0447623166980307,218
2Q7WA,208,0,0.9881150126457214,1.4940499067306519,0.6613668045453447,208
2Q7WA,208,1,0.9901987910270691,1.4940499067306519,0.6627615226012545,207
2Q7WA,208,2,0.9765490293502808,1.4940499067306519,0.6536254411254641,210
2Q7WA,208,3,0.9033361077308655,1.4940499067306519,0.6046224451146929,210
2Q7WA,208,4,0.7644041180610657,1.4940499067306519,0.5116322517858655,210
2Q7WA,208,5,0.5534071326255798,1.4940499067306519,0.37040739411213547,210
2Q7WA,208,6,0.3416424095630646,1.4940499067306519,0.22866867299678234,202
2Q7WA,208,7,0.25383642315864563,1.4940499067306519,0.16989822228502532,210
2Q7WA,208,8,0.19759432971477509,1.4940499067306519,0.13225416957266173,203
2Q7WA,208,9,0.09477286040782928,1.4940499067306519,0.06343353055401983,205
2Q7WA,208,10,0.01336771622300148,1.4940499067306519,0.00894730233761289,205
2Q7WA,208,11,-0.016031857579946518,1.4940499067306519,-0.010730469917854457,205
2Q7WA,208,12,-0.015672944486141205,1.4940499067306519,-0.010490241601391654,218
2Q7WA,208,13,-0.042454976588487625,1.4940499067306519,-0.028416036437089,218
2Q7WA,208,14,-0.03683127090334892,1.4940499067306519,-0.024651968275909063,218
2Q7WA,208,15,0.006748278625309467,1.4940499067306519,0.004516769215612321,193
2Q7WA,208,16,0.050324052572250366,1.4940499067306519,0.033682979628419346,193
2Q7WA,208,17,0.100309818983078,1.4940499067306519,0.06713953699350012,193
2Q7WA,208,18,0.10437939316034317,1.4940499067306519,0.06986339123620772,193
2Q7WA,208,19,0.1045360192656517,1.4940499067306519,0.06996822448481804,216
2Q7WA,208,20,0.09221991896629333,1.4940499067306519,0.0617247914884538,228
2Q7WA,208,21,0.07797040790319443,1.4940499067306519,0.05218728474326057,228
2Q7WA,208,22,0.07212097942829132,1.4940499067306519,0.04827213542425081,228
2Q7WA,208,23,0.04748358577489853,1.4940499067306519,0.0317817936074199,230
2Q7WA,208,24,0.021996352821588516,1.4940499067306519,0.014722635918984754,230
2Q7WA,208,25,0.028214208781719208,1.4940499067306519,0.018884381742949152,230
2Q7WA,208,26,0.021526429802179337,1.4940499067306519,0.014408106252142843,230
2Q7WA,208,27,0.012441793456673622,1.4940499067306519,0.008327562152123366,230
2Q7WA,208,28,0.005297132767736912,1.4940499067306519,0.0035454858260580728,180
2Q7WA,208,29,-0.026253826916217804,1.4940499067306519,-0.017572255650862175,179
2Q7WA,208,30,-0.062447212636470795,1.4940499067306519,-0.04179727354163198,180
2Q7WA,208,31,-0.0975598394870758,1.4940499067306519,-0.0652989160854477,238
2Q7WA,208,32,-0.13410881161689758,1.4940499067306519,-0.08976193567078398,238
2Q7WA,208,33,-0.17147397994995117,1.4940499067306519,-0.11477125307358597,238
2Q7WA,208,34,-0.20574726164340973,1.4940499067306519,-0.13771110370311207,238
2Q7WA,208,35,-0.2629513144493103,1.4940499067306519,-0.17599901667589696,395
2Q7WA,208,36,-0.2817878723144531,1.4940499067306519,-0.18860673331259342,395
2Q7WA,208,37,-0.30239415168762207,1.4940499067306519,-0.2023989629297824,395
2Q7WA,208,38,-0.3092213273048401,1.4940499067306519,-0.2069685396129051,170
2Q7WA,208,39,-0.36132389307022095,1.4940499067306519,-0.24184191668729887,395
2Q7WA,208,40,-0.3709026873111725,1.4940499067306519,-0.24825321138220788,395
2Q7WA,208,41,-0.3744085729122162,1.4940499067306519,-0.2505997766376587,395
2Q7WA,208,42,-0.4271867573261261,1.4940499067306519,-0.2859253599238299,395
2Q7WA,208,43,-0.426411896944046,1.4940499067306519,-0.28540672906779935,395
2Q7WA,208,44,-0.4101829528808594,1.4940499067306519,-0.27454434489303,395
2Q7WA,208,45,-0.3807387351989746,1.4940499067306519,-0.25483669152131905,247
2Q7WA,208,46,-0.18656408786773682,1.4940499067306519,-0.12487138952137473,247
2Q7WA,208,47,0.1065014898777008,1.4940499067306519,0.0712837565853153,208
2Q7WA,208,48,0.19617927074432373,1.4940499067306519,0.13130703991917655,208
2Q7WA,208,49,0.3163954019546509,1.4940499067306519,0.21177030334080454,208
2Q7WA,208,50,0.3213123083114624,1.4940499067306519,0.215061295385087,208
2Q7WA,208,51,0.32279932498931885,1.4940499067306519,0.21605658789249085,208
2Q7WA,208,52,1.2812838554382324,1.4940499067306519,0.857591068187271,208
2Q7WA,208,53,1.3366204500198364,1.4940499067306519,0.8946290508760114,208
2Q7WA,208,54,1.3539204597473145,1.4940499067306519,0.9062083225251992,208
2Q7WA,208,55,1.374000072479248,1.4940499067306519,0.9196480427390125,208
2Q7WA,208,56,1.3803316354751587,1.4940499067306519,0.9238858951476817,208
2Q7WA,208,57,1.38633394241333,1.4940499067306519,0.9279033693372193,208
2Q7WA,208,58,1.398811936378479,1.4940499067306519,0.9362551612746478,208
2Q7WA,208,59,1.4070746898651123,1.4940499067306519,0.9417856013552702,208
2Q7WA,208,60,1.413100242614746,1.4940499067306519,0.9458186344704886,208
2Q7WA,208,61,1.4137413501739502,1.4940499067306519,0.9462477416618321,208
2Q7WA,208,62,1.418854832649231,1.4940499067306519,0.9496703063648214,208
2Q7WA,208,63,1.4284378290176392,1.4940499067306519,0.9560844136347574,208
2Q7WA,208,64,1.4252824783325195,1.4940499067306519,0.9539724689996385,208
2Q7WA,208,65,1.432111144065857,1.4940499067306519,0.958543043049792,208
2Q7WA,208,66,1.4448763132095337,1.4940499067306519,0.9670870475614017,208
2Q7WA,208,67,1.448412299156189,1.4940499067306519,0.9694537596308752,208
2Q7WA,208,68,1.454586148262024,1.4940499067306519,0.9735860507130017,208
2Q7WA,208,69,1.449812889099121,1.4940499067306519,0.9703912048504911,208
2Q7WA,208,70,1.447487473487854,1.4940499067306519,0.9688347537568622,208
2Q7WA,208,71,1.446603536605835,1.4940499067306519,0.968243115634175,208
2Q7WA,208,72,1.4495214223861694,1.4940499067306519,0.9701961198592611,208
2Q7WA,208,73,1.4524860382080078,1.4940499067306519,0.972180401514434,208
2Q7WA,208,74,1.4584712982177734,1.4940499067306519,0.9761864658251389,208
2Q7WA,208,75,1.4575130939483643,1.4940499067306519,0.9755451189296352,208
2Q7WA,208,76,1.4593219757080078,1.4940499067306519,0.9767558427156979,208
2Q7WA,208,77,1.4600553512573242,1.4940499067306519,0.9772467068735903,208
2Q7WA,208,78,1.4493788480758667,1.4940499067306519,0.9701006917817515,208
2Q7WA,208,79,1.4533571004867554,1.4940499067306519,0.9727634223859748,208
2Q7WA,208,80,1.4547736644744873,1.4940499067306519,0.9737115593801611,208
4DQ6A,200,0,0.9666398763656616,1.6635879278182983,0.5810572799920202,200
4DQ6A,200,1,0.884075403213501,1.6635879278182983,0.5314269167442901,199
4DQ6A,200,2,0.8173264265060425,1.6635879278182983,0.4913034128457039,202
4DQ6A,200,3,0.8149310350418091,1.6635879278182983,0.489863518131287,202
4DQ6A,200,4,0.759020209312439,1.6635879278182983,0.4562549394716101,202
4DQ6A,200,5,0.6633507609367371,1.6635879278182983,0.39874703936249656,202
4DQ6A,200,6,0.590595543384552,1.6635879278182983,0.3550131216443033,194
4DQ6A,200,7,0.5359797477722168,1.6635879278182983,0.32218299905261033,194
4DQ6A,200,8,0.5211490392684937,1.6635879278182983,0.31326810597378596,192
4DQ6A,200,9,0.48163819313049316,1.6635879278182983,0.289517725559679,192
4DQ6A,200,10,0.4766249656677246,1.6635879278182983,0.2865042224084851,192
4DQ6A,200,11,0.3673538267612457,1.6635879278182983,0.22082020470238056,192
4DQ6A,200,12,0.3033999800682068,1.6635879278182983,0.18237688251687348,192
4DQ6A,200,13,0.23607875406742096,1.6635879278182983,0.1419093936183012,192
4DQ6A,200,14,0.1217556968331337,1.6635879278182983,0.07318861527975225,192
4DQ6A,200,15,0.07393547892570496,1.6635879278182983,0.04444338510118138,192
4DQ6A,200,16,0.06981635838747025,1.6635879278182983,0.04196733891849676,192
4DQ6A,200,17,0.17263132333755493,1.6635879278182983,0.10377048333354473,192
4DQ6A,200,18,0.21281450986862183,1.6635879278182983,0.12792501454835395,192
4DQ6A,200,19,0.283971905708313,1.6635879278182983,0.1706984650223605,192
4DQ6A,200,20,0.2934885323047638,1.6635879278182983,0.17641900821536824,192
4DQ6A,200,21,0.24468444287776947,1.6635879278182983,0.14708236263691774,192
4DQ6A,200,22,0.17336803674697876,1.6635879278182983,0.10421332942367595,192
4DQ6A,200,23,0.12642477452754974,1.6635879278182983,0.07599524642700954,192
4DQ6A,200,24,0.12115506082773209,1.6635879278182983,0.07282756673199721,180
4DQ6A,200,25,0.11169616878032684,1.6635879278182983,0.06714172837669606,180
4DQ6A,200,26,0.10255567729473114,1.6635879278182983,0.06164728390955994,180
4DQ6A,200,27,0.05542777478694916,1.6635879278182983,0.033318211715830104,180
4DQ6A,200,28,0.04760395735502243,1.6635879278182983,0.028615233712024065,180
4DQ6A,200,29,0.04239492118358612,1.6635879278182983,0.025484027910195686,180
4DQ6A,200,30,0.025570105761289597,1.6635879278182983,0.015370456429569879,180
4DQ6A,200,31,0.004399880301207304,1.6635879278182983,0.0026448137953113777,180
4DQ6A,200,32,-0.026191674172878265,1.6635879278182983,-0.01574408766432152,232
4DQ6A,200,33,-0.09756609052419662,1.6635879278182983,-0.05864799142426397,232
4DQ6A,200,34,-0.15382742881774902,1.6635879278182983,-0.09246726683060572,233
4DQ6A,200,35,-0.20326073467731476,1.6635879278182983,-0.12218214094873828,232
4DQ6A,200,36,-0.20346994698047638,1.6635879278182983,-0.12230790063938234,233
4DQ6A,200,37,-0.13739027082920074,1.6635879278182983,-0.082586720263942,233
4DQ6A,200,38,-0.03855650871992111,1.6635879278182983,-0.023176718269701437,233
4DQ6A,200,39,0.08492094278335571,1.6635879278182983,0.05104686164363115,233
4DQ6A,200,40,0.5061213970184326,1.6635879278182983,0.30423483397248635,200
4DQ6A,200,41,0.9757105112075806,1.6635879278182983,0.5865097329043315,200
4DQ6A,200,42,1.2148494720458984,1.6635879278182983,0.7302586486300757,200
4DQ6A,200,43,1.3266900777816772,1.6635879278182983,0.797487199562428,200
4DQ6A,200,44,1.4003947973251343,1.6635879278182983,0.841791872799698,200
4DQ6A,200,45,1.441361665725708,1.6635879278182983,0.866417483334333,200
4DQ6A,200,46,1.4773919582366943,1.6635879278182983,0.8880756667753718,200
4DQ6A,200,47,1.4952024221420288,1.6635879278182983,0.8987817218070958,200
4DQ6A,200,48,1.4989776611328125,1.6635879278182983,0.9010510572162165,200
4DQ6A,200,49,1.4678714275360107,1.6635879278182983,0.8823527767847181,200
4DQ6A,200,50,1.4072011709213257,1.6635879278182983,0.8458832547353181,200
4DQ6A,200,51,1.5630568265914917,1.6635879278182983,0.939569709814709,200
4DQ6A,200,52,1.5773627758026123,1.6635879278182983,0.9481691646267442,200
4DQ6A,200,53,1.5801446437835693,1.6635879278182983,0.9498413743936215,200
4DQ6A,200,54,1.5830302238464355,1.6635879278182983,0.9515759265712456,200
4DQ6A,200,55,1.586380958557129,1.6635879278182983,0.9535900880439653,200
4DQ6A,200,56,1.5897122621536255,1.6635879278182983,0.955592569271913,200
4DQ6A,200,57,1.5960924625396729,1.6635879278182983,0.9594277740599249,200
4DQ6A,200,58,1.5983350276947021,1.6635879278182983,0.9607758032909197,200
4DQ6A,200,59,1.59955632686615,1.6635879278182983,0.9615099389209188,200
4DQ6A,200,60,1.5969477891921997,1.6635879278182983,0.959941919803726,200
4DQ6A,200,61,1.5990288257598877,1.6635879278182983,0.9611928525214316,200
4DQ6A,200,62,1.6012890338897705,1.6635879278182983,0.9625514871280478,200
4DQ6A,200,63,1.607735276222229,1.6635879278182983,0.966426390416696,200
4DQ6A,200,64,1.6076773405075073,1.6635879278182983,0.9663915646562099,200
4DQ6A,200,65,1.606675386428833,1.6635879278182983,0.9657892796420428,200
4DQ6A,200,66,1.6075063943862915,1.6635879278182983,0.966288807165393,200
4DQ6A,200,67,1.6065561771392822,1.6635879278182983,0.9657176216986558,200
4DQ6A,200,68,1.6093629598617554,1.6635879278182983,0.967404807975701,200
4DQ6A,200,69,1.6078226566314697,1.6635879278182983,0.9664789156891985,200
4DQ6A,200,70,1.6081055402755737,1.6635879278182983,0.9666489599888558,200
4DQ6A,200,71,1.6066375970840454,1.6635879278182983,0.9657665640739891,200
4DQ6A,200,72,1.6053506135940552,1.6635879278182983,0.9649929449171838,200
4DQ6A,200,73,1.6056582927703857,1.6635879278182983,0.9651778940690655,200
4DQ6A,200,74,1.6099313497543335,1.6635879278182983,0.9677464730497699,200
4DQ6A,200,75,1.6130808591842651,1.6635879278182983,0.9696396759140526,200
4DQ6A,200,76,1.6129505634307861,1.6635879278182983,0.9695613537819306,200
4DQ6A,200,77,1.6155390739440918,1.6635879278182983,0.9711173343646344,200
4DQ6A,200,78,1.6173553466796875,1.6635879278182983,0.9722091147900777,200
4DQ6A,200,79,1.6183788776397705,1.6635879278182983,0.9728243698919978,200
4DQ6A,200,80,1.6208058595657349,1.6635879278182983,0.9742832539614124,200
3G7QA,216,0,1.0503368377685547,1.43405282497406,0.7324254863397753,216
3G7QA,216,1,1.035884976387024,1.43405282497406,0.7223478510324483,126
3G7QA,216,2,0.9557300806045532,1.43405282497406,0.6664538878627717,218
3G7QA,216,3,0.7942177057266235,1.43405282497406,0.5538273708578272,218
3G7QA,216,4,0.6455634236335754,1.43405282497406,0.45016711545842303,218
3G7QA,216,5,0.5037597417831421,1.43405282497406,0.3512839506398618,218
3G7QA,216,6,0.4075428247451782,1.43405282497406,0.284189548423748,218
3G7QA,216,7,0.3019094467163086,1.43405282497406,0.2105288183660666,218
3G7QA,216,8,0.2620038688182831,1.43405282497406,0.18270168591803607,218
3G7QA,216,9,0.2886043190956116,1.43405282497406,0.2012508284698871,218
3G7QA,216,10,0.1167425811290741,1.43405282497406,0.08140744824458318,218
3G7QA,216,11,-0.12917263805866241,1.43405282497406,-0.09007523001183654,205
3G7QA,216,12,-0.06501574069261551,1.43405282497406,-0.04533706120190625,206
3G7QA,216,13,-0.04129612445831299,1.43405282497406,-0.028796794468892717,206
3G7QA,216,14,0.0032872953452169895,1.43405282497406,0.0022923111952144804,206
3G7QA,216,15,0.02982238680124283,1.43405282497406,0.0207958774473892,206
3G7QA,216,16,0.03686688840389252,1.43405282497406,0.02570818017429685,206
3G7QA,216,17,0.06478361785411835,1.43405282497406,0.04517519628699186,206
3G7QA,216,18,0.03930402174592018,1.43405282497406,0.02740765267599618,217
3G7QA,216,19,0.022305238991975784,1.43405282497406,0.01555398699652452,217
3G7QA,216,20,0.0030412902124226093,1.43405282497406,0.00212076581800787,196
3G7QA,216,21,0.1686236411333084,1.43405282497406,0.11758537635205911,196
3G7QA,216,22,0.13748598098754883,1.43405282497406,0.09587232673247985,237
3G7QA,216,23,0.10623295605182648,1.43405282497406,0.07407883043202965,237
3G7QA,216,24,0.09212034195661545,1.43405282497406,0.06423776052899709,237
3G7QA,216,25,0.07613948732614517,1.43405282497406,0.05309392094919685,237
3G7QA,216,26,0.05698302760720253,1.43405282497406,0.03973565451344742,237
3G7QA,216,27,0.03549548238515854,1.43405282497406,0.024751865319745527,237
3G7QA,216,28,0.008084351196885109,1.43405282497406,0.005637415202631286,237
3G7QA,216,29,-0.03581266850233078,1.43405282497406,-0.024973046932897036,237
3G7QA,216,30,-0.05660896748304367,1.43405282497406,-0.03947481326851934,237
3G7QA,216,31,-0.08862773329019547,1.43405282497406,-0.0618022793489484,237
3G7QA,216,32,-0.1272328644990921,1.43405282497406,-0.08872257861309507,184
3G7QA,216,33,-0.1760711967945099,1.43405282497406,-0.12277873850127854,184
3G7QA,216,34,-0.21819782257080078,1.43405282497406,-0.1521546617885207,184
3G7QA,216,35,-0.26115942001342773,1.43405282497406,-0.18211283117701868,237
3G7QA,216,36,-0.2785581648349762,1.43405282497406,-0.19424540015812522,237
3G7QA,216,37,-0.3284972310066223,1.43405282497406,-0.2290691286163495,237
3G7QA,216,38,-0.3416772484779358,1.43405282497406,-0.23825987615492214,237
3G7QA,216,39,-0.35898318886756897,1.43405282497406,-0.25032773034289196,184
3G7QA,216,40,-0.377751886844635,1.43405282497406,-0.2634156010616052,184
3G7QA,216,41,-0.38836297392845154,1.43405282497406,-0.27081497080519085,184
3G7QA,216,42,-0.39453834295272827,1.43405282497406,-0.2751212061939663,416
3G7QA,216,43,-0.39161941409111023,1.43405282497406,-0.27308576592929484,184
3G7QA,216,44,-0.35491546988487244,1.43405282497406,-0.247491210716936,184
3G7QA,216,45,-0.2748234272003174,1.43405282497406,-0.19164107654492332,184
3G7QA,216,46,-0.07748828828334808,1.43405282497406,-0.054034472743184854,184
3G7QA,216,47,0.062124818563461304,1.43405282497406,0.04332115071464334,184
3G7QA,216,48,0.2319006621837616,1.43405282497406,0.16170998595393887,216
3G7QA,216,49,0.41585975885391235,1.43405282497406,0.2899891493616594,216
3G7QA,216,50,0.5154495239257812,1.43405282497406,0.35943552074875973,216
3G7QA,216,51,0.5177752375602722,1.43405282497406,0.361057297571753,216
3G7QA,216,52,0.5013449192047119,1.43405282497406,0.34960003597760114,216
3G7QA,216,53,0.478234201669693,1.43405282497406,0.3334843691537957,216
3G7QA,216,54,0.43790942430496216,1.43405282497406,0.3053649186966898,216
3G7QA,216,55,1.2660237550735474,1.43405282497406,0.882829232665434,216
3G7QA,216,56,1.3048639297485352,1.43405282497406,0.9099134334693272,216
3G7QA,216,57,1.3411904573440552,1.43405282497406,0.9352448068768424,216
3G7QA,216,58,1.355419397354126,1.43405282497406,0.9451669936765709,216
3G7QA,216,59,1.361690878868103,1.43405282497406,0.9495402506478338,216
3G7QA,216,60,1.374167799949646,1.43405282497406,0.9582407119308891,216
3G7QA,216,61,1.3926968574523926,1.43405282497406,0.9711614755039337,216
3G7QA,216,62,1.4007872343063354,1.43405282497406,0.9768030925441492,216
3G7QA,216,63,1.4070982933044434,1.43405282497406,0.9812039478600767,216
3G7QA,216,64,1.4210044145584106,1.43405282497406,0.9909010252701915,216
3G7QA,216,65,1.4230271577835083,1.43405282497406,0.9923115334396756,216
3G7QA,216,66,1.4241002798080444,1.43405282497406,0.9930598475922979,216
3G7QA,216,67,1.4244321584701538,1.43405282497406,0.9932912746752685,216
3G7QA,216,68,1.4330518245697021,1.43405282497406,0.9993019780116008,216
3G7QA,216,69,1.4405573606491089,1.43405282497406,1.0045357713201162,216
3G7QA,216,70,1.4426852464675903,1.43405282497406,1.0060195979835584,216
3G7QA,216,71,1.4467140436172485,1.43405282497406,1.008828976466343,216
3G7QA,216,72,1.4485377073287964,1.43405282497406,1.0101006616370622,216
3G7QA,216,73,1.4494409561157227,1.43405282497406,1.0107305190392417,216
3G7QA,216,74,1.4492695331573486,1.43405282497406,1.0106109816307247,216
3G7QA,216,75,1.4456417560577393,1.43405282497406,1.0080812442065297,216
3G7QA,216,76,1.4441300630569458,1.43405282497406,1.0070271038189043,216
3G7QA,216,77,1.4430406093597412,1.43405282497406,1.0062674011927306,216
3G7QA,216,78,1.439094066619873,1.43405282497406,1.003515380715424,216
3G7QA,216,79,1.4368168115615845,1.43405282497406,1.0019273952391359,216
3G7QA,216,80,1.4408937692642212,1.43405282497406,1.004770357249765,216
3LY1A,176,0,0.9436098337173462,1.3892344236373901,0.6792300980037057,176
3LY1A,176,1,0.836967945098877,1.3892344236373901,0.602467035698316,177
3LY1A,176,2,0.8008552193641663,1.3892344236373901,0.5764723402601207,178
3LY1A,176,3,0.7421073317527771,1.3892344236373901,0.5341843817904686,178
3LY1A,176,4,0.6381943225860596,1.3892344236373901,0.45938562400080385,178
3LY1A,176,5,0.577301561832428,1.3892344236373901,0.41555374097403724,178
3LY1A,176,6,0.5741068124771118,1.3892344236373901,0.41325409355603604,178
3LY1A,176,7,0.5760854482650757,1.3892344236373901,0.4146783569879652,178
3LY1A,176,8,0.5757064819335938,1.3892344236373901,0.41440556909483933,178
3LY1A,176,9,0.5368644595146179,1.3892344236373901,0.3864462688082275,169
3LY1A,176,10,0.5240243077278137,1.3892344236373901,0.37720365894459834,169
3LY1A,176,11,0.4573189318180084,1.3892344236373901,0.3291877339323512,165
3LY1A,176,12,0.4468012750148773,1.3892344236373901,0.32161690454302966,165
3LY1A,176,13,0.41874438524246216,1.3892344236373901,0.3014209683532578,189
3LY1A,176,14,0.43035006523132324,1.3892344236373901,0.30977497959239364,165
3LY1A,176,15,0.3532758355140686,1.3892344236373901,0.254295336699977,165
3LY1A,176,16,0.32728734612464905,1.3892344236373901,0.23558827837545412,165
3LY1A,176,17,0.2574330270290375,1.3892344236373901,0.18530567818425375,165
3LY1A,176,18,0.20389263331890106,1.3892344236373901,0.14676618276205336,165
3LY1A,176,19,0.1803329735994339,1.3892344236373901,0.12980744684347337,165
3LY1A,176,20,0.15924544632434845,1.3892344236373901,0.11462820357373592,165
3LY1A,176,21,0.12843945622444153,1.3892344236373901,0.09245340745887394,156
3LY1A,176,22,0.1120610386133194,1.3892344236373901,0.08066387983671855,156
3LY1A,176,23,0.10147470235824585,1.3892344236373901,0.07304361354116012,156
3LY1A,176,24,0.08193389326334,1.3892344236373901,0.05897773037383783,156
3LY1A,176,25,0.06049036979675293,1.3892344236373901,0.04354223359825251,156
3LY1A,176,26,0.050826165825128555,1.3892344236373901,0.0365857374107186,156
3LY1A,176,27,0.023312732577323914,1.3892344236373901,0.01678099259611268,156
3LY1A,176,28,0.014586087316274643,1.3892344236373901,0.010499370781559195,181
3LY1A,176,29,-0.015877969563007355,1.3892344236373901,-0.01142929464808002,181
3LY1A,176,30,-0.04161044955253601,1.3892344236373901,-0.029952072051013995,181
3LY1A,176,31,-0.06997444480657578,1.3892344236373901,-0.05036906919090287,181
3LY1A,176,32,-0.10626238584518433,1.3892344236373901,-0.07648988827023215,181
3LY1A,176,33,-0.11308714002370834,1.3892344236373901,-0.08140248909727973,181
3LY1A,176,34,-0.11436651647090912,1.3892344236373901,-0.08232341102768441,181
3LY1A,176,35,-0.1004343330860138,1.3892344236373901,-0.07229473397517004,181
3LY1A,176,36,-0.10621906071901321,1.3892344236373901,-0.07645870193808119,181
3LY1A,176,37,-0.10604172945022583,1.3892344236373901,-0.0763310551811551,181
3LY1A,176,38,-0.10263354331254959,1.3892344236373901,-0.07387777150225468,181
3LY1A,176,39,-0.02433546632528305,1.3892344236373901,-0.017517177742807612,176
3LY1A,176,40,0.09184066206216812,1.3892344236373901,0.06610882979828885,176
3LY1A,176,41,0.17957083880901337,1.3892344236373901,0.12925884627797266,176
3LY1A,176,42,0.28234371542930603,1.3892344236373901,0.2032369128099015,176
3LY1A,176,43,0.3358953297138214,1.3892344236373901,0.2417844850362669,176
3LY1A,176,44,0.37912309169769287,1.3892344236373901,0.2729007324084631,176
3LY1A,176,45,0.3561756908893585,1.3892344236373901,0.2563827132621682,176
3LY1A,176,46,1.246253252029419,1.3892344236373901,0.8970791616049882,176
3LY1A,176,47,1.400932788848877,1.3892344236373901,1.0084207280012953,176
3LY1A,176,48,1.426451563835144,1.3892344236373901,1.0267896760723143,176
3LY1A,176,49,1.4493495225906372,1.3892344236373901,1.043272105794679,176
3LY1A,176,50,1.4595919847488403,1.3892344236373901,1.0506448443216914,176
3LY1A,176,51,1.4603792428970337,1.3892344236373901,1.051211529205681,176
3LY1A,176,52,1.46929132938385,1.3892344236373901,1.0576266354938495,176
3LY1A,176,53,1.4680252075195312,1.3892344236373901,1.0567152544894802,176
3LY1A,176,54,1.4642741680145264,1.3892344236373901,1.054015177784511,176
3LY1A,176,55,1.4606741666793823,1.3892344236373901,1.051423821513826,176
3LY1A,176,56,1.4540306329727173,1.3892344236373901,1.046641666973435,176
3LY1A,176,57,1.4450448751449585,1.3892344236373901,1.0401735305129005,176
3LY1A,176,58,1.4335741996765137,1.3892344236373901,1.0319166983517656,176
3LY1A,176,59,1.4357681274414062,1.3892344236373901,1.0334959334524538,176
3LY1A,176,60,1.4256937503814697,1.3892344236373901,1.026244186095403,176
3LY1A,176,61,1.4141883850097656,1.3892344236373901,1.0179623834162124,176
3LY1A,176,62,1.4144856929779053,1.3892344236373901,1.0181763919111653,176
3LY1A,176,63,1.4106521606445312,1.3892344236373901,1.0154169351426405,176
3LY1A,176,64,1.4082446098327637,1.3892344236373901,1.0136839297039586,176
3LY1A,176,65,1.399280071258545,1.3892344236373901,1.007231067306015,176
3LY1A,176,66,1.3942710161209106,1.3892344236373901,1.0036254446318233,176
3LY1A,176,67,1.3935847282409668,1.3892344236373901,1.0031314402591511,176
3LY1A,176,68,1.3876084089279175,1.3892344236373901,0.9988295605969687,176
3LY1A,176,69,1.3907334804534912,1.3892344236373901,1.0010790524555073,176
3LY1A,176,70,1.3918267488479614,1.3892344236373901,1.001866009916299,176
3LY1A,176,71,1.3878556489944458,1.3892344236373901,0.9990075291689545,176
3LY1A,176,72,1.3825396299362183,1.3892344236373901,0.9951809474432378,176
3LY1A,176,73,1.378777027130127,1.3892344236373901,0.9924725472322498,176
3LY1A,176,74,1.3716038465499878,1.3892344236373901,0.9873091417924696,176
3LY1A,176,75,1.3735544681549072,1.3892344236373901,0.9887132400294052,176
3LY1A,176,76,1.3708441257476807,1.3892344236373901,0.9867622788661119,176
3LY1A,176,77,1.3635534048080444,1.3892344236373901,0.9815142654166992,176
3LY1A,176,78,1.3681689500808716,1.3892344236373901,0.9848366314582362,176
3LY1A,176,79,1.3651036024093628,1.3892344236373901,0.9826301300792372,176
3LY1A,176,80,1.3641133308410645,1.3892344236373901,0.9819173118885495,176
1BS0A,201,0,0.8582004308700562,1.3668041229248047,0.6278883831822261,201
1BS0A,201,1,0.8594841957092285,1.3668041229248047,0.6288276288412348,202
1BS0A,201,2,0.7931406497955322,1.3668041229248047,0.5802884528167078,203
1BS0A,201,3,0.7545289993286133,1.3668041229248047,0.5520388669255748,204
1BS0A,201,4,0.661395788192749,1.3668041229248047,0.48389946818234464,204
1BS0A,201,5,0.5926026701927185,1.3668041229248047,0.4335681025929425,204
1BS0A,201,6,0.5319036841392517,1.3668041229248047,0.38915867695880124,203
1BS0A,201,7,0.5383039116859436,1.3668041229248047,0.39384129931802864,203
1BS0A,201,8,0.5358238220214844,1.3668041229248047,0.3920267820636088,203
1BS0A,201,9,0.4550445079803467,1.3668041229248047,0.3329259111441685,199
1BS0A,201,10,0.37546196579933167,1.3668041229248047,0.2747006388859041,199
1BS0A,201,11,0.3317791223526001,1.3668041229248047,0.24274079715433597,199
1BS0A,201,12,0.28351348638534546,1.3668041229248047,0.20742802983258418,199
1BS0A,201,13,0.2615112066268921,1.3668041229248047,0.19133041980242785,199
1BS0A,201,14,0.23100821673870087,1.3668041229248047,0.16901340350391222,199
1BS0A,201,15,0.19894322752952576,1.3668041229248047,0.1455535758143676,199
1BS0A,201,16,0.1753993034362793,1.3668041229248047,0.12832804678767343,199
1BS0A,201,17,0.15373902022838593,1.3668041229248047,0.11248065296979202,199
1BS0A,201,18,0.06427977234125137,1.3668041229248047,0.0470292496657824,199
1BS0A,201,19,0.04042896628379822,1.3668041229248047,0.02957919544263947,199
1BS0A,201,20,0.007904889062047005,1.3668041229248047,0.005783483477596955,181
1BS0A,201,21,-0.011981625109910965,1.3668041229248047,-0.008766161082592915,199
1BS0A,201,22,-0.026364514604210854,1.3668041229248047,-0.019289168185850802,181
1BS0A,201,23,-0.07257769256830215,1.3668041229248047,-0.053100288001029866,211
1BS0A,201,24,-0.12050403654575348,1.3668041229248047,-0.08816481785838384,211
1BS0A,201,25,-0.17067867517471313,1.3668041229248047,-0.12487427592000547,211
1BS0A,201,26,-0.19459301233291626,1.3668041229248047,-0.14237081163942455,211
1BS0A,201,27,-0.21351569890975952,1.3668041229248047,-0.15621528742016105,211
1BS0A,201,28,-0.22440457344055176,1.3668041229248047,-0.16418195531950225,211
1BS0A,201,29,-0.2474241703748703,1.3668041229248047,-0.18102386891064598,229
1BS0A,201,30,-0.24987757205963135,1.3668041229248047,-0.18281886033890643,229
1BS0A,201,31,-0.1320439577102661,1.3668041229248047,-0.09660781343540809,229
1BS0A,201,32,-0.11359792947769165,1.3668041229248047,-0.08311207697750067,229
1BS0A,201,33,-0.09340155869722366,1.3668041229248047,-0.06833573087075198,229
1BS0A,201,34,-0.05748577415943146,1.3668041229248047,-0.04205853142761851,229
1BS0A,201,35,-0.04388444870710373,1.3668041229248047,-0.03210734294040321,229
1BS0A,201,36,-0.03115714341402054,1.3668041229248047,-0.02279561708326414,229
1BS0A,201,37,-0.022546306252479553,1.3668041229248047,-0.0164956381637429,229
1BS0A,201,38,-0.02464558184146881,1.3668041229248047,-0.01803153899530979,229
1BS0A,201,39,-0.013829343020915985,1.3668041229248047,-0.010118013831654803,229
1BS0A,201,40,-0.02316797338426113,1.3668041229248047,-0.016950470806807574,381
1BS0A,201,41,-0.02417406253516674,1.3668041229248047,-0.017686559566002045,381
1BS0A,201,42,-0.024108685553073883,1.3668041229248047,-0.01763872756067201,381
1BS0A,201,43,-0.018720174208283424,1.3668041229248047,-0.01369631090095367,381
1BS0A,201,44,0.00732312211766839,1.3668041229248047,0.005357843157509465,381
1BS0A,201,45,0.06041211634874344,1.3668041229248047,0.044199542081764,381
1BS0A,201,46,0.16346603631973267,1.3668041229248047,0.11959726604418928,201
1BS0A,201,47,0.23022542893886566,1.3668041229248047,0.16844068954533847,201
1BS0A,201,48,0.2922776937484741,1.3668041229248047,0.21384021956491706,201
1BS0A,201,49,0.35104900598526,1.3668041229248047,0.2568392940124114,201
1BS0A,201,50,0.2862926125526428,1.3668041229248047,0.20946133227928032,201
1BS0A,201,51,0.6472126245498657,1.3668041229248047,0.4735225872489356,201
1BS0A,201,52,0.8606817126274109,1.3668041229248047,0.6297037726120187,201
1BS0A,201,53,1.0039892196655273,1.3668041229248047,0.7345523786664508,201
1BS0A,201,54,1.0658661127090454,1.3668041229248047,0.7798236007864928,201
1BS0A,201,55,1.123738169670105,1.3668041229248047,0.8221647497414872,201
1BS0A,201,56,1.1555308103561401,1.3668041229248047,0.8454253180649149,201
1BS0A,201,57,1.1725170612335205,1.3668041229248047,0.8578530321700142,201
1BS0A,201,58,1.1903680562973022,1.3668041229248047,0.8709134222905698,201
1BS0A,201,59,1.1918706893920898,1.3668041229248047,0.8720127993480314,201
1BS0A,201,60,1.1977214813232422,1.3668041229248047,0.8762934360779181,201
1BS0A,201,61,1.2017693519592285,1.3668041229248047,0.8792549947739252,201
1BS0A,201,62,1.2120158672332764,1.3668041229248047,0.8867516909736128,201
1BS0A,201,63,1.2200796604156494,1.3668041229248047,0.8926514340656351,201
1BS0A,201,64,1.2230063676834106,1.3668041229248047,0.8947927118234884,201
1BS0A,201,65,1.228792428970337,1.3668041229248047,0.89902598943063,201
1BS0A,201,66,1.2342872619628906,1.3668041229248047,0.9030461945941872,201
1BS0A,201,67,1.2347607612609863,1.3668041229248047,0.9033926226522784,201
1BS0A,201,68,1.2379738092422485,1.3668041229248047,0.9057433969346873,201
1BS0A,201,69,1.2527048587799072,1.3668041229248047,0.9165211296694525,201
1BS0A,201,70,1.2533738613128662,1.3668041229248047,0.9170105944886889,201
1BS0A,201,71,1.2531471252441406,1.3668041229248047,0.9168447067327752,201
1BS0A,201,72,1.2515716552734375,1.3668041229248047,0.9156920397600331,201
1BS0A,201,73,1.2493345737457275,1.3668041229248047,0.9140553154553662,201
1BS0A,201,74,1.2564810514450073,1.3668041229248047,0.9192839195979899,201
1BS0A,201,75,1.2574496269226074,1.3668041229248047,0.9199925620884204,201
1BS0A,201,76,1.2525880336761475,1.3668041229248047,0.9164356564829145,201
1BS0A,201,77,1.2467502355575562,1.3668041229248047,0.9121645264645918,201
1BS0A,201,78,1.2566263675689697,1.3668041229248047,0.9193902377759389,201
1BS0A,201,79,1.2478076219558716,1.3668041229248047,0.9129381460202987,201
1BS0A,201,80,1.244185209274292,1.3668041229248047,0.9102878667148573,201
4WBTA,194,0,1.0765676498413086,1.3300347328186035,0.8094282226448714,194
4WBTA,194,1,1.0711352825164795,1.3300347328186035,0.8053438425976549,194
4WBTA,194,2,0.9766466617584229,1.3300347328186035,0.7343016221002874,196
4WBTA,194,3,0.8596447706222534,1.3300347328186035,0.6463325726843976,196
4WBTA,194,4,0.7008045315742493,1.3300347328186035,0.5269069403090756,196
4WBTA,194,5,0.27061769366264343,1.3300347328186035,0.20346663661117456,196
4WBTA,194,6,0.1254514902830124,1.3300347328186035,0.09432196557540731,196
4WBTA,194,7,0.05158797651529312,1.3300347328186035,0.03878693935004849,196
4WBTA,194,8,0.16579248011112213,1.3300347328186035,0.12465274478943529,196
4WBTA,194,9,0.18209964036941528,1.3300347328186035,0.1369134473529955,196
4WBTA,194,10,0.15885968506336212,1.3300347328186035,0.11944025305768324,196
4WBTA,194,11,0.12877468764781952,1.3300347328186035,0.09682054496044686,196
4WBTA,194,12,0.12216212600469589,1.3300347328186035,0.09184882393695876,205
4WBTA,194,13,0.08626944571733475,1.3300347328186035,0.06486255102113983,205
4WBTA,194,14,0.05431242659687996,1.3300347328186035,0.04083534456410872,200
4WBTA,194,15,0.045804791152477264,1.3300347328186035,0.03443879323016472,179
4WBTA,194,16,0.001569496700540185,1.3300347328186035,0.0011800418904956826,179
4WBTA,194,17,0.0056245941668748856,1.3300347328186035,0.004228907733074964,200
4WBTA,194,18,-0.01666470617055893,1.3300347328186035,-0.012529527056216915,200
4WBTA,194,19,-0.05314171314239502,1.3300347328186035,-0.03995513187071239,175
4WBTA,194,20,-0.07520785182714462,1.3300347328186035,-0.0565457803254239,200
4WBTA,194,21,-0.07404884696006775,1.3300347328186035,-0.055674370851311356,200
4WBTA,194,22,-0.09177177399396896,1.3300347328186035,-0.06899953191409268,200
4WBTA,194,23,-0.10454975813627243,1.3300347328186035,-0.07860678789546426,200
4WBTA,194,24,-0.10200232267379761,1.3300347328186035,-0.07669147290434646,200
4WBTA,194,25,-0.09317546337842941,1.3300347328186035,-0.07005490990522661,200
4WBTA,194,26,-0.09111018478870392,1.3300347328186035,-0.0685021094115517,200
4WBTA,194,27,-0.08103115111589432,1.3300347328186035,-0.06092408650424751,200
4WBTA,194,28,-0.08333394676446915,1.3300347328186035,-0.06265546658910796,174
4WBTA,194,29,-0.117620088160038,1.3300347328186035,-0.08843384707012729,174
4WBTA,194,30,-0.13496294617652893,1.3300347328186035,-0.10147324941696528,174
4WBTA,194,31,-0.152382954955101,1.3300347328186035,-0.11457065834075758,174
4WBTA,194,32,-0.18221716582775116,1.3300347328186035,-0.1370018100516799,199
4WBTA,194,33,-0.19821879267692566,1.3300347328186035,-0.14903279424655422,199
4WBTA,194,34,-0.22266094386577606,1.3300347328186035,-0.1674098716158442,174
4WBTA,194,35,-0.25018584728240967,1.3300347328186035,-0.18810474727394297,174
4WBTA,194,36,-0.26768457889556885,1.3300347328186035,-0.2012613447532253,174
4WBTA,194,37,-0.29543963074684143,1.3300347328186035,-0.22212925982823556,229
4WBTA,194,38,-0.3091035783290863,1.3300347328186035,-0.23240263633870328,229
4WBTA,194,39,-0.31273579597473145,1.3300347328186035,-0.23513355573202452,229
4WBTA,194,40,-0.3068966567516327,1.3300347328186035,-0.2307433401391396,229
4WBTA,194,41,-0.3218701183795929,1.3300347328186035,-0.24200128796447834,229
4WBTA,194,42,-0.3425183594226837,1.3300347328186035,-0.2575258758068824,229
4WBTA,194,43,-0.3490695655345917,1.3300347328186035,-0.26245146605671343,375
4WBTA,194,44,-0.3156927227973938,1.3300347328186035,-0.2373567509236238,375
4WBTA,194,45,-0.2339693307876587,1.3300347328186035,-0.1759121961362858,163
4WBTA,194,46,0.007348557468503714,1.3300347328186035,0.005525086892227757,162
4WBTA,194,47,0.1650506556034088,1.3300347328186035,0.12409499656722063,162
4WBTA,194,48,0.3189552128314972,1.3300347328186035,0.23980968689108498,162
4WBTA,194,49,0.4389238655567169,1.3300347328186035,0.33000932586666476,194
4WBTA,194,50,1.2296463251113892,1.3300347328186035,0.9245219653065212,194
4WBTA,194,51,1.3320852518081665,1.3300347328186035,1.0015417033397447,194
4WBTA,194,52,1.351624608039856,1.3300347328186035,1.016232564976329,194
4WBTA,194,53,1.3547025918960571,1.3300347328186035,1.0185467781169726,194
4WBTA,194,54,1.358512282371521,1.3300347328186035,1.0214111322435677,194
4WBTA,194,55,1.3754833936691284,1.3300347328186035,1.0341710330783696,194
4WBTA,194,56,1.3777637481689453,1.3300347328186035,1.0358855405596774,194
4WBTA,194,57,1.3764979839324951,1.3300347328186035,1.0349338629792222,194
4WBTA,194,58,1.3782477378845215,1.3300347328186035,1.0362494330984464,194
4WBTA,194,59,1.3702471256256104,1.3300347328186035,1.0302340922494475,194
4WBTA,194,60,1.36699640750885,1.3300347328186035,1.0277900071165191,194
4WBTA,194,61,1.3677955865859985,1.3300347328186035,1.0283908779490085,194
4WBTA,194,62,1.3672668933868408,1.3300347328186035,1.0279933746461907,194
4WBTA,194,63,1.36699378490448,1.3300347328186035,1.0277880352850282,194
4WBTA,194,64,1.372588872909546,1.3300347328186035,1.0319947585133824,194
4WBTA,194,65,1.3663641214370728,1.3300347328186035,1.0273146164698121,194
4WBTA,194,66,1.3658225536346436,1.3300347328186035,1.0269074332669483,194
4WBTA,194,67,1.3595463037490845,1.3300347328186035,1.0221885716231938,194
4WBTA,194,68,1.3531790971755981,1.3300347328186035,1.0174013232781878,194
4WBTA,194,69,1.3595081567764282,1.3300347328186035,1.0221598904378721,194
4WBTA,194,70,1.356655478477478,1.3300347328186035,1.0200150755480346,194
4WBTA,194,71,1.357937216758728,1.3300347328186035,1.0209787633748433,194
4WBTA,194,72,1.3590834140777588,1.3300347328186035,1.021840543365056,194
4WBTA,194,73,1.3659234046936035,1.3300347328186035,1.0269832591506425,194
4WBTA,194,74,1.362896203994751,1.3300347328186035,1.0247072278379585,194
4WBTA,194,75,1.3603836297988892,1.3300347328186035,1.0228181236410048,194
4WBTA,194,76,1.358758568763733,1.3300347328186035,1.0215963051463008,194
4WBTA,194,77,1.3580344915390015,1.3300347328186035,1.0210519003974137,194
4WBTA,194,78,1.3566358089447021,1.3300347328186035,1.0200002868118532,194
4WBTA,194,79,1.354173183441162,1.3300347328186035,1.0181487370419302,194
4WBTA,194,80,1.3476885557174683,1.3300347328186035,1.0132732044233559,194
2W8TA,227,0,0.9720790386199951,1.5153487920761108,0.6414886418909495,227
2W8TA,227,1,0.980270266532898,1.5153487920761108,0.6468941485015302,135
2W8TA,227,2,0.9572564363479614,1.5153487920761108,0.6317069979885408,229
2W8TA,227,3,0.8907965421676636,1.5153487920761108,0.5878491782391719,229
2W8TA,227,4,0.7882555723190308,1.5153487920761108,0.5201809487300132,229
2W8TA,227,5,0.681646466255188,1.5153487920761108,0.4498280988638233,229
2W8TA,227,6,0.5854488611221313,1.5153487920761108,0.38634594502829567,229
2W8TA,227,7,0.40926629304885864,1.5153487920761108,0.27008058817148056,220
2W8TA,227,8,0.4465138912200928,1.5153487920761108,0.2946608025524898,221
2W8TA,227,9,0.4231887757778168,1.5153487920761108,0.2792682305161078,221
2W8TA,227,10,0.3736279308795929,1.5153487920761108,0.24656233128196325,221
2W8TA,227,11,0.2771899700164795,1.5153487920761108,0.18292156331659726,221
2W8TA,227,12,0.23270197212696075,1.5153487920761108,0.15356330723578585,220
2W8TA,227,13,0.1372866928577423,1.5153487920761108,0.09059742125088707,220
2W8TA,227,14,0.07143691927194595,1.5153487920761108,0.047142228670716435,213
2W8TA,227,15,0.01626415364444256,1.5153487920761108,0.010732943946297523,213
2W8TA,227,16,0.007757510989904404,1.5153487920761108,0.005119290707505161,213
2W8TA,227,17,0.07688648253679276,1.5153487920761108,0.05073847218464738,210
2W8TA,227,18,0.13976964354515076,1.5153487920761108,0.09223595536289615,210
2W8TA,227,19,0.19538186490535736,1.5153487920761108,0.12893524311170204,210
2W8TA,227,20,0.18266431987285614,1.5153487920761108,0.1205427561153073,207
2W8TA,227,21,0.21494290232658386,1.5153487920761108,0.14184384707371583,207
2W8TA,227,22,0.25474828481674194,1.5153487920761108,0.16811197933363106,207
2W8TA,227,23,0.17582158744335175,1.5153487920761108,0.11602714065747631,207
2W8TA,227,24,0.15136003494262695,1.5153487920761108,0.09988461780819148,203
2W8TA,227,25,0.12226910144090652,1.5153487920761108,0.08068710126689127,207
2W8TA,227,26,0.10324569046497345,1.5153487920761108,0.0681332845644871,207
2W8TA,227,27,0.05516497418284416,1.5153487920761108,0.036404143040405325,207
2W8TA,227,28,0.033346060663461685,1.5153487920761108,0.022005534856285962,207
2W8TA,227,29,0.035707034170627594,1.5153487920761108,0.023563574509936423,426
2W8TA,227,30,-0.02192665822803974,1.5153487920761108,-0.014469710434123236,426
2W8TA,227,31,-0.057937633246183395,1.5153487920761108,-0.038233859788019936,256
2W8TA,227,32,-0.1154213547706604,1.5153487920761108,-0.07616817684100756,256
2W8TA,227,33,-0.15796628594398499,1.5153487920761108,-0.10424417584255471,256
2W8TA,227,34,-0.183317631483078,1.5153487920761108,-0.12097388564379478,256
2W8TA,227,35,-0.2105191946029663,1.5153487920761108,-0.1389245800727788,256
2W8TA,227,36,-0.21754054725170135,1.5153487920761108,-0.14355806952778105,426
2W8TA,227,37,-0.22369150817394257,1.5153487920761108,-0.1476171752296532,256
2W8TA,227,38,-0.2451811283826828,1.5153487920761108,-0.1617984781224996,256
2W8TA,227,39,-0.237338587641716,1.5153487920761108,-0.156623075085274,256
2W8TA,227,40,-0.23094800114631653,1.5153487920761108,-0.15240583709437952,256
2W8TA,227,41,-0.2364734411239624,1.5153487920761108,-0.15605215271923029,256
2W8TA,227,42,-0.23055051267147064,1.5153487920761108,-0.15214352885424076,256
2W8TA,227,43,-0.22558224201202393,1.5153487920761108,-0.1488648971059421,256
2W8TA,227,44,-0.2272379845380783,1.5153487920761108,-0.14995754490736737,225
2W8TA,227,45,-0.21644261479377747,1.5153487920761108,-0.1428335284428077,225
2W8TA,227,46,-0.2042791098356247,1.5153487920761108,-0.13480666029089655,225
2W8TA,227,47,-0.23289461433887482,1.5153487920761108,-0.1536904345433215,256
2W8TA,227,48,-0.2363419532775879,1.5153487920761108,-0.15596538203840613,256
2W8TA,227,49,-0.15623265504837036,1.5153487920761108,-0.10310012840959412,256
2W8TA,227,50,-0.006786739453673363,1.5153487920761108,-0.004478664904846863,225
2W8TA,227,51,0.20732779800891876,1.5153487920761108,0.13681853253393123,227
2W8TA,227,52,0.33892822265625,1.5153487920761108,0.223663505345129,227
2W8TA,227,53,0.4213000237941742,1.5153487920761108,0.27802181649346225,227
2W8TA,227,54,0.469523161649704,1.5153487920761108,0.3098449440187506,227
2W8TA,227,55,0.435825914144516,1.5153487920761108,0.28760765602182625,227
2W8TA,227,56,0.8098101615905762,1.5153487920761108,0.5344051256219975,227
2W8TA,227,57,0.9337780475616455,1.5153487920761108,0.616213278714743,227
2W8TA,227,58,0.9684746861457825,1.5153487920761108,0.6391100789534527,227
2W8TA,227,59,1.0179040431976318,1.5153487920761108,0.6717292075067731,227
2W8TA,227,60,1.0473825931549072,1.5153487920761108,0.6911825176037101,227
2W8TA,227,61,1.0744190216064453,1.5153487920761108,0.7090242373403898,227
2W8TA,227,62,1.1185142993927002,1.5153487920761108,0.7381233318965955,227
2W8TA,227,63,1.1530168056488037,1.5153487920761108,0.7608920214791656,227
2W8TA,227,64,1.180874228477478,1.5153487920761108,0.77927552696275,227
2W8TA,227,65,1.2003451585769653,1.5153487920761108,0.7921246678346751,227
2W8TA,227,66,1.2156898975372314,1.5153487920761108,0.802250877087954,227
2W8TA,227,67,1.2301520109176636,1.5153487920761108,0.8117946292960632,227
2W8TA,227,68,1.2409336566925049,1.5153487920761108,0.8189095891199794,227
2W8TA,227,69,1.2596728801727295,1.5153487920761108,0.831275866493356,227
2W8TA,227,70,1.266402006149292,1.5153487920761108,0.8357165114536119,227
2W8TA,227,71,1.2710306644439697,1.5153487920761108,0.8387710282215542,227
2W8TA,227,72,1.289869785308838,1.5153487920761108,0.8512032292853486,227
2W8TA,227,73,1.297821044921875,1.5153487920761108,0.856450377436728,227
2W8TA,227,74,1.313578724861145,1.5153487920761108,0.86684909225517,227
2W8TA,227,75,1.3201141357421875,1.5153487920761108,0.8711619018968952,227
2W8TA,227,76,1.3338959217071533,1.5153487920761108,0.880256696466325,227
2W8TA,227,77,1.3331873416900635,1.5153487920761108,0.8797890945381122,227
2W8TA,227,78,1.3372858762741089,1.5153487920761108,0.8824937752066665,227
2W8TA,227,79,1.343945026397705,1.5153487920761108,0.8868882421164745,227
2W8TA,227,80,1.344597578048706,1.5153487920761108,0.887318870137174,227
3HDOA,182,0,1.0461604595184326,1.3482335805892944,0.775948970994455,182
3HDOA,182,1,1.0384178161621094,1.3482335805892944,0.7702061653947465,182
3HDOA,182,2,0.9849318861961365,1.3482335805892944,0.7305350499915869,184
3HDOA,182,3,0.8504285216331482,1.3482335805892944,0.6307723927640473,184
3HDOA,182,4,0.6479933857917786,1.3482335805892944,0.4806239772699843,184
3HDOA,182,5,0.4428638219833374,1.3482335805892944,0.3284770742691097,184
3HDOA,182,6,0.0619315505027771,1.3482335805892944,0.045935327078641425,184
3HDOA,182,7,-0.05789009481668472,1.3482335805892944,-0.04293773397290828,177
3HDOA,182,8,-0.048527173697948456,1.3482335805892944,-0.03599315014593977,177
3HDOA,182,9,-0.03971242159605026,1.3482335805892944,-0.02945514943982667,175
3HDOA,182,10,-0.1250857710838318,1.3482335805892944,-0.09277752229636538,172
3HDOA,182,11,-0.07028421014547348,1.3482335805892944,-0.05213058861414297,175
3HDOA,182,12,-0.05900755152106285,1.3482335805892944,-0.04376656417003904,175
3HDOA,182,13,-0.012334072031080723,1.3482335805892944,-0.009148319852476652,177
3HDOA,182,14,0.025654982775449753,1.3482335805892944,0.019028589070030664,190
3HDOA,182,15,0.08147643506526947,1.3482335805892944,0.060431987630553775,177
3HDOA,182,16,0.09361692517995834,1.3482335805892944,0.06943672559990656,177
3HDOA,182,17,0.05325135216116905,1.3482335805892944,0.039497126408833114,177
3HDOA,182,18,0.0537940077483654,1.3482335805892944,0.039899620156955876,177
3HDOA,182,19,0.03467840328812599,1.3482335805892944,0.02572136148171635,177
3HDOA,182,20,-0.0038290787488222122,1.3482335805892944,-0.0028400707443798977,174
3HDOA,182,21,-0.019392073154449463,1.3482335805892944,-0.014383318613065143,190
3HDOA,182,22,-0.024535607546567917,1.3482335805892944,-0.01819833588171253,187
3HDOA,182,23,-0.030127907171845436,1.3482335805892944,-0.02234620736762612,190
3HDOA,182,24,-0.02991415560245514,1.3482335805892944,-0.022187665426179396,190
3HDOA,182,25,-0.06727112829685211,1.3482335805892944,-0.049895751941921536,195
3HDOA,182,26,-0.08211258053779602,1.3482335805892944,-0.06090382387739203,195
3HDOA,182,27,-0.09493916481733322,1.3482335805892944,-0.07041744560006925,195
3HDOA,182,28,-0.11067764461040497,1.3482335805892944,-0.08209085295296478,209
3HDOA,182,29,-0.13678015768527985,1.3482335805892944,-0.10145138027603133,209
3HDOA,182,30,-0.15967527031898499,1.3482335805892944,-0.11843294264276752,209
3HDOA,182,31,-0.18859758973121643,1.3482335805892944,-0.13988495201905815,195
3HDOA,182,32,-0.19869019091129303,1.3482335805892944,-0.14737074774865663,195
3HDOA,182,33,-0.21031621098518372,1.3482335805892944,-0.15599389750643755,215
3HDOA,182,34,-0.2074296921491623,1.3482335805892944,-0.15385293404314823,195
3HDOA,182,35,-0.19647321105003357,1.3482335805892944,-0.14572638886813502,147
3HDOA,182,36,-0.21415424346923828,1.3482335805892944,-0.1588406093368735,147
3HDOA,182,37,-0.2268442064523697,1.3482335805892944,-0.1682528975084712,147
3HDOA,182,38,-0.2607654929161072,1.3482335805892944,-0.19341269693203322,195
3HDOA,182,39,-0.2725905179977417,1.3482335805892944,-0.20218345094074583,195
3HDOA,182,40,-0.2778937518596649,1.3482335805892944,-0.20611691910106658,359
3HDOA,182,41,-0.2951391935348511,1.3482335805892944,-0.21890805701920715,165
3HDOA,182,42,-0.3103131651878357,1.3482335805892944,-0.23016276233989222,165
3HDOA,182,43,-0.30539968609809875,1.3482335805892944,-0.2265183796746946,165
3HDOA,182,44,-0.30534204840660095,1.3482335805892944,-0.22647562915110014,165
3HDOA,182,45,-0.34251004457473755,1.3482335805892944,-0.2540435496533406,226
3HDOA,182,46,-0.39056870341300964,1.3482335805892944,-0.28968919706205315,226
3HDOA,182,47,-0.3908528685569763,1.3482335805892944,-0.2898999655431664,143
3HDOA,182,48,-0.3923259675502777,1.3482335805892944,-0.29099257962318176,223
3HDOA,182,49,-0.405346542596817,1.3482335805892944,-0.30065008647807573,223
3HDOA,182,50,-0.409668505191803,1.3482335805892944,-0.30385573471085214,223
3HDOA,182,51,-0.3965592086315155,1.3482335805892944,-0.29413242211203855,223
3HDOA,182,52,-0.29875242710113525,1.3482335805892944,-0.22158803296573779,223
3HDOA,182,53,-0.1986812800168991,1.3482335805892944,-0.14736413843813195,223
3HDOA,182,54,0.0534508042037487,1.3482335805892944,0.03964506223052692,223
3HDOA,182,55,0.3788638114929199,1.3482335805892944,0.2810075471694777,152
3HDOA,182,56,0.5640525221824646,1.3482335805892944,0.41836409528972346,182
3HDOA,182,57,0.6586600542068481,1.3482335805892944,0.48853556511992297,182
3HDOA,182,58,0.7514510750770569,1.3482335805892944,0.5573597082106558,182
3HDOA,182,59,0.9043889045715332,1.3482335805892944,0.6707954152693907,182
3HDOA,182,60,0.9572071433067322,1.3482335805892944,0.7099712965822659,182
3HDOA,182,61,1.0218604803085327,1.3482335805892944,0.7579254032983599,182
3HDOA,182,62,1.0900931358337402,1.3482335805892944,0.8085343307924993,182
3HDOA,182,63,1.1804883480072021,1.3482335805892944,0.8755814756455086,182
3HDOA,182,64,1.272909164428711,1.3482335805892944,0.9441310339357812,182
3HDOA,182,65,1.33931303024292,1.3482335805892944,0.9933835275468547,182
3HDOA,182,66,1.3940997123718262,1.3482335805892944,1.0340194254488784,182
3HDOA,182,67,1.4135578870773315,1.3482335805892944,1.0484517723253004,182
3HDOA,182,68,1.4141939878463745,1.3482335805892944,1.0489235754150625,182
3HDOA,182,69,1.3880107402801514,1.3482335805892944,1.0295031664123593,182
3HDOA,182,70,1.3772014379501343,1.3482335805892944,1.0214857853845907,182
3HDOA,182,71,1.3646678924560547,1.3482335805892944,1.0121895138226547,182
3HDOA,182,72,1.3415398597717285,1.3482335805892944,0.9950351920365015,182
3HDOA,182,73,1.3408206701278687,1.3482335805892944,0.9945017609944222,182
3HDOA,182,74,1.3172087669372559,1.3482335805892944,0.9769885470153635,182
3HDOA,182,75,1.3239004611968994,1.3482335805892944,0.9819518518580739,182
3HDOA,182,76,1.326338768005371,1.3482335805892944,0.9837603714229152,182
3HDOA,182,77,1.3199257850646973,1.3482335805892944,0.9790037898980203,182
3HDOA,182,78,1.316771149635315,1.3482335805892944,0.9766639613439775,182
3HDOA,182,79,1.3249828815460205,1.3482335805892944,0.9827546951967244,182
3HDOA,182,80,1.3292055130004883,1.3482335805892944,0.9858866684061606,182
4KEMA,236,0,0.9045271873474121,1.393323302268982,0.6491868655856246,236
4KEMA,236,1,0.8315711617469788,1.393323302268982,0.5968257046966716,237
4KEMA,236,2,0.7513110637664795,1.393323302268982,0.5392223488568617,237
4KEMA,236,3,0.6709364056587219,1.393323302268982,0.4815367722380898,237
4KEMA,236,4,0.5271362662315369,1.393323302268982,0.37833018752583303,60
4KEMA,236,5,0.39292874932289124,1.393323302268982,0.28200830968879903,60
4KEMA,236,6,0.32812461256980896,1.393323302268982,0.23549782884953452,60
4KEMA,236,7,0.19181230664253235,1.393323302268982,0.13766532600881087,229
4KEMA,236,8,0.15239481627941132,1.393323302268982,0.10937505748396031,244
4KEMA,236,9,0.12624132633209229,1.393323302268982,0.0906044750177596,244
4KEMA,236,10,0.028957059606909752,1.393323302268982,0.02078272828693392,226
4KEMA,236,11,-0.0017219595611095428,1.393323302268982,-0.0012358650417353871,235
4KEMA,236,12,-0.002221331000328064,1.393323302268982,-0.0015942681764603364,235
4KEMA,236,13,-0.04517853632569313,1.393323302268982,-0.03242502027499385,235
4KEMA,236,14,-0.04687809944152832,1.393323302268982,-0.03364481119722095,235
4KEMA,236,15,-0.06652238965034485,1.393323302268982,-0.04774368557678989,235
4KEMA,236,16,-0.10409863293170929,1.393323302268982,-0.07471247539044817,235
4KEMA,236,17,-0.1438509076833725,1.393323302268982,-0.1032430215220803,222
4KEMA,236,18,-0.17428119480609894,1.393323302268982,-0.1250830977435658,235
4KEMA,236,19,-0.21426667273044586,1.393323302268982,-0.1537810157782616,235
4KEMA,236,20,-0.22202914953231812,1.393323302268982,-0.1593522114865594,235
4KEMA,236,21,-0.2158997803926468,1.393323302268982,-0.1549531110554607,216
4KEMA,236,22,-0.19116567075252533,1.393323302268982,-0.13720122992360653,214
4KEMA,236,23,-0.17638805508613586,1.393323302268982,-0.126595209309206,218
4KEMA,236,24,-0.1917353868484497,1.393323302268982,-0.1376101200175256,216
4KEMA,236,25,-0.18160979449748993,1.393323302268982,-0.1303428961546428,216
4KEMA,236,26,-0.18453826010227203,1.393323302268982,-0.13244468085889144,214
4KEMA,236,27,-0.15249048173427582,1.393323302268982,-0.10944371739563244,209
4KEMA,236,28,-0.17709755897521973,1.393323302268982,-0.12710442629275062,209
4KEMA,236,29,-0.19095481932163239,1.393323302268982,-0.13704990005598028,209
4KEMA,236,30,-0.20930001139640808,1.393323302268982,-0.1502164006412365,209
4KEMA,236,31,-0.22152011096477509,1.393323302268982,-0.15898687017150775,209
4KEMA,236,32,-0.25259488821029663,1.393323302268982,-0.1812895024427956,209
4KEMA,236,33,-0.27747049927711487,1.393323302268982,-0.19914294035365887,209
4KEMA,236,34,-0.30263155698776245,1.393323302268982,-0.21720124575174818,209
4KEMA,236,35,-0.3436248004436493,1.393323302268982,-0.24662244569086544,209
4KEMA,236,36,-0.39739182591438293,1.393323302268982,-0.2852114977674192,389
4KEMA,236,37,-0.3790234327316284,1.393323302268982,-0.272028345549379,389
4KEMA,236,38,-0.39374154806137085,1.393323302268982,-0.28259166226544513,389
4KEMA,236,39,-0.3956926167011261,1.393323302268982,-0.28399196084408657,389
4KEMA,236,40,-0.4055785834789276,1.393323302268982,-0.29108720339238997,389
4KEMA,236,41,-0.4095742106437683,1.393323302268982,-0.2939548990365624,274
4KEMA,236,42,-0.4241148829460144,1.393323302268982,-0.3043908633806361,274
4KEMA,236,43,-0.42817550897598267,1.393323302268982,-0.3073052092638605,274
4KEMA,236,44,-0.4151119887828827,1.393323302268982,-0.297929409568394,274
4KEMA,236,45,-0.3962115943431854,1.393323302268982,-0.2843644355175627,274
4KEMA,236,46,-0.3879214823246002,1.393323302268982,-0.27841455152072936,274
4KEMA,236,47,-0.3830285370349884,1.393323302268982,-0.27490284301657686,274
4KEMA,236,48,-0.3796788454055786,1.393323302268982,-0.2724987408071651,210
4KEMA,236,49,-0.34122174978256226,1.393323302268982,-0.24489775576629894,210
4KEMA,236,50,-0.3029187023639679,1.393323302268982,-0.21740733243366747,274
4KEMA,236,51,1.2114081382751465,1.393323302268982,0.8694379375572112,236
4KEMA,236,52,1.4029359817504883,1.393323302268982,1.0068991019283553,236
4KEMA,236,53,1.4227961301803589,1.393323302268982,1.0211528995914885,236
4KEMA,236,54,1.4468777179718018,1.393323302268982,1.0384364602354732,236
4KEMA,236,55,1.4707367420196533,1.393323302268982,1.0555602849852623,236
4KEMA,236,56,1.470173954963684,1.393323302268982,1.0551563679223288,236
4KEMA,236,57,1.4843162298202515,1.393323302268982,1.0653063990267662,236
4KEMA,236,58,1.4868139028549194,1.393323302268982,1.0670990002346843,236
4KEMA,236,59,1.477871298789978,1.393323302268982,1.060680817139362,236
4KEMA,236,60,1.483873724937439,1.393323302268982,1.0649888095038664,236
4KEMA,236,61,1.4777207374572754,1.393323302268982,1.0605727579886557,236
4KEMA,236,62,1.4682062864303589,1.393323302268982,1.0537441554587026,236
4KEMA,236,63,1.456478476524353,1.393323302268982,1.0453270064115951,236
4KEMA,236,64,1.4325435161590576,1.393323302268982,1.02814868152008,236
4KEMA,236,65,1.4251747131347656,1.393323302268982,1.0228600288345961,236
4KEMA,236,66,1.4243243932724,1.393323302268982,1.0222497470277958,236
4KEMA,236,67,1.420824408531189,1.393323302268982,1.0197377781721029,236
4KEMA,236,68,1.4148916006088257,1.393323302268982,1.0154797514006408,236
4KEMA,236,69,1.4044057130813599,1.393323302268982,1.0079539406211973,236
4KEMA,236,70,1.4021453857421875,1.393323302268982,1.0063316844402437,236
4KEMA,236,71,1.39675772190094,1.393323302268982,1.00246491221841,236
4KEMA,236,72,1.3997726440429688,1.393323302268982,1.0046287475157305,236
4KEMA,236,73,1.4014272689819336,1.393323302268982,1.0058162859257105,236
4KEMA,236,74,1.4028050899505615,1.393323302268982,1.006805159768834,236
4KEMA,236,75,1.3984124660491943,1.393323302268982,1.0036525361859123,236
4KEMA,236,76,1.3940633535385132,1.393323302268982,1.0005311410986424,236
4KEMA,236,77,1.3922721147537231,1.393323302268982,0.9992455537680688,236
4KEMA,236,78,1.3904571533203125,1.393323302268982,0.9979429404905509,236
4KEMA,236,79,1.3913146257400513,1.393323302268982,0.9985583557486912,236
4KEMA,236,80,1.3946703672409058,1.393323302268982,1.0009668000023615,236
3V5CA,231,0,0.9875431060791016,1.3427644968032837,0.7354551810314788,231
3V5CA,231,1,0.94712895154953,1.3427644968032837,0.7053574575469919,232
3V5CA,231,2,0.9050902724266052,1.3427644968032837,0.674049898237071,232
3V5CA,231,3,0.7869111895561218,1.3427644968032837,0.5860381261416424,232
3V5CA,231,4,0.6380406618118286,1.3427644968032837,0.4751694458192859,232
3V5CA,231,5,0.5035143494606018,1.3427644968032837,0.37498336503483465,232
3V5CA,231,6,0.2982480227947235,1.3427644968032837,0.22211491553787868,225
3V5CA,231,7,0.21899235248565674,1.3427644968032837,0.16309066333449485,225
3V5CA,231,8,0.17824047803878784,1.3427644968032837,0.13274142894239796,230
3V5CA,231,9,0.15216009318828583,1.3427644968032837,0.11331852573592242,230
3V5CA,231,10,0.15676291286945343,1.3427644968032837,0.11674639390798501,230
3V5CA,231,11,0.20864753425121307,1.3427644968032837,0.15538654376693736,230
3V5CA,231,12,0.22094272077083588,1.3427644968032837,0.16454316545964218,230
3V5CA,231,13,0.285905659198761,1.3427644968032837,0.21292315955583865,230
3V5CA,231,14,0.3082733154296875,1.3427644968032837,0.2295810740927341,217
3V5CA,231,15,0.3251940608024597,1.3427644968032837,0.24218249855179255,217
3V5CA,231,16,0.37230750918388367,1.3427644968032837,0.2772694020956283,217
3V5CA,231,17,0.4148423373699188,1.3427644968032837,0.30894645960444517,217
3V5CA,231,18,0.43718066811561584,1.3427644968032837,0.32558253450728764,231
3V5CA,231,19,0.4109988808631897,1.3427644968032837,0.306084113663754,231
3V5CA,231,20,0.374729186296463,1.3427644968032837,0.2790729030955018,211
3V5CA,231,21,0.2859601676464081,1.3427644968032837,0.2129637537536871,211
3V5CA,231,22,0.23537515103816986,1.3427644968032837,0.1752914614577068,211
3V5CA,231,23,0.2085181027650833,1.3427644968032837,0.15529015196745363,211
3V5CA,231,24,0.16349215805530548,1.3427644968032837,0.12175787969113785,210
3V5CA,231,25,0.13181021809577942,1.3427644968032837,0.09816331784879605,210
3V5CA,231,26,0.12401401251554489,1.3427644968032837,0.09235723227027878,210
3V5CA,231,27,0.10449746251106262,1.3427644968032837,0.07782262843546987,248
3V5CA,231,28,0.08061937987804413,1.3427644968032837,0.06003985067372164,248
3V5CA,231,29,0.02626732736825943,1.3427644968032837,0.019562125324875654,248
3V5CA,231,30,-0.0535813607275486,1.3427644968032837,-0.03990376633811038,248
3V5CA,231,31,-0.08406835049390793,1.3427644968032837,-0.0626084102566379,200
3V5CA,231,32,-0.1355404406785965,1.3427644968032837,-0.10094133483665774,200
3V5CA,231,33,-0.18314988911151886,1.3427644968032837,-0.13639762560563926,200
3V5CA,231,34,-0.18302994966506958,1.3427644968032837,-0.13630830283404763,200
3V5CA,231,35,-0.23113636672496796,1.3427644968032837,-0.17213470215755164,200
3V5CA,231,36,-0.30782559514045715,1.3427644968032837,-0.22924764236267553,200
3V5CA,231,37,-0.2743987441062927,1.3427644968032837,-0.20435358900205744,200
3V5CA,231,38,-0.3053203523159027,1.3427644968032837,-0.22738190728365112,200
3V5CA,231,39,-0.3071049153804779,1.3427644968032837,-0.228710928916874,200
3V5CA,231,40,-0.3275318741798401,1.3427644968032837,-0.24392354352501458,254
3V5CA,231,41,-0.31107133626937866,1.3427644968032837,-0.23166485039628726,272
3V5CA,231,42,-0.32697901129722595,1.3427644968032837,-0.24351180871676614,272
3V5CA,231,43,-0.30881166458129883,1.3427644968032837,-0.22998200005770636,272
3V5CA,231,44,-0.3177105486392975,1.3427644968032837,-0.2366092858395275,272
3V5CA,231,45,-0.3098032474517822,1.3427644968032837,-0.23072046378149713,272
3V5CA,231,46,-0.2943577766418457,1.3427644968032837,-0.21921772383960297,272
3V5CA,231,47,-0.2549014091491699,1.3427644968032837,-0.18983329523234574,272
3V5CA,231,48,-0.2849980890750885,1.3427644968032837,-0.2122472628324496,205
3V5CA,231,49,-0.3163258135318756,1.3427644968032837,-0.2355780289730267,205
3V5CA,231,50,-0.2811104655265808,1.3427644968032837,-0.20935202427217867,205
3V5CA,231,51,-0.3450310528278351,1.3427644968032837,-0.2569557458878677,205
3V5CA,231,52,-0.08977586776018143,1.3427644968032837,-0.06685898232632054,205
3V5CA,231,53,0.004623355343937874,1.3427644968032837,0.0034431617420215424,205
3V5CA,231,54,0.16905692219734192,1.3427644968032837,0.12590213890806268,205
3V5CA,231,55,0.31928750872612,1.3427644968032837,0.23778369884387546,205
3V5CA,231,56,0.4014350473880768,1.3427644968032837,0.29896161861873194,205
3V5CA,231,57,0.44809260964393616,1.3427644968032837,0.3337090090709943,205
3V5CA,231,58,0.5287760496139526,1.3427644968032837,0.39379656735995666,205
3V5CA,231,59,0.5829376578330994,1.3427644968032837,0.43413246270727124,205
3V5CA,231,60,0.6348420977592468,1.3427644968032837,0.47278737207500937,205
3V5CA,231,61,0.6881001591682434,1.3427644968032837,0.5124503669901921,205
3V5CA,231,62,0.7306337952613831,1.3427644968032837,0.5441265367090069,205
3V5CA,231,63,0.7223554253578186,1.3427644968032837,0.5379613678180564,205
3V5CA,231,64,0.7608413696289062,1.3427644968032837,0.566623090974061,205
3V5CA,231,65,0.8055506944656372,1.3427644968032837,0.599919566225805,205
3V5CA,231,66,0.8438986539840698,1.3427644968032837,0.6284785276890604,205
3V5CA,231,67,0.8847197890281677,1.3427644968032837,0.6588793426802824,231
3V5CA,231,68,0.8969776630401611,1.3427644968032837,0.6680081765459198,231
3V5CA,231,69,0.9516505002975464,1.3427644968032837,0.7087248006356577,231
3V5CA,231,70,0.9967751502990723,1.3427644968032837,0.7423305819241517,231
3V5CA,231,71,1.053868293762207,1.3427644968032837,0.7848496860552605,231
3V5CA,231,72,1.1404085159301758,1.3427644968032837,0.8492989788195501,231
3V5CA,231,73,1.1573179960250854,1.3427644968032837,0.8618920136630881,231
3V5CA,231,74,1.2064720392227173,1.3427644968032837,0.8984986139378591,231
3V5CA,231,75,1.2049812078475952,1.3427644968032837,0.8973883437611667,231
3V5CA,231,76,1.2308560609817505,1.3427644968032837,0.9166581808738961,231
3V5CA,231,77,1.244544506072998,1.3427644968032837,0.9268524071316171,231
3V5CA,231,78,1.2776014804840088,1.3427644968032837,0.9514710014493172,231
3V5CA,231,79,1.300422191619873,1.3427644968032837,0.9684663205765308,231
3V5CA,231,80,1.3174715042114258,1.3427644968032837,0.9811634931873214,231
2OZTA,194,0,1.0579668283462524,1.129931926727295,0.9363102354409258,194
2OZTA,194,1,1.0562360286712646,1.129931926727295,0.9347784620357784,195
2OZTA,194,2,0.9680772423744202,1.129931926727295,0.856757136846583,194
2OZTA,194,3,0.6259676814079285,1.129931926727295,0.5539870735584619,192
2OZTA,194,4,0.311162531375885,1.129931926727295,0.27538166151046634,190
2OZTA,194,5,0.11518816649913788,1.129931926727295,0.10194257173772038,189
2OZTA,194,6,0.04231837019324303,1.129931926727295,0.03745214131245308,189
2OZTA,194,7,-0.04628658667206764,1.129931926727295,-0.04096404887516622,201
2OZTA,194,8,-0.05656212568283081,1.129931926727295,-0.05005799406576276,201
2OZTA,194,9,-0.13792599737644196,1.129931926727295,-0.12206575822308799,185
2OZTA,194,10,-0.1819780319929123,1.129931926727295,-0.16105220826885444,185
2OZTA,194,11,-0.17736440896987915,1.129931926727295,-0.1569691100627564,185
2OZTA,194,12,-0.11856013536453247,1.129931926727295,-0.10492679475650088,185
2OZTA,194,13,-0.10163736343383789,1.129931926727295,-0.0899499881627539,185
2OZTA,194,14,-0.08956044912338257,1.129931926727295,-0.07926180949925284,185
2OZTA,194,15,-0.053880803287029266,1.129931926727295,-0.04768499943451302,203
2OZTA,194,16,-0.0611284002661705,1.129931926727295,-0.05409918847343414,203
2OZTA,194,17,-0.058216750621795654,1.129931926727295,-0.051522352138870096,203
2OZTA,194,18,-0.06123408302664757,1.129931926727295,-0.054192718674658885,203
2OZTA,194,19,-0.0734923854470253,1.129931926727295,-0.06504142746004771,203
2OZTA,194,20,-0.08935960382223129,1.129931926727295,-0.07908405958671343,191
2OZTA,194,21,-0.10686507821083069,1.129931926727295,-0.09457656313894226,191
2OZTA,194,22,-0.12147301435470581,1.129931926727295,-0.1075047190732428,191
2OZTA,194,23,-0.16155338287353516,1.129931926727295,-0.1429762086123667,171
2OZTA,194,24,-0.18227824568748474,1.129931926727295,-0.16131790011052316,171
2OZTA,194,25,-0.2198641300201416,1.129931926727295,-0.19458174852794033,171
2OZTA,194,26,-0.23759886622428894,1.129931926727295,-0.21027715086559598,191
2OZTA,194,27,-0.28594639897346497,1.129931926727295,-0.2530651557051517,215
2OZTA,194,28,-0.3040505349636078,1.129931926727295,-0.26908748020268064,215
2OZTA,194,29,-0.3003327250480652,1.129931926727295,-0.2657971847188538,215
2OZTA,194,30,-0.29804685711860657,1.129931926727295,-0.26377417087581695,215
2OZTA,194,31,-0.3269003927707672,1.129931926727295,-0.289309811536694,215
2OZTA,194,32,-0.3512866795063019,1.129931926727295,-0.3108918964027854,215
2OZTA,194,33,-0.38251256942749023,1.129931926727295,-0.3385270921013707,171
2OZTA,194,34,-0.39003920555114746,1.129931926727295,-0.34518823331317555,171
2OZTA,194,35,-0.38056817650794983,1.129931926727295,-0.3368062867381909,272
2OZTA,194,36,-0.38930535316467285,1.129931926727295,-0.34453876729746596,260
2OZTA,194,37,-0.40888363122940063,1.129931926727295,-0.3618657208967273,260
2OZTA,194,38,-0.43919801712036133,1.129931926727295,-0.38869422726415287,260
2OZTA,194,39,-0.40402358770370483,1.129931926727295,-0.35756453831153184,331
2OZTA,194,40,-0.36458104848861694,1.129931926727295,-0.32265753348927834,331
2OZTA,194,41,-0.33141687512397766,1.129931926727295,-0.2933069393692457,331
2OZTA,194,42,-0.3614576458930969,1.129931926727295,-0.319893293873033,232
2OZTA,194,43,-0.3418036699295044,1.129931926727295,-0.30249934694694003,232
2OZTA,194,44,0.45219507813453674,1.129931926727295,0.4001967441032157,165
2OZTA,194,45,0.7393789887428284,1.129931926727295,0.6543571088254371,194
2OZTA,194,46,0.6617851853370667,1.129931926727295,0.5856858892852456,165
2OZTA,194,47,0.6427430510520935,1.129931926727295,0.5688334277921658,165
2OZTA,194,48,0.7427935600280762,1.129931926727295,0.6573790353720546,165
2OZTA,194,49,0.8328246474266052,1.129931926727295,0.7370573640119866,165
2OZTA,194,50,0.9111080169677734,1.129931926727295,0.8063388558341587,194
2OZTA,194,51,0.9398690462112427,1.129931926727295,0.8317926274846084,194
2OZTA,194,52,0.9427700638771057,1.129931926727295,0.8343600544217916,194
2OZTA,194,53,0.9434335827827454,1.129931926727295,0.834947274669264,194
2OZTA,194,54,0.9411378502845764,1.129931926727295,0.8329155305934786,194
2OZTA,194,55,0.9514472484588623,1.129931926727295,0.8420394414507864,194
2OZTA,194,56,0.9609854221343994,1.129931926727295,0.8504808116341772,194
2OZTA,194,57,0.9673416614532471,1.129931926727295,0.856106141061993,194
2OZTA,194,58,0.970233678817749,1.129931926727295,0.8586656026508679,194
2OZTA,194,59,0.970191240310669,1.129931926727295,0.8586280441873214,194
2OZTA,194,60,0.9646545648574829,1.129931926727295,0.8537280362114229,194
2OZTA,194,61,0.9654844403266907,1.129931926727295,0.8544624835259716,194
2OZTA,194,62,0.9607780575752258,1.129931926727295,0.8502972921191794,194
2OZTA,194,63,0.9611762166023254,1.129931926727295,0.8506496664681835,194
2OZTA,194,64,0.9744113087654114,1.129931926727295,0.8623628430322087,194
2OZTA,194,65,0.981144905090332,1.129931926727295,0.8683221368318128,194
2OZTA,194,66,0.9869173765182495,1.129931926727295,0.8734308263832592,194
2OZTA,194,67,0.9931739568710327,1.129931926727295,0.8789679567225218,194
2OZTA,194,68,0.993398904800415,1.129931926727295,0.879167037679579,194
2OZTA,194,69,1.0024610757827759,1.129931926727295,0.8871871411636962,194
2OZTA,194,70,1.0038306713104248,1.129931926727295,0.8883992456234895,194
2OZTA,194,71,1.0019667148590088,1.129931926727295,0.8867496272638997,194
2OZTA,194,72,0.9998677968978882,1.129931926727295,0.8848920658378766,194
2OZTA,194,73,1.0038161277770996,1.129931926727295,0.8883863744646336,194
2OZTA,194,74,1.0080400705337524,1.129931926727295,0.8921246021018392,194
2OZTA,194,75,1.0114737749099731,1.129931926727295,0.8951634616074432,194
2OZTA,194,76,1.0095205307006836,1.129931926727295,0.8934348227725827,194
2OZTA,194,77,1.0129989385604858,1.129931926727295,0.896513245266473,194
2OZTA,194,78,1.0158216953277588,1.129931926727295,0.8990114105988296,194
2OZTA,194,79,1.0236502885818481,1.129931926727295,0.9059397866088463,194
2OZTA,194,80,1.029658555984497,1.129931926727295,0.9112571577358408,194
2PGEA,238,0,0.9493187665939331,1.1877894401550293,0.7992315258081675,238
2PGEA,238,1,0.8954641819000244,1.1877894401550293,0.7538913477654332,239
2PGEA,238,2,0.8299811482429504,1.1877894401550293,0.6987611778520458,239
2PGEA,238,3,0.7182754874229431,1.1877894401550293,0.6047161753931694,239
2PGEA,238,4,0.6610673069953918,1.1877894401550293,0.5565526049037024,235
2PGEA,238,5,0.5601418614387512,1.1877894401550293,0.4715834663133913,239
2PGEA,238,6,0.5284429788589478,1.1877894401550293,0.44489617519244473,239
2PGEA,238,7,0.5016887784004211,1.1877894401550293,0.42237181224219433,239
2PGEA,238,8,0.5088239908218384,1.1877894401550293,0.42837894800228826,238
2PGEA,238,9,0.40381190180778503,1.1877894401550293,0.33996926404319594,229
2PGEA,238,10,0.34893542528152466,1.1877894401550293,0.29376875520629475,229
2PGEA,238,11,0.25900179147720337,1.1877894401550293,0.21805362358112787,247
2PGEA,238,12,0.2049943208694458,1.1877894401550293,0.1725847308784713,226
2PGEA,238,13,0.1871180385351181,1.1877894401550293,0.15753468772267887,226
2PGEA,238,14,0.16295838356018066,1.1877894401550293,0.137194672768695,226
2PGEA,238,15,0.15278089046478271,1.1877894401550293,0.1286262407290318,226
2PGEA,238,16,0.23332953453063965,1.1877894401550293,0.19644014893766498,226
2PGEA,238,17,0.2960969805717468,1.1877894401550293,0.2492840654763697,247
2PGEA,238,18,0.30558115243911743,1.1877894401550293,0.2572687903331025,247
2PGEA,238,19,0.3191719949245453,1.1877894401550293,0.2687109214263491,247
2PGEA,238,20,0.32115069031715393,1.1877894401550293,0.2703767851945523,247
2PGEA,238,21,0.2943167984485626,1.1877894401550293,0.24778533004144962,247
2PGEA,238,22,0.26460689306259155,1.1877894401550293,0.22277255893776532,247
2PGEA,238,23,0.27201732993125916,1.1877894401550293,0.22901140617629642,247
2PGEA,238,24,0.1523820459842682,1.1877894401550293,0.12829045353726953,247
2PGEA,238,25,0.11490381509065628,1.1877894401550293,0.09673752872871065,247
2PGEA,238,26,0.0889115259051323,1.1877894401550293,0.07485461892431679,247
2PGEA,238,27,0.07955430448055267,1.1877894401550293,0.06697677365288693,247
2PGEA,238,28,0.03375120460987091,1.1877894401550293,0.028415141159586106,247
2PGEA,238,29,0.01933257281780243,1.1877894401550293,0.016276094200062225,247
2PGEA,238,30,0.004224195145070553,1.1877894401550293,0.003556350142765383,247
2PGEA,238,31,0.0009431742364540696,1.1877894401550293,0.0007940584455195757,247
2PGEA,238,32,-0.01972169801592827,1.1877894401550293,-0.016603698727405934,255
2PGEA,238,33,-0.07005927711725235,1.1877894401550293,-0.05898290955348809,255
2PGEA,238,34,-0.08895908296108246,1.1877894401550293,-0.07489465721253726,255
2PGEA,238,35,-0.13493512570858002,1.1877894401550293,-0.11360189032406989,255
2PGEA,238,36,-0.16483530402183533,1.1877894401550293,-0.13877485221650157,255
2PGEA,238,37,-0.17589905858039856,1.1877894401550293,-0.14808942783448248,255
2PGEA,238,38,-0.16801594197750092,1.1877894401550293,-0.14145263149971396,255
2PGEA,238,39,-0.18352873623371124,1.1877894401550293,-0.15451285390258834,255
2PGEA,238,40,-0.195318341255188,1.1877894401550293,-0.16443852306827647,255
2PGEA,238,41,-0.22156116366386414,1.1877894401550293,-0.18653235680807717,255
2PGEA,238,42,-0.2400972992181778,1.1877894401550293,-0.20213793042884814,255
2PGEA,238,43,-0.26576894521713257,1.1877894401550293,-0.2237508907154829,255
2PGEA,238,44,-0.29874303936958313,1.1877894401550293,-0.25151178253495116,255
2PGEA,238,45,-0.30881553888320923,1.1877894401550293,-0.25999182047190356,282
2PGEA,238,46,-0.31554752588272095,1.1877894401550293,-0.2656594807254188,255
2PGEA,238,47,-0.2969472110271454,1.1877894401550293,-0.2499998745471151,255
2PGEA,238,48,-0.2855793237686157,1.1877894401550293,-0.2404292495910236,243
2PGEA,238,49,-0.3348686099052429,1.1877894401550293,-0.28192590250805405,243
2PGEA,238,50,-0.36423224210739136,1.1877894401550293,-0.30664714619777395,243
2PGEA,238,51,-0.25725260376930237,1.1877894401550293,-0.21658098234627005,243
2PGEA,238,52,-0.3074582815170288,1.1877894401550293,-0.25884914541494797,247
2PGEA,238,53,-0.3009037673473358,1.1877894401550293,-0.253330899547366,247
2PGEA,238,54,-0.3391634225845337,1.1877894401550293,-0.285541705557061,247
2PGEA,238,55,-0.36016708612442017,1.1877894401550293,-0.30322469113499734,247
2PGEA,238,56,-0.37346991896629333,1.1877894401550293,-0.31442434689228116,247
2PGEA,238,57,-0.2995893955230713,1.1877894401550293,-0.25222432983068876,247
2PGEA,238,58,0.21008877456188202,1.1877894401550293,0.1768737517437951,238
2PGEA,238,59,0.4892445504665375,1.1877894401550293,0.4118950160077881,238
2PGEA,238,60,0.8105236887931824,1.1877894401550293,0.6823799415891367,238
2PGEA,238,61,0.9869881868362427,1.1877894401550293,0.830945412940716,238
2PGEA,238,62,1.1344653367996216,1.1877894401550293,0.9551064342275615,238
2PGEA,238,63,1.1935096979141235,1.1877894401550293,1.0048158853460993,238
2PGEA,238,64,1.1747705936431885,1.1877894401550293,0.9890394323507863,238
2PGEA,238,65,1.1485010385513306,1.1877894401550293,0.966923092363432,238
2PGEA,238,66,1.1283718347549438,1.1877894401550293,0.9499763144953282,238
2PGEA,238,67,1.1161795854568481,1.1877894401550293,0.9397116590893124,238
2PGEA,238,68,1.1429860591888428,1.1877894401550293,0.9622800309115909,238
2PGEA,238,69,1.1489626169204712,1.1877894401550293,0.9673116952197433,238
2PGEA,238,70,1.1519598960876465,1.1877894401550293,0.9698351047280683,238
2PGEA,238,71,1.1593334674835205,1.1877894401550293,0.9760429149228715,238
2PGEA,238,72,1.1638072729110718,1.1877894401550293,0.9798094119772378,238
2PGEA,238,73,1.1625727415084839,1.1877894401550293,0.9787700599162978,238
2PGEA,238,74,1.1646748781204224,1.1877894401550293,0.9805398488543643,238
2PGEA,238,75,1.1660804748535156,1.1877894401550293,0.9817232208271861,238
2PGEA,238,76,1.1660510301589966,1.1877894401550293,0.981698431337127,238
2PGEA,238,77,1.162192702293396,1.1877894401550293,0.9784501048786118,238
2PGEA,238,78,1.157716155052185,1.1877894401550293,0.9746812994911631,238
2PGEA,238,79,1.1580724716186523,1.1877894401550293,0.9749812824295707,238
2PGEA,238,80,1.1604485511779785,1.1877894401550293,0.976981703951264,238
3EKGA,240,0,0.9647155404090881,1.3300811052322388,0.7253058002358767,240
3EKGA,240,1,0.8967177271842957,1.3300811052322388,0.6741827424333828,241
3EKGA,240,2,0.8433741331100464,1.3300811052322388,0.634077222653869,241
3EKGA,240,3,0.7917847037315369,1.3300811052322388,0.5952905432735152,241
3EKGA,240,4,0.7350361943244934,1.3300811052322388,0.5526250928857097,236
3EKGA,240,5,0.6353359222412109,1.3300811052322388,0.4776670533412909,236
3EKGA,240,6,0.5502104759216309,1.3300811052322388,0.4136668611840489,234
3EKGA,240,7,0.41179516911506653,1.3300811052322388,0.30960154797715517,234
3EKGA,240,8,0.34061264991760254,1.3300811052322388,0.2560841204177018,234
3EKGA,240,9,0.2793712615966797,1.3300811052322388,0.21004077157227197,234
3EKGA,240,10,0.22548514604568481,1.3300811052322388,0.16952736578143782,234
3EKGA,240,11,0.18202662467956543,1.3300811052322388,0.13685377828728923,234
3EKGA,240,12,0.126705139875412,1.3300811052322388,0.09526121330269453,234
3EKGA,240,13,0.059102702885866165,1.3300811052322388,0.044435412737892054,227
3EKGA,240,14,0.009062757715582848,1.3300811052322388,0.0068136880374677945,227
3EKGA,240,15,-0.01574999839067459,1.3300811052322388,-0.011841381949354557,227
3EKGA,240,16,-0.05789791792631149,1.3300811052322388,-0.043529614621660405,227
3EKGA,240,17,-0.06244010105729103,1.3300811052322388,-0.046944581658716726,227
3EKGA,240,18,0.00037458911538124084,1.3300811052322388,0.0002816287773036485,227
3EKGA,240,19,0.09787667542695999,1.3300811052322388,0.07358699784692471,239
3EKGA,240,20,0.11579447984695435,1.3300811052322388,0.08705820975235645,224
3EKGA,240,21,0.11509193480014801,1.3300811052322388,0.08653001260404522,224
3EKGA,240,22,0.11573556065559387,1.3300811052322388,0.08701391230979548,224
3EKGA,240,23,0.11806661635637283,1.3300811052322388,0.08876647889510303,217
3EKGA,240,24,0.12937591969966888,1.3300811052322388,0.0972691959841646,216
3EKGA,240,25,0.08856784552335739,1.3300811052322388,0.0665883044086195,216
3EKGA,240,26,0.06115534529089928,1.3300811052322388,0.04597865878278246,216
3EKGA,240,27,0.06547237932682037,1.3300811052322388,0.049224351108565344,216
3EKGA,240,28,0.018035737797617912,1.3300811052322388,0.013559878210937206,216
3EKGA,240,29,-0.0073899682611227036,1.3300811052322388,-0.0055560282993662845,216
3EKGA,240,30,-0.03764704242348671,1.3300811052322388,-0.028304320898471336,216
3EKGA,240,31,-0.05634559690952301,1.3300811052322388,-0.04236252713302381,216
3EKGA,240,32,-0.0905153751373291,1.3300811052322388,-0.06805252309897648,216
3EKGA,240,33,-0.14333100616931915,1.3300811052322388,-0.10776110239104017,403
3EKGA,240,34,-0.18120495975017548,1.3300811052322388,-0.13623602277887872,403
3EKGA,240,35,-0.19433952867984772,1.3300811052322388,-0.14611103632354439,205
3EKGA,240,36,-0.25681596994400024,1.3300811052322388,-0.1930829397799459,205
3EKGA,240,37,-0.2617870271205902,1.3300811052322388,-0.1968203488424722,205
3EKGA,240,38,-0.26046988368034363,1.3300811052322388,-0.1958300758169663,403
3EKGA,240,39,-0.26220178604125977,1.3300811052322388,-0.1971321786391951,275
3EKGA,240,40,-0.28871649503707886,1.3300811052322388,-0.21706683442185093,403
3EKGA,240,41,-0.3110909163951874,1.3300811052322388,-0.23388868180400876,403
3EKGA,240,42,-0.3494521677494049,1.3300811052322388,-0.2627299691535644,403
3EKGA,240,43,-0.36380070447921753,1.3300811052322388,-0.2735176847848659,403
3EKGA,240,44,-0.36418479681015015,1.3300811052322388,-0.27380645840131806,403
3EKGA,240,45,-0.3555281162261963,1.3300811052322388,-0.2672980728976819,403
3EKGA,240,46,-0.35168978571891785,1.3300811052322388,-0.2644122860895096,403
3EKGA,240,47,-0.33649104833602905,1.3300811052322388,-0.25298536082675654,273
3EKGA,240,48,-0.32765132188796997,1.3300811052322388,-0.2463393552461302,273
3EKGA,240,49,-0.3376442492008209,1.3300811052322388,-0.2538523762743525,252
3EKGA,240,50,-0.34932518005371094,1.3300811052322388,-0.2626344955052324,255
3EKGA,240,51,-0.43511447310447693,1.3300811052322388,-0.32713379010711063,276
3EKGA,240,52,-0.4064387381076813,1.3300811052322388,-0.3055744018231994,276
3EKGA,240,53,-0.3744244873523712,1.3300811052322388,-0.28150500437865766,276
3EKGA,240,54,-0.2887974977493286,1.3300811052322388,-0.21712773500297422,276
3EKGA,240,55,-0.031542081385850906,1.3300811052322388,-0.023714404528995623,201
3EKGA,240,56,0.5135397911071777,1.3300811052322388,0.38609659898710547,240
3EKGA,240,57,0.8926693797111511,1.3300811052322388,0.6711390577609074,240
3EKGA,240,58,1.0310744047164917,1.3300811052322388,0.775196640761588,240
3EKGA,240,59,1.0947130918502808,1.3300811052322388,0.8230423600064136,240
3EKGA,240,60,1.1909579038619995,1.3300811052322388,0.8954024676969247,240
3EKGA,240,61,1.2309706211090088,1.3300811052322388,0.9254853830090874,240
3EKGA,240,62,1.2566215991973877,1.3300811052322388,0.944770656657043,240
3EKGA,240,63,1.2747670412063599,1.3300811052322388,0.9584130142077157,240
3EKGA,240,64,1.2821019887924194,1.3300811052322388,0.9639276761010436,240
3EKGA,240,65,1.2813127040863037,1.3300811052322388,0.9633342651406059,240
3EKGA,240,66,1.284407138824463,1.3300811052322388,0.9656607659276529,240
3EKGA,240,67,1.294930338859558,1.3300811052322388,0.9735724639389242,240
3EKGA,240,68,1.3064380884170532,1.3300811052322388,0.9822243796094996,240
3EKGA,240,69,1.3122106790542603,1.3300811052322388,0.9865644086607348,240
3EKGA,240,70,1.3188375234603882,1.3300811052322388,0.9915466946131173,240
3EKGA,240,71,1.3379063606262207,1.3300811052322388,1.0058832919009217,240
3EKGA,240,72,1.337862491607666,1.3300811052322388,1.0058503096877454,240
3EKGA,240,73,1.344407081604004,1.3300811052322388,1.010770753990422,240
3EKGA,240,74,1.3292927742004395,1.3300811052322388,0.9994073060441967,240
3EKGA,240,75,1.3273417949676514,1.3300811052322388,0.9979404938136393,240
3EKGA,240,76,1.3365765810012817,1.3300811052322388,1.0048835185640117,240
3EKGA,240,77,1.3396751880645752,1.3300811052322388,1.0072131562463338,240
3EKGA,240,78,1.3456090688705444,1.3300811052322388,1.0116744487063398,240
3EKGA,240,79,1.3449251651763916,1.3300811052322388,1.011160266757989,240
3EKGA,240,80,1.3357374668121338,1.3300811052322388,1.0042526441114337,240
3I6EA,222,0,0.9586957097053528,1.1911242008209229,0.8048662843426568,222
3I6EA,222,1,0.8889104723930359,1.1911242008209229,0.7462785759708339,223
3I6EA,222,2,0.8571594953536987,1.1911242008209229,0.7196222650525818,220
3I6EA,222,3,0.7823872566223145,1.1911242008209229,0.6568477544852948,220
3I6EA,222,4,0.6944479942321777,1.1911242008209229,0.5830189612078776,220
3I6EA,222,5,0.5965243577957153,1.1911242008209229,0.5008078564641628,220
3I6EA,222,6,0.5480902194976807,1.1911242008209229,0.4601453140822232,220
3I6EA,222,7,0.5154273509979248,1.1911242008209229,0.43272343106007943,220
3I6EA,222,8,0.4362330436706543,1.1911242008209229,0.36623640370164795,220
3I6EA,222,9,0.3438557982444763,1.1911242008209229,0.2886817327760538,213
3I6EA,222,10,0.26296043395996094,1.1911242008209229,0.22076659493504422,213
3I6EA,222,11,0.2003549337387085,1.1911242008209229,0.1682065846707034,213
3I6EA,222,12,0.08515390008687973,1.1911242008209229,0.07149036181801331,210
3I6EA,222,13,0.07201801240444183,1.1911242008209229,0.060462219099240044,210
3I6EA,222,14,0.03338940441608429,1.1911242008209229,0.028031841174138105,210
3I6EA,222,15,0.0592280812561512,1.1911242008209229,0.04972452177139143,210
3I6EA,222,16,0.06200358271598816,1.1911242008209229,0.052054674628603206,210
3I6EA,222,17,0.12352661043405533,1.1911242008209229,0.1037059026665068,212
3I6EA,222,18,0.19154396653175354,1.1911242008209229,0.16080939871739774,212
3I6EA,222,19,0.22366710007190704,1.1911242008209229,0.18777815102552334,212
3I6EA,222,20,0.2100292593240738,1.1911242008209229,0.1763285971180181,212
3I6EA,222,21,0.17490021884441376,1.1911242008209229,0.14683625664214742,201
3I6EA,222,22,0.17871026694774628,1.1911242008209229,0.15003495590516855,201
3I6EA,222,23,0.15307320654392242,1.1911242008209229,0.1285115409781989,212
3I6EA,222,24,0.150642991065979,1.1911242008209229,0.12647127055445254,212
3I6EA,222,25,0.09248846769332886,1.1911242008209229,0.07764804680283198,212
3I6EA,222,26,0.07499006390571594,1.1911242008209229,0.06295738417037684,212
3I6EA,222,27,0.04021811857819557,1.1911242008209229,0.03376484043433694,212
3I6EA,222,28,0.005596386268734932,1.1911242008209229,0.0046984069880184635,212
3I6EA,222,29,-0.018638990819454193,1.1911242008209229,-0.015648234505359054,194
3I6EA,222,30,-0.08538373559713364,1.1911242008209229,-0.07168331861470631,198
3I6EA,222,31,-0.11416061222553253,1.1911242008209229,-0.09584274431402957,384
3I6EA,222,32,-0.11349418759346008,1.1911242008209229,-0.09528325217071393,384
3I6EA,222,33,-0.1476782113313675,1.1911242008209229,-0.12398221044420696,384
3I6EA,222,34,-0.17208059132099152,1.1911242008209229,-0.14446905805657678,384
3I6EA,222,35,-0.23634979128837585,1.1911242008209229,-0.19842581581793364,384
3I6EA,222,36,-0.27296996116638184,1.1911242008209229,-0.2291700235611458,384
3I6EA,222,37,-0.28099778294563293,1.1911242008209229,-0.23590972524273224,384
3I6EA,222,38,-0.3074566721916199,1.1911242008209229,-0.25812310083173584,384
3I6EA,222,39,-0.3069746792316437,1.1911242008209229,-0.2577184470100404,384
3I6EA,222,40,-0.35000115633010864,1.1911242008209229,-0.29384102521709143,384
3I6EA,222,41,-0.3498053252696991,1.1911242008209229,-0.29367661661866434,384
3I6EA,222,42,-0.3585624396800995,1.1911242008209229,-0.30102859083291084,384
3I6EA,222,43,-0.36589449644088745,1.1911242008209229,-0.3071841678547988,192
3I6EA,222,44,-0.3613593578338623,1.1911242008209229,-0.3033767239258622,192
3I6EA,222,45,-0.3163400888442993,1.1911242008209229,-0.26558111121097006,192
3I6EA,222,46,-0.28388312458992004,1.1911242008209229,-0.23833209365930755,192
3I6EA,222,47,-0.2938072979450226,1.1911242008209229,-0.24666386405593185,192
3I6EA,222,48,-0.34766891598701477,1.1911242008209229,-0.2918830091332217,192
3I6EA,222,49,-0.38584357500076294,1.1911242008209229,-0.3239322773685897,231
3I6EA,222,50,-0.29889366030693054,1.1911242008209229,-0.2509340840366882,231
3I6EA,222,51,-0.24780316650867462,1.1911242008209229,-0.20804141695541797,226
3I6EA,222,52,-0.22622603178024292,1.1911242008209229,-0.18992648426111058,226
3I6EA,222,53,-0.10246939212083817,1.1911242008209229,-0.0860274621657559,226
3I6EA,222,54,0.12283752858638763,1.1911242008209229,0.10312738881615201,222
3I6EA,222,55,0.6274559497833252,1.1911242008209229,0.5267762583875657,222
3I6EA,222,56,0.8893289566040039,1.1911242008209229,0.7466299114660573,222
3I6EA,222,57,1.028778076171875,1.1911242008209229,0.8637034454197481,222
3I6EA,222,58,1.130345106124878,1.1911242008209229,0.9489733357326163,222
3I6EA,222,59,1.1355040073394775,1.1911242008209229,0.9533044552002957,222
3I6EA,222,60,1.1316301822662354,1.1911242008209229,0.9500522124278189,222
3I6EA,222,61,1.1263223886489868,1.1911242008209229,0.9455960913838585,222
3I6EA,222,62,1.0999422073364258,1.1911242008209229,0.9234487944904028,222
3I6EA,222,63,1.0923371315002441,1.1911242008209229,0.9170640062114475,222
3I6EA,222,64,1.092031717300415,1.1911242008209229,0.9168075978540162,222
3I6EA,222,65,1.087198257446289,1.1911242008209229,0.9127497004065503,222
3I6EA,222,66,1.0807963609695435,1.1911242008209229,0.9073750329517766,269
3I6EA,222,67,1.0697094202041626,1.1911242008209229,0.8980670693005136,269
3I6EA,222,68,1.0602360963821411,1.1911242008209229,0.890113806479145,269
3I6EA,222,69,1.065457820892334,1.1911242008209229,0.8944976688056715,269
3I6EA,222,70,1.0698306560516357,1.1911242008209229,0.8981688520091426,269
3I6EA,222,71,1.071817398071289,1.1911242008209229,0.8998368073896849,269
3I6EA,222,72,1.075874924659729,1.1911242008209229,0.9032432754856596,269
3I6EA,222,73,1.0869026184082031,1.1911242008209229,0.9125014987178581,269
3I6EA,222,74,1.0857237577438354,1.1911242008209229,0.9115117944841978,269
3I6EA,222,75,1.080547571182251,1.1911242008209229,0.907166163224236,269
3I6EA,222,76,1.0967000722885132,1.1911242008209229,0.9207268826648535,269
3I6EA,222,77,1.0919188261032104,1.1911242008209229,0.9167128208382131,269
3I6EA,222,78,1.0911859273910522,1.1911242008209229,0.916097520845439,269
3I6EA,222,79,1.0926014184951782,1.1911242008209229,0.9172858865113791,269
3I6EA,222,80,1.0905028581619263,1.1911242008209229,0.9155240548469686,269
2HXTA,272,0,0.9427313804626465,1.3821219205856323,0.6820898839830227,272
2HXTA,272,1,0.9089877605438232,1.3821219205856323,0.6576755255850852,273
2HXTA,272,2,0.8544624447822571,1.3821219205856323,0.6182250871328374,273
2HXTA,272,3,0.7371485233306885,1.3821219205856323,0.5333455119634772,273
2HXTA,272,4,0.6737034320831299,1.3821219205856323,0.4874413914205691,268
2HXTA,272,5,0.610274076461792,1.3821219205856323,0.4415486559993252,268
2HXTA,272,6,0.5417162775993347,1.3821219205856323,0.39194536280113323,268
2HXTA,272,7,0.4965068995952606,1.3821219205856323,0.3592352398150815,279
2HXTA,272,8,0.4392361640930176,1.3821219205856323,0.3177984210733772,280
2HXTA,272,9,0.3839162588119507,1.3821219205856323,0.2777730771025452,269
2HXTA,272,10,0.2489739954471588,1.3821219205856323,0.1801389528223846,262
2HXTA,272,11,0.2336401343345642,1.3821219205856323,0.16904451832698397,262
2HXTA,272,12,0.15330460667610168,1.3821219205856323,0.11091974187859165,260
2HXTA,272,13,0.1222369521856308,1.3821219205856323,0.08844151182685576,260
2HXTA,272,14,0.12758181989192963,1.3821219205856323,0.09230865815214818,260
2HXTA,272,15,0.13218429684638977,1.3821219205856323,0.09563866608119541,260
2HXTA,272,16,0.1345386952161789,1.3821219205856323,0.09734213256611414,260
2HXTA,272,17,0.15279781818389893,1.3821219205856323,0.11055306764771915,260
2HXTA,272,18,0.14118674397468567,1.3821219205856323,0.10215216318605384,260
2HXTA,272,19,0.1768885850906372,1.3821219205856323,0.12798334391200888,260
2HXTA,272,20,0.11974061280488968,1.3821219205856323,0.08663534744760666,260
2HXTA,272,21,0.059604886919260025,1.3821219205856323,0.0431256360466407,260
2HXTA,272,22,0.01393761858344078,1.3821219205856323,0.010084217879660816,260
2HXTA,272,23,-0.018617158755660057,1.3821219205856323,-0.01346998298657444,255
2HXTA,272,24,-0.04810947924852371,1.3821219205856323,-0.03480841923709507,255
2HXTA,272,25,-0.04001229628920555,1.3821219205856323,-0.028949903545594263,255
2HXTA,272,26,-0.055889569222927094,1.3821219205856323,-0.040437510172218076,260
2HXTA,272,27,-0.06175684183835983,1.3821219205856323,-0.044682629599125556,260
2HXTA,272,28,-0.06524744629859924,1.3821219205856323,-0.04720816979080443,440
2HXTA,272,29,-0.05731145292520523,1.3821219205856323,-0.04146627882214706,440
2HXTA,272,30,-0.015352513641119003,1.3821219205856323,-0.011107930069305202,440
2HXTA,272,31,-0.0174020454287529,1.3821219205856323,-0.01259081790800287,440
2HXTA,272,32,-0.03436974063515663,1.3821219205856323,-0.024867372496771845,440
2HXTA,272,33,-0.04141292721033096,1.3821219205856323,-0.029963295273389114,440
2HXTA,272,34,-0.08285151422023773,1.3821219205856323,-0.05994515605767392,440
2HXTA,272,35,-0.12046093493700027,1.3821219205856323,-0.08715651864197234,440
2HXTA,272,36,-0.14724822342395782,1.3821219205856323,-0.10653779614577406,440
2HXTA,272,37,-0.16577871143817902,1.3821219205856323,-0.11994507066926144,440
2HXTA,272,38,-0.2025589644908905,1.3821219205856323,-0.14655650957700048,440
2HXTA,272,39,-0.2212328314781189,1.3821219205856323,-0.16006752239656122,440
2HXTA,272,40,-0.22896789014339447,1.3821219205856323,-0.16566403204601246,440
2HXTA,272,41,-0.22240880131721497,1.3821219205856323,-0.16091836617639055,440
2HXTA,272,42,-0.21957585215568542,1.3821219205856323,-0.15886865614767676,440
2HXTA,272,43,-0.20747065544128418,1.3821219205856323,-0.15011024161556946,440
2HXTA,272,44,-0.2124917060136795,1.3821219205856323,-0.153743098093432,440
2HXTA,272,45,-0.2096826285123825,1.3821219205856323,-0.1517106598117884,440
2HXTA,272,46,-0.21098607778549194,1.3821219205856323,-0.15265373817100952,440
2HXTA,272,47,-0.21190831065177917,1.3821219205856323,-0.15332099686400275,440
2HXTA,272,48,-0.21024517714977264,1.3821219205856323,-0.15211767791128558,440
2HXTA,272,49,-0.21611115336418152,1.3821219205856323,-0.15636185935941957,440
2HXTA,272,50,-0.22757823765277863,1.3821219205856323,-0.1646585834890378,440
2HXTA,272,51,-0.23470085859298706,1.3821219205856323,-0.1698119790282609,440
2HXTA,272,52,-0.2576221227645874,1.3821219205856323,-0.18639609062522344,222
2HXTA,272,53,-0.23965513706207275,1.3821219205856323,-0.17339652420860682,222
2HXTA,272,54,-0.3098309338092804,1.3821219205856323,-0.22417047960428768,223
2HXTA,272,55,-0.31303298473358154,1.3821219205856323,-0.22648724404931173,320
2HXTA,272,56,-0.29753735661506653,1.3821219205856323,-0.21527576705316567,320
2HXTA,272,57,-0.2481963187456131,1.3821219205856323,-0.17957628415331653,320
2HXTA,272,58,-0.18953503668308258,1.3821219205856323,-0.13713336997272488,246
2HXTA,272,59,-0.000739244744181633,1.3821219205856323,-0.0005348621805147265,320
2HXTA,272,60,0.4046388864517212,1.3821219205856323,0.29276641982515383,272
2HXTA,272,61,0.71953946352005,1.3821219205856323,0.5206049139392616,272
2HXTA,272,62,0.9434292912483215,1.3821219205856323,0.682594840004109,272
2HXTA,272,63,0.9965893030166626,1.3821219205856323,0.7210574466501393,272
2HXTA,272,64,1.0741817951202393,1.3821219205856323,0.7771975678275092,272
2HXTA,272,65,1.1270081996917725,1.3821219205856323,0.8154188012691651,272
2HXTA,272,66,1.157301664352417,1.3821219205856323,0.8373368854912926,272
2HXTA,272,67,1.201343297958374,1.3821219205856323,0.8692021160111122,272
2HXTA,272,68,1.2252042293548584,1.3821219205856323,0.8864661004983665,272
2HXTA,272,69,1.2374365329742432,1.3821219205856323,0.8953164800757352,272
2HXTA,272,70,1.2494022846221924,1.3821219205856323,0.9039740025921852,272
2HXTA,272,71,1.2645334005355835,1.3821219205856323,0.9149217458325064,272
2HXTA,272,72,1.2809090614318848,1.3821219205856323,0.9267699486953642,272
2HXTA,272,73,1.290313959121704,1.3821219205856323,0.9335746289118783,272
2HXTA,272,74,1.2847113609313965,1.3821219205856323,0.9295210080938727,272
2HXTA,272,75,1.2875062227249146,1.3821219205856323,0.9315431609531037,272
2HXTA,272,76,1.31023371219635,1.3821219205856323,0.9479870716768447,272
2HXTA,272,77,1.318938136100769,1.3821219205856323,0.9542849414774559,272
2HXTA,272,78,1.330049753189087,1.3821219205856323,0.9623244761399331,272
2HXTA,272,79,1.3442054986953735,1.3821219205856323,0.9725665143389138,272
2HXTA,272,80,1.3515836000442505,1.3821219205856323,0.9779047563847029,272
2PGWA,220,0,0.9586149454116821,1.1841639280319214,0.8095289197036247,220
2PGWA,220,1,0.888573408126831,1.1841639280319214,0.7503804051890338,221
2PGWA,220,2,0.8747783899307251,1.1841639280319214,0.7387308203050953,218
2PGWA,220,3,0.7336045503616333,1.1841639280319214,0.6195126645859605,218
2PGWA,220,4,0.6154083013534546,1.1841639280319214,0.5196985711059973,216
2PGWA,220,5,0.5612797141075134,1.1841639280319214,0.47398818763239936,216
2PGWA,220,6,0.5127881765365601,1.1841639280319214,0.4330381667585612,216
2PGWA,220,7,0.3849441409111023,1.1841639280319214,0.3250767328733606,213
2PGWA,220,8,0.31361281871795654,1.1841639280319214,0.26483902379899427,227
2PGWA,220,9,0.22043301165103912,1.1841639280319214,0.1861507570302352,211
2PGWA,220,10,0.17486469447612762,1.1841639280319214,0.14766933051807488,210
2PGWA,220,11,0.14681822061538696,1.1841639280319214,0.12398470949828595,209
2PGWA,220,12,0.12081972509622574,1.1841639280319214,0.10202956046552435,210
2PGWA,220,13,0.09340047091245651,1.1841639280319214,0.07887461245985423,210
2PGWA,220,14,0.12468988448381424,1.1841639280319214,0.10529782366453995,210
2PGWA,220,15,0.14848311245441437,1.1841639280319214,0.12539067348656116,210
2PGWA,220,16,0.23513388633728027,1.1841639280319214,0.19856531749626288,206
2PGWA,220,17,0.27072301506996155,1.1841639280319214,0.22861954216077396,206
2PGWA,220,18,0.2518564462661743,1.1841639280319214,0.21268714601428482,206
2PGWA,220,19,0.2553239166736603,1.1841639280319214,0.21561534735989488,206
2PGWA,220,20,0.17471379041671753,1.1841639280319214,0.14754189540893345,200
2PGWA,220,21,0.1427636742591858,1.1841639280319214,0.12056073562083486,200
2PGWA,220,22,0.13246069848537445,1.1841639280319214,0.11186010260042621,200
2PGWA,220,23,0.13357029855251312,1.1841639280319214,0.11279713508458812,200
2PGWA,220,24,0.07989814877510071,1.1841639280319214,0.06747220286290202,200
2PGWA,220,25,0.0550880990922451,1.1841639280319214,0.04652066980608119,200
2PGWA,220,26,0.04801049456000328,1.1841639280319214,0.04054379079068609,200
2PGWA,220,27,0.03038664534687996,1.1841639280319214,0.02566084359399675,200
2PGWA,220,28,-0.0063895657658576965,1.1841639280319214,-0.005395845638092645,200
2PGWA,220,29,-0.044266872107982635,1.1841639280319214,-0.037382385208738884,200
2PGWA,220,30,-0.09464797377586365,1.1841639280319214,-0.07992810077669604,200
2PGWA,220,31,-0.11093771457672119,1.1841639280319214,-0.09368442320405715,200
2PGWA,220,32,-0.15451598167419434,1.1841639280319214,-0.13048529685497148,200
2PGWA,220,33,-0.18810494244098663,1.1841639280319214,-0.15885042432732835,200
2PGWA,220,34,-0.21076874434947968,1.1841639280319214,-0.17798949905506495,200
2PGWA,220,35,-0.23939891159534454,1.1841639280319214,-0.20216703610726022,200
2PGWA,220,36,-0.2639411985874176,1.1841639280319214,-0.22289244954968984,200
2PGWA,220,37,-0.29906898736953735,1.1841639280319214,-0.2525570829256635,200
2PGWA,220,38,-0.30744609236717224,1.1841639280319214,-0.2596313610718975,200
2PGWA,220,39,-0.2981225252151489,1.1841639280319214,-0.2517578167666601,200
2PGWA,220,40,-0.3176044821739197,1.1841639280319214,-0.2682098944710956,200
2PGWA,220,41,-0.3506547510623932,1.1841639280319214,-0.2961201086788557,179
2PGWA,220,42,-0.34991559386253357,1.1841639280319214,-0.29549590692573513,179
2PGWA,220,43,-0.33845290541648865,1.1841639280319214,-0.2858159224449581,179
2PGWA,220,44,-0.2673676609992981,1.1841639280319214,-0.22578602055854102,194
2PGWA,220,45,-0.04526982828974724,1.1841639280319214,-0.03822935931259587,194
2PGWA,220,46,0.20733647048473358,1.1841639280319214,0.17509102040401323,194
2PGWA,220,47,0.30124667286872864,1.1841639280319214,0.2543960897114981,194
2PGWA,220,48,0.3160332441329956,1.1841639280319214,0.26688301902443723,194
2PGWA,220,49,0.9056857824325562,1.1841639280319214,0.7648314232454323,220
2PGWA,220,50,0.9245049357414246,1.1841639280319214,0.780723778065044,194
2PGWA,220,51,0.9302222728729248,1.1841639280319214,0.7855519416293594,220
2PGWA,220,52,0.9469005465507507,1.1841639280319214,0.7996363713970733,220
2PGWA,220,53,0.9742738008499146,1.1841639280319214,0.8227524735271713,220
2PGWA,220,54,0.9871463179588318,1.1841639280319214,0.8336230268384103,220
2PGWA,220,55,1.0183128118515015,1.1841639280319214,0.859942435118705,220
2PGWA,220,56,1.0545508861541748,1.1841639280319214,0.8905446798289463,220
2PGWA,220,57,1.0759408473968506,1.1841639280319214,0.9086080245537141,220
2PGWA,220,58,1.0884549617767334,1.1841639280319214,0.9191759147618556,220
2PGWA,220,59,1.0993189811706543,1.1841639280319214,0.9283503365937863,220
2PGWA,220,60,1.1108627319335938,1.1841639280319214,0.9380987763914121,220
2PGWA,220,61,1.1153347492218018,1.1841639280319214,0.9418752951506354,220
2PGWA,220,62,1.1223781108856201,1.1841639280319214,0.9478232568281411,220
2PGWA,220,63,1.1298781633377075,1.1841639280319214,0.9541568836804236,220
2PGWA,220,64,1.1221107244491577,1.1841639280319214,0.9475974549521231,220
2PGWA,220,65,1.1185839176177979,1.1841639280319214,0.9446191453212754,220
2PGWA,220,66,1.116100788116455,1.1841639280319214,0.942522197894858,220
2PGWA,220,67,1.1175347566604614,1.1841639280319214,0.9437331523159994,220
2PGWA,220,68,1.1199318170547485,1.1841639280319214,0.9457574163030565,220
2PGWA,220,69,1.1185282468795776,1.1841639280319214,0.9445721326257336,220
2PGWA,220,70,1.1165615320205688,1.1841639280319214,0.9429112858354776,220
2PGWA,220,71,1.1252068281173706,1.1841639280319214,0.9502120453774189,220
2PGWA,220,72,1.1221199035644531,1.1841639280319214,0.9476052065100604,220
2PGWA,220,73,1.1239092350006104,1.1841639280319214,0.9491162569599175,220
2PGWA,220,74,1.1191025972366333,1.1841639280319214,0.9450571586795251,220
2PGWA,220,75,1.118840217590332,1.1841639280319214,0.9448355849260184,220
2PGWA,220,76,1.1144943237304688,1.1841639280319214,0.9411655745862455,220
2PGWA,220,77,1.1160229444503784,1.1841639280319214,0.9424564606567664,220
2PGWA,220,78,1.1167325973510742,1.1841639280319214,0.9430557466879456,220
2PGWA,220,79,1.1171633005142212,1.1841639280319214,0.9434194658934975,220
2PGWA,220,80,1.1213302612304688,1.1841639280319214,0.9469383711882846,220
3BM1A,117,0,0.8095635771751404,1.4273042678833008,0.5671976153870311,117
3BM1A,117,1,0.6787832379341125,1.4273042678833008,0.4755701031713101,118
3BM1A,117,2,0.5433103442192078,1.4273042678833008,0.38065488658906604,118
3BM1A,117,3,0.5899481177330017,1.4273042678833008,0.4133303115585142,118
3BM1A,117,4,0.474290132522583,1.4273042678833008,0.3322978451020521,114
3BM1A,117,5,0.3921119272708893,1.4273042678833008,0.2747220309600792,112
3BM1A,117,6,0.31437772512435913,1.4273042678833008,0.2202597807618013,112
3BM1A,117,7,0.18754637241363525,1.4273042678833008,0.131399013254383,112
3BM1A,117,8,0.15919218957424164,1.4273042678833008,0.11153346427690883,112
3BM1A,117,9,0.15223152935504913,1.4273042678833008,0.10665667635171387,112
3BM1A,117,10,0.12815582752227783,1.4273042678833008,0.08978872298359589,112
3BM1A,117,11,0.12086506187915802,1.4273042678833008,0.08468065611434168,112
3BM1A,117,12,0.12240662425756454,1.4273042678833008,0.08576070779855102,112
3BM1A,117,13,0.07909244298934937,1.4273042678833008,0.05541386288057826,112
3BM1A,117,14,0.015150907449424267,1.4273042678833008,0.010615050897236605,112
3BM1A,117,15,-0.007855289615690708,1.4273042678833008,-0.005503584479110499,112
3BM1A,117,16,-0.03494230657815933,1.4273042678833008,-0.024481329849856712,112
3BM1A,117,17,-0.06956470757722855,1.4273042678833008,-0.04873852698583558,112
3BM1A,117,18,-0.1260959506034851,1.4273042678833008,-0.08834552900937234,112
3BM1A,117,19,-0.129381462931633,1.4273042678833008,-0.09064742945350142,112
3BM1A,117,20,-0.07408744096755981,1.4273042678833008,-0.051907251056869504,119
3BM1A,117,21,-0.20275723934173584,1.4273042678833008,-0.14205607304910944,112
3BM1A,117,22,-0.11413030326366425,1.4273042678833008,-0.07996213970054195,135
3BM1A,117,23,-0.00010148715227842331,1.4273042678833008,-7.11040767985156e-05,135
3BM1A,117,24,-0.11124560981988907,1.4273042678833008,-0.07794106156836962,135
3BM1A,117,25,-0.2122792750597,1.4273042678833008,-0.14872741561581065,135
3BM1A,117,26,-0.23698493838310242,1.4273042678833008,-0.16603673352322573,135
3BM1A,117,27,-0.23752567172050476,1.4273042678833008,-0.1664155829035364,135
3BM1A,117,28,-0.19487106800079346,1.4273042678833008,-0.1365308521705664,135
3BM1A,117,29,-0.14094676077365875,1.4273042678833008,-0.09875032531268438,135
3BM1A,117,30,-0.0394512414932251,1.4273042678833008,-0.027640386413004623,117
3BM1A,117,31,0.21233941614627838,1.4273042678833008,0.14876955175169396,117
3BM1A,117,32,0.3801114857196808,1.4273042678833008,0.26631426408006753,117
3BM1A,117,33,0.5805355906486511,1.4273042678833008,0.4067356930905757,117
3BM1A,117,34,0.9226223230361938,1.4273042678833008,0.6464089989757035,117
3BM1A,117,35,0.9861479997634888,1.4273042678833008,0.6909164513505947,117
3BM1A,117,36,1.0688016414642334,1.4273042678833008,0.7488253664716293,117
3BM1A,117,37,1.1578649282455444,1.4273042678833008,0.8112250164869638,117
3BM1A,117,38,1.1587574481964111,1.4273042678833008,0.8118503351180012,117
3BM1A,117,39,1.1821973323822021,1.4273042678833008,0.8282728209980109,117
3BM1A,117,40,1.207706332206726,1.4273042678833008,0.8461449736976969,117
3BM1A,117,41,1.2647122144699097,1.4273042678833008,0.8860845181563732,117
3BM1A,117,42,1.2940558195114136,1.4273042678833008,0.9066432775616265,117
3BM1A,117,43,1.3162431716918945,1.4273042678833008,0.9221882126394042,117
3BM1A,117,44,1.326859951019287,1.4273042678833008,0.9296265560720469,117
3BM1A,117,45,1.354406714439392,1.4273042678833008,0.9489264096771629,117
3BM1A,117,46,1.3553603887557983,1.4273042678833008,0.9495945743690688,117
3BM1A,117,47,1.353631615638733,1.4273042678833008,0.9483833588238163,117
3BM1A,117,48,1.3629729747772217,1.4273042678833008,0.9549281155016213,117
3BM1A,117,49,1.3627731800079346,1.4273042678833008,0.954788134998667,117
3BM1A,117,50,1.3603626489639282,1.4273042678833008,0.9530992652192883,117
3BM1A,117,51,1.3713304996490479,1.4273042678833008,0.9607835767791388,117
3BM1A,117,52,1.358698844909668,1.4273042678833008,0.9519335683936719,117
3BM1A,117,53,1.360469102859497,1.4273042678833008,0.9531738491030223,117
3BM1A,117,54,1.3652037382125854,1.4273042678833008,0.9564910362365757,117
3BM1A,117,55,1.3649063110351562,1.4273042678833008,0.9562826523732876,117
3BM1A,117,56,1.373778223991394,1.4273042678833008,0.9624985049815019,117
3BM1A,117,57,1.3768597841262817,1.4273042678833008,0.9646575121422228,117
3BM1A,117,58,1.3783403635025024,1.4273042678833008,0.9656948378264067,117
3BM1A,117,59,1.3748056888580322,1.4273042678833008,0.963218368916444,117
3BM1A,117,60,1.3787897825241089,1.4273042678833008,0.9660097104374674,117
3BM1A,117,61,1.3813573122024536,1.4273042678833008,0.9678085768292511,117
3BM1A,117,62,1.3870168924331665,1.4273042678833008,0.9717738001933669,117
3BM1A,117,63,1.389111042022705,1.4273042678833008,0.9732410063362058,117
3BM1A,117,64,1.3885228633880615,1.4273042678833008,0.9728289157624728,117
3BM1A,117,65,1.3904727697372437,1.4273042678833008,0.974195061995661,117
3BM1A,117,66,1.3861773014068604,1.4273042678833008,0.9711855647027302,117
3BM1A,117,67,1.3877941370010376,1.4273042678833008,0.9723183544172702,117
3BM1A,117,68,1.3854167461395264,1.4273042678833008,0.9706527033609352,117
3BM1A,117,69,1.3851940631866455,1.4273042678833008,0.9704966869053752,117
3BM1A,117,70,1.3855479955673218,1.4273042678833008,0.9707446595266588,117
3BM1A,117,71,1.3877208232879639,1.4273042678833008,0.97226698925658,117
3BM1A,117,72,1.38422691822052,1.4273042678833008,0.9698190843871961,117
3BM1A,117,73,1.3971643447875977,1.4273042678833008,0.9788833230770053,117
3BM1A,117,74,1.3972233533859253,1.4273042678833008,0.978924665767317,117
3BM1A,117,75,1.4007974863052368,1.4273042678833008,0.9814287799914074,117
3BM1A,117,76,1.3989620208740234,1.4273042678833008,0.980142813521248,117
3BM1A,117,77,1.3981356620788574,1.4273042678833008,0.9795638488157115,117
3BM1A,117,78,1.4002617597579956,1.4273042678833008,0.9810534384757292,117
3BM1A,117,79,1.4019697904586792,1.4273042678833008,0.9822501214389328,117
3BM1A,117,80,1.3920258283615112,1.4273042678833008,0.9752831681964297,117
2WZVA,166,0,0.9260398745536804,1.4211804866790771,0.6515990637597274,166
2WZVA,166,1,0.8876913785934448,1.4211804866790771,0.6246155128879828,165
2WZVA,166,2,0.6816656589508057,1.4211804866790771,0.47964749399541645,164
2WZVA,166,3,0.466158002614975,1.4211804866790771,0.3280076014161037,164
2WZVA,166,4,0.28411778807640076,1.4211804866790771,0.19991675282589116,167
2WZVA,166,5,0.2368326038122177,1.4211804866790771,0.16664498705975964,161
2WZVA,166,6,0.16272184252738953,1.4211804866790771,0.11449766166409125,160
2WZVA,166,7,0.14710396528244019,1.4211804866790771,0.10350829233954882,160
2WZVA,166,8,0.07378526031970978,1.4211804866790771,0.05191828976777356,160
2WZVA,166,9,0.026099685579538345,1.4211804866790771,0.018364793088685313,157
2WZVA,166,10,0.04124344885349274,1.4211804866790771,0.029020556671072627,157
2WZVA,166,11,0.12513194978237152,1.4211804866790771,0.08804789465887741,155
2WZVA,166,12,0.12812989950180054,1.4211804866790771,0.0901573731857283,234
2WZVA,166,13,0.16168758273124695,1.4211804866790771,0.1137699146918827,234
2WZVA,166,14,0.16415981948375702,1.4211804866790771,0.11550948033866908,234
2WZVA,166,15,0.1234508752822876,1.4211804866790771,0.08686502273244663,234
2WZVA,166,16,0.08549495786428452,1.4211804866790771,0.06015770598149966,234
2WZVA,166,17,0.03872936591506004,1.4211804866790771,0.027251546357465354,234
2WZVA,166,18,-0.010469081811606884,1.4211804866790771,-0.007366468868475924,234
2WZVA,166,19,-0.04231368377804756,1.4211804866790771,-0.029773617196872333,234
2WZVA,166,20,-0.09803513437509537,1.4211804866790771,-0.068981480743644,234
2WZVA,166,21,-0.1804916113615036,1.4211804866790771,-0.12700118883792497,186
2WZVA,166,22,-0.20956951379776,1.4211804866790771,-0.14746157561413506,186
2WZVA,166,23,-0.28315165638923645,1.4211804866790771,-0.19923694354324198,186
2WZVA,166,24,-0.34441444277763367,1.4211804866790771,-0.24234391479891418,186
2WZVA,166,25,-0.36099007725715637,1.4211804866790771,-0.25400720080297096,186
2WZVA,166,26,-0.39268696308135986,1.4211804866790771,-0.2763104100865932,186
2WZVA,166,27,-0.4413258135318756,1.4211804866790771,-0.31053467006371394,186
2WZVA,166,28,-0.4597839415073395,1.4211804866790771,-0.32352255453614687,147
2WZVA,166,29,-0.4680144488811493,1.4211804866790771,-0.3293138720014199,139
2WZVA,166,30,-0.4662971794605255,1.4211804866790771,-0.3281055318667784,147
2WZVA,166,31,-0.3352275788784027,1.4211804866790771,-0.23587966624966888,147
2WZVA,166,32,0.15903790295124054,1.4211804866790771,0.1119054929630156,166
2WZVA,166,33,0.6508466005325317,1.4211804866790771,0.4579619595350539,166
2WZVA,166,34,1.0062875747680664,1.4211804866790771,0.7080645872921421,166
2WZVA,166,35,1.0965431928634644,1.4211804866790771,0.7715720861224289,166
2WZVA,166,36,1.19405198097229,1.4211804866790771,0.8401832083710027,166
2WZVA,166,37,1.2576124668121338,1.4211804866790771,0.8849069337778774,166
2WZVA,166,38,1.2958996295928955,1.4211804866790771,0.9118473281469478,166
2WZVA,166,39,1.3141517639160156,1.4211804866790771,0.9246902671643351,166
2WZVA,166,40,1.3213839530944824,1.4211804866790771,0.9297791276196081,166
2WZVA,166,41,1.3470885753631592,1.4211804866790771,0.9478659382039144,166
2WZVA,166,42,1.3710542917251587,1.4211804866790771,0.9647291843479711,166
2WZVA,166,43,1.3904615640640259,1.4211804866790771,0.9783849251358402,166
2WZVA,166,44,1.4114205837249756,1.4211804866790771,0.9931325380234373,166
2WZVA,166,45,1.401578664779663,1.4211804866790771,0.9862073662823655,166
2WZVA,166,46,1.3984352350234985,1.4211804866790771,0.9839955221249004,166
2WZVA,166,47,1.408220887184143,1.4211804866790771,0.9908811022833439,166
2WZVA,166,48,1.407217264175415,1.4211804866790771,0.9901749125923545,166
2WZVA,166,49,1.3956691026687622,1.4211804866790771,0.9820491596602706,166
2WZVA,166,50,1.3986706733703613,1.4211804866790771,0.9841611860564485,166
2WZVA,166,51,1.397907018661499,1.4211804866790771,0.9836238477549308,166
2WZVA,166,52,1.407936930656433,1.4211804866790771,0.990681298999826,166
2WZVA,166,53,1.4031333923339844,1.4211804866790771,0.9873013353938851,166
2WZVA,166,54,1.3985490798950195,1.4211804866790771,0.9840756279753452,166
2WZVA,166,55,1.3962599039077759,1.4211804866790771,0.982464871277867,166
2WZVA,166,56,1.3987882137298584,1.4211804866790771,0.9842438922015151,166
2WZVA,166,57,1.3931503295898438,1.4211804866790771,0.9802768491743561,166
2WZVA,166,58,1.389539361000061,1.4211804866790771,0.9777360258070015,166
2WZVA,166,59,1.395506501197815,1.4211804866790771,0.9819347466969128,166
2WZVA,166,60,1.3965460062026978,1.4211804866790771,0.9826661844098749,166
2WZVA,166,61,1.404862642288208,1.4211804866790771,0.9885181055159294,166
2WZVA,166,62,1.4170002937316895,1.4211804866790771,0.9970586473804213,166
2WZVA,166,63,1.4290835857391357,1.4211804866790771,1.0055609397498315,166
2WZVA,166,64,1.4317432641983032,1.4211804866790771,1.00743239695326,166
2WZVA,166,65,1.4321824312210083,1.4211804866790771,1.0077414126108921,166
2WZVA,166,66,1.428096055984497,1.4211804866790771,1.0048660739225177,166
2WZVA,166,67,1.4181121587753296,1.4211804866790771,0.9978410005396869,166
2WZVA,166,68,1.4163166284561157,1.4211804866790771,0.996577592875394,166
2WZVA,166,69,1.416036605834961,1.4211804866790771,0.9963805576474413,166
2WZVA,166,70,1.420355200767517,1.4211804866790771,0.9994192954946289,166
2WZVA,166,71,1.4158718585968018,1.4211804866790771,0.9962646348355935,166
2WZVA,166,72,1.4185371398925781,1.4211804866790771,0.9981400344211904,166
2WZVA,166,73,1.4167532920837402,1.4211804866790771,0.9968848470431211,166
2WZVA,166,74,1.4156243801116943,1.4211804866790771,0.9960904989764066,166
2WZVA,166,75,1.4140465259552002,1.4211804866790771,0.994980257053383,166
2WZVA,166,76,1.408593773841858,1.4211804866790771,0.9911434803987275,166
2WZVA,166,77,1.4106909036636353,1.4211804866790771,0.9926191056563454,166
2WZVA,166,78,1.4085842370986938,1.4211804866790771,0.9911367699609939,166
2WZVA,166,79,1.4044276475906372,1.4211804866790771,0.9882120256748058,166
2WZVA,166,80,1.40706205368042,1.4211804866790771,0.9900657002182403,166
1F5VA,114,0,0.7318419218063354,1.4334334135055542,0.510551738860732,114
1F5VA,114,1,0.6525204181671143,1.4334334135055542,0.4552150187230067,115
1F5VA,114,2,0.38713690638542175,1.4334334135055542,0.2700766584187914,112
1F5VA,114,3,0.3744454085826874,1.4334334135055542,0.26122274327829215,112
1F5VA,114,4,0.38886404037475586,1.4334334135055542,0.27128155149095046,111
1F5VA,114,5,0.2024557888507843,1.4334334135055542,0.14123836304029327,116
1F5VA,114,6,0.17260725796222687,1.4334334135055542,0.1204152605457303,116
1F5VA,114,7,0.2205417901277542,1.4334334135055542,0.15385562248643625,116
1F5VA,114,8,0.13458509743213654,1.4334334135055542,0.09389002388537879,109
1F5VA,114,9,0.14054328203201294,1.4334334135055542,0.09804660663539665,109
1F5VA,114,10,0.1365397423505783,1.4334334135055542,0.09525363443053943,124
1F5VA,114,11,0.12537135183811188,1.4334334135055542,0.08746227809180764,239
1F5VA,114,12,0.11918435990810394,1.4334334135055542,0.08314607346610603,239
1F5VA,114,13,0.07351083308458328,1.4334334135055542,0.05128304697796027,239
1F5VA,114,14,0.042364269495010376,1.4334334135055542,0.029554403501314937,239
1F5VA,114,15,0.01213052123785019,1.4334334135055542,0.008462563467237878,239
1F5VA,114,16,-0.026433981955051422,1.4334334135055542,-0.01844102537724819,239
1F5VA,114,17,-0.06785555183887482,1.4334334135055542,-0.04733777739485622,239
1F5VA,114,18,-0.09414038062095642,1.4334334135055542,-0.06567474968420753,239
1F5VA,114,19,-0.12166616320610046,1.4334334135055542,-0.08487744324904356,239
1F5VA,114,20,-0.1383494734764099,1.4334334135055542,-0.09651614938852815,239
1F5VA,114,21,-0.15693868696689606,1.4334334135055542,-0.10948446261141098,239
1F5VA,114,22,-0.19093447923660278,1.4334334135055542,-0.13320080126335282,239
1F5VA,114,23,-0.19349804520606995,1.4334334135055542,-0.13498921078786488,239
1F5VA,114,24,-0.21970711648464203,1.4334334135055542,-0.15327333269519233,239
1F5VA,114,25,-0.1699948012828827,1.4334334135055542,-0.11859274360512456,239
1F5VA,114,26,-0.09735943377017975,1.4334334135055542,-0.0679204439165967,131
1F5VA,114,27,-0.15256285667419434,1.4334334135055542,-0.10643177090527839,131
1F5VA,114,28,-0.3324560225009918,1.4334334135055542,-0.23192986808361687,131
1F5VA,114,29,-0.27607110142707825,1.4334334135055542,-0.19259429759763202,135
1F5VA,114,30,-0.2730712294578552,1.4334334135055542,-0.19050150979112582,135
1F5VA,114,31,-0.22681774199008942,1.4334334135055542,-0.1582338878479133,135
1F5VA,114,32,-0.18094521760940552,1.4334334135055542,-0.1262320355480568,135
1F5VA,114,33,0.09289928525686264,1.4334334135055542,0.0648089296521081,114
1F5VA,114,34,0.4927746057510376,1.4334334135055542,0.343772233232603,114
1F5VA,114,35,0.8055251836776733,1.4334334135055542,0.5619550765931355,114
1F5VA,114,36,1.0591813325881958,1.4334334135055542,0.7389121270711133,114
1F5VA,114,37,1.1364692449569702,1.4334334135055542,0.7928301616589648,114
1F5VA,114,38,1.1671416759490967,1.4334334135055542,0.8142280380466199,114
1F5VA,114,39,1.1790012121200562,1.4334334135055542,0.8225015553647046,114
1F5VA,114,40,1.2046781778335571,1.4334334135055542,0.8404144667504566,114
1F5VA,114,41,1.2187918424606323,1.4334334135055542,0.8502605220287128,114
1F5VA,114,42,1.2333173751831055,1.4334334135055542,0.860393907078633,114
1F5VA,114,43,1.2474435567855835,1.4334334135055542,0.8702486945207168,114
1F5VA,114,44,1.255897879600525,1.4334334135055542,0.8761466474603417,114
1F5VA,114,45,1.2633042335510254,1.4334334135055542,0.8813135103789251,114
1F5VA,114,46,1.2963165044784546,1.4334334135055542,0.9043437192581054,114
1F5VA,114,47,1.3069372177124023,1.4334334135055542,0.9117530018476427,114
1F5VA,114,48,1.3010197877883911,1.4334334135055542,0.9076248506072305,114
1F5VA,114,49,1.2989647388458252,1.4334334135055542,0.9061911956336519,114
1F5VA,114,50,1.317591905593872,1.4334334135055542,0.9191859860247124,114
1F5VA,114,51,1.3135956525802612,1.4334334135055542,0.9163980971866549,114
1F5VA,114,52,1.321006178855896,1.4334334135055542,0.9215678708265143,114
1F5VA,114,53,1.314335823059082,1.4334334135055542,0.9169144591409996,114
1F5VA,114,54,1.3157322406768799,1.4334334135055542,0.917888635970311,114
1F5VA,114,55,1.3136810064315796,1.4334334135055542,0.9164576422276133,114
1F5VA,114,56,1.3274089097976685,1.4334334135055542,0.9260345805330462,114
1F5VA,114,57,1.3325989246368408,1.4334334135055542,0.9296552683098714,114
1F5VA,114,58,1.3328644037246704,1.4334334135055542,0.9298404733464837,114
1F5VA,114,59,1.3409727811813354,1.4334334135055542,0.9354970859106038,114
1F5VA,114,60,1.3422517776489258,1.4334334135055542,0.9363893467268648,114
1F5VA,114,61,1.343256950378418,1.4334334135055542,0.9370905810639618,114
1F5VA,114,62,1.3484721183776855,1.4334334135055542,0.9407288163319074,114
1F5VA,114,63,1.3562077283859253,1.4334334135055542,0.946125376740892,114
1F5VA,114,64,1.3603070974349976,1.4334334135055542,0.9489852019761967,114
1F5VA,114,65,1.3488099575042725,1.4334334135055542,0.9409645015917903,114
1F5VA,114,66,1.3360886573791504,1.4334334135055542,0.9320897955850346,114
1F5VA,114,67,1.3296576738357544,1.4334334135055542,0.9276033761372916,114
1F5VA,114,68,1.3319745063781738,1.4334334135055542,0.9292196580800667,114
1F5VA,114,69,1.3271362781524658,1.4334334135055542,0.9258443856885323,114
1F5VA,114,70,1.3448892831802368,1.4334334135055542,0.9382293383905591,114
1F5VA,114,71,1.3579410314559937,1.4334334135055542,0.947334573522366,114
1F5VA,114,72,1.3691376447677612,1.4334334135055542,0.9551456188114428,114
1F5VA,114,73,1.3688656091690063,1.4334334135055542,0.954955839784254,114
1F5VA,114,74,1.3643044233322144,1.4334334135055542,0.9517738392854396,114
1F5VA,114,75,1.3668160438537598,1.4334334135055542,0.9535260103300667,114
1F5VA,114,76,1.3607134819030762,1.4334334135055542,0.9492687062284695,114
1F5VA,114,77,1.3684765100479126,1.4334334135055542,0.95468439423441,114
1F5VA,114,78,1.369087815284729,1.4334334135055542,0.9551108564830619,114
1F5VA,114,79,1.3724381923675537,1.4334334135055542,0.9574481656676102,114
1F5VA,114,80,1.3809934854507446,1.4334334135055542,0.9634165580621117,114
4QLXA,154,0,0.903539776802063,1.387251615524292,0.6513164350942803,154
4QLXA,154,1,0.8301409482955933,1.387251615524292,0.598406906869489,153
4QLXA,154,2,0.6457905173301697,1.387251615524292,0.46551794216949055,153
4QLXA,154,3,0.41548699140548706,1.387251615524292,0.2995036998017549,78
4QLXA,154,4,0.29238995909690857,1.387251615524292,0.2107692330827843,150
4QLXA,154,5,0.09275524318218231,1.387251615524292,0.06686259518041851,152
4QLXA,154,6,0.08491527289152145,1.387251615524292,0.061211154444703195,152
4QLXA,154,7,0.04210769385099411,1.387251615524292,0.030353321185414592,147
4QLXA,154,8,-0.03693246468901634,1.387251615524292,-0.026622758464086016,147
4QLXA,154,9,-0.05217086151242256,1.387251615524292,-0.03760735322171914,147
4QLXA,154,10,-0.10139355808496475,1.387251615524292,-0.0730895224415684,147
4QLXA,154,11,-0.1642192006111145,1.387251615524292,-0.11837737204512117,147
4QLXA,154,12,-0.15723758935928345,1.387251615524292,-0.11334467922018439,147
4QLXA,154,13,-0.17837898433208466,1.387251615524292,-0.12858444880215106,147
4QLXA,154,14,-0.17013616859912872,1.387251615524292,-0.12264261702432992,147
4QLXA,154,15,-0.1638486534357071,1.387251615524292,-0.11811026320108686,147
4QLXA,154,16,-0.18549679219722748,1.387251615524292,-0.13371531892368466,147
4QLXA,154,17,-0.21885181963443756,1.387251615524292,-0.15775928258820274,147
4QLXA,154,18,-0.2271280735731125,1.387251615524292,-0.1637252182887332,147
4QLXA,154,19,-0.22541306912899017,1.387251615524292,-0.1624889577395075,147
4QLXA,154,20,-0.3064635396003723,1.387251615524292,-0.22091417027079746,147
4QLXA,154,21,-0.3277451694011688,1.387251615524292,-0.23625502809546356,147
4QLXA,154,22,-0.2994360029697418,1.387251615524292,-0.21584837214738023,147
4QLXA,154,23,-0.2423817664384842,1.387251615524292,-0.17472083919461104,147
4QLXA,154,24,-0.21573524177074432,1.387251615524292,-0.15551269816990645,147
4QLXA,154,25,-0.45860716700553894,1.387251615524292,-0.3305868682172807,132
4QLXA,154,26,-0.42792946100234985,1.387251615524292,-0.3084728510772864,132
4QLXA,154,27,-0.42635735869407654,1.387251615524292,-0.3073396014989976,132
4QLXA,154,28,-0.4292484521865845,1.387251615524292,-0.3094236455614839,132
4QLXA,154,29,-0.4401288628578186,1.387251615524292,-0.31726678702873823,132
4QLXA,154,30,-0.41218772530555725,1.387251615524292,-0.29712542461143704,218
4QLXA,154,31,-0.2179573029279709,1.387251615524292,-0.1571144704312325,218
4QLXA,154,32,0.19695645570755005,1.387251615524292,0.14197601466343449,154
4QLXA,154,33,0.8711439967155457,1.387251615524292,0.6279639446563623,154
4QLXA,154,34,0.9270801544189453,1.387251615524292,0.668285510749662,154
4QLXA,154,35,1.0943955183029175,1.387251615524292,0.7888947513600886,154
4QLXA,154,36,1.2105040550231934,1.387251615524292,0.8725915626817998,154
4QLXA,154,37,1.2590546607971191,1.387251615524292,0.9075892554079148,154
4QLXA,154,38,1.3023463487625122,1.387251615524292,0.9387960584715621,154
4QLXA,154,39,1.2888015508651733,1.387251615524292,0.9290322941005112,154
4QLXA,154,40,1.3105494976043701,1.387251615524292,0.9447092963802869,154
4QLXA,154,41,1.3132765293121338,1.387251615524292,0.9466750765439186,154
4QLXA,154,42,1.337561845779419,1.387251615524292,0.9641811411939906,154
4QLXA,154,43,1.335799217224121,1.387251615524292,0.9629105508154516,154
4QLXA,154,44,1.349747896194458,1.387251615524292,0.9729654527627564,154
4QLXA,154,45,1.3485089540481567,1.387251615524292,0.9720723616086812,154
4QLXA,154,46,1.3464182615280151,1.387251615524292,0.9705652863984271,154
4QLXA,154,47,1.3635632991790771,1.387251615524292,0.9829242827471769,154
4QLXA,154,48,1.3563740253448486,1.387251615524292,0.9777418963986763,154
4QLXA,154,49,1.349650502204895,1.387251615524292,0.972895246328341,154
4QLXA,154,50,1.3532761335372925,1.387251615524292,0.9755087818195411,154
4QLXA,154,51,1.3422420024871826,1.387251615524292,0.9675548310534144,154
4QLXA,154,52,1.3414534330368042,1.387251615524292,0.9669863909510179,154
4QLXA,154,53,1.3379888534545898,1.387251615524292,0.9644889495759686,154
4QLXA,154,54,1.3356903791427612,1.387251615524292,0.9628320949101624,154
4QLXA,154,55,1.335082769393921,1.387251615524292,0.9623940995659576,154
4QLXA,154,56,1.3347307443618774,1.387251615524292,0.9621403424046004,154
4QLXA,154,57,1.331766128540039,1.387251615524292,0.9600032997883495,154
4QLXA,154,58,1.3243277072906494,1.387251615524292,0.9546413155843676,154
4QLXA,154,59,1.322435975074768,1.387251615524292,0.9532776608625337,154
4QLXA,154,60,1.306335210800171,1.387251615524292,0.9416714287310165,154
4QLXA,154,61,1.3192607164382935,1.387251615524292,0.9509887764230123,154
4QLXA,154,62,1.3331387042999268,1.387251615524292,0.9609927207012737,154
4QLXA,154,63,1.329158902168274,1.387251615524292,0.9581238812729277,154
4QLXA,154,64,1.3322482109069824,1.387251615524292,0.9603508087489075,154
4QLXA,154,65,1.3313790559768677,1.387251615524292,0.9597242786224415,154
4QLXA,154,66,1.3290175199508667,1.387251615524292,0.9580219659348412,154
4QLXA,154,67,1.3223458528518677,1.387251615524292,0.9532126962794027,154
4QLXA,154,68,1.3167338371276855,1.387251615524292,0.9491672760676835,154
4QLXA,154,69,1.3170907497406006,1.387251615524292,0.9494245564405596,154
4QLXA,154,70,1.3157250881195068,1.387251615524292,0.9484401195829548,154
4QLXA,154,71,1.312224268913269,1.387251615524292,0.9459165548834719,154
4QLXA,154,72,1.3130486011505127,1.387251615524292,0.946510774582349,154
4QLXA,154,73,1.3111088275909424,1.387251615524292,0.945112489269243,154
4QLXA,154,74,1.3148053884506226,1.387251615524292,0.9477771542934629,154
4QLXA,154,75,1.314483880996704,1.387251615524292,0.9475453957211025,154
4QLXA,154,76,1.3090935945510864,1.387251615524292,0.9436598090075629,154
4QLXA,154,77,1.3111963272094727,1.387251615524292,0.9451755633486321,154
4QLXA,154,78,1.3145827054977417,1.387251615524292,0.9476166333393772,154
4QLXA,154,79,1.3141316175460815,1.387251615524292,0.9472914666957689,154
4QLXA,154,80,1.3172720670700073,1.387251615524292,0.949555258994716,154
2R01A,120,0,0.873779296875,1.3546580076217651,0.6450183677052227,120
2R01A,120,1,0.8034393191337585,1.3546580076217651,0.5930938396357874,120
2R01A,120,2,0.6457386016845703,1.3546580076217651,0.47668016433035204,118
2R01A,120,3,0.6524277329444885,1.3546580076217651,0.4816180388509195,123
2R01A,120,4,0.5639740824699402,1.3546580076217651,0.41632211177790324,123
2R01A,120,5,0.45283806324005127,1.3546580076217651,0.334282203103832,123
2R01A,120,6,0.25710320472717285,1.3546580076217651,0.1897919646734623,114
2R01A,120,7,0.18759246170520782,1.3546580076217651,0.13847957244540618,114
2R01A,120,8,0.08162852376699448,1.3546580076217651,0.060257661570466296,114
2R01A,120,9,0.05354749783873558,1.3546580076217651,0.039528425283325536,111
2R01A,120,10,0.087540403008461,1.3546580076217651,0.06462177355164847,111
2R01A,120,11,0.08223112672567368,1.3546580076217651,0.06070249927510374,111
2R01A,120,12,0.07772883772850037,1.3546580076217651,0.05737893792468031,123
2R01A,120,13,0.05715811252593994,1.3546580076217651,0.04219375828020727,123
2R01A,120,14,0.06400645524263382,1.3546580076217651,0.04724916169432566,123
2R01A,120,15,0.05191069096326828,1.3546580076217651,0.038320144768053,123
2R01A,120,16,0.030944878235459328,1.3546580076217651,0.022843314003499742,209
2R01A,120,17,0.0028473101556301117,1.3546580076217651,0.0021018664043693535,209
2R01A,120,18,-0.030125025659799576,1.3546580076217651,-0.022238104001383353,209
2R01A,120,19,-0.054788656532764435,1.3546580076217651,-0.040444640805653444,209
2R01A,120,20,-0.0650482177734375,1.3546580076217651,-0.048018184226169394,209
2R01A,120,21,-0.09178026020526886,1.3546580076217651,-0.06775160940169549,209
2R01A,120,22,-0.10616984963417053,1.3546580076217651,-0.07837391359060587,209
2R01A,120,23,-0.1332436203956604,1.3546580076217651,-0.0983596004644616,132
2R01A,120,24,-0.34578660130500793,1.3546580076217651,-0.2552574888713574,130
2R01A,120,25,-0.35240328311920166,1.3546580076217651,-0.2601418816678906,114
2R01A,120,26,-0.3547240197658539,1.3546580076217651,-0.2618550348280203,114
2R01A,120,27,-0.35654789209365845,1.3546580076217651,-0.26320140588074564,102
2R01A,120,28,-0.37567436695098877,1.3546580076217651,-0.277320449026483,102
2R01A,120,29,-0.38799044489860535,1.3546580076217651,-0.28641210011356344,102
2R01A,120,30,-0.38560420274734497,1.3546580076217651,-0.2846505912029494,91
2R01A,120,31,-0.40781494975090027,1.3546580076217651,-0.30104642460044906,148
2R01A,120,32,-0.4236028790473938,1.3546580076217651,-0.3127009744629718,148
2R01A,120,33,-0.37829408049583435,1.3546580076217651,-0.279254305047786,92
2R01A,120,34,-0.18657447397708893,1.3546580076217651,-0.13772810032300234,92
2R01A,120,35,0.4449998140335083,1.3546580076217651,0.32849605696034606,120
2R01A,120,36,0.8855487108230591,1.3546580076217651,0.6537064748745897,120
2R01A,120,37,1.0463716983795166,1.3546580076217651,0.7724249902870501,120
2R01A,120,38,1.1061363220214844,1.3546580076217651,0.8165428586388495,120
2R01A,120,39,1.181779384613037,1.3546580076217651,0.872382090508413,120
2R01A,120,40,1.2100193500518799,1.3546580076217651,0.8932286549401405,120
2R01A,120,41,1.2512096166610718,1.3546580076217651,0.9236350500431417,120
2R01A,120,42,1.2927597761154175,1.3546580076217651,0.9543071157752826,120
2R01A,120,43,1.3388712406158447,1.3546580076217651,0.98834630813305,120
2R01A,120,44,1.3551753759384155,1.3546580076217651,1.000381918029303,120
2R01A,120,45,1.3646395206451416,1.3546580076217651,1.0073682899796237,120
2R01A,120,46,1.3529167175292969,1.3546580076217651,0.9987145906327123,120
2R01A,120,47,1.3448328971862793,1.3546580076217651,0.9927471654246264,120
2R01A,120,48,1.3370329141616821,1.3546580076217651,0.9869892671353816,120
2R01A,120,49,1.337238073348999,1.3546580076217651,0.9871407143539139,120
2R01A,120,50,1.3466607332229614,1.3546580076217651,0.9940964624622537,120
2R01A,120,51,1.3631188869476318,1.3546580076217651,1.0062457677718384,120
2R01A,120,52,1.3512264490127563,1.3546580076217651,0.9974668450710794,120
2R01A,120,53,1.3503040075302124,1.3546580076217651,0.9967859045847324,120
2R01A,120,54,1.3685160875320435,1.3546580076217651,1.0102299472134724,120
2R01A,120,55,1.3675107955932617,1.3546580076217651,1.0094878470427093,120
2R01A,120,56,1.3543798923492432,1.3546580076217651,0.9997946970593632,120
2R01A,120,57,1.3467786312103271,1.3546580076217651,0.9941834940131709,120
2R01A,120,58,1.3493084907531738,1.3546580076217651,0.9960510203767349,120
2R01A,120,59,1.326198697090149,1.3546580076217651,0.9789915164037754,120
2R01A,120,60,1.3280831575393677,1.3546580076217651,0.9803826132257157,120
2R01A,120,61,1.3358114957809448,1.3546580076217651,0.9860876237878613,120
2R01A,120,62,1.3394532203674316,1.3546580076217651,0.9887759219162429,120
2R01A,120,63,1.333631992340088,1.3546580076217651,0.9844787280897631,120
2R01A,120,64,1.3291090726852417,1.3546580076217651,0.9811399373179235,120
2R01A,120,65,1.3340476751327515,1.3546580076217651,0.9847855825063943,120
2R01A,120,66,1.332161784172058,1.3546580076217651,0.9833934296899028,120
2R01A,120,67,1.3299285173416138,1.3546580076217651,0.9817448461965936,120
2R01A,120,68,1.327824354171753,1.3546580076217651,0.9801915662115184,120
2R01A,120,69,1.3349978923797607,1.3546580076217651,0.9854870268869412,120
2R01A,120,70,1.3224895000457764,1.3546580076217651,0.9762534105324017,120
2R01A,120,71,1.312277913093567,1.3546580076217651,0.9687152814291479,120
2R01A,120,72,1.3190538883209229,1.3546580076217651,0.9737172636189197,120
2R01A,120,73,1.3250235319137573,1.3546580076217651,0.9781240168800729,120
2R01A,120,74,1.3202571868896484,1.3546580076217651,0.9746055310354599,120
2R01A,120,75,1.3159879446029663,1.3546580076217651,0.971454003297343,120
2R01A,120,76,1.3056657314300537,1.3546580076217651,0.9638342106154733,120
2R01A,120,77,1.30538010597229,1.3546580076217651,0.9636233637034433,120
2R01A,120,78,1.286524772644043,1.3546580076217651,0.9497044755249063,120
2R01A,120,79,1.289710521697998,1.3546580076217651,0.952056175390135,120
2R01A,120,80,1.292729377746582,1.3546580076217651,0.9542846758910724,120
1YKIA,149,0,0.8879652619361877,1.255019187927246,0.7075312238076024,149
1YKIA,149,1,0.8220608234405518,1.255019187927246,0.655018529874626,150
1YKIA,149,2,0.6637405157089233,1.255019187927246,0.5288688189741053,147
1YKIA,149,3,0.4651505649089813,1.255019187927246,0.3706322336610731,146
1YKIA,149,4,0.39853137731552124,1.255019187927246,0.31755002724199327,152
1YKIA,149,5,0.27437177300453186,1.255019187927246,0.21861958418155858,152
1YKIA,149,6,0.18868403136730194,1.255019187927246,0.15034354309668135,152
1YKIA,149,7,0.16648492217063904,1.255019187927246,0.1326552803113718,152
1YKIA,149,8,0.09121151268482208,1.255019187927246,0.07267738498521638,152
1YKIA,149,9,0.10433630645275116,1.255019187927246,0.08313522809565169,152
1YKIA,149,10,0.10742257535457611,1.255019187927246,0.08559436890522142,152
1YKIA,149,11,0.11442789435386658,1.255019187927246,0.09117621105287835,152
1YKIA,149,12,0.04144655540585518,1.255019187927246,0.0330246388298709,137
1YKIA,149,13,0.02296898327767849,1.255019187927246,0.018301698889252368,137
1YKIA,149,14,-0.03587959706783295,1.255019187927246,-0.028588883272048348,137
1YKIA,149,15,-0.07215685397386551,1.255019187927246,-0.05749462212847734,137
1YKIA,149,16,-0.0956389307975769,1.255019187927246,-0.07620515424591351,137
1YKIA,149,17,-0.13631854951381683,1.255019187927246,-0.10861869748697361,137
1YKIA,149,18,-0.19522897899150848,1.255019187927246,-0.15555856107183755,137
1YKIA,149,19,-0.23657803237438202,1.255019187927246,-0.1885055102345547,137
1YKIA,149,20,-0.2747713029384613,1.255019187927246,-0.2189379298592763,137
1YKIA,149,21,-0.35905611515045166,1.255019187927246,-0.2860961159832612,163
1YKIA,149,22,-0.3980613350868225,1.255019187927246,-0.317175497327853,163
1YKIA,149,23,-0.32037216424942017,1.255019187927246,-0.25527272198805,163
1YKIA,149,24,-0.40399685502052307,1.255019187927246,-0.321904922973929,164
1YKIA,149,25,-0.24990145862102509,1.255019187927246,-0.19912162381656906,160
1YKIA,149,26,-0.2902613878250122,1.255019187927246,-0.2312804382731388,160
1YKIA,149,27,-0.3205886483192444,1.255019187927246,-0.2554452166175399,160
1YKIA,149,28,-0.36726444959640503,1.255019187927246,-0.2926365215204148,160
1YKIA,149,29,-0.4004150927066803,1.255019187927246,-0.3190509727329304,160
1YKIA,149,30,-0.4049493670463562,1.255019187927246,-0.3226638850957801,160
1YKIA,149,31,-0.470020055770874,1.255019187927246,-0.37451224673874967,160
1YKIA,149,32,-0.47895386815071106,1.255019187927246,-0.3816307135046577,158
1YKIA,149,33,-0.5005459785461426,1.255019187927246,-0.39883531930123717,158
1YKIA,149,34,-0.42766255140304565,1.255019187927246,-0.34076176325985974,158
1YKIA,149,35,-0.33795660734176636,1.255019187927246,-0.2692840162068963,160
1YKIA,149,36,-0.22281967103481293,1.255019187927246,-0.17754284012407456,150
1YKIA,149,37,0.05369215086102486,1.255019187927246,0.0427819362265698,149
1YKIA,149,38,0.7050382494926453,1.255019187927246,0.5617748766511421,149
1YKIA,149,39,1.2257399559020996,1.255019187927246,0.9766702913335507,149
1YKIA,149,40,1.2596921920776367,1.255019187927246,1.0037234523546277,149
1YKIA,149,41,1.2860560417175293,1.255019187927246,1.0247301826847308,149
1YKIA,149,42,1.293911337852478,1.255019187927246,1.030989287095654,149
1YKIA,149,43,1.282966136932373,1.255019187927246,1.0222681448012627,149
1YKIA,149,44,1.263795256614685,1.255019187927246,1.006992776502432,149
1YKIA,149,45,1.2713892459869385,1.255019187927246,1.0130436715367903,149
1YKIA,149,46,1.2715171575546265,1.255019187927246,1.0131455915463954,149
1YKIA,149,47,1.2652640342712402,1.255019187927246,1.0081630993713444,149
1YKIA,149,48,1.2594740390777588,1.255019187927246,1.0035496279207254,149
1YKIA,149,49,1.258555293083191,1.255019187927246,1.0028175705917173,149
1YKIA,149,50,1.257071614265442,1.255019187927246,1.001635374469123,149
1YKIA,149,51,1.2584408521652222,1.255019187927246,1.0027263840034408,149
1YKIA,149,52,1.2664202451705933,1.255019187927246,1.0090843688710265,149
1YKIA,149,53,1.2657548189163208,1.255019187927246,1.00855415685461,149
1YKIA,149,54,1.2683950662612915,1.255019187927246,1.0106579074349744,149
1YKIA,149,55,1.2786387205123901,1.255019187927246,1.0188200569460244,149
1YKIA,149,56,1.2893544435501099,1.255019187927246,1.0273583511337152,149
1YKIA,149,57,1.3018399477005005,1.255019187927246,1.0373068079146919,149
1YKIA,149,58,1.2801926136016846,1.255019187927246,1.0200581998399676,149
1YKIA,149,59,1.2513569593429565,1.255019187927246,0.9970819341891195,149
1YKIA,149,60,1.253021478652954,1.255019187927246,0.9984082241183967,149
1YKIA,149,61,1.2515827417373657,1.255019187927246,0.9972618377289069,149
1YKIA,149,62,1.2532227039337158,1.255019187927246,0.9985685605361163,149
1YKIA,149,63,1.2595138549804688,1.255019187927246,1.0035813532545632,149
1YKIA,149,64,1.258076786994934,1.255019187927246,1.0024362966694857,149
1YKIA,149,65,1.2571725845336914,1.255019187927246,1.0017158276360714,149
1YKIA,149,66,1.2427445650100708,1.255019187927246,0.9902195735051289,149
1YKIA,149,67,1.221466064453125,1.255019187927246,0.9732648522055376,149
1YKIA,149,68,1.2080973386764526,1.255019187927246,0.9626126439323305,149
1YKIA,149,69,1.2151319980621338,1.255019187927246,0.968217864516487,149
1YKIA,149,70,1.2028560638427734,1.255019187927246,0.9584363931752917,149
1YKIA,149,71,1.1956902742385864,1.255019187927246,0.952726687958735,149
1YKIA,149,72,1.2000013589859009,1.255019187927246,0.956161762727938,149
1YKIA,149,73,1.177423357963562,1.255019187927246,0.9381715987212601,149
1YKIA,149,74,1.1832183599472046,1.255019187927246,0.9427890595851163,149
1YKIA,149,75,1.182399868965149,1.255019187927246,0.9421368855068797,149
1YKIA,149,76,1.1875252723693848,1.255019187927246,0.9462208098432883,149
1YKIA,149,77,1.186730146408081,1.255019187927246,0.9455872530268248,149
1YKIA,149,78,1.1867016553878784,1.255019187927246,0.9455645513657851,149
1YKIA,149,79,1.1952595710754395,1.255019187927246,0.9523835034343149,149
1YKIA,149,80,1.1943174600601196,1.255019187927246,0.9516328288435337,149
1NOXA,142,0,0.96676105260849,1.2424646615982056,0.7780994361360163,142
1NOXA,142,1,0.8974553346633911,1.2424646615982056,0.72231859979742,142
1NOXA,142,2,0.703048586845398,1.2424646615982056,0.5658499662606528,140
1NOXA,142,3,0.3926629424095154,1.2424646615982056,0.3160355014881676,140
1NOXA,142,4,0.13192985951900482,1.2424646615982056,0.10618399347414917,140
1NOXA,142,5,-0.040431078523397446,1.2424646615982056,-0.03254102895078737,137
1NOXA,142,6,-0.1920650601387024,1.2424646615982056,-0.1545839218410007,137
1NOXA,142,7,-0.2240780144929886,1.2424646615982056,-0.18034960785504583,140
1NOXA,142,8,-0.20275869965553284,1.2424646615982056,-0.1631907175490372,140
1NOXA,142,9,-0.1417633593082428,1.2424646615982056,-0.11409850411833036,133
1NOXA,142,10,-0.15496088564395905,1.2424646615982056,-0.1247205578021269,133
1NOXA,142,11,-0.10092921555042267,1.2424646615982056,-0.08123306736192845,140
1NOXA,142,12,-0.13472029566764832,1.2424646615982056,-0.10842988121235986,204
1NOXA,142,13,-0.1725875735282898,1.2424646615982056,-0.138907430418413,204
1NOXA,142,14,-0.21070638298988342,1.2424646615982056,-0.16958742530258192,204
1NOXA,142,15,-0.26808279752731323,1.2424646615982056,-0.21576693954617052,204
1NOXA,142,16,-0.30723825097084045,1.2424646615982056,-0.2472812792724697,204
1NOXA,142,17,-0.30079367756843567,1.2424646615982056,-0.24209435235085006,204
1NOXA,142,18,-0.3126172125339508,1.2424646615982056,-0.2516105465179391,204
1NOXA,142,19,-0.3174841105937958,1.2424646615982056,-0.2555276784978416,204
1NOXA,142,20,-0.3448069989681244,1.2424646615982056,-0.27751855616126153,130
1NOXA,142,21,-0.37604057788848877,1.2424646615982056,-0.3026569604038321,130
1NOXA,142,22,-0.362672358751297,1.2424646615982056,-0.29189752430043747,130
1NOXA,142,23,-0.3687658905982971,1.2424646615982056,-0.29680191477152085,204
1NOXA,142,24,-0.15779998898506165,1.2424646615982056,-0.12700561542094932,140
1NOXA,142,25,-0.47399815917015076,1.2424646615982056,-0.3814983023826513,204
1NOXA,142,26,-0.5289807319641113,1.2424646615982056,-0.4257511286346555,204
1NOXA,142,27,-0.5370351672172546,1.2424646615982056,-0.43223375586912566,147
1NOXA,142,28,-0.5539306998252869,1.2424646615982056,-0.4458321567977277,115
1NOXA,142,29,-0.5213682055473328,1.2424646615982056,-0.4196241725512636,167
1NOXA,142,30,-0.4948342740535736,1.2424646615982056,-0.39826828830452127,165
1NOXA,142,31,-0.4824904799461365,1.2424646615982056,-0.3883333625968081,167
1NOXA,142,32,-0.4945010244846344,1.2424646615982056,-0.3980000717674726,204
1NOXA,142,33,-0.42924296855926514,1.2424646615982056,-0.3454770037540721,204
1NOXA,142,34,-0.4284179210662842,1.2424646615982056,-0.34481296274068846,204
1NOXA,142,35,-0.18093064427375793,1.2424646615982056,-0.14562236646716653,165
1NOXA,142,36,0.4313752353191376,1.2424646615982056,0.3471931626322889,142
1NOXA,142,37,0.796034038066864,1.2424646615982056,0.6406894800878364,142
1NOXA,142,38,0.957941472530365,1.2424646615982056,0.7710009806622161,142
1NOXA,142,39,0.9770909547805786,1.2424646615982056,0.7864134771637917,142
1NOXA,142,40,1.0052112340927124,1.2424646615982056,0.8090461364105844,142
1NOXA,142,41,1.1274707317352295,1.2424646615982056,0.9074469210938706,142
1NOXA,142,42,1.2298640012741089,1.2424646615982056,0.9898583350387703,142
1NOXA,142,43,1.228271484375,1.2424646615982056,0.988576594842586,142
1NOXA,142,44,1.1980149745941162,1.2424646615982056,0.9642245865190944,142
1NOXA,142,45,1.210190773010254,1.2424646615982056,0.9740243005813645,142
1NOXA,142,46,1.2173435688018799,1.2424646615982056,0.9797812416137358,142
1NOXA,142,47,1.2152347564697266,1.2424646615982056,0.9780839600754095,142
1NOXA,142,48,1.2289756536483765,1.2424646615982056,0.9891433467954912,142
1NOXA,142,49,1.232267141342163,1.2424646615982056,0.9917925068042376,142
1NOXA,142,50,1.2286102771759033,1.2424646615982056,0.9888492728602187,142
1NOXA,142,51,1.2181272506713867,1.2424646615982056,0.9804119894279221,142
1NOXA,142,52,1.1999808549880981,1.2424646615982056,0.9658068290204248,142
1NOXA,142,53,1.186007022857666,1.2424646615982056,0.9545599641699933,142
1NOXA,142,54,1.1802312135696411,1.2424646615982056,0.9499112932930323,142
1NOXA,142,55,1.1758331060409546,1.2424646615982056,0.9463714682463954,142
1NOXA,142,56,1.1808961629867554,1.2424646615982056,0.9504464790714824,142
1NOXA,142,57,1.1872955560684204,1.2424646615982056,0.9555970425276964,142
1NOXA,142,58,1.1912312507629395,1.2424646615982056,0.9587646937423849,142
1NOXA,142,59,1.1877201795578003,1.2424646615982056,0.955938801535018,142
1NOXA,142,60,1.195983648300171,1.2424646615982056,0.9625896697631261,142
1NOXA,142,61,1.1958730220794678,1.2424646615982056,0.9625006320430828,142
1NOXA,142,62,1.2080475091934204,1.2424646615982056,0.9722992907013438,142
1NOXA,142,63,1.1968683004379272,1.2424646615982056,0.9633016836860158,142
1NOXA,142,64,1.1932260990142822,1.2424646615982056,0.9603702510777354,142
1NOXA,142,65,1.1770070791244507,1.2424646615982056,0.9473163426720277,142
1NOXA,142,66,1.1750481128692627,1.2424646615982056,0.9457396650282,142
1NOXA,142,67,1.176792860031128,1.2424646615982056,0.9471439280352628,142
1NOXA,142,68,1.1791143417358398,1.2424646615982056,0.9490123769147067,142
1NOXA,142,69,1.1791752576828003,1.2424646615982056,0.949061405228222,142
1NOXA,142,70,1.1816884279251099,1.2424646615982056,0.9510841349846376,142
1NOXA,142,71,1.1709775924682617,1.2424646615982056,0.9424634990922086,142
1NOXA,142,72,1.1753090620040894,1.2424646615982056,0.9459496904260176,142
1NOXA,142,73,1.1786223649978638,1.2424646615982056,0.9486164085196434,142
1NOXA,142,74,1.1822640895843506,1.2424646615982056,0.9515474573446476,142
1NOXA,142,75,1.1864093542099,1.2424646615982056,0.9548837813091596,142
1NOXA,142,76,1.182676911354065,1.2424646615982056,0.951879717715887,142
1NOXA,142,77,1.1841959953308105,1.2424646615982056,0.9531023552875597,142
1NOXA,142,78,1.1885600090026855,1.2424646615982056,0.956614739829959,142
1NOXA,142,79,1.190421223640442,1.2424646615982056,0.9581127419021969,142
1NOXA,142,80,1.1903958320617676,1.2424646615982056,0.9580923054427473,142
3HOIA,148,0,0.8851423263549805,0.9345833659172058,0.9470983099365313,148
3HOIA,148,1,0.8054258227348328,0.9345833659172058,0.8618020094380591,148
3HOIA,148,2,0.7562897801399231,0.9345833659172058,0.8092266647584677,148
3HOIA,148,3,0.7613043785095215,0.9345833659172058,0.8145922624702107,148
3HOIA,148,4,0.5881621837615967,0.9345833659172058,0.6293308924713963,148
3HOIA,148,5,0.4108887016773224,0.9345833659172058,0.4396490635953848,143
3HOIA,148,6,0.2285783737897873,0.9345833659172058,0.24457783235362754,142
3HOIA,148,7,0.04347385838627815,0.9345833659172058,0.046516833031382536,152
3HOIA,148,8,-0.05550219863653183,0.9345833659172058,-0.05938710302431034,152
3HOIA,148,9,0.016522465273737907,0.9345833659172058,0.017678963564178845,152
3HOIA,148,10,0.0018705660477280617,0.9345833659172058,0.0020014972617154133,152
3HOIA,148,11,-0.00452579278498888,0.9345833659172058,-0.004842577933694807,152
3HOIA,148,12,-0.011190538294613361,0.9345833659172058,-0.011973825666831656,152
3HOIA,148,13,0.005077054724097252,0.9345833659172058,0.0054324257302767204,152
3HOIA,148,14,-0.01445586048066616,0.9345833659172058,-0.01546770572626134,152
3HOIA,148,15,-0.027254756540060043,0.9345833659172058,-0.02916246697084327,192
3HOIA,148,16,-0.03385448455810547,0.9345833659172058,-0.03622414628028445,192
3HOIA,148,17,-0.054624900221824646,0.9345833659172058,-0.05844839766457371,59
3HOIA,148,18,-0.0788896307349205,0.9345833659172058,-0.08441155022858526,66
3HOIA,148,19,-0.10880012065172195,0.9345833659172058,-0.11641563997337451,66
3HOIA,148,20,-0.10428529232740402,0.9345833659172058,-0.11158479396330556,66
3HOIA,148,21,-0.006964398548007011,0.9345833659172058,-0.007451875137080049,66
3HOIA,148,22,-0.10719597339630127,0.9345833659172058,-0.1146992096217104,192
3HOIA,148,23,-0.1817382425069809,0.9345833659172058,-0.19445910245644257,159
3HOIA,148,24,-0.3869824707508087,0.9345833659172058,-0.4140695039773383,139
3HOIA,148,25,-0.43607431650161743,0.9345833659172058,-0.4665975582324338,139
3HOIA,148,26,-0.443310409784317,0.9345833659172058,-0.47434014551419873,139
3HOIA,148,27,-0.38274863362312317,0.9345833659172058,-0.4095393172844365,139
3HOIA,148,28,-0.4150092899799347,0.9345833659172058,-0.4440580745545819,139
3HOIA,148,29,-0.4071600139141083,0.9345833659172058,-0.4356593844515079,3
3HOIA,148,30,-0.4112181067466736,0.9345833659172058,-0.44000152553871064,120
3HOIA,148,31,-0.28352493047714233,0.9345833659172058,-0.3033704009902736,3
3HOIA,148,32,-0.12227386236190796,0.9345833659172058,-0.13083248303045458,148
3HOIA,148,33,-0.04375013709068298,0.9345833659172058,-0.04681245000305172,148
3HOIA,148,34,0.27800485491752625,0.9345833659172058,0.29746394495764494,148
3HOIA,148,35,0.5144928693771362,0.9345833659172058,0.5505050572692461,148
3HOIA,148,36,0.5838745832443237,0.9345833659172058,0.6247431791933357,148
3HOIA,148,37,0.6276615858078003,0.9345833659172058,0.6715950750865434,148
3HOIA,148,38,0.6670641899108887,0.9345833659172058,0.713755684337724,148
3HOIA,148,39,0.6450760960578918,0.9345833659172058,0.6902285227651257,148
3HOIA,148,40,0.6951568722724915,0.9345833659172058,0.7438147281706221,148
3HOIA,148,41,0.7187109589576721,0.9345833659172058,0.7690174950335488,148
3HOIA,148,42,0.7980507016181946,0.9345833659172058,0.8539106629989961,148
3HOIA,148,43,0.7935788631439209,0.9345833659172058,0.8491258159352085,148
3HOIA,148,44,0.7970984578132629,0.9345833659172058,0.8528917664086453,148
3HOIA,148,45,0.7901952266693115,0.9345833659172058,0.8455053401189193,148
3HOIA,148,46,0.8016690611839294,0.9345833659172058,0.8577822914675638,148
3HOIA,148,47,0.8299828171730042,0.9345833659172058,0.888077883087994,148
3HOIA,148,48,0.8408700227737427,0.9345833659172058,0.8997271441360479,148
3HOIA,148,49,0.8535974621772766,0.9345833659172058,0.9133454470801017,148
3HOIA,148,50,0.8469719886779785,0.9345833659172058,0.906256220221462,148
3HOIA,148,51,0.8398025631904602,0.9345833659172058,0.898584967180828,148
3HOIA,148,52,0.8220164775848389,0.9345833659172058,0.8795539355422904,148
3HOIA,148,53,0.8318140506744385,0.9345833659172058,0.8900372947019992,148
3HOIA,148,54,0.8295480608940125,0.9345833659172058,0.8876126958239717,148
3HOIA,148,55,0.8343771696090698,0.9345833659172058,0.8927798204392468,148
3HOIA,148,56,0.8354722261428833,0.9345833659172058,0.8939515260074694,148
3HOIA,148,57,0.812484622001648,0.9345833659172058,0.8693548929198741,148
3HOIA,148,58,0.8158959150314331,0.9345833659172058,0.873004961125868,148
3HOIA,148,59,0.8314995169639587,0.9345833659172058,0.8897007450458099,148
3HOIA,148,60,0.8205940127372742,0.9345833659172058,0.8780319045502573,148
3HOIA,148,61,0.8054530024528503,0.9345833659172058,0.8618310916141482,148
3HOIA,148,62,0.7870230674743652,0.9345833659172058,0.8421111440411482,148
3HOIA,148,63,0.7800509929656982,0.9345833659172058,0.8346510556606702,148
3HOIA,148,64,0.7796728610992432,0.9345833659172058,0.8342464562635004,148
3HOIA,148,65,0.8002704977989197,0.9345833659172058,0.8562858349330125,148
3HOIA,148,66,0.7969065308570862,0.9345833659172058,0.8526864054283667,148
3HOIA,148,67,0.8184481859207153,0.9345833659172058,0.8757358795033606,148
3HOIA,148,68,0.8030924201011658,0.9345833659172058,0.8593052791101262,148
3HOIA,148,69,0.7953293323516846,0.9345833659172058,0.8509988101180718,148
3HOIA,148,70,0.7893784642219543,0.9345833659172058,0.8446314079721005,148
3HOIA,148,71,0.8065171241760254,0.9345833659172058,0.8629696970740588,148
3HOIA,148,72,0.8049219846725464,0.9345833659172058,0.861262904976477,148
3HOIA,148,73,0.7983428239822388,0.9345833659172058,0.8542232326152523,148
3HOIA,148,74,0.7827497720718384,0.9345833659172058,0.8375387371715556,148
3HOIA,148,75,0.8005911111831665,0.9345833659172058,0.8566288898128007,148
3HOIA,148,76,0.8152672648429871,0.9345833659172058,0.8723323082504029,148
3HOIA,148,77,0.8038420081138611,0.9345833659172058,0.8601073349138476,148
3HOIA,148,78,0.8207845091819763,0.9345833659172058,0.878235734889689,148
3HOIA,148,79,0.8047526478767395,0.9345833659172058,0.8610817153662373,148
3HOIA,148,80,0.8006085157394409,0.9345833659172058,0.8566475126097701,148
3H75A,208,0,1.0390965938568115,1.3202310800552368,0.7870566066459646,208
3H75A,208,1,0.9885383248329163,1.3202310800552368,0.748761591638607,208
3H75A,208,2,0.9055535197257996,1.3202310800552368,0.6859053187021716,206
3H75A,208,3,0.7848740816116333,1.3202310800552368,0.5944975038603054,208
3H75A,208,4,0.44272616505622864,1.3202310800552368,0.33533990507003175,204
3H75A,208,5,0.33733126521110535,1.3202310800552368,0.25550925917983375,213
3H75A,208,6,0.23920249938964844,1.3202310800552368,0.18118229679886078,213
3H75A,208,7,0.12879177927970886,1.3202310800552368,0.09755245216187486,209
3H75A,208,8,0.11245694756507874,1.3202310800552368,0.08517974562481416,209
3H75A,208,9,0.13179080188274384,1.3202310800552368,0.09982404131648671,209
3H75A,208,10,0.08687274158000946,1.3202310800552368,0.0658011638207872,209
3H75A,208,11,0.10465574264526367,1.3202310800552368,0.0792707763256755,209
3H75A,208,12,0.14322897791862488,1.3202310800552368,0.10848780950728137,209
3H75A,208,13,0.12415013462305069,1.3202310800552368,0.09403667016978301,209
3H75A,208,14,0.10348300635814667,1.3202310800552368,0.07838249524758731,209
3H75A,208,15,0.06924091279506683,1.3202310800552368,0.05244605572546427,193
3H75A,208,16,0.05653899163007736,1.3202310800552368,0.042825072431798714,193
3H75A,208,17,0.06281019747257233,1.3202310800552368,0.047575154396414014,209
3H75A,208,18,0.049498192965984344,1.3202310800552368,0.0374920676491826,209
3H75A,208,19,0.04191925376653671,1.3202310800552368,0.03175145199943548,209
3H75A,208,20,0.01908911019563675,1.3202310800552368,0.01445891593071577,191
3H75A,208,21,0.01268861535936594,1.3202310800552368,0.009610904902219894,191
3H75A,208,22,-0.0010271202772855759,1.3202310800552368,-0.0007779852275880389,186
3H75A,208,23,2.2481894120573997e-05,1.3202310800552368,1.7028756904914996e-05,186
3H75A,208,24,-0.027734119445085526,1.3202310800552368,-0.02100701904694227,186
3H75A,208,25,-0.05412104353308678,1.3202310800552368,-0.04099361418670921,186
3H75A,208,26,-0.09740737825632095,1.3202310800552368,-0.07378055230471135,186
3H75A,208,27,-0.12992626428604126,1.3202310800552368,-0.09841176006900648,349
3H75A,208,28,-0.1607433557510376,1.3202310800552368,-0.12175395518208244,349
3H75A,208,29,-0.17410539090633392,1.3202310800552368,-0.1318749373019226,349
3H75A,208,30,-0.18425023555755615,1.3202310800552368,-0.13955908048297677,349
3H75A,208,31,-0.1853337287902832,1.3202310800552368,-0.1403797650200214,349
3H75A,208,32,-0.19847345352172852,1.3202310800552368,-0.1503323596301222,240
3H75A,208,33,-0.21013998985290527,1.3202310800552368,-0.15916909776439536,272
3H75A,208,34,-0.2336670160293579,1.3202310800552368,-0.17698948279537668,272
3H75A,208,35,-0.24137501418590546,1.3202310800552368,-0.18282785326929785,240
3H75A,208,36,-0.2642643451690674,1.3202310800552368,-0.20016522043853935,240
3H75A,208,37,-0.28807923197746277,1.3202310800552368,-0.21820364353595575,240
3H75A,208,38,-0.23441298305988312,1.3202310800552368,-0.1775545104195514,240
3H75A,208,39,-0.13722535967826843,1.3202310800552368,-0.103940409941362,240
3H75A,208,40,-0.06429848074913025,1.3202310800552368,-0.04870244438302428,208
3H75A,208,41,0.10746002197265625,1.3202310800552368,0.08139485851837411,208
3H75A,208,42,0.2547595500946045,1.3202310800552368,0.19296587843087717,208
3H75A,208,43,0.569998025894165,1.3202310800552368,0.43174110540581806,208
3H75A,208,44,0.7318897247314453,1.3202310800552368,0.5543648652028582,208
3H75A,208,45,0.6551645994186401,1.3202310800552368,0.49624994390469046,208
3H75A,208,46,0.454632431268692,1.3202310800552368,0.3443582249629139,208
3H75A,208,47,0.25887733697891235,1.3202310800552368,0.19608486793696847,208
3H75A,208,48,1.2933095693588257,1.3202310800552368,0.9796084858907542,208
3H75A,208,49,1.3499276638031006,1.3202310800552368,1.0224934742080314,208
3H75A,208,50,1.3363678455352783,1.3202310800552368,1.0122226826226257,208
3H75A,208,51,1.312108039855957,1.3202310800552368,0.9938472587700784,208
3H75A,208,52,1.3001097440719604,1.3202310800552368,0.9847592317078049,208
3H75A,208,53,1.291561484336853,1.3202310800552368,0.9782844108493611,208
3H75A,208,54,1.2859811782836914,1.3202310800552368,0.97405764620379,208
3H75A,208,55,1.2821366786956787,1.3202310800552368,0.9711456562907425,208
3H75A,208,56,1.2795556783676147,1.3202310800552368,0.9691906952486528,208
3H75A,208,57,1.291642665863037,1.3202310800552368,0.9783459012410134,208
3H75A,208,58,1.2800748348236084,1.3202310800552368,0.9695839267547403,208
3H75A,208,59,1.278359055519104,1.3202310800552368,0.9682843214580429,208
3H75A,208,60,1.2794262170791626,1.3202310800552368,0.9690926356813483,208
3H75A,208,61,1.2841655015945435,1.3202310800552368,0.9726823743164837,208
3H75A,208,62,1.2849212884902954,1.3202310800552368,0.9732548399303975,208
3H75A,208,63,1.2883857488632202,1.3202310800552368,0.9758789717397925,208
3H75A,208,64,1.2925105094909668,1.3202310800552368,0.9790032434601447,208
3H75A,208,65,1.2936042547225952,1.3202310800552368,0.9798316933036241,208
3H75A,208,66,1.2951017618179321,1.3202310800552368,0.9809659698086691,208
3H75A,208,67,1.3006176948547363,1.3202310800552368,0.9851439755533706,208
3H75A,208,68,1.2994592189788818,1.3202310800552368,0.9842664959262389,208
3H75A,208,69,1.3074147701263428,1.3202310800552368,0.9902923737196386,208
3H75A,208,70,1.3057948350906372,1.3202310800552368,0.9890653650086805,208
3H75A,208,71,1.3042395114898682,1.3202310800552368,0.9878872957871135,208
3H75A,208,72,1.303288459777832,1.3202310800552368,0.9871669281738952,208
3H75A,208,73,1.3034578561782837,1.3202310800552368,0.9872952363185911,208
3H75A,208,74,1.3014886379241943,1.3202310800552368,0.9858036654232846,208
3H75A,208,75,1.2984774112701416,1.3202310800552368,0.9835228323937162,208
3H75A,208,76,1.299875020980835,1.3202310800552368,0.9845814423081525,208
3H75A,208,77,1.3095076084136963,1.3202310800552368,0.9918775797634669,208
3H75A,208,78,1.3157240152359009,1.3202310800552368,0.9965861545850387,208
3H75A,208,79,1.3145089149475098,1.3202310800552368,0.995665785183994,208
3H75A,208,80,1.315759301185608,1.3202310800552368,0.9966128816862562,208
1JX6A,237,0,0.929330587387085,1.2464962005615234,0.7455542880663726,237
1JX6A,237,1,0.8470103144645691,1.2464962005615234,0.6795129532548969,138
1JX6A,237,2,0.8188145160675049,1.2464962005615234,0.6568929096604098,235
1JX6A,237,3,0.7156376242637634,1.2464962005615234,0.574119378736479,235
1JX6A,237,4,0.622306227684021,1.2464962005615234,0.4992443839007962,235
1JX6A,237,5,0.582832932472229,1.2464962005615234,0.46757698275347614,233
1JX6A,237,6,0.5236696600914001,1.2464962005615234,0.42011332233142523,233
1JX6A,237,7,0.36840319633483887,1.2464962005615234,0.2955509982051129,230
1JX6A,237,8,0.3063746988773346,1.2464962005615234,0.24578871458999912,230
1JX6A,237,9,0.2448420375585556,1.2464962005615234,0.19642421488991207,230
1JX6A,237,10,0.20685504376888275,1.2464962005615234,0.16594919717821713,230
1JX6A,237,11,0.07101299613714218,1.2464962005615234,0.056970086314865734,226
1JX6A,237,12,-0.03369114547967911,1.2464962005615234,-0.02702867883953587,225
1JX6A,237,13,-0.04598596319556236,1.2464962005615234,-0.036892180798342215,227
1JX6A,237,14,-0.03849168121814728,1.2464962005615234,-0.030879902562725412,225
1JX6A,237,15,-0.033672790974378586,1.2464962005615234,-0.027013953960878193,225
1JX6A,237,16,-0.03798006847500801,1.2464962005615234,-0.030469461886766035,228
1JX6A,237,17,-0.021740492433309555,1.2464962005615234,-0.017441282551455724,220
1JX6A,237,18,-0.05178729444742203,1.2464962005615234,-0.04154629145607729,220
1JX6A,237,19,-0.07239256799221039,1.2464962005615234,-0.05807684609034418,228
1JX6A,237,20,-0.1251586228609085,1.2464962005615234,-0.10040834685619328,220
1JX6A,237,21,-0.14011497795581818,1.2464962005615234,-0.11240706381030201,228
1JX6A,237,22,-0.19710172712802887,1.2464962005615234,-0.15812461124168545,341
1JX6A,237,23,-0.22271160781383514,1.2464962005615234,-0.17867010562367353,341
1JX6A,237,24,-0.24664060771465302,1.2464962005615234,-0.1978671155223305,341
1JX6A,237,25,-0.2450544238090515,1.2464962005615234,-0.1965946014906897,212
1JX6A,237,26,-0.2521112561225891,1.2464962005615234,-0.20225593628686367,212
1JX6A,237,27,-0.2890864610671997,1.2464962005615234,-0.23191924767758748,212
1JX6A,237,28,-0.2981802523136139,1.2464962005615234,-0.23921473020077336,212
1JX6A,237,29,-0.3120080530643463,1.2464962005615234,-0.25030806585996207,212
1JX6A,237,30,-0.3310092091560364,1.2464962005615234,-0.265551719296796,212
1JX6A,237,31,-0.34989094734191895,1.2464962005615234,-0.2806995698697674,260
1JX6A,237,32,-0.33217939734458923,1.2464962005615234,-0.26649050129069674,260
1JX6A,237,33,-0.3619138300418854,1.2464962005615234,-0.29034491230607035,260
1JX6A,237,34,-0.3742338716983795,1.2464962005615234,-0.3002286501393218,260
1JX6A,237,35,-0.3660421669483185,1.2464962005615234,-0.29365686536663593,260
1JX6A,237,36,-0.35661840438842773,1.2464962005615234,-0.2860966637746491,260
1JX6A,237,37,-0.3195360600948334,1.2464962005615234,-0.25634739997674144,221
1JX6A,237,38,-0.3132565915584564,1.2464962005615234,-0.2513097042873778,263
1JX6A,237,39,-0.29239514470100403,1.2464962005615234,-0.23457363493710245,263
1JX6A,237,40,-0.21927568316459656,1.2464962005615234,-0.17591363942049476,263
1JX6A,237,41,0.059141963720321655,1.2464962005615234,0.047446565576115915,237
1JX6A,237,42,0.28260326385498047,1.2464962005615234,0.22671811091575966,237
1JX6A,237,43,0.3100736737251282,1.2464962005615234,0.24875621248219268,237
1JX6A,237,44,0.14361408352851868,1.2464962005615234,0.11521421682940004,237
1JX6A,237,45,0.8883214592933655,1.2464962005615234,0.7126547669324569,237
1JX6A,237,46,0.9343760013580322,1.2464962005615234,0.7496019650417812,237
1JX6A,237,47,0.9703763723373413,1.2464962005615234,0.7784832171170716,237
1JX6A,237,48,1.002842664718628,1.2464962005615234,0.8045292591079426,237
1JX6A,237,49,1.011471152305603,1.2464962005615234,0.8114514523589835,237
1JX6A,237,50,1.032182216644287,1.2464962005615234,0.8280668775238209,237
1JX6A,237,51,1.0417243242263794,1.2464962005615234,0.8357220212601546,237
1JX6A,237,52,1.04725980758667,1.2464962005615234,0.8401628557831936,237
1JX6A,237,53,1.0610263347625732,1.2464962005615234,0.8512070347944908,237
1JX6A,237,54,1.0836440324783325,1.2464962005615234,0.8693520541740688,237
1JX6A,237,55,1.087451696395874,1.2464962005615234,0.8724067477349687,237
1JX6A,237,56,1.0977792739868164,1.2464962005615234,0.8806920337922307,237
1JX6A,237,57,1.1084150075912476,1.2464962005615234,0.8892245376214762,237
1JX6A,237,58,1.116306185722351,1.2464962005615234,0.8955552252942895,237
1JX6A,237,59,1.117906093597412,1.2464962005615234,0.8968387493630675,237
1JX6A,237,60,1.1331579685211182,1.2464962005615234,0.909074546725976,237
1JX6A,237,61,1.1362301111221313,1.2464962005615234,0.9115391692411744,237
1JX6A,237,62,1.134955883026123,1.2464962005615234,0.9105169213631349,237
1JX6A,237,63,1.143002986907959,1.2464962005615234,0.9169727002722169,237
1JX6A,237,64,1.1452738046646118,1.2464962005615234,0.9187944609447564,237
1JX6A,237,65,1.150107502937317,1.2464962005615234,0.9226722892690846,237
1JX6A,237,66,1.1494084596633911,1.2464962005615234,0.9221114826869139,237
1JX6A,237,67,1.1532410383224487,1.2464962005615234,0.9251861640676763,237
1JX6A,237,68,1.1606144905090332,1.2464962005615234,0.931101506756457,237
1JX6A,237,69,1.1646569967269897,1.2464962005615234,0.9343446022557738,237
1JX6A,237,70,1.1679595708847046,1.2464962005615234,0.9369940881958247,237
1JX6A,237,71,1.1823283433914185,1.2464962005615234,0.9485214177618845,237
1JX6A,237,72,1.1813385486602783,1.2464962005615234,0.9477273561909834,237
1JX6A,237,73,1.1780924797058105,1.2464962005615234,0.9451232014787544,237
1JX6A,237,74,1.1836128234863281,1.2464962005615234,0.9495518902930731,237
1JX6A,237,75,1.189165711402893,1.2464962005615234,0.9540066875993652,237
1JX6A,237,76,1.183340072631836,1.2464962005615234,0.9493330762651047,237
1JX6A,237,77,1.1815963983535767,1.2464962005615234,0.9479342157812349,237
1JX6A,237,78,1.1816517114639282,1.2464962005615234,0.9479785906540397,237
1JX6A,237,79,1.1850093603134155,1.2464962005615234,0.9506722601958921,237
1JX6A,237,80,1.1845247745513916,1.2464962005615234,0.9502835018813416,237
5HKOA,218,0,1.0301045179367065,1.3724645376205444,0.7505509174922721,218
5HKOA,218,1,0.9848909378051758,1.3724645376205444,0.7176075671235128,217
5HKOA,218,2,0.9612151384353638,1.3724645376205444,0.7003569943612766,216
5HKOA,218,3,0.837099552154541,1.3724645376205444,0.6099243581228182,216
5HKOA,218,4,0.7691075801849365,1.3724645376205444,0.5603843007254279,216
5HKOA,218,5,0.7105061411857605,1.3724645376205444,0.5176863384882586,216
5HKOA,218,6,0.21079523861408234,1.3724645376205444,0.15358884170482115,216
5HKOA,218,7,0.1810658723115921,1.3724645376205444,0.13192754154909375,212
5HKOA,218,8,0.04729458689689636,1.3724645376205444,0.03445960576795045,223
5HKOA,218,9,0.03515911102294922,1.3724645376205444,0.025617500532221345,215
5HKOA,218,10,0.048245083540678024,1.3724645376205444,0.0351521530926555,215
5HKOA,218,11,0.0449364073574543,1.3724645376205444,0.03274139777437237,207
5HKOA,218,12,0.023333445191383362,1.3724645376205444,0.017001127935762035,221
5HKOA,218,13,0.04092257842421532,1.3724645376205444,0.029816856685538268,221
5HKOA,218,14,0.03360053151845932,1.3724645376205444,0.024481894138199664,221
5HKOA,218,15,-0.00818786583840847,1.3724645376205444,-0.0059658123135216705,221
5HKOA,218,16,-0.04052155837416649,1.3724645376205444,-0.02952466695017062,221
5HKOA,218,17,-0.06213339418172836,1.3724645376205444,-0.045271402268396425,207
5HKOA,218,18,-0.09296149760484695,1.3724645376205444,-0.06773326017298431,207
5HKOA,218,19,-0.11522470414638519,1.3724645376205444,-0.0839545948095325,207
5HKOA,218,20,-0.14111332595348358,1.3724645376205444,-0.10281746601492027,207
5HKOA,218,21,-0.14957277476787567,1.3724645376205444,-0.10898115810496022,207
5HKOA,218,22,-0.1556277573108673,1.3724645376205444,-0.11339291693516593,207
5HKOA,218,23,-0.16092650592327118,1.3724645376205444,-0.11725367141527102,207
5HKOA,218,24,-0.15504251420497894,1.3724645376205444,-0.11296649928294519,207
5HKOA,218,25,-0.1713329702615738,1.3724645376205444,-0.12483599070517004,207
5HKOA,218,26,-0.1728515326976776,1.3724645376205444,-0.12594244001185784,207
5HKOA,218,27,-0.18395191431045532,1.3724645376205444,-0.13403035872196348,207
5HKOA,218,28,-0.21772797405719757,1.3724645376205444,-0.15864014558414366,207
5HKOA,218,29,-0.26187291741371155,1.3724645376205444,-0.1908048698057607,207
5HKOA,218,30,-0.30107370018959045,1.3724645376205444,-0.21936719815840558,207
5HKOA,218,31,-0.2875639796257019,1.3724645376205444,-0.20952379587472217,207
5HKOA,218,32,-0.3102051615715027,1.3724645376205444,-0.22602052954264923,243
5HKOA,218,33,-0.29570549726486206,1.3724645376205444,-0.2154558381359198,243
5HKOA,218,34,-0.2939698398113251,1.3724645376205444,-0.214191209866146,243
5HKOA,218,35,-0.2932746410369873,1.3724645376205444,-0.21368467672428207,243
5HKOA,218,36,-0.30391019582748413,1.3724645376205444,-0.22143391504626872,243
5HKOA,218,37,-0.2997075617313385,1.3724645376205444,-0.21837180744279522,243
5HKOA,218,38,-0.2993587553501129,1.3724645376205444,-0.2181176614363488,233
5HKOA,218,39,-0.18194489181041718,1.3724645376205444,-0.13256800946263927,243
5HKOA,218,40,0.048031654208898544,1.3724645376205444,0.03499664500779853,218
5HKOA,218,41,0.3369775116443634,1.3724645376205444,0.24552729954581173,218
5HKOA,218,42,0.4034453332424164,1.3724645376205444,0.2939568361757992,218
5HKOA,218,43,0.3384435474872589,1.3724645376205444,0.24659547712177823,218
5HKOA,218,44,0.5574743151664734,1.3724645376205444,0.4061848593428667,218
5HKOA,218,45,1.2210136651992798,1.3724645376205444,0.8896504293773327,218
5HKOA,218,46,1.2717219591140747,1.3724645376205444,0.926597317639166,218
5HKOA,218,47,1.2897635698318481,1.3724645376205444,0.939742728848881,218
5HKOA,218,48,1.2955693006515503,1.3724645376205444,0.9439728788167393,218
5HKOA,218,49,1.2973473072052002,1.3724645376205444,0.9452683633301188,218
5HKOA,218,50,1.3081324100494385,1.3724645376205444,0.9531265647980681,218
5HKOA,218,51,1.315481424331665,1.3724645376205444,0.9584811762148174,218
5HKOA,218,52,1.323041558265686,1.3724645376205444,0.9639896128459949,218
5HKOA,218,53,1.3248937129974365,1.3724645376205444,0.9653391229287557,218
5HKOA,218,54,1.3351844549179077,1.3724645376205444,0.9728371249815536,218
5HKOA,218,55,1.3379331827163696,1.3724645376205444,0.9748398927931193,218
5HKOA,218,56,1.3295477628707886,1.3724645376205444,0.968730139414632,218
5HKOA,218,57,1.3233715295791626,1.3724645376205444,0.9642300353155245,218
5HKOA,218,58,1.3302114009857178,1.3724645376205444,0.9692136769463775,218
5HKOA,218,59,1.3309326171875,1.3724645376205444,0.9697391668093307,218
5HKOA,218,60,1.3375061750411987,1.3724645376205444,0.9745287680511197,218
5HKOA,218,61,1.3475197553634644,1.3724645376205444,0.9818248256524521,218
5HKOA,218,62,1.359275221824646,1.3724645376205444,0.990390049845102,218
5HKOA,218,63,1.3682758808135986,1.3724645376205444,0.9969480764769283,218
5HKOA,218,64,1.3744786977767944,1.3724645376205444,1.0014675498718109,218
5HKOA,218,65,1.3818079233169556,1.3724645376205444,1.0068077428890148,218
5HKOA,218,66,1.3840848207473755,1.3724645376205444,1.008466727415032,218
5HKOA,218,67,1.3896145820617676,1.3724645376205444,1.0124958015097107,218
5HKOA,218,68,1.3852537870407104,1.3724645376205444,1.009318455282159,218
5HKOA,218,69,1.3858639001846313,1.3724645376205444,1.0097629936488688,218
5HKOA,218,70,1.3886395692825317,1.3724645376205444,1.0117853913296952,218
5HKOA,218,71,1.3888520002365112,1.3724645376205444,1.0119401719802377,218
5HKOA,218,72,1.3925877809524536,1.3724645376205444,1.0146621226125063,218
5HKOA,218,73,1.3907123804092407,1.3724645376205444,1.013295675253171,218
5HKOA,218,74,1.395958662033081,1.3724645376205444,1.017118201431469,218
5HKOA,218,75,1.3941290378570557,1.3724645376205444,1.0157851074783113,218
5HKOA,218,76,1.3987791538238525,1.3724645376205444,1.0191732576558445,218
5HKOA,218,77,1.3968360424041748,1.3724645376205444,1.0177574750498717,218
5HKOA,218,78,1.3961282968521118,1.3724645376205444,1.0172418001215489,218
5HKOA,218,79,1.3929718732833862,1.3724645376205444,1.0149419785362146,218
5HKOA,218,80,1.389861822128296,1.3724645376205444,1.0126759446462008,218
2FVYA,206,0,1.0529673099517822,1.327094554901123,0.7934380455884208,206
2FVYA,206,1,0.9259443283081055,1.327094554901123,0.6977229504020489,205
2FVYA,206,2,0.7706143260002136,1.327094554901123,0.5806777845287967,204
2FVYA,206,3,0.5100727081298828,1.327094554901123,0.3843529507721373,204
2FVYA,206,4,0.30197733640670776,1.327094554901123,0.22754771714755997,204
2FVYA,206,5,0.21479062736034393,1.327094554901123,0.16185028155461553,211
2FVYA,206,6,0.13769309222698212,1.327094554901123,0.10375529891104189,211
2FVYA,206,7,0.10204514861106873,1.327094554901123,0.07689365330767388,202
2FVYA,206,8,0.02908771112561226,1.327094554901123,0.021918341099500235,202
2FVYA,206,9,-0.07103681564331055,1.327094554901123,-0.053528074078039785,197
2FVYA,206,10,-0.05465427041053772,1.327094554901123,-0.0411834034045975,207
2FVYA,206,11,-0.039226073771715164,1.327094554901123,-0.029557859028844977,207
2FVYA,206,12,-0.00313511467538774,1.327094554901123,-0.0023623898265646382,194
2FVYA,206,13,0.05028240382671356,1.327094554901123,0.03788908909392663,194
2FVYA,206,14,0.020129341632127762,1.327094554901123,0.015167978466784927,194
2FVYA,206,15,0.023286566138267517,1.327094554901123,0.017547028621485463,194
2FVYA,206,16,-0.0031250459142029285,1.327094554901123,-0.0023548027551328204,194
2FVYA,206,17,-0.02230081334710121,1.327094554901123,-0.016804238450637575,194
2FVYA,206,18,-0.0536232553422451,1.327094554901123,-0.04040650693969607,194
2FVYA,206,19,-0.05614602193236351,1.327094554901123,-0.04230747667904247,194
2FVYA,206,20,-0.06390948593616486,1.327094554901123,-0.04815744718425623,271
2FVYA,206,21,-0.06363515555858612,1.327094554901123,-0.047950732164165455,271
2FVYA,206,22,-0.06258079409599304,1.327094554901123,-0.04715624358857814,272
2FVYA,206,23,-0.08134540170431137,1.327094554901123,-0.061295859744049754,271
2FVYA,206,24,-0.12364297360181808,1.327094554901123,-0.09316817188736809,308
2FVYA,206,25,-0.16429930925369263,1.327094554901123,-0.12380377015858826,308
2FVYA,206,26,-0.20135720074176788,1.327094554901123,-0.15172784787499205,308
2FVYA,206,27,-0.23973627388477325,1.327094554901123,-0.1806474700686532,209
2FVYA,206,28,-0.266891211271286,1.327094554901123,-0.20110941627001935,308
2FVYA,206,29,-0.27929043769836426,1.327094554901123,-0.2104525534121969,194
2FVYA,206,30,-0.24417774379253387,1.327094554901123,-0.18399423228040196,308
2FVYA,206,31,-0.2655892074108124,1.327094554901123,-0.2001283227558721,182
2FVYA,206,32,-0.26338377594947815,1.327094554901123,-0.19846647322662092,194
2FVYA,206,33,-0.2856590151786804,1.327094554901123,-0.21525144091934265,194
2FVYA,206,34,-0.29580429196357727,1.327094554901123,-0.22289616883072552,194
2FVYA,206,35,-0.28865841031074524,1.327094554901123,-0.2175115625670336,194
2FVYA,206,36,-0.26178139448165894,1.327094554901123,-0.19725903743246337,194
2FVYA,206,37,-0.14005069434642792,1.327094554901123,-0.10553181295877036,194
2FVYA,206,38,-0.056966353207826614,1.327094554901123,-0.04292561746820743,194
2FVYA,206,39,0.3809179663658142,1.327094554901123,0.2870315193134034,206
2FVYA,206,40,0.9055182337760925,1.327094554901123,0.6823313609658803,206
2FVYA,206,41,1.063104510307312,1.327094554901123,0.8010766877018194,206
2FVYA,206,42,1.1258187294006348,1.327094554901123,0.8483334704696421,206
2FVYA,206,43,1.1721800565719604,1.327094554901123,0.8832679270990569,206
2FVYA,206,44,1.2029547691345215,1.327094554901123,0.9064574673235316,206
2FVYA,206,45,1.2328743934631348,1.327094554901123,0.9290026764935312,206
2FVYA,206,46,1.2421884536743164,1.327094554901123,0.9360210612625619,206
2FVYA,206,47,1.2698301076889038,1.327094554901123,0.9568497610055481,206
2FVYA,206,48,1.2712726593017578,1.327094554901123,0.9579367608787119,206
2FVYA,206,49,1.2979583740234375,1.327094554901123,0.9780451356912874,206
2FVYA,206,50,1.2982500791549683,1.327094554901123,0.9782649430369309,206
2FVYA,206,51,1.3109796047210693,1.327094554901123,0.9878569691055251,206
2FVYA,206,52,1.3198745250701904,1.327094554901123,0.9945595211703129,206
2FVYA,206,53,1.326196312904358,1.327094554901123,0.9993231514714247,206
2FVYA,206,54,1.3294609785079956,1.327094554901123,1.001783161266191,206
2FVYA,206,55,1.3444074392318726,1.327094554901123,1.0130457051962205,206
2FVYA,206,56,1.3464124202728271,1.327094554901123,1.014556510160004,206
2FVYA,206,57,1.3461419343948364,1.327094554901123,1.014352692069581,206
2FVYA,206,58,1.3464066982269287,1.327094554901123,1.014552198450731,206
2FVYA,206,59,1.3475583791732788,1.327094554901123,1.015420019769187,206
2FVYA,206,60,1.3560004234313965,1.327094554901123,1.0217813180104767,206
2FVYA,206,61,1.361689567565918,1.327094554901123,1.026068234955099,206
2FVYA,206,62,1.3607330322265625,1.327094554901123,1.0253474608883055,206
2FVYA,206,63,1.357820749282837,1.327094554901123,1.0231529805229314,206
2FVYA,206,64,1.3566817045211792,1.327094554901123,1.0222946808957865,206
2FVYA,206,65,1.3557528257369995,1.327094554901123,1.0215947467571456,206
2FVYA,206,66,1.3560880422592163,1.327094554901123,1.0218473410587186,206
2FVYA,206,67,1.36201012134552,1.327094554901123,1.02630978050166,206
2FVYA,206,68,1.3665857315063477,1.327094554901123,1.0297576208563126,206
2FVYA,206,69,1.376918077468872,1.327094554901123,1.037543310221374,206
2FVYA,206,70,1.378639817237854,1.327094554901123,1.0388406855761467,206
2FVYA,206,71,1.3802495002746582,1.327094554901123,1.0400536232909912,206
2FVYA,206,72,1.3770122528076172,1.327094554901123,1.0376142737698244,206
2FVYA,206,73,1.3837456703186035,1.327094554901123,1.0426880776567584,206
2FVYA,206,74,1.3787052631378174,1.327094554901123,1.038890000750956,206
2FVYA,206,75,1.3814743757247925,1.327094554901123,1.0409765985572301,206
2FVYA,206,76,1.3836379051208496,1.327094554901123,1.0426068737987848,206
2FVYA,206,77,1.3825578689575195,1.327094554901123,1.041793038673517,206
2FVYA,206,78,1.3855828046798706,1.327094554901123,1.0440724058152022,206
2FVYA,206,79,1.383524775505066,1.327094554901123,1.0425216277133675,206
2FVYA,206,80,1.3775149583816528,1.327094554901123,1.0379930753949076,206
4RY0A,189,0,1.0417357683181763,1.3238106966018677,0.7869220055346594,189
4RY0A,189,1,0.9702425599098206,1.3238106966018677,0.7329163923515405,189
4RY0A,189,2,0.801296591758728,1.3238106966018677,0.6052954503356123,188
4RY0A,189,3,0.7304601669311523,1.3238106966018677,0.5517859681948439,192
4RY0A,189,4,0.28714144229888916,1.3238106966018677,0.21690521389195735,185
4RY0A,189,5,0.11776486784219742,1.3238106966018677,0.08895899401968262,185
4RY0A,189,6,0.08582398295402527,1.3238106966018677,0.06483100882500015,185
4RY0A,189,7,0.10395356267690659,1.3238106966018677,0.07852600295778568,185
4RY0A,189,8,0.047191716730594635,1.3238106966018677,0.03564838753133856,185
4RY0A,189,9,0.03523731976747513,1.3238106966018677,0.0266180956672483,190
4RY0A,189,10,0.0013590946327894926,1.3238106966018677,0.001026653309478611,190
4RY0A,189,11,-0.026569264009594917,1.3238106966018677,-0.020070289564660882,190
4RY0A,189,12,-0.04030175507068634,1.3238106966018677,-0.030443744845194416,190
4RY0A,189,13,-0.08792976289987564,1.3238106966018677,-0.06642170449716518,201
4RY0A,189,14,-0.09258835017681122,1.3238106966018677,-0.0699407780995268,180
4RY0A,189,15,-0.08081960678100586,1.3238106966018677,-0.06105072801456002,180
4RY0A,189,16,-0.0816776305437088,1.3238106966018677,-0.06169887488699838,288
4RY0A,189,17,-0.06705933064222336,1.3238106966018677,-0.050656284024868596,288
4RY0A,189,18,-0.07377859950065613,1.3238106966018677,-0.05573198621981284,288
4RY0A,189,19,-0.08030760288238525,1.3238106966018677,-0.06066396282227469,288
4RY0A,189,20,-0.10159201174974442,1.3238106966018677,-0.0767420991615525,288
4RY0A,189,21,-0.11334681510925293,1.3238106966018677,-0.08562161901260242,288
4RY0A,189,22,-0.14263665676116943,1.3238106966018677,-0.107747019364104,288
4RY0A,189,23,-0.18133506178855896,1.3238106966018677,-0.13697960158052339,201
4RY0A,189,24,-0.19538867473602295,1.3238106966018677,-0.1475956307329835,201
4RY0A,189,25,-0.22104422748088837,1.3238106966018677,-0.16697570736382017,213
4RY0A,189,26,-0.25492027401924133,1.3238106966018677,-0.19256550402078212,213
4RY0A,189,27,-0.2888162136077881,1.3238106966018677,-0.21817032778867834,213
4RY0A,189,28,-0.3063700199127197,1.3238106966018677,-0.2314303855522174,213
4RY0A,189,29,-0.3285854756832123,1.3238106966018677,-0.24821183008013828,213
4RY0A,189,30,-0.33627089858055115,1.3238106966018677,-0.2540173602190523,213
4RY0A,189,31,-0.34489840269088745,1.3238106966018677,-0.2605345338092661,213
4RY0A,189,32,-0.12550169229507446,1.3238106966018677,-0.09480335263737391,213
4RY0A,189,33,0.7328759431838989,1.3238106966018677,0.5536108335316687,189
4RY0A,189,34,0.7445569038391113,1.3238106966018677,0.5624345729720559,189
4RY0A,189,35,0.19909408688545227,1.3238106966018677,0.15039468059633698,189
4RY0A,189,36,1.1804291009902954,1.3238106966018677,0.8916902575423941,189
4RY0A,189,37,1.1898239850997925,1.3238106966018677,0.8987871061579953,189
4RY0A,189,38,1.1874891519546509,1.3238106966018677,0.8970233848410918,189
4RY0A,189,39,1.221781611442566,1.3238106966018677,0.9229277377640145,189
4RY0A,189,40,1.2309472560882568,1.3238106966018677,0.9298514200315914,189
4RY0A,189,41,1.2365155220031738,1.3238106966018677,0.9340576603416375,189
4RY0A,189,42,1.2474303245544434,1.3238106966018677,0.9423026477701929,189
4RY0A,189,43,1.2499096393585205,1.3238106966018677,0.9441755098119042,189
4RY0A,189,44,1.2599905729293823,1.3238106966018677,0.9517905967701369,189
4RY0A,189,45,1.2682390213012695,1.3238106966018677,0.9580214335454104,189
4RY0A,189,46,1.2614357471466064,1.3238106966018677,0.9528822741685247,189
4RY0A,189,47,1.2596611976623535,1.3238106966018677,0.9515417883356121,189
4RY0A,189,48,1.2630281448364258,1.3238106966018677,0.9540851634440887,189
4RY0A,189,49,1.2689220905303955,1.3238106966018677,0.9585374206354673,189
4RY0A,189,50,1.286407709121704,1.3238106966018677,0.9717459697401037,189
4RY0A,189,51,1.285587191581726,1.3238106966018677,0.9711261548813144,189
4RY0A,189,52,1.298741340637207,1.3238106966018677,0.9810627334942889,189
4RY0A,189,53,1.304135799407959,1.3238106966018677,0.9851376807541948,189
4RY0A,189,54,1.3179863691329956,1.3238106966018677,0.9956003320687598,189
4RY0A,189,55,1.3349519968032837,1.3238106966018677,1.0084160826242112,189
4RY0A,189,56,1.3363016843795776,1.3238106966018677,1.0094356298901146,189
4RY0A,189,57,1.3294109106063843,1.3238106966018677,1.004230373737644,189
4RY0A,189,58,1.33452308177948,1.3238106966018677,1.0080920823537007,189
4RY0A,189,59,1.3383675813674927,1.3238106966018677,1.0109961981747024,189
4RY0A,189,60,1.3408162593841553,1.3238106966018677,1.0128459173399487,189
4RY0A,189,61,1.3447860479354858,1.3238106966018677,1.015844675819179,189
4RY0A,189,62,1.342594861984253,1.3238106966018677,1.0141894648763625,189
4RY0A,189,63,1.3544201850891113,1.3238106966018677,1.0231222549914547,189
4RY0A,189,64,1.3598443269729614,1.3238106966018677,1.0272196247270018,189
4RY0A,189,65,1.3550751209259033,1.3238106966018677,1.0236169902572092,189
4RY0A,189,66,1.358033537864685,1.3238106966018677,1.0258517636627844,189
4RY0A,189,67,1.3628166913986206,1.3238106966018677,1.0294649339946254,189
4RY0A,189,68,1.3562679290771484,1.3238106966018677,1.024518031587595,189
4RY0A,189,69,1.3594764471054077,1.3238106966018677,1.0269417301092154,189
4RY0A,189,70,1.368498682975769,1.3238106966018677,1.0337570821029112,189
4RY0A,189,71,1.3587324619293213,1.3238106966018677,1.0263797274165374,189
4RY0A,189,72,1.3616644144058228,1.3238106966018677,1.0285945096992515,189
4RY0A,189,73,1.3634902238845825,1.3238106966018677,1.0299737170764443,189
4RY0A,189,74,1.358314037322998,1.3238106966018677,1.0260636515550887,189
4RY0A,189,75,1.355186104774475,1.3238106966018677,1.0237008269030805,189
4RY0A,189,76,1.352797508239746,1.3238106966018677,1.0218964929897345,189
4RY0A,189,77,1.360176682472229,1.3238106966018677,1.027470684414101,189
4RY0A,189,78,1.3538259267807007,1.3238106966018677,1.0226733552281153,189
4RY0A,189,79,1.3453588485717773,1.3238106966018677,1.0162773665639826,189
4RY0A,189,80,1.3527992963790894,1.3238106966018677,1.0218978437412791,189
4WT7A,221,0,0.9408143758773804,1.0920943021774292,0.8614772314090228,221
4WT7A,221,1,0.8655705451965332,1.0920943021774292,0.7925785744607855,221
4WT7A,221,2,0.7185274958610535,1.0920943021774292,0.6579353947991906,219
4WT7A,221,3,0.6240875720977783,1.0920943021774292,0.5714594159620336,222
4WT7A,221,4,0.5277313590049744,1.0920943021774292,0.483228744947005,222
4WT7A,221,5,0.5086642503738403,1.0920943021774292,0.4657695304880358,216
4WT7A,221,6,0.4322739839553833,1.0920943021774292,0.3958211146175846,222
4WT7A,221,7,0.3540945053100586,1.0920943021774292,0.3242343674937789,214
4WT7A,221,8,0.3086853623390198,1.0920943021774292,0.28265449396042047,222
4WT7A,221,9,0.29014185070991516,1.0920943021774292,0.265674722532136,222
4WT7A,221,10,0.24978099763393402,1.0920943021774292,0.22871742589986782,222
4WT7A,221,11,0.2287006378173828,1.0920943021774292,0.2094147340219586,222
4WT7A,221,12,0.2907532751560211,1.0920943021774292,0.2662345866802108,222
4WT7A,221,13,0.31326061487197876,1.0920943021774292,0.2868439238693915,222
4WT7A,221,14,0.16228249669075012,1.0920943021774292,0.14859751247414216,222
4WT7A,221,15,0.11001121997833252,1.0920943021774292,0.1007341763060122,222
4WT7A,221,16,0.06378725916147232,1.0920943021774292,0.05840819701585532,222
4WT7A,221,17,0.02493349276483059,1.0920943021774292,0.02283089721750029,222
4WT7A,221,18,0.050852220505476,1.0920943021774292,0.04656394635892368,222
4WT7A,221,19,0.052281953394412994,1.0920943021774292,0.047873112505186305,222
4WT7A,221,20,0.012406510300934315,1.0920943021774292,0.011360292125137988,222
4WT7A,221,21,-0.015932239592075348,1.0920943021774292,-0.014588703155313127,222
4WT7A,221,22,-0.04359123110771179,1.0920943021774292,-0.039915262831056925,222
4WT7A,221,23,-0.05930681899189949,1.0920943021774292,-0.054305584118196505,222
4WT7A,221,24,-0.1138233169913292,1.0920943021774292,-0.10422480619520408,222
4WT7A,221,25,-0.14024384319782257,1.0920943021774292,-0.12841733806156017,222
4WT7A,221,26,-0.20916086435317993,1.0920943021774292,-0.1915227136852127,222
4WT7A,221,27,-0.2713240683078766,1.0920943021774292,-0.2484438090803219,222
4WT7A,221,28,-0.2971217632293701,1.0920943021774292,-0.2720660318774355,222
4WT7A,221,29,-0.32636213302612305,1.0920943021774292,-0.29884061511484744,222
4WT7A,221,30,-0.3516538143157959,1.0920943021774292,-0.32199949547824286,268
4WT7A,221,31,-0.35638055205345154,1.0920943021774292,-0.32632763612345217,268
4WT7A,221,32,-0.3763817250728607,1.0920943021774292,-0.34464214704025725,224
4WT7A,221,33,-0.4093736410140991,1.0920943021774292,-0.37485191544162955,224
4WT7A,221,34,-0.36439675092697144,1.0920943021774292,-0.33366784370217234,224
4WT7A,221,35,-0.3597070276737213,1.0920943021774292,-0.32937359617803486,224
4WT7A,221,36,-0.3327454626560211,1.0920943021774292,-0.30468565030747774,224
4WT7A,221,37,-0.33107104897499084,1.0920943021774292,-0.3031524368499111,224
4WT7A,221,38,-0.2802055776119232,1.0920943021774292,-0.25657635705382437,224
4WT7A,221,39,-0.30844780802726746,1.0920943021774292,-0.28243697216648866,224
4WT7A,221,40,-0.2888380289077759,1.0920943021774292,-0.2644808496224983,224
4WT7A,221,41,-0.27310022711753845,1.0920943021774292,-0.25007018768711486,320
4WT7A,221,42,-0.19161444902420044,1.0920943021774292,-0.1754559552615168,225
4WT7A,221,43,-0.29129642248153687,1.0920943021774292,-0.2667319313915904,225
4WT7A,221,44,-0.3428361713886261,1.0920943021774292,-0.3139254281476203,225
4WT7A,221,45,-0.36003974080085754,1.0920943021774292,-0.3296782522196174,225
4WT7A,221,46,-0.3201823830604553,1.0920943021774292,-0.2931819920881121,225
4WT7A,221,47,-0.26842981576919556,1.0920943021774292,-0.24579362353049306,225
4WT7A,221,48,-0.20034492015838623,1.0920943021774292,-0.183450201835992,225
4WT7A,221,49,-0.07945617288351059,1.0920943021774292,-0.07275578008702181,225
4WT7A,221,50,0.07032663375139236,1.0920943021774292,0.0643961181842762,225
4WT7A,221,51,0.34385135769844055,1.0920943021774292,0.3148550056646812,221
4WT7A,221,52,0.4128687381744385,1.0920943021774292,0.37805227749220593,221
4WT7A,221,53,0.3806981146335602,1.0920943021774292,0.348594543414905,221
4WT7A,221,54,0.5236600637435913,1.0920943021774292,0.47950077452058154,221
4WT7A,221,55,0.6198949217796326,1.0920943021774292,0.567620324127394,221
4WT7A,221,56,0.6832630038261414,1.0920943021774292,0.6256446924627702,221
4WT7A,221,57,0.8082894086837769,1.0920943021774292,0.7401278507471386,221
4WT7A,221,58,0.7972012758255005,1.0920943021774292,0.729974759721786,221
4WT7A,221,59,0.952768087387085,1.0920943021774292,0.8724229084314842,221
4WT7A,221,60,1.090306282043457,1.0920943021774292,0.9983627603125416,221
4WT7A,221,61,1.1122024059295654,1.0920943021774292,1.018412424377679,221
4WT7A,221,62,1.1235414743423462,1.0920943021774292,1.0287952900241466,221
4WT7A,221,63,1.1398347616195679,1.0920943021774292,1.0437145943779336,221
4WT7A,221,64,1.158801555633545,1.0920943021774292,1.0610819535667515,221
4WT7A,221,65,1.153950572013855,1.0920943021774292,1.0566400444660284,221
4WT7A,221,66,1.1539632081985474,1.0920943021774292,1.0566516150645262,221
4WT7A,221,67,1.1672875881195068,1.0920943021774292,1.0688523745542455,221
4WT7A,221,68,1.1641634702682495,1.0920943021774292,1.065991707810514,221
4WT7A,221,69,1.1743526458740234,1.0920943021774292,1.075321648993669,221
4WT7A,221,70,1.1848223209381104,1.0920943021774292,1.08490843563216,221
4WT7A,221,71,1.1981375217437744,1.0920943021774292,1.0971007900644798,221
4WT7A,221,72,1.1870129108428955,1.0920943021774292,1.0869142971227088,221
4WT7A,221,73,1.1910545825958252,1.0920943021774292,1.0906151421366157,221
4WT7A,221,74,1.1918474435806274,1.0920943021774292,1.0913411426140667,221
4WT7A,221,75,1.1755119562149048,1.0920943021774292,1.0763831968275601,221
4WT7A,221,76,1.182460069656372,1.0920943021774292,1.082745388652583,221
4WT7A,221,77,1.1739616394042969,1.0920943021774292,1.0749636153797706,221
4WT7A,221,78,1.1690092086791992,1.0920943021774292,1.070428814021295,221
4WT7A,221,79,1.1682583093643188,1.0920943021774292,1.0697412366633843,221
4WT7A,221,80,1.1484663486480713,1.0920943021774292,1.051618295561333,221
4PE6A,209,0,1.0585874319076538,1.113210916519165,0.9509315945424698,209
4PE6A,209,1,1.025872826576233,1.113210916519165,0.9215439871753822,136
4PE6A,209,2,0.982657790184021,1.113210916519165,0.8827238177439338,207
4PE6A,209,3,0.7686975002288818,1.113210916519165,0.6905227830791291,207
4PE6A,209,4,0.7452917098999023,1.113210916519165,0.6694973062520012,206
4PE6A,209,5,0.6370189189910889,1.113210916519165,0.572235602021355,214
4PE6A,209,6,0.45091766119003296,1.113210916519165,0.4050604018508742,214
4PE6A,209,7,0.26355254650115967,1.113210916519165,0.23674987604797024,214
4PE6A,209,8,0.09732696413993835,1.113210916519165,0.08742904214797356,214
4PE6A,209,9,0.05352015420794487,1.113210916519165,0.048077281145691556,212
4PE6A,209,10,0.06692646443843842,1.113210916519165,0.060120201343072444,212
4PE6A,209,11,0.07929184287786484,1.113210916519165,0.07122805004984853,198
4PE6A,209,12,0.11529301106929779,1.113210916519165,0.10356798460960197,198
4PE6A,209,13,0.15596920251846313,1.113210916519165,0.1401075036221835,198
4PE6A,209,14,0.0679817870259285,1.113210916519165,0.061068200120150476,198
4PE6A,209,15,0.0321040116250515,1.113210916519165,0.028839109596082366,194
4PE6A,209,16,-0.0002889938186854124,1.113210916519165,-0.00025960383104133624,194
4PE6A,209,17,0.0060965148732066154,1.113210916519165,0.005476513734045526,192
4PE6A,209,18,0.030140534043312073,1.113210916519165,0.027075313039111017,192
4PE6A,209,19,0.006626174785196781,1.113210916519165,0.00595230848608257,212
4PE6A,209,20,0.0011911112815141678,1.113210916519165,0.0010699780821756446,212
4PE6A,209,21,-0.007892560213804245,1.113210916519165,-0.0070899055126795165,212
4PE6A,209,22,-0.012235002592206001,1.113210916519165,-0.010990731774768185,187
4PE6A,209,23,-0.014883123338222504,1.113210916519165,-0.01336954490597315,187
4PE6A,209,24,-0.014695154502987862,1.113210916519165,-0.013200692056575668,187
4PE6A,209,25,-0.026628978550434113,1.113210916519165,-0.0239208744320427,340
4PE6A,209,26,-0.03990119323134422,1.113210916519165,-0.035843336279982735,340
4PE6A,209,27,-0.04513568803668022,1.113210916519165,-0.0405454953476493,340
4PE6A,209,28,-0.08762223273515701,1.113210916519165,-0.07871125896711283,340
4PE6A,209,29,-0.1360989809036255,1.113210916519165,-0.12225803653559698,340
4PE6A,209,30,-0.13885794579982758,1.113210916519165,-0.12473642122915438,224
4PE6A,209,31,-0.1650979369878769,1.113210916519165,-0.14830786739328078,340
4PE6A,209,32,-0.1829414814710617,1.113210916519165,-0.16433676561768804,340
4PE6A,209,33,-0.19285838305950165,1.113210916519165,-0.17324514177649228,340
4PE6A,209,34,-0.20414182543754578,1.113210916519165,-0.18338108475962944,340
4PE6A,209,35,-0.22450043261051178,1.113210916519165,-0.20166926974852997,340
4PE6A,209,36,-0.2466859519481659,1.113210916519165,-0.22159857425717128,340
4PE6A,209,37,-0.2594588100910187,1.113210916519165,-0.2330724629455714,340
4PE6A,209,38,-0.2554428279399872,1.113210916519165,-0.2294648966780856,340
4PE6A,209,39,-0.23184017837047577,1.113210916519165,-0.20826258072944834,340
4PE6A,209,40,-0.22913266718387604,1.113210916519165,-0.20583041702495852,340
4PE6A,209,41,-0.24455878138542175,1.113210916519165,-0.21968773190809024,247
4PE6A,209,42,-0.25796353816986084,1.113210916519165,-0.2317292566412052,234
4PE6A,209,43,-0.26046472787857056,1.113210916519165,-0.23397608127398056,233
4PE6A,209,44,-0.15590952336788177,1.113210916519165,-0.1400538937000243,212
4PE6A,209,45,-0.20502284169197083,1.113210916519165,-0.1841725037453324,233
4PE6A,209,46,-0.2418254166841507,1.113210916519165,-0.21723234393020563,233
4PE6A,209,47,-0.24589048326015472,1.113210916519165,-0.22088400285277068,233
4PE6A,209,48,-0.27971595525741577,1.113210916519165,-0.25126950437392714,233
4PE6A,209,49,-0.2747626006603241,1.113210916519165,-0.24681989422046222,233
4PE6A,209,50,-0.29673856496810913,1.113210916519165,-0.2665609549499962,233
4PE6A,209,51,-0.32114145159721375,1.113210916519165,-0.2884821257425075,233
4PE6A,209,52,-0.3361976444721222,1.113210916519165,-0.30200713942274227,233
4PE6A,209,53,-0.2380516231060028,1.113210916519165,-0.21384233623072318,233
4PE6A,209,54,-0.15342414379119873,1.113210916519165,-0.1378212713462529,233
4PE6A,209,55,-0.07420223951339722,1.113210916519165,-0.06665604730630555,233
4PE6A,209,56,0.13863883912563324,1.113210916519165,0.12453959718535192,209
4PE6A,209,57,0.0107128219678998,1.113210916519165,0.009623353318701818,209
4PE6A,209,58,0.047273822128772736,1.113210916519165,0.04246618626108206,209
4PE6A,209,59,0.13324622809886932,1.113210916519165,0.11969540194189729,209
4PE6A,209,60,0.3024078905582428,1.113210916519165,0.27165372354039125,209
4PE6A,209,61,0.4387357234954834,1.113210916519165,0.3941173383992144,209
4PE6A,209,62,0.5564689040184021,1.113210916519165,0.4998773330020807,209
4PE6A,209,63,0.6938902139663696,1.113210916519165,0.6233232208466433,209
4PE6A,209,64,0.7552922964096069,1.113210916519165,0.6784808567735635,209
4PE6A,209,65,0.7941133379936218,1.113210916519165,0.7133538902732728,209
4PE6A,209,66,0.8234440684318542,1.113210916519165,0.7397017548180662,209
4PE6A,209,67,0.8694784045219421,1.113210916519165,0.7810545078381588,209
4PE6A,209,68,0.8752679824829102,1.113210916519165,0.7862552994177735,209
4PE6A,209,69,0.9043689966201782,1.113210916519165,0.8123968092659363,209
4PE6A,209,70,0.9196171164512634,1.113210916519165,0.8260942313849752,209
4PE6A,209,71,0.9491948485374451,1.113210916519165,0.8526639780944906,209
4PE6A,209,72,0.9521252512931824,1.113210916519165,0.8552963658228648,209
4PE6A,209,73,0.9486849308013916,1.113210916519165,0.8522059177858045,209
4PE6A,209,74,0.9688736200332642,1.113210916519165,0.8703414650862202,209
4PE6A,209,75,0.9866604804992676,1.113210916519165,0.8863194439238876,209
4PE6A,209,76,0.9981620907783508,1.113210916519165,0.8966513676486808,209
4PE6A,209,77,1.0110325813293457,1.113210916519165,0.9082129597602987,209
4PE6A,209,78,1.0133771896362305,1.113210916519165,0.9103191269493666,209
4PE6A,209,79,1.0157732963562012,1.113210916519165,0.912471555284747,209
4PE6A,209,80,1.0201823711395264,1.113210916519165,0.9164322375938208,209
3D02A,192,0,1.0513951778411865,1.0302579402923584,1.0205164519701055,192
3D02A,192,1,0.9799463748931885,1.0302579402923584,0.9511660493634313,192
3D02A,192,2,0.7278309464454651,1.0302579402923584,0.7064550710853313,190
3D02A,192,3,0.5432385206222534,1.0302579402923584,0.5272839930436232,189
3D02A,192,4,0.31517264246940613,1.0302579402923584,0.3059162469351791,188
3D02A,192,5,0.20653167366981506,1.0302579402923584,0.20046598583963074,188
3D02A,192,6,0.19391147792339325,1.0302579402923584,0.18821643623379072,188
3D02A,192,7,0.10325151681900024,1.0302579402923584,0.10021909347255344,188
3D02A,192,8,0.1424478441476822,1.0302579402923584,0.13826425264653575,184
3D02A,192,9,0.13711413741111755,1.0302579402923584,0.13308719306954178,189
3D02A,192,10,0.13191059231758118,1.0302579402923584,0.12803647238103172,199
3D02A,192,11,0.058516960591077805,1.0302579402923584,0.056798359228828005,184
3D02A,192,12,0.06690864264965057,1.0302579402923584,0.06494358357545274,199
3D02A,192,13,0.06208508461713791,1.0302579402923584,0.06026168999922475,201
3D02A,192,14,0.03868952393531799,1.0302579402923584,0.03755324023451737,201
3D02A,192,15,0.01738356612622738,1.0302579402923584,0.016873023197758037,177
3D02A,192,16,0.018486740067601204,1.0302579402923584,0.01794379770793631,201
3D02A,192,17,0.012051502242684364,1.0302579402923584,0.011697558224365138,201
3D02A,192,18,-0.008915277197957039,1.0302579402923584,-0.008653441870515585,201
3D02A,192,19,-0.03284071013331413,1.0302579402923584,-0.03187620191890475,201
3D02A,192,20,-0.03078615851700306,1.0302579402923584,-0.029881991016994063,201
3D02A,192,21,-0.05108938366174698,1.0302579402923584,-0.049588924931992504,302
3D02A,192,22,-0.08625349402427673,1.0302579402923584,-0.08372029047385979,302
3D02A,192,23,-0.14458250999450684,1.0302579402923584,-0.1403362248811966,302
3D02A,192,24,-0.15699662268161774,1.0302579402923584,-0.1523857439400724,302
3D02A,192,25,-0.15039275586605072,1.0302579402923584,-0.1459758279789365,302
3D02A,192,26,-0.2177692949771881,1.0302579402923584,-0.2113735662307939,302
3D02A,192,27,-0.22928214073181152,1.0302579402923584,-0.2225482879236511,302
3D02A,192,28,-0.26867738366127014,1.0302579402923584,-0.2607865206892043,302
3D02A,192,29,-0.2809250056743622,1.0302579402923584,-0.2726744387863136,302
3D02A,192,30,-0.2924758791923523,1.0302579402923584,-0.2838860713942722,302
3D02A,192,31,-0.3408888876438141,1.0302579402923584,-0.3308772243454676,302
3D02A,192,32,-0.3205330967903137,1.0302579402923584,-0.31111926853905675,302
3D02A,192,33,-0.32407429814338684,1.0302579402923584,-0.3145564673361543,302
3D02A,192,34,-0.29138585925102234,1.0302579402923584,-0.28282806456054604,302
3D02A,192,35,-0.24692277610301971,1.0302579402923584,-0.23967083042616485,302
3D02A,192,36,-0.2278803288936615,1.0302579402923584,-0.22118764629855261,302
3D02A,192,37,-0.22358091175556183,1.0302579402923584,-0.21701449997280858,220
3D02A,192,38,-0.3220098316669464,1.0302579402923584,-0.3125526327664789,220
3D02A,192,39,-0.10482915490865707,1.0302579402923584,-0.10175039745765947,211
3D02A,192,40,-0.13085946440696716,1.0302579402923584,-0.1270162153468411,302
3D02A,192,41,-0.12401192635297775,1.0302579402923584,-0.12036978459761896,302
3D02A,192,42,0.007817529141902924,1.0302579402923584,0.007587933891278263,302
3D02A,192,43,0.15485943853855133,1.0302579402923584,0.15031132736973282,192
3D02A,192,44,0.41929250955581665,1.0302579402923584,0.4069781878476308,192
3D02A,192,45,0.5278424620628357,1.0302579402923584,0.5123401057341511,192
3D02A,192,46,0.6313310265541077,1.0302579402923584,0.61278928495805,192
3D02A,192,47,0.7342629432678223,1.0302579402923584,0.7126981647522745,192
3D02A,192,48,0.7918916344642639,1.0302579402923584,0.7686343424245264,192
3D02A,192,49,0.7828288674354553,1.0302579402923584,0.7598377423942109,192
3D02A,192,50,0.8371441960334778,1.0302579402923584,0.8125578685624297,192
3D02A,192,51,0.8543364405632019,1.0302579402923584,0.8292451891424055,192
3D02A,192,52,0.8929093480110168,1.0302579402923584,0.8666852378324151,192
3D02A,192,53,0.8576030731201172,1.0302579402923584,0.832415883032897,192
3D02A,192,54,0.9068086743354797,1.0302579402923584,0.8801763508642824,192
3D02A,192,55,0.8894825577735901,1.0302579402923584,0.8633590899781659,192
3D02A,192,56,0.8648698329925537,1.0302579402923584,0.8394692233550055,192
3D02A,192,57,0.8872456550598145,1.0302579402923584,0.8611878835003581,192
3D02A,192,58,0.9036511778831482,1.0302579402923584,0.8771115878288861,192
3D02A,192,59,0.9215145707130432,1.0302579402923584,0.8944503455625328,192
3D02A,192,60,0.931735634803772,1.0302579402923584,0.9043712242968702,192
3D02A,192,61,0.9242841005325317,1.0302579402923584,0.8971385362681561,192
3D02A,192,62,0.9498841762542725,1.0302579402923584,0.9219867560396786,192
3D02A,192,63,0.9301832914352417,1.0302579402923584,0.902864472144987,192
3D02A,192,64,0.9352569580078125,1.0302579402923584,0.9077891287519829,192
3D02A,192,65,0.9515401721000671,1.0302579402923584,0.9235941164695578,192
3D02A,192,66,0.9259887337684631,1.0302579402923584,0.8987931056427417,192
3D02A,192,67,0.9402379393577576,1.0302579402923584,0.9126238222351816,192
3D02A,192,68,0.9451215267181396,1.0302579402923584,0.9173639821207693,192
3D02A,192,69,0.944592297077179,1.0302579402923584,0.9168502955765913,192
3D02A,192,70,0.9577733874320984,1.0302579402923584,0.9296442667166526,192
3D02A,192,71,0.9621615409851074,1.0302579402923584,0.9339035433321415,192
3D02A,192,72,0.9696048498153687,1.0302579402923584,0.9411282474952067,192
3D02A,192,73,0.9884214997291565,1.0302579402923584,0.9593922658326419,192
3D02A,192,74,1.0003039836883545,1.0302579402923584,0.9709257697198589,192
3D02A,192,75,1.0075271129608154,1.0302579402923584,0.9779367608415689,192
3D02A,192,76,1.018979549407959,1.0302579402923584,0.9890528474051858,192
3D02A,192,77,1.0234577655792236,1.0302579402923584,0.9933995415641202,192
3D02A,192,78,1.0152347087860107,1.0302579402923584,0.9854179900791791,192
3D02A,192,79,1.0188583135604858,1.0302579402923584,0.988935172168013,192
3D02A,192,80,1.0101417303085327,1.0302579402923584,0.980474588744138,192
