protein,source_pos,source_label,is_anchor,target_pos,baseline_logp,ablated_logp,delta,affected_threshold,affected_topk,seq_sep,direct_contact_8A,graph_distance,same_contact_component,shared_contact_partners,jaccard_overlap,same_sse_type,same_sse_segment,different_sse_same_type,different_sse_different_type,source_sse,target_sse,source_seg_id,target_seg_id,ev_score
1BRTA,220,anchor_top1,1,7,-2.239171266555786,-2.2571845054626465,0.01801323890686035,1,0,213,0,6,1,0,0.0,1,0,1,0,E,E,40,3,nan
1BRTA,220,anchor_top1,1,21,-1.9533331394195557,-1.9425642490386963,-0.010768890380859375,0,0,199,0,4,1,0,0.0,0,0,0,1,E,C,40,6,-0.7079456162458735
1BRTA,220,anchor_top1,1,35,-2.7211740016937256,-2.671250343322754,-0.04992365837097168,0,0,185,0,4,1,0,0.0,0,0,0,1,E,H,40,9,-1.4368148704113506
1BRTA,220,anchor_top1,1,50,-0.25827884674072266,-0.2466554194688797,-0.011623427271842957,0,0,170,0,3,1,0,0.0,0,0,0,1,E,C,40,10,0.00020886879532699965
1BRTA,220,anchor_top1,1,64,-0.35455986857414246,-0.35062435269355774,-0.003935515880584717,0,0,156,0,6,1,0,0.0,0,0,0,1,E,C,40,12,-1.321172316965498
1BRTA,220,anchor_top1,1,79,-0.08121496438980103,-0.08792169392108917,0.006706729531288147,0,0,141,0,3,1,0,0.0,0,0,0,1,E,H,40,13,-0.5347298724945784
1BRTA,220,anchor_top1,1,93,-0.1620151400566101,-0.16398046910762787,0.0019653290510177612,0,0,127,0,2,1,3,0.1111111111111111,1,0,1,0,E,E,40,15,-1.8271169370591283
1BRTA,220,anchor_top1,1,107,-1.9656076431274414,-1.9887456893920898,0.023138046264648438,1,0,113,0,2,1,1,0.03125,0,0,0,1,E,H,40,17,-1.4432976153571095
1BRTA,220,anchor_top1,1,122,-0.6314521431922913,-0.6310222148895264,-0.0004299283027648926,0,0,98,0,2,1,2,0.07142857142857142,0,0,0,1,E,C,40,22,-1.7317972994876518
1BRTA,220,anchor_top1,1,136,-2.343341827392578,-2.449841022491455,0.10649919509887695,1,1,84,0,4,1,0,0.0,0,0,0,1,E,C,40,24,-2.1176628221549927
1BRTA,220,anchor_top1,1,150,-1.484724521636963,-1.4605393409729004,-0.0241851806640625,0,0,70,0,6,1,0,0.0,0,0,0,1,E,H,40,27,-2.0811107874510886
1BRTA,220,anchor_top1,1,165,-3.379969596862793,-3.351184844970703,-0.028784751892089844,0,0,55,0,4,1,0,0.0,0,0,0,1,E,H,40,27,-2.2299413486623707
1BRTA,220,anchor_top1,1,179,-1.6624412536621094,-1.7275482416152954,0.06510698795318604,1,1,41,0,5,1,0,0.0,0,0,0,1,E,H,40,34,-1.0888674162938745
1BRTA,220,anchor_top1,1,194,-2.6112260818481445,-2.8035950660705566,0.1923689842224121,1,1,26,0,6,1,0,0.0,0,0,0,1,E,H,40,36,-2.0297213519247177
1BRTA,220,anchor_top1,1,255,-0.4501974582672119,-0.6390210390090942,0.18882358074188232,1,1,35,0,3,1,0,0.0,0,0,0,1,E,C,40,47,-1.6098141072013443
1BRTA,220,anchor_top1,1,269,-1.0428383350372314,-1.0156586170196533,-0.027179718017578125,0,0,49,1,1,1,5,0.21739130434782608,0,0,0,1,E,H,40,50,8.77716216266371
1BRTA,26,anchor_top2,1,54,-0.8451386094093323,-0.8253315091133118,-0.019807100296020508,0,0,28,1,1,1,3,0.12,1,0,1,0,E,E,7,11,0.8696203690204987
1BRTA,26,anchor_top2,1,68,-0.8299679756164551,-0.817751407623291,-0.012216567993164062,0,0,42,0,5,1,0,0.0,0,0,0,1,E,C,7,12,-1.4130514432378156
1BRTA,26,anchor_top2,1,82,-3.6513330936431885,-4.033663272857666,0.38233017921447754,1,1,56,1,1,1,4,0.15384615384615385,0,0,0,1,E,H,7,13,6.836674875293623
1BRTA,26,anchor_top2,1,97,-0.0024404525756835938,-0.004020228516310453,0.0015797759406268597,0,0,71,0,3,1,0,0.0,0,0,0,1,E,C,7,16,-0.8031338236896133
1BRTA,26,anchor_top2,1,111,-0.024864817038178444,-0.026239832863211632,0.0013750158250331879,0,0,85,0,3,1,0,0.0,0,0,0,1,E,C,7,18,nan
1BRTA,26,anchor_top2,1,126,-0.03487984463572502,-0.03154886141419411,-0.0033309832215309143,0,0,100,0,4,1,0,0.0,0,0,0,1,E,C,7,22,-2.049581683225426
1BRTA,26,anchor_top2,1,140,-1.2963733673095703,-1.074044942855835,-0.22232842445373535,0,0,114,0,6,1,0,0.0,0,0,0,1,E,C,7,26,nan
1BRTA,26,anchor_top2,1,154,-0.040776293724775314,-0.050413452088832855,0.009637158364057541,0,0,128,0,6,1,0,0.0,0,0,0,1,E,H,7,27,-2.155263174221974
1BRTA,26,anchor_top2,1,169,-2.9676685333251953,-2.9274508953094482,-0.04021763801574707,0,0,143,0,6,1,0,0.0,0,0,0,1,E,H,7,29,-1.8021474409423162
1BRTA,26,anchor_top2,1,183,-1.6559131145477295,-1.618817687034607,-0.03709542751312256,0,0,157,0,5,1,0,0.0,0,0,0,1,E,H,7,34,-0.9696171491158383
1BRTA,26,anchor_top2,1,197,-1.6114336252212524,-2.2711963653564453,0.6597627401351929,1,1,171,0,4,1,0,0.0,0,0,0,1,E,H,7,36,-2.309761206262357
1BRTA,26,anchor_top2,1,212,-3.275202751159668,-3.347137689590454,0.07193493843078613,1,1,186,0,4,1,0,0.0,0,0,0,1,E,H,7,38,-0.9387861921156495
1BRTA,26,anchor_top2,1,226,-2.738903284072876,-2.804996967315674,0.06609368324279785,1,0,200,0,5,1,0,0.0,0,0,0,1,E,C,7,41,-1.4572010824343073
1BRTA,26,anchor_top2,1,241,-3.263408899307251,-3.4588558673858643,0.19544696807861328,1,1,215,0,5,1,0,0.0,0,0,0,1,E,H,7,44,-1.2373063673233111
1BRTA,26,anchor_top2,1,255,-0.4501974582672119,-0.5213484764099121,0.0711510181427002,1,0,229,0,4,1,0,0.0,0,0,0,1,E,C,7,47,-0.3234578692310479
1BRTA,26,anchor_top2,1,269,-1.0428383350372314,-0.9882194399833679,-0.054618895053863525,0,0,243,0,3,1,0,0.0,0,0,0,1,E,H,7,50,-1.3787913219772276
1BRTA,93,anchor_top3,1,7,-2.239171266555786,-2.286677837371826,0.04750657081604004,1,1,86,0,4,1,0,0.0,1,0,1,0,E,E,15,3,nan
1BRTA,93,anchor_top3,1,21,-1.9533331394195557,-1.949581503868103,-0.0037516355514526367,0,0,72,0,4,1,0,0.0,0,0,0,1,E,C,15,6,-0.2856993899067999
1BRTA,93,anchor_top3,1,35,-2.7211740016937256,-2.7534430027008057,0.03226900100708008,1,1,58,0,3,1,0,0.0,0,0,0,1,E,H,15,9,-0.44358405625605224
1BRTA,93,anchor_top3,1,50,-0.25827884674072266,-0.26368793845176697,0.0054090917110443115,0,0,43,0,3,1,0,0.0,0,0,0,1,E,C,15,10,-0.8858872660450858
1BRTA,93,anchor_top3,1,64,-0.35455986857414246,-0.3572987914085388,0.0027389228343963623,0,0,29,0,4,1,0,0.0,0,0,0,1,E,C,15,12,-0.7573502780829839
1BRTA,93,anchor_top3,1,126,-0.03487984463572502,-0.03434046357870102,-0.0005393810570240021,0,0,33,0,4,1,0,0.0,0,0,0,1,E,C,15,22,-2.7563949410595687
1BRTA,93,anchor_top3,1,140,-1.2963733673095703,-1.3033345937728882,0.006961226463317871,0,0,47,0,6,1,0,0.0,0,0,0,1,E,C,15,26,nan
1BRTA,93,anchor_top3,1,154,-0.040776293724775314,-0.04277116060256958,0.0019948668777942657,0,0,61,0,6,1,0,0.0,0,0,0,1,E,H,15,27,-1.9504666819279284
1BRTA,93,anchor_top3,1,169,-2.9676685333251953,-2.9206981658935547,-0.046970367431640625,0,0,76,0,5,1,0,0.0,0,0,0,1,E,H,15,29,-2.065000148709116
1BRTA,93,anchor_top3,1,183,-1.6559131145477295,-1.6302558183670044,-0.025657296180725098,0,0,90,0,5,1,0,0.0,0,0,0,1,E,H,15,34,-1.199655251563772
1BRTA,93,anchor_top3,1,197,-1.6114336252212524,-1.6783225536346436,0.06688892841339111,1,1,104,0,4,1,0,0.0,0,0,0,1,E,H,15,36,-1.3714529856071476
1BRTA,93,anchor_top3,1,212,-3.275202751159668,-3.3106725215911865,0.035469770431518555,1,1,119,0,3,1,0,0.0,0,0,0,1,E,H,15,38,-1.233176468899647
1BRTA,93,anchor_top3,1,226,-2.738903284072876,-2.7185869216918945,-0.020316362380981445,0,0,133,0,4,1,0,0.0,0,0,0,1,E,C,15,41,-0.8694430606110366
1BRTA,93,anchor_top3,1,241,-3.263408899307251,-3.253998279571533,-0.009410619735717773,0,0,148,0,4,1,0,0.0,0,0,0,1,E,H,15,44,-1.0703504770207752
1BRTA,93,anchor_top3,1,255,-0.4501974582672119,-0.4718291461467743,0.021631687879562378,1,0,162,0,4,1,0,0.0,0,0,0,1,E,C,15,47,-0.40977896660909074
1BRTA,93,anchor_top3,1,269,-1.0428383350372314,-1.0322879552841187,-0.010550379753112793,0,0,176,0,3,1,0,0.0,0,0,0,1,E,H,15,50,-1.7019709259128466
1BRTA,92,control,0,7,-2.239171266555786,-2.2407236099243164,0.0015523433685302734,0,1,85,0,5,1,0,0.0,1,0,1,0,E,E,15,3,nan
1BRTA,92,control,0,21,-1.9533331394195557,-1.9533989429473877,6.580352783203125e-05,0,1,71,0,3,1,0,0.0,0,0,0,1,E,C,15,6,-1.053035936410541
1BRTA,92,control,0,35,-2.7211740016937256,-2.722801685333252,0.0016276836395263672,0,1,57,0,3,1,0,0.0,0,0,0,1,E,H,15,9,-1.6709299891562779
1BRTA,92,control,0,50,-0.25827884674072266,-0.2581590414047241,-0.00011980533599853516,0,0,42,0,2,1,4,0.19047619047619047,0,0,0,1,E,C,15,10,18.16539031627829
1BRTA,92,control,0,64,-0.35455986857414246,-0.3543315529823303,-0.0002283155918121338,0,0,28,0,4,1,0,0.0,0,0,0,1,E,C,15,12,-0.9649645720822533
1BRTA,92,control,0,126,-0.03487984463572502,-0.034854285418987274,-2.5559216737747192e-05,0,0,34,0,4,1,0,0.0,0,0,0,1,E,C,15,22,-2.847843221796676
1BRTA,92,control,0,140,-1.2963733673095703,-1.2946537733078003,-0.0017195940017700195,0,0,48,0,6,1,0,0.0,0,0,0,1,E,C,15,26,nan
1BRTA,92,control,0,154,-0.040776293724775314,-0.04082733392715454,5.1040202379226685e-05,0,0,62,0,7,1,0,0.0,0,0,0,1,E,H,15,27,-2.3609201244312286
1BRTA,92,control,0,169,-2.9676685333251953,-2.9667181968688965,-0.0009503364562988281,0,0,77,0,6,1,0,0.0,0,0,0,1,E,H,15,29,-2.6319465485307645
1BRTA,92,control,0,183,-1.6559131145477295,-1.655876636505127,-3.647804260253906e-05,0,0,91,0,5,1,0,0.0,0,0,0,1,E,H,15,34,-1.4141022918825157
1BRTA,92,control,0,197,-1.6114336252212524,-1.6107277870178223,-0.0007058382034301758,0,0,105,0,5,1,0,0.0,0,0,0,1,E,H,15,36,-2.8027065160554616
1BRTA,92,control,0,212,-3.275202751159668,-3.275071859359741,-0.0001308917999267578,0,0,120,0,3,1,0,0.0,0,0,0,1,E,H,15,38,-0.9140869353182248
1BRTA,92,control,0,226,-2.738903284072876,-2.738065004348755,-0.0008382797241210938,0,0,134,0,4,1,0,0.0,0,0,0,1,E,C,15,41,-1.4876426776159746
1BRTA,92,control,0,241,-3.263408899307251,-3.2627549171447754,-0.0006539821624755859,0,0,149,0,4,1,0,0.0,0,0,0,1,E,H,15,44,-1.17094711722889
1BRTA,92,control,0,255,-0.4501974582672119,-0.45014849305152893,-4.89652156829834e-05,0,0,163,0,4,1,0,0.0,0,0,0,1,E,C,15,47,-1.930163797696515
1BRTA,92,control,0,269,-1.0428383350372314,-1.0436867475509644,0.0008484125137329102,0,1,177,0,3,1,0,0.0,0,0,0,1,E,H,15,50,-0.6084041991882052
1BRTA,221,control,0,7,-2.239171266555786,-2.2390761375427246,-9.512901306152344e-05,0,0,214,0,6,1,0,0.0,1,0,1,0,E,E,40,3,nan
1BRTA,221,control,0,21,-1.9533331394195557,-1.9536280632019043,0.0002949237823486328,0,0,200,0,5,1,0,0.0,0,0,0,1,E,C,40,6,-1.835441180926038
1BRTA,221,control,0,35,-2.7211740016937256,-2.7214245796203613,0.0002505779266357422,0,0,186,0,4,1,0,0.0,0,0,0,1,E,H,40,9,-1.3525822179744234
1BRTA,221,control,0,50,-0.25827884674072266,-0.25831088423728943,3.203749656677246e-05,0,0,171,0,4,1,0,0.0,0,0,0,1,E,C,40,10,-1.5902833017004263
1BRTA,221,control,0,64,-0.35455986857414246,-0.35439369082450867,-0.00016617774963378906,0,0,157,0,5,1,0,0.0,0,0,0,1,E,C,40,12,0.03945438496359044
1BRTA,221,control,0,79,-0.08121496438980103,-0.08113154023885727,-8.34241509437561e-05,0,0,142,0,3,1,0,0.0,0,0,0,1,E,H,40,13,-1.1534905508289888
1BRTA,221,control,0,93,-0.1620151400566101,-0.16203673183918,2.1591782569885254e-05,0,0,128,0,2,1,1,0.03571428571428571,1,0,1,0,E,E,40,15,-0.8457372033265229
1BRTA,221,control,0,107,-1.9656076431274414,-1.9725887775421143,0.0069811344146728516,0,1,114,0,3,1,0,0.0,0,0,0,1,E,H,40,17,-1.508188568145715
1BRTA,221,control,0,122,-0.6314521431922913,-0.6310675740242004,-0.0003845691680908203,0,0,99,0,2,1,3,0.11538461538461539,0,0,0,1,E,C,40,22,1.3720212944599983
1BRTA,221,control,0,136,-2.343341827392578,-2.346646547317505,0.003304719924926758,0,1,85,0,3,1,0,0.0,0,0,0,1,E,C,40,24,-1.7785531408315034
1BRTA,221,control,0,150,-1.484724521636963,-1.4846071004867554,-0.00011742115020751953,0,0,71,0,6,1,0,0.0,0,0,0,1,E,H,40,27,-1.3397720113451475
1BRTA,221,control,0,165,-3.379969596862793,-3.3791275024414062,-0.0008420944213867188,0,0,56,0,4,1,0,0.0,0,0,0,1,E,H,40,27,-1.6922786605995381
1BRTA,221,control,0,179,-1.6624412536621094,-1.6625120639801025,7.081031799316406e-05,0,0,42,0,6,1,0,0.0,0,0,0,1,E,H,40,34,-1.5091462515495442
1BRTA,221,control,0,194,-2.6112260818481445,-2.6051747798919678,-0.006051301956176758,0,0,27,0,6,1,0,0.0,0,0,0,1,E,H,40,36,-1.0077631835880791
1BRTA,221,control,0,255,-0.4501974582672119,-0.4514859616756439,0.0012885034084320068,0,1,34,0,3,1,0,0.0,0,0,0,1,E,C,40,47,-0.2669294213648974
1BRTA,221,control,0,269,-1.0428383350372314,-1.0444403886795044,0.0016020536422729492,0,1,48,0,2,1,4,0.17391304347826086,0,0,0,1,E,H,40,50,-1.3951931882012385
1BRTA,14,control,0,45,-0.017519835382699966,-0.01744685508310795,-7.298029959201813e-05,0,0,31,0,4,1,0,0.0,0,0,0,1,E,H,5,9,-2.0633971097620294
1BRTA,14,control,0,60,-1.0987871885299683,-1.09877347946167,-1.3709068298339844e-05,0,0,46,0,2,1,4,0.15384615384615385,0,0,0,1,E,C,5,12,-1.6937371199639606
1BRTA,14,control,0,75,-0.9211637377738953,-0.9197017550468445,-0.0014619827270507812,0,0,61,0,2,1,3,0.1111111111111111,0,0,0,1,E,H,5,13,0.0805534480092942
1BRTA,14,control,0,90,-0.36390602588653564,-0.3632574677467346,-0.0006485581398010254,0,0,76,0,4,1,0,0.0,0,0,0,1,E,C,5,14,-1.9680853302604446
1BRTA,14,control,0,105,-0.10109502822160721,-0.10074737668037415,-0.00034765154123306274,0,0,91,0,3,1,0,0.0,0,0,0,1,E,H,5,17,-2.056487544198712
1BRTA,14,control,0,120,-1.144552230834961,-1.144777536392212,0.00022530555725097656,0,0,106,0,4,1,0,0.0,1,0,1,0,E,E,5,21,-1.8035970283682699
1BRTA,14,control,0,135,-0.5451887845993042,-0.5445705652236938,-0.0006182193756103516,0,0,121,0,6,1,0,0.0,0,0,0,1,E,C,5,24,-1.0858918095357755
1BRTA,14,control,0,150,-1.484724521636963,-1.4846874475479126,-3.707408905029297e-05,0,0,136,0,5,1,0,0.0,0,0,0,1,E,H,5,27,-2.176540476883836
1BRTA,14,control,0,164,-3.1440091133117676,-3.1443514823913574,0.00034236907958984375,0,1,150,0,5,1,0,0.0,0,0,0,1,E,H,5,27,-2.4500325165629353
1BRTA,14,control,0,179,-1.6624412536621094,-1.662811279296875,0.000370025634765625,0,1,165,0,6,1,0,0.0,0,0,0,1,E,H,5,34,-1.955382529009262
1BRTA,14,control,0,194,-2.6112260818481445,-2.606771945953369,-0.004454135894775391,0,0,180,0,3,1,0,0.0,0,0,0,1,E,H,5,36,-1.963532049874742
1BRTA,14,control,0,209,-0.2207767814397812,-0.22098994255065918,0.00021316111087799072,0,0,195,0,5,1,0,0.0,0,0,0,1,E,H,5,38,-2.1783193840760355
1BRTA,14,control,0,224,-0.03780015930533409,-0.03782426565885544,2.4106353521347046e-05,0,0,210,0,5,1,0,0.0,1,0,1,0,E,E,5,40,-2.264482494932912
1BRTA,14,control,0,239,-5.180947780609131,-5.18190860748291,0.0009608268737792969,0,1,225,0,5,1,0,0.0,0,0,0,1,E,H,5,44,-2.575824582984677
1BRTA,14,control,0,254,-0.6783237457275391,-0.6791022419929504,0.000778496265411377,0,1,240,0,5,1,0,0.0,0,0,0,1,E,C,5,47,-2.1698923412889344
1BRTA,14,control,0,269,-1.0428383350372314,-1.0425111055374146,-0.00032722949981689453,0,0,255,0,5,1,0,0.0,0,0,0,1,E,H,5,50,-1.7756342647596983
1BRTA,55,control,0,7,-2.239171266555786,-2.2380638122558594,-0.0011074542999267578,0,0,48,0,3,1,0,0.0,1,0,1,0,E,E,11,3,nan
1BRTA,55,control,0,21,-1.9533331394195557,-1.9543794393539429,0.001046299934387207,0,1,34,0,3,1,0,0.0,0,0,0,1,E,C,11,6,-1.4404835832061464
1BRTA,55,control,0,82,-3.6513330936431885,-3.6646907329559326,0.01335763931274414,1,1,27,1,1,1,5,0.20833333333333334,0,0,0,1,E,H,11,13,16.877095655820796
1BRTA,55,control,0,97,-0.0024404525756835938,-0.002448420040309429,7.967464625835419e-06,0,0,42,0,3,1,0,0.0,0,0,0,1,E,C,11,16,0.24837509068145391
1BRTA,55,control,0,111,-0.024864817038178444,-0.024823304265737534,-4.151277244091034e-05,0,0,56,0,4,1,0,0.0,0,0,0,1,E,C,11,18,nan
1BRTA,55,control,0,126,-0.03487984463572502,-0.034849222749471664,-3.0621886253356934e-05,0,0,71,0,4,1,0,0.0,0,0,0,1,E,C,11,22,-0.6803893118689412
1BRTA,55,control,0,140,-1.2963733673095703,-1.2929022312164307,-0.0034711360931396484,0,0,85,0,6,1,0,0.0,0,0,0,1,E,C,11,26,nan
1BRTA,55,control,0,154,-0.040776293724775314,-0.04078224301338196,5.949288606643677e-06,0,0,99,0,5,1,0,0.0,0,0,0,1,E,H,11,27,-2.1737462437678494
1BRTA,55,control,0,169,-2.9676685333251953,-2.967195510864258,-0.0004730224609375,0,0,114,0,5,1,0,0.0,0,0,0,1,E,H,11,29,-2.015539109536228
1BRTA,55,control,0,183,-1.6559131145477295,-1.6547443866729736,-0.0011687278747558594,0,0,128,0,4,1,0,0.0,0,0,0,1,E,H,11,34,-2.2014415342651223
1BRTA,55,control,0,197,-1.6114336252212524,-1.6158335208892822,0.004399895668029785,0,1,142,0,4,1,0,0.0,0,0,0,1,E,H,11,36,-0.9200615735937192
1BRTA,55,control,0,212,-3.275202751159668,-3.27353572845459,-0.001667022705078125,0,0,157,0,4,1,0,0.0,0,0,0,1,E,H,11,38,-0.5635559507019363
1BRTA,55,control,0,226,-2.738903284072876,-2.7361326217651367,-0.002770662307739258,0,0,171,0,5,1,0,0.0,0,0,0,1,E,C,11,41,-1.9040962249710875
1BRTA,55,control,0,241,-3.263408899307251,-3.2605080604553223,-0.002900838851928711,0,0,186,0,5,1,0,0.0,0,0,0,1,E,H,11,44,-1.9303931982856066
1BRTA,55,control,0,255,-0.4501974582672119,-0.4507686197757721,0.0005711615085601807,0,1,200,0,5,1,0,0.0,0,0,0,1,E,C,11,47,-0.4161407215331274
1BRTA,55,control,0,269,-1.0428383350372314,-1.042593240737915,-0.00024509429931640625,0,0,214,0,4,1,0,0.0,0,0,0,1,E,H,11,50,-2.9155435973801747
1BRTA,96,control,0,7,-2.239171266555786,-2.2402172088623047,0.0010459423065185547,0,1,89,0,5,1,0,0.0,1,0,1,0,E,E,15,3,nan
1BRTA,96,control,0,21,-1.9533331394195557,-1.9552239179611206,0.0018907785415649414,0,1,75,0,4,1,0,0.0,0,0,0,1,E,C,15,6,-1.5557535711719437
1BRTA,96,control,0,35,-2.7211740016937256,-2.717495918273926,-0.0036780834197998047,0,0,61,0,2,1,4,0.18181818181818182,0,0,0,1,E,H,15,9,0.5836903247898386
1BRTA,96,control,0,50,-0.25827884674072266,-0.2581368684768677,-0.00014197826385498047,0,0,46,0,3,1,0,0.0,0,0,0,1,E,C,15,10,-2.15957838695299
1BRTA,96,control,0,64,-0.35455986857414246,-0.3544883728027344,-7.149577140808105e-05,0,0,32,0,4,1,0,0.0,0,0,0,1,E,C,15,12,-0.1278689709821732
1BRTA,96,control,0,126,-0.03487984463572502,-0.03515518084168434,0.00027533620595932007,0,0,30,0,3,1,0,0.0,0,0,0,1,E,C,15,22,-1.9227894630027849
1BRTA,96,control,0,140,-1.2963733673095703,-1.295864462852478,-0.0005089044570922852,0,0,44,0,5,1,0,0.0,0,0,0,1,E,C,15,26,nan
1BRTA,96,control,0,154,-0.040776293724775314,-0.04091465100646019,0.0001383572816848755,0,0,58,0,5,1,0,0.0,0,0,0,1,E,H,15,27,-1.6537840222610272
1BRTA,96,control,0,169,-2.9676685333251953,-2.967090129852295,-0.0005784034729003906,0,0,73,0,4,1,0,0.0,0,0,0,1,E,H,15,29,-0.9741652064732236
1BRTA,96,control,0,183,-1.6559131145477295,-1.655775547027588,-0.00013756752014160156,0,0,87,0,3,1,0,0.0,0,0,0,1,E,H,15,34,-1.6885067464417438
1BRTA,96,control,0,197,-1.6114336252212524,-1.6011520624160767,-0.010281562805175781,0,0,101,0,3,1,0,0.0,0,0,0,1,E,H,15,36,0.09762367947578499
1BRTA,96,control,0,212,-3.275202751159668,-3.275949716567993,0.0007469654083251953,0,0,116,0,3,1,0,0.0,0,0,0,1,E,H,15,38,-2.1269317922151267
1BRTA,96,control,0,226,-2.738903284072876,-2.7418062686920166,0.002902984619140625,0,1,130,0,3,1,0,0.0,0,0,0,1,E,C,15,41,-0.7405973240065342
1BRTA,96,control,0,241,-3.263408899307251,-3.266920566558838,0.003511667251586914,0,1,145,0,4,1,0,0.0,0,0,0,1,E,H,15,44,-1.4513185425777801
1BRTA,96,control,0,255,-0.4501974582672119,-0.4493674635887146,-0.0008299946784973145,0,0,159,0,3,1,0,0.0,0,0,0,1,E,C,15,47,1.0697548714417575
1BRTA,96,control,0,269,-1.0428383350372314,-1.0423794984817505,-0.00045883655548095703,0,0,173,0,3,1,0,0.0,0,0,0,1,E,H,15,50,-2.619854341811187
1PVGA,101,anchor_top1,1,11,-2.000274658203125,-2.102844715118408,0.1025700569152832,1,0,90,0,9,1,0,0.0,0,0,0,1,E,C,14,0,-2.0768439260683365
1PVGA,101,anchor_top1,1,34,-0.0043281689286231995,-0.0066559044644236565,0.002327735535800457,0,0,67,0,4,1,0,0.0,0,0,0,1,E,C,14,6,-1.3751672142498506
1PVGA,101,anchor_top1,1,57,-2.9341092109680176,-2.9240684509277344,-0.010040760040283203,0,0,44,0,5,1,0,0.0,1,0,1,0,E,E,14,9,nan
1PVGA,101,anchor_top1,1,128,-0.020558834075927734,-0.02852516993880272,0.007966335862874985,0,0,27,0,4,1,0,0.0,0,0,0,1,E,C,14,20,-2.273800211588624
1PVGA,101,anchor_top1,1,151,-0.008399871177971363,-0.003686538664624095,-0.004713332513347268,0,0,50,0,3,1,0,0.0,0,0,0,1,E,H,14,21,-1.730274563899207
1PVGA,101,anchor_top1,1,174,-1.7903119325637817,-1.6683008670806885,-0.12201106548309326,0,0,73,0,3,1,0,0.0,1,0,1,0,E,E,14,27,-2.641647683908339
1PVGA,101,anchor_top1,1,197,-2.139930486679077,-1.9145689010620117,-0.22536158561706543,0,0,96,0,3,1,0,0.0,0,0,0,1,E,C,14,32,-3.572017650592836
1PVGA,101,anchor_top1,1,220,-1.442835807800293,-1.489016056060791,0.04618024826049805,1,0,119,0,3,1,0,0.0,0,0,0,1,E,H,14,37,-3.092431129087329
1PVGA,101,anchor_top1,1,244,-0.5057992935180664,-0.6137980818748474,0.107998788356781,1,1,143,0,3,1,0,0.0,1,0,1,0,E,E,14,41,0.4865854808705268
1PVGA,101,anchor_top1,1,267,-3.0938467979431152,-3.1017467975616455,0.007899999618530273,0,0,166,-1,-1,-1,0,0.0,0,0,0,1,E,H,14,43,nan
1PVGA,101,anchor_top1,1,290,-2.3454947471618652,-2.4855010509490967,0.14000630378723145,1,1,189,0,5,1,0,0.0,0,0,0,1,E,C,14,48,-2.9952370059594178
1PVGA,101,anchor_top1,1,313,-1.8810687065124512,-2.0297188758850098,0.1486501693725586,1,1,212,0,3,1,0,0.0,1,0,1,0,E,E,14,53,-2.013920193212876
1PVGA,101,anchor_top1,1,336,-1.5978224277496338,-1.4627872705459595,-0.13503515720367432,0,0,235,0,8,1,0,0.0,0,0,0,1,E,H,14,56,-2.1005433742764876
1PVGA,101,anchor_top1,1,360,-2.0838847160339355,-2.215329170227051,0.13144445419311523,1,1,259,0,4,1,0,0.0,0,0,0,1,E,C,14,61,-1.719176121675995
1PVGA,101,anchor_top1,1,383,-2.595881700515747,-2.4486584663391113,-0.14722323417663574,0,0,282,0,5,1,0,0.0,0,0,0,1,E,C,14,67,-1.5864933419996134
1PVGA,101,anchor_top1,1,406,-1.5013506412506104,-1.368612289428711,-0.13273835182189941,0,0,305,0,9,1,0,0.0,0,0,0,1,E,H,14,70,-2.473906097338055
1PVGA,149,anchor_top2,1,11,-2.000274658203125,-2.0368988513946533,0.03662419319152832,1,1,138,0,7,1,0,0.0,0,0,0,1,H,C,21,0,-2.395176104069709
1PVGA,149,anchor_top2,1,34,-0.0043281689286231995,-0.004206974990665913,-0.00012119393795728683,0,0,115,0,3,1,0,0.0,0,0,0,1,H,C,21,6,-2.640426496002941
1PVGA,149,anchor_top2,1,57,-2.9341092109680176,-2.942763328552246,0.008654117584228516,0,0,92,0,5,1,0,0.0,0,0,0,1,H,E,21,9,nan
1PVGA,149,anchor_top2,1,81,-0.007947844453155994,-0.007134792860597372,-0.0008130515925586224,0,0,68,0,3,1,0,0.0,1,0,1,0,H,H,21,10,-0.7343193429756449
1PVGA,149,anchor_top2,1,104,-1.3060582876205444,-1.2508752346038818,-0.0551830530166626,0,0,45,0,4,1,0,0.0,0,0,0,1,H,C,21,15,-2.588284644636993
1PVGA,149,anchor_top2,1,174,-1.7903119325637817,-1.7979633808135986,0.0076514482498168945,0,0,25,0,4,1,0,0.0,0,0,0,1,H,E,21,27,-2.6633130934884552
1PVGA,149,anchor_top2,1,197,-2.139930486679077,-2.2143397331237793,0.07440924644470215,1,1,48,0,4,1,0,0.0,0,0,0,1,H,C,21,32,-2.611339415400803
1PVGA,149,anchor_top2,1,220,-1.442835807800293,-1.4512407779693604,0.008404970169067383,0,0,71,0,4,1,0,0.0,1,0,1,0,H,H,21,37,-2.9094980445967455
1PVGA,149,anchor_top2,1,244,-0.5057992935180664,-0.48941391706466675,-0.016385376453399658,0,0,95,0,5,1,0,0.0,0,0,0,1,H,E,21,41,-2.127577688710534
1PVGA,149,anchor_top2,1,267,-3.0938467979431152,-3.0884532928466797,-0.005393505096435547,0,0,118,-1,-1,-1,0,0.0,1,0,1,0,H,H,21,43,nan
1PVGA,149,anchor_top2,1,290,-2.3454947471618652,-2.337594509124756,-0.007900238037109375,0,0,141,0,4,1,0,0.0,0,0,0,1,H,C,21,48,-0.6345841806592958
1PVGA,149,anchor_top2,1,313,-1.8810687065124512,-1.9032589197158813,0.022190213203430176,1,0,164,0,3,1,0,0.0,0,0,0,1,H,E,21,53,-3.405322306321651
1PVGA,149,anchor_top2,1,336,-1.5978224277496338,-1.5616123676300049,-0.036210060119628906,0,0,187,0,8,1,0,0.0,1,0,1,0,H,H,21,56,-1.3787612612020261
1PVGA,149,anchor_top2,1,360,-2.0838847160339355,-2.1036486625671387,0.019763946533203125,1,0,211,0,3,1,0,0.0,0,0,0,1,H,C,21,61,-1.982789130057062
1PVGA,149,anchor_top2,1,383,-2.595881700515747,-2.869175910949707,0.27329421043395996,1,1,234,0,4,1,0,0.0,0,0,0,1,H,C,21,67,-2.4719131008776443
1PVGA,149,anchor_top2,1,406,-1.5013506412506104,-1.5701395273208618,0.06878888607025146,1,1,257,0,9,1,0,0.0,1,0,1,0,H,H,21,70,-0.6449659710198907
1PVGA,103,anchor_top3,1,11,-2.000274658203125,-2.018970251083374,0.018695592880249023,1,1,92,0,10,1,0,0.0,0,0,0,1,E,C,14,0,-0.8989663965714101
1PVGA,103,anchor_top3,1,34,-0.0043281689286231995,-0.00435000890865922,2.183998003602028e-05,0,0,69,0,5,1,0,0.0,0,0,0,1,E,C,14,6,-2.4324161095332877
1PVGA,103,anchor_top3,1,57,-2.9341092109680176,-2.9365029335021973,0.0023937225341796875,0,1,46,0,5,1,0,0.0,1,0,1,0,E,E,14,9,nan
1PVGA,103,anchor_top3,1,128,-0.020558834075927734,-0.020300358533859253,-0.00025847554206848145,0,0,25,0,5,1,0,0.0,0,0,0,1,E,C,14,20,-1.6853480313222584
1PVGA,103,anchor_top3,1,151,-0.008399871177971363,-0.0086353225633502,0.00023545138537883759,0,0,48,0,4,1,0,0.0,0,0,0,1,E,H,14,21,-1.9813948169848357
1PVGA,103,anchor_top3,1,174,-1.7903119325637817,-1.7923943996429443,0.0020824670791625977,0,1,71,0,3,1,0,0.0,1,0,1,0,E,E,14,27,-1.3915665294509485
1PVGA,103,anchor_top3,1,197,-2.139930486679077,-2.150768280029297,0.010837793350219727,1,1,94,0,2,1,4,0.19047619047619047,0,0,0,1,E,C,14,32,-2.201447221155297
1PVGA,103,anchor_top3,1,220,-1.442835807800293,-1.4395854473114014,-0.0032503604888916016,0,0,117,0,4,1,0,0.0,0,0,0,1,E,H,14,37,-2.835938771229976
1PVGA,103,anchor_top3,1,244,-0.5057992935180664,-0.5054722428321838,-0.00032705068588256836,0,0,141,0,3,1,0,0.0,1,0,1,0,E,E,14,41,12.991522748354322
1PVGA,103,anchor_top3,1,267,-3.0938467979431152,-3.0932869911193848,-0.0005598068237304688,0,0,164,-1,-1,-1,0,0.0,0,0,0,1,E,H,14,43,nan
1PVGA,103,anchor_top3,1,290,-2.3454947471618652,-2.3455286026000977,3.3855438232421875e-05,0,0,187,0,5,1,0,0.0,0,0,0,1,E,C,14,48,-3.013333583443965
1PVGA,103,anchor_top3,1,313,-1.8810687065124512,-1.8820455074310303,0.0009768009185791016,0,0,210,0,4,1,0,0.0,1,0,1,0,E,E,14,53,-2.935790454440671
1PVGA,103,anchor_top3,1,336,-1.5978224277496338,-1.5958797931671143,-0.0019426345825195312,0,0,233,0,9,1,0,0.0,0,0,0,1,E,H,14,56,-1.815896591985474
1PVGA,103,anchor_top3,1,360,-2.0838847160339355,-2.0741147994995117,-0.009769916534423828,0,0,257,0,4,1,0,0.0,0,0,0,1,E,C,14,61,-1.6035183588222268
1PVGA,103,anchor_top3,1,383,-2.595881700515747,-2.5978195667266846,0.0019378662109375,0,0,280,0,5,1,0,0.0,0,0,0,1,E,C,14,67,-1.9750330084267556
1PVGA,103,anchor_top3,1,406,-1.5013506412506104,-1.500522255897522,-0.0008283853530883789,0,0,303,0,9,1,0,0.0,0,0,0,1,E,H,14,70,-1.94975928885508
1PVGA,162,control,0,11,-2.000274658203125,-2.0003912448883057,0.00011658668518066406,0,0,151,0,9,1,0,0.0,0,0,0,1,E,C,25,0,-2.26253879658174
1PVGA,162,control,0,34,-0.0043281689286231995,-0.004325082991272211,-3.085937350988388e-06,0,0,128,0,5,1,0,0.0,0,0,0,1,E,C,25,6,-2.5107734071216536
1PVGA,162,control,0,57,-2.9341092109680176,-2.933786392211914,-0.0003228187561035156,0,0,105,0,7,1,0,0.0,1,0,1,0,E,E,25,9,nan
1PVGA,162,control,0,81,-0.007947844453155994,-0.00792359933257103,-2.4245120584964752e-05,0,0,81,0,3,1,0,0.0,0,0,0,1,E,H,25,10,-2.649573431456576
1PVGA,162,control,0,104,-1.3060582876205444,-1.3074824810028076,0.0014241933822631836,0,1,58,0,3,1,0,0.0,0,0,0,1,E,C,25,15,-2.260993013564313
1PVGA,162,control,0,127,-0.4763416051864624,-0.47693267464637756,0.0005910694599151611,0,0,35,0,3,1,0,0.0,0,0,0,1,E,C,25,20,-2.0283135223846327
1PVGA,162,control,0,197,-2.139930486679077,-2.1377453804016113,-0.0021851062774658203,0,0,35,0,2,1,2,0.08695652173913043,0,0,0,1,E,C,25,32,-2.9552047956563645
1PVGA,162,control,0,220,-1.442835807800293,-1.4427733421325684,-6.246566772460938e-05,0,0,58,0,4,1,0,0.0,0,0,0,1,E,H,25,37,-2.8699051618926714
1PVGA,162,control,0,244,-0.5057992935180664,-0.5061059594154358,0.00030666589736938477,0,0,82,0,5,1,0,0.0,1,0,1,0,E,E,25,41,-2.903088712206419
1PVGA,162,control,0,267,-3.0938467979431152,-3.0933456420898438,-0.0005011558532714844,0,0,105,-1,-1,-1,0,0.0,0,0,0,1,E,H,25,43,nan
1PVGA,162,control,0,290,-2.3454947471618652,-2.345395565032959,-9.918212890625e-05,0,0,128,0,6,1,0,0.0,0,0,0,1,E,C,25,48,-2.517467858081788
1PVGA,162,control,0,313,-1.8810687065124512,-1.8822182416915894,0.0011495351791381836,0,1,151,0,4,1,0,0.0,1,0,1,0,E,E,25,53,-2.9027735480051207
1PVGA,162,control,0,336,-1.5978224277496338,-1.5974708795547485,-0.0003515481948852539,0,0,174,0,9,1,0,0.0,0,0,0,1,E,H,25,56,-2.646599875275282
1PVGA,162,control,0,360,-2.0838847160339355,-2.0839266777038574,4.1961669921875e-05,0,0,198,0,5,1,0,0.0,0,0,0,1,E,C,25,61,-1.9367921033199846
1PVGA,162,control,0,383,-2.595881700515747,-2.5969395637512207,0.0010578632354736328,0,1,221,0,6,1,0,0.0,0,0,0,1,E,C,25,67,-2.5970080943588427
1PVGA,162,control,0,406,-1.5013506412506104,-1.5023930072784424,0.0010423660278320312,0,1,244,0,10,1,0,0.0,0,0,0,1,E,H,25,70,-1.538442577514945
1PVGA,161,control,0,11,-2.000274658203125,-2.0017144680023193,0.001439809799194336,0,1,150,0,9,1,0,0.0,0,0,0,1,E,C,25,0,-2.3794951052632576
1PVGA,161,control,0,34,-0.0043281689286231995,-0.00431807991117239,-1.0089017450809479e-05,0,0,127,0,4,1,0,0.0,0,0,0,1,E,C,25,6,-2.4123673898402633
1PVGA,161,control,0,57,-2.9341092109680176,-2.9342143535614014,0.00010514259338378906,0,0,104,0,6,1,0,0.0,1,0,1,0,E,E,25,9,nan
1PVGA,161,control,0,81,-0.007947844453155994,-0.007944177836179733,-3.666616976261139e-06,0,0,80,0,4,1,0,0.0,0,0,0,1,E,H,25,10,-1.8944946182498499
1PVGA,161,control,0,104,-1.3060582876205444,-1.308856725692749,0.00279843807220459,0,1,57,0,3,1,0,0.0,0,0,0,1,E,C,25,15,-3.060384112117547
1PVGA,161,control,0,127,-0.4763416051864624,-0.47646331787109375,0.00012171268463134766,0,0,34,0,3,1,0,0.0,0,0,0,1,E,C,25,20,-2.1199498700304518
1PVGA,161,control,0,197,-2.139930486679077,-2.1399590969085693,2.86102294921875e-05,0,0,36,0,3,1,0,0.0,0,0,0,1,E,C,25,32,-2.550460932986827
1PVGA,161,control,0,220,-1.442835807800293,-1.4413185119628906,-0.0015172958374023438,0,0,59,0,4,1,0,0.0,0,0,0,1,E,H,25,37,-2.5978536013616584
1PVGA,161,control,0,244,-0.5057992935180664,-0.5056281685829163,-0.00017112493515014648,0,0,83,0,5,1,0,0.0,1,0,1,0,E,E,25,41,-2.7128557416161256
1PVGA,161,control,0,267,-3.0938467979431152,-3.0939223766326904,7.557868957519531e-05,0,0,106,-1,-1,-1,0,0.0,0,0,0,1,E,H,25,43,nan
1PVGA,161,control,0,290,-2.3454947471618652,-2.345304012298584,-0.00019073486328125,0,0,129,0,6,1,0,0.0,0,0,0,1,E,C,25,48,-2.260347305183123
1PVGA,161,control,0,313,-1.8810687065124512,-1.8809010982513428,-0.00016760826110839844,0,0,152,0,4,1,0,0.0,1,0,1,0,E,E,25,53,-2.877502396560281
1PVGA,161,control,0,336,-1.5978224277496338,-1.597435474395752,-0.00038695335388183594,0,0,175,0,9,1,0,0.0,0,0,0,1,E,H,25,56,-2.438437200959114
1PVGA,161,control,0,360,-2.0838847160339355,-2.0846118927001953,0.0007271766662597656,0,1,199,0,5,1,0,0.0,0,0,0,1,E,C,25,61,-2.28859427591294
1PVGA,161,control,0,383,-2.595881700515747,-2.5950872898101807,-0.0007944107055664062,0,0,222,0,6,1,0,0.0,0,0,0,1,E,C,25,67,-2.7445159810250117
1PVGA,161,control,0,406,-1.5013506412506104,-1.5025922060012817,0.0012415647506713867,0,1,245,0,10,1,0,0.0,0,0,0,1,E,H,25,70,-1.8102714063918781
1PVGA,241,control,0,11,-2.000274658203125,-2.000729560852051,0.00045490264892578125,0,0,230,0,10,1,0,0.0,0,0,0,1,E,C,39,0,-2.8967976765907655
1PVGA,241,control,0,34,-0.0043281689286231995,-0.004327694419771433,-4.745088517665863e-07,0,0,207,0,5,1,0,0.0,0,0,0,1,E,C,39,6,-3.1705121864551153
1PVGA,241,control,0,57,-2.9341092109680176,-2.933971881866455,-0.0001373291015625,0,0,184,0,4,1,0,0.0,1,0,1,0,E,E,39,9,nan
1PVGA,241,control,0,81,-0.007947844453155994,-0.007940866984426975,-6.977468729019165e-06,0,0,160,0,4,1,0,0.0,0,0,0,1,E,H,39,10,-0.602130631037046
1PVGA,241,control,0,104,-1.3060582876205444,-1.304565191268921,-0.0014930963516235352,0,0,137,0,3,1,0,0.0,0,0,0,1,E,C,39,15,-1.3983635497491185
1PVGA,241,control,0,127,-0.4763416051864624,-0.4765061140060425,0.00016450881958007812,0,0,114,0,6,1,0,0.0,0,0,0,1,E,C,39,20,-3.2589403518738984
1PVGA,241,control,0,150,-0.04082069918513298,-0.0408879853785038,6.728619337081909e-05,0,0,91,0,4,1,0,0.0,0,0,0,1,E,H,39,21,-0.4953608261868383
1PVGA,241,control,0,173,-0.931520938873291,-0.9299160838127136,-0.0016048550605773926,0,0,68,0,5,1,0,0.0,1,0,1,0,E,E,39,27,-1.4014718491544582
1PVGA,241,control,0,197,-2.139930486679077,-2.136735439300537,-0.003195047378540039,0,0,44,0,4,1,0,0.0,0,0,0,1,E,C,39,32,-1.705407176763479
1PVGA,241,control,0,267,-3.0938467979431152,-3.093982219696045,0.0001354217529296875,0,0,26,-1,-1,-1,0,0.0,0,0,0,1,E,H,39,43,nan
1PVGA,241,control,0,290,-2.3454947471618652,-2.347543716430664,0.002048969268798828,0,1,49,0,6,1,0,0.0,0,0,0,1,E,C,39,48,-2.6736618704370643
1PVGA,241,control,0,313,-1.8810687065124512,-1.8826429843902588,0.0015742778778076172,0,1,72,0,3,1,0,0.0,1,0,1,0,E,E,39,53,-2.891326921976701
1PVGA,241,control,0,336,-1.5978224277496338,-1.598632574081421,0.0008101463317871094,0,1,95,0,8,1,0,0.0,0,0,0,1,E,H,39,56,-1.918549078464141
1PVGA,241,control,0,360,-2.0838847160339355,-2.08125638961792,-0.002628326416015625,0,0,119,0,5,1,0,0.0,0,0,0,1,E,C,39,61,-2.4610428994568445
1PVGA,241,control,0,383,-2.595881700515747,-2.5951766967773438,-0.0007050037384033203,0,0,142,0,6,1,0,0.0,0,0,0,1,E,C,39,67,-1.7041722450185186
1PVGA,241,control,0,406,-1.5013506412506104,-1.5024853944778442,0.0011347532272338867,0,1,165,0,8,1,0,0.0,0,0,0,1,E,H,39,70,-2.5208969131725767
1PVGA,297,control,0,11,-2.000274658203125,-1.9995076656341553,-0.0007669925689697266,0,0,286,0,12,1,0,0.0,0,0,0,1,E,C,49,0,-2.4515294599914523
1PVGA,297,control,0,34,-0.0043281689286231995,-0.004339089151471853,1.0920222848653793e-05,0,0,263,0,6,1,0,0.0,0,0,0,1,E,C,49,6,-2.61257820269264
1PVGA,297,control,0,57,-2.9341092109680176,-2.934093475341797,-1.5735626220703125e-05,0,0,240,0,4,1,0,0.0,1,0,1,0,E,E,49,9,nan
1PVGA,297,control,0,81,-0.007947844453155994,-0.007949382066726685,1.537613570690155e-06,0,0,216,0,6,1,0,0.0,0,0,0,1,E,H,49,10,-3.2867866897406697
1PVGA,297,control,0,104,-1.3060582876205444,-1.3060263395309448,-3.1948089599609375e-05,0,0,193,0,6,1,0,0.0,0,0,0,1,E,C,49,15,-1.5397088355741615
1PVGA,297,control,0,127,-0.4763416051864624,-0.47654473781585693,0.00020313262939453125,0,0,170,0,8,1,0,0.0,0,0,0,1,E,C,49,20,-3.5893284372616425
1PVGA,297,control,0,150,-0.04082069918513298,-0.04085193946957588,3.124028444290161e-05,0,0,147,0,6,1,0,0.0,0,0,0,1,E,H,49,21,-2.53327726977493
1PVGA,297,control,0,173,-0.931520938873291,-0.9310374855995178,-0.00048345327377319336,0,0,124,0,8,1,0,0.0,1,0,1,0,E,E,49,27,-2.674562309221336
1PVGA,297,control,0,197,-2.139930486679077,-2.1379921436309814,-0.0019383430480957031,0,0,100,0,7,1,0,0.0,0,0,0,1,E,C,49,32,-2.07113650624964
1PVGA,297,control,0,220,-1.442835807800293,-1.4434372186660767,0.0006014108657836914,0,1,77,0,5,1,0,0.0,0,0,0,1,E,H,49,37,-1.4124419882783372
1PVGA,297,control,0,243,-0.40444281697273254,-0.40403246879577637,-0.00041034817695617676,0,0,54,0,6,1,0,0.0,0,0,0,1,E,C,49,40,-1.750906952997446
1PVGA,297,control,0,266,-2.988356590270996,-2.988757610321045,0.0004010200500488281,0,0,31,-1,-1,-1,0,0.0,0,0,0,1,E,H,49,43,nan
1PVGA,297,control,0,336,-1.5978224277496338,-1.6003566980361938,0.0025342702865600586,0,1,39,0,4,1,0,0.0,0,0,0,1,E,H,49,56,-1.9743065799531299
1PVGA,297,control,0,360,-2.0838847160339355,-2.0822696685791016,-0.0016150474548339844,0,0,63,0,4,1,0,0.0,0,0,0,1,E,C,49,61,-2.709300030727459
1PVGA,297,control,0,383,-2.595881700515747,-2.5965893268585205,0.0007076263427734375,0,1,86,0,4,1,0,0.0,0,0,0,1,E,C,49,67,-2.715326816471942
1PVGA,297,control,0,406,-1.5013506412506104,-1.5020610094070435,0.0007103681564331055,0,1,109,0,3,1,0,0.0,0,0,0,1,E,H,49,70,-2.842871990075706
1PVGA,366,control,0,11,-2.000274658203125,-1.9999734163284302,-0.0003012418746948242,0,0,355,0,8,1,0,0.0,0,0,0,1,E,C,62,0,-2.901331233296141
1PVGA,366,control,0,34,-0.0043281689286231995,-0.004333391785621643,5.2228569984436035e-06,0,0,332,0,2,1,2,0.09090909090909091,0,0,0,1,E,C,62,6,-1.7792996390822928
1PVGA,366,control,0,57,-2.9341092109680176,-2.9336092472076416,-0.0004999637603759766,0,0,309,0,5,1,0,0.0,1,0,1,0,E,E,62,9,nan
1PVGA,366,control,0,81,-0.007947844453155994,-0.007959315553307533,1.1471100151538849e-05,0,0,285,0,3,1,0,0.0,0,0,0,1,E,H,62,10,-2.737064205743445
1PVGA,366,control,0,104,-1.3060582876205444,-1.305206298828125,-0.0008519887924194336,0,0,262,0,6,1,0,0.0,0,0,0,1,E,C,62,15,-2.0724788015762283
1PVGA,366,control,0,127,-0.4763416051864624,-0.47679904103279114,0.00045743584632873535,0,1,239,0,4,1,0,0.0,0,0,0,1,E,C,62,20,-2.6393922659017623
1PVGA,366,control,0,150,-0.04082069918513298,-0.04091590642929077,9.520724415779114e-05,0,0,216,0,3,1,0,0.0,0,0,0,1,E,H,62,21,-3.722617540892729
1PVGA,366,control,0,173,-0.931520938873291,-0.931667149066925,0.0001462101936340332,0,0,193,0,5,1,0,0.0,1,0,1,0,E,E,62,27,-3.1741884133358895
1PVGA,366,control,0,197,-2.139930486679077,-2.1395583152770996,-0.00037217140197753906,0,0,169,0,5,1,0,0.0,0,0,0,1,E,C,62,32,-2.7844918223360318
1PVGA,366,control,0,220,-1.442835807800293,-1.4426134824752808,-0.00022232532501220703,0,0,146,0,5,1,0,0.0,0,0,0,1,E,H,62,37,-2.3766657642908764
1PVGA,366,control,0,243,-0.40444281697273254,-0.4042781889438629,-0.0001646280288696289,0,0,123,0,6,1,0,0.0,0,0,0,1,E,C,62,40,-1.3673403159667488
1PVGA,366,control,0,266,-2.988356590270996,-2.9889683723449707,0.0006117820739746094,0,1,100,-1,-1,-1,0,0.0,0,0,0,1,E,H,62,43,nan
1PVGA,366,control,0,289,-2.25242280960083,-2.2521743774414062,-0.0002484321594238281,0,0,77,0,4,1,0,0.0,1,0,1,0,E,E,62,47,-3.5691794457788553
1PVGA,366,control,0,313,-1.8810687065124512,-1.881379246711731,0.00031054019927978516,0,1,53,0,2,1,1,0.05,1,0,1,0,E,E,62,53,-2.8412457858664903
1PVGA,366,control,0,336,-1.5978224277496338,-1.5967320203781128,-0.001090407371520996,0,0,30,0,6,1,0,0.0,0,0,0,1,E,H,62,56,-1.9475749582552662
1PVGA,366,control,0,406,-1.5013506412506104,-1.5038583278656006,0.0025076866149902344,0,1,40,0,7,1,0,0.0,0,0,0,1,E,H,62,70,-1.8769219486052608
2B61A,315,anchor_top1,1,10,-1.718244194984436,-1.6952184438705444,-0.0230257511138916,0,0,305,-1,-1,-1,0,0.0,0,0,0,1,E,C,58,0,nan
2B61A,315,anchor_top1,1,30,-2.2293639183044434,-2.231105327606201,0.0017414093017578125,0,0,285,0,6,1,0,0.0,0,0,0,1,E,C,58,2,-3.1036025119203745
2B61A,315,anchor_top1,1,51,-0.000364713923772797,-0.00034671969478949904,-1.7994228983297944e-05,0,0,264,0,4,1,0,0.0,0,0,0,1,E,C,58,8,-3.345418996468585
2B61A,315,anchor_top1,1,72,-3.4669628143310547,-3.4521868228912354,-0.014775991439819336,0,0,243,0,5,1,0,0.0,0,0,0,1,E,C,58,10,-2.4614999494309484
2B61A,315,anchor_top1,1,92,-0.6331745982170105,-0.6491343975067139,0.01595979928970337,1,1,223,0,3,1,0,0.0,0,0,0,1,E,C,58,12,-0.25886823153096783
2B61A,315,anchor_top1,1,113,-0.04584073647856712,-0.04394303634762764,-0.0018977001309394836,0,0,202,0,6,1,0,0.0,0,0,0,1,E,C,58,16,-2.6788941839790907
2B61A,315,anchor_top1,1,134,-4.207935810089111,-4.206719398498535,-0.0012164115905761719,0,0,181,0,5,1,0,0.0,0,0,0,1,E,C,58,22,-3.2071208136462137
2B61A,315,anchor_top1,1,154,-0.10180073976516724,-0.1022610291838646,0.0004602894186973572,0,0,161,0,3,1,0,0.0,1,0,1,0,E,E,58,25,-2.9596214880943603
2B61A,315,anchor_top1,1,175,-0.016907362267374992,-0.017688266932964325,0.0007809046655893326,0,0,140,0,3,1,0,0.0,0,0,0,1,E,C,58,30,-3.0797380351692927
2B61A,315,anchor_top1,1,195,-0.20047736167907715,-0.20786572992801666,0.007388368248939514,0,0,120,0,5,1,0,0.0,0,0,0,1,E,H,58,37,-1.89915908388353
2B61A,315,anchor_top1,1,216,-0.005764052737504244,-0.006146338768303394,0.00038228603079915047,0,0,99,0,7,1,0,0.0,0,0,0,1,E,C,58,40,-1.018546661331404
2B61A,315,anchor_top1,1,237,-0.02384823188185692,-0.020374882966279984,-0.003473348915576935,0,0,78,0,4,1,0,0.0,0,0,0,1,E,H,58,41,-2.674589278314159
2B61A,315,anchor_top1,1,257,-3.4014229774475098,-3.4395627975463867,0.03813982009887695,1,1,58,0,9,1,0,0.0,0,0,0,1,E,C,58,48,-0.9879526178460636
2B61A,315,anchor_top1,1,278,-0.10312464088201523,-0.11127554625272751,0.00815090537071228,0,1,37,0,5,1,0,0.0,0,0,0,1,E,C,58,51,-2.2997904697635154
2B61A,315,anchor_top1,1,346,-1.4346094131469727,-1.453119158744812,0.018509745597839355,1,1,31,0,2,1,4,0.23529411764705882,1,0,1,0,E,E,58,62,-1.3183589118732764
2B61A,315,anchor_top1,1,366,-1.813971996307373,-1.6899840831756592,-0.12398791313171387,0,0,51,0,2,1,1,0.043478260869565216,0,0,0,1,E,H,58,66,-2.050485502242657
2B61A,62,anchor_top2,1,10,-1.718244194984436,-1.7208702564239502,0.00262606143951416,0,0,52,-1,-1,-1,0,0.0,0,0,0,1,E,C,9,0,nan
2B61A,62,anchor_top2,1,30,-2.2293639183044434,-2.2574009895324707,0.028037071228027344,1,1,32,0,4,1,0,0.0,0,0,0,1,E,C,9,2,-2.570047843335703
2B61A,62,anchor_top2,1,98,-0.5854337811470032,-0.5974025130271912,0.011968731880187988,1,0,36,0,2,1,4,0.16,0,0,0,1,E,C,9,14,-1.6850430246320665
2B61A,62,anchor_top2,1,119,-0.11028806865215302,-0.13838861882686615,0.028100550174713135,1,1,57,0,6,1,0,0.0,0,0,0,1,E,C,9,18,-2.2888421109596293
2B61A,62,anchor_top2,1,139,-0.09752558171749115,-0.0926329717040062,-0.004892610013484955,0,0,77,0,2,1,2,0.07692307692307693,0,0,0,1,E,H,9,23,-1.7043421919023714
2B61A,62,anchor_top2,1,160,-0.1020066887140274,-0.09729772061109543,-0.004708968102931976,0,0,98,0,2,1,3,0.11538461538461539,1,0,1,0,E,E,9,27,-2.9991779319823153
2B61A,62,anchor_top2,1,181,-1.3663256168365479,-1.2929102182388306,-0.07341539859771729,0,0,119,0,2,1,4,0.16,1,0,1,0,E,E,9,33,-3.416293491964326
2B61A,62,anchor_top2,1,201,-4.192873477935791,-3.9871227741241455,-0.2057507038116455,0,0,139,-1,-1,-1,0,0.0,0,0,0,1,E,H,9,37,nan
2B61A,62,anchor_top2,1,222,-0.02880087122321129,-0.024908073246479034,-0.003892797976732254,0,0,160,0,6,1,0,0.0,0,0,0,1,E,C,9,40,-3.309616239315274
2B61A,62,anchor_top2,1,242,-3.5283000469207764,-3.5508413314819336,0.022541284561157227,1,0,180,0,5,1,0,0.0,0,0,0,1,E,H,9,43,-1.0635231460184205
2B61A,62,anchor_top2,1,263,-1.6030077934265137,-1.5860168933868408,-0.01699090003967285,0,0,201,0,8,1,0,0.0,0,0,0,1,E,H,9,50,-3.2551610974927905
2B61A,62,anchor_top2,1,284,-0.03958946838974953,-0.04557971656322479,0.0059902481734752655,0,0,222,0,4,1,0,0.0,0,0,0,1,E,H,9,52,-2.437641576826867
2B61A,62,anchor_top2,1,304,-2.8495914936065674,-2.882922410964966,0.03333091735839844,1,1,242,0,4,1,0,0.0,0,0,0,1,E,H,9,56,-2.2050076659761415
2B61A,62,anchor_top2,1,325,-0.2327711284160614,-0.22342465817928314,-0.00934647023677826,0,0,263,0,4,1,0,0.0,0,0,0,1,E,C,9,59,-2.49466608145208
2B61A,62,anchor_top2,1,346,-1.4346094131469727,-1.4157416820526123,-0.01886773109436035,0,0,284,0,4,1,0,0.0,1,0,1,0,E,E,9,62,-3.2281538442089013
2B61A,62,anchor_top2,1,366,-1.813971996307373,-1.848870038986206,0.03489804267883301,1,1,304,0,3,1,0,0.0,0,0,0,1,E,H,9,66,-1.833565894895199
2B61A,157,anchor_top3,1,10,-1.718244194984436,-1.7157222032546997,-0.002521991729736328,0,0,147,-1,-1,-1,0,0.0,0,0,0,1,E,C,27,0,nan
2B61A,157,anchor_top3,1,30,-2.2293639183044434,-2.230278491973877,0.0009145736694335938,0,0,127,0,5,1,0,0.0,0,0,0,1,E,C,27,2,-2.0519876656929594
2B61A,157,anchor_top3,1,51,-0.000364713923772797,-0.00036173476837575436,-2.979155397042632e-06,0,0,106,0,3,1,0,0.0,0,0,0,1,E,C,27,8,-3.149434337520305
2B61A,157,anchor_top3,1,72,-3.4669628143310547,-3.455127000808716,-0.011835813522338867,0,0,85,0,3,1,0,0.0,0,0,0,1,E,C,27,10,-2.071786126521341
2B61A,157,anchor_top3,1,92,-0.6331745982170105,-0.6260172724723816,-0.007157325744628906,0,0,65,0,3,1,0,0.0,0,0,0,1,E,C,27,12,-0.7105884592778655
2B61A,157,anchor_top3,1,113,-0.04584073647856712,-0.047186434268951416,0.0013456977903842926,0,0,44,0,4,1,0,0.0,0,0,0,1,E,C,27,16,-2.7672101320229108
2B61A,157,anchor_top3,1,181,-1.3663256168365479,-1.4021191596984863,0.03579354286193848,1,1,24,1,1,1,6,0.2608695652173913,1,0,1,0,E,E,27,33,-1.060134206426092
2B61A,157,anchor_top3,1,201,-4.192873477935791,-4.158570289611816,-0.03430318832397461,0,0,44,-1,-1,-1,0,0.0,0,0,0,1,E,H,27,37,nan
2B61A,157,anchor_top3,1,222,-0.02880087122321129,-0.02995532751083374,0.0011544562876224518,0,0,65,0,6,1,0,0.0,0,0,0,1,E,C,27,40,-1.6975551843119305
2B61A,157,anchor_top3,1,242,-3.5283000469207764,-3.5025272369384766,-0.025772809982299805,0,0,85,0,5,1,0,0.0,0,0,0,1,E,H,27,43,-4.012898408198179
2B61A,157,anchor_top3,1,263,-1.6030077934265137,-1.6060526371002197,0.0030448436737060547,0,1,106,0,7,1,0,0.0,0,0,0,1,E,H,27,50,-1.9790470394476594
2B61A,157,anchor_top3,1,284,-0.03958946838974953,-0.041158586740493774,0.0015691183507442474,0,0,127,0,4,1,0,0.0,0,0,0,1,E,H,27,52,-1.9161101366808775
2B61A,157,anchor_top3,1,304,-2.8495914936065674,-2.8539724349975586,0.004380941390991211,0,1,147,0,4,1,0,0.0,0,0,0,1,E,H,27,56,-2.7749142161489853
2B61A,157,anchor_top3,1,325,-0.2327711284160614,-0.23195472359657288,-0.0008164048194885254,0,0,168,0,3,1,0,0.0,0,0,0,1,E,C,27,59,-1.0805221136780334
2B61A,157,anchor_top3,1,346,-1.4346094131469727,-1.440622329711914,0.006012916564941406,0,1,189,0,4,1,0,0.0,1,0,1,0,E,E,27,62,-1.3633836159690222
2B61A,157,anchor_top3,1,366,-1.813971996307373,-1.8097507953643799,-0.004221200942993164,0,0,209,0,3,1,0,0.0,0,0,0,1,E,H,27,66,-2.208716772761774
2B61A,93,control,0,10,-1.718244194984436,-1.7185499668121338,0.0003057718276977539,0,0,83,-1,-1,-1,0,0.0,0,0,0,1,E,C,13,0,nan
2B61A,93,control,0,30,-2.2293639183044434,-2.2297019958496094,0.0003380775451660156,0,1,63,0,6,1,0,0.0,0,0,0,1,E,C,13,2,-2.479309048769385
2B61A,93,control,0,51,-0.000364713923772797,-0.0003641180810518563,-5.958427209407091e-07,0,0,42,0,2,1,3,0.13636363636363635,0,0,0,1,E,C,13,8,-3.97090480610901
2B61A,93,control,0,119,-0.11028806865215302,-0.11041990667581558,0.00013183802366256714,0,0,26,0,6,1,0,0.0,0,0,0,1,E,C,13,18,-2.623480400825598
2B61A,93,control,0,139,-0.09752558171749115,-0.09751411527395248,-1.1466443538665771e-05,0,0,46,0,4,1,0,0.0,0,0,0,1,E,H,13,23,-1.157460959978549
2B61A,93,control,0,160,-0.1020066887140274,-0.10190323740243912,-0.00010345131158828735,0,0,67,0,2,1,1,0.034482758620689655,1,0,1,0,E,E,13,27,-2.579084195478243
2B61A,93,control,0,181,-1.3663256168365479,-1.3659883737564087,-0.00033724308013916016,0,0,88,0,3,1,0,0.0,1,0,1,0,E,E,13,33,-2.8630316038523937
2B61A,93,control,0,201,-4.192873477935791,-4.194419860839844,0.0015463829040527344,0,1,108,-1,-1,-1,0,0.0,0,0,0,1,E,H,13,37,nan
2B61A,93,control,0,222,-0.02880087122321129,-0.0287774745374918,-2.339668571949005e-05,0,0,129,0,7,1,0,0.0,0,0,0,1,E,C,13,40,-2.050120063522138
2B61A,93,control,0,242,-3.5283000469207764,-3.528623580932617,0.0003235340118408203,0,1,149,0,4,1,0,0.0,0,0,0,1,E,H,13,43,-3.6377506334436718
2B61A,93,control,0,263,-1.6030077934265137,-1.603136420249939,0.00012862682342529297,0,0,170,0,7,1,0,0.0,0,0,0,1,E,H,13,50,-1.7970085499515962
2B61A,93,control,0,284,-0.03958946838974953,-0.039574574679136276,-1.4893710613250732e-05,0,0,191,0,5,1,0,0.0,0,0,0,1,E,H,13,52,-1.8169770592836993
2B61A,93,control,0,304,-2.8495914936065674,-2.8496885299682617,9.703636169433594e-05,0,0,211,0,6,1,0,0.0,0,0,0,1,E,H,13,56,-2.4945265277645183
2B61A,93,control,0,325,-0.2327711284160614,-0.23273363709449768,-3.74913215637207e-05,0,0,232,0,4,1,0,0.0,0,0,0,1,E,C,13,59,-2.33900180718395
2B61A,93,control,0,346,-1.4346094131469727,-1.4350343942642212,0.00042498111724853516,0,1,253,0,4,1,0,0.0,1,0,1,0,E,E,13,62,-1.9474755232770034
2B61A,93,control,0,366,-1.813971996307373,-1.807603359222412,-0.0063686370849609375,0,0,273,0,2,1,4,0.17391304347826086,0,0,0,1,E,H,13,66,-2.4260382775512803
2B61A,49,control,0,10,-1.718244194984436,-1.7184687852859497,0.00022459030151367188,0,1,39,-1,-1,-1,0,0.0,0,0,0,1,E,C,7,0,nan
2B61A,49,control,0,77,-1.5890345573425293,-1.5875170230865479,-0.0015175342559814453,0,0,28,0,4,1,0,0.0,0,0,0,1,E,C,7,10,-0.8958479178947498
2B61A,49,control,0,98,-0.5854337811470032,-0.5856385827064514,0.0002048015594482422,0,1,49,0,2,1,4,0.2,0,0,0,1,E,C,7,14,-2.1809140323947998
2B61A,49,control,0,119,-0.11028806865215302,-0.11037582159042358,8.775293827056885e-05,0,0,70,0,5,1,0,0.0,0,0,0,1,E,C,7,18,-2.189130367641304
2B61A,49,control,0,139,-0.09752558171749115,-0.09748892486095428,-3.6656856536865234e-05,0,0,90,0,4,1,0,0.0,0,0,0,1,E,H,7,23,-1.5838288193049368
2B61A,49,control,0,160,-0.1020066887140274,-0.10213639587163925,0.00012970715761184692,0,1,111,0,4,1,0,0.0,1,0,1,0,E,E,7,27,-3.6531313892351593
2B61A,49,control,0,181,-1.3663256168365479,-1.3662354946136475,-9.012222290039062e-05,0,0,132,0,4,1,0,0.0,1,0,1,0,E,E,7,33,-2.8156779380015338
2B61A,49,control,0,201,-4.192873477935791,-4.192659854888916,-0.000213623046875,0,0,152,-1,-1,-1,0,0.0,0,0,0,1,E,H,7,37,nan
2B61A,49,control,0,222,-0.02880087122321129,-0.02880944311618805,8.571892976760864e-06,0,0,173,0,6,1,0,0.0,0,0,0,1,E,C,7,40,-3.2044309157449544
2B61A,49,control,0,242,-3.5283000469207764,-3.528275728225708,-2.4318695068359375e-05,0,0,193,0,6,1,0,0.0,0,0,0,1,E,H,7,43,-1.5783962282724633
2B61A,49,control,0,263,-1.6030077934265137,-1.6029644012451172,-4.3392181396484375e-05,0,0,214,0,8,1,0,0.0,0,0,0,1,E,H,7,50,-4.150277651945059
2B61A,49,control,0,284,-0.03958946838974953,-0.03960539773106575,1.5929341316223145e-05,0,0,235,0,5,1,0,0.0,0,0,0,1,E,H,7,52,-1.9450471453257294
2B61A,49,control,0,304,-2.8495914936065674,-2.849943161010742,0.0003516674041748047,0,1,255,0,6,1,0,0.0,0,0,0,1,E,H,7,56,-3.0273657657259183
2B61A,49,control,0,325,-0.2327711284160614,-0.2328227013349533,5.157291889190674e-05,0,0,276,0,5,1,0,0.0,0,0,0,1,E,C,7,59,-4.325602075939678
2B61A,49,control,0,346,-1.4346094131469727,-1.4344642162322998,-0.00014519691467285156,0,0,297,0,6,1,0,0.0,1,0,1,0,E,E,7,62,-3.704246465094872
2B61A,49,control,0,366,-1.813971996307373,-1.8122361898422241,-0.0017358064651489258,0,0,317,0,4,1,0,0.0,0,0,0,1,E,H,7,66,-2.3993334365792873
2B61A,125,control,0,10,-1.718244194984436,-1.7182124853134155,-3.170967102050781e-05,0,0,115,-1,-1,-1,0,0.0,0,0,0,1,E,C,19,0,nan
2B61A,125,control,0,30,-2.2293639183044434,-2.228734016418457,-0.0006299018859863281,0,0,95,0,5,1,0,0.0,0,0,0,1,E,C,19,2,-1.9335628231361812
2B61A,125,control,0,51,-0.000364713923772797,-0.00036459474358707666,-1.1918018572032452e-07,0,0,74,0,6,1,0,0.0,0,0,0,1,E,C,19,8,-2.115747484142917
2B61A,125,control,0,72,-3.4669628143310547,-3.467027187347412,6.437301635742188e-05,0,0,53,0,4,1,0,0.0,0,0,0,1,E,C,19,10,-2.2227261402913867
2B61A,125,control,0,92,-0.6331745982170105,-0.6324809789657593,-0.0006936192512512207,0,0,33,0,7,1,0,0.0,0,0,0,1,E,C,19,12,0.03624042768916391
2B61A,125,control,0,160,-0.1020066887140274,-0.10228094458580017,0.0002742558717727661,0,0,35,0,5,1,0,0.0,1,0,1,0,E,E,19,27,-1.5364219332571905
2B61A,125,control,0,181,-1.3663256168365479,-1.367687702178955,0.0013620853424072266,0,1,56,0,6,1,0,0.0,1,0,1,0,E,E,19,33,-2.0305281509108544
2B61A,125,control,0,201,-4.192873477935791,-4.193690776824951,0.0008172988891601562,0,1,76,-1,-1,-1,0,0.0,0,0,0,1,E,H,19,37,nan
2B61A,125,control,0,222,-0.02880087122321129,-0.02878871001303196,-1.2161210179328918e-05,0,0,97,0,3,1,0,0.0,0,0,0,1,E,C,19,40,-1.9884554235409264
2B61A,125,control,0,242,-3.5283000469207764,-3.5275003910064697,-0.0007996559143066406,0,0,117,0,7,1,0,0.0,0,0,0,1,E,H,19,43,-3.2286155442211757
2B61A,125,control,0,263,-1.6030077934265137,-1.6023961305618286,-0.0006116628646850586,0,0,138,0,7,1,0,0.0,0,0,0,1,E,H,19,50,-3.350172171600787
2B61A,125,control,0,284,-0.03958946838974953,-0.03961547836661339,2.6009976863861084e-05,0,0,159,0,3,1,0,0.0,0,0,0,1,E,H,19,52,-4.747337435963628
2B61A,125,control,0,304,-2.8495914936065674,-2.8497567176818848,0.0001652240753173828,0,0,179,0,7,1,0,0.0,0,0,0,1,E,H,19,56,-1.749468254972557
2B61A,125,control,0,325,-0.2327711284160614,-0.2327204942703247,-5.0634145736694336e-05,0,0,200,0,6,1,0,0.0,0,0,0,1,E,C,19,59,-2.3048535975344815
2B61A,125,control,0,346,-1.4346094131469727,-1.4351692199707031,0.0005598068237304688,0,1,221,0,8,1,0,0.0,1,0,1,0,E,E,19,62,-2.271264839308642
2B61A,125,control,0,366,-1.813971996307373,-1.8142683506011963,0.0002963542938232422,0,1,241,0,7,1,0,0.0,0,0,0,1,E,H,19,66,-2.393603527381513
2B61A,46,control,0,10,-1.718244194984436,-1.7180726528167725,-0.00017154216766357422,0,0,36,-1,-1,-1,0,0.0,0,0,0,1,E,C,7,0,nan
2B61A,46,control,0,77,-1.5890345573425293,-1.5891813039779663,0.00014674663543701172,0,0,31,0,4,1,0,0.0,0,0,0,1,E,C,7,10,-1.3036734034476107
2B61A,46,control,0,98,-0.5854337811470032,-0.5863761901855469,0.0009424090385437012,0,1,52,0,3,1,0,0.0,0,0,0,1,E,C,7,14,-2.7268368858383663
2B61A,46,control,0,119,-0.11028806865215302,-0.11023756861686707,-5.050003528594971e-05,0,0,73,0,3,1,0,0.0,0,0,0,1,E,C,7,18,-3.3947636651943545
2B61A,46,control,0,139,-0.09752558171749115,-0.09747518599033356,-5.0395727157592773e-05,0,0,93,0,3,1,0,0.0,0,0,0,1,E,H,7,23,-2.94060618418817
2B61A,46,control,0,160,-0.1020066887140274,-0.10164061933755875,-0.00036606937646865845,0,0,114,0,4,1,0,0.0,1,0,1,0,E,E,7,27,-4.158736503110196
2B61A,46,control,0,181,-1.3663256168365479,-1.3659956455230713,-0.0003299713134765625,0,0,135,0,4,1,0,0.0,1,0,1,0,E,E,7,33,-3.7311707864348915
2B61A,46,control,0,201,-4.192873477935791,-4.192876815795898,3.337860107421875e-06,0,0,155,-1,-1,-1,0,0.0,0,0,0,1,E,H,7,37,nan
2B61A,46,control,0,222,-0.02880087122321129,-0.028829479590058327,2.860836684703827e-05,0,0,176,0,5,1,0,0.0,0,0,0,1,E,C,7,40,-4.027178118124061
2B61A,46,control,0,242,-3.5283000469207764,-3.5284981727600098,0.00019812583923339844,0,1,196,0,5,1,0,0.0,0,0,0,1,E,H,7,43,-1.8316876056243099
2B61A,46,control,0,263,-1.6030077934265137,-1.6029305458068848,-7.724761962890625e-05,0,0,217,0,6,1,0,0.0,0,0,0,1,E,H,7,50,-3.6566186297783703
2B61A,46,control,0,284,-0.03958946838974953,-0.03963129222393036,4.182383418083191e-05,0,0,238,0,4,1,0,0.0,0,0,0,1,E,H,7,52,-1.971917694467209
2B61A,46,control,0,304,-2.8495914936065674,-2.850405216217041,0.0008137226104736328,0,1,258,0,6,1,0,0.0,0,0,0,1,E,H,7,56,-3.8763413879742505
2B61A,46,control,0,325,-0.2327711284160614,-0.23280635476112366,3.522634506225586e-05,0,0,279,0,5,1,0,0.0,0,0,0,1,E,C,7,59,-4.426854079154323
2B61A,46,control,0,346,-1.4346094131469727,-1.43461012840271,7.152557373046875e-07,0,0,300,0,6,1,0,0.0,1,0,1,0,E,E,7,62,-3.383910701614034
2B61A,46,control,0,366,-1.813971996307373,-1.8142443895339966,0.00027239322662353516,0,1,320,0,4,1,0,0.0,0,0,0,1,E,H,7,66,-2.6377098164414963
2B61A,32,control,0,57,-0.6444014310836792,-0.6440784335136414,-0.0003229975700378418,0,0,25,0,5,1,0,0.0,0,0,0,1,E,C,3,8,-1.815750920735935
2B61A,32,control,0,77,-1.5890345573425293,-1.588160753250122,-0.0008738040924072266,0,0,45,0,6,1,0,0.0,0,0,0,1,E,C,3,10,nan
2B61A,32,control,0,98,-0.5854337811470032,-0.5855951309204102,0.00016134977340698242,0,1,66,0,5,1,0,0.0,0,0,0,1,E,C,3,14,-1.0757185644889695
2B61A,32,control,0,119,-0.11028806865215302,-0.11019261926412582,-9.544938802719116e-05,0,0,87,0,3,1,0,0.0,0,0,0,1,E,C,3,18,-1.9795459609776835
2B61A,32,control,0,139,-0.09752558171749115,-0.09744956344366074,-7.601827383041382e-05,0,0,107,0,2,1,3,0.14285714285714285,0,0,0,1,E,H,3,23,-1.9654695138044374
2B61A,32,control,0,160,-0.1020066887140274,-0.10190312564373016,-0.00010356307029724121,0,0,128,0,4,1,0,0.0,1,0,1,0,E,E,3,27,-2.019428410371933
2B61A,32,control,0,181,-1.3663256168365479,-1.3664144277572632,8.881092071533203e-05,0,1,149,0,4,1,0,0.0,1,0,1,0,E,E,3,33,-2.523660395815178
2B61A,32,control,0,201,-4.192873477935791,-4.193459510803223,0.0005860328674316406,0,1,169,-1,-1,-1,0,0.0,0,0,0,1,E,H,3,37,nan
2B61A,32,control,0,222,-0.02880087122321129,-0.028805388137698174,4.516914486885071e-06,0,0,190,0,6,1,0,0.0,0,0,0,1,E,C,3,40,-1.5688797115913724
2B61A,32,control,0,242,-3.5283000469207764,-3.528157949447632,-0.00014209747314453125,0,0,210,0,7,1,0,0.0,0,0,0,1,E,H,3,43,-3.088113396484196
2B61A,32,control,0,263,-1.6030077934265137,-1.6030880212783813,8.022785186767578e-05,0,0,231,0,8,1,0,0.0,0,0,0,1,E,H,3,50,-2.050705953110245
2B61A,32,control,0,284,-0.03958946838974953,-0.0395500510931015,-3.941729664802551e-05,0,0,252,0,4,1,0,0.0,0,0,0,1,E,H,3,52,-3.6249329107440986
2B61A,32,control,0,304,-2.8495914936065674,-2.8495864868164062,-5.0067901611328125e-06,0,0,272,0,5,1,0,0.0,0,0,0,1,E,H,3,56,-0.9256835664575083
2B61A,32,control,0,325,-0.2327711284160614,-0.23269329965114594,-7.782876491546631e-05,0,0,293,0,6,1,0,0.0,0,0,0,1,E,C,3,59,-2.510141988902602
2B61A,32,control,0,346,-1.4346094131469727,-1.43467116355896,6.175041198730469e-05,0,0,314,0,6,1,0,0.0,1,0,1,0,E,E,3,62,-2.226828050685746
2B61A,32,control,0,366,-1.813971996307373,-1.814136028289795,0.000164031982421875,0,1,334,0,6,1,0,0.0,0,0,0,1,E,H,3,66,-2.708365188056328
2DPMA,190,anchor_top1,1,7,-1.5220428705215454,-1.5504240989685059,0.02838122844696045,1,1,183,-1,-1,-1,0,0.0,0,0,0,1,E,C,33,0,nan
2DPMA,190,anchor_top1,1,22,-0.24635198712348938,-0.2449142187833786,-0.0014377683401107788,0,0,168,0,4,1,0,0.0,0,0,0,1,E,H,33,1,-2.846431702270911
2DPMA,190,anchor_top1,1,37,-0.4041500985622406,-0.3834387958049774,-0.020711302757263184,0,0,153,0,2,1,4,0.18181818181818182,0,0,0,1,E,C,33,2,-2.306057486361396
2DPMA,190,anchor_top1,1,51,-0.9967230558395386,-0.9426379203796387,-0.0540851354598999,0,0,139,0,3,1,0,0.0,0,0,0,1,E,H,33,5,-1.2785624796412547
2DPMA,190,anchor_top1,1,66,-0.11506009101867676,-0.11248034983873367,-0.0025797411799430847,0,0,124,0,3,1,0,0.0,0,0,0,1,E,H,33,9,-1.8364266310714625
2DPMA,190,anchor_top1,1,81,-0.4184761047363281,-0.37466463446617126,-0.04381147027015686,0,0,109,0,6,1,0,0.0,0,0,0,1,E,H,33,11,-1.9476090005089035
2DPMA,190,anchor_top1,1,96,-0.26337113976478577,-0.21344567835330963,-0.049925461411476135,0,0,94,0,7,1,0,0.0,0,0,0,1,E,H,33,13,-1.269664390289508
2DPMA,190,anchor_top1,1,111,-2.8379430770874023,-2.926469087600708,0.08852601051330566,1,1,79,0,6,1,0,0.0,0,0,0,1,E,C,33,16,-1.980946144388891
2DPMA,190,anchor_top1,1,125,-1.4629323482513428,-1.234617829322815,-0.22831451892852783,0,0,65,0,5,1,0,0.0,0,0,0,1,E,H,33,17,-2.0081903666424483
2DPMA,190,anchor_top1,1,140,-0.043217308819293976,-0.039081741124391556,-0.00413556769490242,0,0,50,0,6,1,0,0.0,1,0,1,0,E,E,33,23,-2.375882678621466
2DPMA,190,anchor_top1,1,155,-0.5736837387084961,-0.5773951411247253,0.003711402416229248,0,1,35,0,6,1,0,0.0,0,0,0,1,E,H,33,27,-1.5500081573435285
2DPMA,190,anchor_top1,1,217,-0.1723381131887436,-0.18264460563659668,0.010306492447853088,1,1,27,0,3,1,0,0.0,0,0,0,1,E,H,33,37,-1.1826255330329456
2DPMA,190,anchor_top1,1,232,-0.057398922741413116,-0.060786619782447815,0.0033876970410346985,0,0,42,0,2,1,3,0.15,0,0,0,1,E,C,33,38,-0.8541052828536513
2DPMA,190,anchor_top1,1,246,-1.6715564727783203,-1.6566411256790161,-0.0149153470993042,0,0,56,0,4,1,0,0.0,0,0,0,1,E,H,33,41,-2.608028472911378
2DPMA,190,anchor_top1,1,261,-0.0011099375551566482,-0.0014427024871110916,0.00033276493195444345,0,0,71,-1,-1,-1,0,0.0,0,0,0,1,E,C,33,44,nan
2DPMA,190,anchor_top1,1,276,-1.6817582845687866,-1.6104326248168945,-0.07132565975189209,0,0,86,0,3,1,0,0.0,1,0,1,0,E,E,33,47,-2.3968483411879116
2DPMA,39,anchor_top2,1,7,-1.5220428705215454,-1.4554451704025269,-0.06659770011901855,0,0,32,-1,-1,-1,0,0.0,0,0,0,1,E,C,3,0,nan
2DPMA,39,anchor_top2,1,69,-1.9631484746932983,-2.042083740234375,0.07893526554107666,1,1,30,0,3,1,0,0.0,0,0,0,1,E,H,3,9,-2.2005009048765864
2DPMA,39,anchor_top2,1,84,-0.24045443534851074,-0.27888134121894836,0.03842690587043762,1,1,45,0,5,1,0,0.0,0,0,0,1,E,H,3,11,-1.0240096155974858
2DPMA,39,anchor_top2,1,98,-2.7942800521850586,-2.7725205421447754,-0.021759510040283203,0,0,59,0,7,1,0,0.0,0,0,0,1,E,H,3,13,-2.116975003250975
2DPMA,39,anchor_top2,1,113,-2.4582877159118652,-2.398557662963867,-0.05973005294799805,0,0,74,0,4,1,0,0.0,0,0,0,1,E,H,3,17,-1.4766836236217724
2DPMA,39,anchor_top2,1,128,-0.7522844076156616,-0.747282862663269,-0.005001544952392578,0,0,89,0,6,1,0,0.0,0,0,0,1,E,H,3,19,-2.7221749566031197
2DPMA,39,anchor_top2,1,143,-0.01917586289346218,-0.022517593577504158,0.003341730684041977,0,0,104,0,6,1,0,0.0,0,0,0,1,E,C,3,24,-2.194914087616463
2DPMA,39,anchor_top2,1,158,-0.5526092648506165,-0.5331228375434875,-0.019486427307128906,0,0,119,0,4,1,0,0.0,0,0,0,1,E,H,3,27,-2.08360008441606
2DPMA,39,anchor_top2,1,172,-0.8796157836914062,-0.962335467338562,0.08271968364715576,1,1,133,0,2,1,1,0.043478260869565216,1,0,1,0,E,E,3,29,-0.4789619549190358
2DPMA,39,anchor_top2,1,187,-0.424103319644928,-0.43607908487319946,0.011975765228271484,1,0,148,0,2,1,2,0.09523809523809523,0,0,0,1,E,C,3,32,-2.356484675903761
2DPMA,39,anchor_top2,1,202,-0.10921892523765564,-0.11305830627679825,0.0038393810391426086,0,0,163,-1,-1,-1,0,0.0,0,0,0,1,E,H,3,35,nan
2DPMA,39,anchor_top2,1,217,-0.1723381131887436,-0.17501716315746307,0.0026790499687194824,0,0,178,0,4,1,0,0.0,0,0,0,1,E,H,3,37,-1.7312912081191247
2DPMA,39,anchor_top2,1,232,-0.057398922741413116,-0.05654051527380943,-0.0008584074676036835,0,0,193,0,3,1,0,0.0,0,0,0,1,E,C,3,38,-0.9998971363328057
2DPMA,39,anchor_top2,1,246,-1.6715564727783203,-1.6682584285736084,-0.003298044204711914,0,0,207,0,4,1,0,0.0,0,0,0,1,E,H,3,41,-0.9440914383044956
2DPMA,39,anchor_top2,1,261,-0.0011099375551566482,-0.0010919567430391908,-1.798081211745739e-05,0,0,222,-1,-1,-1,0,0.0,0,0,0,1,E,C,3,44,nan
2DPMA,39,anchor_top2,1,276,-1.6817582845687866,-1.694327473640442,0.012569189071655273,1,1,237,0,3,1,0,0.0,1,0,1,0,E,E,3,47,-1.683818781034966
2DPMA,57,anchor_top3,1,7,-1.5220428705215454,-1.5263049602508545,0.004262089729309082,0,0,50,-1,-1,-1,0,0.0,0,0,0,1,E,C,7,0,nan
2DPMA,57,anchor_top3,1,22,-0.24635198712348938,-0.25321945548057556,0.006867468357086182,0,1,35,0,4,1,0,0.0,0,0,0,1,E,H,7,1,-1.3970926647444126
2DPMA,57,anchor_top3,1,84,-0.24045443534851074,-0.2221764326095581,-0.018278002738952637,0,0,27,0,5,1,0,0.0,0,0,0,1,E,H,7,11,-2.0146217840920113
2DPMA,57,anchor_top3,1,98,-2.7942800521850586,-2.8005332946777344,0.006253242492675781,0,0,41,0,7,1,0,0.0,0,0,0,1,E,H,7,13,-1.815112687765469
2DPMA,57,anchor_top3,1,113,-2.4582877159118652,-2.475098133087158,0.01681041717529297,1,1,56,0,4,1,0,0.0,0,0,0,1,E,H,7,17,-2.383748536205928
2DPMA,57,anchor_top3,1,128,-0.7522844076156616,-0.7368549108505249,-0.015429496765136719,0,0,71,0,6,1,0,0.0,0,0,0,1,E,H,7,19,-1.6690535300097231
2DPMA,57,anchor_top3,1,143,-0.01917586289346218,-0.018750207498669624,-0.00042565539479255676,0,0,86,0,6,1,0,0.0,0,0,0,1,E,C,7,24,-1.7735801675058092
2DPMA,57,anchor_top3,1,158,-0.5526092648506165,-0.564170241355896,0.011560976505279541,1,1,101,0,4,1,0,0.0,0,0,0,1,E,H,7,27,-2.2452867964110355
2DPMA,57,anchor_top3,1,172,-0.8796157836914062,-0.8521198630332947,-0.027495920658111572,0,0,115,0,2,1,3,0.13636363636363635,1,0,1,0,E,E,7,29,-2.01767972381394
2DPMA,57,anchor_top3,1,187,-0.424103319644928,-0.4188690483570099,-0.005234271287918091,0,0,130,0,3,1,0,0.0,0,0,0,1,E,C,7,32,-1.6315185369199323
2DPMA,57,anchor_top3,1,202,-0.10921892523765564,-0.10793934762477875,-0.001279577612876892,0,0,145,-1,-1,-1,0,0.0,0,0,0,1,E,H,7,35,nan
2DPMA,57,anchor_top3,1,217,-0.1723381131887436,-0.17239932715892792,6.121397018432617e-05,0,0,160,0,4,1,0,0.0,0,0,0,1,E,H,7,37,-1.6981587700255214
2DPMA,57,anchor_top3,1,232,-0.057398922741413116,-0.0570993572473526,-0.00029956549406051636,0,0,175,0,4,1,0,0.0,0,0,0,1,E,C,7,38,-0.9568549619227382
2DPMA,57,anchor_top3,1,246,-1.6715564727783203,-1.663101077079773,-0.008455395698547363,0,0,189,0,5,1,0,0.0,0,0,0,1,E,H,7,41,-1.386076686861466
2DPMA,57,anchor_top3,1,261,-0.0011099375551566482,-0.0011042217956855893,-5.7157594710588455e-06,0,0,204,-1,-1,-1,0,0.0,0,0,0,1,E,C,7,44,nan
2DPMA,57,anchor_top3,1,276,-1.6817582845687866,-1.6882332563400269,0.006474971771240234,0,1,219,0,4,1,0,0.0,1,0,1,0,E,E,7,47,-2.4390524698373386
2DPMA,127,control,0,7,-1.5220428705215454,-1.5224069356918335,0.00036406517028808594,0,0,120,-1,-1,-1,0,0.0,0,0,0,1,E,C,18,0,nan
2DPMA,127,control,0,22,-0.24635198712348938,-0.24575378000736237,-0.0005982071161270142,0,0,105,0,5,1,0,0.0,0,0,0,1,E,H,18,1,-1.0144997294678828
2DPMA,127,control,0,37,-0.4041500985622406,-0.4040891230106354,-6.097555160522461e-05,0,0,90,0,7,1,0,0.0,0,0,0,1,E,C,18,2,-1.9467681294463408
2DPMA,127,control,0,51,-0.9967230558395386,-0.9962735772132874,-0.0004494786262512207,0,0,76,0,5,1,0,0.0,0,0,0,1,E,H,18,5,-2.2046076606409426
2DPMA,127,control,0,66,-0.11506009101867676,-0.11639384180307388,0.0013337507843971252,0,1,61,0,3,1,0,0.0,0,0,0,1,E,H,18,9,-1.8562609327114932
2DPMA,127,control,0,81,-0.4184761047363281,-0.41994908452033997,0.0014729797840118408,0,1,46,0,4,1,0,0.0,0,0,0,1,E,H,18,11,2.2802723670209555
2DPMA,127,control,0,96,-0.26337113976478577,-0.2693144977092743,0.005943357944488525,0,1,31,1,1,1,3,0.13043478260869565,0,0,0,1,E,H,18,13,5.013562099643201
2DPMA,127,control,0,158,-0.5526092648506165,-0.5518436431884766,-0.0007656216621398926,0,0,31,0,4,1,0,0.0,0,0,0,1,E,H,18,27,-1.767806834971358
2DPMA,127,control,0,172,-0.8796157836914062,-0.8823010325431824,0.002685248851776123,0,1,45,0,5,1,0,0.0,1,0,1,0,E,E,18,29,-1.9751282835893966
2DPMA,127,control,0,187,-0.424103319644928,-0.42440560460090637,0.00030228495597839355,0,0,60,0,7,1,0,0.0,0,0,0,1,E,C,18,32,-2.5536361966323837
2DPMA,127,control,0,202,-0.10921892523765564,-0.10962550342082977,0.0004065781831741333,0,0,75,-1,-1,-1,0,0.0,0,0,0,1,E,H,18,35,nan
2DPMA,127,control,0,217,-0.1723381131887436,-0.17254790663719177,0.00020979344844818115,0,0,90,0,6,1,0,0.0,0,0,0,1,E,H,18,37,-2.149831062679866
2DPMA,127,control,0,232,-0.057398922741413116,-0.05741828307509422,1.9360333681106567e-05,0,0,105,0,8,1,0,0.0,0,0,0,1,E,C,18,38,-1.225394155686244
2DPMA,127,control,0,246,-1.6715564727783203,-1.671387791633606,-0.00016868114471435547,0,0,119,0,7,1,0,0.0,0,0,0,1,E,H,18,41,-2.491279204714442
2DPMA,127,control,0,261,-0.0011099375551566482,-0.0011086276499554515,-1.3099052011966705e-06,0,0,134,-1,-1,-1,0,0.0,0,0,0,1,E,C,18,44,nan
2DPMA,127,control,0,276,-1.6817582845687866,-1.6814687252044678,-0.00028955936431884766,0,0,149,0,6,1,0,0.0,1,0,1,0,E,E,18,47,-2.2467673139621014
2DPMA,238,control,0,7,-1.5220428705215454,-1.5220513343811035,8.463859558105469e-06,0,0,231,-1,-1,-1,0,0.0,0,0,0,1,E,C,39,0,nan
2DPMA,238,control,0,22,-0.24635198712348938,-0.24649621546268463,0.00014422833919525146,0,0,216,0,2,1,2,0.13333333333333333,0,0,0,1,E,H,39,1,-2.3929049576134314
2DPMA,238,control,0,37,-0.4041500985622406,-0.40411442518234253,-3.567337989807129e-05,0,0,201,0,3,1,0,0.0,0,0,0,1,E,C,39,2,-1.8079408657366192
2DPMA,238,control,0,51,-0.9967230558395386,-0.9958598017692566,-0.0008632540702819824,0,0,187,0,3,1,0,0.0,0,0,0,1,E,H,39,5,-0.420386534158387
2DPMA,238,control,0,66,-0.11506009101867676,-0.11513669043779373,7.659941911697388e-05,0,0,172,0,3,1,0,0.0,0,0,0,1,E,H,39,9,-1.9000321678010272
2DPMA,238,control,0,81,-0.4184761047363281,-0.4181261956691742,-0.00034990906715393066,0,0,157,0,6,1,0,0.0,0,0,0,1,E,H,39,11,-2.1934785451902292
2DPMA,238,control,0,96,-0.26337113976478577,-0.26328885555267334,-8.228421211242676e-05,0,0,142,0,6,1,0,0.0,0,0,0,1,E,H,39,13,-1.8703673896663777
2DPMA,238,control,0,111,-2.8379430770874023,-2.8391644954681396,0.0012214183807373047,0,1,127,0,6,1,0,0.0,0,0,0,1,E,C,39,16,-1.9708347205174017
2DPMA,238,control,0,125,-1.4629323482513428,-1.4634017944335938,0.00046944618225097656,0,0,113,0,5,1,0,0.0,0,0,0,1,E,H,39,17,-1.0904015537028688
2DPMA,238,control,0,140,-0.043217308819293976,-0.04327530413866043,5.799531936645508e-05,0,0,98,0,6,1,0,0.0,1,0,1,0,E,E,39,23,-3.142409444632467
2DPMA,238,control,0,155,-0.5736837387084961,-0.5736469626426697,-3.6776065826416016e-05,0,0,83,0,5,1,0,0.0,0,0,0,1,E,H,39,27,-2.5356556354906226
2DPMA,238,control,0,170,-4.029499530792236,-4.0293402671813965,-0.00015926361083984375,0,0,68,0,4,1,0,0.0,1,0,1,0,E,E,39,29,-2.881127248489714
2DPMA,238,control,0,185,-2.806641101837158,-2.807577133178711,0.0009360313415527344,0,1,53,0,4,1,0,0.0,0,0,0,1,E,C,39,32,-2.0074073911591817
2DPMA,238,control,0,199,-1.0418999195098877,-1.0396416187286377,-0.00225830078125,0,0,39,0,3,1,0,0.0,0,0,0,1,E,C,39,34,-0.6036778935196936
2DPMA,238,control,0,214,-1.2552461624145508,-1.2564696073532104,0.001223444938659668,0,1,24,0,3,1,0,0.0,0,0,0,1,E,C,39,36,-1.9505189765474058
2DPMA,238,control,0,276,-1.6817582845687866,-1.6824753284454346,0.0007170438766479492,0,1,38,1,1,1,3,0.125,1,0,1,0,E,E,39,47,-1.137706230322808
2DPMA,277,control,0,7,-1.5220428705215454,-1.5221272706985474,8.440017700195312e-05,0,0,270,-1,-1,-1,0,0.0,0,0,0,1,E,C,47,0,nan
2DPMA,277,control,0,23,-0.02934996224939823,-0.029365012422204018,1.5050172805786133e-05,0,0,254,0,2,1,4,0.21052631578947367,0,0,0,1,E,H,47,1,-1.9905546037348931
2DPMA,277,control,0,39,-0.6967156529426575,-0.6968919038772583,0.00017625093460083008,0,0,238,0,3,1,0,0.0,1,0,1,0,E,E,47,3,-1.5022136367784333
2DPMA,277,control,0,55,-1.0837526321411133,-1.0839592218399048,0.0002065896987915039,0,1,222,0,5,1,0,0.0,0,0,0,1,E,C,47,6,-2.197259104598086
2DPMA,277,control,0,71,-1.75200355052948,-1.7522189617156982,0.00021541118621826172,0,1,206,0,6,1,0,0.0,0,0,0,1,E,H,47,9,-2.1362986532617847
2DPMA,277,control,0,87,-0.35987502336502075,-0.35964518785476685,-0.00022983551025390625,0,0,190,0,7,1,0,0.0,0,0,0,1,E,H,47,11,-1.34160381705937
2DPMA,277,control,0,103,-0.030719637870788574,-0.030705997720360756,-1.3640150427818298e-05,0,0,174,0,8,1,0,0.0,0,0,0,1,E,H,47,13,-1.6801921064357845
2DPMA,277,control,0,119,-0.012991665862500668,-0.012989901006221771,-1.7648562788963318e-06,0,0,158,0,7,1,0,0.0,0,0,0,1,E,H,47,17,-2.6194209754038034
2DPMA,277,control,0,134,-0.08068297058343887,-0.08069396764039993,1.099705696105957e-05,0,0,143,0,6,1,0,0.0,1,0,1,0,E,E,47,21,-2.708215093916509
2DPMA,277,control,0,150,-0.017918497323989868,-0.017947066575288773,2.856925129890442e-05,0,0,127,0,8,1,0,0.0,0,0,0,1,E,C,47,26,-1.6417266621594586
2DPMA,277,control,0,166,-0.8155511021614075,-0.8155592083930969,8.106231689453125e-06,0,0,111,0,6,1,0,0.0,0,0,0,1,E,H,47,27,-2.1068125672864544
2DPMA,277,control,0,182,-3.851219654083252,-3.8514597415924072,0.00024008750915527344,0,1,95,0,4,1,0,0.0,0,0,0,1,E,C,47,32,-0.9920682994143188
2DPMA,277,control,0,198,-0.028030570596456528,-0.028029875829815865,-6.94766640663147e-07,0,0,79,0,3,1,0,0.0,0,0,0,1,E,C,47,34,-2.459076755988115
2DPMA,277,control,0,214,-1.2552461624145508,-1.2552653551101685,1.919269561767578e-05,0,0,63,0,4,1,0,0.0,0,0,0,1,E,C,47,36,-1.182431437168693
2DPMA,277,control,0,230,-1.3570303916931152,-1.3567190170288086,-0.0003113746643066406,0,0,47,0,4,1,0,0.0,0,0,0,1,E,H,47,37,-0.9449177413530432
2DPMA,277,control,0,246,-1.6715564727783203,-1.6734893321990967,0.0019328594207763672,0,1,31,0,2,1,2,0.09090909090909091,0,0,0,1,E,H,47,41,-2.2972330953281914
2DPMA,189,control,0,7,-1.5220428705215454,-1.5224120616912842,0.00036919116973876953,0,0,182,-1,-1,-1,0,0.0,0,0,0,1,E,C,33,0,nan
2DPMA,189,control,0,22,-0.24635198712348938,-0.24656590819358826,0.00021392107009887695,0,0,167,0,4,1,0,0.0,0,0,0,1,E,H,33,1,-2.405327623183871
2DPMA,189,control,0,37,-0.4041500985622406,-0.4043649137020111,0.0002148151397705078,0,0,152,1,1,1,5,0.23809523809523808,0,0,0,1,E,C,33,2,-1.5606457986048476
2DPMA,189,control,0,51,-0.9967230558395386,-0.9994538426399231,0.0027307868003845215,0,1,138,0,3,1,0,0.0,0,0,0,1,E,H,33,5,-1.864015594946474
2DPMA,189,control,0,66,-0.11506009101867676,-0.11514413356781006,8.404254913330078e-05,0,0,123,0,4,1,0,0.0,0,0,0,1,E,H,33,9,-1.791677466740638
2DPMA,189,control,0,81,-0.4184761047363281,-0.41896548867225647,0.0004893839359283447,0,1,108,0,6,1,0,0.0,0,0,0,1,E,H,33,11,-2.4652893588662583
2DPMA,189,control,0,96,-0.26337113976478577,-0.26361989974975586,0.0002487599849700928,0,0,93,0,7,1,0,0.0,0,0,0,1,E,H,33,13,-1.7536381305022277
2DPMA,189,control,0,111,-2.8379430770874023,-2.838482618331909,0.0005395412445068359,0,1,78,0,6,1,0,0.0,0,0,0,1,E,C,33,16,-1.7694143152437216
2DPMA,189,control,0,125,-1.4629323482513428,-1.4616575241088867,-0.0012748241424560547,0,0,64,0,6,1,0,0.0,0,0,0,1,E,H,33,17,-1.170670741013652
2DPMA,189,control,0,140,-0.043217308819293976,-0.04315679892897606,-6.050989031791687e-05,0,0,49,0,6,1,0,0.0,1,0,1,0,E,E,33,23,-2.6283462821317687
2DPMA,189,control,0,155,-0.5736837387084961,-0.5735893249511719,-9.441375732421875e-05,0,0,34,0,6,1,0,0.0,0,0,0,1,E,H,33,27,-2.4568178805925185
2DPMA,189,control,0,217,-0.1723381131887436,-0.17196007072925568,-0.00037804245948791504,0,0,28,0,4,1,0,0.0,0,0,0,1,E,H,33,37,-1.4948419502805068
2DPMA,189,control,0,232,-0.057398922741413116,-0.057442933320999146,4.401057958602905e-05,0,0,43,0,2,1,3,0.15,0,0,0,1,E,C,33,38,-2.092280801867188
2DPMA,189,control,0,246,-1.6715564727783203,-1.6737821102142334,0.002225637435913086,0,1,57,0,4,1,0,0.0,0,0,0,1,E,H,33,41,-2.5861200613943907
2DPMA,189,control,0,261,-0.0011099375551566482,-0.0011094611836597323,-4.7637149691581726e-07,0,0,72,-1,-1,-1,0,0.0,0,0,0,1,E,C,33,44,nan
2DPMA,189,control,0,276,-1.6817582845687866,-1.6801913976669312,-0.0015668869018554688,0,0,87,0,3,1,0,0.0,1,0,1,0,E,E,33,47,-2.147596673396445
2DPMA,191,control,0,7,-1.5220428705215454,-1.522188425064087,0.0001455545425415039,0,1,184,-1,-1,-1,0,0.0,0,0,0,1,E,C,33,0,nan
2DPMA,191,control,0,22,-0.24635198712348938,-0.24685800075531006,0.0005060136318206787,0,1,169,0,3,1,0,0.0,0,0,0,1,E,H,33,1,-2.5719450166692863
2DPMA,191,control,0,37,-0.4041500985622406,-0.4058268070220947,0.001676708459854126,0,1,154,0,2,1,3,0.13636363636363635,0,0,0,1,E,C,33,2,-1.8897158244587424
2DPMA,191,control,0,51,-0.9967230558395386,-0.9953882098197937,-0.001334846019744873,0,0,140,0,2,1,1,0.043478260869565216,0,0,0,1,E,H,33,5,-1.4919649679059557
2DPMA,191,control,0,66,-0.11506009101867676,-0.11490579694509506,-0.00015429407358169556,0,0,125,0,3,1,0,0.0,0,0,0,1,E,H,33,9,-2.102925450715366
2DPMA,191,control,0,81,-0.4184761047363281,-0.4179736077785492,-0.0005024969577789307,0,0,110,0,5,1,0,0.0,0,0,0,1,E,H,33,11,-0.9939584802197499
2DPMA,191,control,0,96,-0.26337113976478577,-0.2631831467151642,-0.00018799304962158203,0,0,95,0,6,1,0,0.0,0,0,0,1,E,H,33,13,-1.2334463513320295
2DPMA,191,control,0,111,-2.8379430770874023,-2.8376896381378174,-0.00025343894958496094,0,0,80,0,6,1,0,0.0,0,0,0,1,E,C,33,16,-1.1916645129422894
2DPMA,191,control,0,125,-1.4629323482513428,-1.460204005241394,-0.0027283430099487305,0,0,66,0,5,1,0,0.0,0,0,0,1,E,H,33,17,-1.494751519043052
2DPMA,191,control,0,140,-0.043217308819293976,-0.04326080530881882,4.349648952484131e-05,0,0,51,0,6,1,0,0.0,1,0,1,0,E,E,33,23,-1.6535134758744463
2DPMA,191,control,0,155,-0.5736837387084961,-0.5729593634605408,-0.0007243752479553223,0,0,36,0,5,1,0,0.0,0,0,0,1,E,H,33,27,-2.8920509687783125
2DPMA,191,control,0,217,-0.1723381131887436,-0.17250707745552063,0.00016896426677703857,0,1,26,0,3,1,0,0.0,0,0,0,1,E,H,33,37,-1.5873847170912376
2DPMA,191,control,0,232,-0.057398922741413116,-0.05734444409608841,-5.447864532470703e-05,0,0,41,0,3,1,0,0.0,0,0,0,1,E,C,33,38,-2.3232762975985755
2DPMA,191,control,0,246,-1.6715564727783203,-1.6716846227645874,0.00012814998626708984,0,0,55,0,3,1,0,0.0,0,0,0,1,E,H,33,41,-1.3909906148141764
2DPMA,191,control,0,261,-0.0011099375551566482,-0.0011067223967984319,-3.2151583582162857e-06,0,0,70,-1,-1,-1,0,0.0,0,0,0,1,E,C,33,44,nan
2DPMA,191,control,0,276,-1.6817582845687866,-1.680120587348938,-0.0016376972198486328,0,0,85,0,2,1,1,0.037037037037037035,1,0,1,0,E,E,33,47,0.1474860904811126
2QY6A,64,anchor_top1,1,6,-2.3727505207061768,-2.330674171447754,-0.04207634925842285,0,0,58,0,4,1,0,0.0,0,0,0,1,E,C,11,0,nan
2QY6A,64,anchor_top1,1,19,-0.5240181684494019,-0.8209244012832642,0.2969062328338623,1,1,45,0,5,1,0,0.0,0,0,0,1,E,C,11,2,nan
2QY6A,64,anchor_top1,1,32,-1.0979981422424316,-2.2876288890838623,1.1896307468414307,1,1,32,0,5,1,0,0.0,0,0,0,1,E,C,11,6,nan
2QY6A,64,anchor_top1,1,92,-2.3855559825897217,-2.400019884109497,0.01446390151977539,1,0,28,0,4,1,0,0.0,0,0,0,1,E,C,11,14,nan
2QY6A,64,anchor_top1,1,106,-0.21877285838127136,-0.1467093974351883,-0.07206346094608307,0,0,42,0,4,1,0,0.0,0,0,0,1,E,C,11,16,nan
2QY6A,64,anchor_top1,1,119,-0.08139575272798538,-0.05921095237135887,-0.02218480035662651,0,0,55,0,5,1,0,0.0,0,0,0,1,E,H,11,19,nan
2QY6A,64,anchor_top1,1,132,-1.001718521118164,-0.3037336468696594,-0.6979848742485046,0,0,68,0,4,1,0,0.0,0,0,0,1,E,C,11,20,nan
2QY6A,64,anchor_top1,1,145,-1.100953221321106,-1.2836101055145264,0.1826568841934204,1,1,81,0,3,1,0,0.0,0,0,0,1,E,H,11,22,nan
2QY6A,64,anchor_top1,1,158,-0.8455451130867004,-0.9506403803825378,0.1050952672958374,1,0,94,0,2,1,1,0.04,0,0,0,1,E,H,11,26,nan
2QY6A,64,anchor_top1,1,171,-2.844771385192871,-2.896235942840576,0.05146455764770508,1,0,107,0,2,1,2,0.10526315789473684,0,0,0,1,E,C,11,29,nan
2QY6A,64,anchor_top1,1,184,-0.5669181942939758,-0.5857637524604797,0.018845558166503906,1,0,120,0,4,1,0,0.0,0,0,0,1,E,C,11,33,nan
2QY6A,64,anchor_top1,1,197,-3.3560216426849365,-3.2121214866638184,-0.14390015602111816,0,0,133,0,2,1,2,0.09090909090909091,0,0,0,1,E,H,11,34,nan
2QY6A,64,anchor_top1,1,211,-0.009547525085508823,-0.011624340899288654,0.002076815813779831,0,0,147,0,3,1,0,0.0,0,0,0,1,E,C,11,38,nan
2QY6A,64,anchor_top1,1,224,-0.06680916249752045,-0.09482088685035706,0.02801172435283661,1,0,160,0,2,1,1,0.043478260869565216,0,0,0,1,E,H,11,39,nan
2QY6A,64,anchor_top1,1,237,-0.0002215855201939121,-0.00021991695393808186,-1.6685662558302283e-06,0,0,173,0,4,1,0,0.0,0,0,0,1,E,C,11,42,nan
2QY6A,64,anchor_top1,1,250,-2.5050878524780273,-2.6696648597717285,0.16457700729370117,1,1,186,-1,-1,-1,0,0.0,0,0,0,1,E,C,11,44,nan
2QY6A,176,anchor_top2,1,6,-2.3727505207061768,-2.3854126930236816,0.012662172317504883,1,1,170,0,4,1,0,0.0,0,0,0,1,E,C,32,0,nan
2QY6A,176,anchor_top2,1,19,-0.5240181684494019,-0.507584273815155,-0.016433894634246826,0,0,157,0,5,1,0,0.0,0,0,0,1,E,C,32,2,nan
2QY6A,176,anchor_top2,1,32,-1.0979981422424316,-1.1330301761627197,0.035032033920288086,1,1,144,0,5,1,0,0.0,0,0,0,1,E,C,32,6,nan
2QY6A,176,anchor_top2,1,45,-3.0305371284484863,-2.971046209335327,-0.05949091911315918,0,0,131,0,2,1,2,0.08695652173913043,0,0,0,1,E,C,32,8,nan
2QY6A,176,anchor_top2,1,59,-1.493042230606079,-1.4534374475479126,-0.039604783058166504,0,0,117,0,4,1,0,0.0,0,0,0,1,E,C,32,10,nan
2QY6A,176,anchor_top2,1,72,-0.003634159453213215,-0.0036064840387552977,-2.7675414457917213e-05,0,0,104,0,3,1,0,0.0,0,0,0,1,E,H,32,13,nan
2QY6A,176,anchor_top2,1,85,-0.05992651358246803,-0.06079626828432083,0.0008697547018527985,0,1,91,0,4,1,0,0.0,0,0,0,1,E,H,32,13,nan
2QY6A,176,anchor_top2,1,98,-0.056101735681295395,-0.059672627598047256,0.0035708919167518616,0,1,78,0,2,1,3,0.11538461538461539,1,0,1,0,E,E,32,15,nan
2QY6A,176,anchor_top2,1,111,-0.09160862863063812,-0.08797802776098251,-0.003630600869655609,0,0,65,0,4,1,0,0.0,0,0,0,1,E,H,32,17,nan
2QY6A,176,anchor_top2,1,124,-2.169581890106201,-2.1210296154022217,-0.04855227470397949,0,0,52,0,4,1,0,0.0,0,0,0,1,E,H,32,19,nan
2QY6A,176,anchor_top2,1,137,-0.3664041757583618,-0.3596075773239136,-0.006796598434448242,0,0,39,0,4,1,0,0.0,0,0,0,1,E,C,32,20,nan
2QY6A,176,anchor_top2,1,150,-0.16938312351703644,-0.14264273643493652,-0.026740387082099915,0,0,26,0,3,1,0,0.0,1,0,1,0,E,E,32,24,nan
2QY6A,176,anchor_top2,1,211,-0.009547525085508823,-0.005373321007937193,-0.0041742040775716305,0,0,35,0,3,1,0,0.0,0,0,0,1,E,C,32,38,nan
2QY6A,176,anchor_top2,1,224,-0.06680916249752045,-0.06159196421504021,-0.00521719828248024,0,0,48,0,2,1,1,0.041666666666666664,0,0,0,1,E,H,32,39,nan
2QY6A,176,anchor_top2,1,237,-0.0002215855201939121,-0.0002273062855238095,5.720765329897404e-06,0,0,61,0,3,1,0,0.0,0,0,0,1,E,C,32,42,nan
2QY6A,176,anchor_top2,1,250,-2.5050878524780273,-2.481234550476074,-0.023853302001953125,0,0,74,-1,-1,-1,0,0.0,0,0,0,1,E,C,32,44,nan
2QY6A,98,anchor_top3,1,6,-2.3727505207061768,-2.3749423027038574,0.002191781997680664,0,0,92,0,4,1,0,0.0,0,0,0,1,E,C,15,0,nan
2QY6A,98,anchor_top3,1,19,-0.5240181684494019,-0.5249906182289124,0.000972449779510498,0,0,79,0,4,1,0,0.0,0,0,0,1,E,C,15,2,nan
2QY6A,98,anchor_top3,1,32,-1.0979981422424316,-1.0721465349197388,-0.02585160732269287,0,0,66,0,4,1,0,0.0,0,0,0,1,E,C,15,6,nan
2QY6A,98,anchor_top3,1,45,-3.0305371284484863,-3.018815279006958,-0.01172184944152832,0,0,53,0,3,1,0,0.0,0,0,0,1,E,C,15,8,nan
2QY6A,98,anchor_top3,1,59,-1.493042230606079,-1.4796985387802124,-0.0133436918258667,0,0,39,0,3,1,0,0.0,0,0,0,1,E,C,15,10,nan
2QY6A,98,anchor_top3,1,72,-0.003634159453213215,-0.0034292482305318117,-0.00020491122268140316,0,0,26,0,2,1,1,0.03571428571428571,0,0,0,1,E,H,15,13,nan
2QY6A,98,anchor_top3,1,132,-1.001718521118164,-1.017731785774231,0.016013264656066895,1,1,34,0,3,1,0,0.0,0,0,0,1,E,C,15,20,nan
2QY6A,98,anchor_top3,1,145,-1.100953221321106,-1.1685885190963745,0.06763529777526855,1,1,47,0,2,1,1,0.05263157894736842,0,0,0,1,E,H,15,22,nan
2QY6A,98,anchor_top3,1,158,-0.8455451130867004,-0.8146228194236755,-0.030922293663024902,0,0,60,0,3,1,0,0.0,0,0,0,1,E,H,15,26,nan
2QY6A,98,anchor_top3,1,171,-2.844771385192871,-2.869540214538574,0.024768829345703125,1,1,73,0,3,1,0,0.0,0,0,0,1,E,C,15,29,nan
2QY6A,98,anchor_top3,1,184,-0.5669181942939758,-0.5752378702163696,0.008319675922393799,0,0,86,0,5,1,0,0.0,0,0,0,1,E,C,15,33,nan
2QY6A,98,anchor_top3,1,197,-3.3560216426849365,-3.3620142936706543,0.0059926509857177734,0,0,99,0,3,1,0,0.0,0,0,0,1,E,H,15,34,nan
2QY6A,98,anchor_top3,1,211,-0.009547525085508823,-0.009964484721422195,0.00041695963591337204,0,0,113,0,3,1,0,0.0,0,0,0,1,E,C,15,38,nan
2QY6A,98,anchor_top3,1,224,-0.06680916249752045,-0.06612149626016617,-0.0006876662373542786,0,0,126,0,3,1,0,0.0,0,0,0,1,E,H,15,39,nan
2QY6A,98,anchor_top3,1,237,-0.0002215855201939121,-0.00021705655672121793,-4.5289634726941586e-06,0,0,139,0,5,1,0,0.0,0,0,0,1,E,C,15,42,nan
2QY6A,98,anchor_top3,1,250,-2.5050878524780273,-2.5137064456939697,0.008618593215942383,0,1,152,-1,-1,-1,0,0.0,0,0,0,1,E,C,15,44,nan
2QY6A,149,control,0,6,-2.3727505207061768,-2.3726210594177246,-0.00012946128845214844,0,0,143,0,5,1,0,0.0,0,0,0,1,E,C,24,0,nan
2QY6A,149,control,0,19,-0.5240181684494019,-0.5243958234786987,0.000377655029296875,0,1,130,0,5,1,0,0.0,0,0,0,1,E,C,24,2,nan
2QY6A,149,control,0,32,-1.0979981422424316,-1.0978084802627563,-0.00018966197967529297,0,0,117,0,5,1,0,0.0,0,0,0,1,E,C,24,6,nan
2QY6A,149,control,0,45,-3.0305371284484863,-3.029189348220825,-0.0013477802276611328,0,0,104,0,4,1,0,0.0,0,0,0,1,E,C,24,8,nan
2QY6A,149,control,0,59,-1.493042230606079,-1.4947881698608398,0.0017459392547607422,0,1,90,0,2,1,1,0.0625,0,0,0,1,E,C,24,10,nan
2QY6A,149,control,0,72,-0.003634159453213215,-0.00362905184738338,-5.107605829834938e-06,0,0,77,0,3,1,0,0.0,0,0,0,1,E,H,24,13,nan
2QY6A,149,control,0,85,-0.05992651358246803,-0.0595005601644516,-0.0004259534180164337,0,0,64,0,2,1,2,0.1,0,0,0,1,E,H,24,13,nan
2QY6A,149,control,0,98,-0.056101735681295395,-0.055489443242549896,-0.0006122924387454987,0,0,51,1,1,1,5,0.23809523809523808,1,0,1,0,E,E,24,15,nan
2QY6A,149,control,0,111,-0.09160862863063812,-0.09175241738557816,0.00014378875494003296,0,1,38,0,3,1,0,0.0,0,0,0,1,E,H,24,17,nan
2QY6A,149,control,0,124,-2.169581890106201,-2.166818618774414,-0.0027632713317871094,0,0,25,0,2,1,1,0.047619047619047616,0,0,0,1,E,H,24,19,nan
2QY6A,149,control,0,184,-0.5669181942939758,-0.5653736591339111,-0.0015445351600646973,0,0,35,0,6,1,0,0.0,0,0,0,1,E,C,24,33,nan
2QY6A,149,control,0,197,-3.3560216426849365,-3.3495500087738037,-0.0064716339111328125,0,0,48,0,4,1,0,0.0,0,0,0,1,E,H,24,34,nan
2QY6A,149,control,0,211,-0.009547525085508823,-0.009489311836659908,-5.82132488489151e-05,0,0,62,0,4,1,0,0.0,0,0,0,1,E,C,24,38,nan
2QY6A,149,control,0,224,-0.06680916249752045,-0.06686670333147049,5.7540833950042725e-05,0,1,75,0,4,1,0,0.0,0,0,0,1,E,H,24,39,nan
2QY6A,149,control,0,237,-0.0002215855201939121,-0.0002215855201939121,0.0,0,0,88,0,6,1,0,0.0,0,0,0,1,E,C,24,42,nan
2QY6A,149,control,0,250,-2.5050878524780273,-2.5045595169067383,-0.0005283355712890625,0,0,101,-1,-1,-1,0,0.0,0,0,0,1,E,C,24,44,nan
2QY6A,63,control,0,6,-2.3727505207061768,-2.3749642372131348,0.002213716506958008,0,1,57,0,4,1,0,0.0,0,0,0,1,E,C,11,0,nan
2QY6A,63,control,0,19,-0.5240181684494019,-0.5280845761299133,0.004066407680511475,0,1,44,0,5,1,0,0.0,0,0,0,1,E,C,11,2,nan
2QY6A,63,control,0,32,-1.0979981422424316,-1.0910357236862183,-0.006962418556213379,0,0,31,0,5,1,0,0.0,0,0,0,1,E,C,11,6,nan
2QY6A,63,control,0,92,-2.3855559825897217,-2.384812593460083,-0.0007433891296386719,0,0,29,0,3,1,0,0.0,0,0,0,1,E,C,11,14,nan
2QY6A,63,control,0,106,-0.21877285838127136,-0.21935142576694489,0.000578567385673523,0,0,43,0,4,1,0,0.0,0,0,0,1,E,C,11,16,nan
2QY6A,63,control,0,119,-0.08139575272798538,-0.08167143166065216,0.00027567893266677856,0,0,56,0,4,1,0,0.0,0,0,0,1,E,H,11,19,nan
2QY6A,63,control,0,132,-1.001718521118164,-0.9834529161453247,-0.018265604972839355,0,0,69,0,4,1,0,0.0,0,0,0,1,E,C,11,20,nan
2QY6A,63,control,0,145,-1.100953221321106,-1.1060171127319336,0.005063891410827637,0,1,82,0,3,1,0,0.0,0,0,0,1,E,H,11,22,nan
2QY6A,63,control,0,158,-0.8455451130867004,-0.8478866219520569,0.0023415088653564453,0,1,95,0,3,1,0,0.0,0,0,0,1,E,H,11,26,nan
2QY6A,63,control,0,171,-2.844771385192871,-2.8443386554718018,-0.00043272972106933594,0,0,108,0,2,1,1,0.045454545454545456,0,0,0,1,E,C,11,29,nan
2QY6A,63,control,0,184,-0.5669181942939758,-0.5686589479446411,0.0017407536506652832,0,0,121,0,5,1,0,0.0,0,0,0,1,E,C,11,33,nan
2QY6A,63,control,0,197,-3.3560216426849365,-3.353200674057007,-0.0028209686279296875,0,0,134,0,3,1,0,0.0,0,0,0,1,E,H,11,34,nan
2QY6A,63,control,0,211,-0.009547525085508823,-0.009508559480309486,-3.8965605199337006e-05,0,0,148,0,3,1,0,0.0,0,0,0,1,E,C,11,38,nan
2QY6A,63,control,0,224,-0.06680916249752045,-0.0665852352976799,-0.00022392719984054565,0,0,161,0,3,1,0,0.0,0,0,0,1,E,H,11,39,nan
2QY6A,63,control,0,237,-0.0002215855201939121,-0.00022063204960431904,-9.534705895930529e-07,0,0,174,0,4,1,0,0.0,0,0,0,1,E,C,11,42,nan
2QY6A,63,control,0,250,-2.5050878524780273,-2.5050501823425293,-3.7670135498046875e-05,0,0,187,-1,-1,-1,0,0.0,0,0,0,1,E,C,11,44,nan
2QY6A,101,control,0,6,-2.3727505207061768,-2.373415231704712,0.0006647109985351562,0,0,95,0,2,1,1,0.05,0,0,0,1,E,C,15,0,nan
2QY6A,101,control,0,19,-0.5240181684494019,-0.5250555872917175,0.0010374188423156738,0,1,82,0,4,1,0,0.0,0,0,0,1,E,C,15,2,nan
2QY6A,101,control,0,32,-1.0979981422424316,-1.096606731414795,-0.0013914108276367188,0,0,69,0,4,1,0,0.0,0,0,0,1,E,C,15,6,nan
2QY6A,101,control,0,45,-3.0305371284484863,-3.02986478805542,-0.0006723403930664062,0,0,56,0,4,1,0,0.0,0,0,0,1,E,C,15,8,nan
2QY6A,101,control,0,59,-1.493042230606079,-1.4967846870422363,0.0037424564361572266,0,1,42,0,4,1,0,0.0,0,0,0,1,E,C,15,10,nan
2QY6A,101,control,0,72,-0.003634159453213215,-0.003629645798355341,-4.513654857873917e-06,0,0,29,0,3,1,0,0.0,0,0,0,1,E,H,15,13,nan
2QY6A,101,control,0,132,-1.001718521118164,-0.98729407787323,-0.014424443244934082,0,0,31,0,3,1,0,0.0,0,0,0,1,E,C,15,20,nan
2QY6A,101,control,0,145,-1.100953221321106,-1.1001145839691162,-0.0008386373519897461,0,0,44,0,4,1,0,0.0,0,0,0,1,E,H,15,22,nan
2QY6A,101,control,0,158,-0.8455451130867004,-0.8433383703231812,-0.002206742763519287,0,0,57,1,1,1,7,0.35,0,0,0,1,E,H,15,26,nan
2QY6A,101,control,0,171,-2.844771385192871,-2.845874309539795,0.0011029243469238281,0,1,70,0,3,1,0,0.0,0,0,0,1,E,C,15,29,nan
2QY6A,101,control,0,184,-0.5669181942939758,-0.5663474798202515,-0.0005707144737243652,0,0,83,0,4,1,0,0.0,0,0,0,1,E,C,15,33,nan
2QY6A,101,control,0,197,-3.3560216426849365,-3.356743335723877,0.0007216930389404297,0,1,96,0,2,1,1,0.041666666666666664,0,0,0,1,E,H,15,34,nan
2QY6A,101,control,0,211,-0.009547525085508823,-0.009509268216788769,-3.8256868720054626e-05,0,0,110,0,3,1,0,0.0,0,0,0,1,E,C,15,38,nan
2QY6A,101,control,0,224,-0.06680916249752045,-0.06676935404539108,-3.9808452129364014e-05,0,0,123,0,3,1,0,0.0,0,0,0,1,E,H,15,39,nan
2QY6A,101,control,0,237,-0.0002215855201939121,-0.00022110878489911556,-4.7673529479652643e-07,0,0,136,0,5,1,0,0.0,0,0,0,1,E,C,15,42,nan
2QY6A,101,control,0,250,-2.5050878524780273,-2.5054051876068115,0.0003173351287841797,0,0,149,-1,-1,-1,0,0.0,0,0,0,1,E,C,15,44,nan
2QY6A,151,control,0,6,-2.3727505207061768,-2.373060464859009,0.00030994415283203125,0,1,145,0,4,1,0,0.0,0,0,0,1,E,C,24,0,nan
2QY6A,151,control,0,19,-0.5240181684494019,-0.5241104364395142,9.226799011230469e-05,0,0,132,0,4,1,0,0.0,0,0,0,1,E,C,24,2,nan
2QY6A,151,control,0,32,-1.0979981422424316,-1.0973381996154785,-0.000659942626953125,0,0,119,0,4,1,0,0.0,0,0,0,1,E,C,24,6,nan
2QY6A,151,control,0,45,-3.0305371284484863,-3.0272624492645264,-0.003274679183959961,0,0,106,0,4,1,0,0.0,0,0,0,1,E,C,24,8,nan
2QY6A,151,control,0,59,-1.493042230606079,-1.4936248064041138,0.000582575798034668,0,1,92,0,3,1,0,0.0,0,0,0,1,E,C,24,10,nan
2QY6A,151,control,0,72,-0.003634159453213215,-0.0036253698635846376,-8.789589628577232e-06,0,0,79,0,2,1,1,0.041666666666666664,0,0,0,1,E,H,24,13,nan
2QY6A,151,control,0,85,-0.05992651358246803,-0.05996760353446007,4.108995199203491e-05,0,0,66,0,3,1,0,0.0,0,0,0,1,E,H,24,13,nan
2QY6A,151,control,0,98,-0.056101735681295395,-0.05619775503873825,9.601935744285583e-05,0,0,53,1,1,1,5,0.23809523809523808,1,0,1,0,E,E,24,15,nan
2QY6A,151,control,0,111,-0.09160862863063812,-0.09201623499393463,0.0004076063632965088,0,1,40,0,2,1,1,0.043478260869565216,0,0,0,1,E,H,24,17,nan
2QY6A,151,control,0,124,-2.169581890106201,-2.169534683227539,-4.7206878662109375e-05,0,0,27,0,2,1,1,0.047619047619047616,0,0,0,1,E,H,24,19,nan
2QY6A,151,control,0,184,-0.5669181942939758,-0.5664354562759399,-0.00048273801803588867,0,0,33,0,5,1,0,0.0,0,0,0,1,E,C,24,33,nan
2QY6A,151,control,0,197,-3.3560216426849365,-3.351806879043579,-0.004214763641357422,0,0,46,0,4,1,0,0.0,0,0,0,1,E,H,24,34,nan
2QY6A,151,control,0,211,-0.009547525085508823,-0.009488721378147602,-5.8803707361221313e-05,0,0,60,0,4,1,0,0.0,0,0,0,1,E,C,24,38,nan
2QY6A,151,control,0,224,-0.06680916249752045,-0.06702033430337906,0.00021117180585861206,0,1,73,0,4,1,0,0.0,0,0,0,1,E,H,24,39,nan
2QY6A,151,control,0,237,-0.0002215855201939121,-0.0002215855201939121,0.0,0,0,86,0,5,1,0,0.0,0,0,0,1,E,C,24,42,nan
2QY6A,151,control,0,250,-2.5050878524780273,-2.5037310123443604,-0.0013568401336669922,0,0,99,-1,-1,-1,0,0.0,0,0,0,1,E,C,24,44,nan
2QY6A,202,control,0,6,-2.3727505207061768,-2.3721673488616943,-0.0005831718444824219,0,0,196,0,5,1,0,0.0,0,0,0,1,E,C,35,0,nan
2QY6A,202,control,0,19,-0.5240181684494019,-0.5240967869758606,7.861852645874023e-05,0,0,183,0,6,1,0,0.0,0,0,0,1,E,C,35,2,nan
2QY6A,202,control,0,32,-1.0979981422424316,-1.1000325679779053,0.002034425735473633,0,1,170,0,6,1,0,0.0,0,0,0,1,E,C,35,6,nan
2QY6A,202,control,0,45,-3.0305371284484863,-3.0290517807006836,-0.0014853477478027344,0,0,157,0,3,1,0,0.0,0,0,0,1,E,C,35,8,nan
2QY6A,202,control,0,59,-1.493042230606079,-1.4945191144943237,0.001476883888244629,0,1,143,0,4,1,0,0.0,0,0,0,1,E,C,35,10,nan
2QY6A,202,control,0,72,-0.003634159453213215,-0.0036272702272981405,-6.8892259150743484e-06,0,0,130,0,4,1,0,0.0,0,0,0,1,E,H,35,13,nan
2QY6A,202,control,0,85,-0.05992651358246803,-0.05979626625776291,-0.0001302473247051239,0,0,117,0,5,1,0,0.0,0,0,0,1,E,H,35,13,nan
2QY6A,202,control,0,98,-0.056101735681295395,-0.05598406121134758,-0.00011767446994781494,0,0,104,0,3,1,0,0.0,1,0,1,0,E,E,35,15,nan
2QY6A,202,control,0,111,-0.09160862863063812,-0.091987743973732,0.00037911534309387207,0,0,91,0,5,1,0,0.0,0,0,0,1,E,H,35,17,nan
2QY6A,202,control,0,124,-2.169581890106201,-2.1693296432495117,-0.0002522468566894531,0,0,78,0,5,1,0,0.0,0,0,0,1,E,H,35,19,nan
2QY6A,202,control,0,137,-0.3664041757583618,-0.36650893092155457,0.00010475516319274902,0,0,65,0,5,1,0,0.0,0,0,0,1,E,C,35,20,nan
2QY6A,202,control,0,150,-0.16938312351703644,-0.17068397998809814,0.0013008564710617065,0,1,52,0,4,1,0,0.0,1,0,1,0,E,E,35,24,nan
2QY6A,202,control,0,164,-1.3155826330184937,-1.314712643623352,-0.0008699893951416016,0,0,38,0,3,1,0,0.0,0,0,0,1,E,H,35,26,nan
2QY6A,202,control,0,177,-0.0363314114511013,-0.03672333434224129,0.00039192289113998413,0,1,25,0,2,1,1,0.037037037037037035,1,0,1,0,E,E,35,32,nan
2QY6A,202,control,0,237,-0.0002215855201939121,-0.00022194306075107306,3.5754055716097355e-07,0,0,35,0,4,1,0,0.0,0,0,0,1,E,C,35,42,nan
2QY6A,202,control,0,250,-2.5050878524780273,-2.5022759437561035,-0.002811908721923828,0,0,48,-1,-1,-1,0,0.0,0,0,0,1,E,C,35,44,nan
2YHWA,287,anchor_top1,1,9,-0.27630242705345154,-0.28381744027137756,0.007515013217926025,0,0,278,-1,-1,-1,0,0.0,0,0,0,1,E,C,58,0,nan
2YHWA,287,anchor_top1,1,27,-2.783855438232422,-2.7442007064819336,-0.03965473175048828,0,0,260,0,6,1,0,0.0,0,0,0,1,E,C,58,2,nan
2YHWA,287,anchor_top1,1,46,-0.3217563033103943,-0.318533331155777,-0.0032229721546173096,0,0,241,0,4,1,0,0.0,1,0,1,0,E,E,58,5,nan
2YHWA,287,anchor_top1,1,64,-2.5230565071105957,-2.5703201293945312,0.04726362228393555,1,1,223,0,5,1,0,0.0,0,0,0,1,E,H,58,11,nan
2YHWA,287,anchor_top1,1,83,-4.288663864135742,-4.28651237487793,-0.0021514892578125,0,0,204,0,7,1,0,0.0,0,0,0,1,E,H,58,11,nan
2YHWA,287,anchor_top1,1,101,-0.7632828950881958,-0.7469732761383057,-0.016309618949890137,0,0,186,0,5,1,0,0.0,1,0,1,0,E,E,58,17,nan
2YHWA,287,anchor_top1,1,120,-1.2230503559112549,-1.2490326166152954,0.025982260704040527,1,0,167,0,5,1,0,0.0,1,0,1,0,E,E,58,23,nan
2YHWA,287,anchor_top1,1,138,-0.026360012590885162,-0.023769192397594452,-0.0025908201932907104,0,0,149,0,3,1,0,0.0,1,0,1,0,E,E,58,27,nan
2YHWA,287,anchor_top1,1,157,-1.7656269073486328,-1.785351037979126,0.019724130630493164,1,0,130,0,3,1,0,0.0,0,0,0,1,E,C,58,29,nan
2YHWA,287,anchor_top1,1,175,-2.8278326988220215,-2.8861820697784424,0.0583493709564209,1,1,112,0,3,1,0,0.0,0,0,0,1,E,C,58,33,nan
2YHWA,287,anchor_top1,1,194,-0.7259024977684021,-0.7135084867477417,-0.0123940110206604,0,0,93,0,3,1,0,0.0,0,0,0,1,E,C,58,39,nan
2YHWA,287,anchor_top1,1,212,-1.2828973531723022,-1.2120122909545898,-0.0708850622177124,0,0,75,0,3,1,0,0.0,0,0,0,1,E,H,58,46,nan
2YHWA,287,anchor_top1,1,231,-2.518000602722168,-2.3416502475738525,-0.17635035514831543,0,0,56,0,5,1,0,0.0,0,0,0,1,E,C,58,49,nan
2YHWA,287,anchor_top1,1,249,-0.9721441864967346,-1.0718803405761719,0.09973615407943726,1,1,38,0,4,1,0,0.0,0,0,0,1,E,H,58,54,nan
2YHWA,287,anchor_top1,1,315,-1.4136053323745728,-1.5250403881072998,0.11143505573272705,1,1,28,0,2,1,2,0.1111111111111111,0,0,0,1,E,C,58,63,nan
2YHWA,287,anchor_top1,1,333,-1.7271552085876465,-1.7326046228408813,0.005449414253234863,0,0,46,0,3,1,0,0.0,0,0,0,1,E,H,58,66,nan
2YHWA,92,anchor_top2,1,9,-0.27630242705345154,-0.29649490118026733,0.020192474126815796,1,0,83,-1,-1,-1,0,0.0,0,0,0,1,E,C,15,0,nan
2YHWA,92,anchor_top2,1,27,-2.783855438232422,-2.7854831218719482,0.0016276836395263672,0,0,65,0,3,1,0,0.0,0,0,0,1,E,C,15,2,nan
2YHWA,92,anchor_top2,1,46,-0.3217563033103943,-0.32017093896865845,-0.0015853643417358398,0,0,46,0,2,1,3,0.10344827586206896,1,0,1,0,E,E,15,5,nan
2YHWA,92,anchor_top2,1,64,-2.5230565071105957,-2.4481325149536133,-0.07492399215698242,0,0,28,0,4,1,0,0.0,0,0,0,1,E,H,15,11,nan
2YHWA,92,anchor_top2,1,130,-0.45192721486091614,-0.3236320912837982,-0.12829512357711792,0,0,38,1,1,1,7,0.30434782608695654,0,0,0,1,E,H,15,25,nan
2YHWA,92,anchor_top2,1,148,-3.823845386505127,-3.909971237182617,0.08612585067749023,1,1,56,0,3,1,0,0.0,0,0,0,1,E,H,15,28,nan
2YHWA,92,anchor_top2,1,167,-0.010783023200929165,-0.011959515511989594,0.0011764923110604286,0,0,75,0,4,1,0,0.0,0,0,0,1,E,C,15,31,nan
2YHWA,92,anchor_top2,1,185,-3.055940628051758,-3.043038845062256,-0.012901782989501953,0,0,93,0,4,1,0,0.0,0,0,0,1,E,C,15,35,nan
2YHWA,92,anchor_top2,1,204,-0.007794915232807398,-0.00702210608869791,-0.0007728091441094875,0,0,112,0,5,1,0,0.0,0,0,0,1,E,C,15,41,nan
2YHWA,92,anchor_top2,1,222,-0.6027979850769043,-0.6496111154556274,0.046813130378723145,1,1,130,0,6,1,0,0.0,0,0,0,1,E,H,15,48,nan
2YHWA,92,anchor_top2,1,241,-2.364596128463745,-2.4086248874664307,0.04402875900268555,1,1,149,-1,-1,-1,0,0.0,0,0,0,1,E,C,15,53,nan
2YHWA,92,anchor_top2,1,259,-1.220231533050537,-1.1918102502822876,-0.02842128276824951,0,0,167,0,7,1,0,0.0,0,0,0,1,E,H,15,56,nan
2YHWA,92,anchor_top2,1,278,-1.0629562139511108,-1.0258415937423706,-0.037114620208740234,0,0,186,0,6,1,0,0.0,0,0,0,1,E,H,15,56,nan
2YHWA,92,anchor_top2,1,296,-1.86056649684906,-1.868675947189331,0.008109450340270996,0,0,204,0,6,1,0,0.0,0,0,0,1,E,H,15,60,nan
2YHWA,92,anchor_top2,1,315,-1.4136053323745728,-1.4099388122558594,-0.003666520118713379,0,0,223,0,7,1,0,0.0,0,0,0,1,E,C,15,63,nan
2YHWA,92,anchor_top2,1,333,-1.7271552085876465,-1.749572515487671,0.022417306900024414,1,1,241,0,2,1,2,0.06666666666666667,0,0,0,1,E,H,15,66,nan
2YHWA,165,anchor_top3,1,9,-0.27630242705345154,-0.2881467342376709,0.01184430718421936,1,1,156,-1,-1,-1,0,0.0,1,0,1,0,C,C,31,0,nan
2YHWA,165,anchor_top3,1,27,-2.783855438232422,-2.792128801345825,0.00827336311340332,0,0,138,0,6,1,0,0.0,1,0,1,0,C,C,31,2,nan
2YHWA,165,anchor_top3,1,46,-0.3217563033103943,-0.31489965319633484,-0.006856650114059448,0,0,119,0,4,1,0,0.0,0,0,0,1,C,E,31,5,nan
2YHWA,165,anchor_top3,1,64,-2.5230565071105957,-2.47038197517395,-0.05267453193664551,0,0,101,0,4,1,0,0.0,0,0,0,1,C,H,31,11,nan
2YHWA,165,anchor_top3,1,83,-4.288663864135742,-4.295754909515381,0.007091045379638672,0,0,82,0,6,1,0,0.0,0,0,0,1,C,H,31,11,nan
2YHWA,165,anchor_top3,1,101,-0.7632828950881958,-0.7126626968383789,-0.050620198249816895,0,0,64,0,4,1,0,0.0,0,0,0,1,C,E,31,17,nan
2YHWA,165,anchor_top3,1,120,-1.2230503559112549,-1.2385797500610352,0.015529394149780273,1,1,45,0,4,1,0,0.0,0,0,0,1,C,E,31,23,nan
2YHWA,165,anchor_top3,1,138,-0.026360012590885162,-0.023980919271707535,-0.0023790933191776276,0,0,27,0,2,1,1,0.03571428571428571,0,0,0,1,C,E,31,27,nan
2YHWA,165,anchor_top3,1,204,-0.007794915232807398,-0.008194752037525177,0.00039983680471777916,0,0,39,0,3,1,0,0.0,1,0,1,0,C,C,31,41,nan
2YHWA,165,anchor_top3,1,222,-0.6027979850769043,-0.6114853024482727,0.008687317371368408,0,1,57,0,3,1,0,0.0,0,0,0,1,C,H,31,48,nan
2YHWA,165,anchor_top3,1,241,-2.364596128463745,-2.3374290466308594,-0.027167081832885742,0,0,76,-1,-1,-1,0,0.0,1,0,1,0,C,C,31,53,nan
2YHWA,165,anchor_top3,1,259,-1.220231533050537,-1.2253204584121704,0.005088925361633301,0,0,94,0,4,1,0,0.0,0,0,0,1,C,H,31,56,nan
2YHWA,165,anchor_top3,1,278,-1.0629562139511108,-1.0045863389968872,-0.05836987495422363,0,0,113,0,3,1,0,0.0,0,0,0,1,C,H,31,56,nan
2YHWA,165,anchor_top3,1,296,-1.86056649684906,-1.86024808883667,-0.0003184080123901367,0,0,131,0,2,1,2,0.10526315789473684,0,0,0,1,C,H,31,60,nan
2YHWA,165,anchor_top3,1,315,-1.4136053323745728,-1.4304865598678589,0.016881227493286133,1,1,150,0,5,1,0,0.0,1,0,1,0,C,C,31,63,nan
2YHWA,165,anchor_top3,1,333,-1.7271552085876465,-1.732144832611084,0.0049896240234375,0,0,168,0,4,1,0,0.0,0,0,0,1,C,H,31,66,nan
2YHWA,30,control,0,56,-2.366708993911743,-2.3692641258239746,0.0025551319122314453,0,1,26,0,3,1,0,0.0,1,0,1,0,E,E,3,9,nan
2YHWA,30,control,0,74,-1.717186689376831,-1.718032717704773,0.0008460283279418945,0,1,44,0,3,1,0,0.0,0,0,0,1,E,H,3,11,nan
2YHWA,30,control,0,93,-0.040162328630685806,-0.04061662778258324,0.0004542991518974304,0,0,63,0,2,1,2,0.07142857142857142,1,0,1,0,E,E,3,15,nan
2YHWA,30,control,0,111,-0.280804306268692,-0.2805553376674652,-0.00024896860122680664,0,0,81,0,5,1,0,0.0,0,0,0,1,E,C,3,22,nan
2YHWA,30,control,0,130,-0.45192721486091614,-0.4519299566745758,2.7418136596679688e-06,0,0,100,0,2,1,1,0.037037037037037035,0,0,0,1,E,H,3,25,nan
2YHWA,30,control,0,148,-3.823845386505127,-3.822139263153076,-0.0017061233520507812,0,0,118,0,3,1,0,0.0,0,0,0,1,E,H,3,28,nan
2YHWA,30,control,0,167,-0.010783023200929165,-0.010774532333016396,-8.490867912769318e-06,0,0,137,0,5,1,0,0.0,0,0,0,1,E,C,3,31,nan
2YHWA,30,control,0,185,-3.055940628051758,-3.055898666381836,-4.1961669921875e-05,0,0,155,0,6,1,0,0.0,0,0,0,1,E,C,3,35,nan
2YHWA,30,control,0,204,-0.007794915232807398,-0.00779207656159997,-2.8386712074279785e-06,0,0,174,0,6,1,0,0.0,0,0,0,1,E,C,3,41,nan
2YHWA,30,control,0,222,-0.6027979850769043,-0.6030789017677307,0.000280916690826416,0,0,192,0,7,1,0,0.0,0,0,0,1,E,H,3,48,nan
2YHWA,30,control,0,241,-2.364596128463745,-2.3647818565368652,0.0001857280731201172,0,0,211,-1,-1,-1,0,0.0,0,0,0,1,E,C,3,53,nan
2YHWA,30,control,0,259,-1.220231533050537,-1.219757318496704,-0.0004742145538330078,0,0,229,0,8,1,0,0.0,0,0,0,1,E,H,3,56,nan
2YHWA,30,control,0,278,-1.0629562139511108,-1.0634171962738037,0.0004609823226928711,0,1,248,0,6,1,0,0.0,0,0,0,1,E,H,3,56,nan
2YHWA,30,control,0,296,-1.86056649684906,-1.8610707521438599,0.0005042552947998047,0,1,266,0,6,1,0,0.0,0,0,0,1,E,H,3,60,nan
2YHWA,30,control,0,315,-1.4136053323745728,-1.4138224124908447,0.00021708011627197266,0,0,285,0,7,1,0,0.0,0,0,0,1,E,C,3,63,nan
2YHWA,30,control,0,333,-1.7271552085876465,-1.7273333072662354,0.0001780986785888672,0,0,303,0,2,1,1,0.034482758620689655,0,0,0,1,E,H,3,66,nan
2YHWA,173,control,0,9,-0.27630242705345154,-0.276064932346344,-0.00023749470710754395,0,0,164,-1,-1,-1,0,0.0,0,0,0,1,E,C,32,0,nan
2YHWA,173,control,0,27,-2.783855438232422,-2.7839953899383545,0.0001399517059326172,0,0,146,0,5,1,0,0.0,0,0,0,1,E,C,32,2,nan
2YHWA,173,control,0,46,-0.3217563033103943,-0.32145366072654724,-0.0003026425838470459,0,0,127,0,4,1,0,0.0,1,0,1,0,E,E,32,5,nan
2YHWA,173,control,0,64,-2.5230565071105957,-2.5233426094055176,0.000286102294921875,0,0,109,0,5,1,0,0.0,0,0,0,1,E,H,32,11,nan
2YHWA,173,control,0,83,-4.288663864135742,-4.288961887359619,0.0002980232238769531,0,0,90,0,6,1,0,0.0,0,0,0,1,E,H,32,11,nan
2YHWA,173,control,0,101,-0.7632828950881958,-0.7645085453987122,0.0012256503105163574,0,1,72,0,4,1,0,0.0,1,0,1,0,E,E,32,17,nan
2YHWA,173,control,0,120,-1.2230503559112549,-1.2227098941802979,-0.00034046173095703125,0,0,53,0,5,1,0,0.0,1,0,1,0,E,E,32,23,nan
2YHWA,173,control,0,138,-0.026360012590885162,-0.026318328455090523,-4.168413579463959e-05,0,0,35,0,2,1,1,0.03225806451612903,1,0,1,0,E,E,32,27,nan
2YHWA,173,control,0,204,-0.007794915232807398,-0.007752331905066967,-4.258332774043083e-05,0,0,31,0,5,1,0,0.0,0,0,0,1,E,C,32,41,nan
2YHWA,173,control,0,222,-0.6027979850769043,-0.6017484664916992,-0.0010495185852050781,0,0,49,0,6,1,0,0.0,0,0,0,1,E,H,32,48,nan
2YHWA,173,control,0,241,-2.364596128463745,-2.3640756607055664,-0.0005204677581787109,0,0,68,-1,-1,-1,0,0.0,0,0,0,1,E,C,32,53,nan
2YHWA,173,control,0,259,-1.220231533050537,-1.2217146158218384,0.0014830827713012695,0,1,86,0,6,1,0,0.0,0,0,0,1,E,H,32,56,nan
2YHWA,173,control,0,278,-1.0629562139511108,-1.0625311136245728,-0.00042510032653808594,0,0,105,0,2,1,1,0.03571428571428571,0,0,0,1,E,H,32,56,nan
2YHWA,173,control,0,296,-1.86056649684906,-1.8610007762908936,0.0004342794418334961,0,1,123,0,4,1,0,0.0,0,0,0,1,E,H,32,60,nan
2YHWA,173,control,0,315,-1.4136053323745728,-1.4132918119430542,-0.0003135204315185547,0,0,142,0,4,1,0,0.0,0,0,0,1,E,C,32,63,nan
2YHWA,173,control,0,333,-1.7271552085876465,-1.7280912399291992,0.0009360313415527344,0,1,160,0,2,1,1,0.03333333333333333,0,0,0,1,E,H,32,66,nan
2YHWA,137,control,0,9,-0.27630242705345154,-0.27641764283180237,0.00011521577835083008,0,0,128,-1,-1,-1,0,0.0,0,0,0,1,E,C,27,0,nan
2YHWA,137,control,0,27,-2.783855438232422,-2.7843058109283447,0.00045037269592285156,0,1,110,0,4,1,0,0.0,0,0,0,1,E,C,27,2,nan
2YHWA,137,control,0,46,-0.3217563033103943,-0.32167568802833557,-8.061528205871582e-05,0,0,91,0,3,1,0,0.0,1,0,1,0,E,E,27,5,nan
2YHWA,137,control,0,64,-2.5230565071105957,-2.5248188972473145,0.00176239013671875,0,1,73,0,3,1,0,0.0,0,0,0,1,E,H,27,11,nan
2YHWA,137,control,0,83,-4.288663864135742,-4.2888665199279785,0.00020265579223632812,0,0,54,0,5,1,0,0.0,0,0,0,1,E,H,27,11,nan
2YHWA,137,control,0,101,-0.7632828950881958,-0.7625088095664978,-0.000774085521697998,0,0,36,0,2,1,3,0.13636363636363635,1,0,1,0,E,E,27,17,nan
2YHWA,137,control,0,167,-0.010783023200929165,-0.010774296708405018,-8.726492524147034e-06,0,0,30,0,3,1,0,0.0,0,0,0,1,E,C,27,31,nan
2YHWA,137,control,0,185,-3.055940628051758,-3.0612943172454834,0.005353689193725586,0,1,48,0,3,1,0,0.0,0,0,0,1,E,C,27,35,nan
2YHWA,137,control,0,204,-0.007794915232807398,-0.007782022003084421,-1.2893229722976685e-05,0,0,67,0,4,1,0,0.0,0,0,0,1,E,C,27,41,nan
2YHWA,137,control,0,222,-0.6027979850769043,-0.6021159291267395,-0.0006820559501647949,0,0,85,0,6,1,0,0.0,0,0,0,1,E,H,27,48,nan
2YHWA,137,control,0,241,-2.364596128463745,-2.3649790287017822,0.0003829002380371094,0,1,104,-1,-1,-1,0,0.0,0,0,0,1,E,C,27,53,nan
2YHWA,137,control,0,259,-1.220231533050537,-1.2196470499038696,-0.0005844831466674805,0,0,122,0,7,1,0,0.0,0,0,0,1,E,H,27,56,nan
2YHWA,137,control,0,278,-1.0629562139511108,-1.0625022649765015,-0.000453948974609375,0,0,141,0,4,1,0,0.0,0,0,0,1,E,H,27,56,nan
2YHWA,137,control,0,296,-1.86056649684906,-1.8604662418365479,-0.00010025501251220703,0,0,159,0,5,1,0,0.0,0,0,0,1,E,H,27,60,nan
2YHWA,137,control,0,315,-1.4136053323745728,-1.413851261138916,0.0002459287643432617,0,0,178,0,5,1,0,0.0,0,0,0,1,E,C,27,63,nan
2YHWA,137,control,0,333,-1.7271552085876465,-1.7264740467071533,-0.0006811618804931641,0,0,196,0,2,1,4,0.15384615384615385,0,0,0,1,E,H,27,66,nan
2YHWA,164,control,0,9,-0.27630242705345154,-0.27615195512771606,-0.00015047192573547363,0,0,155,-1,-1,-1,0,0.0,0,0,0,1,E,C,30,0,nan
2YHWA,164,control,0,27,-2.783855438232422,-2.784273624420166,0.0004181861877441406,0,0,137,0,6,1,0,0.0,0,0,0,1,E,C,30,2,nan
2YHWA,164,control,0,46,-0.3217563033103943,-0.3218482434749603,9.194016456604004e-05,0,0,118,0,4,1,0,0.0,1,0,1,0,E,E,30,5,nan
2YHWA,164,control,0,64,-2.5230565071105957,-2.5199522972106934,-0.0031042098999023438,0,0,100,0,4,1,0,0.0,0,0,0,1,E,H,30,11,nan
2YHWA,164,control,0,83,-4.288663864135742,-4.288445949554443,-0.00021791458129882812,0,0,81,0,7,1,0,0.0,0,0,0,1,E,H,30,11,nan
2YHWA,164,control,0,101,-0.7632828950881958,-0.7630636096000671,-0.0002192854881286621,0,0,63,0,4,1,0,0.0,1,0,1,0,E,E,30,17,nan
2YHWA,164,control,0,120,-1.2230503559112549,-1.2223619222640991,-0.0006884336471557617,0,0,44,0,4,1,0,0.0,1,0,1,0,E,E,30,23,nan
2YHWA,164,control,0,138,-0.026360012590885162,-0.026339692994952202,-2.031959593296051e-05,0,0,26,0,2,1,1,0.03125,1,0,1,0,E,E,30,27,nan
2YHWA,164,control,0,204,-0.007794915232807398,-0.007825668901205063,3.0753668397665024e-05,0,0,40,0,4,1,0,0.0,0,0,0,1,E,C,30,41,nan
2YHWA,164,control,0,222,-0.6027979850769043,-0.6033955216407776,0.000597536563873291,0,1,58,0,3,1,0,0.0,0,0,0,1,E,H,30,48,nan
2YHWA,164,control,0,241,-2.364596128463745,-2.3630855083465576,-0.0015106201171875,0,0,77,-1,-1,-1,0,0.0,0,0,0,1,E,C,30,53,nan
2YHWA,164,control,0,259,-1.220231533050537,-1.2212016582489014,0.0009701251983642578,0,1,95,0,4,1,0,0.0,0,0,0,1,E,H,30,56,nan
2YHWA,164,control,0,278,-1.0629562139511108,-1.061766505241394,-0.0011897087097167969,0,0,114,0,3,1,0,0.0,0,0,0,1,E,H,30,56,nan
2YHWA,164,control,0,296,-1.86056649684906,-1.8616877794265747,0.0011212825775146484,0,1,132,0,2,1,4,0.19047619047619047,0,0,0,1,E,H,30,60,nan
2YHWA,164,control,0,315,-1.4136053323745728,-1.4138480424880981,0.00024271011352539062,0,0,151,0,4,1,0,0.0,0,0,0,1,E,C,30,63,nan
2YHWA,164,control,0,333,-1.7271552085876465,-1.727721929550171,0.0005667209625244141,0,1,169,0,4,1,0,0.0,0,0,0,1,E,H,30,66,nan
2YHWA,288,control,0,9,-0.27630242705345154,-0.27631238102912903,9.953975677490234e-06,0,0,279,-1,-1,-1,0,0.0,0,0,0,1,E,C,58,0,nan
2YHWA,288,control,0,27,-2.783855438232422,-2.7836296558380127,-0.0002257823944091797,0,0,261,0,5,1,0,0.0,0,0,0,1,E,C,58,2,nan
2YHWA,288,control,0,46,-0.3217563033103943,-0.32182303071022034,6.67273998260498e-05,0,0,242,0,4,1,0,0.0,1,0,1,0,E,E,58,5,nan
2YHWA,288,control,0,64,-2.5230565071105957,-2.5244951248168945,0.0014386177062988281,0,1,224,0,5,1,0,0.0,0,0,0,1,E,H,58,11,nan
2YHWA,288,control,0,83,-4.288663864135742,-4.288012981414795,-0.0006508827209472656,0,0,205,0,6,1,0,0.0,0,0,0,1,E,H,58,11,nan
2YHWA,288,control,0,101,-0.7632828950881958,-0.7631003260612488,-0.00018256902694702148,0,0,187,0,5,1,0,0.0,1,0,1,0,E,E,58,17,nan
2YHWA,288,control,0,120,-1.2230503559112549,-1.2234013080596924,0.0003509521484375,0,0,168,0,5,1,0,0.0,1,0,1,0,E,E,58,23,nan
2YHWA,288,control,0,138,-0.026360012590885162,-0.026268746703863144,-9.126588702201843e-05,0,0,150,0,3,1,0,0.0,1,0,1,0,E,E,58,27,nan
2YHWA,288,control,0,157,-1.7656269073486328,-1.7654304504394531,-0.0001964569091796875,0,0,131,0,3,1,0,0.0,0,0,0,1,E,C,58,29,nan
2YHWA,288,control,0,175,-2.8278326988220215,-2.828009843826294,0.00017714500427246094,0,0,113,0,3,1,0,0.0,0,0,0,1,E,C,58,33,nan
2YHWA,288,control,0,194,-0.7259024977684021,-0.7260378003120422,0.00013530254364013672,0,0,94,0,4,1,0,0.0,0,0,0,1,E,C,58,39,nan
2YHWA,288,control,0,212,-1.2828973531723022,-1.283303141593933,0.0004057884216308594,0,1,76,0,3,1,0,0.0,0,0,0,1,E,H,58,46,nan
2YHWA,288,control,0,231,-2.518000602722168,-2.517820358276367,-0.00018024444580078125,0,0,57,0,6,1,0,0.0,0,0,0,1,E,C,58,49,nan
2YHWA,288,control,0,249,-0.9721441864967346,-0.9720630645751953,-8.112192153930664e-05,0,0,39,0,5,1,0,0.0,0,0,0,1,E,H,58,54,nan
2YHWA,288,control,0,315,-1.4136053323745728,-1.4145127534866333,0.0009074211120605469,0,1,27,0,3,1,0,0.0,0,0,0,1,E,C,58,63,nan
2YHWA,288,control,0,333,-1.7271552085876465,-1.72847580909729,0.0013206005096435547,0,1,45,0,3,1,0,0.0,0,0,0,1,E,H,58,66,nan
3CSSA,158,anchor_top1,1,6,-1.7252438068389893,-1.7011938095092773,-0.024049997329711914,0,0,152,0,3,1,0,0.0,1,0,1,0,E,E,28,1,nan
3CSSA,158,anchor_top1,1,20,-0.15484951436519623,-0.14870500564575195,-0.006144508719444275,0,0,138,0,2,1,2,0.08,0,0,0,1,E,H,28,3,nan
3CSSA,158,anchor_top1,1,34,-2.7023956775665283,-2.773451328277588,0.07105565071105957,1,1,124,0,4,1,0,0.0,0,0,0,1,E,C,28,4,nan
3CSSA,158,anchor_top1,1,48,-0.008333906531333923,-0.00819652620702982,-0.00013738032430410385,0,0,110,0,2,1,1,0.038461538461538464,0,0,0,1,E,H,28,7,nan
3CSSA,158,anchor_top1,1,61,-1.9997261762619019,-2.1181788444519043,0.11845266819000244,1,1,97,0,4,1,0,0.0,0,0,0,1,E,H,28,7,nan
3CSSA,158,anchor_top1,1,75,-0.0665048211812973,-0.04313887283205986,-0.023365948349237442,0,0,83,0,2,1,1,0.038461538461538464,1,0,1,0,E,E,28,11,nan
3CSSA,158,anchor_top1,1,89,-0.9483475685119629,-0.8769453167915344,-0.07140225172042847,0,0,69,0,4,1,0,0.0,0,0,0,1,E,H,28,13,nan
3CSSA,158,anchor_top1,1,103,-0.693776547908783,-0.8034123182296753,0.10963577032089233,1,1,55,0,3,1,0,0.0,1,0,1,0,E,E,28,18,nan
3CSSA,158,anchor_top1,1,116,-3.241830825805664,-3.201227903366089,-0.040602922439575195,0,0,42,0,5,1,0,0.0,0,0,0,1,E,C,28,21,nan
3CSSA,158,anchor_top1,1,130,-2.581310749053955,-2.532139778137207,-0.04917097091674805,0,0,28,0,3,1,0,0.0,0,0,0,1,E,H,28,22,nan
3CSSA,158,anchor_top1,1,191,-2.7045516967773438,-2.5750961303710938,-0.12945556640625,0,0,33,0,4,1,0,0.0,0,0,0,1,E,C,28,37,nan
3CSSA,158,anchor_top1,1,205,-2.7278261184692383,-2.63399076461792,-0.09383535385131836,0,0,47,0,2,1,2,0.09523809523809523,0,0,0,1,E,H,28,40,nan
3CSSA,158,anchor_top1,1,218,-0.5207631587982178,-0.581275463104248,0.06051230430603027,1,1,60,0,3,1,0,0.0,1,0,1,0,E,E,28,42,nan
3CSSA,158,anchor_top1,1,232,-1.730075478553772,-1.7351837158203125,0.005108237266540527,0,0,74,0,4,1,0,0.0,0,0,0,1,E,C,28,45,nan
3CSSA,158,anchor_top1,1,246,-0.7863239645957947,-0.7534762024879456,-0.03284776210784912,0,0,88,0,3,1,0,0.0,0,0,0,1,E,H,28,46,nan
3CSSA,158,anchor_top1,1,260,-0.40369582176208496,-0.3726905882358551,-0.03100523352622986,0,0,102,0,3,1,0,0.0,0,0,0,1,E,C,28,49,nan
3CSSA,40,anchor_top2,1,6,-1.7252438068389893,-1.722766637802124,-0.0024771690368652344,0,0,34,0,4,1,0,0.0,1,0,1,0,E,E,5,1,nan
3CSSA,40,anchor_top2,1,67,-3.0842623710632324,-3.0788462162017822,-0.005416154861450195,0,0,27,0,2,1,2,0.10526315789473684,0,0,0,1,E,C,5,8,nan
3CSSA,40,anchor_top2,1,81,-1.3005706071853638,-1.3117098808288574,0.011139273643493652,1,1,41,0,4,1,0,0.0,0,0,0,1,E,C,5,12,nan
3CSSA,40,anchor_top2,1,95,-0.09895331412553787,-0.09633530676364899,-0.0026180073618888855,0,0,55,0,2,1,1,0.045454545454545456,0,0,0,1,E,H,5,15,nan
3CSSA,40,anchor_top2,1,108,-1.772314429283142,-1.783677101135254,0.011362671852111816,1,1,68,0,4,1,0,0.0,0,0,0,1,E,C,5,19,nan
3CSSA,40,anchor_top2,1,122,-2.282405138015747,-2.2473394870758057,-0.035065650939941406,0,0,82,0,5,1,0,0.0,0,0,0,1,E,H,5,22,nan
3CSSA,40,anchor_top2,1,136,-0.23458780348300934,-0.2406231313943863,0.006035327911376953,0,0,96,0,2,1,1,0.04,0,0,0,1,E,H,5,22,nan
3CSSA,40,anchor_top2,1,150,-3.1857099533081055,-3.1783857345581055,-0.00732421875,0,0,110,0,4,1,0,0.0,0,0,0,1,E,C,5,25,nan
3CSSA,40,anchor_top2,1,163,-0.0004325169720686972,-0.0004292996891308576,-3.2172829378396273e-06,0,0,123,0,3,1,0,0.0,0,0,0,1,E,C,5,29,nan
3CSSA,40,anchor_top2,1,177,-0.8309786319732666,-0.8296429514884949,-0.0013356804847717285,0,0,137,0,4,1,0,0.0,0,0,0,1,E,H,5,34,nan
3CSSA,40,anchor_top2,1,191,-2.7045516967773438,-2.7165024280548096,0.01195073127746582,1,1,151,0,5,1,0,0.0,0,0,0,1,E,C,5,37,nan
3CSSA,40,anchor_top2,1,205,-2.7278261184692383,-2.7693586349487305,0.04153251647949219,1,1,165,0,3,1,0,0.0,0,0,0,1,E,H,5,40,nan
3CSSA,40,anchor_top2,1,218,-0.5207631587982178,-0.511033296585083,-0.009729862213134766,0,0,178,0,3,1,0,0.0,1,0,1,0,E,E,5,42,nan
3CSSA,40,anchor_top2,1,232,-1.730075478553772,-1.7208455801010132,-0.009229898452758789,0,0,192,0,5,1,0,0.0,0,0,0,1,E,C,5,45,nan
3CSSA,40,anchor_top2,1,246,-0.7863239645957947,-0.7840915322303772,-0.0022324323654174805,0,0,206,0,4,1,0,0.0,0,0,0,1,E,H,5,46,nan
3CSSA,40,anchor_top2,1,260,-0.40369582176208496,-0.4057629406452179,0.0020671188831329346,0,0,220,0,4,1,0,0.0,0,0,0,1,E,C,5,49,nan
3CSSA,216,anchor_top3,1,6,-1.7252438068389893,-1.724901556968689,-0.00034224987030029297,0,0,210,0,2,1,3,0.17647058823529413,1,0,1,0,E,E,42,1,nan
3CSSA,216,anchor_top3,1,20,-0.15484951436519623,-0.15545257925987244,0.0006030648946762085,0,0,196,0,2,1,3,0.125,0,0,0,1,E,H,42,3,nan
3CSSA,216,anchor_top3,1,34,-2.7023956775665283,-2.702054977416992,-0.0003407001495361328,0,0,182,0,5,1,0,0.0,0,0,0,1,E,C,42,4,nan
3CSSA,216,anchor_top3,1,48,-0.008333906531333923,-0.008321257308125496,-1.264922320842743e-05,0,0,168,0,2,1,2,0.08,0,0,0,1,E,H,42,7,nan
3CSSA,216,anchor_top3,1,61,-1.9997261762619019,-2.000356674194336,0.000630497932434082,0,1,155,0,5,1,0,0.0,0,0,0,1,E,H,42,7,nan
3CSSA,216,anchor_top3,1,75,-0.0665048211812973,-0.06642484664916992,-7.997453212738037e-05,0,0,141,0,4,1,0,0.0,1,0,1,0,E,E,42,11,nan
3CSSA,216,anchor_top3,1,89,-0.9483475685119629,-0.9481194019317627,-0.0002281665802001953,0,0,127,0,3,1,0,0.0,0,0,0,1,E,H,42,13,nan
3CSSA,216,anchor_top3,1,103,-0.693776547908783,-0.6932708024978638,-0.0005057454109191895,0,0,113,0,5,1,0,0.0,1,0,1,0,E,E,42,18,nan
3CSSA,216,anchor_top3,1,116,-3.241830825805664,-3.2415592670440674,-0.0002715587615966797,0,0,100,0,5,1,0,0.0,0,0,0,1,E,C,42,21,nan
3CSSA,216,anchor_top3,1,130,-2.581310749053955,-2.5814688205718994,0.00015807151794433594,0,0,86,0,5,1,0,0.0,0,0,0,1,E,H,42,22,nan
3CSSA,216,anchor_top3,1,144,-3.119719982147217,-3.1196742057800293,-4.57763671875e-05,0,0,72,0,5,1,0,0.0,1,0,1,0,E,E,42,24,nan
3CSSA,216,anchor_top3,1,158,-0.49701571464538574,-0.4947693645954132,-0.002246350049972534,0,0,58,0,2,1,3,0.13043478260869565,1,0,1,0,E,E,42,28,nan
3CSSA,216,anchor_top3,1,171,-2.1390204429626465,-2.1398165225982666,0.0007960796356201172,0,1,45,0,2,1,1,0.034482758620689655,1,0,1,0,E,E,42,32,nan
3CSSA,216,anchor_top3,1,185,-0.6142275929450989,-0.6158596873283386,0.001632094383239746,0,1,31,0,4,1,0,0.0,1,0,1,0,E,E,42,36,nan
3CSSA,216,anchor_top3,1,246,-0.7863239645957947,-0.787525475025177,0.0012015104293823242,0,1,30,0,2,1,1,0.05263157894736842,0,0,0,1,E,H,42,46,nan
3CSSA,216,anchor_top3,1,260,-0.40369582176208496,-0.40146201848983765,-0.0022338032722473145,0,0,44,0,2,1,2,0.07692307692307693,0,0,0,1,E,C,42,49,nan
3CSSA,203,control,0,6,-1.7252438068389893,-1.724980354309082,-0.00026345252990722656,0,0,197,0,4,1,0,0.0,1,0,1,0,E,E,38,1,nan
3CSSA,203,control,0,20,-0.15484951436519623,-0.15454967319965363,-0.00029984116554260254,0,0,183,0,3,1,0,0.0,0,0,0,1,E,H,38,3,nan
3CSSA,203,control,0,34,-2.7023956775665283,-2.7027535438537598,0.0003578662872314453,0,1,169,0,5,1,0,0.0,0,0,0,1,E,C,38,4,nan
3CSSA,203,control,0,48,-0.008333906531333923,-0.008331661112606525,-2.2454187273979187e-06,0,0,155,0,3,1,0,0.0,0,0,0,1,E,H,38,7,nan
3CSSA,203,control,0,61,-1.9997261762619019,-2.000124454498291,0.00039827823638916016,0,1,142,0,5,1,0,0.0,0,0,0,1,E,H,38,7,nan
3CSSA,203,control,0,75,-0.0665048211812973,-0.06607341021299362,-0.0004314109683036804,0,0,128,0,2,1,3,0.125,1,0,1,0,E,E,38,11,nan
3CSSA,203,control,0,89,-0.9483475685119629,-0.9471707344055176,-0.0011768341064453125,0,0,114,0,3,1,0,0.0,0,0,0,1,E,H,38,13,nan
3CSSA,203,control,0,103,-0.693776547908783,-0.6940149068832397,0.0002383589744567871,0,0,100,0,3,1,0,0.0,1,0,1,0,E,E,38,18,nan
3CSSA,203,control,0,116,-3.241830825805664,-3.2423906326293945,0.0005598068237304688,0,1,87,0,4,1,0,0.0,0,0,0,1,E,C,38,21,nan
3CSSA,203,control,0,130,-2.581310749053955,-2.5808091163635254,-0.0005016326904296875,0,0,73,0,2,1,1,0.047619047619047616,0,0,0,1,E,H,38,22,nan
3CSSA,203,control,0,144,-3.119719982147217,-3.120011329650879,0.0002913475036621094,0,1,59,0,4,1,0,0.0,1,0,1,0,E,E,38,24,nan
3CSSA,203,control,0,158,-0.49701571464538574,-0.49678289890289307,-0.00023281574249267578,0,0,45,1,1,1,5,0.23809523809523808,1,0,1,0,E,E,38,28,nan
3CSSA,203,control,0,171,-2.1390204429626465,-2.137078285217285,-0.0019421577453613281,0,0,32,0,2,1,5,0.2,1,0,1,0,E,E,38,32,nan
3CSSA,203,control,0,232,-1.730075478553772,-1.730271577835083,0.00019609928131103516,0,0,29,0,4,1,0,0.0,0,0,0,1,E,C,38,45,nan
3CSSA,203,control,0,246,-0.7863239645957947,-0.785716712474823,-0.0006072521209716797,0,0,43,0,3,1,0,0.0,0,0,0,1,E,H,38,46,nan
3CSSA,203,control,0,260,-0.40369582176208496,-0.4030090868473053,-0.0006867349147796631,0,0,57,0,4,1,0,0.0,0,0,0,1,E,C,38,49,nan
3CSSA,199,control,0,6,-1.7252438068389893,-1.7256975173950195,0.00045371055603027344,0,1,193,0,6,1,0,0.0,1,0,1,0,E,E,38,1,nan
3CSSA,199,control,0,20,-0.15484951436519623,-0.15471921861171722,-0.0001302957534790039,0,0,179,0,5,1,0,0.0,0,0,0,1,E,H,38,3,nan
3CSSA,199,control,0,34,-2.7023956775665283,-2.7020363807678223,-0.0003592967987060547,0,0,165,0,7,1,0,0.0,0,0,0,1,E,C,38,4,nan
3CSSA,199,control,0,48,-0.008333906531333923,-0.008341118693351746,7.212162017822266e-06,0,0,151,0,4,1,0,0.0,0,0,0,1,E,H,38,7,nan
3CSSA,199,control,0,61,-1.9997261762619019,-2.000171661376953,0.00044548511505126953,0,0,138,0,7,1,0,0.0,0,0,0,1,E,H,38,7,nan
3CSSA,199,control,0,75,-0.0665048211812973,-0.06642763316631317,-7.718801498413086e-05,0,0,124,0,2,1,3,0.1111111111111111,1,0,1,0,E,E,38,11,nan
3CSSA,199,control,0,89,-0.9483475685119629,-0.9490989446640015,0.0007513761520385742,0,1,110,0,4,1,0,0.0,0,0,0,1,E,H,38,13,nan
3CSSA,199,control,0,103,-0.693776547908783,-0.694758415222168,0.0009818673133850098,0,1,96,0,4,1,0,0.0,1,0,1,0,E,E,38,18,nan
3CSSA,199,control,0,116,-3.241830825805664,-3.2411656379699707,-0.0006651878356933594,0,0,83,1,1,1,4,0.2222222222222222,0,0,0,1,E,C,38,21,nan
3CSSA,199,control,0,130,-2.581310749053955,-2.5814626216888428,0.0001518726348876953,0,0,69,0,3,1,0,0.0,0,0,0,1,E,H,38,22,nan
3CSSA,199,control,0,144,-3.119719982147217,-3.1195268630981445,-0.00019311904907226562,0,0,55,0,6,1,0,0.0,1,0,1,0,E,E,38,24,nan
3CSSA,199,control,0,158,-0.49701571464538574,-0.496681272983551,-0.0003344416618347168,0,0,41,0,4,1,0,0.0,1,0,1,0,E,E,38,28,nan
3CSSA,199,control,0,171,-2.1390204429626465,-2.1374053955078125,-0.0016150474548339844,0,0,28,0,2,1,1,0.03125,1,0,1,0,E,E,38,32,nan
3CSSA,199,control,0,232,-1.730075478553772,-1.729784369468689,-0.0002911090850830078,0,0,33,0,5,1,0,0.0,0,0,0,1,E,C,38,45,nan
3CSSA,199,control,0,246,-0.7863239645957947,-0.7867832779884338,0.00045931339263916016,0,1,47,0,4,1,0,0.0,0,0,0,1,E,H,38,46,nan
3CSSA,199,control,0,260,-0.40369582176208496,-0.4029921293258667,-0.0007036924362182617,0,0,61,0,5,1,0,0.0,0,0,0,1,E,C,38,49,nan
3CSSA,153,control,0,6,-1.7252438068389893,-1.7251545190811157,-8.928775787353516e-05,0,0,147,0,4,1,0,0.0,1,0,1,0,E,E,26,1,nan
3CSSA,153,control,0,20,-0.15484951436519623,-0.1552087664604187,0.00035925209522247314,0,0,133,0,4,1,0,0.0,0,0,0,1,E,H,26,3,nan
3CSSA,153,control,0,34,-2.7023956775665283,-2.7037367820739746,0.001341104507446289,0,1,119,0,3,1,0,0.0,0,0,0,1,E,C,26,4,nan
3CSSA,153,control,0,48,-0.008333906531333923,-0.008347265422344208,1.3358891010284424e-05,0,0,105,0,4,1,0,0.0,0,0,0,1,E,H,26,7,nan
3CSSA,153,control,0,61,-1.9997261762619019,-2.0002946853637695,0.0005685091018676758,0,0,92,0,4,1,0,0.0,0,0,0,1,E,H,26,7,nan
3CSSA,153,control,0,75,-0.0665048211812973,-0.06647459417581558,-3.022700548171997e-05,0,0,78,0,4,1,0,0.0,1,0,1,0,E,E,26,11,nan
3CSSA,153,control,0,89,-0.9483475685119629,-0.9477548599243164,-0.0005927085876464844,0,0,64,0,5,1,0,0.0,0,0,0,1,E,H,26,13,nan
3CSSA,153,control,0,103,-0.693776547908783,-0.6926436424255371,-0.0011329054832458496,0,0,50,0,3,1,0,0.0,1,0,1,0,E,E,26,18,nan
3CSSA,153,control,0,116,-3.241830825805664,-3.2403621673583984,-0.001468658447265625,0,0,37,0,5,1,0,0.0,0,0,0,1,E,C,26,21,nan
3CSSA,153,control,0,177,-0.8309786319732666,-0.8322635293006897,0.0012848973274230957,0,1,24,0,3,1,0,0.0,0,0,0,1,E,H,26,34,nan
3CSSA,153,control,0,191,-2.7045516967773438,-2.70503830909729,0.00048661231994628906,0,0,38,0,5,1,0,0.0,0,0,0,1,E,C,26,37,nan
3CSSA,153,control,0,205,-2.7278261184692383,-2.7294063568115234,0.0015802383422851562,0,1,52,0,2,1,1,0.047619047619047616,0,0,0,1,E,H,26,40,nan
3CSSA,153,control,0,218,-0.5207631587982178,-0.5203178524971008,-0.00044530630111694336,0,0,65,0,5,1,0,0.0,1,0,1,0,E,E,26,42,nan
3CSSA,153,control,0,232,-1.730075478553772,-1.7307195663452148,0.0006440877914428711,0,1,79,0,5,1,0,0.0,0,0,0,1,E,C,26,45,nan
3CSSA,153,control,0,246,-0.7863239645957947,-0.7854443192481995,-0.0008796453475952148,0,0,93,0,4,1,0,0.0,0,0,0,1,E,H,26,46,nan
3CSSA,153,control,0,260,-0.40369582176208496,-0.40378665924072266,9.083747863769531e-05,0,0,107,0,5,1,0,0.0,0,0,0,1,E,C,26,49,nan
3CSSA,74,control,0,6,-1.7252438068389893,-1.7258155345916748,0.0005717277526855469,0,0,68,0,5,1,0,0.0,1,0,1,0,E,E,11,1,nan
3CSSA,74,control,0,20,-0.15484951436519623,-0.15511363744735718,0.0002641230821609497,0,0,54,0,3,1,0,0.0,0,0,0,1,E,H,11,3,nan
3CSSA,74,control,0,34,-2.7023956775665283,-2.7029309272766113,0.0005352497100830078,0,0,40,0,6,1,0,0.0,0,0,0,1,E,C,11,4,nan
3CSSA,74,control,0,48,-0.008333906531333923,-0.00825788825750351,-7.601827383041382e-05,0,0,26,0,2,1,2,0.08,0,0,0,1,E,H,11,7,nan
3CSSA,74,control,0,108,-1.772314429283142,-1.7775901556015015,0.005275726318359375,0,1,34,0,2,1,1,0.04,0,0,0,1,E,C,11,19,nan
3CSSA,74,control,0,122,-2.282405138015747,-2.2822744846343994,-0.00013065338134765625,0,0,48,0,3,1,0,0.0,0,0,0,1,E,H,11,22,nan
3CSSA,74,control,0,136,-0.23458780348300934,-0.23614564538002014,0.0015578418970108032,0,1,62,0,3,1,0,0.0,0,0,0,1,E,H,11,22,nan
3CSSA,74,control,0,150,-3.1857099533081055,-3.1851062774658203,-0.0006036758422851562,0,0,76,0,4,1,0,0.0,0,0,0,1,E,C,11,25,nan
3CSSA,74,control,0,163,-0.0004325169720686972,-0.0004297763225622475,-2.7406495064496994e-06,0,0,89,0,3,1,0,0.0,0,0,0,1,E,C,11,29,nan
3CSSA,74,control,0,177,-0.8309786319732666,-0.8308587670326233,-0.00011986494064331055,0,0,103,0,2,1,5,0.20833333333333334,0,0,0,1,E,H,11,34,nan
3CSSA,74,control,0,191,-2.7045516967773438,-2.70438289642334,-0.00016880035400390625,0,0,117,0,3,1,0,0.0,0,0,0,1,E,C,11,37,nan
3CSSA,74,control,0,205,-2.7278261184692383,-2.729039192199707,0.00121307373046875,0,1,131,0,2,1,1,0.045454545454545456,0,0,0,1,E,H,11,40,nan
3CSSA,74,control,0,218,-0.5207631587982178,-0.5198520421981812,-0.0009111166000366211,0,0,144,0,3,1,0,0.0,1,0,1,0,E,E,11,42,nan
3CSSA,74,control,0,232,-1.730075478553772,-1.7302086353302002,0.00013315677642822266,0,0,158,0,4,1,0,0.0,0,0,0,1,E,C,11,45,nan
3CSSA,74,control,0,246,-0.7863239645957947,-0.7870827317237854,0.0007587671279907227,0,1,172,0,3,1,0,0.0,0,0,0,1,E,H,11,46,nan
3CSSA,74,control,0,260,-0.40369582176208496,-0.40374016761779785,4.4345855712890625e-05,0,0,186,0,4,1,0,0.0,0,0,0,1,E,C,11,49,nan
3CSSA,159,control,0,6,-1.7252438068389893,-1.7254952192306519,0.00025141239166259766,0,1,153,0,3,1,0,0.0,1,0,1,0,E,E,28,1,nan
3CSSA,159,control,0,20,-0.15484951436519623,-0.1544749140739441,-0.00037460029125213623,0,0,139,1,1,1,4,0.16666666666666666,0,0,0,1,E,H,28,3,nan
3CSSA,159,control,0,34,-2.7023956775665283,-2.702432870864868,3.719329833984375e-05,0,0,125,0,4,1,0,0.0,0,0,0,1,E,C,28,4,nan
3CSSA,159,control,0,48,-0.008333906531333923,-0.008330478332936764,-3.4281983971595764e-06,0,0,111,1,1,1,6,0.2727272727272727,0,0,0,1,E,H,28,7,nan
3CSSA,159,control,0,61,-1.9997261762619019,-2.0003952980041504,0.0006691217422485352,0,1,98,0,4,1,0,0.0,0,0,0,1,E,H,28,7,nan
3CSSA,159,control,0,75,-0.0665048211812973,-0.06610018759965897,-0.0004046335816383362,0,0,84,0,2,1,1,0.037037037037037035,1,0,1,0,E,E,28,11,nan
3CSSA,159,control,0,89,-0.9483475685119629,-0.9465159177780151,-0.001831650733947754,0,0,70,0,3,1,0,0.0,0,0,0,1,E,H,28,13,nan
3CSSA,159,control,0,103,-0.693776547908783,-0.6934234499931335,-0.00035309791564941406,0,0,56,0,3,1,0,0.0,1,0,1,0,E,E,28,18,nan
3CSSA,159,control,0,116,-3.241830825805664,-3.2407970428466797,-0.001033782958984375,0,0,43,0,5,1,0,0.0,0,0,0,1,E,C,28,21,nan
3CSSA,159,control,0,130,-2.581310749053955,-2.581056594848633,-0.0002541542053222656,0,0,29,0,4,1,0,0.0,0,0,0,1,E,H,28,22,nan
3CSSA,159,control,0,191,-2.7045516967773438,-2.704585552215576,3.3855438232421875e-05,0,0,32,0,4,1,0,0.0,0,0,0,1,E,C,28,37,nan
3CSSA,159,control,0,205,-2.7278261184692383,-2.7257094383239746,-0.002116680145263672,0,0,46,0,3,1,0,0.0,0,0,0,1,E,H,28,40,nan
3CSSA,159,control,0,218,-0.5207631587982178,-0.5203493237495422,-0.0004138350486755371,0,0,59,0,2,1,2,0.07142857142857142,1,0,1,0,E,E,28,42,nan
3CSSA,159,control,0,232,-1.730075478553772,-1.7303478717803955,0.00027239322662353516,0,1,73,0,4,1,0,0.0,0,0,0,1,E,C,28,45,nan
3CSSA,159,control,0,246,-0.7863239645957947,-0.7874378561973572,0.0011138916015625,0,1,87,0,3,1,0,0.0,0,0,0,1,E,H,28,46,nan
3CSSA,159,control,0,260,-0.40369582176208496,-0.4033530354499817,-0.0003427863121032715,0,0,101,0,3,1,0,0.0,0,0,0,1,E,C,28,49,nan
3HO7A,158,anchor_top1,1,5,-1.4923826456069946,-1.4460082054138184,-0.04637444019317627,0,0,153,-1,-1,-1,0,0.0,0,0,0,1,E,H,34,1,nan
3HO7A,158,anchor_top1,1,17,-3.112800359725952,-3.0563595294952393,-0.05644083023071289,0,0,141,0,3,1,0,0.0,0,0,0,1,E,C,34,4,nan
3HO7A,158,anchor_top1,1,28,-1.3736716508865356,-1.3986234664916992,0.024951815605163574,1,1,130,0,4,1,0,0.0,0,0,0,1,E,H,34,5,nan
3HO7A,158,anchor_top1,1,40,-0.9711663722991943,-0.8832009434700012,-0.08796542882919312,0,0,118,0,6,1,0,0.0,1,0,1,0,E,E,34,7,nan
3HO7A,158,anchor_top1,1,52,-1.0608549118041992,-1.0527868270874023,-0.008068084716796875,0,0,106,0,5,1,0,0.0,0,0,0,1,E,H,34,9,nan
3HO7A,158,anchor_top1,1,63,-0.21962125599384308,-0.232605442404747,0.01298418641090393,1,0,95,0,4,1,0,0.0,1,0,1,0,E,E,34,11,nan
3HO7A,158,anchor_top1,1,75,-2.0186033248901367,-1.9492096900939941,-0.06939363479614258,0,0,83,0,6,1,0,0.0,1,0,1,0,E,E,34,13,nan
3HO7A,158,anchor_top1,1,86,-2.4183502197265625,-2.2715229988098145,-0.14682722091674805,0,0,72,1,1,1,4,0.17391304347826086,1,0,1,0,E,E,34,15,nan
3HO7A,158,anchor_top1,1,98,-2.0965259075164795,-2.0007660388946533,-0.09575986862182617,0,0,60,0,3,1,0,0.0,0,0,0,1,E,C,34,18,nan
3HO7A,158,anchor_top1,1,109,-1.4916424751281738,-1.709344744682312,0.21770226955413818,1,1,49,0,2,1,3,0.15,0,0,0,1,E,H,34,23,nan
3HO7A,158,anchor_top1,1,121,-0.4815517067909241,-0.536592960357666,0.05504125356674194,1,1,37,0,3,1,0,0.0,0,0,0,1,E,H,34,26,nan
3HO7A,158,anchor_top1,1,132,-2.1792051792144775,-2.148472309112549,-0.03073287010192871,0,0,26,0,2,1,2,0.08695652173913043,0,0,0,1,E,C,34,27,nan
3HO7A,158,anchor_top1,1,191,-0.8383485674858093,-0.9287822246551514,0.09043365716934204,1,1,33,0,5,1,0,0.0,1,0,1,0,E,E,34,41,nan
3HO7A,158,anchor_top1,1,203,-1.266929030418396,-1.2774947881698608,0.010565757751464844,1,0,45,0,6,1,0,0.0,0,0,0,1,E,H,34,43,nan
3HO7A,158,anchor_top1,1,214,-0.032888077199459076,-0.027275221422314644,-0.005612855777144432,0,0,56,0,5,1,0,0.0,0,0,0,1,E,C,34,44,nan
3HO7A,158,anchor_top1,1,226,-3.826259136199951,-3.8497302532196045,0.02347111701965332,1,0,68,0,4,1,0,0.0,0,0,0,1,E,C,34,48,nan
3HO7A,14,anchor_top2,1,44,-2.4135618209838867,-2.367365837097168,-0.04619598388671875,0,0,30,1,1,1,6,0.35294117647058826,1,0,1,0,E,E,3,7,nan
3HO7A,14,anchor_top2,1,56,-3.167170524597168,-3.2772912979125977,0.11012077331542969,1,1,42,0,3,1,0,0.0,0,0,0,1,E,H,3,9,nan
3HO7A,14,anchor_top2,1,68,-4.359837532043457,-4.291322708129883,-0.06851482391357422,0,0,54,0,3,1,0,0.0,0,0,0,1,E,C,3,12,nan
3HO7A,14,anchor_top2,1,80,-0.6729305982589722,-0.6319039463996887,-0.04102665185928345,0,0,66,0,3,1,0,0.0,1,0,1,0,E,E,3,15,nan
3HO7A,14,anchor_top2,1,92,-3.7520129680633545,-3.757843255996704,0.005830287933349609,0,0,78,0,6,1,0,0.0,0,0,0,1,E,C,3,16,nan
3HO7A,14,anchor_top2,1,104,-1.5951846837997437,-1.532233476638794,-0.06295120716094971,0,0,90,0,7,1,0,0.0,0,0,0,1,E,H,3,21,nan
3HO7A,14,anchor_top2,1,116,-0.008833379484713078,-0.010697048157453537,0.0018636686727404594,0,0,102,0,3,1,0,0.0,0,0,0,1,E,C,3,25,nan
3HO7A,14,anchor_top2,1,128,-1.840153694152832,-1.821285367012024,-0.018868327140808105,0,0,114,0,6,1,0,0.0,0,0,0,1,E,H,3,26,nan
3HO7A,14,anchor_top2,1,141,-2.4770588874816895,-2.664726734161377,0.1876678466796875,1,1,127,0,4,1,0,0.0,0,0,0,1,E,C,3,31,nan
3HO7A,14,anchor_top2,1,153,-1.9442288875579834,-1.8952592611312866,-0.04896962642669678,0,0,139,0,6,1,0,0.0,0,0,0,1,E,C,3,33,nan
3HO7A,14,anchor_top2,1,165,-1.230515956878662,-1.1764812469482422,-0.05403470993041992,0,0,151,0,4,1,0,0.0,0,0,0,1,E,H,3,35,nan
3HO7A,14,anchor_top2,1,177,-0.3458217978477478,-0.3566352427005768,0.01081344485282898,1,0,163,0,5,1,0,0.0,1,0,1,0,E,E,3,39,nan
3HO7A,14,anchor_top2,1,189,-2.431769847869873,-2.427379608154297,-0.004390239715576172,0,0,175,0,2,1,1,0.037037037037037035,1,0,1,0,E,E,3,41,nan
3HO7A,14,anchor_top2,1,201,-0.6712453961372375,-0.7319092750549316,0.06066387891769409,1,1,187,0,2,1,2,0.1,0,0,0,1,E,H,3,43,nan
3HO7A,14,anchor_top2,1,213,-1.159669280052185,-1.21727454662323,0.05760526657104492,1,0,199,0,3,1,0,0.0,0,0,0,1,E,C,3,44,nan
3HO7A,14,anchor_top2,1,225,-3.357360363006592,-3.4378015995025635,0.08044123649597168,1,1,211,0,5,1,0,0.0,0,0,0,1,E,C,3,48,nan
3HO7A,63,anchor_top3,1,5,-1.4923826456069946,-1.4957751035690308,0.003392457962036133,0,1,58,-1,-1,-1,0,0.0,0,0,0,1,E,H,11,1,nan
3HO7A,63,anchor_top3,1,17,-3.112800359725952,-3.1288890838623047,0.01608872413635254,1,1,46,0,2,1,6,0.24,0,0,0,1,E,C,11,4,nan
3HO7A,63,anchor_top3,1,28,-1.3736716508865356,-1.3782070875167847,0.0045354366302490234,0,1,35,0,3,1,0,0.0,0,0,0,1,E,H,11,5,nan
3HO7A,63,anchor_top3,1,87,-0.10182517766952515,-0.0928390845656395,-0.00898609310388565,0,0,24,0,5,1,0,0.0,1,0,1,0,E,E,11,15,nan
3HO7A,63,anchor_top3,1,99,-1.4828757047653198,-1.4855133295059204,0.002637624740600586,0,0,36,0,6,1,0,0.0,1,0,1,0,E,E,11,19,nan
3HO7A,63,anchor_top3,1,110,-0.1784374713897705,-0.17727577686309814,-0.0011616945266723633,0,0,47,0,5,1,0,0.0,1,0,1,0,E,E,11,24,nan
3HO7A,63,anchor_top3,1,122,-0.06729576736688614,-0.06661490350961685,-0.0006808638572692871,0,0,59,0,3,1,0,0.0,0,0,0,1,E,H,11,26,nan
3HO7A,63,anchor_top3,1,133,-3.5292201042175293,-3.5265965461730957,-0.0026235580444335938,0,0,70,0,6,1,0,0.0,0,0,0,1,E,C,11,27,nan
3HO7A,63,anchor_top3,1,145,-0.48655858635902405,-0.4772183299064636,-0.009340256452560425,0,0,82,0,4,1,0,0.0,0,0,0,1,E,H,11,32,nan
3HO7A,63,anchor_top3,1,156,-0.022231409326195717,-0.022754287347197533,0.0005228780210018158,0,0,93,0,5,1,0,0.0,0,0,0,1,E,C,11,33,nan
3HO7A,63,anchor_top3,1,168,-0.14692813158035278,-0.14890779554843903,0.0019796639680862427,0,0,105,0,5,1,0,0.0,0,0,0,1,E,C,11,36,nan
3HO7A,63,anchor_top3,1,179,-0.1703031063079834,-0.17361439764499664,0.0033112913370132446,0,0,116,0,5,1,0,0.0,1,0,1,0,E,E,11,39,nan
3HO7A,63,anchor_top3,1,191,-0.8383485674858093,-0.811278223991394,-0.027070343494415283,0,0,128,1,1,1,8,0.38095238095238093,1,0,1,0,E,E,11,41,nan
3HO7A,63,anchor_top3,1,203,-1.266929030418396,-1.2686152458190918,0.0016862154006958008,0,0,140,0,3,1,0,0.0,0,0,0,1,E,H,11,43,nan
3HO7A,63,anchor_top3,1,214,-0.032888077199459076,-0.03305763006210327,0.00016955286264419556,0,0,151,0,4,1,0,0.0,0,0,0,1,E,C,11,44,nan
3HO7A,63,anchor_top3,1,226,-3.826259136199951,-3.8308935165405273,0.004634380340576172,0,1,163,0,4,1,0,0.0,0,0,0,1,E,C,11,48,nan
3HO7A,64,control,0,5,-1.4923826456069946,-1.4925023317337036,0.00011968612670898438,0,1,59,-1,-1,-1,0,0.0,0,0,0,1,E,H,11,1,nan
3HO7A,64,control,0,17,-3.112800359725952,-3.109494924545288,-0.0033054351806640625,0,0,47,1,1,1,4,0.14814814814814814,0,0,0,1,E,C,11,4,nan
3HO7A,64,control,0,28,-1.3736716508865356,-1.3742122650146484,0.000540614128112793,0,1,36,0,2,1,2,0.08333333333333333,0,0,0,1,E,H,11,5,nan
3HO7A,64,control,0,40,-0.9711663722991943,-0.970431923866272,-0.0007344484329223633,0,0,24,0,3,1,0,0.0,1,0,1,0,E,E,11,7,nan
3HO7A,64,control,0,99,-1.4828757047653198,-1.4826843738555908,-0.0001913309097290039,0,0,35,0,5,1,0,0.0,1,0,1,0,E,E,11,19,nan
3HO7A,64,control,0,110,-0.1784374713897705,-0.1781410425901413,-0.0002964287996292114,0,0,46,0,4,1,0,0.0,1,0,1,0,E,E,11,24,nan
3HO7A,64,control,0,122,-0.06729576736688614,-0.06735672801733017,6.096065044403076e-05,0,0,58,0,3,1,0,0.0,0,0,0,1,E,H,11,26,nan
3HO7A,64,control,0,133,-3.5292201042175293,-3.528876304626465,-0.0003437995910644531,0,0,69,0,5,1,0,0.0,0,0,0,1,E,C,11,27,nan
3HO7A,64,control,0,145,-0.48655858635902405,-0.4863058626651764,-0.00025272369384765625,0,0,81,0,4,1,0,0.0,0,0,0,1,E,H,11,32,nan
3HO7A,64,control,0,156,-0.022231409326195717,-0.022334234789013863,0.00010282546281814575,0,0,92,0,5,1,0,0.0,0,0,0,1,E,C,11,33,nan
3HO7A,64,control,0,168,-0.14692813158035278,-0.14695046842098236,2.2336840629577637e-05,0,0,104,0,4,1,0,0.0,0,0,0,1,E,C,11,36,nan
3HO7A,64,control,0,179,-0.1703031063079834,-0.17019551992416382,-0.00010758638381958008,0,0,115,0,4,1,0,0.0,1,0,1,0,E,E,11,39,nan
3HO7A,64,control,0,191,-0.8383485674858093,-0.8373175859451294,-0.0010309815406799316,0,0,127,1,1,1,5,0.20833333333333334,1,0,1,0,E,E,11,41,nan
3HO7A,64,control,0,203,-1.266929030418396,-1.2670822143554688,0.0001531839370727539,0,1,139,0,3,1,0,0.0,0,0,0,1,E,H,11,43,nan
3HO7A,64,control,0,214,-0.032888077199459076,-0.032923951745033264,3.587454557418823e-05,0,0,150,0,3,1,0,0.0,0,0,0,1,E,C,11,44,nan
3HO7A,64,control,0,226,-3.826259136199951,-3.826918840408325,0.0006597042083740234,0,1,162,0,3,1,0,0.0,0,0,0,1,E,C,11,48,nan
3HO7A,81,control,0,5,-1.4923826456069946,-1.492560863494873,0.00017821788787841797,0,0,76,-1,-1,-1,0,0.0,0,0,0,1,E,H,15,1,nan
3HO7A,81,control,0,17,-3.112800359725952,-3.117659091949463,0.004858732223510742,0,1,64,0,3,1,0,0.0,0,0,0,1,E,C,15,4,nan
3HO7A,81,control,0,28,-1.3736716508865356,-1.3731372356414795,-0.0005344152450561523,0,0,53,0,3,1,0,0.0,0,0,0,1,E,H,15,5,nan
3HO7A,81,control,0,40,-0.9711663722991943,-0.9698899984359741,-0.0012763738632202148,0,0,41,0,5,1,0,0.0,1,0,1,0,E,E,15,7,nan
3HO7A,81,control,0,52,-1.0608549118041992,-1.0597903728485107,-0.0010645389556884766,0,0,29,0,4,1,0,0.0,0,0,0,1,E,H,15,9,nan
3HO7A,81,control,0,110,-0.1784374713897705,-0.17854706943035126,0.00010959804058074951,0,0,29,0,5,1,0,0.0,1,0,1,0,E,E,15,24,nan
3HO7A,81,control,0,122,-0.06729576736688614,-0.06716335564851761,-0.00013241171836853027,0,0,41,0,2,1,1,0.037037037037037035,0,0,0,1,E,H,15,26,nan
3HO7A,81,control,0,133,-3.5292201042175293,-3.5295777320861816,0.00035762786865234375,0,1,52,0,5,1,0,0.0,0,0,0,1,E,C,15,27,nan
3HO7A,81,control,0,145,-0.48655858635902405,-0.48665758967399597,9.900331497192383e-05,0,0,64,0,4,1,0,0.0,0,0,0,1,E,H,15,32,nan
3HO7A,81,control,0,156,-0.022231409326195717,-0.022208906710147858,-2.2502616047859192e-05,0,0,75,0,5,1,0,0.0,0,0,0,1,E,C,15,33,nan
3HO7A,81,control,0,168,-0.14692813158035278,-0.14688418805599213,-4.394352436065674e-05,0,0,87,0,4,1,0,0.0,0,0,0,1,E,C,15,36,nan
3HO7A,81,control,0,179,-0.1703031063079834,-0.17131353914737701,0.0010104328393936157,0,1,98,0,2,1,1,0.037037037037037035,1,0,1,0,E,E,15,39,nan
3HO7A,81,control,0,191,-0.8383485674858093,-0.8377928137779236,-0.0005557537078857422,0,0,110,0,3,1,0,0.0,1,0,1,0,E,E,15,41,nan
3HO7A,81,control,0,203,-1.266929030418396,-1.2670271396636963,9.810924530029297e-05,0,0,122,0,4,1,0,0.0,0,0,0,1,E,H,15,43,nan
3HO7A,81,control,0,214,-0.032888077199459076,-0.03284101188182831,-4.706531763076782e-05,0,0,133,0,2,1,1,0.05555555555555555,0,0,0,1,E,C,15,44,nan
3HO7A,81,control,0,226,-3.826259136199951,-3.827122449874878,0.0008633136749267578,0,1,145,1,1,1,5,0.2631578947368421,0,0,0,1,E,C,15,48,nan
3HO7A,83,control,0,5,-1.4923826456069946,-1.491182565689087,-0.0012000799179077148,0,0,78,-1,-1,-1,0,0.0,0,0,0,1,E,H,15,1,nan
3HO7A,83,control,0,17,-3.112800359725952,-3.116499185562134,0.0036988258361816406,0,1,66,0,3,1,0,0.0,0,0,0,1,E,C,15,4,nan
3HO7A,83,control,0,28,-1.3736716508865356,-1.3782304525375366,0.0045588016510009766,0,1,55,0,4,1,0,0.0,0,0,0,1,E,H,15,5,nan
3HO7A,83,control,0,40,-0.9711663722991943,-0.9701628684997559,-0.0010035037994384766,0,0,43,0,6,1,0,0.0,1,0,1,0,E,E,15,7,nan
3HO7A,83,control,0,52,-1.0608549118041992,-1.0604534149169922,-0.00040149688720703125,0,0,31,0,4,1,0,0.0,0,0,0,1,E,H,15,9,nan
3HO7A,83,control,0,110,-0.1784374713897705,-0.17789530754089355,-0.0005421638488769531,0,0,27,0,4,1,0,0.0,1,0,1,0,E,E,15,24,nan
3HO7A,83,control,0,122,-0.06729576736688614,-0.06685532629489899,-0.0004404410719871521,0,0,39,0,3,1,0,0.0,0,0,0,1,E,H,15,26,nan
3HO7A,83,control,0,133,-3.5292201042175293,-3.530548572540283,0.0013284683227539062,0,1,50,0,5,1,0,0.0,0,0,0,1,E,C,15,27,nan
3HO7A,83,control,0,145,-0.48655858635902405,-0.4860590398311615,-0.0004995465278625488,0,0,62,0,3,1,0,0.0,0,0,0,1,E,H,15,32,nan
3HO7A,83,control,0,156,-0.022231409326195717,-0.022415485233068466,0.00018407590687274933,0,0,73,0,4,1,0,0.0,0,0,0,1,E,C,15,33,nan
3HO7A,83,control,0,168,-0.14692813158035278,-0.14684846997261047,-7.966160774230957e-05,0,0,85,0,3,1,0,0.0,0,0,0,1,E,C,15,36,nan
3HO7A,83,control,0,179,-0.1703031063079834,-0.16982188820838928,-0.0004812180995941162,0,0,96,1,1,1,5,0.25,1,0,1,0,E,E,15,39,nan
3HO7A,83,control,0,191,-0.8383485674858093,-0.8347111940383911,-0.003637373447418213,0,0,108,0,4,1,0,0.0,1,0,1,0,E,E,15,41,nan
3HO7A,83,control,0,203,-1.266929030418396,-1.266843318939209,-8.571147918701172e-05,0,0,120,0,5,1,0,0.0,0,0,0,1,E,H,15,43,nan
3HO7A,83,control,0,214,-0.032888077199459076,-0.0329936183989048,0.00010554119944572449,0,0,131,0,3,1,0,0.0,0,0,0,1,E,C,15,44,nan
3HO7A,83,control,0,226,-3.826259136199951,-3.828014373779297,0.0017552375793457031,0,1,143,0,2,1,3,0.16666666666666666,0,0,0,1,E,C,15,48,nan
3HO7A,192,control,0,5,-1.4923826456069946,-1.4919761419296265,-0.00040650367736816406,0,0,187,-1,-1,-1,0,0.0,0,0,0,1,E,H,41,1,nan
3HO7A,192,control,0,17,-3.112800359725952,-3.1117706298828125,-0.0010297298431396484,0,0,175,0,3,1,0,0.0,0,0,0,1,E,C,41,4,nan
3HO7A,192,control,0,28,-1.3736716508865356,-1.3766695261001587,0.002997875213623047,0,1,164,0,3,1,0,0.0,0,0,0,1,E,H,41,5,nan
3HO7A,192,control,0,40,-0.9711663722991943,-0.9711781144142151,1.1742115020751953e-05,0,0,152,0,3,1,0,0.0,1,0,1,0,E,E,41,7,nan
3HO7A,192,control,0,52,-1.0608549118041992,-1.0599679946899414,-0.0008869171142578125,0,0,140,0,2,1,4,0.18181818181818182,0,0,0,1,E,H,41,9,nan
3HO7A,192,control,0,63,-0.21962125599384308,-0.21923252940177917,-0.0003887265920639038,0,0,129,1,1,1,4,0.16666666666666666,1,0,1,0,E,E,41,11,nan
3HO7A,192,control,0,75,-2.0186033248901367,-2.019467830657959,0.0008645057678222656,0,1,117,1,1,1,5,0.29411764705882354,1,0,1,0,E,E,41,13,nan
3HO7A,192,control,0,86,-2.4183502197265625,-2.4303557872772217,0.01200556755065918,1,1,106,0,6,1,0,0.0,1,0,1,0,E,E,41,15,nan
3HO7A,192,control,0,98,-2.0965259075164795,-2.0970144271850586,0.0004885196685791016,0,1,94,0,7,1,0,0.0,0,0,0,1,E,C,41,18,nan
3HO7A,192,control,0,109,-1.4916424751281738,-1.4853907823562622,-0.006251692771911621,0,0,83,0,7,1,0,0.0,0,0,0,1,E,H,41,23,nan
3HO7A,192,control,0,121,-0.4815517067909241,-0.4819280803203583,0.0003763735294342041,0,0,71,0,5,1,0,0.0,0,0,0,1,E,H,41,26,nan
3HO7A,192,control,0,132,-2.1792051792144775,-2.177326202392578,-0.001878976821899414,0,0,60,0,6,1,0,0.0,0,0,0,1,E,C,41,27,nan
3HO7A,192,control,0,144,-2.8484740257263184,-2.8487653732299805,0.0002913475036621094,0,0,48,0,4,1,0,0.0,0,0,0,1,E,H,41,32,nan
3HO7A,192,control,0,156,-0.022231409326195717,-0.02244684100151062,0.00021543167531490326,0,0,36,0,6,1,0,0.0,0,0,0,1,E,C,41,33,nan
3HO7A,192,control,0,167,-2.077471971511841,-2.0778872966766357,0.0004153251647949219,0,0,25,0,5,1,0,0.0,0,0,0,1,E,H,41,35,nan
3HO7A,192,control,0,226,-3.826259136199951,-3.825589179992676,-0.0006699562072753906,0,0,34,0,4,1,0,0.0,0,0,0,1,E,C,41,48,nan
3HO7A,82,control,0,5,-1.4923826456069946,-1.4922386407852173,-0.00014400482177734375,0,0,77,-1,-1,-1,0,0.0,0,0,0,1,E,H,15,1,nan
3HO7A,82,control,0,17,-3.112800359725952,-3.1102652549743652,-0.002535104751586914,0,0,65,0,2,1,1,0.03571428571428571,0,0,0,1,E,C,15,4,nan
3HO7A,82,control,0,28,-1.3736716508865356,-1.3749903440475464,0.0013186931610107422,0,1,54,0,3,1,0,0.0,0,0,0,1,E,H,15,5,nan
3HO7A,82,control,0,40,-0.9711663722991943,-0.9711118936538696,-5.447864532470703e-05,0,0,42,0,5,1,0,0.0,1,0,1,0,E,E,15,7,nan
3HO7A,82,control,0,52,-1.0608549118041992,-1.061262607574463,0.0004076957702636719,0,0,30,0,3,1,0,0.0,0,0,0,1,E,H,15,9,nan
3HO7A,82,control,0,110,-0.1784374713897705,-0.1781693696975708,-0.00026810169219970703,0,0,28,0,4,1,0,0.0,1,0,1,0,E,E,15,24,nan
3HO7A,82,control,0,122,-0.06729576736688614,-0.06698599457740784,-0.000309772789478302,0,0,40,0,2,1,1,0.04,0,0,0,1,E,H,15,26,nan
3HO7A,82,control,0,133,-3.5292201042175293,-3.5293421745300293,0.0001220703125,0,0,51,0,5,1,0,0.0,0,0,0,1,E,C,15,27,nan
3HO7A,82,control,0,145,-0.48655858635902405,-0.48678916692733765,0.00023058056831359863,0,0,63,0,3,1,0,0.0,0,0,0,1,E,H,15,32,nan
3HO7A,82,control,0,156,-0.022231409326195717,-0.022294482216238976,6.307289004325867e-05,0,0,74,0,4,1,0,0.0,0,0,0,1,E,C,15,33,nan
3HO7A,82,control,0,168,-0.14692813158035278,-0.1470690220594406,0.0001408904790878296,0,0,86,0,3,1,0,0.0,0,0,0,1,E,C,15,36,nan
3HO7A,82,control,0,179,-0.1703031063079834,-0.1697426289319992,-0.0005604773759841919,0,0,97,0,2,1,2,0.08333333333333333,1,0,1,0,E,E,15,39,nan
3HO7A,82,control,0,191,-0.8383485674858093,-0.8419339656829834,0.0035853981971740723,0,1,109,0,3,1,0,0.0,1,0,1,0,E,E,15,41,nan
3HO7A,82,control,0,203,-1.266929030418396,-1.267602562904358,0.0006735324859619141,0,1,121,0,4,1,0,0.0,0,0,0,1,E,H,15,43,nan
3HO7A,82,control,0,214,-0.032888077199459076,-0.032942868769168854,5.479156970977783e-05,0,0,132,0,2,1,1,0.0625,0,0,0,1,E,C,15,44,nan
3HO7A,82,control,0,226,-3.826259136199951,-3.8274471759796143,0.001188039779663086,0,1,144,0,2,1,4,0.2222222222222222,0,0,0,1,E,C,15,48,nan
3OKPA,298,anchor_top1,1,10,-0.0067981150932610035,-0.007774924859404564,0.0009768097661435604,0,0,288,0,5,1,0,0.0,0,0,0,1,H,E,57,1,nan
3OKPA,298,anchor_top1,1,32,-0.5684679746627808,-0.5240429639816284,-0.044425010681152344,0,0,266,0,6,1,0,0.0,0,0,0,1,H,C,57,4,nan
3OKPA,298,anchor_top1,1,54,-1.4782532453536987,-1.533107042312622,0.05485379695892334,1,1,244,0,7,1,0,0.0,0,0,0,1,H,C,57,9,nan
3OKPA,298,anchor_top1,1,75,-4.642536640167236,-4.62209415435791,-0.020442485809326172,0,0,223,0,7,1,0,0.0,1,0,1,0,H,H,57,12,nan
3OKPA,298,anchor_top1,1,97,-0.07112112641334534,-0.13755753636360168,0.06643640995025635,1,1,201,0,5,1,0,0.0,1,0,1,0,H,H,57,16,nan
3OKPA,298,anchor_top1,1,119,-0.011018503457307816,-0.007789592258632183,-0.0032289111986756325,0,0,179,0,5,1,0,0.0,1,0,1,0,H,H,57,20,nan
3OKPA,298,anchor_top1,1,140,-1.2586551904678345,-1.2631913423538208,0.004536151885986328,0,1,158,0,6,1,0,0.0,0,0,0,1,H,C,57,23,nan
3OKPA,298,anchor_top1,1,162,-1.7112177610397339,-1.6451219320297241,-0.06609582901000977,0,0,136,0,6,1,0,0.0,0,0,0,1,H,C,57,27,nan
3OKPA,298,anchor_top1,1,184,-1.219527006149292,-1.2194989919662476,-2.8014183044433594e-05,0,0,114,0,3,1,0,0.0,1,0,1,0,H,H,57,32,nan
3OKPA,298,anchor_top1,1,206,-0.038137003779411316,-0.0359811969101429,-0.0021558068692684174,0,0,92,0,3,1,0,0.0,0,0,0,1,H,C,57,35,nan
3OKPA,298,anchor_top1,1,227,-0.018737221136689186,-0.018341343849897385,-0.00039587728679180145,0,0,71,0,4,1,0,0.0,0,0,0,1,H,C,57,39,nan
3OKPA,298,anchor_top1,1,249,-2.699690818786621,-2.6218154430389404,-0.07787537574768066,0,0,49,0,5,1,0,0.0,1,0,1,0,H,H,57,42,nan
3OKPA,298,anchor_top1,1,271,-0.5930083394050598,-0.5157114863395691,-0.07729685306549072,0,0,27,0,2,1,1,0.038461538461538464,0,0,0,1,H,C,57,49,nan
3OKPA,298,anchor_top1,1,339,-1.212653398513794,-1.16672682762146,-0.045926570892333984,0,0,41,0,3,1,0,0.0,1,0,1,0,H,H,57,65,nan
3OKPA,298,anchor_top1,1,361,-2.423640489578247,-2.4360971450805664,0.012456655502319336,1,1,63,0,3,1,0,0.0,1,0,1,0,H,H,57,67,nan
3OKPA,298,anchor_top1,1,383,-2.1281065940856934,-2.1285548210144043,0.0004482269287109375,0,0,85,-1,-1,-1,0,0.0,1,0,1,0,H,H,57,72,nan
3OKPA,275,anchor_top2,1,10,-0.0067981150932610035,-0.00608034385368228,-0.0007177712395787239,0,0,265,0,6,1,0,0.0,1,0,1,0,E,E,50,1,nan
3OKPA,275,anchor_top2,1,32,-0.5684679746627808,-0.5759537816047668,0.007485806941986084,0,0,243,0,7,1,0,0.0,0,0,0,1,E,C,50,4,nan
3OKPA,275,anchor_top2,1,54,-1.4782532453536987,-1.485732913017273,0.007479667663574219,0,0,221,0,8,1,0,0.0,0,0,0,1,E,C,50,9,nan
3OKPA,275,anchor_top2,1,75,-4.642536640167236,-4.686671733856201,0.044135093688964844,1,1,200,0,8,1,0,0.0,0,0,0,1,E,H,50,12,nan
3OKPA,275,anchor_top2,1,97,-0.07112112641334534,-0.07912944257259369,0.008008316159248352,0,0,178,0,6,1,0,0.0,0,0,0,1,E,H,50,16,nan
3OKPA,275,anchor_top2,1,119,-0.011018503457307816,-0.013278741389513016,0.0022602379322052,0,0,156,0,5,1,0,0.0,0,0,0,1,E,H,50,20,nan
3OKPA,275,anchor_top2,1,140,-1.2586551904678345,-1.2467821836471558,-0.011873006820678711,0,0,135,0,7,1,0,0.0,0,0,0,1,E,C,50,23,nan
3OKPA,275,anchor_top2,1,162,-1.7112177610397339,-1.7208114862442017,0.009593725204467773,0,1,113,0,7,1,0,0.0,0,0,0,1,E,C,50,27,nan
3OKPA,275,anchor_top2,1,184,-1.219527006149292,-1.1758942604064941,-0.04363274574279785,0,0,91,0,3,1,0,0.0,0,0,0,1,E,H,50,32,nan
3OKPA,275,anchor_top2,1,206,-0.038137003779411316,-0.038783516734838486,0.0006465129554271698,0,0,69,0,3,1,0,0.0,0,0,0,1,E,C,50,35,nan
3OKPA,275,anchor_top2,1,227,-0.018737221136689186,-0.018349654972553253,-0.0003875661641359329,0,0,48,0,3,1,0,0.0,0,0,0,1,E,C,50,39,nan
3OKPA,275,anchor_top2,1,249,-2.699690818786621,-2.7505645751953125,0.050873756408691406,1,1,26,0,4,1,0,0.0,0,0,0,1,E,H,50,42,nan
3OKPA,275,anchor_top2,1,318,-0.4205169081687927,-0.39685308933258057,-0.023663818836212158,0,0,43,0,3,1,0,0.0,0,0,0,1,E,C,50,62,nan
3OKPA,275,anchor_top2,1,339,-1.212653398513794,-1.2102583646774292,-0.002395033836364746,0,0,64,0,3,1,0,0.0,0,0,0,1,E,H,50,65,nan
3OKPA,275,anchor_top2,1,361,-2.423640489578247,-2.4671154022216797,0.04347491264343262,1,1,86,0,4,1,0,0.0,0,0,0,1,E,H,50,67,nan
3OKPA,275,anchor_top2,1,383,-2.1281065940856934,-2.1219213008880615,-0.006185293197631836,0,0,108,-1,-1,-1,0,0.0,0,0,0,1,E,H,50,72,nan
3OKPA,305,anchor_top3,1,10,-0.0067981150932610035,-0.006696047727018595,-0.00010206736624240875,0,0,295,0,6,1,0,0.0,1,0,1,0,E,E,59,1,nan
3OKPA,305,anchor_top3,1,32,-0.5684679746627808,-0.5735652446746826,0.0050972700119018555,0,0,273,0,6,1,0,0.0,0,0,0,1,E,C,59,4,nan
3OKPA,305,anchor_top3,1,54,-1.4782532453536987,-1.4922003746032715,0.013947129249572754,1,1,251,0,8,1,0,0.0,0,0,0,1,E,C,59,9,nan
3OKPA,305,anchor_top3,1,75,-4.642536640167236,-4.646909713745117,0.004373073577880859,0,0,230,0,8,1,0,0.0,0,0,0,1,E,H,59,12,nan
3OKPA,305,anchor_top3,1,97,-0.07112112641334534,-0.06828396022319794,-0.0028371661901474,0,0,208,0,6,1,0,0.0,0,0,0,1,E,H,59,16,nan
3OKPA,305,anchor_top3,1,119,-0.011018503457307816,-0.010963440872728825,-5.5062584578990936e-05,0,0,186,0,5,1,0,0.0,0,0,0,1,E,H,59,20,nan
3OKPA,305,anchor_top3,1,140,-1.2586551904678345,-1.2715716361999512,0.0129164457321167,1,1,165,0,6,1,0,0.0,0,0,0,1,E,C,59,23,nan
3OKPA,305,anchor_top3,1,162,-1.7112177610397339,-1.7213934659957886,0.010175704956054688,1,0,143,0,6,1,0,0.0,0,0,0,1,E,C,59,27,nan
3OKPA,305,anchor_top3,1,184,-1.219527006149292,-1.2393732070922852,0.019846200942993164,1,1,121,0,3,1,0,0.0,0,0,0,1,E,H,59,32,nan
3OKPA,305,anchor_top3,1,206,-0.038137003779411316,-0.036901433020830154,-0.0012355707585811615,0,0,99,0,4,1,0,0.0,0,0,0,1,E,C,59,35,nan
3OKPA,305,anchor_top3,1,227,-0.018737221136689186,-0.01816658489406109,-0.0005706362426280975,0,0,78,0,4,1,0,0.0,0,0,0,1,E,C,59,39,nan
3OKPA,305,anchor_top3,1,249,-2.699690818786621,-2.7039663791656494,0.00427556037902832,0,0,56,0,5,1,0,0.0,0,0,0,1,E,H,59,42,nan
3OKPA,305,anchor_top3,1,271,-0.5930083394050598,-0.6098042130470276,0.016795873641967773,1,1,34,0,3,1,0,0.0,0,0,0,1,E,C,59,49,nan
3OKPA,305,anchor_top3,1,339,-1.212653398513794,-1.203850269317627,-0.008803129196166992,0,0,34,0,3,1,0,0.0,0,0,0,1,E,H,59,65,nan
3OKPA,305,anchor_top3,1,361,-2.423640489578247,-2.4199066162109375,-0.0037338733673095703,0,0,56,0,3,1,0,0.0,0,0,0,1,E,H,59,67,nan
3OKPA,305,anchor_top3,1,383,-2.1281065940856934,-2.1352286338806152,0.007122039794921875,0,0,78,-1,-1,-1,0,0.0,0,0,0,1,E,H,59,72,nan
3OKPA,154,control,0,10,-0.0067981150932610035,-0.006805692799389362,7.577706128358841e-06,0,0,144,0,3,1,0,0.0,0,0,0,1,H,E,26,1,nan
3OKPA,154,control,0,32,-0.5684679746627808,-0.5676454305648804,-0.0008225440979003906,0,0,122,0,6,1,0,0.0,0,0,0,1,H,C,26,4,nan
3OKPA,154,control,0,54,-1.4782532453536987,-1.4789574146270752,0.0007041692733764648,0,1,100,0,7,1,0,0.0,0,0,0,1,H,C,26,9,nan
3OKPA,154,control,0,75,-4.642536640167236,-4.642162322998047,-0.0003743171691894531,0,0,79,0,6,1,0,0.0,1,0,1,0,H,H,26,12,nan
3OKPA,154,control,0,97,-0.07112112641334534,-0.0703912004828453,-0.0007299259305000305,0,0,57,0,3,1,0,0.0,1,0,1,0,H,H,26,16,nan
3OKPA,154,control,0,119,-0.011018503457307816,-0.01056317612528801,-0.0004553273320198059,0,0,35,0,2,1,4,0.2222222222222222,1,0,1,0,H,H,26,20,nan
3OKPA,154,control,0,187,-2.829136371612549,-2.8291373252868652,9.5367431640625e-07,0,0,33,0,7,1,0,0.0,1,0,1,0,H,H,26,32,nan
3OKPA,154,control,0,209,-0.001193526084534824,-0.0011870964663103223,-6.42961822450161e-06,0,0,55,0,3,1,0,0.0,1,0,1,0,H,H,26,36,nan
3OKPA,154,control,0,231,-0.02915627509355545,-0.0291273295879364,-2.8945505619049072e-05,0,0,77,0,6,1,0,0.0,0,0,0,1,H,E,26,40,nan
3OKPA,154,control,0,253,-1.5490214824676514,-1.5487908124923706,-0.00023066997528076172,0,0,99,0,7,1,0,0.0,0,0,0,1,H,C,26,43,nan
3OKPA,154,control,0,274,-0.8633777499198914,-0.86381596326828,0.0004382133483886719,0,1,120,0,5,1,0,0.0,0,0,0,1,H,E,26,50,nan
3OKPA,154,control,0,296,-0.5324336290359497,-0.5336953401565552,0.0012617111206054688,0,1,142,0,4,1,0,0.0,1,0,1,0,H,H,26,57,nan
3OKPA,154,control,0,318,-0.4205169081687927,-0.4206494987010956,0.00013259053230285645,0,0,164,0,5,1,0,0.0,0,0,0,1,H,C,26,62,nan
3OKPA,154,control,0,339,-1.212653398513794,-1.2115757465362549,-0.0010776519775390625,0,0,185,0,6,1,0,0.0,1,0,1,0,H,H,26,65,nan
3OKPA,154,control,0,361,-2.423640489578247,-2.4241080284118652,0.00046753883361816406,0,1,207,0,5,1,0,0.0,1,0,1,0,H,H,26,67,nan
3OKPA,154,control,0,383,-2.1281065940856934,-2.1281909942626953,8.440017700195312e-05,0,0,229,-1,-1,-1,0,0.0,1,0,1,0,H,H,26,72,nan
3OKPA,270,control,0,10,-0.0067981150932610035,-0.006789116654545069,-8.998438715934753e-06,0,0,260,0,5,1,0,0.0,0,0,0,1,H,E,48,1,nan
3OKPA,270,control,0,32,-0.5684679746627808,-0.5683020949363708,-0.0001658797264099121,0,0,238,0,6,1,0,0.0,0,0,0,1,H,C,48,4,nan
3OKPA,270,control,0,54,-1.4782532453536987,-1.478447675704956,0.00019443035125732422,0,1,216,0,7,1,0,0.0,0,0,0,1,H,C,48,9,nan
3OKPA,270,control,0,75,-4.642536640167236,-4.642604351043701,6.771087646484375e-05,0,0,195,0,8,1,0,0.0,1,0,1,0,H,H,48,12,nan
3OKPA,270,control,0,97,-0.07112112641334534,-0.07120028883218765,7.916241884231567e-05,0,1,173,0,6,1,0,0.0,1,0,1,0,H,H,48,16,nan
3OKPA,270,control,0,119,-0.011018503457307816,-0.011011193506419659,-7.309950888156891e-06,0,0,151,0,6,1,0,0.0,1,0,1,0,H,H,48,20,nan
3OKPA,270,control,0,140,-1.2586551904678345,-1.2585082054138184,-0.00014698505401611328,0,0,130,0,7,1,0,0.0,0,0,0,1,H,C,48,23,nan
3OKPA,270,control,0,162,-1.7112177610397339,-1.7106623649597168,-0.0005553960800170898,0,0,108,0,7,1,0,0.0,0,0,0,1,H,C,48,27,nan
3OKPA,270,control,0,184,-1.219527006149292,-1.219292163848877,-0.00023484230041503906,0,0,86,1,1,1,4,0.17391304347826086,1,0,1,0,H,H,48,32,nan
3OKPA,270,control,0,206,-0.038137003779411316,-0.03812529891729355,-1.1704862117767334e-05,0,0,64,0,4,1,0,0.0,0,0,0,1,H,C,48,35,nan
3OKPA,270,control,0,227,-0.018737221136689186,-0.01871323771774769,-2.3983418941497803e-05,0,0,43,0,4,1,0,0.0,0,0,0,1,H,C,48,39,nan
3OKPA,270,control,0,296,-0.5324336290359497,-0.5333288311958313,0.0008952021598815918,0,1,26,0,3,1,0,0.0,1,0,1,0,H,H,48,57,nan
3OKPA,270,control,0,318,-0.4205169081687927,-0.4209166169166565,0.00039970874786376953,0,1,48,0,3,1,0,0.0,0,0,0,1,H,C,48,62,nan
3OKPA,270,control,0,339,-1.212653398513794,-1.2123111486434937,-0.00034224987030029297,0,0,69,0,4,1,0,0.0,1,0,1,0,H,H,48,65,nan
3OKPA,270,control,0,361,-2.423640489578247,-2.4232382774353027,-0.00040221214294433594,0,0,91,0,4,1,0,0.0,1,0,1,0,H,H,48,67,nan
3OKPA,270,control,0,383,-2.1281065940856934,-2.1281728744506836,6.628036499023438e-05,0,0,113,-1,-1,-1,0,0.0,1,0,1,0,H,H,48,72,nan
3OKPA,188,control,0,10,-0.0067981150932610035,-0.006806166376918554,8.051283657550812e-06,0,0,178,0,7,1,0,0.0,0,0,0,1,H,E,32,1,nan
3OKPA,188,control,0,32,-0.5684679746627808,-0.568675696849823,0.00020772218704223633,0,1,156,0,8,1,0,0.0,0,0,0,1,H,C,32,4,nan
3OKPA,188,control,0,54,-1.4782532453536987,-1.4779129028320312,-0.00034034252166748047,0,0,134,0,9,1,0,0.0,0,0,0,1,H,C,32,9,nan
3OKPA,188,control,0,75,-4.642536640167236,-4.642775058746338,0.0002384185791015625,0,1,113,0,10,1,0,0.0,1,0,1,0,H,H,32,12,nan
3OKPA,188,control,0,97,-0.07112112641334534,-0.07125856727361679,0.00013744086027145386,0,0,91,0,8,1,0,0.0,1,0,1,0,H,H,32,16,nan
3OKPA,188,control,0,119,-0.011018503457307816,-0.011105747893452644,8.72444361448288e-05,0,0,69,0,8,1,0,0.0,1,0,1,0,H,H,32,20,nan
3OKPA,188,control,0,140,-1.2586551904678345,-1.2579643726348877,-0.0006908178329467773,0,0,48,0,9,1,0,0.0,0,0,0,1,H,C,32,23,nan
3OKPA,188,control,0,162,-1.7112177610397339,-1.710318684577942,-0.0008990764617919922,0,0,26,0,9,1,0,0.0,0,0,0,1,H,C,32,27,nan
3OKPA,188,control,0,231,-0.02915627509355545,-0.029262444004416466,0.00010616891086101532,0,0,43,0,3,1,0,0.0,0,0,0,1,H,E,32,40,nan
3OKPA,188,control,0,253,-1.5490214824676514,-1.5495800971984863,0.0005586147308349609,0,1,65,0,3,1,0,0.0,0,0,0,1,H,C,32,43,nan
3OKPA,188,control,0,274,-0.8633777499198914,-0.8635513186454773,0.0001735687255859375,0,0,86,0,2,1,1,0.03571428571428571,0,0,0,1,H,E,32,50,nan
3OKPA,188,control,0,296,-0.5324336290359497,-0.5343325138092041,0.0018988847732543945,0,1,108,0,4,1,0,0.0,1,0,1,0,H,H,32,57,nan
3OKPA,188,control,0,318,-0.4205169081687927,-0.42046287655830383,-5.40316104888916e-05,0,0,130,0,5,1,0,0.0,0,0,0,1,H,C,32,62,nan
3OKPA,188,control,0,339,-1.212653398513794,-1.2126004695892334,-5.2928924560546875e-05,0,0,151,0,4,1,0,0.0,1,0,1,0,H,H,32,65,nan
3OKPA,188,control,0,361,-2.423640489578247,-2.4231960773468018,-0.0004444122314453125,0,0,173,0,6,1,0,0.0,1,0,1,0,H,H,32,67,nan
3OKPA,188,control,0,383,-2.1281065940856934,-2.127802610397339,-0.0003039836883544922,0,0,195,-1,-1,-1,0,0.0,1,0,1,0,H,H,32,72,nan
3OKPA,340,control,0,10,-0.0067981150932610035,-0.006797996815294027,-1.1827796697616577e-07,0,0,330,0,7,1,0,0.0,0,0,0,1,H,E,65,1,nan
3OKPA,340,control,0,32,-0.5684679746627808,-0.5680100917816162,-0.0004578828811645508,0,0,308,0,8,1,0,0.0,0,0,0,1,H,C,65,4,nan
3OKPA,340,control,0,54,-1.4782532453536987,-1.4781306982040405,-0.00012254714965820312,0,0,286,0,9,1,0,0.0,0,0,0,1,H,C,65,9,nan
3OKPA,340,control,0,75,-4.642536640167236,-4.642435073852539,-0.00010156631469726562,0,0,265,0,9,1,0,0.0,1,0,1,0,H,H,65,12,nan
3OKPA,340,control,0,97,-0.07112112641334534,-0.07110314071178436,-1.798570156097412e-05,0,0,243,0,7,1,0,0.0,1,0,1,0,H,H,65,16,nan
3OKPA,340,control,0,119,-0.011018503457307816,-0.011030882596969604,1.237913966178894e-05,0,1,221,0,6,1,0,0.0,1,0,1,0,H,H,65,20,nan
3OKPA,340,control,0,140,-1.2586551904678345,-1.2582138776779175,-0.0004413127899169922,0,0,200,0,7,1,0,0.0,0,0,0,1,H,C,65,23,nan
3OKPA,340,control,0,162,-1.7112177610397339,-1.7108523845672607,-0.00036537647247314453,0,0,178,0,7,1,0,0.0,0,0,0,1,H,C,65,27,nan
3OKPA,340,control,0,184,-1.219527006149292,-1.219191312789917,-0.000335693359375,0,0,156,0,4,1,0,0.0,1,0,1,0,H,H,65,32,nan
3OKPA,340,control,0,206,-0.038137003779411316,-0.03814870864152908,1.1704862117767334e-05,0,0,134,0,4,1,0,0.0,0,0,0,1,H,C,65,35,nan
3OKPA,340,control,0,227,-0.018737221136689186,-0.018747985363006592,1.07642263174057e-05,0,0,113,0,3,1,0,0.0,0,0,0,1,H,C,65,39,nan
3OKPA,340,control,0,249,-2.699690818786621,-2.699876308441162,0.00018548965454101562,0,1,91,0,4,1,0,0.0,1,0,1,0,H,H,65,42,nan
3OKPA,340,control,0,271,-0.5930083394050598,-0.5932551622390747,0.0002468228340148926,0,1,69,0,3,1,0,0.0,0,0,0,1,H,C,65,49,nan
3OKPA,340,control,0,292,-0.0003833036171272397,-0.00038366109947673976,3.574823495000601e-07,0,0,48,0,4,1,0,0.0,0,0,0,1,H,C,65,56,nan
3OKPA,340,control,0,314,-0.08692332357168198,-0.08684004843235016,-8.327513933181763e-05,0,0,26,0,3,1,0,0.0,1,0,1,0,H,H,65,61,nan
3OKPA,340,control,0,383,-2.1281065940856934,-2.1291093826293945,0.0010027885437011719,0,1,43,-1,-1,-1,0,0.0,1,0,1,0,H,H,65,72,nan
3OKPA,48,control,0,10,-0.0067981150932610035,-0.006815756671130657,1.7641577869653702e-05,0,0,38,0,3,1,0,0.0,0,0,0,1,H,E,8,1,nan
3OKPA,48,control,0,79,-1.993299961090088,-1.9952741861343384,0.0019742250442504883,0,1,31,0,4,1,0,0.0,1,0,1,0,H,H,8,12,nan
3OKPA,48,control,0,101,-0.5437202453613281,-0.5432931780815125,-0.00042706727981567383,0,0,53,0,5,1,0,0.0,1,0,1,0,H,H,8,16,nan
3OKPA,48,control,0,122,-0.0809929221868515,-0.08135926723480225,0.00036634504795074463,0,1,74,0,6,1,0,0.0,1,0,1,0,H,H,8,20,nan
3OKPA,48,control,0,144,-0.028599780052900314,-0.0286122914403677,1.2511387467384338e-05,0,0,96,0,6,1,0,0.0,0,0,0,1,H,E,8,24,nan
3OKPA,48,control,0,166,-3.830739736557007,-3.831368923187256,0.0006291866302490234,0,1,118,0,6,1,0,0.0,0,0,0,1,H,E,8,28,nan
3OKPA,48,control,0,187,-2.829136371612549,-2.829324245452881,0.00018787384033203125,0,0,139,0,8,1,0,0.0,1,0,1,0,H,H,8,32,nan
3OKPA,48,control,0,209,-0.001193526084534824,-0.0011936451774090528,1.1909287422895432e-07,0,0,161,0,7,1,0,0.0,1,0,1,0,H,H,8,36,nan
3OKPA,48,control,0,231,-0.02915627509355545,-0.029163222759962082,6.94766640663147e-06,0,0,183,0,9,1,0,0.0,0,0,0,1,H,E,8,40,nan
3OKPA,48,control,0,253,-1.5490214824676514,-1.5490010976791382,-2.0384788513183594e-05,0,0,205,0,10,1,0,0.0,0,0,0,1,H,C,8,43,nan
3OKPA,48,control,0,274,-0.8633777499198914,-0.8632578253746033,-0.00011992454528808594,0,0,226,0,8,1,0,0.0,0,0,0,1,H,E,8,50,nan
3OKPA,48,control,0,296,-0.5324336290359497,-0.5327140092849731,0.0002803802490234375,0,1,248,0,5,1,0,0.0,1,0,1,0,H,H,8,57,nan
3OKPA,48,control,0,318,-0.4205169081687927,-0.4204958379268646,-2.1070241928100586e-05,0,0,270,0,8,1,0,0.0,0,0,0,1,H,C,8,62,nan
3OKPA,48,control,0,339,-1.212653398513794,-1.212852120399475,0.00019872188568115234,0,0,291,0,9,1,0,0.0,1,0,1,0,H,H,8,65,nan
3OKPA,48,control,0,361,-2.423640489578247,-2.423053026199341,-0.00058746337890625,0,0,313,0,7,1,0,0.0,1,0,1,0,H,H,8,67,nan
3OKPA,48,control,0,383,-2.1281065940856934,-2.1279618740081787,-0.00014472007751464844,0,0,335,-1,-1,-1,0,0.0,1,0,1,0,H,H,8,72,nan
3QDLA,146,anchor_top1,1,5,-3.3266072273254395,-3.316436290740967,-0.010170936584472656,0,0,141,0,4,1,0,0.0,1,0,1,0,H,H,25,1,nan
3QDLA,146,anchor_top1,1,15,-0.0009578645695000887,-0.0011397063499316573,0.00018184178043156862,0,0,131,0,2,1,3,0.14285714285714285,0,0,0,1,H,C,25,2,nan
3QDLA,146,anchor_top1,1,25,-0.41300323605537415,-0.3484565317630768,-0.06454670429229736,0,0,121,0,3,1,0,0.0,0,0,0,1,H,C,25,6,nan
3QDLA,146,anchor_top1,1,35,-0.4058071970939636,-0.44795671105384827,0.042149513959884644,1,0,111,1,1,1,5,0.19230769230769232,1,0,1,0,H,H,25,7,nan
3QDLA,146,anchor_top1,1,45,-0.6909459233283997,-0.7384742498397827,0.04752832651138306,1,0,101,0,3,1,0,0.0,1,0,1,0,H,H,25,9,nan
3QDLA,146,anchor_top1,1,56,-0.6316502690315247,-0.5924226641654968,-0.03922760486602783,0,0,90,0,2,1,1,0.04,0,0,0,1,H,E,25,11,nan
3QDLA,146,anchor_top1,1,66,-1.3389530181884766,-1.3364802598953247,-0.0024727582931518555,0,0,80,0,4,1,0,0.0,1,0,1,0,H,H,25,13,nan
3QDLA,146,anchor_top1,1,76,-1.2052109241485596,-1.3834030628204346,0.178192138671875,1,1,70,0,3,1,0,0.0,1,0,1,0,H,H,25,15,nan
3QDLA,146,anchor_top1,1,86,-1.3332151174545288,-1.4441657066345215,0.11095058917999268,1,1,60,0,3,1,0,0.0,0,0,0,1,H,E,25,17,nan
3QDLA,146,anchor_top1,1,96,-4.4456562995910645,-4.568486213684082,0.12282991409301758,1,1,50,-1,-1,-1,0,0.0,0,0,0,1,H,C,25,20,nan
3QDLA,146,anchor_top1,1,106,-0.7442153692245483,-0.6423056125640869,-0.10190975666046143,0,0,40,-1,-1,-1,0,0.0,1,0,1,0,H,H,25,23,nan
3QDLA,146,anchor_top1,1,117,-3.481074810028076,-3.5385944843292236,0.05751967430114746,1,0,29,-1,-1,-1,0,0.0,1,0,1,0,H,H,25,23,nan
3QDLA,146,anchor_top1,1,174,-2.0355653762817383,-2.0157933235168457,-0.019772052764892578,0,0,28,0,5,1,0,0.0,0,0,0,1,H,C,25,30,nan
3QDLA,146,anchor_top1,1,184,-0.9233596324920654,-0.9989809989929199,0.07562136650085449,1,0,38,0,2,1,2,0.06896551724137931,0,0,0,1,H,E,25,33,nan
3QDLA,146,anchor_top1,1,194,-3.1923351287841797,-3.566155433654785,0.37382030487060547,1,1,48,0,3,1,0,0.0,0,0,0,1,H,C,25,36,nan
3QDLA,146,anchor_top1,1,204,-1.293286919593811,-1.278969407081604,-0.014317512512207031,0,0,58,0,7,1,0,0.0,1,0,1,0,H,H,25,37,nan
3QDLA,147,anchor_top2,1,5,-3.3266072273254395,-3.3266587257385254,5.14984130859375e-05,0,0,142,0,4,1,0,0.0,1,0,1,0,H,H,25,1,nan
3QDLA,147,anchor_top2,1,15,-0.0009578645695000887,-0.0009565545478835702,-1.3100216165184975e-06,0,0,132,1,1,1,3,0.16666666666666666,0,0,0,1,H,C,25,2,nan
3QDLA,147,anchor_top2,1,25,-0.41300323605537415,-0.4131748676300049,0.0001716315746307373,0,0,122,0,3,1,0,0.0,0,0,0,1,H,C,25,6,nan
3QDLA,147,anchor_top2,1,35,-0.4058071970939636,-0.40562593936920166,-0.0001812577247619629,0,0,112,0,2,1,3,0.12,1,0,1,0,H,H,25,7,nan
3QDLA,147,anchor_top2,1,45,-0.6909459233283997,-0.6903396844863892,-0.000606238842010498,0,0,102,0,4,1,0,0.0,1,0,1,0,H,H,25,9,nan
3QDLA,147,anchor_top2,1,56,-0.6316502690315247,-0.6315547227859497,-9.554624557495117e-05,0,0,91,0,3,1,0,0.0,0,0,0,1,H,E,25,11,nan
3QDLA,147,anchor_top2,1,66,-1.3389530181884766,-1.339717149734497,0.0007641315460205078,0,1,81,0,4,1,0,0.0,1,0,1,0,H,H,25,13,nan
3QDLA,147,anchor_top2,1,76,-1.2052109241485596,-1.205143928527832,-6.699562072753906e-05,0,0,71,0,3,1,0,0.0,1,0,1,0,H,H,25,15,nan
3QDLA,147,anchor_top2,1,86,-1.3332151174545288,-1.333052158355713,-0.00016295909881591797,0,0,61,0,3,1,0,0.0,0,0,0,1,H,E,25,17,nan
3QDLA,147,anchor_top2,1,96,-4.4456562995910645,-4.446022987365723,0.0003666877746582031,0,1,51,-1,-1,-1,0,0.0,0,0,0,1,H,C,25,20,nan
3QDLA,147,anchor_top2,1,106,-0.7442153692245483,-0.7457503080368042,0.0015349388122558594,0,1,41,-1,-1,-1,0,0.0,1,0,1,0,H,H,25,23,nan
3QDLA,147,anchor_top2,1,117,-3.481074810028076,-3.481095552444458,2.0742416381835938e-05,0,0,30,-1,-1,-1,0,0.0,1,0,1,0,H,H,25,23,nan
3QDLA,147,anchor_top2,1,174,-2.0355653762817383,-2.0343565940856934,-0.0012087821960449219,0,0,27,0,6,1,0,0.0,0,0,0,1,H,C,25,30,nan
3QDLA,147,anchor_top2,1,184,-0.9233596324920654,-0.9236584305763245,0.0002987980842590332,0,1,37,0,2,1,2,0.07692307692307693,0,0,0,1,H,E,25,33,nan
3QDLA,147,anchor_top2,1,194,-3.1923351287841797,-3.192148447036743,-0.00018668174743652344,0,0,47,0,3,1,0,0.0,0,0,0,1,H,C,25,36,nan
3QDLA,147,anchor_top2,1,204,-1.293286919593811,-1.2930734157562256,-0.00021350383758544922,0,0,57,0,6,1,0,0.0,1,0,1,0,H,H,25,37,nan
3QDLA,150,anchor_top3,1,5,-3.3266072273254395,-3.3276748657226562,0.0010676383972167969,0,0,145,0,4,1,0,0.0,1,0,1,0,H,H,25,1,nan
3QDLA,150,anchor_top3,1,15,-0.0009578645695000887,-0.0009528625523671508,-5.002017132937908e-06,0,0,135,1,1,1,3,0.14285714285714285,0,0,0,1,H,C,25,2,nan
3QDLA,150,anchor_top3,1,25,-0.41300323605537415,-0.4130050539970398,1.817941665649414e-06,0,0,125,0,3,1,0,0.0,0,0,0,1,H,C,25,6,nan
3QDLA,150,anchor_top3,1,35,-0.4058071970939636,-0.40485718846321106,-0.0009500086307525635,0,0,115,1,1,1,5,0.19230769230769232,1,0,1,0,H,H,25,7,nan
3QDLA,150,anchor_top3,1,45,-0.6909459233283997,-0.6931395530700684,0.002193629741668701,0,1,105,0,4,1,0,0.0,1,0,1,0,H,H,25,9,nan
3QDLA,150,anchor_top3,1,56,-0.6316502690315247,-0.6314574480056763,-0.00019282102584838867,0,0,94,0,3,1,0,0.0,0,0,0,1,H,E,25,11,nan
3QDLA,150,anchor_top3,1,66,-1.3389530181884766,-1.3379595279693604,-0.000993490219116211,0,0,84,0,4,1,0,0.0,1,0,1,0,H,H,25,13,nan
3QDLA,150,anchor_top3,1,76,-1.2052109241485596,-1.2071527242660522,0.0019418001174926758,0,1,74,0,3,1,0,0.0,1,0,1,0,H,H,25,15,nan
3QDLA,150,anchor_top3,1,86,-1.3332151174545288,-1.333199143409729,-1.5974044799804688e-05,0,0,64,0,4,1,0,0.0,0,0,0,1,H,E,25,17,nan
3QDLA,150,anchor_top3,1,96,-4.4456562995910645,-4.446122169494629,0.0004658699035644531,0,0,54,-1,-1,-1,0,0.0,0,0,0,1,H,C,25,20,nan
3QDLA,150,anchor_top3,1,106,-0.7442153692245483,-0.7421396970748901,-0.002075672149658203,0,0,44,-1,-1,-1,0,0.0,1,0,1,0,H,H,25,23,nan
3QDLA,150,anchor_top3,1,117,-3.481074810028076,-3.48213791847229,0.0010631084442138672,0,0,33,-1,-1,-1,0,0.0,1,0,1,0,H,H,25,23,nan
3QDLA,150,anchor_top3,1,174,-2.0355653762817383,-2.0369884967803955,0.0014231204986572266,0,1,24,0,6,1,0,0.0,0,0,0,1,H,C,25,30,nan
3QDLA,150,anchor_top3,1,184,-0.9233596324920654,-0.9218068718910217,-0.0015527606010437012,0,0,34,0,3,1,0,0.0,0,0,0,1,H,E,25,33,nan
3QDLA,150,anchor_top3,1,194,-3.1923351287841797,-3.1949853897094727,0.0026502609252929688,0,1,44,0,3,1,0,0.0,0,0,0,1,H,C,25,36,nan
3QDLA,150,anchor_top3,1,204,-1.293286919593811,-1.2933188676834106,3.1948089599609375e-05,0,0,54,0,6,1,0,0.0,1,0,1,0,H,H,25,37,nan
3QDLA,11,control,0,40,-0.061752799898386,-0.06233618035912514,0.0005833804607391357,0,1,29,0,4,1,0,0.0,1,0,1,0,H,H,1,7,nan
3QDLA,11,control,0,51,-0.06743562966585159,-0.0673968493938446,-3.8780272006988525e-05,0,0,40,0,4,1,0,0.0,0,0,0,1,H,E,1,11,nan
3QDLA,11,control,0,62,-0.3105345368385315,-0.3103930354118347,-0.00014150142669677734,0,0,51,0,5,1,0,0.0,1,0,1,0,H,H,1,13,nan
3QDLA,11,control,0,73,-0.4478212594985962,-0.44762036204338074,-0.0002008974552154541,0,0,62,0,5,1,0,0.0,1,0,1,0,H,H,1,15,nan
3QDLA,11,control,0,84,-0.479486882686615,-0.4791092276573181,-0.000377655029296875,0,0,73,0,4,1,0,0.0,0,0,0,1,H,E,1,17,nan
3QDLA,11,control,0,95,-1.8958925008773804,-1.8955225944519043,-0.0003699064254760742,0,0,84,0,8,1,0,0.0,0,0,0,1,H,C,1,20,nan
3QDLA,11,control,0,106,-0.7442153692245483,-0.7444137930870056,0.0001984238624572754,0,0,95,-1,-1,-1,0,0.0,1,0,1,0,H,H,1,23,nan
3QDLA,11,control,0,117,-3.481074810028076,-3.4806244373321533,-0.00045037269592285156,0,0,106,-1,-1,-1,0,0.0,1,0,1,0,H,H,1,23,nan
3QDLA,11,control,0,127,-2.2333641052246094,-2.2326583862304688,-0.000705718994140625,0,0,116,-1,-1,-1,0,0.0,0,0,0,1,H,C,1,24,nan
3QDLA,11,control,0,138,-0.03915614262223244,-0.03915717080235481,1.0281801223754883e-06,0,0,127,0,4,1,0,0.0,1,0,1,0,H,H,1,25,nan
3QDLA,11,control,0,149,-1.3169268369674683,-1.3184738159179688,0.0015469789505004883,0,1,138,0,2,1,3,0.15789473684210525,1,0,1,0,H,H,1,25,nan
3QDLA,11,control,0,160,-0.4006775915622711,-0.40090882778167725,0.00023123621940612793,0,1,149,0,4,1,0,0.0,0,0,0,1,H,E,1,27,nan
3QDLA,11,control,0,171,-1.637852668762207,-1.637760043144226,-9.262561798095703e-05,0,0,160,0,6,1,0,0.0,1,0,1,0,H,H,1,29,nan
3QDLA,11,control,0,182,-0.9978507161140442,-0.9980872869491577,0.0002365708351135254,0,1,171,0,4,1,0,0.0,0,0,0,1,H,C,1,32,nan
3QDLA,11,control,0,193,-2.2359137535095215,-2.2352938652038574,-0.0006198883056640625,0,0,182,0,3,1,0,0.0,0,0,0,1,H,C,1,36,nan
3QDLA,11,control,0,204,-1.293286919593811,-1.293445348739624,0.00015842914581298828,0,0,193,0,5,1,0,0.0,1,0,1,0,H,H,1,37,nan
3QDLA,75,control,0,5,-3.3266072273254395,-3.3262875080108643,-0.0003197193145751953,0,0,70,0,6,1,0,0.0,1,0,1,0,H,H,15,1,nan
3QDLA,75,control,0,15,-0.0009578645695000887,-0.0009604846709407866,2.6201014406979084e-06,0,0,60,0,4,1,0,0.0,0,0,0,1,H,C,15,2,nan
3QDLA,75,control,0,25,-0.41300323605537415,-0.41325798630714417,0.00025475025177001953,0,1,50,0,2,1,1,0.043478260869565216,0,0,0,1,H,C,15,6,nan
3QDLA,75,control,0,35,-0.4058071970939636,-0.40594008564949036,0.0001328885555267334,0,0,40,0,3,1,0,0.0,1,0,1,0,H,H,15,7,nan
3QDLA,75,control,0,45,-0.6909459233283997,-0.6925572752952576,0.0016113519668579102,0,1,30,0,5,1,0,0.0,1,0,1,0,H,H,15,9,nan
3QDLA,75,control,0,103,-2.1685895919799805,-2.1679866313934326,-0.0006029605865478516,0,0,28,-1,-1,-1,0,0.0,1,0,1,0,H,H,15,21,nan
3QDLA,75,control,0,113,-2.969097137451172,-2.9666552543640137,-0.002441883087158203,0,0,38,-1,-1,-1,0,0.0,1,0,1,0,H,H,15,23,nan
3QDLA,75,control,0,123,-3.8299856185913086,-3.830991506576538,0.0010058879852294922,0,1,48,-1,-1,-1,0,0.0,1,0,1,0,H,H,15,23,nan
3QDLA,75,control,0,133,-2.4597325325012207,-2.459400177001953,-0.0003323554992675781,0,0,58,0,5,1,0,0.0,1,0,1,0,H,H,15,25,nan
3QDLA,75,control,0,143,-2.7104451656341553,-2.7114596366882324,0.0010144710540771484,0,1,68,0,3,1,0,0.0,1,0,1,0,H,H,15,25,nan
3QDLA,75,control,0,153,-1.6709544658660889,-1.6701804399490356,-0.0007740259170532227,0,0,78,0,4,1,0,0.0,0,0,0,1,H,C,15,26,nan
3QDLA,75,control,0,164,-0.5501509308815002,-0.5495629906654358,-0.0005879402160644531,0,0,89,0,2,1,1,0.045454545454545456,0,0,0,1,H,C,15,28,nan
3QDLA,75,control,0,174,-2.0355653762817383,-2.035583019256592,1.7642974853515625e-05,0,0,99,0,5,1,0,0.0,0,0,0,1,H,C,15,30,nan
3QDLA,75,control,0,184,-0.9233596324920654,-0.920488178730011,-0.0028714537620544434,0,0,109,0,2,1,4,0.14814814814814814,0,0,0,1,H,E,15,33,nan
3QDLA,75,control,0,194,-3.1923351287841797,-3.1910300254821777,-0.0013051033020019531,0,0,119,0,3,1,0,0.0,0,0,0,1,H,C,15,36,nan
3QDLA,75,control,0,204,-1.293286919593811,-1.2929797172546387,-0.0003072023391723633,0,0,129,0,6,1,0,0.0,1,0,1,0,H,H,15,37,nan
3QDLA,151,control,0,5,-3.3266072273254395,-3.325702428817749,-0.0009047985076904297,0,0,146,0,3,1,0,0.0,1,0,1,0,H,H,25,1,nan
3QDLA,151,control,0,15,-0.0009578645695000887,-0.0009583409409970045,4.7637149691581726e-07,0,0,136,1,1,1,5,0.29411764705882354,0,0,0,1,H,C,25,2,nan
3QDLA,151,control,0,25,-0.41300323605537415,-0.41241204738616943,-0.0005911886692047119,0,0,126,0,3,1,0,0.0,0,0,0,1,H,C,25,6,nan
3QDLA,151,control,0,35,-0.4058071970939636,-0.40608131885528564,0.0002741217613220215,0,0,116,0,2,1,3,0.11538461538461539,1,0,1,0,H,H,25,7,nan
3QDLA,151,control,0,45,-0.6909459233283997,-0.6903102993965149,-0.0006356239318847656,0,0,106,0,5,1,0,0.0,1,0,1,0,H,H,25,9,nan
3QDLA,151,control,0,56,-0.6316502690315247,-0.6317931413650513,0.00014287233352661133,0,0,95,0,4,1,0,0.0,0,0,0,1,H,E,25,11,nan
3QDLA,151,control,0,66,-1.3389530181884766,-1.3389650583267212,1.2040138244628906e-05,0,0,85,0,4,1,0,0.0,1,0,1,0,H,H,25,13,nan
3QDLA,151,control,0,76,-1.2052109241485596,-1.2058061361312866,0.0005952119827270508,0,1,75,0,3,1,0,0.0,1,0,1,0,H,H,25,15,nan
3QDLA,151,control,0,86,-1.3332151174545288,-1.329845666885376,-0.003369450569152832,0,0,65,0,4,1,0,0.0,0,0,0,1,H,E,25,17,nan
3QDLA,151,control,0,96,-4.4456562995910645,-4.44470739364624,-0.0009489059448242188,0,0,55,-1,-1,-1,0,0.0,0,0,0,1,H,C,25,20,nan
3QDLA,151,control,0,106,-0.7442153692245483,-0.7490781545639038,0.004862785339355469,0,1,45,-1,-1,-1,0,0.0,1,0,1,0,H,H,25,23,nan
3QDLA,151,control,0,117,-3.481074810028076,-3.4778714179992676,-0.0032033920288085938,0,0,34,-1,-1,-1,0,0.0,1,0,1,0,H,H,25,23,nan
3QDLA,151,control,0,127,-2.2333641052246094,-2.2325360774993896,-0.0008280277252197266,0,0,24,-1,-1,-1,0,0.0,0,0,0,1,H,C,25,24,nan
3QDLA,151,control,0,184,-0.9233596324920654,-0.9202858805656433,-0.003073751926422119,0,0,33,0,3,1,0,0.0,0,0,0,1,H,E,25,33,nan
3QDLA,151,control,0,194,-3.1923351287841797,-3.196366548538208,0.00403141975402832,0,1,43,0,2,1,1,0.05,0,0,0,1,H,C,25,36,nan
3QDLA,151,control,0,204,-1.293286919593811,-1.2943580150604248,0.0010710954666137695,0,1,53,0,6,1,0,0.0,1,0,1,0,H,H,25,37,nan
3QDLA,62,control,0,5,-3.3266072273254395,-3.3260691165924072,-0.0005381107330322266,0,0,57,0,7,1,0,0.0,1,0,1,0,H,H,13,1,nan
3QDLA,62,control,0,15,-0.0009578645695000887,-0.0009578645695000887,0.0,0,0,47,0,4,1,0,0.0,0,0,0,1,H,C,13,2,nan
3QDLA,62,control,0,25,-0.41300323605537415,-0.41268208622932434,-0.0003211498260498047,0,0,37,0,3,1,0,0.0,0,0,0,1,H,C,13,6,nan
3QDLA,62,control,0,35,-0.4058071970939636,-0.40660592913627625,0.0007987320423126221,0,1,27,0,2,1,1,0.03333333333333333,1,0,1,0,H,H,13,7,nan
3QDLA,62,control,0,92,-1.4116121530532837,-1.4098714590072632,-0.0017406940460205078,0,0,30,0,5,1,0,0.0,1,0,1,0,H,H,13,19,nan
3QDLA,62,control,0,103,-2.1685895919799805,-2.1695494651794434,0.0009598731994628906,0,1,41,-1,-1,-1,0,0.0,1,0,1,0,H,H,13,21,nan
3QDLA,62,control,0,113,-2.969097137451172,-2.9693350791931152,0.00023794174194335938,0,0,51,-1,-1,-1,0,0.0,1,0,1,0,H,H,13,23,nan
3QDLA,62,control,0,123,-3.8299856185913086,-3.831746816635132,0.0017611980438232422,0,1,61,-1,-1,-1,0,0.0,1,0,1,0,H,H,13,23,nan
3QDLA,62,control,0,133,-2.4597325325012207,-2.4598922729492188,0.00015974044799804688,0,0,71,0,6,1,0,0.0,1,0,1,0,H,H,13,25,nan
3QDLA,62,control,0,143,-2.7104451656341553,-2.71114182472229,0.0006966590881347656,0,0,81,0,3,1,0,0.0,1,0,1,0,H,H,13,25,nan
3QDLA,62,control,0,153,-1.6709544658660889,-1.6701083183288574,-0.0008461475372314453,0,0,91,0,3,1,0,0.0,0,0,0,1,H,C,13,26,nan
3QDLA,62,control,0,164,-0.5501509308815002,-0.5503698587417603,0.00021892786026000977,0,0,102,0,3,1,0,0.0,0,0,0,1,H,C,13,28,nan
3QDLA,62,control,0,174,-2.0355653762817383,-2.036653518676758,0.0010881423950195312,0,1,112,0,3,1,0,0.0,0,0,0,1,H,C,13,30,nan
3QDLA,62,control,0,184,-0.9233596324920654,-0.9220380783081055,-0.001321554183959961,0,0,122,0,2,1,3,0.10714285714285714,0,0,0,1,H,E,13,33,nan
3QDLA,62,control,0,194,-3.1923351287841797,-3.192810297012329,0.00047516822814941406,0,0,132,0,4,1,0,0.0,0,0,0,1,H,C,13,36,nan
3QDLA,62,control,0,204,-1.293286919593811,-1.2934095859527588,0.0001226663589477539,0,0,142,0,8,1,0,0.0,1,0,1,0,H,H,13,37,nan
3QDLA,135,control,0,5,-3.3266072273254395,-3.326636791229248,2.956390380859375e-05,0,0,130,0,7,1,0,0.0,1,0,1,0,H,H,25,1,nan
3QDLA,135,control,0,15,-0.0009578645695000887,-0.0009559590835124254,-1.905485987663269e-06,0,0,120,0,4,1,0,0.0,0,0,0,1,H,C,25,2,nan
3QDLA,135,control,0,25,-0.41300323605537415,-0.4131314158439636,0.00012817978858947754,0,0,110,0,6,1,0,0.0,0,0,0,1,H,C,25,6,nan
3QDLA,135,control,0,35,-0.4058071970939636,-0.4072216749191284,0.001414477825164795,0,1,100,0,3,1,0,0.0,1,0,1,0,H,H,25,7,nan
3QDLA,135,control,0,45,-0.6909459233283997,-0.6896525621414185,-0.0012933611869812012,0,0,90,0,2,1,4,0.2222222222222222,1,0,1,0,H,H,25,9,nan
3QDLA,135,control,0,56,-0.6316502690315247,-0.6314279437065125,-0.00022232532501220703,0,0,79,0,4,1,0,0.0,0,0,0,1,H,E,25,11,nan
3QDLA,135,control,0,66,-1.3389530181884766,-1.3388657569885254,-8.726119995117188e-05,0,0,69,0,5,1,0,0.0,1,0,1,0,H,H,25,13,nan
3QDLA,135,control,0,76,-1.2052109241485596,-1.2051029205322266,-0.00010800361633300781,0,0,59,0,4,1,0,0.0,1,0,1,0,H,H,25,15,nan
3QDLA,135,control,0,86,-1.3332151174545288,-1.3331174850463867,-9.763240814208984e-05,0,0,49,0,2,1,3,0.125,0,0,0,1,H,E,25,17,nan
3QDLA,135,control,0,96,-4.4456562995910645,-4.446413993835449,0.0007576942443847656,0,1,39,-1,-1,-1,0,0.0,0,0,0,1,H,C,25,20,nan
3QDLA,135,control,0,106,-0.7442153692245483,-0.7423646450042725,-0.001850724220275879,0,0,29,-1,-1,-1,0,0.0,1,0,1,0,H,H,25,23,nan
3QDLA,135,control,0,164,-0.5501509308815002,-0.550015389919281,-0.00013554096221923828,0,0,29,0,4,1,0,0.0,0,0,0,1,H,C,25,28,nan
3QDLA,135,control,0,174,-2.0355653762817383,-2.035632610321045,6.723403930664062e-05,0,0,39,0,5,1,0,0.0,0,0,0,1,H,C,25,30,nan
3QDLA,135,control,0,184,-0.9233596324920654,-0.9251347184181213,0.0017750859260559082,0,1,49,0,3,1,0,0.0,0,0,0,1,H,E,25,33,nan
3QDLA,135,control,0,194,-3.1923351287841797,-3.1963248252868652,0.003989696502685547,0,1,59,0,6,1,0,0.0,0,0,0,1,H,C,25,36,nan
3QDLA,135,control,0,204,-1.293286919593811,-1.2928236722946167,-0.00046324729919433594,0,0,69,0,9,1,0,0.0,1,0,1,0,H,H,25,37,nan
3WJPA,94,anchor_top1,1,9,-0.004065463785082102,-0.0038453221786767244,-0.0002201416064053774,0,0,85,0,5,1,0,0.0,0,0,0,1,E,C,16,0,nan
3WJPA,94,anchor_top1,1,27,-1.6442644596099854,-1.864391565322876,0.22012710571289062,1,1,67,0,5,1,0,0.0,0,0,0,1,E,C,16,2,nan
3WJPA,94,anchor_top1,1,45,-2.6957790851593018,-2.7755088806152344,0.07972979545593262,1,1,49,0,3,1,0,0.0,1,0,1,0,E,E,16,5,nan
3WJPA,94,anchor_top1,1,63,-0.7359395623207092,-0.5766921639442444,-0.15924739837646484,0,0,31,0,4,1,0,0.0,0,0,0,1,E,C,16,8,nan
3WJPA,94,anchor_top1,1,128,-0.17442567646503448,-0.17922082543373108,0.004795148968696594,0,0,34,1,1,1,4,0.2222222222222222,0,0,0,1,E,C,16,21,nan
3WJPA,94,anchor_top1,1,147,-0.042997971177101135,-0.03001791425049305,-0.012980056926608086,0,0,53,1,1,1,8,0.36363636363636365,1,0,1,0,E,E,16,24,nan
3WJPA,94,anchor_top1,1,165,-1.464963674545288,-1.2419426441192627,-0.2230210304260254,0,0,71,0,5,1,0,0.0,1,0,1,0,E,E,16,26,nan
3WJPA,94,anchor_top1,1,183,-0.07434233278036118,-0.07566583156585693,0.001323498785495758,0,0,89,0,5,1,0,0.0,0,0,0,1,E,H,16,28,nan
3WJPA,94,anchor_top1,1,201,-1.214125394821167,-1.287583827972412,0.07345843315124512,1,1,107,0,3,1,0,0.0,0,0,0,1,E,H,16,30,nan
3WJPA,94,anchor_top1,1,219,-0.1623646318912506,-0.13611462712287903,-0.026250004768371582,0,0,125,0,4,1,0,0.0,1,0,1,0,E,E,16,35,nan
3WJPA,94,anchor_top1,1,237,-0.03497205302119255,-0.033229924738407135,-0.0017421282827854156,0,0,143,0,5,1,0,0.0,0,0,0,1,E,H,16,37,nan
3WJPA,94,anchor_top1,1,256,-0.6153757572174072,-0.6535067558288574,0.038130998611450195,1,1,162,0,6,1,0,0.0,0,0,0,1,E,H,16,42,nan
3WJPA,94,anchor_top1,1,274,-0.8407093286514282,-0.7817203402519226,-0.058988988399505615,0,0,180,0,3,1,0,0.0,0,0,0,1,E,C,16,43,nan
3WJPA,94,anchor_top1,1,292,-1.3292121887207031,-1.3475875854492188,0.018375396728515625,1,0,198,0,5,1,0,0.0,0,0,0,1,E,C,16,47,nan
3WJPA,94,anchor_top1,1,310,-3.0798072814941406,-2.9674015045166016,-0.11240577697753906,0,0,216,0,7,1,0,0.0,0,0,0,1,E,C,16,51,nan
3WJPA,94,anchor_top1,1,328,-0.5435440540313721,-0.4234096109867096,-0.12013444304466248,0,0,234,0,5,1,0,0.0,0,0,0,1,E,C,16,55,nan
3WJPA,276,anchor_top2,1,9,-0.004065463785082102,-0.004196528345346451,0.00013106456026434898,0,0,267,0,5,1,0,0.0,0,0,0,1,E,C,44,0,nan
3WJPA,276,anchor_top2,1,27,-1.6442644596099854,-1.6528948545455933,0.00863039493560791,0,1,249,0,5,1,0,0.0,0,0,0,1,E,C,44,2,nan
3WJPA,276,anchor_top2,1,45,-2.6957790851593018,-2.7163376808166504,0.020558595657348633,1,1,231,0,3,1,0,0.0,1,0,1,0,E,E,44,5,nan
3WJPA,276,anchor_top2,1,63,-0.7359395623207092,-0.7356370687484741,-0.0003024935722351074,0,0,213,0,6,1,0,0.0,0,0,0,1,E,C,44,8,nan
3WJPA,276,anchor_top2,1,81,-0.3041515648365021,-0.29174479842185974,-0.012406766414642334,0,0,195,0,3,1,0,0.0,0,0,0,1,E,H,44,12,nan
3WJPA,276,anchor_top2,1,100,-0.36638572812080383,-0.3624744117259979,-0.003911316394805908,0,0,176,0,7,1,0,0.0,1,0,1,0,E,E,44,16,nan
3WJPA,276,anchor_top2,1,118,-0.6483684182167053,-0.634940505027771,-0.013427913188934326,0,0,158,0,5,1,0,0.0,0,0,0,1,E,H,44,18,nan
3WJPA,276,anchor_top2,1,136,-2.3367695808410645,-2.331679105758667,-0.005090475082397461,0,0,140,0,8,1,0,0.0,0,0,0,1,E,C,44,23,nan
3WJPA,276,anchor_top2,1,154,-2.977294445037842,-2.9552416801452637,-0.022052764892578125,0,0,122,0,3,1,0,0.0,0,0,0,1,E,C,44,25,nan
3WJPA,276,anchor_top2,1,172,-0.5483761429786682,-0.5340955853462219,-0.014280557632446289,0,0,104,0,2,1,1,0.034482758620689655,0,0,0,1,E,C,44,27,nan
3WJPA,276,anchor_top2,1,190,-1.3104119300842285,-1.4001851081848145,0.08977317810058594,1,1,86,0,5,1,0,0.0,0,0,0,1,E,C,44,29,nan
3WJPA,276,anchor_top2,1,209,-3.1037163734436035,-3.05643630027771,-0.047280073165893555,0,0,67,0,2,1,2,0.09090909090909091,0,0,0,1,E,H,44,30,nan
3WJPA,276,anchor_top2,1,227,-2.479900598526001,-2.531360626220703,0.05146002769470215,1,1,49,0,3,1,0,0.0,0,0,0,1,E,H,44,37,nan
3WJPA,276,anchor_top2,1,245,-0.023681765422225,-0.02498888224363327,0.0013071168214082718,0,0,31,0,3,1,0,0.0,0,0,0,1,E,H,44,40,nan
3WJPA,276,anchor_top2,1,310,-3.0798072814941406,-2.965646743774414,-0.11416053771972656,0,0,34,0,4,1,0,0.0,0,0,0,1,E,C,44,51,nan
3WJPA,276,anchor_top2,1,328,-0.5435440540313721,-0.5105093121528625,-0.03303474187850952,0,0,52,0,4,1,0,0.0,0,0,0,1,E,C,44,55,nan
3WJPA,275,anchor_top3,1,9,-0.004065463785082102,-0.004064751323312521,-7.124617695808411e-07,0,0,266,0,4,1,0,0.0,0,0,0,1,E,C,44,0,nan
3WJPA,275,anchor_top3,1,27,-1.6442644596099854,-1.643384575843811,-0.0008798837661743164,0,0,248,0,5,1,0,0.0,0,0,0,1,E,C,44,2,nan
3WJPA,275,anchor_top3,1,45,-2.6957790851593018,-2.696040391921997,0.0002613067626953125,0,0,230,0,3,1,0,0.0,1,0,1,0,E,E,44,5,nan
3WJPA,275,anchor_top3,1,63,-0.7359395623207092,-0.7360594868659973,0.00011992454528808594,0,0,212,0,5,1,0,0.0,0,0,0,1,E,C,44,8,nan
3WJPA,275,anchor_top3,1,81,-0.3041515648365021,-0.30402570962905884,-0.0001258552074432373,0,0,194,0,3,1,0,0.0,0,0,0,1,E,H,44,12,nan
3WJPA,275,anchor_top3,1,100,-0.36638572812080383,-0.3664458990097046,6.0170888900756836e-05,0,0,175,0,6,1,0,0.0,1,0,1,0,E,E,44,16,nan
3WJPA,275,anchor_top3,1,118,-0.6483684182167053,-0.648316502571106,-5.1915645599365234e-05,0,0,157,0,5,1,0,0.0,0,0,0,1,E,H,44,18,nan
3WJPA,275,anchor_top3,1,136,-2.3367695808410645,-2.3373656272888184,0.0005960464477539062,0,1,139,0,7,1,0,0.0,0,0,0,1,E,C,44,23,nan
3WJPA,275,anchor_top3,1,154,-2.977294445037842,-2.977759599685669,0.00046515464782714844,0,1,121,0,3,1,0,0.0,0,0,0,1,E,C,44,25,nan
3WJPA,275,anchor_top3,1,172,-0.5483761429786682,-0.548383891582489,7.748603820800781e-06,0,0,103,0,2,1,4,0.13793103448275862,0,0,0,1,E,C,44,27,nan
3WJPA,275,anchor_top3,1,190,-1.3104119300842285,-1.3113552331924438,0.000943303108215332,0,1,85,0,4,1,0,0.0,0,0,0,1,E,C,44,29,nan
3WJPA,275,anchor_top3,1,209,-3.1037163734436035,-3.1028270721435547,-0.0008893013000488281,0,0,66,0,3,1,0,0.0,0,0,0,1,E,H,44,30,nan
3WJPA,275,anchor_top3,1,227,-2.479900598526001,-2.479992628097534,9.202957153320312e-05,0,0,48,0,2,1,3,0.10344827586206896,0,0,0,1,E,H,44,37,nan
3WJPA,275,anchor_top3,1,245,-0.023681765422225,-0.023664535954594612,-1.7229467630386353e-05,0,0,30,0,3,1,0,0.0,0,0,0,1,E,H,44,40,nan
3WJPA,275,anchor_top3,1,310,-3.0798072814941406,-3.079240322113037,-0.0005669593811035156,0,0,35,0,3,1,0,0.0,0,0,0,1,E,C,44,51,nan
3WJPA,275,anchor_top3,1,328,-0.5435440540313721,-0.5442482829093933,0.0007042288780212402,0,1,53,0,3,1,0,0.0,0,0,0,1,E,C,44,55,nan
3WJPA,141,control,0,9,-0.004065463785082102,-0.004059646278619766,-5.8175064623355865e-06,0,0,132,0,5,1,0,0.0,0,0,0,1,E,C,24,0,nan
3WJPA,141,control,0,27,-1.6442644596099854,-1.64004647731781,-0.004217982292175293,0,0,114,0,7,1,0,0.0,0,0,0,1,E,C,24,2,nan
3WJPA,141,control,0,45,-2.6957790851593018,-2.6977081298828125,0.0019290447235107422,0,1,96,0,5,1,0,0.0,1,0,1,0,E,E,24,5,nan
3WJPA,141,control,0,63,-0.7359395623207092,-0.7337206602096558,-0.002218902111053467,0,0,78,0,2,1,2,0.10526315789473684,0,0,0,1,E,C,24,8,nan
3WJPA,141,control,0,81,-0.3041515648365021,-0.30429595708847046,0.0001443922519683838,0,1,60,0,4,1,0,0.0,0,0,0,1,E,H,24,12,nan
3WJPA,141,control,0,100,-0.36638572812080383,-0.36618572473526,-0.00020000338554382324,0,0,41,1,1,1,7,0.35,1,0,1,0,E,E,24,16,nan
3WJPA,141,control,0,165,-1.464963674545288,-1.4657819271087646,0.0008182525634765625,0,1,24,0,7,1,0,0.0,1,0,1,0,E,E,24,26,nan
3WJPA,141,control,0,183,-0.07434233278036118,-0.07417399436235428,-0.00016833841800689697,0,0,42,0,3,1,0,0.0,0,0,0,1,E,H,24,28,nan
3WJPA,141,control,0,201,-1.214125394821167,-1.2142601013183594,0.0001347064971923828,0,0,60,0,5,1,0,0.0,0,0,0,1,E,H,24,30,nan
3WJPA,141,control,0,219,-0.1623646318912506,-0.16182635724544525,-0.0005382746458053589,0,0,78,0,5,1,0,0.0,1,0,1,0,E,E,24,35,nan
3WJPA,141,control,0,237,-0.03497205302119255,-0.0349184088408947,-5.364418029785156e-05,0,0,96,0,7,1,0,0.0,0,0,0,1,E,H,24,37,nan
3WJPA,141,control,0,256,-0.6153757572174072,-0.6152582764625549,-0.00011748075485229492,0,0,115,0,5,1,0,0.0,0,0,0,1,E,H,24,42,nan
3WJPA,141,control,0,274,-0.8407093286514282,-0.8399794101715088,-0.0007299184799194336,0,0,133,0,5,1,0,0.0,0,0,0,1,E,C,24,43,nan
3WJPA,141,control,0,292,-1.3292121887207031,-1.3296585083007812,0.000446319580078125,0,1,151,0,6,1,0,0.0,0,0,0,1,E,C,24,47,nan
3WJPA,141,control,0,310,-3.0798072814941406,-3.0797669887542725,-4.029273986816406e-05,0,0,169,0,8,1,0,0.0,0,0,0,1,E,C,24,51,nan
3WJPA,141,control,0,328,-0.5435440540313721,-0.5435935854911804,4.953145980834961e-05,0,0,187,0,5,1,0,0.0,0,0,0,1,E,C,24,55,nan
3WJPA,91,control,0,9,-0.004065463785082102,-0.004065820015966892,3.5623088479042053e-07,0,0,82,0,5,1,0,0.0,0,0,0,1,E,C,14,0,nan
3WJPA,91,control,0,27,-1.6442644596099854,-1.6496506929397583,0.005386233329772949,0,1,64,0,5,1,0,0.0,0,0,0,1,E,C,14,2,nan
3WJPA,91,control,0,45,-2.6957790851593018,-2.6955041885375977,-0.00027489662170410156,0,0,46,0,3,1,0,0.0,1,0,1,0,E,E,14,5,nan
3WJPA,91,control,0,63,-0.7359395623207092,-0.7353031039237976,-0.0006364583969116211,0,0,28,0,5,1,0,0.0,0,0,0,1,E,C,14,8,nan
3WJPA,91,control,0,128,-0.17442567646503448,-0.1743224412202835,-0.00010323524475097656,0,0,37,0,2,1,2,0.10526315789473684,0,0,0,1,E,C,14,21,nan
3WJPA,91,control,0,147,-0.042997971177101135,-0.042942699044942856,-5.527213215827942e-05,0,0,56,1,1,1,6,0.2608695652173913,1,0,1,0,E,E,14,24,nan
3WJPA,91,control,0,165,-1.464963674545288,-1.46524977684021,0.000286102294921875,0,1,74,0,4,1,0,0.0,1,0,1,0,E,E,14,26,nan
3WJPA,91,control,0,183,-0.07434233278036118,-0.07430979609489441,-3.253668546676636e-05,0,0,92,0,5,1,0,0.0,0,0,0,1,E,H,14,28,nan
3WJPA,91,control,0,201,-1.214125394821167,-1.214685320854187,0.0005599260330200195,0,1,110,0,2,1,2,0.09090909090909091,0,0,0,1,E,H,14,30,nan
3WJPA,91,control,0,219,-0.1623646318912506,-0.16225051879882812,-0.00011411309242248535,0,0,128,0,3,1,0,0.0,1,0,1,0,E,E,14,35,nan
3WJPA,91,control,0,237,-0.03497205302119255,-0.03498552367091179,1.3470649719238281e-05,0,0,146,0,4,1,0,0.0,0,0,0,1,E,H,14,37,nan
3WJPA,91,control,0,256,-0.6153757572174072,-0.615236759185791,-0.00013899803161621094,0,0,165,0,6,1,0,0.0,0,0,0,1,E,H,14,42,nan
3WJPA,91,control,0,274,-0.8407093286514282,-0.8407672047615051,5.78761100769043e-05,0,0,183,0,2,1,1,0.03333333333333333,0,0,0,1,E,C,14,43,nan
3WJPA,91,control,0,292,-1.3292121887207031,-1.3294836282730103,0.0002714395523071289,0,1,201,0,4,1,0,0.0,0,0,0,1,E,C,14,47,nan
3WJPA,91,control,0,310,-3.0798072814941406,-3.079002857208252,-0.0008044242858886719,0,0,219,0,6,1,0,0.0,0,0,0,1,E,C,14,51,nan
3WJPA,91,control,0,328,-0.5435440540313721,-0.5428274273872375,-0.0007166266441345215,0,0,237,0,5,1,0,0.0,0,0,0,1,E,C,14,55,nan
3WJPA,149,control,0,9,-0.004065463785082102,-0.004064276814460754,-1.1869706213474274e-06,0,1,140,0,5,1,0,0.0,0,0,0,1,E,C,24,0,nan
3WJPA,149,control,0,27,-1.6442644596099854,-1.6411792039871216,-0.0030852556228637695,0,0,122,0,4,1,0,0.0,0,0,0,1,E,C,24,2,nan
3WJPA,149,control,0,45,-2.6957790851593018,-2.693927526473999,-0.0018515586853027344,0,0,104,0,2,1,4,0.16666666666666666,1,0,1,0,E,E,24,5,nan
3WJPA,149,control,0,63,-0.7359395623207092,-0.7315556406974792,-0.0043839216232299805,0,0,86,0,5,1,0,0.0,0,0,0,1,E,C,24,8,nan
3WJPA,149,control,0,81,-0.3041515648365021,-0.30459797382354736,0.0004464089870452881,0,1,68,0,2,1,3,0.11538461538461539,0,0,0,1,E,H,24,12,nan
3WJPA,149,control,0,100,-0.36638572812080383,-0.365767240524292,-0.0006184875965118408,0,0,49,0,5,1,0,0.0,1,0,1,0,E,E,24,16,nan
3WJPA,149,control,0,118,-0.6483684182167053,-0.6474307179450989,-0.0009377002716064453,0,0,31,0,4,1,0,0.0,0,0,0,1,E,H,24,18,nan
3WJPA,149,control,0,183,-0.07434233278036118,-0.0737190768122673,-0.0006232559680938721,0,0,34,0,6,1,0,0.0,0,0,0,1,E,H,24,28,nan
3WJPA,149,control,0,201,-1.214125394821167,-1.21467924118042,0.0005538463592529297,0,1,52,0,3,1,0,0.0,0,0,0,1,E,H,24,30,nan
3WJPA,149,control,0,219,-0.1623646318912506,-0.1619710475206375,-0.00039358437061309814,0,0,70,0,3,1,0,0.0,1,0,1,0,E,E,24,35,nan
3WJPA,149,control,0,237,-0.03497205302119255,-0.034843578934669495,-0.00012847408652305603,0,0,88,0,4,1,0,0.0,0,0,0,1,E,H,24,37,nan
3WJPA,149,control,0,256,-0.6153757572174072,-0.6151783466339111,-0.00019741058349609375,0,0,107,0,7,1,0,0.0,0,0,0,1,E,H,24,42,nan
3WJPA,149,control,0,274,-0.8407093286514282,-0.8399478793144226,-0.0007614493370056152,0,0,125,0,3,1,0,0.0,0,0,0,1,E,C,24,43,nan
3WJPA,149,control,0,292,-1.3292121887207031,-1.3291819095611572,-3.0279159545898438e-05,0,1,143,0,4,1,0,0.0,0,0,0,1,E,C,24,47,nan
3WJPA,149,control,0,310,-3.0798072814941406,-3.0788259506225586,-0.0009813308715820312,0,0,161,0,6,1,0,0.0,0,0,0,1,E,C,24,51,nan
3WJPA,149,control,0,328,-0.5435440540313721,-0.5423510670661926,-0.0011929869651794434,0,0,179,0,5,1,0,0.0,0,0,0,1,E,C,24,55,nan
3WJPA,101,control,0,9,-0.004065463785082102,-0.004059646278619766,-5.8175064623355865e-06,0,0,92,0,5,1,0,0.0,0,0,0,1,E,C,16,0,nan
3WJPA,101,control,0,27,-1.6442644596099854,-1.6490528583526611,0.004788398742675781,0,1,74,0,7,1,0,0.0,0,0,0,1,E,C,16,2,nan
3WJPA,101,control,0,45,-2.6957790851593018,-2.695105791091919,-0.0006732940673828125,0,0,56,0,5,1,0,0.0,1,0,1,0,E,E,16,5,nan
3WJPA,101,control,0,63,-0.7359395623207092,-0.7334772348403931,-0.002462327480316162,0,0,38,0,2,1,1,0.05263157894736842,0,0,0,1,E,C,16,8,nan
3WJPA,101,control,0,128,-0.17442567646503448,-0.17423100769519806,-0.00019466876983642578,0,0,27,0,4,1,0,0.0,0,0,0,1,E,C,16,21,nan
3WJPA,101,control,0,147,-0.042997971177101135,-0.042729124426841736,-0.0002688467502593994,0,0,46,0,4,1,0,0.0,1,0,1,0,E,E,16,24,nan
3WJPA,101,control,0,165,-1.464963674545288,-1.4621162414550781,-0.002847433090209961,0,0,64,0,8,1,0,0.0,1,0,1,0,E,E,16,26,nan
3WJPA,101,control,0,183,-0.07434233278036118,-0.07448409497737885,0.00014176219701766968,0,0,82,0,4,1,0,0.0,0,0,0,1,E,H,16,28,nan
3WJPA,101,control,0,201,-1.214125394821167,-1.2143882513046265,0.00026285648345947266,0,1,100,0,6,1,0,0.0,0,0,0,1,E,H,16,30,nan
3WJPA,101,control,0,219,-0.1623646318912506,-0.16240283846855164,3.820657730102539e-05,0,0,118,0,6,1,0,0.0,1,0,1,0,E,E,16,35,nan
3WJPA,101,control,0,237,-0.03497205302119255,-0.03495800867676735,-1.4044344425201416e-05,0,0,136,0,7,1,0,0.0,0,0,0,1,E,H,16,37,nan
3WJPA,101,control,0,256,-0.6153757572174072,-0.6153386235237122,-3.713369369506836e-05,0,0,155,0,6,1,0,0.0,0,0,0,1,E,H,16,42,nan
3WJPA,101,control,0,274,-0.8407093286514282,-0.8411508798599243,0.00044155120849609375,0,1,173,0,6,1,0,0.0,0,0,0,1,E,C,16,43,nan
3WJPA,101,control,0,292,-1.3292121887207031,-1.3293424844741821,0.0001302957534790039,0,0,191,0,7,1,0,0.0,0,0,0,1,E,C,16,47,nan
3WJPA,101,control,0,310,-3.0798072814941406,-3.0804855823516846,0.0006783008575439453,0,1,209,0,9,1,0,0.0,0,0,0,1,E,C,16,51,nan
3WJPA,101,control,0,328,-0.5435440540313721,-0.5432074069976807,-0.00033664703369140625,0,0,227,0,5,1,0,0.0,0,0,0,1,E,C,16,55,nan
3WJPA,240,control,0,9,-0.004065463785082102,-0.004060239996761084,-5.223788321018219e-06,0,0,231,0,5,1,0,0.0,0,0,0,1,E,C,39,0,nan
3WJPA,240,control,0,27,-1.6442644596099854,-1.6428871154785156,-0.0013773441314697266,0,0,213,0,5,1,0,0.0,0,0,0,1,E,C,39,2,nan
3WJPA,240,control,0,45,-2.6957790851593018,-2.6961307525634766,0.0003516674041748047,0,0,195,0,5,1,0,0.0,1,0,1,0,E,E,39,5,nan
3WJPA,240,control,0,63,-0.7359395623207092,-0.7358335852622986,-0.00010597705841064453,0,0,177,0,6,1,0,0.0,0,0,0,1,E,C,39,8,nan
3WJPA,240,control,0,81,-0.3041515648365021,-0.30434203147888184,0.00019046664237976074,0,0,159,0,5,1,0,0.0,0,0,0,1,E,H,39,12,nan
3WJPA,240,control,0,100,-0.36638572812080383,-0.366312175989151,-7.355213165283203e-05,0,0,140,0,8,1,0,0.0,1,0,1,0,E,E,39,16,nan
3WJPA,240,control,0,118,-0.6483684182167053,-0.6483229994773865,-4.5418739318847656e-05,0,0,122,0,7,1,0,0.0,0,0,0,1,E,H,39,18,nan
3WJPA,240,control,0,136,-2.3367695808410645,-2.336599588394165,-0.00016999244689941406,0,0,104,0,9,1,0,0.0,0,0,0,1,E,C,39,23,nan
3WJPA,240,control,0,154,-2.977294445037842,-2.9787187576293945,0.0014243125915527344,0,1,86,0,4,1,0,0.0,0,0,0,1,E,C,39,25,nan
3WJPA,240,control,0,172,-0.5483761429786682,-0.5485296249389648,0.00015348196029663086,0,0,68,0,4,1,0,0.0,0,0,0,1,E,C,39,27,nan
3WJPA,240,control,0,190,-1.3104119300842285,-1.309741497039795,-0.0006704330444335938,0,0,50,0,7,1,0,0.0,0,0,0,1,E,C,39,29,nan
3WJPA,240,control,0,209,-3.1037163734436035,-3.1071152687072754,0.003398895263671875,0,1,31,0,4,1,0,0.0,0,0,0,1,E,H,39,30,nan
3WJPA,240,control,0,274,-0.8407093286514282,-0.8416239619255066,0.0009146332740783691,0,1,34,0,4,1,0,0.0,0,0,0,1,E,C,39,43,nan
3WJPA,240,control,0,292,-1.3292121887207031,-1.3293648958206177,0.00015270709991455078,0,0,52,0,5,1,0,0.0,0,0,0,1,E,C,39,47,nan
3WJPA,240,control,0,310,-3.0798072814941406,-3.0848195552825928,0.0050122737884521484,0,1,70,1,1,1,7,0.4375,0,0,0,1,E,C,39,51,nan
3WJPA,240,control,0,328,-0.5435440540313721,-0.5433060526847839,-0.00023800134658813477,0,0,88,0,3,1,0,0.0,0,0,0,1,E,C,39,55,nan
4EHUA,100,anchor_top1,1,7,-0.5844718217849731,-0.6219791769981384,0.03750735521316528,1,0,93,0,2,1,1,0.03333333333333333,0,0,0,1,C,E,23,1,nan
4EHUA,100,anchor_top1,1,21,-3.3287391662597656,-3.325050115585327,-0.0036890506744384766,0,0,79,0,5,1,0,0.0,1,0,1,0,C,C,23,4,nan
4EHUA,100,anchor_top1,1,35,-2.94924259185791,-2.9870524406433105,0.03780984878540039,1,0,65,0,3,1,0,0.0,0,0,0,1,C,H,23,9,nan
4EHUA,100,anchor_top1,1,50,-0.32878783345222473,-0.3084971308708191,-0.02029070258140564,0,0,50,0,5,1,0,0.0,1,0,1,0,C,C,23,10,nan
4EHUA,100,anchor_top1,1,64,-0.05558044835925102,-0.07028553634881973,0.01470508798956871,1,0,36,0,2,1,3,0.15,0,0,0,1,C,H,23,16,nan
4EHUA,100,anchor_top1,1,125,-0.05294155329465866,-0.052139054983854294,-0.0008024983108043671,0,0,25,0,2,1,2,0.09523809523809523,1,0,1,0,C,C,23,29,nan
4EHUA,100,anchor_top1,1,140,-1.12222158908844,-1.0491232872009277,-0.07309830188751221,0,0,40,0,4,1,0,0.0,1,0,1,0,C,C,23,31,nan
4EHUA,100,anchor_top1,1,154,-2.7530786991119385,-2.7978296279907227,0.04475092887878418,1,1,54,0,6,1,0,0.0,1,0,1,0,C,C,23,33,nan
4EHUA,100,anchor_top1,1,168,-0.05334454029798508,-0.07691217958927155,0.02356763929128647,1,0,68,0,4,1,0,0.0,0,0,0,1,C,H,23,34,nan
4EHUA,100,anchor_top1,1,182,-0.37562015652656555,-0.41978639364242554,0.044166237115859985,1,0,82,0,5,1,0,0.0,0,0,0,1,C,H,23,36,nan
4EHUA,100,anchor_top1,1,197,-1.4361265897750854,-1.5983185768127441,0.1621919870376587,1,1,97,0,3,1,0,0.0,0,0,0,1,C,H,23,36,nan
4EHUA,100,anchor_top1,1,211,-0.971085786819458,-1.1533417701721191,0.18225598335266113,1,1,111,0,2,1,3,0.1111111111111111,0,0,0,1,C,E,23,38,nan
4EHUA,100,anchor_top1,1,225,-3.2305972576141357,-3.2342329025268555,0.0036356449127197266,0,0,125,0,3,1,0,0.0,0,0,0,1,C,H,23,42,nan
4EHUA,100,anchor_top1,1,240,-0.7030264735221863,-0.9297345876693726,0.22670811414718628,1,1,140,0,2,1,2,0.08333333333333333,0,0,0,1,C,H,23,46,nan
4EHUA,100,anchor_top1,1,254,-2.1518211364746094,-2.0403530597686768,-0.11146807670593262,0,0,154,0,5,1,0,0.0,0,0,0,1,C,H,23,46,nan
4EHUA,100,anchor_top1,1,268,-5.772965431213379,-5.76541805267334,-0.0075473785400390625,0,0,168,-1,-1,-1,0,0.0,0,0,0,1,C,H,23,46,nan
4EHUA,209,anchor_top2,1,7,-0.5844718217849731,-0.5839143991470337,-0.0005574226379394531,0,0,202,0,5,1,0,0.0,1,0,1,0,E,E,38,1,nan
4EHUA,209,anchor_top2,1,21,-3.3287391662597656,-3.352358818054199,0.023619651794433594,1,1,188,0,6,1,0,0.0,0,0,0,1,E,C,38,4,nan
4EHUA,209,anchor_top2,1,35,-2.94924259185791,-2.961449146270752,0.012206554412841797,1,1,174,0,6,1,0,0.0,0,0,0,1,E,H,38,9,nan
4EHUA,209,anchor_top2,1,50,-0.32878783345222473,-0.3171660602092743,-0.01162177324295044,0,0,159,0,7,1,0,0.0,0,0,0,1,E,C,38,10,nan
4EHUA,209,anchor_top2,1,64,-0.05558044835925102,-0.049408454447984695,-0.006171993911266327,0,0,145,0,4,1,0,0.0,0,0,0,1,E,H,38,16,nan
4EHUA,209,anchor_top2,1,78,-0.07596209645271301,-0.07247261703014374,-0.003489479422569275,0,0,131,0,3,1,0,0.0,0,0,0,1,E,H,38,20,nan
4EHUA,209,anchor_top2,1,93,-2.2002921104431152,-2.1894583702087402,-0.010833740234375,0,0,116,1,1,1,6,0.23076923076923078,0,0,0,1,E,C,38,21,nan
4EHUA,209,anchor_top2,1,107,-2.1466550827026367,-2.10768461227417,-0.0389704704284668,0,0,102,0,2,1,3,0.10714285714285714,1,0,1,0,E,E,38,24,nan
4EHUA,209,anchor_top2,1,121,-0.007747008930891752,-0.006844053976237774,-0.0009029549546539783,0,0,88,0,3,1,0,0.0,0,0,0,1,E,C,38,29,nan
4EHUA,209,anchor_top2,1,135,-0.310590535402298,-0.24841639399528503,-0.06217414140701294,0,0,74,0,4,1,0,0.0,0,0,0,1,E,H,38,30,nan
4EHUA,209,anchor_top2,1,150,-0.26087263226509094,-0.24036173522472382,-0.020510897040367126,0,0,59,0,4,1,0,0.0,0,0,0,1,E,H,38,32,nan
4EHUA,209,anchor_top2,1,164,-0.3269476592540741,-0.2698611915111542,-0.05708646774291992,0,0,45,0,5,1,0,0.0,0,0,0,1,E,H,38,34,nan
4EHUA,209,anchor_top2,1,178,-2.365280866622925,-2.4646499156951904,0.09936904907226562,1,1,31,0,7,1,0,0.0,0,0,0,1,E,C,38,35,nan
4EHUA,209,anchor_top2,1,240,-0.7030264735221863,-0.7631753087043762,0.06014883518218994,1,1,31,0,3,1,0,0.0,0,0,0,1,E,H,38,46,nan
4EHUA,209,anchor_top2,1,254,-2.1518211364746094,-2.147432565689087,-0.004388570785522461,0,0,45,0,5,1,0,0.0,0,0,0,1,E,H,38,46,nan
4EHUA,209,anchor_top2,1,268,-5.772965431213379,-5.763652324676514,-0.009313106536865234,0,0,59,-1,-1,-1,0,0.0,0,0,0,1,E,H,38,46,nan
4EHUA,5,anchor_top3,1,36,-2.8834762573242188,-2.883009910583496,-0.00046634674072265625,0,0,31,0,2,1,1,0.043478260869565216,0,0,0,1,E,H,1,9,nan
4EHUA,5,anchor_top3,1,52,-3.6175572872161865,-3.606821298599243,-0.01073598861694336,0,0,47,0,3,1,0,0.0,0,0,0,1,E,C,1,10,nan
4EHUA,5,anchor_top3,1,67,-3.699507713317871,-3.6914327144622803,-0.00807499885559082,0,0,62,0,2,1,1,0.045454545454545456,0,0,0,1,E,H,1,16,nan
4EHUA,5,anchor_top3,1,83,-0.21225108206272125,-0.20952509343624115,-0.0027259886264801025,0,0,78,0,3,1,0,0.0,0,0,0,1,E,H,1,20,nan
4EHUA,5,anchor_top3,1,98,-0.01708269491791725,-0.018120812252163887,0.0010381173342466354,0,0,93,0,3,1,0,0.0,1,0,1,0,E,E,1,22,nan
4EHUA,5,anchor_top3,1,113,-0.04549189656972885,-0.0431046187877655,-0.0023872777819633484,0,0,108,0,4,1,0,0.0,0,0,0,1,E,C,1,25,nan
4EHUA,5,anchor_top3,1,129,-0.0004247716860845685,-0.0004256058018654585,8.341157808899879e-07,0,0,124,0,4,1,0,0.0,0,0,0,1,E,H,1,30,nan
4EHUA,5,anchor_top3,1,144,-1.8149641752243042,-1.818816065788269,0.0038518905639648438,0,1,139,0,4,1,0,0.0,0,0,0,1,E,H,1,32,nan
4EHUA,5,anchor_top3,1,160,-0.5532267689704895,-0.5385019183158875,-0.01472485065460205,0,0,155,0,8,1,0,0.0,0,0,0,1,E,C,1,33,nan
4EHUA,5,anchor_top3,1,175,-0.7972956299781799,-0.7909463047981262,-0.006349325180053711,0,0,170,0,7,1,0,0.0,0,0,0,1,E,H,1,34,nan
4EHUA,5,anchor_top3,1,191,-0.823452353477478,-0.8289106488227844,0.0054582953453063965,0,1,186,0,6,1,0,0.0,0,0,0,1,E,H,1,36,nan
4EHUA,5,anchor_top3,1,206,-3.1174569129943848,-3.1007659435272217,-0.016690969467163086,0,0,201,0,5,1,0,0.0,0,0,0,1,E,C,1,37,nan
4EHUA,5,anchor_top3,1,221,-2.187035083770752,-2.2078680992126465,0.02083301544189453,1,1,216,0,4,1,0,0.0,0,0,0,1,E,H,1,42,nan
4EHUA,5,anchor_top3,1,237,-1.2427374124526978,-1.243006706237793,0.00026929378509521484,0,0,232,0,4,1,0,0.0,0,0,0,1,E,C,1,45,nan
4EHUA,5,anchor_top3,1,252,-2.898672580718994,-2.9282569885253906,0.029584407806396484,1,1,247,0,3,1,0,0.0,0,0,0,1,E,H,1,46,nan
4EHUA,5,anchor_top3,1,268,-5.772965431213379,-5.773184776306152,0.0002193450927734375,0,0,263,-1,-1,-1,0,0.0,0,0,0,1,E,H,1,46,nan
4EHUA,218,control,0,7,-0.5844718217849731,-0.5842683911323547,-0.0002034306526184082,0,0,211,0,4,1,0,0.0,0,0,0,1,C,E,41,1,nan
4EHUA,218,control,0,21,-3.3287391662597656,-3.328221321105957,-0.0005178451538085938,0,0,197,0,6,1,0,0.0,1,0,1,0,C,C,41,4,nan
4EHUA,218,control,0,35,-2.94924259185791,-2.9492478370666504,5.245208740234375e-06,0,1,183,0,4,1,0,0.0,0,0,0,1,C,H,41,9,nan
4EHUA,218,control,0,50,-0.32878783345222473,-0.32862624526023865,-0.00016158819198608398,0,0,168,0,6,1,0,0.0,1,0,1,0,C,C,41,10,nan
4EHUA,218,control,0,64,-0.05558044835925102,-0.055533312261104584,-4.71360981464386e-05,0,0,154,0,4,1,0,0.0,0,0,0,1,C,H,41,16,nan
4EHUA,218,control,0,78,-0.07596209645271301,-0.07608804106712341,0.0001259446144104004,0,1,140,0,4,1,0,0.0,0,0,0,1,C,H,41,20,nan
4EHUA,218,control,0,93,-2.2002921104431152,-2.1985085010528564,-0.001783609390258789,0,0,125,0,4,1,0,0.0,1,0,1,0,C,C,41,21,nan
4EHUA,218,control,0,107,-2.1466550827026367,-2.145246982574463,-0.0014081001281738281,0,0,111,0,3,1,0,0.0,0,0,0,1,C,E,41,24,nan
4EHUA,218,control,0,121,-0.007747008930891752,-0.007716371677815914,-3.063725307583809e-05,0,0,97,0,3,1,0,0.0,1,0,1,0,C,C,41,29,nan
4EHUA,218,control,0,135,-0.310590535402298,-0.3103048503398895,-0.00028568506240844727,0,0,83,0,2,1,1,0.041666666666666664,0,0,0,1,C,H,41,30,nan
4EHUA,218,control,0,150,-0.26087263226509094,-0.25912484526634216,-0.0017477869987487793,0,0,68,0,2,1,5,0.21739130434782608,0,0,0,1,C,H,41,32,nan
4EHUA,218,control,0,164,-0.3269476592540741,-0.3264037072658539,-0.0005439519882202148,0,0,54,0,3,1,0,0.0,0,0,0,1,C,H,41,34,nan
4EHUA,218,control,0,178,-2.365280866622925,-2.364626169204712,-0.0006546974182128906,0,0,40,0,5,1,0,0.0,1,0,1,0,C,C,41,35,nan
4EHUA,218,control,0,193,-0.118095263838768,-0.11809176951646805,-3.4943222999572754e-06,0,1,25,0,2,1,2,0.08333333333333333,0,0,0,1,C,H,41,36,nan
4EHUA,218,control,0,254,-2.1518211364746094,-2.1533913612365723,0.0015702247619628906,0,1,36,0,6,1,0,0.0,0,0,0,1,C,H,41,46,nan
4EHUA,218,control,0,268,-5.772965431213379,-5.770554542541504,-0.002410888671875,0,0,50,-1,-1,-1,0,0.0,0,0,0,1,C,H,41,46,nan
4EHUA,93,control,0,7,-0.5844718217849731,-0.5840504169464111,-0.0004214048385620117,0,0,86,0,4,1,0,0.0,0,0,0,1,C,E,21,1,nan
4EHUA,93,control,0,21,-3.3287391662597656,-3.3282477855682373,-0.0004913806915283203,0,0,72,0,5,1,0,0.0,1,0,1,0,C,C,21,4,nan
4EHUA,93,control,0,35,-2.94924259185791,-2.949301242828369,5.8650970458984375e-05,0,0,58,0,5,1,0,0.0,0,0,0,1,C,H,21,9,nan
4EHUA,93,control,0,50,-0.32878783345222473,-0.32885414361953735,6.631016731262207e-05,0,0,43,0,7,1,0,0.0,1,0,1,0,C,C,21,10,nan
4EHUA,93,control,0,64,-0.05558044835925102,-0.05576953664422035,0.00018908828496932983,0,1,29,0,4,1,0,0.0,0,0,0,1,C,H,21,16,nan
4EHUA,93,control,0,125,-0.05294155329465866,-0.052893273532390594,-4.8279762268066406e-05,0,0,32,0,5,1,0,0.0,1,0,1,0,C,C,21,29,nan
4EHUA,93,control,0,140,-1.12222158908844,-1.121114730834961,-0.001106858253479004,0,0,47,0,6,1,0,0.0,1,0,1,0,C,C,21,31,nan
4EHUA,93,control,0,154,-2.7530786991119385,-2.752871036529541,-0.00020766258239746094,0,0,61,0,7,1,0,0.0,1,0,1,0,C,C,21,33,nan
4EHUA,93,control,0,168,-0.05334454029798508,-0.05337753891944885,3.2998621463775635e-05,0,0,75,0,6,1,0,0.0,0,0,0,1,C,H,21,34,nan
4EHUA,93,control,0,182,-0.37562015652656555,-0.37549838423728943,-0.00012177228927612305,0,0,89,0,6,1,0,0.0,0,0,0,1,C,H,21,36,nan
4EHUA,93,control,0,197,-1.4361265897750854,-1.4369701147079468,0.0008435249328613281,0,1,104,0,3,1,0,0.0,0,0,0,1,C,H,21,36,nan
4EHUA,93,control,0,211,-0.971085786819458,-0.9720363616943359,0.0009505748748779297,0,1,118,0,2,1,4,0.14814814814814814,0,0,0,1,C,E,21,38,nan
4EHUA,93,control,0,225,-3.2305972576141357,-3.230240821838379,-0.00035643577575683594,0,0,132,0,3,1,0,0.0,0,0,0,1,C,H,21,42,nan
4EHUA,93,control,0,240,-0.7030264735221863,-0.7033270597457886,0.0003005862236022949,0,1,147,0,3,1,0,0.0,0,0,0,1,C,H,21,46,nan
4EHUA,93,control,0,254,-2.1518211364746094,-2.1517064571380615,-0.00011467933654785156,0,0,161,0,4,1,0,0.0,0,0,0,1,C,H,21,46,nan
4EHUA,93,control,0,268,-5.772965431213379,-5.772647380828857,-0.0003180503845214844,0,0,175,-1,-1,-1,0,0.0,0,0,0,1,C,H,21,46,nan
4EHUA,102,control,0,7,-0.5844718217849731,-0.5865580439567566,0.0020862221717834473,0,1,95,0,2,1,2,0.07407407407407407,0,0,0,1,C,E,23,1,nan
4EHUA,102,control,0,21,-3.3287391662597656,-3.3289365768432617,0.00019741058349609375,0,0,81,0,5,1,0,0.0,1,0,1,0,C,C,23,4,nan
4EHUA,102,control,0,35,-2.94924259185791,-2.9498653411865234,0.0006227493286132812,0,0,67,0,3,1,0,0.0,0,0,0,1,C,H,23,9,nan
4EHUA,102,control,0,50,-0.32878783345222473,-0.328736275434494,-5.155801773071289e-05,0,0,52,0,5,1,0,0.0,1,0,1,0,C,C,23,10,nan
4EHUA,102,control,0,64,-0.05558044835925102,-0.055495984852313995,-8.446350693702698e-05,0,0,38,1,1,1,2,0.10526315789473684,0,0,0,1,C,H,23,16,nan
4EHUA,102,control,0,78,-0.07596209645271301,-0.07629317790269852,0.00033108144998550415,0,0,24,0,2,1,2,0.08,0,0,0,1,C,H,23,20,nan
4EHUA,102,control,0,140,-1.12222158908844,-1.1236262321472168,0.0014046430587768555,0,1,38,0,4,1,0,0.0,1,0,1,0,C,C,23,31,nan
4EHUA,102,control,0,154,-2.7530786991119385,-2.7529778480529785,-0.00010085105895996094,0,0,52,0,6,1,0,0.0,1,0,1,0,C,C,23,33,nan
4EHUA,102,control,0,168,-0.05334454029798508,-0.053750865161418915,0.0004063248634338379,0,0,66,0,3,1,0,0.0,0,0,0,1,C,H,23,34,nan
4EHUA,102,control,0,182,-0.37562015652656555,-0.3747871518135071,-0.0008330047130584717,0,0,80,0,5,1,0,0.0,0,0,0,1,C,H,23,36,nan
4EHUA,102,control,0,197,-1.4361265897750854,-1.4364160299301147,0.0002894401550292969,0,0,95,0,4,1,0,0.0,0,0,0,1,C,H,23,36,nan
4EHUA,102,control,0,211,-0.971085786819458,-0.9722062945365906,0.0011205077171325684,0,1,109,0,3,1,0,0.0,0,0,0,1,C,E,23,38,nan
4EHUA,102,control,0,225,-3.2305972576141357,-3.2309985160827637,0.0004012584686279297,0,0,123,0,4,1,0,0.0,0,0,0,1,C,H,23,42,nan
4EHUA,102,control,0,240,-0.7030264735221863,-0.7052499055862427,0.0022234320640563965,0,1,138,0,3,1,0,0.0,0,0,0,1,C,H,23,46,nan
4EHUA,102,control,0,254,-2.1518211364746094,-2.152498245239258,0.0006771087646484375,0,0,152,0,5,1,0,0.0,0,0,0,1,C,H,23,46,nan
4EHUA,102,control,0,268,-5.772965431213379,-5.772908687591553,-5.6743621826171875e-05,0,0,166,-1,-1,-1,0,0.0,0,0,0,1,C,H,23,46,nan
4EHUA,153,control,0,7,-0.5844718217849731,-0.5845544338226318,8.26120376586914e-05,0,0,146,0,6,1,0,0.0,0,0,0,1,C,E,33,1,nan
4EHUA,153,control,0,21,-3.3287391662597656,-3.3288424015045166,0.00010323524475097656,0,0,132,0,8,1,0,0.0,1,0,1,0,C,C,33,4,nan
4EHUA,153,control,0,35,-2.94924259185791,-2.949096202850342,-0.00014638900756835938,0,0,118,0,7,1,0,0.0,0,0,0,1,C,H,33,9,nan
4EHUA,153,control,0,50,-0.32878783345222473,-0.3288898468017578,0.00010201334953308105,0,0,103,0,8,1,0,0.0,1,0,1,0,C,C,33,10,nan
4EHUA,153,control,0,64,-0.05558044835925102,-0.055638182908296585,5.7734549045562744e-05,0,0,89,0,6,1,0,0.0,0,0,0,1,C,H,33,16,nan
4EHUA,153,control,0,78,-0.07596209645271301,-0.07587425410747528,-8.784234523773193e-05,0,0,75,0,6,1,0,0.0,0,0,0,1,C,H,33,20,nan
4EHUA,153,control,0,93,-2.2002921104431152,-2.2009387016296387,0.0006465911865234375,0,1,60,0,6,1,0,0.0,1,0,1,0,C,C,33,21,nan
4EHUA,153,control,0,107,-2.1466550827026367,-2.146057605743408,-0.0005974769592285156,0,0,46,0,5,1,0,0.0,0,0,0,1,C,E,33,24,nan
4EHUA,153,control,0,121,-0.007747008930891752,-0.0077531603164970875,6.151385605335236e-06,0,0,32,0,4,1,0,0.0,1,0,1,0,C,C,33,29,nan
4EHUA,153,control,0,182,-0.37562015652656555,-0.37592190504074097,0.00030174851417541504,0,0,29,1,1,1,8,0.5,0,0,0,1,C,H,33,36,nan
4EHUA,153,control,0,197,-1.4361265897750854,-1.4360792636871338,-4.7326087951660156e-05,0,0,44,0,4,1,0,0.0,0,0,0,1,C,H,33,36,nan
4EHUA,153,control,0,211,-0.971085786819458,-0.9726166129112244,0.0015308260917663574,0,1,58,0,4,1,0,0.0,0,0,0,1,C,E,33,38,nan
4EHUA,153,control,0,225,-3.2305972576141357,-3.2312941551208496,0.0006968975067138672,0,1,72,0,3,1,0,0.0,0,0,0,1,C,H,33,42,nan
4EHUA,153,control,0,240,-0.7030264735221863,-0.7041232585906982,0.0010967850685119629,0,1,87,0,4,1,0,0.0,0,0,0,1,C,H,33,46,nan
4EHUA,153,control,0,254,-2.1518211364746094,-2.1518659591674805,4.482269287109375e-05,0,0,101,0,8,1,0,0.0,0,0,0,1,C,H,33,46,nan
4EHUA,153,control,0,268,-5.772965431213379,-5.773002624511719,3.719329833984375e-05,0,0,115,-1,-1,-1,0,0.0,0,0,0,1,C,H,33,46,nan
4EHUA,236,control,0,7,-0.5844718217849731,-0.584476113319397,4.291534423828125e-06,0,0,229,0,3,1,0,0.0,0,0,0,1,C,E,45,1,nan
4EHUA,236,control,0,21,-3.3287391662597656,-3.330078601837158,0.0013394355773925781,0,1,215,0,4,1,0,0.0,1,0,1,0,C,C,45,4,nan
4EHUA,236,control,0,35,-2.94924259185791,-2.949535846710205,0.0002932548522949219,0,0,201,0,4,1,0,0.0,0,0,0,1,C,H,45,9,nan
4EHUA,236,control,0,50,-0.32878783345222473,-0.3287625312805176,-2.530217170715332e-05,0,0,186,0,5,1,0,0.0,1,0,1,0,C,C,45,10,nan
4EHUA,236,control,0,64,-0.05558044835925102,-0.05556105077266693,-1.9397586584091187e-05,0,0,172,0,4,1,0,0.0,0,0,0,1,C,H,45,16,nan
4EHUA,236,control,0,78,-0.07596209645271301,-0.07605943083763123,9.733438491821289e-05,0,0,158,0,3,1,0,0.0,0,0,0,1,C,H,45,20,nan
4EHUA,236,control,0,93,-2.2002921104431152,-2.2040257453918457,0.0037336349487304688,0,1,143,0,2,1,4,0.16666666666666666,1,0,1,0,C,C,45,21,nan
4EHUA,236,control,0,107,-2.1466550827026367,-2.146254062652588,-0.0004010200500488281,0,0,129,0,3,1,0,0.0,0,0,0,1,C,E,45,24,nan
4EHUA,236,control,0,121,-0.007747008930891752,-0.00773612642660737,-1.0882504284381866e-05,0,0,115,0,4,1,0,0.0,1,0,1,0,C,C,45,29,nan
4EHUA,236,control,0,135,-0.310590535402298,-0.3104724884033203,-0.00011804699897766113,0,0,101,0,4,1,0,0.0,0,0,0,1,C,H,45,30,nan
4EHUA,236,control,0,150,-0.26087263226509094,-0.2616334855556488,0.0007608532905578613,0,1,86,0,4,1,0,0.0,0,0,0,1,C,H,45,32,nan
4EHUA,236,control,0,164,-0.3269476592540741,-0.32708966732025146,0.00014200806617736816,0,0,72,0,5,1,0,0.0,0,0,0,1,C,H,45,34,nan
4EHUA,236,control,0,178,-2.365280866622925,-2.3644275665283203,-0.0008533000946044922,0,0,58,0,7,1,0,0.0,1,0,1,0,C,C,45,35,nan
4EHUA,236,control,0,193,-0.118095263838768,-0.1182236447930336,0.00012838095426559448,0,0,43,0,3,1,0,0.0,0,0,0,1,C,H,45,36,nan
4EHUA,236,control,0,207,-3.351975917816162,-3.3516411781311035,-0.00033473968505859375,0,0,29,0,3,1,0,0.0,1,0,1,0,C,C,45,37,nan
4EHUA,236,control,0,268,-5.772965431213379,-5.773595809936523,0.0006303787231445312,0,1,32,-1,-1,-1,0,0.0,0,0,0,1,C,H,45,46,nan
4EX6A,124,anchor_top1,1,5,-0.15314479172229767,-0.1336906999349594,-0.019454091787338257,0,0,119,-1,-1,-1,0,0.0,0,0,0,1,E,C,20,0,nan
4EX6A,124,anchor_top1,1,17,-1.4873573780059814,-1.4996429681777954,0.012285590171813965,1,0,107,0,3,1,0,0.0,0,0,0,1,E,H,20,1,nan
4EX6A,124,anchor_top1,1,29,-0.2636370360851288,-0.2754443287849426,0.011807292699813843,1,0,95,1,1,1,4,0.14814814814814814,0,0,0,1,E,C,20,6,nan
4EX6A,124,anchor_top1,1,41,-1.0768617391586304,-1.0344629287719727,-0.042398810386657715,0,0,83,0,5,1,0,0.0,0,0,0,1,E,H,20,9,nan
4EX6A,124,anchor_top1,1,53,-2.188307762145996,-2.188577651977539,0.00026988983154296875,0,0,71,0,5,1,0,0.0,0,0,0,1,E,H,20,11,nan
4EX6A,124,anchor_top1,1,65,-1.926574468612671,-1.775123119354248,-0.15145134925842285,0,0,59,0,4,1,0,0.0,0,0,0,1,E,H,20,13,nan
4EX6A,124,anchor_top1,1,77,-2.497636079788208,-2.532318592071533,0.034682512283325195,1,1,47,0,6,1,0,0.0,0,0,0,1,E,C,20,14,nan
4EX6A,124,anchor_top1,1,89,-4.7767720222473145,-4.816159248352051,0.03938722610473633,1,1,35,0,3,1,0,0.0,0,0,0,1,E,H,20,15,nan
4EX6A,124,anchor_top1,1,100,-0.7346992492675781,-0.7094016075134277,-0.02529764175415039,0,0,24,0,3,1,0,0.0,0,0,0,1,E,H,20,15,nan
4EX6A,124,anchor_top1,1,159,-0.015844985842704773,-0.0558379702270031,0.039992984384298325,1,1,35,0,2,1,1,0.03333333333333333,0,0,0,1,E,C,20,27,nan
4EX6A,124,anchor_top1,1,171,-3.310629367828369,-3.2729461193084717,-0.03768324851989746,0,0,47,0,2,1,3,0.125,0,0,0,1,E,H,20,28,nan
4EX6A,124,anchor_top1,1,183,-0.0018850667402148247,-0.0024219010956585407,0.000536834355443716,0,0,59,0,2,1,2,0.06666666666666667,1,0,1,0,E,E,20,31,nan
4EX6A,124,anchor_top1,1,195,-0.02085273526608944,-0.020833471789956093,-1.9263476133346558e-05,0,0,71,0,3,1,0,0.0,0,0,0,1,E,C,20,34,nan
4EX6A,124,anchor_top1,1,207,-1.9351388216018677,-1.9512486457824707,0.016109824180603027,1,1,83,0,3,1,0,0.0,0,0,0,1,E,C,20,36,nan
4EX6A,124,anchor_top1,1,219,-2.44083309173584,-2.418931484222412,-0.021901607513427734,0,0,95,0,4,1,0,0.0,1,0,1,0,E,E,20,39,nan
4EX6A,124,anchor_top1,1,231,-0.6442834734916687,-0.5888482332229614,-0.055435240268707275,0,0,107,0,3,1,0,0.0,0,0,0,1,E,H,20,41,nan
4EX6A,181,anchor_top2,1,5,-0.15314479172229767,-0.15399010479450226,0.0008453130722045898,0,0,176,-1,-1,-1,0,0.0,0,0,0,1,E,C,31,0,nan
4EX6A,181,anchor_top2,1,17,-1.4873573780059814,-1.4905545711517334,0.003197193145751953,0,0,164,0,3,1,0,0.0,0,0,0,1,E,H,31,1,nan
4EX6A,181,anchor_top2,1,29,-0.2636370360851288,-0.2604902386665344,-0.0031467974185943604,0,0,152,0,2,1,2,0.06896551724137931,0,0,0,1,E,C,31,6,nan
4EX6A,181,anchor_top2,1,41,-1.0768617391586304,-1.0806570053100586,0.0037952661514282227,0,0,140,0,5,1,0,0.0,0,0,0,1,E,H,31,9,nan
4EX6A,181,anchor_top2,1,53,-2.188307762145996,-2.2075557708740234,0.019248008728027344,1,1,128,0,5,1,0,0.0,0,0,0,1,E,H,31,11,nan
4EX6A,181,anchor_top2,1,65,-1.926574468612671,-1.8811442852020264,-0.04543018341064453,0,0,116,0,4,1,0,0.0,0,0,0,1,E,H,31,13,nan
4EX6A,181,anchor_top2,1,77,-2.497636079788208,-2.4933648109436035,-0.004271268844604492,0,0,104,0,6,1,0,0.0,0,0,0,1,E,C,31,14,nan
4EX6A,181,anchor_top2,1,89,-4.7767720222473145,-4.750044345855713,-0.026727676391601562,0,0,92,0,5,1,0,0.0,0,0,0,1,E,H,31,15,nan
4EX6A,181,anchor_top2,1,100,-0.7346992492675781,-0.7639324069023132,0.029233157634735107,1,1,81,0,4,1,0,0.0,0,0,0,1,E,H,31,15,nan
4EX6A,181,anchor_top2,1,112,-0.17825765907764435,-0.173662006855011,-0.004595652222633362,0,0,69,0,3,1,0,0.0,0,0,0,1,E,H,31,18,nan
4EX6A,181,anchor_top2,1,124,-4.448188781738281,-4.441598415374756,-0.006590366363525391,0,0,57,0,2,1,4,0.125,1,0,1,0,E,E,31,20,nan
4EX6A,181,anchor_top2,1,136,-2.4250221252441406,-2.3718833923339844,-0.05313873291015625,0,0,45,0,3,1,0,0.0,0,0,0,1,E,H,31,22,nan
4EX6A,181,anchor_top2,1,148,-1.0206027030944824,-1.0279560089111328,0.007353305816650391,0,1,33,0,3,1,0,0.0,1,0,1,0,E,E,31,24,nan
4EX6A,181,anchor_top2,1,207,-1.9351388216018677,-1.8815009593963623,-0.05363786220550537,0,0,26,0,3,1,0,0.0,0,0,0,1,E,C,31,36,nan
4EX6A,181,anchor_top2,1,219,-2.44083309173584,-2.421671152114868,-0.01916193962097168,0,0,38,0,2,1,1,0.041666666666666664,1,0,1,0,E,E,31,39,nan
4EX6A,181,anchor_top2,1,231,-0.6442834734916687,-0.6711447834968567,0.02686131000518799,1,1,50,0,2,1,3,0.10714285714285714,0,0,0,1,E,H,31,41,nan
4EX6A,22,anchor_top3,1,51,-0.9461588859558105,-0.9737147092819214,0.02755582332611084,1,1,29,0,6,1,0,0.0,0,0,0,1,E,C,3,10,nan
4EX6A,22,anchor_top3,1,63,-0.6216975450515747,-0.6257079839706421,0.004010438919067383,0,0,41,0,3,1,0,0.0,0,0,0,1,E,C,3,12,nan
4EX6A,22,anchor_top3,1,75,-0.7149892449378967,-0.7267892360687256,0.011799991130828857,1,0,53,0,6,1,0,0.0,0,0,0,1,E,C,3,14,nan
4EX6A,22,anchor_top3,1,87,-1.0691039562225342,-1.0103299617767334,-0.05877399444580078,0,0,65,0,5,1,0,0.0,0,0,0,1,E,H,3,15,nan
4EX6A,22,anchor_top3,1,99,-1.7625987529754639,-1.758774995803833,-0.0038237571716308594,0,0,77,0,5,1,0,0.0,0,0,0,1,E,H,3,15,nan
4EX6A,22,anchor_top3,1,111,-0.4435696601867676,-0.4673723578453064,0.02380269765853882,1,1,89,0,3,1,0,0.0,0,0,0,1,E,H,3,18,nan
4EX6A,22,anchor_top3,1,123,-1.7114423513412476,-1.6189751625061035,-0.09246718883514404,0,0,101,1,1,1,7,0.28,1,0,1,0,E,E,3,20,nan
4EX6A,22,anchor_top3,1,135,-1.9961774349212646,-2.0002784729003906,0.0041010379791259766,0,0,113,0,3,1,0,0.0,0,0,0,1,E,H,3,22,nan
4EX6A,22,anchor_top3,1,147,-2.11201810836792,-2.1382088661193848,0.026190757751464844,1,1,125,0,2,1,1,0.047619047619047616,0,0,0,1,E,C,3,23,nan
4EX6A,22,anchor_top3,1,159,-0.015844985842704773,-0.015542450360953808,-0.0003025354817509651,0,0,137,0,2,1,1,0.037037037037037035,0,0,0,1,E,C,3,27,nan
4EX6A,22,anchor_top3,1,171,-3.310629367828369,-3.3698501586914062,0.05922079086303711,1,1,149,0,2,1,3,0.14285714285714285,0,0,0,1,E,H,3,28,nan
4EX6A,22,anchor_top3,1,183,-0.0018850667402148247,-0.0020103498827666044,0.00012528314255177975,0,0,161,0,2,1,3,0.11538461538461539,1,0,1,0,E,E,3,31,nan
4EX6A,22,anchor_top3,1,195,-0.02085273526608944,-0.021594401448965073,0.0007416661828756332,0,0,173,0,2,1,6,0.2727272727272727,0,0,0,1,E,C,3,34,nan
4EX6A,22,anchor_top3,1,207,-1.9351388216018677,-1.9358874559402466,0.0007486343383789062,0,0,185,0,3,1,0,0.0,0,0,0,1,E,C,3,36,nan
4EX6A,22,anchor_top3,1,219,-2.44083309173584,-2.4427404403686523,0.0019073486328125,0,0,197,0,3,1,0,0.0,1,0,1,0,E,E,3,39,nan
4EX6A,22,anchor_top3,1,231,-0.6442834734916687,-0.6550174951553345,0.010734021663665771,1,0,209,0,2,1,3,0.12,0,0,0,1,E,H,3,41,nan
4EX6A,125,control,0,5,-0.15314479172229767,-0.15301857888698578,-0.00012621283531188965,0,0,120,-1,-1,-1,0,0.0,0,0,0,1,E,C,20,0,nan
4EX6A,125,control,0,17,-1.4873573780059814,-1.4877725839614868,0.0004152059555053711,0,0,108,0,3,1,0,0.0,0,0,0,1,E,H,20,1,nan
4EX6A,125,control,0,29,-0.2636370360851288,-0.2621709108352661,-0.001466125249862671,0,0,96,0,2,1,3,0.12,0,0,0,1,E,C,20,6,nan
4EX6A,125,control,0,41,-1.0768617391586304,-1.0760416984558105,-0.0008200407028198242,0,0,84,0,5,1,0,0.0,0,0,0,1,E,H,20,9,nan
4EX6A,125,control,0,53,-2.188307762145996,-2.186439037322998,-0.0018687248229980469,0,0,72,0,5,1,0,0.0,0,0,0,1,E,H,20,11,nan
4EX6A,125,control,0,65,-1.926574468612671,-1.9273366928100586,0.0007622241973876953,0,1,60,0,3,1,0,0.0,0,0,0,1,E,H,20,13,nan
4EX6A,125,control,0,77,-2.497636079788208,-2.4973690509796143,-0.00026702880859375,0,0,48,0,5,1,0,0.0,0,0,0,1,E,C,20,14,nan
4EX6A,125,control,0,89,-4.7767720222473145,-4.77921199798584,0.0024399757385253906,0,1,36,0,4,1,0,0.0,0,0,0,1,E,H,20,15,nan
4EX6A,125,control,0,100,-0.7346992492675781,-0.7344760894775391,-0.0002231597900390625,0,0,25,0,4,1,0,0.0,0,0,0,1,E,H,20,15,nan
4EX6A,125,control,0,159,-0.015844985842704773,-0.01604337990283966,0.0001983940601348877,0,0,34,1,1,1,3,0.12,0,0,0,1,E,C,20,27,nan
4EX6A,125,control,0,171,-3.310629367828369,-3.3275461196899414,0.016916751861572266,1,1,46,0,2,1,2,0.09090909090909091,0,0,0,1,E,H,20,28,nan
4EX6A,125,control,0,183,-0.0018850667402148247,-0.001905888901092112,2.0822160877287388e-05,0,0,58,0,2,1,4,0.16,1,0,1,0,E,E,20,31,nan
4EX6A,125,control,0,195,-0.02085273526608944,-0.02087351679801941,2.0781531929969788e-05,0,0,70,0,2,1,3,0.12,0,0,0,1,E,C,20,34,nan
4EX6A,125,control,0,207,-1.9351388216018677,-1.9352089166641235,7.009506225585938e-05,0,0,82,0,3,1,0,0.0,0,0,0,1,E,C,20,36,nan
4EX6A,125,control,0,219,-2.44083309173584,-2.4424922466278076,0.0016591548919677734,0,1,94,0,3,1,0,0.0,1,0,1,0,E,E,20,39,nan
4EX6A,125,control,0,231,-0.6442834734916687,-0.6447163820266724,0.0004329085350036621,0,0,106,0,3,1,0,0.0,0,0,0,1,E,H,20,41,nan
4EX6A,104,control,0,5,-0.15314479172229767,-0.1530088484287262,-0.00013594329357147217,0,0,99,-1,-1,-1,0,0.0,0,0,0,1,E,C,16,0,nan
4EX6A,104,control,0,17,-1.4873573780059814,-1.4873037338256836,-5.364418029785156e-05,0,0,87,0,5,1,0,0.0,0,0,0,1,E,H,16,1,nan
4EX6A,104,control,0,29,-0.2636370360851288,-0.2634306848049164,-0.00020635128021240234,0,0,75,1,1,1,5,0.23809523809523808,0,0,0,1,E,C,16,6,nan
4EX6A,104,control,0,41,-1.0768617391586304,-1.0770776271820068,0.00021588802337646484,0,0,63,0,4,1,0,0.0,0,0,0,1,E,H,16,9,nan
4EX6A,104,control,0,53,-2.188307762145996,-2.189055919647217,0.0007481575012207031,0,1,51,0,5,1,0,0.0,0,0,0,1,E,H,16,11,nan
4EX6A,104,control,0,65,-1.926574468612671,-1.9253233671188354,-0.0012511014938354492,0,0,39,0,5,1,0,0.0,0,0,0,1,E,H,16,13,nan
4EX6A,104,control,0,77,-2.497636079788208,-2.497951030731201,0.00031495094299316406,0,1,27,0,7,1,0,0.0,0,0,0,1,E,C,16,14,nan
4EX6A,104,control,0,136,-2.4250221252441406,-2.4264745712280273,0.0014524459838867188,0,1,32,0,2,1,4,0.17391304347826086,0,0,0,1,E,H,16,22,nan
4EX6A,104,control,0,147,-2.11201810836792,-2.1122539043426514,0.0002357959747314453,0,1,43,0,3,1,0,0.0,0,0,0,1,E,C,16,23,nan
4EX6A,104,control,0,159,-0.015844985842704773,-0.01596301794052124,0.00011803209781646729,0,0,55,0,4,1,0,0.0,0,0,0,1,E,C,16,27,nan
4EX6A,104,control,0,171,-3.310629367828369,-3.3102004528045654,-0.00042891502380371094,0,0,67,0,4,1,0,0.0,0,0,0,1,E,H,16,28,nan
4EX6A,104,control,0,183,-0.0018850667402148247,-0.0018839959520846605,-1.0707881301641464e-06,0,0,79,0,3,1,0,0.0,1,0,1,0,E,E,16,31,nan
4EX6A,104,control,0,195,-0.02085273526608944,-0.02088063769042492,2.7902424335479736e-05,0,0,91,0,4,1,0,0.0,0,0,0,1,E,C,16,34,nan
4EX6A,104,control,0,207,-1.9351388216018677,-1.9348942041397095,-0.0002446174621582031,0,0,103,0,4,1,0,0.0,0,0,0,1,E,C,16,36,nan
4EX6A,104,control,0,219,-2.44083309173584,-2.440685749053955,-0.00014734268188476562,0,0,115,0,4,1,0,0.0,1,0,1,0,E,E,16,39,nan
4EX6A,104,control,0,231,-0.6442834734916687,-0.64373379945755,-0.0005496740341186523,0,0,127,0,4,1,0,0.0,0,0,0,1,E,H,16,41,nan
4EX6A,182,control,0,5,-0.15314479172229767,-0.1529640555381775,-0.00018073618412017822,0,0,177,-1,-1,-1,0,0.0,0,0,0,1,E,C,31,0,nan
4EX6A,182,control,0,17,-1.4873573780059814,-1.487440824508667,8.344650268554688e-05,0,0,165,0,3,1,0,0.0,0,0,0,1,E,H,31,1,nan
4EX6A,182,control,0,29,-0.2636370360851288,-0.2625764012336731,-0.0010606348514556885,0,0,153,0,2,1,3,0.12,0,0,0,1,E,C,31,6,nan
4EX6A,182,control,0,41,-1.0768617391586304,-1.0765007734298706,-0.0003609657287597656,0,0,141,0,5,1,0,0.0,0,0,0,1,E,H,31,9,nan
4EX6A,182,control,0,53,-2.188307762145996,-2.187769651412964,-0.0005381107330322266,0,0,129,0,5,1,0,0.0,0,0,0,1,E,H,31,11,nan
4EX6A,182,control,0,65,-1.926574468612671,-1.9272300004959106,0.0006555318832397461,0,1,117,0,4,1,0,0.0,0,0,0,1,E,H,31,13,nan
4EX6A,182,control,0,77,-2.497636079788208,-2.4978246688842773,0.00018858909606933594,0,1,105,0,6,1,0,0.0,0,0,0,1,E,C,31,14,nan
4EX6A,182,control,0,89,-4.7767720222473145,-4.772611618041992,-0.004160404205322266,0,0,93,0,5,1,0,0.0,0,0,0,1,E,H,31,15,nan
4EX6A,182,control,0,100,-0.7346992492675781,-0.7345543503761292,-0.0001448988914489746,0,0,82,0,4,1,0,0.0,0,0,0,1,E,H,31,15,nan
4EX6A,182,control,0,112,-0.17825765907764435,-0.1783592849969864,0.00010162591934204102,0,0,70,0,3,1,0,0.0,0,0,0,1,E,H,31,18,nan
4EX6A,182,control,0,124,-4.448188781738281,-4.449687957763672,0.001499176025390625,0,1,58,0,2,1,3,0.1,1,0,1,0,E,E,31,20,nan
4EX6A,182,control,0,136,-2.4250221252441406,-2.4243078231811523,-0.0007143020629882812,0,0,46,0,3,1,0,0.0,0,0,0,1,E,H,31,22,nan
4EX6A,182,control,0,148,-1.0206027030944824,-1.021036982536316,0.0004342794418334961,0,1,34,0,3,1,0,0.0,1,0,1,0,E,E,31,24,nan
4EX6A,182,control,0,207,-1.9351388216018677,-1.934309959411621,-0.000828862190246582,0,0,25,0,2,1,1,0.04,0,0,0,1,E,C,31,36,nan
4EX6A,182,control,0,219,-2.44083309173584,-2.4371109008789062,-0.0037221908569335938,0,0,37,0,2,1,2,0.1,1,0,1,0,E,E,31,39,nan
4EX6A,182,control,0,231,-0.6442834734916687,-0.6431777477264404,-0.0011057257652282715,0,0,49,1,1,1,4,0.16666666666666666,0,0,0,1,E,H,31,41,nan
4EX6A,183,control,0,5,-0.15314479172229767,-0.15305151045322418,-9.328126907348633e-05,0,0,178,-1,-1,-1,0,0.0,0,0,0,1,E,C,31,0,nan
4EX6A,183,control,0,17,-1.4873573780059814,-1.4874203205108643,6.29425048828125e-05,0,0,166,0,4,1,0,0.0,0,0,0,1,E,H,31,1,nan
4EX6A,183,control,0,29,-0.2636370360851288,-0.2613832950592041,-0.0022537410259246826,0,0,154,0,2,1,4,0.17391304347826086,0,0,0,1,E,C,31,6,nan
4EX6A,183,control,0,41,-1.0768617391586304,-1.0759211778640747,-0.0009405612945556641,0,0,142,0,4,1,0,0.0,0,0,0,1,E,H,31,9,nan
4EX6A,183,control,0,53,-2.188307762145996,-2.188197135925293,-0.000110626220703125,0,0,130,0,5,1,0,0.0,0,0,0,1,E,H,31,11,nan
4EX6A,183,control,0,65,-1.926574468612671,-1.922844648361206,-0.0037298202514648438,0,0,118,0,4,1,0,0.0,0,0,0,1,E,H,31,13,nan
4EX6A,183,control,0,77,-2.497636079788208,-2.4980058670043945,0.00036978721618652344,0,1,106,0,6,1,0,0.0,0,0,0,1,E,C,31,14,nan
4EX6A,183,control,0,89,-4.7767720222473145,-4.774110794067383,-0.0026612281799316406,0,0,94,0,5,1,0,0.0,0,0,0,1,E,H,31,15,nan
4EX6A,183,control,0,100,-0.7346992492675781,-0.7360436320304871,0.0013443827629089355,0,1,83,0,4,1,0,0.0,0,0,0,1,E,H,31,15,nan
4EX6A,183,control,0,112,-0.17825765907764435,-0.17834362387657166,8.596479892730713e-05,0,0,71,0,3,1,0,0.0,0,0,0,1,E,H,31,18,nan
4EX6A,183,control,0,124,-4.448188781738281,-4.441165447235107,-0.007023334503173828,0,0,59,0,2,1,2,0.06666666666666667,1,0,1,0,E,E,31,20,nan
4EX6A,183,control,0,136,-2.4250221252441406,-2.4241957664489746,-0.0008263587951660156,0,0,47,0,3,1,0,0.0,0,0,0,1,E,H,31,22,nan
4EX6A,183,control,0,148,-1.0206027030944824,-1.021331548690796,0.0007288455963134766,0,1,35,0,3,1,0,0.0,1,0,1,0,E,E,31,24,nan
4EX6A,183,control,0,207,-1.9351388216018677,-1.9345036745071411,-0.0006351470947265625,0,0,24,0,2,1,3,0.13636363636363635,0,0,0,1,E,C,31,36,nan
4EX6A,183,control,0,219,-2.44083309173584,-2.44132399559021,0.0004909038543701172,0,1,36,0,2,1,2,0.10526315789473684,1,0,1,0,E,E,31,39,nan
4EX6A,183,control,0,231,-0.6442834734916687,-0.6446229219436646,0.0003394484519958496,0,0,48,0,2,1,2,0.08,0,0,0,1,E,H,31,41,nan
4EX6A,149,control,0,5,-0.15314479172229767,-0.15304404497146606,-0.000100746750831604,0,0,144,-1,-1,-1,0,0.0,0,0,0,1,E,C,24,0,nan
4EX6A,149,control,0,17,-1.4873573780059814,-1.4877928495407104,0.0004354715347290039,0,1,132,0,3,1,0,0.0,0,0,0,1,E,H,24,1,nan
4EX6A,149,control,0,29,-0.2636370360851288,-0.2634347975254059,-0.0002022385597229004,0,0,120,0,2,1,1,0.04,0,0,0,1,E,C,24,6,nan
4EX6A,149,control,0,41,-1.0768617391586304,-1.077613115310669,0.0007513761520385742,0,1,108,0,5,1,0,0.0,0,0,0,1,E,H,24,9,nan
4EX6A,149,control,0,53,-2.188307762145996,-2.1862521171569824,-0.002055644989013672,0,0,96,0,5,1,0,0.0,0,0,0,1,E,H,24,11,nan
4EX6A,149,control,0,65,-1.926574468612671,-1.9255552291870117,-0.0010192394256591797,0,0,84,0,4,1,0,0.0,0,0,0,1,E,H,24,13,nan
4EX6A,149,control,0,77,-2.497636079788208,-2.497741937637329,0.00010585784912109375,0,0,72,0,6,1,0,0.0,0,0,0,1,E,C,24,14,nan
4EX6A,149,control,0,89,-4.7767720222473145,-4.77105188369751,-0.0057201385498046875,0,0,60,0,3,1,0,0.0,0,0,0,1,E,H,24,15,nan
4EX6A,149,control,0,100,-0.7346992492675781,-0.7359675765037537,0.0012683272361755371,0,1,49,0,3,1,0,0.0,0,0,0,1,E,H,24,15,nan
4EX6A,149,control,0,112,-0.17825765907764435,-0.17763425409793854,-0.0006234049797058105,0,0,37,0,2,1,1,0.04,0,0,0,1,E,H,24,18,nan
4EX6A,149,control,0,124,-4.448188781738281,-4.442030429840088,-0.006158351898193359,0,0,25,1,1,1,9,0.4090909090909091,1,0,1,0,E,E,24,20,nan
4EX6A,149,control,0,183,-0.0018850667402148247,-0.001888517290353775,3.450550138950348e-06,0,0,34,0,3,1,0,0.0,1,0,1,0,E,E,24,31,nan
4EX6A,149,control,0,195,-0.02085273526608944,-0.020847130566835403,-5.60469925403595e-06,0,0,46,0,3,1,0,0.0,0,0,0,1,E,C,24,34,nan
4EX6A,149,control,0,207,-1.9351388216018677,-1.9338337182998657,-0.0013051033020019531,0,0,58,0,4,1,0,0.0,0,0,0,1,E,C,24,36,nan
4EX6A,149,control,0,219,-2.44083309173584,-2.4414515495300293,0.0006184577941894531,0,1,70,0,5,1,0,0.0,1,0,1,0,E,E,24,39,nan
4EX6A,149,control,0,231,-0.6442834734916687,-0.6444225311279297,0.00013905763626098633,0,0,82,0,3,1,0,0.0,0,0,0,1,E,H,24,41,nan
4EZIA,310,anchor_top1,1,10,-3.2852752208709717,-3.4311022758483887,0.145827054977417,1,1,300,0,6,1,0,0.0,1,0,1,0,E,E,56,3,nan
4EZIA,310,anchor_top1,1,30,-4.41560697555542,-4.433635234832764,0.01802825927734375,1,1,280,0,3,1,0,0.0,0,0,0,1,E,C,56,8,nan
4EZIA,310,anchor_top1,1,51,-2.688838005065918,-2.685694932937622,-0.0031430721282958984,0,0,259,0,5,1,0,0.0,0,0,0,1,E,C,56,12,nan
4EZIA,310,anchor_top1,1,72,-2.7011070251464844,-2.694687604904175,-0.00641942024230957,0,0,238,0,4,1,0,0.0,0,0,0,1,E,C,56,14,nan
4EZIA,310,anchor_top1,1,92,-3.416226387023926,-3.241957902908325,-0.17426848411560059,0,0,218,0,5,1,0,0.0,0,0,0,1,E,H,56,19,nan
4EZIA,310,anchor_top1,1,113,-0.8055088520050049,-0.7997037172317505,-0.0058051347732543945,0,0,197,0,4,1,0,0.0,1,0,1,0,E,E,56,23,nan
4EZIA,310,anchor_top1,1,134,-1.6008020639419556,-1.5975803136825562,-0.003221750259399414,0,0,176,0,4,1,0,0.0,0,0,0,1,E,H,56,25,nan
4EZIA,310,anchor_top1,1,154,-0.532166600227356,-0.5500167608261108,0.017850160598754883,1,1,156,0,6,1,0,0.0,0,0,0,1,E,C,56,26,nan
4EZIA,310,anchor_top1,1,175,-4.1009321212768555,-4.061563491821289,-0.039368629455566406,0,0,135,0,2,1,2,0.08,0,0,0,1,E,H,56,31,nan
4EZIA,310,anchor_top1,1,195,-1.3500194549560547,-1.2854747772216797,-0.064544677734375,0,0,115,1,1,1,4,0.15384615384615385,1,0,1,0,E,E,56,33,nan
4EZIA,310,anchor_top1,1,216,-3.5144600868225098,-3.4481542110443115,-0.06630587577819824,0,0,94,0,4,1,0,0.0,0,0,0,1,E,C,56,37,nan
4EZIA,310,anchor_top1,1,237,-3.3161330223083496,-3.295555830001831,-0.020577192306518555,0,0,73,0,7,1,0,0.0,0,0,0,1,E,C,56,39,nan
4EZIA,310,anchor_top1,1,257,-4.937533378601074,-4.898876190185547,-0.038657188415527344,0,0,53,0,6,1,0,0.0,0,0,0,1,E,C,56,44,nan
4EZIA,310,anchor_top1,1,278,-3.057286262512207,-3.181828022003174,0.1245417594909668,1,1,32,0,7,1,0,0.0,0,0,0,1,E,H,56,50,nan
4EZIA,310,anchor_top1,1,346,-1.9482693672180176,-1.7593916654586792,-0.18887770175933838,0,0,36,0,3,1,0,0.0,0,0,0,1,E,C,56,61,nan
4EZIA,310,anchor_top1,1,366,-1.5241193771362305,-1.5020068883895874,-0.022112488746643066,0,0,56,0,2,1,1,0.043478260869565216,0,0,0,1,E,H,56,62,nan
4EZIA,77,anchor_top2,1,10,-3.2852752208709717,-2.9793639183044434,-0.3059113025665283,0,0,67,0,3,1,0,0.0,1,0,1,0,E,E,17,3,nan
4EZIA,77,anchor_top2,1,30,-4.41560697555542,-4.3542256355285645,-0.06138134002685547,0,0,47,0,4,1,0,0.0,0,0,0,1,E,C,17,8,nan
4EZIA,77,anchor_top2,1,51,-2.688838005065918,-2.679716110229492,-0.009121894836425781,0,0,26,0,4,1,0,0.0,0,0,0,1,E,C,17,12,nan
4EZIA,77,anchor_top2,1,119,-0.016344357281923294,-0.016294162720441818,-5.019456148147583e-05,0,0,42,0,3,1,0,0.0,0,0,0,1,E,C,17,24,nan
4EZIA,77,anchor_top2,1,139,-1.3968167304992676,-1.4609708786010742,0.06415414810180664,1,1,62,0,2,1,2,0.08695652173913043,0,0,0,1,E,H,17,25,nan
4EZIA,77,anchor_top2,1,160,-1.4007564783096313,-1.3281656503677368,-0.07259082794189453,0,0,83,0,2,1,1,0.058823529411764705,0,0,0,1,E,C,17,28,nan
4EZIA,77,anchor_top2,1,181,-0.8416074514389038,-0.8699770569801331,0.028369605541229248,1,0,104,0,3,1,0,0.0,0,0,0,1,E,H,17,31,nan
4EZIA,77,anchor_top2,1,201,-4.400606155395508,-4.430063247680664,0.02945709228515625,1,1,124,0,4,1,0,0.0,1,0,1,0,E,E,17,35,nan
4EZIA,77,anchor_top2,1,222,-1.3812735080718994,-1.343262791633606,-0.03801071643829346,0,0,145,0,5,1,0,0.0,0,0,0,1,E,H,17,38,nan
4EZIA,77,anchor_top2,1,242,-0.19995471835136414,-0.19195090234279633,-0.00800381600856781,0,0,165,0,6,1,0,0.0,1,0,1,0,E,E,17,41,nan
4EZIA,77,anchor_top2,1,263,-0.449904203414917,-0.45795130729675293,0.008047103881835938,0,0,186,0,5,1,0,0.0,0,0,0,1,E,H,17,45,nan
4EZIA,77,anchor_top2,1,284,-3.2974600791931152,-3.254899024963379,-0.04256105422973633,0,0,207,0,6,1,0,0.0,0,0,0,1,E,H,17,50,nan
4EZIA,77,anchor_top2,1,304,-1.1624908447265625,-1.154731035232544,-0.007759809494018555,0,0,227,0,4,1,0,0.0,0,0,0,1,E,C,17,55,nan
4EZIA,77,anchor_top2,1,325,-1.3178155422210693,-1.3718940019607544,0.05407845973968506,1,1,248,0,3,1,0,0.0,0,0,0,1,E,H,17,58,nan
4EZIA,77,anchor_top2,1,346,-1.9482693672180176,-2.074848175048828,0.12657880783081055,1,1,269,0,5,1,0,0.0,0,0,0,1,E,C,17,61,nan
4EZIA,77,anchor_top2,1,366,-1.5241193771362305,-1.4844086170196533,-0.03971076011657715,0,0,289,0,3,1,0,0.0,0,0,0,1,E,H,17,62,nan
4EZIA,170,anchor_top3,1,10,-3.2852752208709717,-2.921065330505371,-0.3642098903656006,0,0,160,0,5,1,0,0.0,0,0,0,1,H,E,31,3,nan
4EZIA,170,anchor_top3,1,30,-4.41560697555542,-4.404159069061279,-0.011447906494140625,0,0,140,0,4,1,0,0.0,0,0,0,1,H,C,31,8,nan
4EZIA,170,anchor_top3,1,51,-2.688838005065918,-2.692749500274658,0.003911495208740234,0,0,119,0,3,1,0,0.0,0,0,0,1,H,C,31,12,nan
4EZIA,170,anchor_top3,1,72,-2.7011070251464844,-2.7104926109313965,0.00938558578491211,0,0,98,0,5,1,0,0.0,0,0,0,1,H,C,31,14,nan
4EZIA,170,anchor_top3,1,92,-3.416226387023926,-3.418632984161377,0.002406597137451172,0,0,78,0,3,1,0,0.0,1,0,1,0,H,H,31,19,nan
4EZIA,170,anchor_top3,1,113,-0.8055088520050049,-0.7241430878639221,-0.08136576414108276,0,0,57,0,3,1,0,0.0,0,0,0,1,H,E,31,23,nan
4EZIA,170,anchor_top3,1,134,-1.6008020639419556,-1.5702420473098755,-0.030560016632080078,0,0,36,0,2,1,1,0.043478260869565216,1,0,1,0,H,H,31,25,nan
4EZIA,170,anchor_top3,1,201,-4.400606155395508,-4.513917446136475,0.1133112907409668,1,1,31,0,3,1,0,0.0,0,0,0,1,H,E,31,35,nan
4EZIA,170,anchor_top3,1,222,-1.3812735080718994,-1.21709406375885,-0.16417944431304932,0,0,52,0,4,1,0,0.0,1,0,1,0,H,H,31,38,nan
4EZIA,170,anchor_top3,1,242,-0.19995471835136414,-0.17554308474063873,-0.024411633610725403,0,0,72,0,5,1,0,0.0,0,0,0,1,H,E,31,41,nan
4EZIA,170,anchor_top3,1,263,-0.449904203414917,-0.4595802426338196,0.009676039218902588,0,0,93,0,4,1,0,0.0,1,0,1,0,H,H,31,45,nan
4EZIA,170,anchor_top3,1,284,-3.2974600791931152,-3.3095345497131348,0.012074470520019531,1,1,114,0,5,1,0,0.0,1,0,1,0,H,H,31,50,nan
4EZIA,170,anchor_top3,1,304,-1.1624908447265625,-1.1430436372756958,-0.0194472074508667,0,0,134,0,4,1,0,0.0,0,0,0,1,H,C,31,55,nan
4EZIA,170,anchor_top3,1,325,-1.3178155422210693,-1.260221242904663,-0.05759429931640625,0,0,155,0,2,1,1,0.038461538461538464,1,0,1,0,H,H,31,58,nan
4EZIA,170,anchor_top3,1,346,-1.9482693672180176,-2.0659360885620117,0.11766672134399414,1,1,176,0,4,1,0,0.0,0,0,0,1,H,C,31,61,nan
4EZIA,170,anchor_top3,1,366,-1.5241193771362305,-1.5539729595184326,0.02985358238220215,1,1,196,0,4,1,0,0.0,1,0,1,0,H,H,31,62,nan
4EZIA,79,control,0,10,-3.2852752208709717,-3.261075496673584,-0.024199724197387695,0,0,69,0,4,1,0,0.0,1,0,1,0,E,E,17,3,nan
4EZIA,79,control,0,30,-4.41560697555542,-4.418681621551514,0.00307464599609375,0,1,49,0,4,1,0,0.0,0,0,0,1,E,C,17,8,nan
4EZIA,79,control,0,51,-2.688838005065918,-2.6871368885040283,-0.0017011165618896484,0,0,28,0,3,1,0,0.0,0,0,0,1,E,C,17,12,nan
4EZIA,79,control,0,119,-0.016344357281923294,-0.016391385346651077,4.70280647277832e-05,0,0,40,0,3,1,0,0.0,0,0,0,1,E,C,17,24,nan
4EZIA,79,control,0,139,-1.3968167304992676,-1.3946137428283691,-0.0022029876708984375,0,0,60,0,2,1,3,0.12,0,0,0,1,E,H,17,25,nan
4EZIA,79,control,0,160,-1.4007564783096313,-1.4017003774642944,0.0009438991546630859,0,0,81,0,3,1,0,0.0,0,0,0,1,E,C,17,28,nan
4EZIA,79,control,0,181,-0.8416074514389038,-0.8410336375236511,-0.0005738139152526855,0,0,102,0,3,1,0,0.0,0,0,0,1,E,H,17,31,nan
4EZIA,79,control,0,201,-4.400606155395508,-4.399984359741211,-0.000621795654296875,0,0,122,0,3,1,0,0.0,1,0,1,0,E,E,17,35,nan
4EZIA,79,control,0,222,-1.3812735080718994,-1.380957841873169,-0.00031566619873046875,0,0,143,0,4,1,0,0.0,0,0,0,1,E,H,17,38,nan
4EZIA,79,control,0,242,-0.19995471835136414,-0.19945436716079712,-0.0005003511905670166,0,0,163,0,5,1,0,0.0,1,0,1,0,E,E,17,41,nan
4EZIA,79,control,0,263,-0.449904203414917,-0.45004650950431824,0.00014230608940124512,0,0,184,0,4,1,0,0.0,0,0,0,1,E,H,17,45,nan
4EZIA,79,control,0,284,-3.2974600791931152,-3.2985305786132812,0.0010704994201660156,0,0,205,0,5,1,0,0.0,0,0,0,1,E,H,17,50,nan
4EZIA,79,control,0,304,-1.1624908447265625,-1.1636375188827515,0.0011466741561889648,0,1,225,0,4,1,0,0.0,0,0,0,1,E,C,17,55,nan
4EZIA,79,control,0,325,-1.3178155422210693,-1.3193185329437256,0.00150299072265625,0,1,246,0,3,1,0,0.0,0,0,0,1,E,H,17,58,nan
4EZIA,79,control,0,346,-1.9482693672180176,-1.9502381086349487,0.0019687414169311523,0,1,267,0,5,1,0,0.0,0,0,0,1,E,C,17,61,nan
4EZIA,79,control,0,366,-1.5241193771362305,-1.5246672630310059,0.0005478858947753906,0,0,287,0,3,1,0,0.0,0,0,0,1,E,H,17,62,nan
4EZIA,311,control,0,10,-3.2852752208709717,-3.2795889377593994,-0.005686283111572266,0,0,301,0,6,1,0,0.0,1,0,1,0,E,E,56,3,nan
4EZIA,311,control,0,30,-4.41560697555542,-4.416771411895752,0.0011644363403320312,0,1,281,0,4,1,0,0.0,0,0,0,1,E,C,56,8,nan
4EZIA,311,control,0,51,-2.688838005065918,-2.689173460006714,0.00033545494079589844,0,0,260,0,5,1,0,0.0,0,0,0,1,E,C,56,12,nan
4EZIA,311,control,0,72,-2.7011070251464844,-2.7011446952819824,3.7670135498046875e-05,0,0,239,0,4,1,0,0.0,0,0,0,1,E,C,56,14,nan
4EZIA,311,control,0,92,-3.416226387023926,-3.415457248687744,-0.0007691383361816406,0,0,219,0,5,1,0,0.0,0,0,0,1,E,H,56,19,nan
4EZIA,311,control,0,113,-0.8055088520050049,-0.8056490421295166,0.00014019012451171875,0,0,198,0,4,1,0,0.0,1,0,1,0,E,E,56,23,nan
4EZIA,311,control,0,134,-1.6008020639419556,-1.6003366708755493,-0.00046539306640625,0,0,177,0,4,1,0,0.0,0,0,0,1,E,H,56,25,nan
4EZIA,311,control,0,154,-0.532166600227356,-0.5322932004928589,0.0001266002655029297,0,0,157,0,6,1,0,0.0,0,0,0,1,E,C,56,26,nan
4EZIA,311,control,0,175,-4.1009321212768555,-4.102988243103027,0.002056121826171875,0,1,136,0,2,1,2,0.07692307692307693,0,0,0,1,E,H,56,31,nan
4EZIA,311,control,0,195,-1.3500194549560547,-1.3491730690002441,-0.0008463859558105469,0,0,116,1,1,1,5,0.19230769230769232,1,0,1,0,E,E,56,33,nan
4EZIA,311,control,0,216,-3.5144600868225098,-3.511230230331421,-0.003229856491088867,0,0,95,0,4,1,0,0.0,0,0,0,1,E,C,56,37,nan
4EZIA,311,control,0,237,-3.3161330223083496,-3.3152267932891846,-0.0009062290191650391,0,0,74,0,7,1,0,0.0,0,0,0,1,E,C,56,39,nan
4EZIA,311,control,0,257,-4.937533378601074,-4.938345909118652,0.000812530517578125,0,1,54,0,6,1,0,0.0,0,0,0,1,E,C,56,44,nan
4EZIA,311,control,0,278,-3.057286262512207,-3.059596538543701,0.0023102760314941406,0,1,33,0,6,1,0,0.0,0,0,0,1,E,H,56,50,nan
4EZIA,311,control,0,346,-1.9482693672180176,-1.9313616752624512,-0.016907691955566406,0,0,35,0,3,1,0,0.0,0,0,0,1,E,C,56,61,nan
4EZIA,311,control,0,366,-1.5241193771362305,-1.5221461057662964,-0.001973271369934082,0,0,55,0,3,1,0,0.0,0,0,0,1,E,H,56,62,nan
4EZIA,62,control,0,10,-3.2852752208709717,-3.282599449157715,-0.002675771713256836,0,0,52,0,2,1,4,0.19047619047619047,1,0,1,0,E,E,13,3,nan
4EZIA,62,control,0,30,-4.41560697555542,-4.413949966430664,-0.0016570091247558594,0,0,32,0,4,1,0,0.0,0,0,0,1,E,C,13,8,nan
4EZIA,62,control,0,98,-3.8820180892944336,-3.8795642852783203,-0.0024538040161132812,0,0,36,0,2,1,2,0.08,0,0,0,1,E,H,13,21,nan
4EZIA,62,control,0,119,-0.016344357281923294,-0.01638188585639,3.752857446670532e-05,0,0,57,0,2,1,1,0.03571428571428571,0,0,0,1,E,C,13,24,nan
4EZIA,62,control,0,139,-1.3968167304992676,-1.397371530532837,0.0005548000335693359,0,1,77,0,3,1,0,0.0,0,0,0,1,E,H,13,25,nan
4EZIA,62,control,0,160,-1.4007564783096313,-1.4000747203826904,-0.000681757926940918,0,0,98,0,4,1,0,0.0,0,0,0,1,E,C,13,28,nan
4EZIA,62,control,0,181,-0.8416074514389038,-0.8426800966262817,0.0010726451873779297,0,1,119,0,4,1,0,0.0,0,0,0,1,E,H,13,31,nan
4EZIA,62,control,0,201,-4.400606155395508,-4.401161193847656,0.0005550384521484375,0,1,139,0,5,1,0,0.0,1,0,1,0,E,E,13,35,nan
4EZIA,62,control,0,222,-1.3812735080718994,-1.3806483745574951,-0.0006251335144042969,0,0,160,0,5,1,0,0.0,0,0,0,1,E,H,13,38,nan
4EZIA,62,control,0,242,-0.19995471835136414,-0.19967690110206604,-0.0002778172492980957,0,0,180,0,5,1,0,0.0,1,0,1,0,E,E,13,41,nan
4EZIA,62,control,0,263,-0.449904203414917,-0.44998234510421753,7.814168930053711e-05,0,0,201,0,5,1,0,0.0,0,0,0,1,E,H,13,45,nan
4EZIA,62,control,0,284,-3.2974600791931152,-3.2966840267181396,-0.0007760524749755859,0,0,222,0,7,1,0,0.0,0,0,0,1,E,H,13,50,nan
4EZIA,62,control,0,304,-1.1624908447265625,-1.1625721454620361,8.130073547363281e-05,0,0,242,0,6,1,0,0.0,0,0,0,1,E,C,13,55,nan
4EZIA,62,control,0,325,-1.3178155422210693,-1.3175909519195557,-0.00022459030151367188,0,0,263,0,5,1,0,0.0,0,0,0,1,E,H,13,58,nan
4EZIA,62,control,0,346,-1.9482693672180176,-1.9510153532028198,0.002745985984802246,0,1,284,0,6,1,0,0.0,0,0,0,1,E,C,13,61,nan
4EZIA,62,control,0,366,-1.5241193771362305,-1.5230416059494019,-0.0010777711868286133,0,0,304,0,4,1,0,0.0,0,0,0,1,E,H,13,62,nan
4EZIA,313,control,0,10,-3.2852752208709717,-3.274942398071289,-0.010332822799682617,0,0,303,0,6,1,0,0.0,1,0,1,0,E,E,56,3,nan
4EZIA,313,control,0,30,-4.41560697555542,-4.416162967681885,0.0005559921264648438,0,1,283,0,3,1,0,0.0,0,0,0,1,E,C,56,8,nan
4EZIA,313,control,0,51,-2.688838005065918,-2.6893768310546875,0.0005388259887695312,0,0,262,0,5,1,0,0.0,0,0,0,1,E,C,56,12,nan
4EZIA,313,control,0,72,-2.7011070251464844,-2.7013602256774902,0.0002532005310058594,0,0,241,0,5,1,0,0.0,0,0,0,1,E,C,56,14,nan
4EZIA,313,control,0,92,-3.416226387023926,-3.4172587394714355,0.0010323524475097656,0,1,221,0,5,1,0,0.0,0,0,0,1,E,H,56,19,nan
4EZIA,313,control,0,113,-0.8055088520050049,-0.8053880333900452,-0.0001208186149597168,0,0,200,0,4,1,0,0.0,1,0,1,0,E,E,56,23,nan
4EZIA,313,control,0,134,-1.6008020639419556,-1.599821925163269,-0.0009801387786865234,0,0,179,0,4,1,0,0.0,0,0,0,1,E,H,56,25,nan
4EZIA,313,control,0,154,-0.532166600227356,-0.5326434373855591,0.000476837158203125,0,0,159,0,7,1,0,0.0,0,0,0,1,E,C,56,26,nan
4EZIA,313,control,0,175,-4.1009321212768555,-4.100417137145996,-0.000514984130859375,0,0,138,0,3,1,0,0.0,0,0,0,1,E,H,56,31,nan
4EZIA,313,control,0,195,-1.3500194549560547,-1.3354955911636353,-0.014523863792419434,0,0,118,0,2,1,3,0.11538461538461539,1,0,1,0,E,E,56,33,nan
4EZIA,313,control,0,216,-3.5144600868225098,-3.5188145637512207,0.0043544769287109375,0,1,97,0,3,1,0,0.0,0,0,0,1,E,C,56,37,nan
4EZIA,313,control,0,237,-3.3161330223083496,-3.3162295818328857,9.655952453613281e-05,0,0,76,0,7,1,0,0.0,0,0,0,1,E,C,56,39,nan
4EZIA,313,control,0,257,-4.937533378601074,-4.934008598327637,-0.0035247802734375,0,0,56,0,6,1,0,0.0,0,0,0,1,E,C,56,44,nan
4EZIA,313,control,0,278,-3.057286262512207,-3.0618581771850586,0.0045719146728515625,0,1,35,0,6,1,0,0.0,0,0,0,1,E,H,56,50,nan
4EZIA,313,control,0,346,-1.9482693672180176,-1.9395090341567993,-0.008760333061218262,0,0,33,0,2,1,2,0.11764705882352941,0,0,0,1,E,C,56,61,nan
4EZIA,313,control,0,366,-1.5241193771362305,-1.5242689847946167,0.00014960765838623047,0,0,53,0,3,1,0,0.0,0,0,0,1,E,H,56,62,nan
4EZIA,165,control,0,10,-3.2852752208709717,-3.2863123416900635,0.0010371208190917969,0,1,155,0,4,1,0,0.0,1,0,1,0,E,E,29,3,nan
4EZIA,165,control,0,30,-4.41560697555542,-4.415022850036621,-0.0005841255187988281,0,0,135,0,3,1,0,0.0,0,0,0,1,E,C,29,8,nan
4EZIA,165,control,0,51,-2.688838005065918,-2.6893346309661865,0.0004966259002685547,0,1,114,0,4,1,0,0.0,0,0,0,1,E,C,29,12,nan
4EZIA,165,control,0,72,-2.7011070251464844,-2.700995683670044,-0.00011134147644042969,0,0,93,0,3,1,0,0.0,0,0,0,1,E,C,29,14,nan
4EZIA,165,control,0,92,-3.416226387023926,-3.4106054306030273,-0.0056209564208984375,0,0,73,0,3,1,0,0.0,0,0,0,1,E,H,29,19,nan
4EZIA,165,control,0,113,-0.8055088520050049,-0.8053980469703674,-0.00011080503463745117,0,0,52,0,2,1,3,0.12,1,0,1,0,E,E,29,23,nan
4EZIA,165,control,0,134,-1.6008020639419556,-1.601347804069519,0.0005457401275634766,0,1,31,0,3,1,0,0.0,0,0,0,1,E,H,29,25,nan
4EZIA,165,control,0,201,-4.400606155395508,-4.400827884674072,0.00022172927856445312,0,0,36,0,3,1,0,0.0,1,0,1,0,E,E,29,35,nan
4EZIA,165,control,0,222,-1.3812735080718994,-1.3811801671981812,-9.334087371826172e-05,0,0,57,0,5,1,0,0.0,0,0,0,1,E,H,29,38,nan
4EZIA,165,control,0,242,-0.19995471835136414,-0.1998290866613388,-0.0001256316900253296,0,0,77,0,6,1,0,0.0,1,0,1,0,E,E,29,41,nan
4EZIA,165,control,0,263,-0.449904203414917,-0.45037344098091125,0.0004692375659942627,0,0,98,0,5,1,0,0.0,0,0,0,1,E,H,29,45,nan
4EZIA,165,control,0,284,-3.2974600791931152,-3.295821189880371,-0.0016388893127441406,0,0,119,0,5,1,0,0.0,0,0,0,1,E,H,29,50,nan
4EZIA,165,control,0,304,-1.1624908447265625,-1.1632825136184692,0.0007916688919067383,0,1,139,0,3,1,0,0.0,0,0,0,1,E,C,29,55,nan
4EZIA,165,control,0,325,-1.3178155422210693,-1.3183033466339111,0.0004878044128417969,0,0,160,0,3,1,0,0.0,0,0,0,1,E,H,29,58,nan
4EZIA,165,control,0,346,-1.9482693672180176,-1.948368787765503,9.942054748535156e-05,0,0,181,0,4,1,0,0.0,0,0,0,1,E,C,29,61,nan
4EZIA,165,control,0,366,-1.5241193771362305,-1.5236907005310059,-0.0004286766052246094,0,0,201,0,2,1,1,0.04,0,0,0,1,E,H,29,62,nan
4ME3A,230,anchor_top1,1,6,-3.942422866821289,-3.965132236480713,0.022709369659423828,1,1,224,-1,-1,-1,0,0.0,0,0,0,1,C,H,45,1,nan
4ME3A,230,anchor_top1,1,20,-2.1647045612335205,-2.282334566116333,0.1176300048828125,1,1,210,0,8,1,0,0.0,0,0,0,1,C,H,45,1,nan
4ME3A,230,anchor_top1,1,34,-2.464367628097534,-2.4704322814941406,0.006064653396606445,0,0,196,0,8,1,0,0.0,0,0,0,1,C,H,45,3,nan
4ME3A,230,anchor_top1,1,48,-0.8084140419960022,-0.8137183785438538,0.0053043365478515625,0,0,182,0,6,1,0,0.0,0,0,0,1,C,E,45,5,nan
4ME3A,230,anchor_top1,1,62,-4.381305694580078,-4.348458290100098,-0.03284740447998047,0,0,168,0,7,1,0,0.0,0,0,0,1,C,H,45,8,nan
4ME3A,230,anchor_top1,1,75,-1.525793194770813,-1.5811264514923096,0.05533325672149658,1,1,155,0,7,1,0,0.0,0,0,0,1,C,H,45,10,nan
4ME3A,230,anchor_top1,1,89,-3.4869227409362793,-3.487859010696411,0.0009362697601318359,0,0,141,0,8,1,0,0.0,1,0,1,0,C,C,45,11,nan
4ME3A,230,anchor_top1,1,103,-5.163547515869141,-4.992878437042236,-0.1706690788269043,0,0,127,0,4,1,0,0.0,1,0,1,0,C,C,45,13,nan
4ME3A,230,anchor_top1,1,117,-3.4771769046783447,-3.4483962059020996,-0.028780698776245117,0,0,113,0,6,1,0,0.0,0,0,0,1,C,H,45,18,nan
4ME3A,230,anchor_top1,1,131,-0.3448372185230255,-0.32931146025657654,-0.015525758266448975,0,0,99,0,2,1,3,0.2727272727272727,0,0,0,1,C,E,45,22,nan
4ME3A,230,anchor_top1,1,145,-0.320622980594635,-0.30797624588012695,-0.012646734714508057,0,0,85,0,8,1,0,0.0,0,0,0,1,C,E,45,26,nan
4ME3A,230,anchor_top1,1,158,-2.4225544929504395,-2.442117691040039,0.01956319808959961,1,0,72,0,7,1,0,0.0,1,0,1,0,C,C,45,29,nan
4ME3A,230,anchor_top1,1,172,-1.227504014968872,-1.2497084140777588,0.02220439910888672,1,0,58,0,9,1,0,0.0,1,0,1,0,C,C,45,31,nan
4ME3A,230,anchor_top1,1,186,-1.9807509183883667,-1.9825652837753296,0.0018143653869628906,0,0,44,0,7,1,0,0.0,0,0,0,1,C,H,45,37,nan
4ME3A,230,anchor_top1,1,200,-0.018082061782479286,-0.01860804855823517,0.0005259867757558823,0,0,30,0,2,1,2,0.125,0,0,0,1,C,E,45,39,nan
4ME3A,230,anchor_top1,1,261,-1.8571162223815918,-1.8969645500183105,0.03984832763671875,1,1,31,0,5,1,0,0.0,1,0,1,0,C,C,45,53,nan
4ME3A,127,anchor_top2,1,6,-3.942422866821289,-3.9407949447631836,-0.0016279220581054688,0,0,121,-1,-1,-1,0,0.0,0,0,0,1,E,H,20,1,nan
4ME3A,127,anchor_top2,1,20,-2.1647045612335205,-2.4771647453308105,0.31246018409729004,1,1,107,0,6,1,0,0.0,0,0,0,1,E,H,20,1,nan
4ME3A,127,anchor_top2,1,34,-2.464367628097534,-2.46340012550354,-0.0009675025939941406,0,0,93,0,7,1,0,0.0,0,0,0,1,E,H,20,3,nan
4ME3A,127,anchor_top2,1,48,-0.8084140419960022,-0.8038341403007507,-0.004579901695251465,0,0,79,0,4,1,0,0.0,1,0,1,0,E,E,20,5,nan
4ME3A,127,anchor_top2,1,62,-4.381305694580078,-4.41372537612915,0.032419681549072266,1,0,65,0,5,1,0,0.0,0,0,0,1,E,H,20,8,nan
4ME3A,127,anchor_top2,1,75,-1.525793194770813,-1.4900881052017212,-0.0357050895690918,0,0,52,0,5,1,0,0.0,0,0,0,1,E,H,20,10,nan
4ME3A,127,anchor_top2,1,89,-3.4869227409362793,-3.4911341667175293,0.00421142578125,0,0,38,0,7,1,0,0.0,0,0,0,1,E,C,20,11,nan
4ME3A,127,anchor_top2,1,103,-5.163547515869141,-5.331698417663574,0.1681509017944336,1,1,24,0,2,1,1,0.05555555555555555,0,0,0,1,E,C,20,13,nan
4ME3A,127,anchor_top2,1,164,-0.8132730722427368,-0.801776111125946,-0.011496961116790771,0,0,37,0,8,1,0,0.0,0,0,0,1,E,C,20,29,nan
4ME3A,127,anchor_top2,1,178,-2.8509223461151123,-2.865943670272827,0.015021324157714844,1,0,51,0,10,1,0,0.0,0,0,0,1,E,H,20,33,nan
4ME3A,127,anchor_top2,1,192,-1.419485092163086,-1.4062219858169556,-0.013263106346130371,0,0,65,0,5,1,0,0.0,1,0,1,0,E,E,20,39,nan
4ME3A,127,anchor_top2,1,205,-3.0161046981811523,-2.9887654781341553,-0.02733922004699707,0,0,78,-1,-1,-1,0,0.0,0,0,0,1,E,H,20,41,nan
4ME3A,127,anchor_top2,1,219,-4.213870525360107,-4.313225269317627,0.09935474395751953,1,1,92,0,3,1,0,0.0,1,0,1,0,E,E,20,43,nan
4ME3A,127,anchor_top2,1,233,-0.5041786432266235,-0.5076057314872742,0.0034270882606506348,0,0,106,1,1,1,6,0.3157894736842105,1,0,1,0,E,E,20,46,nan
4ME3A,127,anchor_top2,1,247,-1.360342264175415,-1.3523004055023193,-0.008041858673095703,0,0,120,0,7,1,0,0.0,0,0,0,1,E,C,20,49,nan
4ME3A,127,anchor_top2,1,261,-1.8571162223815918,-2.0210094451904297,0.1638932228088379,1,1,134,0,3,1,0,0.0,0,0,0,1,E,C,20,53,nan
4ME3A,75,anchor_top3,1,6,-3.942422866821289,-3.945425271987915,0.0030024051666259766,0,1,69,-1,-1,-1,0,0.0,1,0,1,0,H,H,10,1,nan
4ME3A,75,anchor_top3,1,20,-2.1647045612335205,-2.167234182357788,0.002529621124267578,0,1,55,1,1,1,4,0.21052631578947367,1,0,1,0,H,H,10,1,nan
4ME3A,75,anchor_top3,1,34,-2.464367628097534,-2.462106704711914,-0.002260923385620117,0,0,41,0,3,1,0,0.0,1,0,1,0,H,H,10,3,nan
4ME3A,75,anchor_top3,1,48,-0.8084140419960022,-0.8073803782463074,-0.0010336637496948242,0,0,27,0,2,1,1,0.043478260869565216,0,0,0,1,H,E,10,5,nan
4ME3A,75,anchor_top3,1,109,-3.708672046661377,-3.7049832344055176,-0.003688812255859375,0,0,34,0,5,1,0,0.0,0,0,0,1,H,E,10,14,nan
4ME3A,75,anchor_top3,1,122,-0.22656624019145966,-0.22718876600265503,0.0006225258111953735,0,0,47,0,3,1,0,0.0,0,0,0,1,H,E,10,20,nan
4ME3A,75,anchor_top3,1,136,-4.018367767333984,-4.017333984375,-0.001033782958984375,0,0,61,0,5,1,0,0.0,0,0,0,1,H,E,10,24,nan
4ME3A,75,anchor_top3,1,150,-3.5431809425354004,-3.5456976890563965,0.0025167465209960938,0,1,75,0,7,1,0,0.0,0,0,0,1,H,C,10,27,nan
4ME3A,75,anchor_top3,1,164,-0.8132730722427368,-0.8118067979812622,-0.0014662742614746094,0,0,89,0,6,1,0,0.0,0,0,0,1,H,C,10,29,nan
4ME3A,75,anchor_top3,1,178,-2.8509223461151123,-2.8531126976013184,0.0021903514862060547,0,1,103,0,8,1,0,0.0,1,0,1,0,H,H,10,33,nan
4ME3A,75,anchor_top3,1,192,-1.419485092163086,-1.4211409091949463,0.0016558170318603516,0,0,117,0,4,1,0,0.0,0,0,0,1,H,E,10,39,nan
4ME3A,75,anchor_top3,1,205,-3.0161046981811523,-3.012235164642334,-0.0038695335388183594,0,0,130,-1,-1,-1,0,0.0,1,0,1,0,H,H,10,41,nan
4ME3A,75,anchor_top3,1,219,-4.213870525360107,-4.216032981872559,0.002162456512451172,0,0,144,0,4,1,0,0.0,0,0,0,1,H,E,10,43,nan
4ME3A,75,anchor_top3,1,233,-0.5041786432266235,-0.5041970610618591,1.8417835235595703e-05,0,0,158,0,5,1,0,0.0,0,0,0,1,H,E,10,46,nan
4ME3A,75,anchor_top3,1,247,-1.360342264175415,-1.3607842922210693,0.0004420280456542969,0,0,172,0,8,1,0,0.0,0,0,0,1,H,C,10,49,nan
4ME3A,75,anchor_top3,1,261,-1.8571162223815918,-1.8573386669158936,0.0002224445343017578,0,0,186,0,2,1,1,0.045454545454545456,0,0,0,1,H,C,10,53,nan
4ME3A,119,control,0,6,-3.942422866821289,-3.9435510635375977,0.0011281967163085938,0,1,113,-1,-1,-1,0,0.0,0,0,0,1,C,H,19,1,nan
4ME3A,119,control,0,20,-2.1647045612335205,-2.170698881149292,0.005994319915771484,0,1,99,0,5,1,0,0.0,0,0,0,1,C,H,19,1,nan
4ME3A,119,control,0,34,-2.464367628097534,-2.464298725128174,-6.890296936035156e-05,0,0,85,0,7,1,0,0.0,0,0,0,1,C,H,19,3,nan
4ME3A,119,control,0,48,-0.8084140419960022,-0.8079416155815125,-0.0004724264144897461,0,0,71,0,4,1,0,0.0,0,0,0,1,C,E,19,5,nan
4ME3A,119,control,0,62,-4.381305694580078,-4.381023406982422,-0.00028228759765625,0,0,57,0,3,1,0,0.0,0,0,0,1,C,H,19,8,nan
4ME3A,119,control,0,75,-1.525793194770813,-1.525416612625122,-0.00037658214569091797,0,0,44,0,4,1,0,0.0,0,0,0,1,C,H,19,10,nan
4ME3A,119,control,0,89,-3.4869227409362793,-3.487088203430176,0.00016546249389648438,0,0,30,0,7,1,0,0.0,1,0,1,0,C,C,19,11,nan
4ME3A,119,control,0,150,-3.5431809425354004,-3.544247627258301,0.0010666847229003906,0,0,31,0,9,1,0,0.0,1,0,1,0,C,C,19,27,nan
4ME3A,119,control,0,164,-0.8132730722427368,-0.8137185573577881,0.00044548511505126953,0,0,45,0,7,1,0,0.0,1,0,1,0,C,C,19,29,nan
4ME3A,119,control,0,178,-2.8509223461151123,-2.8504292964935303,-0.0004930496215820312,0,0,59,0,10,1,0,0.0,0,0,0,1,C,H,19,33,nan
4ME3A,119,control,0,192,-1.419485092163086,-1.4201936721801758,0.0007085800170898438,0,0,73,0,4,1,0,0.0,0,0,0,1,C,E,19,39,nan
4ME3A,119,control,0,205,-3.0161046981811523,-3.015913963317871,-0.00019073486328125,0,0,86,-1,-1,-1,0,0.0,0,0,0,1,C,H,19,41,nan
4ME3A,119,control,0,219,-4.213870525360107,-4.21513032913208,0.0012598037719726562,0,1,100,0,3,1,0,0.0,0,0,0,1,C,E,19,43,nan
4ME3A,119,control,0,233,-0.5041786432266235,-0.504757821559906,0.0005791783332824707,0,0,114,0,4,1,0,0.0,0,0,0,1,C,E,19,46,nan
4ME3A,119,control,0,247,-1.360342264175415,-1.361758828163147,0.0014165639877319336,0,1,128,0,4,1,0,0.0,1,0,1,0,C,C,19,49,nan
4ME3A,119,control,0,261,-1.8571162223815918,-1.8555711507797241,-0.0015450716018676758,0,0,142,0,3,1,0,0.0,1,0,1,0,C,C,19,53,nan
4ME3A,92,control,0,6,-3.942422866821289,-3.943429946899414,0.001007080078125,0,1,86,-1,-1,-1,0,0.0,0,0,0,1,C,H,11,1,nan
4ME3A,92,control,0,20,-2.1647045612335205,-2.1639747619628906,-0.0007297992706298828,0,0,72,0,4,1,0,0.0,0,0,0,1,C,H,11,1,nan
4ME3A,92,control,0,34,-2.464367628097534,-2.4636826515197754,-0.0006849765777587891,0,0,58,0,3,1,0,0.0,0,0,0,1,C,H,11,3,nan
4ME3A,92,control,0,48,-0.8084140419960022,-0.8081656098365784,-0.0002484321594238281,0,0,44,0,4,1,0,0.0,0,0,0,1,C,E,11,5,nan
4ME3A,92,control,0,62,-4.381305694580078,-4.382652282714844,0.001346588134765625,0,1,30,0,6,1,0,0.0,0,0,0,1,C,H,11,8,nan
4ME3A,92,control,0,122,-0.22656624019145966,-0.22656244039535522,-3.7997961044311523e-06,0,0,30,0,5,1,0,0.0,0,0,0,1,C,E,11,20,nan
4ME3A,92,control,0,136,-4.018367767333984,-4.020496845245361,0.002129077911376953,0,1,44,0,4,1,0,0.0,0,0,0,1,C,E,11,24,nan
4ME3A,92,control,0,150,-3.5431809425354004,-3.5427966117858887,-0.00038433074951171875,0,0,58,0,4,1,0,0.0,1,0,1,0,C,C,11,27,nan
4ME3A,92,control,0,164,-0.8132730722427368,-0.8132798671722412,6.794929504394531e-06,0,0,72,0,4,1,0,0.0,1,0,1,0,C,C,11,29,nan
4ME3A,92,control,0,178,-2.8509223461151123,-2.85009503364563,-0.0008273124694824219,0,0,86,0,6,1,0,0.0,0,0,0,1,C,H,11,33,nan
4ME3A,92,control,0,192,-1.419485092163086,-1.4193353652954102,-0.00014972686767578125,0,0,100,0,2,1,2,0.11764705882352941,0,0,0,1,C,E,11,39,nan
4ME3A,92,control,0,205,-3.0161046981811523,-3.0162079334259033,0.00010323524475097656,0,0,113,-1,-1,-1,0,0.0,0,0,0,1,C,H,11,41,nan
4ME3A,92,control,0,219,-4.213870525360107,-4.2137603759765625,-0.00011014938354492188,0,0,127,0,4,1,0,0.0,0,0,0,1,C,E,11,43,nan
4ME3A,92,control,0,233,-0.5041786432266235,-0.5039905309677124,-0.0001881122589111328,0,0,141,0,5,1,0,0.0,0,0,0,1,C,E,11,46,nan
4ME3A,92,control,0,247,-1.360342264175415,-1.3600503206253052,-0.0002919435501098633,0,0,155,0,9,1,0,0.0,1,0,1,0,C,C,11,49,nan
4ME3A,92,control,0,261,-1.8571162223815918,-1.8574333190917969,0.0003170967102050781,0,1,169,0,4,1,0,0.0,1,0,1,0,C,C,11,53,nan
4ME3A,164,control,0,6,-3.942422866821289,-3.9423742294311523,-4.863739013671875e-05,0,0,158,-1,-1,-1,0,0.0,0,0,0,1,C,H,29,1,nan
4ME3A,164,control,0,20,-2.1647045612335205,-2.161102294921875,-0.003602266311645508,0,0,144,0,6,1,0,0.0,0,0,0,1,C,H,29,1,nan
4ME3A,164,control,0,34,-2.464367628097534,-2.4639434814453125,-0.0004241466522216797,0,0,130,0,6,1,0,0.0,0,0,0,1,C,H,29,3,nan
4ME3A,164,control,0,48,-0.8084140419960022,-0.8084819912910461,6.794929504394531e-05,0,0,116,0,6,1,0,0.0,0,0,0,1,C,E,29,5,nan
4ME3A,164,control,0,62,-4.381305694580078,-4.380077838897705,-0.0012278556823730469,0,0,102,0,8,1,0,0.0,0,0,0,1,C,H,29,8,nan
4ME3A,164,control,0,75,-1.525793194770813,-1.5242068767547607,-0.001586318016052246,0,0,89,0,6,1,0,0.0,0,0,0,1,C,H,29,10,nan
4ME3A,164,control,0,89,-3.4869227409362793,-3.4870376586914062,0.00011491775512695312,0,0,75,0,4,1,0,0.0,1,0,1,0,C,C,29,11,nan
4ME3A,164,control,0,103,-5.163547515869141,-5.172817230224609,0.00926971435546875,0,1,61,0,8,1,0,0.0,1,0,1,0,C,C,29,13,nan
4ME3A,164,control,0,117,-3.4771769046783447,-3.476712226867676,-0.0004646778106689453,0,0,47,0,8,1,0,0.0,0,0,0,1,C,H,29,18,nan
4ME3A,164,control,0,131,-0.3448372185230255,-0.343900591135025,-0.0009366273880004883,0,0,33,0,6,1,0,0.0,0,0,0,1,C,E,29,22,nan
4ME3A,164,control,0,192,-1.419485092163086,-1.4205596446990967,0.0010745525360107422,0,1,28,0,4,1,0,0.0,0,0,0,1,C,E,29,39,nan
4ME3A,164,control,0,205,-3.0161046981811523,-3.0148720741271973,-0.0012326240539550781,0,0,41,-1,-1,-1,0,0.0,0,0,0,1,C,H,29,41,nan
4ME3A,164,control,0,219,-4.213870525360107,-4.215380668640137,0.0015101432800292969,0,1,55,0,5,1,0,0.0,0,0,0,1,C,E,29,43,nan
4ME3A,164,control,0,233,-0.5041786432266235,-0.5040756464004517,-0.000102996826171875,0,0,69,0,7,1,0,0.0,0,0,0,1,C,E,29,46,nan
4ME3A,164,control,0,247,-1.360342264175415,-1.3606940507888794,0.00035178661346435547,0,0,83,0,10,1,0,0.0,1,0,1,0,C,C,29,49,nan
4ME3A,164,control,0,261,-1.8571162223815918,-1.861838698387146,0.004722476005554199,0,1,97,0,6,1,0,0.0,1,0,1,0,C,C,29,53,nan
4ME3A,213,control,0,6,-3.942422866821289,-3.941558361053467,-0.0008645057678222656,0,0,207,-1,-1,-1,0,0.0,0,0,0,1,C,H,42,1,nan
4ME3A,213,control,0,20,-2.1647045612335205,-2.1645426750183105,-0.00016188621520996094,0,0,193,0,7,1,0,0.0,0,0,0,1,C,H,42,1,nan
4ME3A,213,control,0,34,-2.464367628097534,-2.464440107345581,7.2479248046875e-05,0,0,179,0,8,1,0,0.0,0,0,0,1,C,H,42,3,nan
4ME3A,213,control,0,48,-0.8084140419960022,-0.8087078332901001,0.0002937912940979004,0,0,165,0,6,1,0,0.0,0,0,0,1,C,E,42,5,nan
4ME3A,213,control,0,62,-4.381305694580078,-4.381698131561279,0.0003924369812011719,0,0,151,0,6,1,0,0.0,0,0,0,1,C,H,42,8,nan
4ME3A,213,control,0,75,-1.525793194770813,-1.5272095203399658,0.001416325569152832,0,1,138,0,6,1,0,0.0,0,0,0,1,C,H,42,10,nan
4ME3A,213,control,0,89,-3.4869227409362793,-3.4870121479034424,8.940696716308594e-05,0,0,124,0,8,1,0,0.0,1,0,1,0,C,C,42,11,nan
4ME3A,213,control,0,103,-5.163547515869141,-5.164701461791992,0.0011539459228515625,0,1,110,0,4,1,0,0.0,1,0,1,0,C,C,42,13,nan
4ME3A,213,control,0,117,-3.4771769046783447,-3.4773359298706055,0.0001590251922607422,0,0,96,0,4,1,0,0.0,0,0,0,1,C,H,42,18,nan
4ME3A,213,control,0,131,-0.3448372185230255,-0.3452966511249542,0.00045943260192871094,0,0,82,0,3,1,0,0.0,0,0,0,1,C,E,42,22,nan
4ME3A,213,control,0,145,-0.320622980594635,-0.32114189863204956,0.0005189180374145508,0,1,68,0,9,1,0,0.0,0,0,0,1,C,E,42,26,nan
4ME3A,213,control,0,158,-2.4225544929504395,-2.42258882522583,3.4332275390625e-05,0,0,55,0,7,1,0,0.0,1,0,1,0,C,C,42,29,nan
4ME3A,213,control,0,172,-1.227504014968872,-1.2280282974243164,0.0005242824554443359,0,1,41,0,10,1,0,0.0,1,0,1,0,C,C,42,31,nan
4ME3A,213,control,0,186,-1.9807509183883667,-1.977881908416748,-0.0028690099716186523,0,0,27,0,7,1,0,0.0,0,0,0,1,C,H,42,37,nan
4ME3A,213,control,0,247,-1.360342264175415,-1.360339641571045,-2.6226043701171875e-06,0,0,34,0,6,1,0,0.0,1,0,1,0,C,C,42,49,nan
4ME3A,213,control,0,261,-1.8571162223815918,-1.8571287393569946,1.2516975402832031e-05,0,0,48,0,4,1,0,0.0,1,0,1,0,C,C,42,53,nan
4ME3A,202,control,0,6,-3.942422866821289,-3.942312240600586,-0.000110626220703125,0,0,196,-1,-1,-1,0,0.0,0,0,0,1,C,H,40,1,nan
4ME3A,202,control,0,20,-2.1647045612335205,-2.167541742324829,0.0028371810913085938,0,1,182,0,7,1,0,0.0,0,0,0,1,C,H,40,1,nan
4ME3A,202,control,0,34,-2.464367628097534,-2.463900566101074,-0.00046706199645996094,0,0,168,0,7,1,0,0.0,0,0,0,1,C,H,40,3,nan
4ME3A,202,control,0,48,-0.8084140419960022,-0.8083666563034058,-4.738569259643555e-05,0,0,154,0,5,1,0,0.0,0,0,0,1,C,E,40,5,nan
4ME3A,202,control,0,62,-4.381305694580078,-4.381476402282715,0.00017070770263671875,0,0,140,0,6,1,0,0.0,0,0,0,1,C,H,40,8,nan
4ME3A,202,control,0,75,-1.525793194770813,-1.5274629592895508,0.001669764518737793,0,1,127,0,6,1,0,0.0,0,0,0,1,C,H,40,10,nan
4ME3A,202,control,0,89,-3.4869227409362793,-3.4871435165405273,0.00022077560424804688,0,0,113,0,8,1,0,0.0,1,0,1,0,C,C,40,11,nan
4ME3A,202,control,0,103,-5.163547515869141,-5.164919376373291,0.0013718605041503906,0,1,99,0,3,1,0,0.0,1,0,1,0,C,C,40,13,nan
4ME3A,202,control,0,117,-3.4771769046783447,-3.4773173332214355,0.0001404285430908203,0,0,85,0,5,1,0,0.0,0,0,0,1,C,H,40,18,nan
4ME3A,202,control,0,131,-0.3448372185230255,-0.34434446692466736,-0.0004927515983581543,0,0,71,0,3,1,0,0.0,0,0,0,1,C,E,40,22,nan
4ME3A,202,control,0,145,-0.320622980594635,-0.32083654403686523,0.0002135634422302246,0,0,57,0,9,1,0,0.0,0,0,0,1,C,E,40,26,nan
4ME3A,202,control,0,158,-2.4225544929504395,-2.4226343631744385,7.987022399902344e-05,0,0,44,0,7,1,0,0.0,1,0,1,0,C,C,40,29,nan
4ME3A,202,control,0,172,-1.227504014968872,-1.2263667583465576,-0.0011372566223144531,0,0,30,0,10,1,0,0.0,1,0,1,0,C,C,40,31,nan
4ME3A,202,control,0,233,-0.5041786432266235,-0.5040236711502075,-0.00015497207641601562,0,0,31,0,2,1,4,0.23529411764705882,0,0,0,1,C,E,40,46,nan
4ME3A,202,control,0,247,-1.360342264175415,-1.3590327501296997,-0.001309514045715332,0,0,45,0,8,1,0,0.0,1,0,1,0,C,C,40,49,nan
4ME3A,202,control,0,261,-1.8571162223815918,-1.8603253364562988,0.0032091140747070312,0,1,59,0,4,1,0,0.0,1,0,1,0,C,C,40,53,nan
4N9WA,269,anchor_top1,1,10,-0.10956577956676483,-0.11758264154195786,0.008016861975193024,0,0,259,0,5,1,0,0.0,1,0,1,0,E,E,49,1,nan
4N9WA,269,anchor_top1,1,32,-0.43869319558143616,-0.45711126923561096,0.018418073654174805,1,1,237,0,6,1,0,0.0,0,0,0,1,E,H,49,3,nan
4N9WA,269,anchor_top1,1,53,-0.853212833404541,-0.8574368953704834,0.004224061965942383,0,0,216,0,6,1,0,0.0,0,0,0,1,E,C,49,6,nan
4N9WA,269,anchor_top1,1,75,-0.5008430480957031,-0.47933170199394226,-0.021511346101760864,0,0,194,0,8,1,0,0.0,0,0,0,1,E,C,49,12,nan
4N9WA,269,anchor_top1,1,96,-1.5667142868041992,-1.5711513757705688,0.004437088966369629,0,0,173,0,5,1,0,0.0,1,0,1,0,E,E,49,15,nan
4N9WA,269,anchor_top1,1,117,-0.0657212883234024,-0.06351064890623093,-0.0022106394171714783,0,0,152,0,5,1,0,0.0,1,0,1,0,E,E,49,20,nan
4N9WA,269,anchor_top1,1,139,-1.419674038887024,-1.4497817754745483,0.030107736587524414,1,1,130,0,7,1,0,0.0,0,0,0,1,E,H,49,22,nan
4N9WA,269,anchor_top1,1,160,-0.7848818898200989,-0.8021106123924255,0.01722872257232666,1,0,109,-1,-1,-1,0,0.0,0,0,0,1,E,H,49,26,nan
4N9WA,269,anchor_top1,1,182,-1.2472693920135498,-1.2149430513381958,-0.032326340675354004,0,0,87,0,3,1,0,0.0,0,0,0,1,E,C,49,33,nan
4N9WA,269,anchor_top1,1,203,-0.7191711068153381,-0.6550886631011963,-0.06408244371414185,0,0,66,0,4,1,0,0.0,0,0,0,1,E,H,49,36,nan
4N9WA,269,anchor_top1,1,225,-2.7709598541259766,-2.8490376472473145,0.07807779312133789,1,1,44,0,2,1,1,0.037037037037037035,1,0,1,0,E,E,49,40,nan
4N9WA,269,anchor_top1,1,293,-0.719746470451355,-0.6941447257995605,-0.025601744651794434,0,0,24,1,1,1,7,0.28,1,0,1,0,E,E,49,53,nan
4N9WA,269,anchor_top1,1,314,-1.0148036479949951,-1.0830914974212646,0.06828784942626953,1,1,45,0,2,1,1,0.03571428571428571,1,0,1,0,E,E,49,59,nan
4N9WA,269,anchor_top1,1,336,-0.09825315326452255,-0.10022179037332535,0.0019686371088027954,0,0,67,0,2,1,2,0.07407407407407407,0,0,0,1,E,H,49,63,nan
4N9WA,269,anchor_top1,1,357,-1.9815781116485596,-1.957932472229004,-0.023645639419555664,0,0,88,0,5,1,0,0.0,0,0,0,1,E,H,49,65,nan
4N9WA,269,anchor_top1,1,379,-1.856454849243164,-1.8613924980163574,0.004937648773193359,0,0,110,-1,-1,-1,0,0.0,0,0,0,1,E,C,49,68,nan
4N9WA,293,anchor_top2,1,10,-0.10956577956676483,-0.107747882604599,-0.0018178969621658325,0,0,283,0,5,1,0,0.0,1,0,1,0,E,E,53,1,nan
4N9WA,293,anchor_top2,1,32,-0.43869319558143616,-0.4378869831562042,-0.0008062124252319336,0,0,261,0,6,1,0,0.0,0,0,0,1,E,H,53,3,nan
4N9WA,293,anchor_top2,1,53,-0.853212833404541,-0.8560512065887451,0.0028383731842041016,0,0,240,0,6,1,0,0.0,0,0,0,1,E,C,53,6,nan
4N9WA,293,anchor_top2,1,75,-0.5008430480957031,-0.4942435622215271,-0.006599485874176025,0,0,218,0,8,1,0,0.0,0,0,0,1,E,C,53,12,nan
4N9WA,293,anchor_top2,1,96,-1.5667142868041992,-1.5540695190429688,-0.012644767761230469,0,0,197,0,5,1,0,0.0,1,0,1,0,E,E,53,15,nan
4N9WA,293,anchor_top2,1,117,-0.0657212883234024,-0.06598011404275894,0.00025882571935653687,0,0,176,0,5,1,0,0.0,1,0,1,0,E,E,53,20,nan
4N9WA,293,anchor_top2,1,139,-1.419674038887024,-1.4266719818115234,0.006997942924499512,0,0,154,0,7,1,0,0.0,0,0,0,1,E,H,53,22,nan
4N9WA,293,anchor_top2,1,160,-0.7848818898200989,-0.782062292098999,-0.0028195977210998535,0,0,133,-1,-1,-1,0,0.0,0,0,0,1,E,H,53,26,nan
4N9WA,293,anchor_top2,1,182,-1.2472693920135498,-1.2664411067962646,0.019171714782714844,1,1,111,0,3,1,0,0.0,0,0,0,1,E,C,53,33,nan
4N9WA,293,anchor_top2,1,203,-0.7191711068153381,-0.7377726435661316,0.018601536750793457,1,1,90,0,4,1,0,0.0,0,0,0,1,E,H,53,36,nan
4N9WA,293,anchor_top2,1,225,-2.7709598541259766,-2.7683119773864746,-0.002647876739501953,0,0,68,0,3,1,0,0.0,1,0,1,0,E,E,53,40,nan
4N9WA,293,anchor_top2,1,246,-1.660090446472168,-1.6633703708648682,0.0032799243927001953,0,0,47,0,5,1,0,0.0,0,0,0,1,E,H,53,42,nan
4N9WA,293,anchor_top2,1,267,-1.261397123336792,-1.2757086753845215,0.014311552047729492,1,1,26,0,2,1,3,0.12,0,0,0,1,E,C,53,48,nan
4N9WA,293,anchor_top2,1,336,-0.09825315326452255,-0.09938232600688934,0.0011291727423667908,0,0,43,0,2,1,3,0.11538461538461539,0,0,0,1,E,H,53,63,nan
4N9WA,293,anchor_top2,1,357,-1.9815781116485596,-1.9720650911331177,-0.009513020515441895,0,0,64,0,5,1,0,0.0,0,0,0,1,E,H,53,65,nan
4N9WA,293,anchor_top2,1,379,-1.856454849243164,-1.8997434377670288,0.043288588523864746,1,1,86,-1,-1,-1,0,0.0,0,0,0,1,E,C,53,68,nan
4N9WA,286,anchor_top3,1,10,-0.10956577956676483,-0.09885428845882416,-0.010711491107940674,0,0,276,0,5,1,0,0.0,0,0,0,1,H,E,51,1,nan
4N9WA,286,anchor_top3,1,32,-0.43869319558143616,-0.427386611700058,-0.011306583881378174,0,0,254,0,5,1,0,0.0,1,0,1,0,H,H,51,3,nan
4N9WA,286,anchor_top3,1,53,-0.853212833404541,-0.7745885252952576,-0.07862430810928345,0,0,233,0,5,1,0,0.0,0,0,0,1,H,C,51,6,nan
4N9WA,286,anchor_top3,1,75,-0.5008430480957031,-0.5076846480369568,0.006841599941253662,0,0,211,0,8,1,0,0.0,0,0,0,1,H,C,51,12,nan
4N9WA,286,anchor_top3,1,96,-1.5667142868041992,-1.5753700733184814,0.008655786514282227,0,1,190,0,5,1,0,0.0,0,0,0,1,H,E,51,15,nan
4N9WA,286,anchor_top3,1,117,-0.0657212883234024,-0.06757903844118118,0.001857750117778778,0,0,169,0,5,1,0,0.0,0,0,0,1,H,E,51,20,nan
4N9WA,286,anchor_top3,1,139,-1.419674038887024,-1.3660656213760376,-0.05360841751098633,0,0,147,0,7,1,0,0.0,1,0,1,0,H,H,51,22,nan
4N9WA,286,anchor_top3,1,160,-0.7848818898200989,-0.799843966960907,0.014962077140808105,1,1,126,-1,-1,-1,0,0.0,1,0,1,0,H,H,51,26,nan
4N9WA,286,anchor_top3,1,182,-1.2472693920135498,-1.1858044862747192,-0.061464905738830566,0,0,104,0,3,1,0,0.0,0,0,0,1,H,C,51,33,nan
4N9WA,286,anchor_top3,1,203,-0.7191711068153381,-0.6018889546394348,-0.11728215217590332,0,0,83,0,4,1,0,0.0,1,0,1,0,H,H,51,36,nan
4N9WA,286,anchor_top3,1,225,-2.7709598541259766,-2.763502597808838,-0.007457256317138672,0,0,61,0,3,1,0,0.0,0,0,0,1,H,E,51,40,nan
4N9WA,286,anchor_top3,1,246,-1.660090446472168,-1.6441885232925415,-0.015901923179626465,0,0,40,0,4,1,0,0.0,1,0,1,0,H,H,51,42,nan
4N9WA,286,anchor_top3,1,314,-1.0148036479949951,-1.0452001094818115,0.030396461486816406,1,1,28,0,3,1,0,0.0,0,0,0,1,H,E,51,59,nan
4N9WA,286,anchor_top3,1,336,-0.09825315326452255,-0.09779198467731476,-0.0004611685872077942,0,0,50,0,2,1,1,0.03571428571428571,1,0,1,0,H,H,51,63,nan
4N9WA,286,anchor_top3,1,357,-1.9815781116485596,-1.9902160167694092,0.00863790512084961,0,1,71,0,4,1,0,0.0,1,0,1,0,H,H,51,65,nan
4N9WA,286,anchor_top3,1,379,-1.856454849243164,-1.8580632209777832,0.0016083717346191406,0,0,93,-1,-1,-1,0,0.0,0,0,0,1,H,C,51,68,nan
4N9WA,296,control,0,10,-0.10956577956676483,-0.10956909507513046,3.3155083656311035e-06,0,0,286,0,6,1,0,0.0,1,0,1,0,E,E,53,1,nan
4N9WA,296,control,0,32,-0.43869319558143616,-0.4388030469417572,0.00010985136032104492,0,0,264,0,7,1,0,0.0,0,0,0,1,E,H,53,3,nan
4N9WA,296,control,0,53,-0.853212833404541,-0.8532440066337585,3.11732292175293e-05,0,0,243,0,7,1,0,0.0,0,0,0,1,E,C,53,6,nan
4N9WA,296,control,0,75,-0.5008430480957031,-0.5009077191352844,6.467103958129883e-05,0,0,221,0,7,1,0,0.0,0,0,0,1,E,C,53,12,nan
4N9WA,296,control,0,96,-1.5667142868041992,-1.5667577981948853,4.3511390686035156e-05,0,0,200,0,5,1,0,0.0,1,0,1,0,E,E,53,15,nan
4N9WA,296,control,0,117,-0.0657212883234024,-0.06572485715150833,3.5688281059265137e-06,0,0,179,0,6,1,0,0.0,1,0,1,0,E,E,53,20,nan
4N9WA,296,control,0,139,-1.419674038887024,-1.419931411743164,0.0002573728561401367,0,1,157,0,7,1,0,0.0,0,0,0,1,E,H,53,22,nan
4N9WA,296,control,0,160,-0.7848818898200989,-0.784777045249939,-0.00010484457015991211,0,0,136,-1,-1,-1,0,0.0,0,0,0,1,E,H,53,26,nan
4N9WA,296,control,0,182,-1.2472693920135498,-1.24724280834198,-2.658367156982422e-05,0,0,114,0,5,1,0,0.0,0,0,0,1,E,C,53,33,nan
4N9WA,296,control,0,203,-0.7191711068153381,-0.7188045978546143,-0.00036650896072387695,0,0,93,0,2,1,1,0.05,0,0,0,1,E,H,53,36,nan
4N9WA,296,control,0,225,-2.7709598541259766,-2.771890878677368,0.0009310245513916016,0,1,71,0,4,1,0,0.0,1,0,1,0,E,E,53,40,nan
4N9WA,296,control,0,246,-1.660090446472168,-1.6603305339813232,0.00024008750915527344,0,0,50,0,4,1,0,0.0,0,0,0,1,E,H,53,42,nan
4N9WA,296,control,0,267,-1.261397123336792,-1.2622066736221313,0.0008095502853393555,0,1,29,0,4,1,0,0.0,0,0,0,1,E,C,53,48,nan
4N9WA,296,control,0,336,-0.09825315326452255,-0.09817535430192947,-7.779896259307861e-05,0,0,40,0,4,1,0,0.0,0,0,0,1,E,H,53,63,nan
4N9WA,296,control,0,357,-1.9815781116485596,-1.981828212738037,0.00025010108947753906,0,1,61,0,6,1,0,0.0,0,0,0,1,E,H,53,65,nan
4N9WA,296,control,0,379,-1.856454849243164,-1.8563332557678223,-0.00012159347534179688,0,0,83,-1,-1,-1,0,0.0,0,0,0,1,E,C,53,68,nan
4N9WA,10,control,0,45,-4.29730749130249,-4.312772750854492,0.015465259552001953,1,1,35,0,2,1,3,0.125,0,0,0,1,E,C,1,6,nan
4N9WA,10,control,0,67,-0.01281808689236641,-0.012817498296499252,-5.885958671569824e-07,0,0,57,0,5,1,0,0.0,0,0,0,1,E,C,1,10,nan
4N9WA,10,control,0,89,-0.6360697746276855,-0.6368497610092163,0.0007799863815307617,0,1,79,0,3,1,0,0.0,0,0,0,1,E,H,1,13,nan
4N9WA,10,control,0,111,-1.4017863273620605,-1.3999489545822144,-0.0018373727798461914,0,0,101,0,3,1,0,0.0,0,0,0,1,E,H,1,17,nan
4N9WA,10,control,0,134,-3.549813747406006,-3.548025608062744,-0.0017881393432617188,0,0,124,0,4,1,0,0.0,0,0,0,1,E,H,1,22,nan
4N9WA,10,control,0,156,-2.3663551807403564,-2.3665125370025635,0.00015735626220703125,0,0,146,-1,-1,-1,0,0.0,0,0,0,1,E,H,1,26,nan
4N9WA,10,control,0,178,-0.6302250027656555,-0.630439043045044,0.00021404027938842773,0,1,168,0,4,1,0,0.0,0,0,0,1,E,H,1,32,nan
4N9WA,10,control,0,200,-2.7935142517089844,-2.792254686355591,-0.0012595653533935547,0,0,190,0,4,1,0,0.0,0,0,0,1,E,C,1,35,nan
4N9WA,10,control,0,223,-0.2144429236650467,-0.21436403691768646,-7.888674736022949e-05,0,0,213,0,7,1,0,0.0,0,0,0,1,E,C,1,39,nan
4N9WA,10,control,0,245,-0.5556764602661133,-0.5557792782783508,0.00010281801223754883,0,0,235,0,6,1,0,0.0,0,0,0,1,E,H,1,42,nan
4N9WA,10,control,0,267,-1.261397123336792,-1.2604271173477173,-0.000970005989074707,0,0,257,0,6,1,0,0.0,0,0,0,1,E,C,1,48,nan
4N9WA,10,control,0,289,-0.29287609457969666,-0.2931269705295563,0.00025087594985961914,0,1,279,0,5,1,0,0.0,0,0,0,1,E,C,1,52,nan
4N9WA,10,control,0,312,-1.5240488052368164,-1.5240482091903687,-5.960464477539062e-07,0,0,302,0,6,1,0,0.0,1,0,1,0,E,E,1,59,nan
4N9WA,10,control,0,334,-3.898376703262329,-3.898348331451416,-2.8371810913085938e-05,0,0,324,0,8,1,0,0.0,0,0,0,1,E,H,1,63,nan
4N9WA,10,control,0,356,-2.565805435180664,-2.56550931930542,-0.0002961158752441406,0,0,346,0,3,1,0,0.0,0,0,0,1,E,H,1,65,nan
4N9WA,10,control,0,378,-1.7767528295516968,-1.7766543626785278,-9.846687316894531e-05,0,0,368,-1,-1,-1,0,0.0,0,0,0,1,E,C,1,68,nan
4N9WA,93,control,0,10,-0.10956577956676483,-0.10980859398841858,0.00024281442165374756,0,1,83,0,3,1,0,0.0,1,0,1,0,E,E,15,1,nan
4N9WA,93,control,0,32,-0.43869319558143616,-0.4394475221633911,0.0007543265819549561,0,1,61,0,3,1,0,0.0,0,0,0,1,E,H,15,3,nan
4N9WA,93,control,0,53,-0.853212833404541,-0.8536072969436646,0.00039446353912353516,0,1,40,0,3,1,0,0.0,0,0,0,1,E,C,15,6,nan
4N9WA,93,control,0,122,-0.7423346042633057,-0.7427751421928406,0.0004405379295349121,0,1,29,0,4,1,0,0.0,0,0,0,1,E,C,15,21,nan
4N9WA,93,control,0,143,-1.0223820209503174,-1.0218042135238647,-0.0005778074264526367,0,0,50,0,2,1,1,0.04,0,0,0,1,E,C,15,23,nan
4N9WA,93,control,0,164,-3.8287885189056396,-3.828805685043335,1.71661376953125e-05,0,0,71,-1,-1,-1,0,0.0,0,0,0,1,E,C,15,27,nan
4N9WA,93,control,0,186,-1.208911418914795,-1.2085834741592407,-0.0003279447555541992,0,0,93,0,8,1,0,0.0,0,0,0,1,E,C,15,33,nan
4N9WA,93,control,0,207,-3.864119529724121,-3.863912582397461,-0.00020694732666015625,0,0,114,0,8,1,0,0.0,0,0,0,1,E,H,15,38,nan
4N9WA,93,control,0,229,-3.2801461219787598,-3.2791574001312256,-0.0009887218475341797,0,0,136,0,7,1,0,0.0,1,0,1,0,E,E,15,40,nan
4N9WA,93,control,0,250,-0.18551725149154663,-0.18548288941383362,-3.4362077713012695e-05,0,0,157,0,8,1,0,0.0,1,0,1,0,E,E,15,43,nan
4N9WA,93,control,0,272,-0.004753835499286652,-0.004756564274430275,2.728775143623352e-06,0,0,179,0,7,1,0,0.0,0,0,0,1,E,C,15,50,nan
4N9WA,93,control,0,293,-0.719746470451355,-0.7196555733680725,-9.08970832824707e-05,0,0,200,0,6,1,0,0.0,1,0,1,0,E,E,15,53,nan
4N9WA,93,control,0,314,-1.0148036479949951,-1.0150071382522583,0.0002034902572631836,0,0,221,0,7,1,0,0.0,1,0,1,0,E,E,15,59,nan
4N9WA,93,control,0,336,-0.09825315326452255,-0.09826460480690002,1.1451542377471924e-05,0,0,243,0,8,1,0,0.0,0,0,0,1,E,H,15,63,nan
4N9WA,93,control,0,357,-1.9815781116485596,-1.9816185235977173,4.0411949157714844e-05,0,0,264,0,3,1,0,0.0,0,0,0,1,E,H,15,65,nan
4N9WA,93,control,0,379,-1.856454849243164,-1.8565006256103516,4.57763671875e-05,0,0,286,-1,-1,-1,0,0.0,0,0,0,1,E,C,15,68,nan
4N9WA,227,control,0,10,-0.10956577956676483,-0.10960061103105545,3.4831464290618896e-05,0,0,217,0,5,1,0,0.0,1,0,1,0,E,E,40,1,nan
4N9WA,227,control,0,32,-0.43869319558143616,-0.4386197030544281,-7.349252700805664e-05,0,0,195,0,7,1,0,0.0,0,0,0,1,E,H,40,3,nan
4N9WA,227,control,0,53,-0.853212833404541,-0.8531346321105957,-7.82012939453125e-05,0,0,174,0,7,1,0,0.0,0,0,0,1,E,C,40,6,nan
4N9WA,227,control,0,75,-0.5008430480957031,-0.5009492039680481,0.0001061558723449707,0,0,152,0,8,1,0,0.0,0,0,0,1,E,C,40,12,nan
4N9WA,227,control,0,96,-1.5667142868041992,-1.5669395923614502,0.00022530555725097656,0,0,131,0,7,1,0,0.0,1,0,1,0,E,E,40,15,nan
4N9WA,227,control,0,117,-0.0657212883234024,-0.0657125785946846,-8.709728717803955e-06,0,0,110,0,7,1,0,0.0,1,0,1,0,E,E,40,20,nan
4N9WA,227,control,0,139,-1.419674038887024,-1.4202553033828735,0.0005812644958496094,0,1,88,0,9,1,0,0.0,0,0,0,1,E,H,40,22,nan
4N9WA,227,control,0,160,-0.7848818898200989,-0.7848385572433472,-4.3332576751708984e-05,0,0,67,-1,-1,-1,0,0.0,0,0,0,1,E,H,40,26,nan
4N9WA,227,control,0,182,-1.2472693920135498,-1.2477420568466187,0.00047266483306884766,0,1,45,0,3,1,0,0.0,0,0,0,1,E,C,40,33,nan
4N9WA,227,control,0,203,-0.7191711068153381,-0.7215261459350586,0.002355039119720459,0,1,24,0,4,1,0,0.0,0,0,0,1,E,H,40,36,nan
4N9WA,227,control,0,272,-0.004753835499286652,-0.0047616660594940186,7.830560207366943e-06,0,0,45,0,2,1,1,0.038461538461538464,0,0,0,1,E,C,40,50,nan
4N9WA,227,control,0,293,-0.719746470451355,-0.7200585603713989,0.0003120899200439453,0,0,66,0,3,1,0,0.0,1,0,1,0,E,E,40,53,nan
4N9WA,227,control,0,314,-1.0148036479949951,-1.0160293579101562,0.0012257099151611328,0,1,87,0,3,1,0,0.0,1,0,1,0,E,E,40,59,nan
4N9WA,227,control,0,336,-0.09825315326452255,-0.09826644510030746,1.329183578491211e-05,0,0,109,0,3,1,0,0.0,0,0,0,1,E,H,40,63,nan
4N9WA,227,control,0,357,-1.9815781116485596,-1.9813562631607056,-0.0002218484878540039,0,0,130,0,6,1,0,0.0,0,0,0,1,E,H,40,65,nan
4N9WA,227,control,0,379,-1.856454849243164,-1.8563942909240723,-6.0558319091796875e-05,0,0,152,-1,-1,-1,0,0.0,0,0,0,1,E,C,40,68,nan
4N9WA,112,control,0,10,-0.10956577956676483,-0.11037891358137131,0.0008131340146064758,0,1,102,0,3,1,0,0.0,1,0,1,0,E,E,18,1,nan
4N9WA,112,control,0,32,-0.43869319558143616,-0.4373614192008972,-0.0013317763805389404,0,0,80,0,4,1,0,0.0,0,0,0,1,E,H,18,3,nan
4N9WA,112,control,0,53,-0.853212833404541,-0.855839729309082,0.0026268959045410156,0,1,59,0,4,1,0,0.0,0,0,0,1,E,C,18,6,nan
4N9WA,112,control,0,75,-0.5008430480957031,-0.506384015083313,0.005540966987609863,0,1,37,0,3,1,0,0.0,0,0,0,1,E,C,18,12,nan
4N9WA,112,control,0,143,-1.0223820209503174,-1.024071216583252,0.0016891956329345703,0,1,31,1,1,1,4,0.19047619047619047,0,0,0,1,E,C,18,23,nan
4N9WA,112,control,0,164,-3.8287885189056396,-3.829474449157715,0.0006859302520751953,0,0,52,-1,-1,-1,0,0.0,0,0,0,1,E,C,18,27,nan
4N9WA,112,control,0,186,-1.208911418914795,-1.20919930934906,0.0002878904342651367,0,0,74,0,9,1,0,0.0,0,0,0,1,E,C,18,33,nan
4N9WA,112,control,0,207,-3.864119529724121,-3.864720344543457,0.0006008148193359375,0,0,95,0,8,1,0,0.0,0,0,0,1,E,H,18,38,nan
4N9WA,112,control,0,229,-3.2801461219787598,-3.2754015922546387,-0.004744529724121094,0,0,117,0,7,1,0,0.0,1,0,1,0,E,E,18,40,nan
4N9WA,112,control,0,250,-0.18551725149154663,-0.18577587604522705,0.0002586245536804199,0,0,138,0,8,1,0,0.0,1,0,1,0,E,E,18,43,nan
4N9WA,112,control,0,272,-0.004753835499286652,-0.004763682838529348,9.847339242696762e-06,0,0,160,0,8,1,0,0.0,0,0,0,1,E,C,18,50,nan
4N9WA,112,control,0,293,-0.719746470451355,-0.7193984985351562,-0.00034797191619873047,0,0,181,0,7,1,0,0.0,1,0,1,0,E,E,18,53,nan
4N9WA,112,control,0,314,-1.0148036479949951,-1.0150951147079468,0.00029146671295166016,0,0,202,0,8,1,0,0.0,1,0,1,0,E,E,18,59,nan
4N9WA,112,control,0,336,-0.09825315326452255,-0.09829583764076233,4.268437623977661e-05,0,0,224,0,9,1,0,0.0,0,0,0,1,E,H,18,63,nan
4N9WA,112,control,0,357,-1.9815781116485596,-1.9814947843551636,-8.33272933959961e-05,0,0,245,0,5,1,0,0.0,0,0,0,1,E,H,18,65,nan
4N9WA,112,control,0,379,-1.856454849243164,-1.8565207719802856,6.592273712158203e-05,0,0,267,-1,-1,-1,0,0.0,0,0,0,1,E,C,18,68,nan
4OY3A,73,anchor_top1,1,5,-0.1500440090894699,-0.14865559339523315,-0.0013884156942367554,0,0,68,1,1,1,7,0.30434782608695654,1,0,1,0,E,E,13,1,nan
4OY3A,73,anchor_top1,1,17,-2.302496910095215,-2.4060142040252686,0.10351729393005371,1,1,56,0,2,1,1,0.03225806451612903,0,0,0,1,E,H,13,3,nan
4OY3A,73,anchor_top1,1,28,-1.2031407356262207,-1.261539340019226,0.05839860439300537,1,1,45,0,3,1,0,0.0,1,0,1,0,E,E,13,5,nan
4OY3A,73,anchor_top1,1,40,-3.206467866897583,-3.1913399696350098,-0.015127897262573242,0,0,33,0,3,1,0,0.0,1,0,1,0,E,E,13,7,nan
4OY3A,73,anchor_top1,1,98,-0.5739072561264038,-0.7230938076972961,0.14918655157089233,1,1,25,0,3,1,0,0.0,1,0,1,0,E,E,13,17,nan
4OY3A,73,anchor_top1,1,110,-0.5932243466377258,-0.6284642815589905,0.03523993492126465,1,0,37,0,5,1,0,0.0,0,0,0,1,E,C,13,20,nan
4OY3A,73,anchor_top1,1,121,-2.028380870819092,-2.176487445831299,0.14810657501220703,1,1,48,0,3,1,0,0.0,1,0,1,0,E,E,13,21,nan
4OY3A,73,anchor_top1,1,133,-0.5078952312469482,-0.5460755825042725,0.03818035125732422,1,0,60,0,3,1,0,0.0,0,0,0,1,E,H,13,23,nan
4OY3A,73,anchor_top1,1,144,-0.543871283531189,-0.547368586063385,0.003497302532196045,0,0,71,0,3,1,0,0.0,1,0,1,0,E,E,13,25,nan
4OY3A,73,anchor_top1,1,156,-0.4231297969818115,-0.4150141179561615,-0.008115679025650024,0,0,83,0,6,1,0,0.0,0,0,0,1,E,C,13,26,nan
4OY3A,73,anchor_top1,1,167,-0.20425742864608765,-0.18834978342056274,-0.015907645225524902,0,0,94,0,4,1,0,0.0,0,0,0,1,E,H,13,27,nan
4OY3A,73,anchor_top1,1,179,-0.7253738641738892,-0.6919957995414734,-0.03337806463241577,0,0,106,1,1,1,5,0.1724137931034483,0,0,0,1,E,H,13,33,nan
4OY3A,73,anchor_top1,1,190,-1.6088438034057617,-1.3670825958251953,-0.2417612075805664,0,0,117,1,1,1,8,0.3333333333333333,1,0,1,0,E,E,13,35,nan
4OY3A,73,anchor_top1,1,202,-0.9996792674064636,-1.0092941522598267,0.009614884853363037,0,0,129,0,6,1,0,0.0,0,0,0,1,E,C,13,38,nan
4OY3A,73,anchor_top1,1,213,-1.299635887145996,-1.3238472938537598,0.024211406707763672,1,0,140,0,4,1,0,0.0,0,0,0,1,E,H,13,39,nan
4OY3A,73,anchor_top1,1,225,-3.132674217224121,-3.1441354751586914,0.011461257934570312,1,0,152,0,3,1,0,0.0,0,0,0,1,E,H,13,39,nan
4OY3A,193,anchor_top2,1,5,-0.1500440090894699,-0.15461596846580505,0.004571959376335144,0,0,188,0,2,1,1,0.03571428571428571,1,0,1,0,E,E,35,1,nan
4OY3A,193,anchor_top2,1,17,-2.302496910095215,-2.273235321044922,-0.02926158905029297,0,0,176,0,2,1,2,0.06896551724137931,0,0,0,1,E,H,35,3,nan
4OY3A,193,anchor_top2,1,28,-1.2031407356262207,-1.180617094039917,-0.02252364158630371,0,0,165,0,4,1,0,0.0,1,0,1,0,E,E,35,5,nan
4OY3A,193,anchor_top2,1,40,-3.206467866897583,-3.1679561138153076,-0.03851175308227539,0,0,153,0,3,1,0,0.0,1,0,1,0,E,E,35,7,nan
4OY3A,193,anchor_top2,1,51,-2.584179639816284,-2.52424955368042,-0.05993008613586426,0,0,142,0,3,1,0,0.0,0,0,0,1,E,C,35,10,nan
4OY3A,193,anchor_top2,1,63,-1.993405818939209,-1.9733656644821167,-0.020040154457092285,0,0,130,0,4,1,0,0.0,0,0,0,1,E,H,35,11,nan
4OY3A,193,anchor_top2,1,74,-1.6549627780914307,-1.6564890146255493,0.0015262365341186523,0,0,119,1,1,1,5,0.19230769230769232,1,0,1,0,E,E,35,13,nan
4OY3A,193,anchor_top2,1,86,-0.24834255874156952,-0.2571631073951721,0.0088205486536026,0,1,107,0,2,1,1,0.037037037037037035,0,0,0,1,E,C,35,14,nan
4OY3A,193,anchor_top2,1,97,-0.8159588575363159,-0.8811534643173218,0.06519460678100586,1,1,96,0,2,1,1,0.03225806451612903,1,0,1,0,E,E,35,17,nan
4OY3A,193,anchor_top2,1,109,-3.0674352645874023,-3.085449457168579,0.018014192581176758,1,1,84,0,5,1,0,0.0,0,0,0,1,E,C,35,20,nan
4OY3A,193,anchor_top2,1,120,-1.4160711765289307,-1.4191722869873047,0.0031011104583740234,0,0,73,0,3,1,0,0.0,1,0,1,0,E,E,35,21,nan
4OY3A,193,anchor_top2,1,132,-0.8583656549453735,-0.8539926409721375,-0.004373013973236084,0,0,61,0,2,1,2,0.08,0,0,0,1,E,H,35,23,nan
4OY3A,193,anchor_top2,1,143,-1.5111093521118164,-1.5037606954574585,-0.00734865665435791,0,0,50,0,2,1,3,0.12,1,0,1,0,E,E,35,25,nan
4OY3A,193,anchor_top2,1,155,-3.9474658966064453,-3.909104824066162,-0.0383610725402832,0,0,38,0,4,1,0,0.0,0,0,0,1,E,C,35,26,nan
4OY3A,193,anchor_top2,1,166,-2.7412173748016357,-2.770297050476074,0.029079675674438477,1,1,27,0,5,1,0,0.0,0,0,0,1,E,H,35,27,nan
4OY3A,193,anchor_top2,1,225,-3.132674217224121,-3.114595413208008,-0.01807880401611328,0,0,32,0,2,1,3,0.13043478260869565,0,0,0,1,E,H,35,39,nan
4OY3A,6,anchor_top3,1,36,-2.4074654579162598,-2.438591957092285,0.03112649917602539,1,1,30,0,2,1,4,0.16,1,0,1,0,E,E,1,7,nan
4OY3A,6,anchor_top3,1,48,-1.1047645807266235,-1.101638674736023,-0.003125905990600586,0,0,42,1,1,1,5,0.2,1,0,1,0,E,E,1,9,nan
4OY3A,6,anchor_top3,1,61,-0.8718569874763489,-0.8731558918952942,0.0012989044189453125,0,0,55,0,2,1,2,0.06896551724137931,0,0,0,1,E,H,1,11,nan
4OY3A,6,anchor_top3,1,73,-1.097043752670288,-1.0961824655532837,-0.0008612871170043945,0,0,67,1,1,1,5,0.17857142857142858,1,0,1,0,E,E,1,13,nan
4OY3A,6,anchor_top3,1,86,-0.24834255874156952,-0.2487296164035797,0.00038705766201019287,0,0,80,0,4,1,0,0.0,0,0,0,1,E,C,1,14,nan
4OY3A,6,anchor_top3,1,99,-0.4255894422531128,-0.4356396496295929,0.010050207376480103,1,1,93,0,4,1,0,0.0,1,0,1,0,E,E,1,17,nan
4OY3A,6,anchor_top3,1,111,-2.4350078105926514,-2.425168991088867,-0.00983881950378418,0,0,105,0,5,1,0,0.0,0,0,0,1,E,C,1,20,nan
4OY3A,6,anchor_top3,1,124,-3.919131278991699,-3.918125867843628,-0.001005411148071289,0,0,118,0,3,1,0,0.0,0,0,0,1,E,C,1,22,nan
4OY3A,6,anchor_top3,1,136,-2.852436065673828,-2.8529105186462402,0.0004744529724121094,0,0,130,0,4,1,0,0.0,0,0,0,1,E,H,1,23,nan
4OY3A,6,anchor_top3,1,149,-0.48302245140075684,-0.4810243248939514,-0.00199812650680542,0,0,143,0,3,1,0,0.0,1,0,1,0,E,E,1,25,nan
4OY3A,6,anchor_top3,1,161,-1.2782667875289917,-1.2770434617996216,-0.0012233257293701172,0,0,155,0,6,1,0,0.0,0,0,0,1,E,H,1,27,nan
4OY3A,6,anchor_top3,1,174,-0.0014454403426498175,-0.0014619863359257579,1.6545993275940418e-05,0,0,168,0,3,1,0,0.0,0,0,0,1,E,C,1,32,nan
4OY3A,6,anchor_top3,1,187,-1.5429496765136719,-1.5415232181549072,-0.0014264583587646484,0,0,181,0,3,1,0,0.0,0,0,0,1,E,C,1,34,nan
4OY3A,6,anchor_top3,1,199,-0.9329099655151367,-0.9370235800743103,0.004113614559173584,0,1,193,0,4,1,0,0.0,0,0,0,1,E,C,1,38,nan
4OY3A,6,anchor_top3,1,212,-1.8949456214904785,-1.884446620941162,-0.010499000549316406,0,0,206,0,3,1,0,0.0,0,0,0,1,E,H,1,39,nan
4OY3A,6,anchor_top3,1,224,-2.728336811065674,-2.763800621032715,0.035463809967041016,1,1,218,0,2,1,3,0.125,0,0,0,1,E,H,1,39,nan
4OY3A,98,control,0,5,-0.1500440090894699,-0.1499781459569931,-6.586313247680664e-05,0,0,93,0,4,1,0,0.0,1,0,1,0,E,E,17,1,nan
4OY3A,98,control,0,17,-2.302496910095215,-2.301192283630371,-0.00130462646484375,0,0,81,0,4,1,0,0.0,0,0,0,1,E,H,17,3,nan
4OY3A,98,control,0,28,-1.2031407356262207,-1.202878475189209,-0.00026226043701171875,0,0,70,0,6,1,0,0.0,1,0,1,0,E,E,17,5,nan
4OY3A,98,control,0,40,-3.206467866897583,-3.2077465057373047,0.0012786388397216797,0,1,58,0,6,1,0,0.0,1,0,1,0,E,E,17,7,nan
4OY3A,98,control,0,51,-2.584179639816284,-2.585165500640869,0.000985860824584961,0,1,47,0,3,1,0,0.0,0,0,0,1,E,C,17,10,nan
4OY3A,98,control,0,63,-1.993405818939209,-1.9928096532821655,-0.000596165657043457,0,0,35,0,4,1,0,0.0,0,0,0,1,E,H,17,11,nan
4OY3A,98,control,0,74,-1.6549627780914307,-1.6546053886413574,-0.0003573894500732422,0,0,24,0,4,1,0,0.0,1,0,1,0,E,E,17,13,nan
4OY3A,98,control,0,133,-0.5078952312469482,-0.5081038475036621,0.0002086162567138672,0,1,35,0,5,1,0,0.0,0,0,0,1,E,H,17,23,nan
4OY3A,98,control,0,144,-0.543871283531189,-0.543680727481842,-0.00019055604934692383,0,0,46,0,3,1,0,0.0,1,0,1,0,E,E,17,25,nan
4OY3A,98,control,0,156,-0.4231297969818115,-0.422119140625,-0.0010106563568115234,0,0,58,0,4,1,0,0.0,0,0,0,1,E,C,17,26,nan
4OY3A,98,control,0,167,-0.20425742864608765,-0.20235690474510193,-0.0019005239009857178,0,0,69,1,1,1,6,0.2857142857142857,0,0,0,1,E,H,17,27,nan
4OY3A,98,control,0,179,-0.7253738641738892,-0.7250531315803528,-0.00032073259353637695,0,0,81,0,2,1,1,0.03225806451612903,0,0,0,1,E,H,17,33,nan
4OY3A,98,control,0,190,-1.6088438034057617,-1.6100430488586426,0.0011992454528808594,0,1,92,0,3,1,0,0.0,1,0,1,0,E,E,17,35,nan
4OY3A,98,control,0,202,-0.9996792674064636,-0.9992099404335022,-0.0004693269729614258,0,0,104,0,5,1,0,0.0,0,0,0,1,E,C,17,38,nan
4OY3A,98,control,0,213,-1.299635887145996,-1.2998387813568115,0.0002028942108154297,0,0,115,0,5,1,0,0.0,0,0,0,1,E,H,17,39,nan
4OY3A,98,control,0,225,-3.132674217224121,-3.1321239471435547,-0.0005502700805664062,0,0,127,0,5,1,0,0.0,0,0,0,1,E,H,17,39,nan
4OY3A,97,control,0,5,-0.1500440090894699,-0.15005458891391754,1.0579824447631836e-05,0,0,92,0,4,1,0,0.0,1,0,1,0,E,E,17,1,nan
4OY3A,97,control,0,17,-2.302496910095215,-2.3044867515563965,0.0019898414611816406,0,1,80,0,4,1,0,0.0,0,0,0,1,E,H,17,3,nan
4OY3A,97,control,0,28,-1.2031407356262207,-1.2029682397842407,-0.00017249584197998047,0,0,69,0,6,1,0,0.0,1,0,1,0,E,E,17,5,nan
4OY3A,97,control,0,40,-3.206467866897583,-3.2070932388305664,0.0006253719329833984,0,1,57,0,5,1,0,0.0,1,0,1,0,E,E,17,7,nan
4OY3A,97,control,0,51,-2.584179639816284,-2.5842018127441406,2.2172927856445312e-05,0,0,46,0,3,1,0,0.0,0,0,0,1,E,C,17,10,nan
4OY3A,97,control,0,63,-1.993405818939209,-1.9927207231521606,-0.0006850957870483398,0,0,34,0,4,1,0,0.0,0,0,0,1,E,H,17,11,nan
4OY3A,97,control,0,121,-2.028380870819092,-2.029869556427002,0.0014886856079101562,0,1,24,1,1,1,7,0.35,1,0,1,0,E,E,17,21,nan
4OY3A,97,control,0,133,-0.5078952312469482,-0.5081019401550293,0.0002067089080810547,0,0,36,0,4,1,0,0.0,0,0,0,1,E,H,17,23,nan
4OY3A,97,control,0,144,-0.543871283531189,-0.5435447692871094,-0.00032651424407958984,0,0,47,0,3,1,0,0.0,1,0,1,0,E,E,17,25,nan
4OY3A,97,control,0,156,-0.4231297969818115,-0.422447144985199,-0.0006826519966125488,0,0,59,0,4,1,0,0.0,0,0,0,1,E,C,17,26,nan
4OY3A,97,control,0,167,-0.20425742864608765,-0.20271848142147064,-0.0015389472246170044,0,0,70,0,2,1,3,0.12,0,0,0,1,E,H,17,27,nan
4OY3A,97,control,0,179,-0.7253738641738892,-0.7248131632804871,-0.0005607008934020996,0,0,82,0,2,1,5,0.17857142857142858,0,0,0,1,E,H,17,33,nan
4OY3A,97,control,0,190,-1.6088438034057617,-1.6074671745300293,-0.0013766288757324219,0,0,93,0,2,1,3,0.10714285714285714,1,0,1,0,E,E,17,35,nan
4OY3A,97,control,0,202,-0.9996792674064636,-0.9991021156311035,-0.0005771517753601074,0,0,105,0,5,1,0,0.0,0,0,0,1,E,C,17,38,nan
4OY3A,97,control,0,213,-1.299635887145996,-1.2998939752578735,0.0002580881118774414,0,1,116,0,5,1,0,0.0,0,0,0,1,E,H,17,39,nan
4OY3A,97,control,0,225,-3.132674217224121,-3.1325583457946777,-0.00011587142944335938,0,0,128,0,4,1,0,0.0,0,0,0,1,E,H,17,39,nan
4OY3A,148,control,0,5,-0.1500440090894699,-0.15002226829528809,-2.174079418182373e-05,0,0,143,0,4,1,0,0.0,1,0,1,0,E,E,25,1,nan
4OY3A,148,control,0,17,-2.302496910095215,-2.3019461631774902,-0.0005507469177246094,0,0,131,0,4,1,0,0.0,0,0,0,1,E,H,25,3,nan
4OY3A,148,control,0,28,-1.2031407356262207,-1.2025538682937622,-0.0005868673324584961,0,0,120,0,6,1,0,0.0,1,0,1,0,E,E,25,5,nan
4OY3A,148,control,0,40,-3.206467866897583,-3.2053112983703613,-0.0011565685272216797,0,0,108,0,6,1,0,0.0,1,0,1,0,E,E,25,7,nan
4OY3A,148,control,0,51,-2.584179639816284,-2.582538366317749,-0.0016412734985351562,0,0,97,0,3,1,0,0.0,0,0,0,1,E,C,25,10,nan
4OY3A,148,control,0,63,-1.993405818939209,-1.9936362504959106,0.00023043155670166016,0,1,85,0,4,1,0,0.0,0,0,0,1,E,H,25,11,nan
4OY3A,148,control,0,74,-1.6549627780914307,-1.6543463468551636,-0.0006164312362670898,0,0,74,0,4,1,0,0.0,1,0,1,0,E,E,25,13,nan
4OY3A,148,control,0,86,-0.24834255874156952,-0.24837909638881683,3.653764724731445e-05,0,0,62,0,2,1,2,0.08,0,0,0,1,E,C,25,14,nan
4OY3A,148,control,0,97,-0.8159588575363159,-0.8138002753257751,-0.0021585822105407715,0,0,51,1,1,1,5,0.19230769230769232,1,0,1,0,E,E,25,17,nan
4OY3A,148,control,0,109,-3.0674352645874023,-3.0666112899780273,-0.000823974609375,0,0,39,0,3,1,0,0.0,0,0,0,1,E,C,25,20,nan
4OY3A,148,control,0,120,-1.4160711765289307,-1.4158819913864136,-0.00018918514251708984,0,0,28,0,2,1,3,0.15,1,0,1,0,E,E,25,21,nan
4OY3A,148,control,0,179,-0.7253738641738892,-0.7278498411178589,0.0024759769439697266,0,1,31,0,2,1,1,0.03225806451612903,0,0,0,1,E,H,25,33,nan
4OY3A,148,control,0,190,-1.6088438034057617,-1.6137895584106445,0.0049457550048828125,0,1,42,0,3,1,0,0.0,1,0,1,0,E,E,25,35,nan
4OY3A,148,control,0,202,-0.9996792674064636,-0.9990639686584473,-0.0006152987480163574,0,0,54,0,4,1,0,0.0,0,0,0,1,E,C,25,38,nan
4OY3A,148,control,0,213,-1.299635887145996,-1.2998331785202026,0.00019729137420654297,0,0,65,0,4,1,0,0.0,0,0,0,1,E,H,25,39,nan
4OY3A,148,control,0,225,-3.132674217224121,-3.1330792903900146,0.0004050731658935547,0,1,77,0,5,1,0,0.0,0,0,0,1,E,H,25,39,nan
4OY3A,35,control,0,5,-0.1500440090894699,-0.15007326006889343,2.925097942352295e-05,0,0,30,0,2,1,4,0.17391304347826086,1,0,1,0,E,E,7,1,nan
4OY3A,35,control,0,64,-1.712311029434204,-1.7115898132324219,-0.0007212162017822266,0,0,29,1,1,1,4,0.15384615384615385,0,0,0,1,E,H,7,11,nan
4OY3A,35,control,0,75,-0.5824241638183594,-0.5812605619430542,-0.0011636018753051758,0,0,40,0,3,1,0,0.0,1,0,1,0,E,E,7,13,nan
4OY3A,35,control,0,87,-2.119166135787964,-2.119553565979004,0.00038743019104003906,0,1,52,0,6,1,0,0.0,0,0,0,1,E,C,7,14,nan
4OY3A,35,control,0,98,-0.5739072561264038,-0.5741987228393555,0.00029146671295166016,0,1,63,0,5,1,0,0.0,1,0,1,0,E,E,7,17,nan
4OY3A,35,control,0,110,-0.5932243466377258,-0.5933037400245667,7.939338684082031e-05,0,0,75,0,6,1,0,0.0,0,0,0,1,E,C,7,20,nan
4OY3A,35,control,0,121,-2.028380870819092,-2.0286989212036133,0.0003180503845214844,0,1,86,0,5,1,0,0.0,1,0,1,0,E,E,7,21,nan
4OY3A,35,control,0,133,-0.5078952312469482,-0.5080645084381104,0.00016927719116210938,0,0,98,0,5,1,0,0.0,0,0,0,1,E,H,7,23,nan
4OY3A,35,control,0,144,-0.543871283531189,-0.5441431999206543,0.00027191638946533203,0,0,109,0,5,1,0,0.0,1,0,1,0,E,E,7,25,nan
4OY3A,35,control,0,156,-0.4231297969818115,-0.42306873202323914,-6.10649585723877e-05,0,0,121,0,7,1,0,0.0,0,0,0,1,E,C,7,26,nan
4OY3A,35,control,0,167,-0.20425742864608765,-0.20424868166446686,-8.746981620788574e-06,0,0,132,0,6,1,0,0.0,0,0,0,1,E,H,7,27,nan
4OY3A,35,control,0,179,-0.7253738641738892,-0.7251937389373779,-0.00018012523651123047,0,0,144,0,3,1,0,0.0,0,0,0,1,E,H,7,33,nan
4OY3A,35,control,0,190,-1.6088438034057617,-1.6083807945251465,-0.0004630088806152344,0,0,155,0,3,1,0,0.0,1,0,1,0,E,E,7,35,nan
4OY3A,35,control,0,202,-0.9996792674064636,-0.999183714389801,-0.0004955530166625977,0,0,167,0,7,1,0,0.0,0,0,0,1,E,C,7,38,nan
4OY3A,35,control,0,213,-1.299635887145996,-1.299133062362671,-0.0005028247833251953,0,0,178,0,4,1,0,0.0,0,0,0,1,E,H,7,39,nan
4OY3A,35,control,0,225,-3.132674217224121,-3.133176803588867,0.0005025863647460938,0,1,190,0,4,1,0,0.0,0,0,0,1,E,H,7,39,nan
4OY3A,46,control,0,5,-0.1500440090894699,-0.15046848356723785,0.00042447447776794434,0,1,41,1,1,1,8,0.4,1,0,1,0,E,E,9,1,nan
4OY3A,46,control,0,17,-2.302496910095215,-2.3000340461730957,-0.0024628639221191406,0,0,29,0,2,1,2,0.07142857142857142,0,0,0,1,E,H,9,3,nan
4OY3A,46,control,0,75,-0.5824241638183594,-0.5834053754806519,0.0009812116622924805,0,1,29,0,2,1,1,0.034482758620689655,1,0,1,0,E,E,9,13,nan
4OY3A,46,control,0,87,-2.119166135787964,-2.118924379348755,-0.00024175643920898438,0,0,41,0,5,1,0,0.0,0,0,0,1,E,C,9,14,nan
4OY3A,46,control,0,98,-0.5739072561264038,-0.5720466375350952,-0.0018606185913085938,0,0,52,0,5,1,0,0.0,1,0,1,0,E,E,9,17,nan
4OY3A,46,control,0,110,-0.5932243466377258,-0.5916337370872498,-0.0015906095504760742,0,0,64,0,6,1,0,0.0,0,0,0,1,E,C,9,20,nan
4OY3A,46,control,0,121,-2.028380870819092,-2.029050350189209,0.0006694793701171875,0,1,75,0,4,1,0,0.0,1,0,1,0,E,E,9,21,nan
4OY3A,46,control,0,133,-0.5078952312469482,-0.508138120174408,0.0002428889274597168,0,0,87,0,4,1,0,0.0,0,0,0,1,E,H,9,23,nan
4OY3A,46,control,0,144,-0.543871283531189,-0.5440045595169067,0.00013327598571777344,0,0,98,0,5,1,0,0.0,1,0,1,0,E,E,9,25,nan
4OY3A,46,control,0,156,-0.4231297969818115,-0.4234551787376404,0.0003253817558288574,0,0,110,0,6,1,0,0.0,0,0,0,1,E,C,9,26,nan
4OY3A,46,control,0,167,-0.20425742864608765,-0.2042585015296936,1.0728836059570312e-06,0,0,121,0,6,1,0,0.0,0,0,0,1,E,H,9,27,nan
4OY3A,46,control,0,179,-0.7253738641738892,-0.7252529859542847,-0.00012087821960449219,0,0,133,0,3,1,0,0.0,0,0,0,1,E,H,9,33,nan
4OY3A,46,control,0,190,-1.6088438034057617,-1.6091160774230957,0.0002722740173339844,0,0,144,0,3,1,0,0.0,1,0,1,0,E,E,9,35,nan
4OY3A,46,control,0,202,-0.9996792674064636,-0.9988986849784851,-0.0007805824279785156,0,0,156,0,6,1,0,0.0,0,0,0,1,E,C,9,38,nan
4OY3A,46,control,0,213,-1.299635887145996,-1.2987263202667236,-0.0009095668792724609,0,0,167,0,4,1,0,0.0,0,0,0,1,E,H,9,39,nan
4OY3A,46,control,0,225,-3.132674217224121,-3.13303542137146,0.0003612041473388672,0,1,179,0,3,1,0,0.0,0,0,0,1,E,H,9,39,nan
