protein,source_pos,source_label,is_anchor,target_pos,seq_sep,baseline_logp,ablated_logp,delta
1BRTA,220,anchor_top1,1,7,213,-2.239166259765625,-2.2571792602539062,0.01801300048828125
1BRTA,220,anchor_top1,1,21,199,-1.9533309936523438,-1.942567229270935,-0.010763764381408691
1BRTA,220,anchor_top1,1,35,185,-2.7211575508117676,-2.671241283416748,-0.04991626739501953
1BRTA,220,anchor_top1,1,50,170,-0.25827836990356445,-0.24665476381778717,-0.011623606085777283
1BRTA,220,anchor_top1,1,64,156,-0.3545572757720947,-0.3506234288215637,-0.003933846950531006
1BRTA,220,anchor_top1,1,79,141,-0.08121540397405624,-0.08792169392108917,0.0067062899470329285
1BRTA,220,anchor_top1,1,93,127,-0.1620149463415146,-0.16398076713085175,0.001965820789337158
1BRTA,220,anchor_top1,1,107,113,-1.965604305267334,-1.9887452125549316,0.023140907287597656
1BRTA,220,anchor_top1,1,122,98,-0.6314535140991211,-0.6310238838195801,-0.0004296302795410156
1BRTA,220,anchor_top1,1,136,84,-2.3433427810668945,-2.4498353004455566,0.10649251937866211
1BRTA,220,anchor_top1,1,150,70,-1.484723687171936,-1.4605380296707153,-0.024185657501220703
1BRTA,220,anchor_top1,1,165,55,-3.379976749420166,-3.3511953353881836,-0.028781414031982422
1BRTA,220,anchor_top1,1,179,41,-1.66244375705719,-1.7275488376617432,0.06510508060455322
1BRTA,220,anchor_top1,1,194,26,-2.6112260818481445,-2.803574800491333,0.19234871864318848
1BRTA,220,anchor_top1,1,255,35,-0.4501977562904358,-0.6390256285667419,0.18882787227630615
1BRTA,220,anchor_top1,1,269,49,-1.0428447723388672,-1.0156587362289429,-0.027186036109924316
1BRTA,26,anchor_top2,1,54,28,-0.8451411724090576,-0.8253291249275208,-0.019812047481536865
1BRTA,26,anchor_top2,1,68,42,-0.8299675583839417,-0.8177579641342163,-0.012209594249725342
1BRTA,26,anchor_top2,1,82,56,-3.651322841644287,-4.033660411834717,0.3823375701904297
1BRTA,26,anchor_top2,1,97,71,-0.0024404525756835938,-0.004020228516310453,0.0015797759406268597
1BRTA,26,anchor_top2,1,111,85,-0.024864934384822845,-0.026239832863211632,0.0013748984783887863
1BRTA,26,anchor_top2,1,126,100,-0.034880075603723526,-0.03154897689819336,-0.0033310987055301666
1BRTA,26,anchor_top2,1,140,114,-1.2963840961456299,-1.0740476846694946,-0.22233641147613525
1BRTA,26,anchor_top2,1,154,128,-0.04077617824077606,-0.05041367933154106,0.009637501090765
1BRTA,26,anchor_top2,1,169,143,-2.9676620960235596,-2.9274516105651855,-0.04021048545837402
1BRTA,26,anchor_top2,1,183,157,-1.6559139490127563,-1.6188198328018188,-0.0370941162109375
1BRTA,26,anchor_top2,1,197,171,-1.6114239692687988,-2.271205425262451,0.6597814559936523
1BRTA,26,anchor_top2,1,212,186,-3.2752084732055664,-3.3471357822418213,0.07192730903625488
1BRTA,26,anchor_top2,1,226,200,-2.7389109134674072,-2.804997682571411,0.0660867691040039
1BRTA,26,anchor_top2,1,241,215,-3.2634103298187256,-3.458859920501709,0.1954495906829834
1BRTA,26,anchor_top2,1,255,229,-0.4501977562904358,-0.521342933177948,0.07114517688751221
1BRTA,26,anchor_top2,1,269,243,-1.0428447723388672,-0.9882217049598694,-0.0546230673789978
1BRTA,93,anchor_top3,1,7,86,-2.239166259765625,-2.2866768836975098,0.047510623931884766
1BRTA,93,anchor_top3,1,21,72,-1.9533309936523438,-1.9495826959609985,-0.003748297691345215
1BRTA,93,anchor_top3,1,35,58,-2.7211575508117676,-2.7534282207489014,0.03227066993713379
1BRTA,93,anchor_top3,1,50,43,-0.25827836990356445,-0.26368722319602966,0.00540885329246521
1BRTA,93,anchor_top3,1,64,29,-0.3545572757720947,-0.3572981059551239,0.002740830183029175
1BRTA,93,anchor_top3,1,126,33,-0.034880075603723526,-0.03434046357870102,-0.0005396120250225067
1BRTA,93,anchor_top3,1,140,47,-1.2963840961456299,-1.3033430576324463,0.006958961486816406
1BRTA,93,anchor_top3,1,154,61,-0.04077617824077606,-0.04277104511857033,0.0019948668777942657
1BRTA,93,anchor_top3,1,169,76,-2.9676620960235596,-2.920696258544922,-0.046965837478637695
1BRTA,93,anchor_top3,1,183,90,-1.6559139490127563,-1.6302531957626343,-0.02566075325012207
1BRTA,93,anchor_top3,1,197,104,-1.6114239692687988,-1.6783188581466675,0.06689488887786865
1BRTA,93,anchor_top3,1,212,119,-3.2752084732055664,-3.3106741905212402,0.03546571731567383
1BRTA,93,anchor_top3,1,226,133,-2.7389109134674072,-2.7185893058776855,-0.02032160758972168
1BRTA,93,anchor_top3,1,241,148,-3.2634103298187256,-3.2540063858032227,-0.00940394401550293
1BRTA,93,anchor_top3,1,255,162,-0.4501977562904358,-0.47183316946029663,0.02163541316986084
1BRTA,93,anchor_top3,1,269,176,-1.0428447723388672,-1.032292366027832,-0.010552406311035156
1BRTA,53,control,0,7,46,-2.239166259765625,-2.236246109008789,-0.0029201507568359375
1BRTA,53,control,0,21,32,-1.9533309936523438,-1.954229712486267,0.0008987188339233398
1BRTA,53,control,0,82,29,-3.651322841644287,-3.664058208465576,0.012735366821289062
1BRTA,53,control,0,97,44,-0.0024404525756835938,-0.0024234468583017588,-1.7005717381834984e-05
1BRTA,53,control,0,111,58,-0.024864934384822845,-0.02487853914499283,1.360476016998291e-05
1BRTA,53,control,0,126,73,-0.034880075603723526,-0.03491576388478279,3.568828105926514e-05
1BRTA,53,control,0,140,87,-1.2963840961456299,-1.2978312969207764,0.0014472007751464844
1BRTA,53,control,0,154,101,-0.04077617824077606,-0.04064856469631195,-0.00012761354446411133
1BRTA,53,control,0,169,116,-2.9676620960235596,-2.968069314956665,0.00040721893310546875
1BRTA,53,control,0,183,130,-1.6559139490127563,-1.65740966796875,0.0014957189559936523
1BRTA,53,control,0,197,144,-1.6114239692687988,-1.6054561138153076,-0.005967855453491211
1BRTA,53,control,0,212,159,-3.2752084732055664,-3.2738699913024902,-0.0013384819030761719
1BRTA,53,control,0,226,173,-2.7389109134674072,-2.7377216815948486,-0.0011892318725585938
1BRTA,53,control,0,241,188,-3.2634103298187256,-3.263620376586914,0.00021004676818847656
1BRTA,53,control,0,255,202,-0.4501977562904358,-0.4489555060863495,-0.0012422502040863037
1BRTA,53,control,0,269,216,-1.0428447723388672,-1.0416104793548584,-0.001234292984008789
1BRTA,55,control,0,7,48,-2.239166259765625,-2.238060474395752,-0.0011057853698730469
1BRTA,55,control,0,21,34,-1.9533309936523438,-1.9543771743774414,0.0010461807250976562
1BRTA,55,control,0,82,27,-3.651322841644287,-3.6646902561187744,0.013367414474487305
1BRTA,55,control,0,97,42,-0.0024404525756835938,-0.002448420040309429,7.967464625835419e-06
1BRTA,55,control,0,111,56,-0.024864934384822845,-0.024823304265737534,-4.163011908531189e-05
1BRTA,55,control,0,126,71,-0.034880075603723526,-0.03484956547617912,-3.0510127544403076e-05
1BRTA,55,control,0,140,85,-1.2963840961456299,-1.2929131984710693,-0.003470897674560547
1BRTA,55,control,0,154,99,-0.04077617824077606,-0.04078224301338196,6.064772605895996e-06
1BRTA,55,control,0,169,114,-2.9676620960235596,-2.967194080352783,-0.0004680156707763672
1BRTA,55,control,0,183,128,-1.6559139490127563,-1.6547431945800781,-0.0011707544326782227
1BRTA,55,control,0,197,142,-1.6114239692687988,-1.6158305406570435,0.004406571388244629
1BRTA,55,control,0,212,157,-3.2752084732055664,-3.273543119430542,-0.001665353775024414
1BRTA,55,control,0,226,171,-2.7389109134674072,-2.7361268997192383,-0.0027840137481689453
1BRTA,55,control,0,241,186,-3.2634103298187256,-3.260518789291382,-0.00289154052734375
1BRTA,55,control,0,255,200,-0.4501977562904358,-0.4507629871368408,0.0005652308464050293
1BRTA,55,control,0,269,214,-1.0428447723388672,-1.0426005125045776,-0.0002442598342895508
1BRTA,219,control,0,7,212,-2.239166259765625,-2.2394676208496094,0.000301361083984375
1BRTA,219,control,0,21,198,-1.9533309936523438,-1.9537314176559448,0.0004004240036010742
1BRTA,219,control,0,35,184,-2.7211575508117676,-2.7204856872558594,-0.0006718635559082031
1BRTA,219,control,0,50,169,-0.25827836990356445,-0.2577281892299652,-0.0005501806735992432
1BRTA,219,control,0,64,155,-0.3545572757720947,-0.3545556962490082,-1.5795230865478516e-06
1BRTA,219,control,0,79,140,-0.08121540397405624,-0.08128541707992554,7.001310586929321e-05
1BRTA,219,control,0,93,126,-0.1620149463415146,-0.1619560420513153,-5.8904290199279785e-05
1BRTA,219,control,0,107,112,-1.965604305267334,-1.9690752029418945,0.003470897674560547
1BRTA,219,control,0,122,97,-0.6314535140991211,-0.6311160922050476,-0.00033742189407348633
1BRTA,219,control,0,136,83,-2.3433427810668945,-2.355015754699707,0.0116729736328125
1BRTA,219,control,0,150,69,-1.484723687171936,-1.4844318628311157,-0.0002918243408203125
1BRTA,219,control,0,165,54,-3.379976749420166,-3.3829519748687744,0.0029752254486083984
1BRTA,219,control,0,179,40,-1.66244375705719,-1.6630754470825195,0.0006316900253295898
1BRTA,219,control,0,194,25,-2.6112260818481445,-2.604996919631958,-0.0062291622161865234
1BRTA,219,control,0,255,36,-0.4501977562904358,-0.4503328502178192,0.00013509392738342285
1BRTA,219,control,0,269,50,-1.0428447723388672,-1.0454293489456177,0.0025845766067504883
1BRTA,92,control,0,7,85,-2.239166259765625,-2.240718364715576,0.0015521049499511719
1BRTA,92,control,0,21,71,-1.9533309936523438,-1.9533966779708862,6.568431854248047e-05
1BRTA,92,control,0,35,57,-2.7211575508117676,-2.7227940559387207,0.001636505126953125
1BRTA,92,control,0,50,42,-0.25827836990356445,-0.2581576704978943,-0.00012069940567016602
1BRTA,92,control,0,64,28,-0.3545572757720947,-0.3543318808078766,-0.00022539496421813965
1BRTA,92,control,0,126,34,-0.034880075603723526,-0.034854285418987274,-2.579018473625183e-05
1BRTA,92,control,0,140,48,-1.2963840961456299,-1.2946584224700928,-0.0017256736755371094
1BRTA,92,control,0,154,62,-0.04077617824077606,-0.04082722216844559,5.1043927669525146e-05
1BRTA,92,control,0,169,77,-2.9676620960235596,-2.966719388961792,-0.0009427070617675781
1BRTA,92,control,0,183,91,-1.6559139490127563,-1.6558758020401,-3.814697265625e-05
1BRTA,92,control,0,197,105,-1.6114239692687988,-1.6107288599014282,-0.0006951093673706055
1BRTA,92,control,0,212,120,-3.2752084732055664,-3.2750742435455322,-0.0001342296600341797
1BRTA,92,control,0,226,134,-2.7389109134674072,-2.7380616664886475,-0.0008492469787597656
1BRTA,92,control,0,241,149,-3.2634103298187256,-3.262751579284668,-0.0006587505340576172
1BRTA,92,control,0,255,163,-0.4501977562904358,-0.4501512348651886,-4.652142524719238e-05
1BRTA,92,control,0,269,177,-1.0428447723388672,-1.0436902046203613,0.0008454322814941406
1BRTA,94,control,0,7,87,-2.239166259765625,-2.2407665252685547,0.0016002655029296875
1BRTA,94,control,0,21,73,-1.9533309936523438,-1.9542735815048218,0.0009425878524780273
1BRTA,94,control,0,35,59,-2.7211575508117676,-2.72105073928833,-0.0001068115234375
1BRTA,94,control,0,50,44,-0.25827836990356445,-0.2591226398944855,0.0008442699909210205
1BRTA,94,control,0,64,30,-0.3545572757720947,-0.3549742102622986,0.0004169344902038574
1BRTA,94,control,0,126,32,-0.034880075603723526,-0.035058729350566864,0.000178653746843338
1BRTA,94,control,0,140,46,-1.2963840961456299,-1.2925267219543457,-0.0038573741912841797
1BRTA,94,control,0,154,60,-0.04077617824077606,-0.040868647396564484,9.246915578842163e-05
1BRTA,94,control,0,169,75,-2.9676620960235596,-2.966212272644043,-0.0014498233795166016
1BRTA,94,control,0,183,89,-1.6559139490127563,-1.6565759181976318,0.0006619691848754883
1BRTA,94,control,0,197,103,-1.6114239692687988,-1.6152409315109253,0.003816962242126465
1BRTA,94,control,0,212,118,-3.2752084732055664,-3.275853395462036,0.0006449222564697266
1BRTA,94,control,0,226,132,-2.7389109134674072,-2.7400405406951904,0.0011296272277832031
1BRTA,94,control,0,241,147,-3.2634103298187256,-3.2636570930480957,0.0002467632293701172
1BRTA,94,control,0,255,161,-0.4501977562904358,-0.44869038462638855,-0.0015073716640472412
1BRTA,94,control,0,269,175,-1.0428447723388672,-1.0436302423477173,0.0007854700088500977
1PVGA,101,anchor_top1,1,11,90,-2.00028133392334,-2.102841377258301,0.10256004333496094
1PVGA,101,anchor_top1,1,34,67,-0.004328050650656223,-0.0066559044644236565,0.002327853813767433
1PVGA,101,anchor_top1,1,57,44,-2.9341087341308594,-2.9240660667419434,-0.010042667388916016
1PVGA,101,anchor_top1,1,128,27,-0.020558716729283333,-0.02852528542280197,0.007966568693518639
1PVGA,101,anchor_top1,1,151,50,-0.008399871177971363,-0.003686538664624095,-0.004713332513347268
1PVGA,101,anchor_top1,1,174,73,-1.7903131246566772,-1.668302297592163,-0.12201082706451416
1PVGA,101,anchor_top1,1,197,96,-2.1399214267730713,-1.9145684242248535,-0.22535300254821777
1PVGA,101,anchor_top1,1,220,119,-1.4428339004516602,-1.4890155792236328,0.046181678771972656
1PVGA,101,anchor_top1,1,244,143,-0.505797803401947,-0.613798201084137,0.10800039768218994
1PVGA,101,anchor_top1,1,267,166,-3.0938491821289062,-3.101747751235962,0.007898569107055664
1PVGA,101,anchor_top1,1,290,189,-2.3454971313476562,-2.4855074882507324,0.14001035690307617
1PVGA,101,anchor_top1,1,313,212,-1.8810784816741943,-2.029730796813965,0.1486523151397705
1PVGA,101,anchor_top1,1,336,235,-1.59782075881958,-1.4627876281738281,-0.13503313064575195
1PVGA,101,anchor_top1,1,360,259,-2.0838875770568848,-2.2153337001800537,0.13144612312316895
1PVGA,101,anchor_top1,1,383,282,-2.5958809852600098,-2.4486584663391113,-0.14722251892089844
1PVGA,101,anchor_top1,1,406,305,-1.5013444423675537,-1.36860990524292,-0.1327345371246338
1PVGA,149,anchor_top2,1,11,138,-2.00028133392334,-2.036896228790283,0.03661489486694336
1PVGA,149,anchor_top2,1,34,115,-0.004328050650656223,-0.004206974990665913,-0.00012107565999031067
1PVGA,149,anchor_top2,1,57,92,-2.9341087341308594,-2.9427666664123535,0.00865793228149414
1PVGA,149,anchor_top2,1,81,68,-0.00794796273112297,-0.007134792860597372,-0.0008131698705255985
1PVGA,149,anchor_top2,1,104,45,-1.3060680627822876,-1.2508715391159058,-0.055196523666381836
1PVGA,149,anchor_top2,1,174,25,-1.7903131246566772,-1.7979645729064941,0.0076514482498168945
1PVGA,149,anchor_top2,1,197,48,-2.1399214267730713,-2.2143373489379883,0.07441592216491699
1PVGA,149,anchor_top2,1,220,71,-1.4428339004516602,-1.4512372016906738,0.008403301239013672
1PVGA,149,anchor_top2,1,244,95,-0.505797803401947,-0.48941317200660706,-0.016384631395339966
1PVGA,149,anchor_top2,1,267,118,-3.0938491821289062,-3.0884528160095215,-0.005396366119384766
1PVGA,149,anchor_top2,1,290,141,-2.3454971313476562,-2.337592124938965,-0.007905006408691406
1PVGA,149,anchor_top2,1,313,164,-1.8810784816741943,-1.9032577276229858,0.022179245948791504
1PVGA,149,anchor_top2,1,336,187,-1.59782075881958,-1.561604380607605,-0.0362163782119751
1PVGA,149,anchor_top2,1,360,211,-2.0838875770568848,-2.103649616241455,0.019762039184570312
1PVGA,149,anchor_top2,1,383,234,-2.5958809852600098,-2.8691792488098145,0.2732982635498047
1PVGA,149,anchor_top2,1,406,257,-1.5013444423675537,-1.570138692855835,0.06879425048828125
1PVGA,103,anchor_top3,1,11,92,-2.00028133392334,-2.018975257873535,0.018693923950195312
1PVGA,103,anchor_top3,1,34,69,-0.004328050650656223,-0.00435000890865922,2.1958258002996445e-05
1PVGA,103,anchor_top3,1,57,46,-2.9341087341308594,-2.9365057945251465,0.0023970603942871094
1PVGA,103,anchor_top3,1,128,25,-0.020558716729283333,-0.020300593227148056,-0.0002581235021352768
1PVGA,103,anchor_top3,1,151,48,-0.008399871177971363,-0.008635559119284153,0.00023568794131278992
1PVGA,103,anchor_top3,1,174,71,-1.7903131246566772,-1.7924036979675293,0.0020905733108520508
1PVGA,103,anchor_top3,1,197,94,-2.1399214267730713,-2.150770425796509,0.0108489990234375
1PVGA,103,anchor_top3,1,220,117,-1.4428339004516602,-1.4395803213119507,-0.0032535791397094727
1PVGA,103,anchor_top3,1,244,141,-0.505797803401947,-0.5054686665534973,-0.00032913684844970703
1PVGA,103,anchor_top3,1,267,164,-3.0938491821289062,-3.0932860374450684,-0.0005631446838378906
1PVGA,103,anchor_top3,1,290,187,-2.3454971313476562,-2.345525026321411,2.7894973754882812e-05
1PVGA,103,anchor_top3,1,313,210,-1.8810784816741943,-1.8820439577102661,0.0009654760360717773
1PVGA,103,anchor_top3,1,336,233,-1.59782075881958,-1.5958795547485352,-0.0019412040710449219
1PVGA,103,anchor_top3,1,360,257,-2.0838875770568848,-2.0741286277770996,-0.009758949279785156
1PVGA,103,anchor_top3,1,383,280,-2.5958809852600098,-2.5978264808654785,0.00194549560546875
1PVGA,103,anchor_top3,1,406,303,-1.5013444423675537,-1.5005253553390503,-0.000819087028503418
1PVGA,359,control,0,11,348,-2.00028133392334,-2.0011277198791504,0.0008463859558105469
1PVGA,359,control,0,34,325,-0.004328050650656223,-0.004324489738792181,-3.560911864042282e-06
1PVGA,359,control,0,57,302,-2.9341087341308594,-2.934481620788574,0.00037288665771484375
1PVGA,359,control,0,81,278,-0.00794796273112297,-0.007925846613943577,-2.211611717939377e-05
1PVGA,359,control,0,104,255,-1.3060680627822876,-1.3065471649169922,0.00047910213470458984
1PVGA,359,control,0,127,232,-0.47634100914001465,-0.4758637547492981,-0.00047725439071655273
1PVGA,359,control,0,150,209,-0.040820468217134476,-0.04078327491879463,-3.719329833984375e-05
1PVGA,359,control,0,173,186,-0.9315193295478821,-0.9309235215187073,-0.0005958080291748047
1PVGA,359,control,0,197,162,-2.1399214267730713,-2.139582395553589,-0.0003390312194824219
1PVGA,359,control,0,220,139,-1.4428339004516602,-1.445340871810913,0.0025069713592529297
1PVGA,359,control,0,243,116,-0.4044429659843445,-0.40468940138816833,0.00024643540382385254
1PVGA,359,control,0,266,93,-2.988356351852417,-2.9865972995758057,-0.0017590522766113281
1PVGA,359,control,0,289,70,-2.2524256706237793,-2.2542715072631836,0.0018458366394042969
1PVGA,359,control,0,313,46,-1.8810784816741943,-1.8877716064453125,0.006693124771118164
1PVGA,359,control,0,383,24,-2.5958809852600098,-2.585157871246338,-0.010723114013671875
1PVGA,359,control,0,406,47,-1.5013444423675537,-1.495173454284668,-0.006170988082885742
1PVGA,198,control,0,11,187,-2.00028133392334,-2.000854015350342,0.0005726814270019531
1PVGA,198,control,0,34,164,-0.004328050650656223,-0.004324014764279127,-4.035886377096176e-06
1PVGA,198,control,0,57,141,-2.9341087341308594,-2.9343392848968506,0.00023055076599121094
1PVGA,198,control,0,81,117,-0.00794796273112297,-0.007956359535455704,8.396804332733154e-06
1PVGA,198,control,0,104,94,-1.3060680627822876,-1.3090753555297852,0.0030072927474975586
1PVGA,198,control,0,127,71,-0.47634100914001465,-0.478097528219223,0.001756519079208374
1PVGA,198,control,0,150,48,-0.040820468217134476,-0.040755920112133026,-6.454810500144958e-05
1PVGA,198,control,0,173,25,-0.9315193295478821,-0.9313014149665833,-0.00021791458129882812
1PVGA,198,control,0,244,46,-0.505797803401947,-0.5062547922134399,0.0004569888114929199
1PVGA,198,control,0,267,69,-3.0938491821289062,-3.093395233154297,-0.000453948974609375
1PVGA,198,control,0,290,92,-2.3454971313476562,-2.3454184532165527,-7.867813110351562e-05
1PVGA,198,control,0,313,115,-1.8810784816741943,-1.8840599060058594,0.002981424331665039
1PVGA,198,control,0,336,138,-1.59782075881958,-1.5961039066314697,-0.0017168521881103516
1PVGA,198,control,0,360,162,-2.0838875770568848,-2.0889995098114014,0.0051119327545166016
1PVGA,198,control,0,383,185,-2.5958809852600098,-2.5943965911865234,-0.0014843940734863281
1PVGA,198,control,0,406,208,-1.5013444423675537,-1.5027647018432617,0.0014202594757080078
1PVGA,317,control,0,11,306,-2.00028133392334,-1.9988694190979004,-0.0014119148254394531
1PVGA,317,control,0,34,283,-0.004328050650656223,-0.004324964247643948,-3.086403012275696e-06
1PVGA,317,control,0,57,260,-2.9341087341308594,-2.933682441711426,-0.00042629241943359375
1PVGA,317,control,0,81,236,-0.00794796273112297,-0.007925610058009624,-2.23526731133461e-05
1PVGA,317,control,0,104,213,-1.3060680627822876,-1.305332899093628,-0.000735163688659668
1PVGA,317,control,0,127,190,-0.47634100914001465,-0.47637227177619934,3.126263618469238e-05
1PVGA,317,control,0,150,167,-0.040820468217134476,-0.04074939712882042,-7.10710883140564e-05
1PVGA,317,control,0,173,144,-0.9315193295478821,-0.9308430552482605,-0.000676274299621582
1PVGA,317,control,0,197,120,-2.1399214267730713,-2.138762950897217,-0.0011584758758544922
1PVGA,317,control,0,220,97,-1.4428339004516602,-1.443286657333374,0.0004527568817138672
1PVGA,317,control,0,243,74,-0.4044429659843445,-0.40402522683143616,-0.0004177391529083252
1PVGA,317,control,0,266,51,-2.988356351852417,-2.9893972873687744,0.0010409355163574219
1PVGA,317,control,0,289,28,-2.2524256706237793,-2.251572608947754,-0.0008530616760253906
1PVGA,317,control,0,360,43,-2.0838875770568848,-2.0876736640930176,0.0037860870361328125
1PVGA,317,control,0,383,66,-2.5958809852600098,-2.594024181365967,-0.0018568038940429688
1PVGA,317,control,0,406,89,-1.5013444423675537,-1.4984177350997925,-0.0029267072677612305
1PVGA,358,control,0,11,347,-2.00028133392334,-2.001466751098633,0.0011854171752929688
1PVGA,358,control,0,34,324,-0.004328050650656223,-0.004321759566664696,-6.291083991527557e-06
1PVGA,358,control,0,57,301,-2.9341087341308594,-2.934221029281616,0.00011229515075683594
1PVGA,358,control,0,81,277,-0.00794796273112297,-0.007929631508886814,-1.8331222236156464e-05
1PVGA,358,control,0,104,254,-1.3060680627822876,-1.3060431480407715,-2.491474151611328e-05
1PVGA,358,control,0,127,231,-0.47634100914001465,-0.4767901599407196,0.00044915080070495605
1PVGA,358,control,0,150,208,-0.040820468217134476,-0.04074939712882042,-7.10710883140564e-05
1PVGA,358,control,0,173,185,-0.9315193295478821,-0.9303992986679077,-0.0011200308799743652
1PVGA,358,control,0,197,161,-2.1399214267730713,-2.1412203311920166,0.0012989044189453125
1PVGA,358,control,0,220,138,-1.4428339004516602,-1.4445908069610596,0.001756906509399414
1PVGA,358,control,0,243,115,-0.4044429659843445,-0.40462830662727356,0.00018534064292907715
1PVGA,358,control,0,266,92,-2.988356351852417,-2.9863052368164062,-0.002051115036010742
1PVGA,358,control,0,289,69,-2.2524256706237793,-2.2512731552124023,-0.0011525154113769531
1PVGA,358,control,0,313,45,-1.8810784816741943,-1.8809877634048462,-9.071826934814453e-05
1PVGA,358,control,0,383,25,-2.5958809852600098,-2.585836410522461,-0.010044574737548828
1PVGA,358,control,0,406,48,-1.5013444423675537,-1.4985185861587524,-0.0028258562088012695
1PVGA,374,control,0,11,363,-2.00028133392334,-1.9996821880340576,-0.0005991458892822266
1PVGA,374,control,0,34,340,-0.004328050650656223,-0.004329000134021044,9.494833648204803e-07
1PVGA,374,control,0,57,317,-2.9341087341308594,-2.933823585510254,-0.00028514862060546875
1PVGA,374,control,0,81,293,-0.00794796273112297,-0.007942167110741138,-5.795620381832123e-06
1PVGA,374,control,0,104,270,-1.3060680627822876,-1.3047422170639038,-0.001325845718383789
1PVGA,374,control,0,127,247,-0.47634100914001465,-0.4766233563423157,0.0002823472023010254
1PVGA,374,control,0,150,224,-0.040820468217134476,-0.04078453406691551,-3.593415021896362e-05
1PVGA,374,control,0,173,201,-0.9315193295478821,-0.9313682317733765,-0.00015109777450561523
1PVGA,374,control,0,197,177,-2.1399214267730713,-2.1384997367858887,-0.0014216899871826172
1PVGA,374,control,0,220,154,-1.4428339004516602,-1.442617654800415,-0.0002162456512451172
1PVGA,374,control,0,243,131,-0.4044429659843445,-0.40423712134361267,-0.00020584464073181152
1PVGA,374,control,0,266,108,-2.988356351852417,-2.9886999130249023,0.00034356117248535156
1PVGA,374,control,0,289,85,-2.2524256706237793,-2.252897024154663,0.00047135353088378906
1PVGA,374,control,0,313,61,-1.8810784816741943,-1.8794077634811401,-0.0016707181930541992
1PVGA,374,control,0,336,38,-1.59782075881958,-1.5958843231201172,-0.0019364356994628906
1PVGA,374,control,0,406,32,-1.5013444423675537,-1.5064870119094849,0.005142569541931152
2B61A,315,anchor_top1,1,10,305,-1.7182440757751465,-1.695218801498413,-0.0230252742767334
2B61A,315,anchor_top1,1,30,285,-2.2293639183044434,-2.231105327606201,0.0017414093017578125
2B61A,315,anchor_top1,1,51,264,-0.000364713923772797,-0.00034671969478949904,-1.7994228983297944e-05
2B61A,315,anchor_top1,1,72,243,-3.466963291168213,-3.4521846771240234,-0.014778614044189453
2B61A,315,anchor_top1,1,92,223,-0.6331740021705627,-0.6491392254829407,0.01596522331237793
2B61A,315,anchor_top1,1,113,202,-0.04584062099456787,-0.04394303634762764,-0.0018975846469402313
2B61A,315,anchor_top1,1,134,181,-4.207937240600586,-4.206717014312744,-0.0012202262878417969
2B61A,315,anchor_top1,1,154,161,-0.10180073976516724,-0.10226070880889893,0.00045996904373168945
2B61A,315,anchor_top1,1,175,140,-0.016907362267374992,-0.017688266932964325,0.0007809046655893326
2B61A,315,anchor_top1,1,195,120,-0.20047736167907715,-0.20786534249782562,0.007387980818748474
2B61A,315,anchor_top1,1,216,99,-0.005764052737504244,-0.006146338768303394,0.00038228603079915047
2B61A,315,anchor_top1,1,237,78,-0.02384823188185692,-0.020374882966279984,-0.003473348915576935
2B61A,315,anchor_top1,1,257,58,-3.401423692703247,-3.4395644664764404,0.03814077377319336
2B61A,315,anchor_top1,1,278,37,-0.10312464088201523,-0.11127554625272751,0.00815090537071228
2B61A,315,anchor_top1,1,346,31,-1.4346098899841309,-1.4531173706054688,0.01850748062133789
2B61A,315,anchor_top1,1,366,51,-1.8139721155166626,-1.6899683475494385,-0.12400376796722412
2B61A,62,anchor_top2,1,10,52,-1.7182440757751465,-1.7208707332611084,0.002626657485961914
2B61A,62,anchor_top2,1,30,32,-2.2293639183044434,-2.257401943206787,0.02803802490234375
2B61A,62,anchor_top2,1,98,36,-0.5854344367980957,-0.5974031090736389,0.011968672275543213
2B61A,62,anchor_top2,1,119,57,-0.11028817296028137,-0.13838987052440643,0.02810169756412506
2B61A,62,anchor_top2,1,139,77,-0.09752558171749115,-0.09263242781162262,-0.00489315390586853
2B61A,62,anchor_top2,1,160,98,-0.10200636833906174,-0.09729793667793274,-0.004708431661128998
2B61A,62,anchor_top2,1,181,119,-1.3663256168365479,-1.2929065227508545,-0.07341909408569336
2B61A,62,anchor_top2,1,201,139,-4.192873477935791,-3.9871253967285156,-0.2057480812072754
2B61A,62,anchor_top2,1,222,160,-0.02880087122321129,-0.02490830607712269,-0.0038925651460886
2B61A,62,anchor_top2,1,242,180,-3.5283000469207764,-3.5508363246917725,0.022536277770996094
2B61A,62,anchor_top2,1,263,201,-1.6030077934265137,-1.5860105752944946,-0.016997218132019043
2B61A,62,anchor_top2,1,284,222,-0.03958946838974953,-0.04557971656322479,0.0059902481734752655
2B61A,62,anchor_top2,1,304,242,-2.8495912551879883,-2.8829212188720703,0.03332996368408203
2B61A,62,anchor_top2,1,325,263,-0.23277150094509125,-0.2234269380569458,-0.009344562888145447
2B61A,62,anchor_top2,1,346,284,-1.4346098899841309,-1.415745496749878,-0.01886439323425293
2B61A,62,anchor_top2,1,366,304,-1.8139721155166626,-1.8488696813583374,0.034897565841674805
2B61A,157,anchor_top3,1,10,147,-1.7182440757751465,-1.715721845626831,-0.0025222301483154297
2B61A,157,anchor_top3,1,30,127,-2.2293639183044434,-2.2302794456481934,0.00091552734375
2B61A,157,anchor_top3,1,51,106,-0.000364713923772797,-0.00036173476837575436,-2.979155397042632e-06
2B61A,157,anchor_top3,1,72,85,-3.466963291168213,-3.4551291465759277,-0.011834144592285156
2B61A,157,anchor_top3,1,92,65,-0.6331740021705627,-0.6260136961936951,-0.007160305976867676
2B61A,157,anchor_top3,1,113,44,-0.04584062099456787,-0.047186434268951416,0.001345813274383545
2B61A,157,anchor_top3,1,181,24,-1.3663256168365479,-1.402127742767334,0.03580212593078613
2B61A,157,anchor_top3,1,201,44,-4.192873477935791,-4.158563137054443,-0.034310340881347656
2B61A,157,anchor_top3,1,222,65,-0.02880087122321129,-0.029955442994832993,0.001154571771621704
2B61A,157,anchor_top3,1,242,85,-3.5283000469207764,-3.502523899078369,-0.025776147842407227
2B61A,157,anchor_top3,1,263,106,-1.6030077934265137,-1.606058120727539,0.0030503273010253906
2B61A,157,anchor_top3,1,284,127,-0.03958946838974953,-0.04115869849920273,0.0015692301094532013
2B61A,157,anchor_top3,1,304,147,-2.8495912551879883,-2.853973627090454,0.00438237190246582
2B61A,157,anchor_top3,1,325,168,-0.23277150094509125,-0.23195631802082062,-0.0008151829242706299
2B61A,157,anchor_top3,1,346,189,-1.4346098899841309,-1.4406251907348633,0.006015300750732422
2B61A,157,anchor_top3,1,366,209,-1.8139721155166626,-1.8097532987594604,-0.0042188167572021484
2B61A,46,control,0,10,36,-1.7182440757751465,-1.7180721759796143,-0.00017189979553222656
2B61A,46,control,0,77,31,-1.589034080505371,-1.5891790390014648,0.00014495849609375
2B61A,46,control,0,98,52,-0.5854344367980957,-0.5863761305809021,0.0009416937828063965
2B61A,46,control,0,119,73,-0.11028817296028137,-0.11023778468370438,-5.038827657699585e-05
2B61A,46,control,0,139,93,-0.09752558171749115,-0.0974750816822052,-5.050003528594971e-05
2B61A,46,control,0,160,114,-0.10200636833906174,-0.10164147615432739,-0.0003648921847343445
2B61A,46,control,0,181,135,-1.3663256168365479,-1.3659954071044922,-0.00033020973205566406
2B61A,46,control,0,201,155,-4.192873477935791,-4.192868709564209,-4.76837158203125e-06
2B61A,46,control,0,222,176,-0.02880087122321129,-0.02882971242070198,2.884119749069214e-05
2B61A,46,control,0,242,196,-3.5283000469207764,-3.5284948348999023,0.00019478797912597656
2B61A,46,control,0,263,217,-1.6030077934265137,-1.6029322147369385,-7.557868957519531e-05
2B61A,46,control,0,284,238,-0.03958946838974953,-0.0396309457719326,4.147738218307495e-05
2B61A,46,control,0,304,258,-2.8495912551879883,-2.8504090309143066,0.0008177757263183594
2B61A,46,control,0,325,279,-0.23277150094509125,-0.23280645906925201,3.49581241607666e-05
2B61A,46,control,0,346,300,-1.4346098899841309,-1.4346091747283936,-7.152557373046875e-07
2B61A,46,control,0,366,320,-1.8139721155166626,-1.8142410516738892,0.0002689361572265625
2B61A,93,control,0,10,83,-1.7182440757751465,-1.7185508012771606,0.00030672550201416016
2B61A,93,control,0,30,63,-2.2293639183044434,-2.2297017574310303,0.00033783912658691406
2B61A,93,control,0,51,42,-0.000364713923772797,-0.0003641180810518563,-5.958427209407091e-07
2B61A,93,control,0,119,26,-0.11028817296028137,-0.11041990667581558,0.0001317337155342102
2B61A,93,control,0,139,46,-0.09752558171749115,-0.09751389920711517,-1.1682510375976562e-05
2B61A,93,control,0,160,67,-0.10200636833906174,-0.10190118849277496,-0.00010517984628677368
2B61A,93,control,0,181,88,-1.3663256168365479,-1.3659858703613281,-0.00033974647521972656
2B61A,93,control,0,201,108,-4.192873477935791,-4.194411754608154,0.0015382766723632812
2B61A,93,control,0,222,129,-0.02880087122321129,-0.028777938336133957,-2.2932887077331543e-05
2B61A,93,control,0,242,149,-3.5283000469207764,-3.5286316871643066,0.00033164024353027344
2B61A,93,control,0,263,170,-1.6030077934265137,-1.603140950202942,0.00013315677642822266
2B61A,93,control,0,284,191,-0.03958946838974953,-0.03957434371113777,-1.5124678611755371e-05
2B61A,93,control,0,304,211,-2.8495912551879883,-2.849686861038208,9.560585021972656e-05
2B61A,93,control,0,325,232,-0.23277150094509125,-0.23273466527462006,-3.6835670471191406e-05
2B61A,93,control,0,346,253,-1.4346098899841309,-1.4350292682647705,0.00041937828063964844
2B61A,93,control,0,366,273,-1.8139721155166626,-1.8076001405715942,-0.006371974945068359
2B61A,102,control,0,10,92,-1.7182440757751465,-1.7184970378875732,0.0002529621124267578
2B61A,102,control,0,30,72,-2.2293639183044434,-2.2292346954345703,-0.00012922286987304688
2B61A,102,control,0,51,51,-0.000364713923772797,-0.000366263062460348,1.5491386875510216e-06
2B61A,102,control,0,72,30,-3.466963291168213,-3.469191312789917,0.0022280216217041016
2B61A,102,control,0,139,37,-0.09752558171749115,-0.09747984260320663,-4.573911428451538e-05
2B61A,102,control,0,160,58,-0.10200636833906174,-0.1015920490026474,-0.00041431933641433716
2B61A,102,control,0,181,79,-1.3663256168365479,-1.366243839263916,-8.177757263183594e-05
2B61A,102,control,0,201,99,-4.192873477935791,-4.1955695152282715,0.0026960372924804688
2B61A,102,control,0,222,120,-0.02880087122321129,-0.028797512874007225,-3.3583492040634155e-06
2B61A,102,control,0,242,140,-3.5283000469207764,-3.5291223526000977,0.0008223056793212891
2B61A,102,control,0,263,161,-1.6030077934265137,-1.6030681133270264,6.031990051269531e-05
2B61A,102,control,0,284,182,-0.03958946838974953,-0.03949424624443054,-9.522214531898499e-05
2B61A,102,control,0,304,202,-2.8495912551879883,-2.8494467735290527,-0.00014448165893554688
2B61A,102,control,0,325,223,-0.23277150094509125,-0.23284253478050232,7.103383541107178e-05
2B61A,102,control,0,346,244,-1.4346098899841309,-1.4350122213363647,0.0004023313522338867
2B61A,102,control,0,366,264,-1.8139721155166626,-1.814408779144287,0.0004366636276245117
2B61A,47,control,0,10,37,-1.7182440757751465,-1.718472957611084,0.0002288818359375
2B61A,47,control,0,77,30,-1.589034080505371,-1.5897209644317627,0.0006868839263916016
2B61A,47,control,0,98,51,-0.5854344367980957,-0.5844822525978088,-0.0009521842002868652
2B61A,47,control,0,119,72,-0.11028817296028137,-0.11055301129817963,0.0002648383378982544
2B61A,47,control,0,139,92,-0.09752558171749115,-0.09749000519514084,-3.557652235031128e-05
2B61A,47,control,0,160,113,-0.10200636833906174,-0.10227997601032257,0.00027360767126083374
2B61A,47,control,0,181,134,-1.3663256168365479,-1.366265058517456,-6.0558319091796875e-05
2B61A,47,control,0,201,154,-4.192873477935791,-4.192705154418945,-0.00016832351684570312
2B61A,47,control,0,222,175,-0.02880087122321129,-0.028847431764006615,4.656054079532623e-05
2B61A,47,control,0,242,195,-3.5283000469207764,-3.5280823707580566,-0.00021767616271972656
2B61A,47,control,0,263,216,-1.6030077934265137,-1.6033073663711548,0.0002995729446411133
2B61A,47,control,0,284,237,-0.03958946838974953,-0.03959565609693527,6.187707185745239e-06
2B61A,47,control,0,304,257,-2.8495912551879883,-2.8499200344085693,0.0003287792205810547
2B61A,47,control,0,325,278,-0.23277150094509125,-0.23290789127349854,0.0001363903284072876
2B61A,47,control,0,346,299,-1.4346098899841309,-1.4342200756072998,-0.0003898143768310547
2B61A,47,control,0,366,319,-1.8139721155166626,-1.8136610984802246,-0.0003110170364379883
2B61A,64,control,0,10,54,-1.7182440757751465,-1.7176637649536133,-0.0005803108215332031
2B61A,64,control,0,30,34,-2.2293639183044434,-2.2288143634796143,-0.0005495548248291016
2B61A,64,control,0,98,34,-0.5854344367980957,-0.5847309827804565,-0.0007034540176391602
2B61A,64,control,0,119,55,-0.11028817296028137,-0.11017724126577377,-0.00011093169450759888
2B61A,64,control,0,139,75,-0.09752558171749115,-0.09725921601057053,-0.0002663657069206238
2B61A,64,control,0,160,96,-0.10200636833906174,-0.10136037319898605,-0.0006459951400756836
2B61A,64,control,0,181,117,-1.3663256168365479,-1.3685405254364014,0.0022149085998535156
2B61A,64,control,0,201,137,-4.192873477935791,-4.192644119262695,-0.00022935867309570312
2B61A,64,control,0,222,158,-0.02880087122321129,-0.028831448405981064,3.057718276977539e-05
2B61A,64,control,0,242,178,-3.5283000469207764,-3.5256400108337402,-0.002660036087036133
2B61A,64,control,0,263,199,-1.6030077934265137,-1.6037821769714355,0.000774383544921875
2B61A,64,control,0,284,220,-0.03958946838974953,-0.03963679075241089,4.7322362661361694e-05
2B61A,64,control,0,304,240,-2.8495912551879883,-2.848409652709961,-0.0011816024780273438
2B61A,64,control,0,325,261,-0.23277150094509125,-0.2327999323606491,2.8431415557861328e-05
2B61A,64,control,0,346,282,-1.4346098899841309,-1.4346219301223755,1.2040138244628906e-05
2B61A,64,control,0,366,302,-1.8139721155166626,-1.814849853515625,0.0008777379989624023
2DPMA,190,anchor_top1,1,7,183,-1.5220431089401245,-1.5504226684570312,0.02837955951690674
2DPMA,190,anchor_top1,1,22,168,-0.24635431170463562,-0.2449144870042801,-0.0014398247003555298
2DPMA,190,anchor_top1,1,37,153,-0.40414848923683167,-0.3834393620491028,-0.020709127187728882
2DPMA,190,anchor_top1,1,51,139,-0.9967188835144043,-0.9426327347755432,-0.054086148738861084
2DPMA,190,anchor_top1,1,66,124,-0.11506094038486481,-0.11247725784778595,-0.0025836825370788574
2DPMA,190,anchor_top1,1,81,109,-0.4184732735157013,-0.3746670186519623,-0.043806254863739014
2DPMA,190,anchor_top1,1,96,94,-0.2633691132068634,-0.21344703435897827,-0.04992207884788513
2DPMA,190,anchor_top1,1,111,79,-2.837958574295044,-2.9264700412750244,0.08851146697998047
2DPMA,190,anchor_top1,1,125,65,-1.4629228115081787,-1.2346158027648926,-0.22830700874328613
2DPMA,190,anchor_top1,1,140,50,-0.04321753606200218,-0.03908185660839081,-0.004135679453611374
2DPMA,190,anchor_top1,1,155,35,-0.573681652545929,-0.5773971676826477,0.00371551513671875
2DPMA,190,anchor_top1,1,217,27,-0.17233802378177643,-0.18264460563659668,0.010306581854820251
2DPMA,190,anchor_top1,1,232,42,-0.057398922741413116,-0.06078684702515602,0.0033879242837429047
2DPMA,190,anchor_top1,1,246,56,-1.6715545654296875,-1.6566400527954102,-0.014914512634277344
2DPMA,190,anchor_top1,1,261,71,-0.0011099375551566482,-0.0014427024871110916,0.00033276493195444345
2DPMA,190,anchor_top1,1,276,86,-1.6817528009414673,-1.6104319095611572,-0.07132089138031006
2DPMA,39,anchor_top2,1,7,32,-1.5220431089401245,-1.455445647239685,-0.06659746170043945
2DPMA,39,anchor_top2,1,69,30,-1.9631516933441162,-2.0420846939086914,0.0789330005645752
2DPMA,39,anchor_top2,1,84,45,-0.24045200645923615,-0.2788773775100708,0.038425371050834656
2DPMA,39,anchor_top2,1,98,59,-2.794281005859375,-2.772519588470459,-0.021761417388916016
2DPMA,39,anchor_top2,1,113,74,-2.4582931995391846,-2.398560047149658,-0.05973315238952637
2DPMA,39,anchor_top2,1,128,89,-0.7522846460342407,-0.747282862663269,-0.00500178337097168
2DPMA,39,anchor_top2,1,143,104,-0.01917586289346218,-0.022517826408147812,0.003341963514685631
2DPMA,39,anchor_top2,1,158,119,-0.5526061654090881,-0.5331178903579712,-0.019488275051116943
2DPMA,39,anchor_top2,1,172,133,-0.8796157240867615,-0.9623401165008545,0.08272439241409302
2DPMA,39,anchor_top2,1,187,148,-0.4241040050983429,-0.4360806345939636,0.011976629495620728
2DPMA,39,anchor_top2,1,202,163,-0.10921934992074966,-0.1130574494600296,0.0038380995392799377
2DPMA,39,anchor_top2,1,217,178,-0.17233802378177643,-0.17501646280288696,0.0026784390211105347
2DPMA,39,anchor_top2,1,232,193,-0.057398922741413116,-0.05654017627239227,-0.0008587464690208435
2DPMA,39,anchor_top2,1,246,207,-1.6715545654296875,-1.668262004852295,-0.003292560577392578
2DPMA,39,anchor_top2,1,261,222,-0.0011099375551566482,-0.0010919567430391908,-1.798081211745739e-05
2DPMA,39,anchor_top2,1,276,237,-1.6817528009414673,-1.694328784942627,0.012575984001159668
2DPMA,57,anchor_top3,1,7,50,-1.5220431089401245,-1.5263034105300903,0.00426030158996582
2DPMA,57,anchor_top3,1,22,35,-0.24635431170463562,-0.25322380661964417,0.006869494915008545
2DPMA,57,anchor_top3,1,84,27,-0.24045200645923615,-0.22217634320259094,-0.018275663256645203
2DPMA,57,anchor_top3,1,98,41,-2.794281005859375,-2.800532341003418,0.006251335144042969
2DPMA,57,anchor_top3,1,113,56,-2.4582931995391846,-2.4751029014587402,0.016809701919555664
2DPMA,57,anchor_top3,1,128,71,-0.7522846460342407,-0.7368573546409607,-0.01542729139328003
2DPMA,57,anchor_top3,1,143,86,-0.01917586289346218,-0.018750324845314026,-0.0004255380481481552
2DPMA,57,anchor_top3,1,158,101,-0.5526061654090881,-0.5641709566116333,0.011564791202545166
2DPMA,57,anchor_top3,1,172,115,-0.8796157240867615,-0.8521199822425842,-0.027495741844177246
2DPMA,57,anchor_top3,1,187,130,-0.4241040050983429,-0.41886967420578003,-0.005234330892562866
2DPMA,57,anchor_top3,1,202,145,-0.10921934992074966,-0.10793902724981308,-0.0012803226709365845
2DPMA,57,anchor_top3,1,217,160,-0.17233802378177643,-0.17239922285079956,6.119906902313232e-05
2DPMA,57,anchor_top3,1,232,175,-0.057398922741413116,-0.0570993572473526,-0.00029956549406051636
2DPMA,57,anchor_top3,1,246,189,-1.6715545654296875,-1.663102626800537,-0.00845193862915039
2DPMA,57,anchor_top3,1,261,204,-0.0011099375551566482,-0.0011042217956855893,-5.7157594710588455e-06
2DPMA,57,anchor_top3,1,276,219,-1.6817528009414673,-1.688232421875,0.006479620933532715
2DPMA,40,control,0,7,33,-1.5220431089401245,-1.5218502283096313,-0.00019288063049316406
2DPMA,40,control,0,69,29,-1.9631516933441162,-1.9670569896697998,0.0039052963256835938
2DPMA,40,control,0,84,44,-0.24045200645923615,-0.23842714726924896,-0.0020248591899871826
2DPMA,40,control,0,98,58,-2.794281005859375,-2.795442581176758,0.0011615753173828125
2DPMA,40,control,0,113,73,-2.4582931995391846,-2.459962844848633,0.0016696453094482422
2DPMA,40,control,0,128,88,-0.7522846460342407,-0.7520800828933716,-0.00020456314086914062
2DPMA,40,control,0,143,103,-0.01917586289346218,-0.01923491805791855,5.905516445636749e-05
2DPMA,40,control,0,158,118,-0.5526061654090881,-0.5531318783760071,0.0005257129669189453
2DPMA,40,control,0,172,132,-0.8796157240867615,-0.8815604448318481,0.00194472074508667
2DPMA,40,control,0,187,147,-0.4241040050983429,-0.4239805042743683,-0.00012350082397460938
2DPMA,40,control,0,202,162,-0.10921934992074966,-0.10923966020345688,2.0310282707214355e-05
2DPMA,40,control,0,217,177,-0.17233802378177643,-0.1723962128162384,5.81890344619751e-05
2DPMA,40,control,0,232,192,-0.057398922741413116,-0.057426050305366516,2.7127563953399658e-05
2DPMA,40,control,0,246,206,-1.6715545654296875,-1.6719048023223877,0.0003502368927001953
2DPMA,40,control,0,261,221,-0.0011099375551566482,-0.0011076750233769417,-2.262531779706478e-06
2DPMA,40,control,0,276,236,-1.6817528009414673,-1.68302321434021,0.0012704133987426758
2DPMA,277,control,0,7,270,-1.5220431089401245,-1.5221279859542847,8.487701416015625e-05
2DPMA,277,control,0,23,254,-0.02934996224939823,-0.02936512790620327,1.5165656805038452e-05
2DPMA,277,control,0,39,238,-0.6967146992683411,-0.6968867182731628,0.00017201900482177734
2DPMA,277,control,0,55,222,-1.0837522745132446,-1.0839591026306152,0.00020682811737060547
2DPMA,277,control,0,71,206,-1.752004861831665,-1.7522163391113281,0.00021147727966308594
2DPMA,277,control,0,87,190,-0.35987603664398193,-0.3596425950527191,-0.00023344159126281738
2DPMA,277,control,0,103,174,-0.030719870701432228,-0.030705997720360756,-1.3872981071472168e-05
2DPMA,277,control,0,119,158,-0.012991665862500668,-0.012989901006221771,-1.7648562788963318e-06
2DPMA,277,control,0,134,143,-0.08068307489156723,-0.08069506287574768,1.198798418045044e-05
2DPMA,277,control,0,150,127,-0.017918497323989868,-0.017947183921933174,2.868659794330597e-05
2DPMA,277,control,0,166,111,-0.8155483603477478,-0.8155621886253357,1.3828277587890625e-05
2DPMA,277,control,0,182,95,-3.8512191772460938,-3.8514604568481445,0.00024127960205078125
2DPMA,277,control,0,198,79,-0.028030570596456528,-0.02803010679781437,-4.637986421585083e-07
2DPMA,277,control,0,214,63,-1.2552425861358643,-1.2552613019943237,1.8715858459472656e-05
2DPMA,277,control,0,230,47,-1.3570295572280884,-1.3567149639129639,-0.0003145933151245117
2DPMA,277,control,0,246,31,-1.6715545654296875,-1.6734907627105713,0.001936197280883789
2DPMA,276,control,0,7,269,-1.5220431089401245,-1.5219956636428833,-4.744529724121094e-05
2DPMA,276,control,0,23,253,-0.02934996224939823,-0.029352741315960884,2.779066562652588e-06
2DPMA,276,control,0,39,237,-0.6967146992683411,-0.69693523645401,0.0002205371856689453
2DPMA,276,control,0,55,221,-1.0837522745132446,-1.0841305255889893,0.0003782510757446289
2DPMA,276,control,0,71,205,-1.752004861831665,-1.7520911693572998,8.630752563476562e-05
2DPMA,276,control,0,86,190,-2.733682870864868,-2.733916759490967,0.0002338886260986328
2DPMA,276,control,0,102,174,-3.7890868186950684,-3.7890591621398926,-2.765655517578125e-05
2DPMA,276,control,0,118,158,-0.3463011682033539,-0.3466598093509674,0.0003586411476135254
2DPMA,276,control,0,134,142,-0.08068307489156723,-0.08068802952766418,4.954636096954346e-06
2DPMA,276,control,0,150,126,-0.017918497323989868,-0.01792294532060623,4.447996616363525e-06
2DPMA,276,control,0,166,110,-0.8155483603477478,-0.816441535949707,0.0008931756019592285
2DPMA,276,control,0,181,95,-2.145270347595215,-2.1456358432769775,0.0003654956817626953
2DPMA,276,control,0,197,79,-1.8519065380096436,-1.8555042743682861,0.003597736358642578
2DPMA,276,control,0,213,63,-0.0028127175755798817,-0.002813430968672037,7.133930921554565e-07
2DPMA,276,control,0,229,47,-0.9589739441871643,-0.9570316672325134,-0.001942276954650879
2DPMA,276,control,0,245,31,-0.8719835877418518,-0.8724783062934875,0.0004947185516357422
2DPMA,191,control,0,7,184,-1.5220431089401245,-1.52218759059906,0.00014448165893554688
2DPMA,191,control,0,22,169,-0.24635431170463562,-0.24685874581336975,0.0005044341087341309
2DPMA,191,control,0,37,154,-0.40414848923683167,-0.40582647919654846,0.0016779899597167969
2DPMA,191,control,0,51,140,-0.9967188835144043,-0.9953819513320923,-0.0013369321823120117
2DPMA,191,control,0,66,125,-0.11506094038486481,-0.11490707099437714,-0.0001538693904876709
2DPMA,191,control,0,81,110,-0.4184732735157013,-0.41797494888305664,-0.0004983246326446533
2DPMA,191,control,0,96,95,-0.2633691132068634,-0.26318562030792236,-0.00018349289894104004
2DPMA,191,control,0,111,80,-2.837958574295044,-2.837695837020874,-0.0002627372741699219
2DPMA,191,control,0,125,66,-1.4629228115081787,-1.4602077007293701,-0.0027151107788085938
2DPMA,191,control,0,140,51,-0.04321753606200218,-0.04326069355010986,4.3157488107681274e-05
2DPMA,191,control,0,155,36,-0.573681652545929,-0.5729597210884094,-0.0007219314575195312
2DPMA,191,control,0,217,26,-0.17233802378177643,-0.17250707745552063,0.00016905367374420166
2DPMA,191,control,0,232,41,-0.057398922741413116,-0.05734444409608841,-5.447864532470703e-05
2DPMA,191,control,0,246,55,-1.6715545654296875,-1.671682596206665,0.00012803077697753906
2DPMA,191,control,0,261,70,-0.0011099375551566482,-0.0011067223967984319,-3.2151583582162857e-06
2DPMA,191,control,0,276,85,-1.6817528009414673,-1.680118203163147,-0.0016345977783203125
2DPMA,278,control,0,7,271,-1.5220431089401245,-1.5221812725067139,0.00013816356658935547
2DPMA,278,control,0,23,255,-0.02934996224939823,-0.029381796717643738,3.183446824550629e-05
2DPMA,278,control,0,39,239,-0.6967146992683411,-0.6969501972198486,0.00023549795150756836
2DPMA,278,control,0,55,223,-1.0837522745132446,-1.0836122035980225,-0.00014007091522216797
2DPMA,278,control,0,71,207,-1.752004861831665,-1.7517592906951904,-0.0002455711364746094
2DPMA,278,control,0,87,191,-0.35987603664398193,-0.3596702218055725,-0.00020581483840942383
2DPMA,278,control,0,103,175,-0.030719870701432228,-0.030687617138028145,-3.225356340408325e-05
2DPMA,278,control,0,119,159,-0.012991665862500668,-0.012985076755285263,-6.5891072154045105e-06
2DPMA,278,control,0,135,143,-0.00368095631711185,-0.003684044349938631,3.088032826781273e-06
2DPMA,278,control,0,151,127,-1.189578890800476,-1.1894004344940186,-0.00017845630645751953
2DPMA,278,control,0,167,111,-1.8961291313171387,-1.8960816860198975,-4.744529724121094e-05
2DPMA,278,control,0,183,95,-0.8107284307479858,-0.8105331063270569,-0.00019532442092895508
2DPMA,278,control,0,199,79,-1.0418977737426758,-1.0419254302978516,2.765655517578125e-05
2DPMA,278,control,0,215,63,-3.620917320251465,-3.6203126907348633,-0.0006046295166015625
2DPMA,278,control,0,231,47,-4.046492576599121,-4.0486836433410645,0.0021910667419433594
2DPMA,278,control,0,247,31,-0.5082226395606995,-0.5079504251480103,-0.000272214412689209
2QY6A,64,anchor_top1,1,6,58,-2.3727545738220215,-2.330686330795288,-0.0420682430267334
2QY6A,64,anchor_top1,1,19,45,-0.524016261100769,-0.8209190964698792,0.2969028353691101
2QY6A,64,anchor_top1,1,32,32,-1.0979863405227661,-2.2876458168029785,1.1896594762802124
2QY6A,64,anchor_top1,1,92,28,-2.3855578899383545,-2.400020122528076,0.01446223258972168
2QY6A,64,anchor_top1,1,106,42,-0.21877382695674896,-0.1467074453830719,-0.07206638157367706
2QY6A,64,anchor_top1,1,119,55,-0.08139663189649582,-0.05921050161123276,-0.02218613028526306
2QY6A,64,anchor_top1,1,132,68,-1.0017143487930298,-0.30371779203414917,-0.6979965567588806
2QY6A,64,anchor_top1,1,145,81,-1.1009552478790283,-1.283609390258789,0.18265414237976074
2QY6A,64,anchor_top1,1,158,94,-0.8455458879470825,-0.9506505131721497,0.10510462522506714
2QY6A,64,anchor_top1,1,171,107,-2.844773292541504,-2.896237850189209,0.05146455764770508
2QY6A,64,anchor_top1,1,184,120,-0.5669153332710266,-0.5857605338096619,0.018845200538635254
2QY6A,64,anchor_top1,1,197,133,-3.3560149669647217,-3.212118148803711,-0.14389681816101074
2QY6A,64,anchor_top1,1,211,147,-0.009547406807541847,-0.011624340899288654,0.002076934091746807
2QY6A,64,anchor_top1,1,224,160,-0.06680905073881149,-0.0948217585682869,0.028012707829475403
2QY6A,64,anchor_top1,1,237,173,-0.0002215855201939121,-0.00021991695393808186,-1.6685662558302283e-06
2QY6A,64,anchor_top1,1,250,186,-2.5050880908966064,-2.669666051864624,0.16457796096801758
2QY6A,176,anchor_top2,1,6,170,-2.3727545738220215,-2.385418176651001,0.012663602828979492
2QY6A,176,anchor_top2,1,19,157,-0.524016261100769,-0.5075896382331848,-0.01642662286758423
2QY6A,176,anchor_top2,1,32,144,-1.0979863405227661,-1.133030891418457,0.03504455089569092
2QY6A,176,anchor_top2,1,45,131,-3.030545473098755,-2.971041202545166,-0.05950427055358887
2QY6A,176,anchor_top2,1,59,117,-1.4930399656295776,-1.45343816280365,-0.039601802825927734
2QY6A,176,anchor_top2,1,72,104,-0.003634159453213215,-0.0036064840387552977,-2.7675414457917213e-05
2QY6A,176,anchor_top2,1,85,91,-0.05992617458105087,-0.06079660356044769,0.0008704289793968201
2QY6A,176,anchor_top2,1,98,78,-0.05610184744000435,-0.059672851115465164,0.0035710036754608154
2QY6A,176,anchor_top2,1,111,65,-0.09160862863063812,-0.08797693252563477,-0.003631696105003357
2QY6A,176,anchor_top2,1,124,52,-2.1695756912231445,-2.1210122108459473,-0.048563480377197266
2QY6A,176,anchor_top2,1,137,39,-0.36640581488609314,-0.35960522294044495,-0.006800591945648193
2QY6A,176,anchor_top2,1,150,26,-0.1693851351737976,-0.14264263212680817,-0.02674250304698944
2QY6A,176,anchor_top2,1,211,35,-0.009547406807541847,-0.005373321007937193,-0.004174085799604654
2QY6A,176,anchor_top2,1,224,48,-0.06680905073881149,-0.06159196421504021,-0.005217086523771286
2QY6A,176,anchor_top2,1,237,61,-0.0002215855201939121,-0.0002273062855238095,5.720765329897404e-06
2QY6A,176,anchor_top2,1,250,74,-2.5050880908966064,-2.481234073638916,-0.02385401725769043
2QY6A,98,anchor_top3,1,6,92,-2.3727545738220215,-2.374940872192383,0.002186298370361328
2QY6A,98,anchor_top3,1,19,79,-0.524016261100769,-0.5249882340431213,0.0009719729423522949
2QY6A,98,anchor_top3,1,32,66,-1.0979863405227661,-1.072143793106079,-0.02584254741668701
2QY6A,98,anchor_top3,1,45,53,-3.030545473098755,-3.0188181400299072,-0.011727333068847656
2QY6A,98,anchor_top3,1,59,39,-1.4930399656295776,-1.4796996116638184,-0.013340353965759277
2QY6A,98,anchor_top3,1,72,26,-0.003634159453213215,-0.0034292482305318117,-0.00020491122268140316
2QY6A,98,anchor_top3,1,132,34,-1.0017143487930298,-1.0177216529846191,0.016007304191589355
2QY6A,98,anchor_top3,1,145,47,-1.1009552478790283,-1.1685855388641357,0.06763029098510742
2QY6A,98,anchor_top3,1,158,60,-0.8455458879470825,-0.8146162629127502,-0.030929625034332275
2QY6A,98,anchor_top3,1,171,73,-2.844773292541504,-2.8695387840270996,0.024765491485595703
2QY6A,98,anchor_top3,1,184,86,-0.5669153332710266,-0.5752359628677368,0.008320629596710205
2QY6A,98,anchor_top3,1,197,99,-3.3560149669647217,-3.3620150089263916,0.006000041961669922
2QY6A,98,anchor_top3,1,211,113,-0.009547406807541847,-0.00996436644345522,0.00041695963591337204
2QY6A,98,anchor_top3,1,224,126,-0.06680905073881149,-0.06612183153629303,-0.0006872192025184631
2QY6A,98,anchor_top3,1,237,139,-0.0002215855201939121,-0.00021705655672121793,-4.5289634726941586e-06
2QY6A,98,anchor_top3,1,250,152,-2.5050880908966064,-2.5137038230895996,0.008615732192993164
2QY6A,242,control,0,6,236,-2.3727545738220215,-2.372767448425293,1.2874603271484375e-05
2QY6A,242,control,0,20,222,-0.008105243556201458,-0.008096019737422466,-9.2238187789917e-06
2QY6A,242,control,0,34,208,-0.2147243618965149,-0.21462558209896088,-9.877979755401611e-05
2QY6A,242,control,0,47,195,-0.005662472452968359,-0.005664132069796324,1.6596168279647827e-06
2QY6A,242,control,0,61,181,-0.01648050732910633,-0.01648637093603611,5.863606929779053e-06
2QY6A,242,control,0,75,167,-0.021790608763694763,-0.02174990065395832,-4.0708109736442566e-05
2QY6A,242,control,0,88,154,-0.6407108902931213,-0.6408026814460754,9.179115295410156e-05
2QY6A,242,control,0,102,140,-0.0010388459777459502,-0.0010386077919974923,-2.3818574845790863e-07
2QY6A,242,control,0,116,126,-1.370422601699829,-1.3702683448791504,-0.00015425682067871094
2QY6A,242,control,0,130,112,-1.0951251983642578,-1.0956239700317383,0.0004987716674804688
2QY6A,242,control,0,143,99,-2.145953416824341,-2.146530866622925,0.0005774497985839844
2QY6A,242,control,0,157,85,-0.14116179943084717,-0.14095237851142883,-0.00020942091941833496
2QY6A,242,control,0,171,71,-2.844773292541504,-2.845041275024414,0.00026798248291015625
2QY6A,242,control,0,184,58,-0.5669153332710266,-0.569465160369873,0.0025498270988464355
2QY6A,242,control,0,198,44,-0.2650336027145386,-0.2645067870616913,-0.00052681565284729
2QY6A,242,control,0,212,30,-0.07751039415597916,-0.07795322686433792,0.00044283270835876465
2QY6A,241,control,0,6,235,-2.3727545738220215,-2.3727593421936035,4.76837158203125e-06
2QY6A,241,control,0,20,221,-0.008105243556201458,-0.00810299627482891,-2.2472813725471497e-06
2QY6A,241,control,0,34,207,-0.2147243618965149,-0.21445754170417786,-0.00026682019233703613
2QY6A,241,control,0,47,194,-0.005662472452968359,-0.005665672942996025,3.200490027666092e-06
2QY6A,241,control,0,61,180,-0.01648050732910633,-0.01647663675248623,-3.870576620101929e-06
2QY6A,241,control,0,74,167,-0.015374596230685711,-0.015401477925479412,2.6881694793701172e-05
2QY6A,241,control,0,88,153,-0.6407108902931213,-0.640683114528656,-2.777576446533203e-05
2QY6A,241,control,0,102,139,-0.0010388459777459502,-0.0010381315369158983,-7.14440830051899e-07
2QY6A,241,control,0,115,126,-0.5400679111480713,-0.5392947793006897,-0.0007731318473815918
2QY6A,241,control,0,129,112,-2.102823257446289,-2.099299430847168,-0.0035238265991210938
2QY6A,241,control,0,143,98,-2.145953416824341,-2.146874189376831,0.0009207725524902344
2QY6A,241,control,0,156,85,-0.002362795639783144,-0.0023648173082619905,2.02166847884655e-06
2QY6A,241,control,0,170,71,-3.1076502799987793,-3.107062578201294,-0.0005877017974853516
2QY6A,241,control,0,183,58,-0.00044526674901135266,-0.0004462200158741325,9.532668627798557e-07
2QY6A,241,control,0,197,44,-3.3560149669647217,-3.355473518371582,-0.0005414485931396484
2QY6A,241,control,0,211,30,-0.009547406807541847,-0.00957326591014862,2.5859102606773376e-05
2QY6A,12,control,0,42,30,-0.01086344849318266,-0.010853425599634647,-1.002289354801178e-05
2QY6A,12,control,0,56,44,-1.9982235431671143,-1.9984246492385864,0.00020110607147216797
2QY6A,12,control,0,70,58,-0.006975346710532904,-0.0069951158948242664,1.9769184291362762e-05
2QY6A,12,control,0,84,72,-0.3022303581237793,-0.30282163619995117,0.000591278076171875
2QY6A,12,control,0,98,86,-0.05610184744000435,-0.05598924681544304,-0.00011260062456130981
2QY6A,12,control,0,111,99,-0.09160862863063812,-0.09177275747060776,0.000164128839969635
2QY6A,12,control,0,125,113,-0.7896453738212585,-0.7894614338874817,-0.00018393993377685547
2QY6A,12,control,0,139,127,-0.09099767357110977,-0.09101661294698715,1.893937587738037e-05
2QY6A,12,control,0,153,141,-0.007657341659069061,-0.007655449211597443,-1.8924474716186523e-06
2QY6A,12,control,0,167,155,-2.1703743934631348,-2.169628381729126,-0.0007460117340087891
2QY6A,12,control,0,181,169,-0.00015758226800244302,-0.00015746307326480746,-1.1919473763555288e-07
2QY6A,12,control,0,194,182,-0.19897311925888062,-0.1992523968219757,0.0002792775630950928
2QY6A,12,control,0,208,196,-0.2639331519603729,-0.2634795010089874,-0.00045365095138549805
2QY6A,12,control,0,222,210,-0.47187668085098267,-0.47242313623428345,0.0005464553833007812
2QY6A,12,control,0,236,224,-0.12225813418626785,-0.12226552516222,7.3909759521484375e-06
2QY6A,12,control,0,250,238,-2.5050880908966064,-2.5058741569519043,0.0007860660552978516
2QY6A,173,control,0,6,167,-2.3727545738220215,-2.373936176300049,0.0011816024780273438
2QY6A,173,control,0,19,154,-0.524016261100769,-0.5282332897186279,0.004217028617858887
2QY6A,173,control,0,32,141,-1.0979863405227661,-1.0968364477157593,-0.001149892807006836
2QY6A,173,control,0,45,128,-3.030545473098755,-3.027766704559326,-0.002778768539428711
2QY6A,173,control,0,59,114,-1.4930399656295776,-1.495232343673706,0.002192378044128418
2QY6A,173,control,0,72,101,-0.003634159453213215,-0.0036345156840980053,3.5623088479042053e-07
2QY6A,173,control,0,85,88,-0.05992617458105087,-0.06008132919669151,0.00015515461564064026
2QY6A,173,control,0,98,75,-0.05610184744000435,-0.056061722338199615,-4.0125101804733276e-05
2QY6A,173,control,0,111,62,-0.09160862863063812,-0.09238073229789734,0.0007721036672592163
2QY6A,173,control,0,124,49,-2.1695756912231445,-2.18086576461792,0.01129007339477539
2QY6A,173,control,0,137,36,-0.36640581488609314,-0.36605262756347656,-0.00035318732261657715
2QY6A,173,control,0,197,24,-3.3560149669647217,-3.3548073768615723,-0.001207590103149414
2QY6A,173,control,0,211,38,-0.009547406807541847,-0.00947526004165411,-7.214676588773727e-05
2QY6A,173,control,0,224,51,-0.06680905073881149,-0.0670832097530365,0.0002741590142250061
2QY6A,173,control,0,237,64,-0.0002215855201939121,-0.00022098960471339524,-5.95915480516851e-07
2QY6A,173,control,0,250,77,-2.5050880908966064,-2.5050547122955322,-3.337860107421875e-05
2QY6A,226,control,0,6,220,-2.3727545738220215,-2.3729803562164307,0.0002257823944091797
2QY6A,226,control,0,19,207,-0.524016261100769,-0.5234148502349854,-0.0006014108657836914
2QY6A,226,control,0,32,194,-1.0979863405227661,-1.0986239910125732,0.0006376504898071289
2QY6A,226,control,0,45,181,-3.030545473098755,-3.0279746055603027,-0.0025708675384521484
2QY6A,226,control,0,59,167,-1.4930399656295776,-1.4927507638931274,-0.0002892017364501953
2QY6A,226,control,0,72,154,-0.003634159453213215,-0.0036309524439275265,-3.2070092856884003e-06
2QY6A,226,control,0,85,141,-0.05992617458105087,-0.0598546527326107,-7.152184844017029e-05
2QY6A,226,control,0,98,128,-0.05610184744000435,-0.05610218644142151,3.390014171600342e-07
2QY6A,226,control,0,111,115,-0.09160862863063812,-0.09165355563163757,4.4927000999450684e-05
2QY6A,226,control,0,124,102,-2.1695756912231445,-2.1708779335021973,0.0013022422790527344
2QY6A,226,control,0,137,89,-0.36640581488609314,-0.3653888404369354,-0.0010169744491577148
2QY6A,226,control,0,150,76,-0.1693851351737976,-0.1696350872516632,0.0002499520778656006
2QY6A,226,control,0,164,62,-1.3155826330184937,-1.3158416748046875,0.00025904178619384766
2QY6A,226,control,0,177,49,-0.03633072227239609,-0.036271288990974426,-5.943328142166138e-05
2QY6A,226,control,0,190,36,-0.0001282609737245366,-0.0001282609737245366,0.0
2QY6A,226,control,0,250,24,-2.5050880908966064,-2.502810001373291,-0.0022780895233154297
2YHWA,287,anchor_top1,1,9,278,-0.2763020694255829,-0.2838168144226074,0.007514744997024536
2YHWA,287,anchor_top1,1,27,260,-2.7838542461395264,-2.74420166015625,-0.03965258598327637
2YHWA,287,anchor_top1,1,46,241,-0.32175561785697937,-0.3185334801673889,-0.003222137689590454
2YHWA,287,anchor_top1,1,64,223,-2.5230579376220703,-2.57031512260437,0.047257184982299805
2YHWA,287,anchor_top1,1,83,204,-4.2886643409729,-4.286513805389404,-0.0021505355834960938
2YHWA,287,anchor_top1,1,101,186,-0.7632813453674316,-0.74696946144104,-0.0163118839263916
2YHWA,287,anchor_top1,1,120,167,-1.2230463027954102,-1.249031901359558,0.02598559856414795
2YHWA,287,anchor_top1,1,138,149,-0.026360709220170975,-0.0237690769135952,-0.002591632306575775
2YHWA,287,anchor_top1,1,157,130,-1.7656261920928955,-1.7853477001190186,0.019721508026123047
2YHWA,287,anchor_top1,1,175,112,-2.8278353214263916,-2.886178970336914,0.05834364891052246
2YHWA,287,anchor_top1,1,194,93,-0.7259048819541931,-0.7135055065155029,-0.012399375438690186
2YHWA,287,anchor_top1,1,212,75,-1.2828919887542725,-1.2120095491409302,-0.07088243961334229
2YHWA,287,anchor_top1,1,231,56,-2.5179953575134277,-2.341654062271118,-0.17634129524230957
2YHWA,287,anchor_top1,1,249,38,-0.972144365310669,-1.0718849897384644,0.09974062442779541
2YHWA,287,anchor_top1,1,315,28,-1.4136039018630981,-1.5250418186187744,0.11143791675567627
2YHWA,287,anchor_top1,1,333,46,-1.7271558046340942,-1.7326054573059082,0.005449652671813965
2YHWA,92,anchor_top2,1,9,83,-0.2763020694255829,-0.29649481177330017,0.020192742347717285
2YHWA,92,anchor_top2,1,27,65,-2.7838542461395264,-2.7854809761047363,0.001626729965209961
2YHWA,92,anchor_top2,1,46,46,-0.32175561785697937,-0.32017025351524353,-0.0015853643417358398
2YHWA,92,anchor_top2,1,64,28,-2.5230579376220703,-2.4481239318847656,-0.07493400573730469
2YHWA,92,anchor_top2,1,130,38,-0.45192691683769226,-0.32363149523735046,-0.1282954216003418
2YHWA,92,anchor_top2,1,148,56,-3.8238470554351807,-3.9099693298339844,0.08612227439880371
2YHWA,92,anchor_top2,1,167,75,-0.010783141478896141,-0.011959515511989594,0.0011763740330934525
2YHWA,92,anchor_top2,1,185,93,-3.0559420585632324,-3.04304575920105,-0.012896299362182617
2YHWA,92,anchor_top2,1,204,112,-0.0077946786768734455,-0.00702210608869791,-0.0007725725881755352
2YHWA,92,anchor_top2,1,222,130,-0.6028028726577759,-0.6496118903160095,0.04680901765823364
2YHWA,92,anchor_top2,1,241,149,-2.364596366882324,-2.408621311187744,0.04402494430541992
2YHWA,92,anchor_top2,1,259,167,-1.2202309370040894,-1.1918132305145264,-0.02841770648956299
2YHWA,92,anchor_top2,1,278,186,-1.062959909439087,-1.025841236114502,-0.03711867332458496
2YHWA,92,anchor_top2,1,296,204,-1.8605635166168213,-1.868678092956543,0.00811457633972168
2YHWA,92,anchor_top2,1,315,223,-1.4136039018630981,-1.4099385738372803,-0.003665328025817871
2YHWA,92,anchor_top2,1,333,241,-1.7271558046340942,-1.7495715618133545,0.022415757179260254
2YHWA,165,anchor_top3,1,9,156,-0.2763020694255829,-0.2881462872028351,0.011844217777252197
2YHWA,165,anchor_top3,1,27,138,-2.7838542461395264,-2.792128562927246,0.008274316787719727
2YHWA,165,anchor_top3,1,46,119,-0.32175561785697937,-0.31489992141723633,-0.006855696439743042
2YHWA,165,anchor_top3,1,64,101,-2.5230579376220703,-2.470374584197998,-0.052683353424072266
2YHWA,165,anchor_top3,1,83,82,-4.2886643409729,-4.295754432678223,0.007090091705322266
2YHWA,165,anchor_top3,1,101,64,-0.7632813453674316,-0.712664008140564,-0.050617337226867676
2YHWA,165,anchor_top3,1,120,45,-1.2230463027954102,-1.2385807037353516,0.015534400939941406
2YHWA,165,anchor_top3,1,138,27,-0.026360709220170975,-0.02398068644106388,-0.002380022779107094
2YHWA,165,anchor_top3,1,204,39,-0.0077946786768734455,-0.008194752037525177,0.0004000733606517315
2YHWA,165,anchor_top3,1,222,57,-0.6028028726577759,-0.6114827394485474,0.008679866790771484
2YHWA,165,anchor_top3,1,241,76,-2.364596366882324,-2.3374314308166504,-0.027164936065673828
2YHWA,165,anchor_top3,1,259,94,-1.2202309370040894,-1.2253211736679077,0.005090236663818359
2YHWA,165,anchor_top3,1,278,113,-1.062959909439087,-1.0045852661132812,-0.058374643325805664
2YHWA,165,anchor_top3,1,296,131,-1.8605635166168213,-1.860249638557434,-0.00031387805938720703
2YHWA,165,anchor_top3,1,315,150,-1.4136039018630981,-1.4304852485656738,0.016881346702575684
2YHWA,165,anchor_top3,1,333,168,-1.7271558046340942,-1.7321429252624512,0.004987120628356934
2YHWA,107,control,0,9,98,-0.2763020694255829,-0.27672311663627625,0.0004210472106933594
2YHWA,107,control,0,27,80,-2.7838542461395264,-2.783416748046875,-0.0004374980926513672
2YHWA,107,control,0,46,61,-0.32175561785697937,-0.3219684362411499,0.00021281838417053223
2YHWA,107,control,0,64,43,-2.5230579376220703,-2.5289804935455322,0.005922555923461914
2YHWA,107,control,0,83,24,-4.2886643409729,-4.288980484008789,0.0003161430358886719
2YHWA,107,control,0,148,41,-3.8238470554351807,-3.8244898319244385,0.0006427764892578125
2YHWA,107,control,0,167,60,-0.010783141478896141,-0.010851303115487099,6.816163659095764e-05
2YHWA,107,control,0,185,78,-3.0559420585632324,-3.055062770843506,-0.0008792877197265625
2YHWA,107,control,0,204,97,-0.0077946786768734455,-0.007802603766322136,7.925089448690414e-06
2YHWA,107,control,0,222,115,-0.6028028726577759,-0.6032435297966003,0.0004406571388244629
2YHWA,107,control,0,241,134,-2.364596366882324,-2.3650693893432617,0.0004730224609375
2YHWA,107,control,0,259,152,-1.2202309370040894,-1.2202309370040894,0.0
2YHWA,107,control,0,278,171,-1.062959909439087,-1.062840461730957,-0.00011944770812988281
2YHWA,107,control,0,296,189,-1.8605635166168213,-1.8605334758758545,-3.0040740966796875e-05
2YHWA,107,control,0,315,208,-1.4136039018630981,-1.4132064580917358,-0.0003974437713623047
2YHWA,107,control,0,333,226,-1.7271558046340942,-1.7271292209625244,-2.658367156982422e-05
2YHWA,137,control,0,9,128,-0.2763020694255829,-0.27641844749450684,0.0001163780689239502
2YHWA,137,control,0,27,110,-2.7838542461395264,-2.7843050956726074,0.0004508495330810547
2YHWA,137,control,0,46,91,-0.32175561785697937,-0.32167473435401917,-8.088350296020508e-05
2YHWA,137,control,0,64,73,-2.5230579376220703,-2.524807929992676,0.0017499923706054688
2YHWA,137,control,0,83,54,-4.2886643409729,-4.288866996765137,0.00020265579223632812
2YHWA,137,control,0,101,36,-0.7632813453674316,-0.7625076770782471,-0.0007736682891845703
2YHWA,137,control,0,167,30,-0.010783141478896141,-0.010774296708405018,-8.8447704911232e-06
2YHWA,137,control,0,185,48,-3.0559420585632324,-3.0613009929656982,0.00535893440246582
2YHWA,137,control,0,204,67,-0.0077946786768734455,-0.007782022003084421,-1.2656673789024353e-05
2YHWA,137,control,0,222,85,-0.6028028726577759,-0.6021168828010559,-0.0006859898567199707
2YHWA,137,control,0,241,104,-2.364596366882324,-2.3649816513061523,0.000385284423828125
2YHWA,137,control,0,259,122,-1.2202309370040894,-1.219649314880371,-0.0005816221237182617
2YHWA,137,control,0,278,141,-1.062959909439087,-1.0625020265579224,-0.0004578828811645508
2YHWA,137,control,0,296,159,-1.8605635166168213,-1.8604656457901,-9.78708267211914e-05
2YHWA,137,control,0,315,178,-1.4136039018630981,-1.4138528108596802,0.00024890899658203125
2YHWA,137,control,0,333,196,-1.7271558046340942,-1.7264752388000488,-0.0006805658340454102
2YHWA,289,control,0,9,280,-0.2763020694255829,-0.276409775018692,0.00010770559310913086
2YHWA,289,control,0,27,262,-2.7838542461395264,-2.783909320831299,5.507469177246094e-05
2YHWA,289,control,0,46,243,-0.32175561785697937,-0.32184305787086487,8.744001388549805e-05
2YHWA,289,control,0,64,225,-2.5230579376220703,-2.5230212211608887,-3.6716461181640625e-05
2YHWA,289,control,0,83,206,-4.2886643409729,-4.28834342956543,-0.0003209114074707031
2YHWA,289,control,0,101,188,-0.7632813453674316,-0.7630671858787537,-0.00021415948867797852
2YHWA,289,control,0,120,169,-1.2230463027954102,-1.223610758781433,0.0005644559860229492
2YHWA,289,control,0,138,151,-0.026360709220170975,-0.026367908343672752,7.199123501777649e-06
2YHWA,289,control,0,157,132,-1.7656261920928955,-1.7650272846221924,-0.000598907470703125
2YHWA,289,control,0,175,114,-2.8278353214263916,-2.8275973796844482,-0.00023794174194335938
2YHWA,289,control,0,194,95,-0.7259048819541931,-0.7276201248168945,0.001715242862701416
2YHWA,289,control,0,212,77,-1.2828919887542725,-1.2856261730194092,0.0027341842651367188
2YHWA,289,control,0,231,58,-2.5179953575134277,-2.5199527740478516,0.001957416534423828
2YHWA,289,control,0,249,40,-0.972144365310669,-0.9714774489402771,-0.0006669163703918457
2YHWA,289,control,0,315,26,-1.4136039018630981,-1.416101336479187,0.002497434616088867
2YHWA,289,control,0,333,44,-1.7271558046340942,-1.7271795272827148,2.372264862060547e-05
2YHWA,94,control,0,9,85,-0.2763020694255829,-0.2770546078681946,0.0007525384426116943
2YHWA,94,control,0,27,67,-2.7838542461395264,-2.785388231277466,0.0015339851379394531
2YHWA,94,control,0,46,48,-0.32175561785697937,-0.32136270403862,-0.000392913818359375
2YHWA,94,control,0,64,30,-2.5230579376220703,-2.5247373580932617,0.0016794204711914062
2YHWA,94,control,0,130,36,-0.45192691683769226,-0.45327550172805786,0.0013485848903656006
2YHWA,94,control,0,148,54,-3.8238470554351807,-3.8232717514038086,-0.0005753040313720703
2YHWA,94,control,0,167,73,-0.010783141478896141,-0.010759436525404453,-2.3704953491687775e-05
2YHWA,94,control,0,185,91,-3.0559420585632324,-3.052433967590332,-0.0035080909729003906
2YHWA,94,control,0,204,110,-0.0077946786768734455,-0.007791721727699041,-2.9569491744041443e-06
2YHWA,94,control,0,222,128,-0.6028028726577759,-0.6030668616294861,0.0002639889717102051
2YHWA,94,control,0,241,147,-2.364596366882324,-2.3639705181121826,-0.0006258487701416016
2YHWA,94,control,0,259,165,-1.2202309370040894,-1.2199211120605469,-0.00030982494354248047
2YHWA,94,control,0,278,184,-1.062959909439087,-1.0626189708709717,-0.0003409385681152344
2YHWA,94,control,0,296,202,-1.8605635166168213,-1.860776662826538,0.00021314620971679688
2YHWA,94,control,0,315,221,-1.4136039018630981,-1.4132540225982666,-0.00034987926483154297
2YHWA,94,control,0,333,239,-1.7271558046340942,-1.726630449295044,-0.000525355339050293
2YHWA,170,control,0,9,161,-0.2763020694255829,-0.2758524417877197,-0.0004496276378631592
2YHWA,170,control,0,27,143,-2.7838542461395264,-2.784052848815918,0.00019860267639160156
2YHWA,170,control,0,46,124,-0.32175561785697937,-0.3217134475708008,-4.217028617858887e-05
2YHWA,170,control,0,64,106,-2.5230579376220703,-2.520397424697876,-0.002660512924194336
2YHWA,170,control,0,83,87,-4.2886643409729,-4.288732528686523,6.818771362304688e-05
2YHWA,170,control,0,101,69,-0.7632813453674316,-0.7636358141899109,0.00035446882247924805
2YHWA,170,control,0,120,50,-1.2230463027954102,-1.2232131958007812,0.00016689300537109375
2YHWA,170,control,0,138,32,-0.026360709220170975,-0.026252606883645058,-0.00010810233652591705
2YHWA,170,control,0,204,34,-0.0077946786768734455,-0.007780602667480707,-1.4076009392738342e-05
2YHWA,170,control,0,222,52,-0.6028028726577759,-0.6027072072029114,-9.566545486450195e-05
2YHWA,170,control,0,241,71,-2.364596366882324,-2.3651838302612305,0.00058746337890625
2YHWA,170,control,0,259,89,-1.2202309370040894,-1.2203158140182495,8.487701416015625e-05
2YHWA,170,control,0,278,108,-1.062959909439087,-1.0611841678619385,-0.0017757415771484375
2YHWA,170,control,0,296,126,-1.8605635166168213,-1.8603951930999756,-0.00016832351684570312
2YHWA,170,control,0,315,145,-1.4136039018630981,-1.413926362991333,0.0003224611282348633
2YHWA,170,control,0,333,163,-1.7271558046340942,-1.7269705533981323,-0.00018525123596191406
3CSSA,158,anchor_top1,1,6,152,-1.7252446413040161,-1.7011938095092773,-0.02405083179473877
3CSSA,158,anchor_top1,1,20,138,-0.1548498272895813,-0.14870573580265045,-0.006144091486930847
3CSSA,158,anchor_top1,1,34,124,-2.7023983001708984,-2.7734484672546387,0.07105016708374023
3CSSA,158,anchor_top1,1,48,110,-0.008333906531333923,-0.008196644484996796,-0.00013726204633712769
3CSSA,158,anchor_top1,1,61,97,-1.9997259378433228,-2.118178129196167,0.11845219135284424
3CSSA,158,anchor_top1,1,75,83,-0.06650504469871521,-0.04313898831605911,-0.023366056382656097
3CSSA,158,anchor_top1,1,89,69,-0.9483523964881897,-0.8769424557685852,-0.07140994071960449
3CSSA,158,anchor_top1,1,103,55,-0.693775475025177,-0.8034154176712036,0.10963994264602661
3CSSA,158,anchor_top1,1,116,42,-3.241831064224243,-3.2012269496917725,-0.0406041145324707
3CSSA,158,anchor_top1,1,130,28,-2.581310272216797,-2.532139301300049,-0.04917097091674805
3CSSA,158,anchor_top1,1,191,33,-2.7045533657073975,-2.5750961303710938,-0.1294572353363037
3CSSA,158,anchor_top1,1,205,47,-2.7278289794921875,-2.6339850425720215,-0.09384393692016602
3CSSA,158,anchor_top1,1,218,60,-0.5207623839378357,-0.5812767744064331,0.06051439046859741
3CSSA,158,anchor_top1,1,232,74,-1.730076551437378,-1.7351876497268677,0.005111098289489746
3CSSA,158,anchor_top1,1,246,88,-0.7863259315490723,-0.7534769177436829,-0.032849013805389404
3CSSA,158,anchor_top1,1,260,102,-0.4036951959133148,-0.37269124388694763,-0.031003952026367188
3CSSA,40,anchor_top2,1,6,34,-1.7252446413040161,-1.7227668762207031,-0.0024777650833129883
3CSSA,40,anchor_top2,1,67,27,-3.084260940551758,-3.0788469314575195,-0.005414009094238281
3CSSA,40,anchor_top2,1,81,41,-1.3005707263946533,-1.3117101192474365,0.011139392852783203
3CSSA,40,anchor_top2,1,95,55,-0.09895385056734085,-0.09633541852235794,-0.00261843204498291
3CSSA,40,anchor_top2,1,108,68,-1.7723169326782227,-1.7836796045303345,0.011362671852111816
3CSSA,40,anchor_top2,1,122,82,-2.282404899597168,-2.2473368644714355,-0.03506803512573242
3CSSA,40,anchor_top2,1,136,96,-0.23458921909332275,-0.24062378704547882,0.006034567952156067
3CSSA,40,anchor_top2,1,150,110,-3.18570876121521,-3.1783840656280518,-0.007324695587158203
3CSSA,40,anchor_top2,1,163,123,-0.0004323977918829769,-0.0004292996891308576,-3.0981027521193027e-06
3CSSA,40,anchor_top2,1,177,137,-0.830986738204956,-0.8296508193016052,-0.00133591890335083
3CSSA,40,anchor_top2,1,191,151,-2.7045533657073975,-2.7165021896362305,0.011948823928833008
3CSSA,40,anchor_top2,1,205,165,-2.7278289794921875,-2.7693612575531006,0.041532278060913086
3CSSA,40,anchor_top2,1,218,178,-0.5207623839378357,-0.5110308527946472,-0.009731531143188477
3CSSA,40,anchor_top2,1,232,192,-1.730076551437378,-1.7208471298217773,-0.009229421615600586
3CSSA,40,anchor_top2,1,246,206,-0.7863259315490723,-0.7840919494628906,-0.0022339820861816406
3CSSA,40,anchor_top2,1,260,220,-0.4036951959133148,-0.40576237440109253,0.00206717848777771
3CSSA,216,anchor_top3,1,6,210,-1.7252446413040161,-1.7249020338058472,-0.0003426074981689453
3CSSA,216,anchor_top3,1,20,196,-0.1548498272895813,-0.15545299649238586,0.0006031692028045654
3CSSA,216,anchor_top3,1,34,182,-2.7023983001708984,-2.7020559310913086,-0.00034236907958984375
3CSSA,216,anchor_top3,1,48,168,-0.008333906531333923,-0.008321257308125496,-1.264922320842743e-05
3CSSA,216,anchor_top3,1,61,155,-1.9997259378433228,-2.0003576278686523,0.0006316900253295898
3CSSA,216,anchor_top3,1,75,141,-0.06650504469871521,-0.06642507016658783,-7.997453212738037e-05
3CSSA,216,anchor_top3,1,89,127,-0.9483523964881897,-0.9481217265129089,-0.00023066997528076172
3CSSA,216,anchor_top3,1,103,113,-0.693775475025177,-0.6932709217071533,-0.0005045533180236816
3CSSA,216,anchor_top3,1,116,100,-3.241831064224243,-3.241560459136963,-0.00027060508728027344
3CSSA,216,anchor_top3,1,130,86,-2.581310272216797,-2.581467628479004,0.00015735626220703125
3CSSA,216,anchor_top3,1,144,72,-3.1197192668914795,-3.11967396736145,-4.5299530029296875e-05
3CSSA,216,anchor_top3,1,158,58,-0.49701911211013794,-0.4947688579559326,-0.0022502541542053223
3CSSA,216,anchor_top3,1,171,45,-2.1390228271484375,-2.1398138999938965,0.0007910728454589844
3CSSA,216,anchor_top3,1,185,31,-0.6142255067825317,-0.6158571839332581,0.0016316771507263184
3CSSA,216,anchor_top3,1,246,30,-0.7863259315490723,-0.7875287532806396,0.0012028217315673828
3CSSA,216,anchor_top3,1,260,44,-0.4036951959133148,-0.4014628827571869,-0.0022323131561279297
3CSSA,189,control,0,6,183,-1.7252446413040161,-1.724866509437561,-0.0003781318664550781
3CSSA,189,control,0,20,169,-0.1548498272895813,-0.15487636625766754,2.6538968086242676e-05
3CSSA,189,control,0,34,155,-2.7023983001708984,-2.7021799087524414,-0.00021839141845703125
3CSSA,189,control,0,48,141,-0.008333906531333923,-0.008335325866937637,1.4193356037139893e-06
3CSSA,189,control,0,61,128,-1.9997259378433228,-2.0000696182250977,0.00034368038177490234
3CSSA,189,control,0,75,114,-0.06650504469871521,-0.06670814007520676,0.00020309537649154663
3CSSA,189,control,0,89,100,-0.9483523964881897,-0.9492965936660767,0.0009441971778869629
3CSSA,189,control,0,103,86,-0.693775475025177,-0.6942623853683472,0.000486910343170166
3CSSA,189,control,0,116,73,-3.241831064224243,-3.2410879135131836,-0.0007431507110595703
3CSSA,189,control,0,130,59,-2.581310272216797,-2.5813674926757812,5.7220458984375e-05
3CSSA,189,control,0,144,45,-3.1197192668914795,-3.1198368072509766,0.00011754035949707031
3CSSA,189,control,0,158,31,-0.49701911211013794,-0.4967905879020691,-0.00022852420806884766
3CSSA,189,control,0,218,29,-0.5207623839378357,-0.5216803550720215,0.000917971134185791
3CSSA,189,control,0,232,43,-1.730076551437378,-1.7304868698120117,0.00041031837463378906
3CSSA,189,control,0,246,57,-0.7863259315490723,-0.7863591313362122,3.319978713989258e-05
3CSSA,189,control,0,260,71,-0.4036951959133148,-0.4033477008342743,-0.00034749507904052734
3CSSA,39,control,0,6,33,-1.7252446413040161,-1.725278377532959,3.3736228942871094e-05
3CSSA,39,control,0,67,28,-3.084260940551758,-3.0840611457824707,-0.00019979476928710938
3CSSA,39,control,0,81,42,-1.3005707263946533,-1.3005878925323486,1.71661376953125e-05
3CSSA,39,control,0,95,56,-0.09895385056734085,-0.09883733838796616,-0.00011651217937469482
3CSSA,39,control,0,108,69,-1.7723169326782227,-1.7725929021835327,0.0002759695053100586
3CSSA,39,control,0,122,83,-2.282404899597168,-2.2829434871673584,0.0005385875701904297
3CSSA,39,control,0,136,97,-0.23458921909332275,-0.23524190485477448,0.0006526857614517212
3CSSA,39,control,0,150,111,-3.18570876121521,-3.184934377670288,-0.000774383544921875
3CSSA,39,control,0,163,124,-0.0004323977918829769,-0.0004318020073696971,-5.957845132797956e-07
3CSSA,39,control,0,177,138,-0.830986738204956,-0.8302401304244995,-0.000746607780456543
3CSSA,39,control,0,191,152,-2.7045533657073975,-2.7041196823120117,-0.0004336833953857422
3CSSA,39,control,0,205,166,-2.7278289794921875,-2.730485677719116,0.002656698226928711
3CSSA,39,control,0,218,179,-0.5207623839378357,-0.519990861415863,-0.0007715225219726562
3CSSA,39,control,0,232,193,-1.730076551437378,-1.7302851676940918,0.0002086162567138672
3CSSA,39,control,0,246,207,-0.7863259315490723,-0.7870326042175293,0.0007066726684570312
3CSSA,39,control,0,260,221,-0.4036951959133148,-0.40362322330474854,-7.197260856628418e-05
3CSSA,168,control,0,6,162,-1.7252446413040161,-1.7251681089401245,-7.653236389160156e-05
3CSSA,168,control,0,20,148,-0.1548498272895813,-0.15463107824325562,-0.0002187490463256836
3CSSA,168,control,0,34,134,-2.7023983001708984,-2.702336311340332,-6.198883056640625e-05
3CSSA,168,control,0,48,120,-0.008333906531333923,-0.008300449699163437,-3.345683217048645e-05
3CSSA,168,control,0,61,107,-1.9997259378433228,-2.000194549560547,0.0004686117172241211
3CSSA,168,control,0,75,93,-0.06650504469871521,-0.06635624170303345,-0.0001488029956817627
3CSSA,168,control,0,89,79,-0.9483523964881897,-0.9469540119171143,-0.0013983845710754395
3CSSA,168,control,0,103,65,-0.693775475025177,-0.6951626539230347,0.001387178897857666
3CSSA,168,control,0,116,52,-3.241831064224243,-3.2409496307373047,-0.0008814334869384766
3CSSA,168,control,0,130,38,-2.581310272216797,-2.580662250518799,-0.0006480216979980469
3CSSA,168,control,0,144,24,-3.1197192668914795,-3.119704484939575,-1.4781951904296875e-05
3CSSA,168,control,0,205,37,-2.7278289794921875,-2.7282943725585938,0.00046539306640625
3CSSA,168,control,0,218,50,-0.5207623839378357,-0.5191620588302612,-0.0016003251075744629
3CSSA,168,control,0,232,64,-1.730076551437378,-1.7298885583877563,-0.00018799304962158203
3CSSA,168,control,0,246,78,-0.7863259315490723,-0.7854989767074585,-0.0008269548416137695
3CSSA,168,control,0,260,92,-0.4036951959133148,-0.4034103751182556,-0.0002848207950592041
3CSSA,186,control,0,6,180,-1.7252446413040161,-1.7251803874969482,-6.42538070678711e-05
3CSSA,186,control,0,20,166,-0.1548498272895813,-0.1547982543706894,-5.157291889190674e-05
3CSSA,186,control,0,34,152,-2.7023983001708984,-2.70257830619812,0.0001800060272216797
3CSSA,186,control,0,48,138,-0.008333906531333923,-0.008330241777002811,-3.664754331111908e-06
3CSSA,186,control,0,61,125,-1.9997259378433228,-2.0000548362731934,0.00032889842987060547
3CSSA,186,control,0,75,111,-0.06650504469871521,-0.06650783121585846,2.7865171432495117e-06
3CSSA,186,control,0,89,97,-0.9483523964881897,-0.9480429291725159,-0.0003094673156738281
3CSSA,186,control,0,103,83,-0.693775475025177,-0.694347620010376,0.0005721449851989746
3CSSA,186,control,0,116,70,-3.241831064224243,-3.241471529006958,-0.00035953521728515625
3CSSA,186,control,0,130,56,-2.581310272216797,-2.5828135013580322,0.0015032291412353516
3CSSA,186,control,0,144,42,-3.1197192668914795,-3.119765281677246,4.601478576660156e-05
3CSSA,186,control,0,158,28,-0.49701911211013794,-0.4969659745693207,-5.313754081726074e-05
3CSSA,186,control,0,218,32,-0.5207623839378357,-0.5209502577781677,0.00018787384033203125
3CSSA,186,control,0,232,46,-1.730076551437378,-1.7306346893310547,0.0005581378936767578
3CSSA,186,control,0,246,60,-0.7863259315490723,-0.7863144278526306,-1.150369644165039e-05
3CSSA,186,control,0,260,74,-0.4036951959133148,-0.40357840061187744,-0.00011679530143737793
3CSSA,255,control,0,7,248,-1.1248078346252441,-1.124671459197998,-0.00013637542724609375
3CSSA,255,control,0,21,234,-1.6444482803344727,-1.6442558765411377,-0.00019240379333496094
3CSSA,255,control,0,36,219,-3.3304662704467773,-3.3309831619262695,0.0005168914794921875
3CSSA,255,control,0,50,205,-2.0781311988830566,-2.0792436599731445,0.0011124610900878906
3CSSA,255,control,0,65,190,-2.4514737129211426,-2.4521193504333496,0.0006456375122070312
3CSSA,255,control,0,79,176,-2.608541965484619,-2.6083240509033203,-0.00021791458129882812
3CSSA,255,control,0,94,161,-0.5635290741920471,-0.5642136931419373,0.0006846189498901367
3CSSA,255,control,0,108,147,-1.7723169326782227,-1.7730563879013062,0.0007394552230834961
3CSSA,255,control,0,123,132,-2.0900821685791016,-2.089855194091797,-0.0002269744873046875
3CSSA,255,control,0,137,118,-2.4118552207946777,-2.4108126163482666,-0.0010426044464111328
3CSSA,255,control,0,152,103,-2.508449077606201,-2.5086617469787598,0.00021266937255859375
3CSSA,255,control,0,166,89,-0.03021305426955223,-0.030276896432042122,6.384216248989105e-05
3CSSA,255,control,0,181,74,-2.578451633453369,-2.5782055854797363,-0.0002460479736328125
3CSSA,255,control,0,195,60,-2.530339479446411,-2.529688835144043,-0.0006506443023681641
3CSSA,255,control,0,210,45,-5.921401023864746,-5.920021057128906,-0.0013799667358398438
3CSSA,255,control,0,224,31,-5.0521087646484375,-5.053134918212891,0.001026153564453125
3HO7A,158,anchor_top1,1,5,153,-1.492380976676941,-1.4460084438323975,-0.04637253284454346
3HO7A,158,anchor_top1,1,17,141,-3.1128077507019043,-3.0563812255859375,-0.0564265251159668
3HO7A,158,anchor_top1,1,28,130,-1.3736777305603027,-1.398627519607544,0.02494978904724121
3HO7A,158,anchor_top1,1,40,118,-0.9711688756942749,-0.8832030892372131,-0.08796578645706177
3HO7A,158,anchor_top1,1,52,106,-1.0608570575714111,-1.052786946296692,-0.008070111274719238
3HO7A,158,anchor_top1,1,63,95,-0.2196214497089386,-0.23260752856731415,0.01298607885837555
3HO7A,158,anchor_top1,1,75,83,-2.0186009407043457,-1.949215054512024,-0.06938588619232178
3HO7A,158,anchor_top1,1,86,72,-2.4183578491210938,-2.271528482437134,-0.14682936668395996
3HO7A,158,anchor_top1,1,98,60,-2.0965237617492676,-2.000765800476074,-0.09575796127319336
3HO7A,158,anchor_top1,1,109,49,-1.4916473627090454,-1.7093489170074463,0.21770155429840088
3HO7A,158,anchor_top1,1,121,37,-0.4815531373023987,-0.5365936160087585,0.05504047870635986
3HO7A,158,anchor_top1,1,132,26,-2.179201364517212,-2.148466110229492,-0.030735254287719727
3HO7A,158,anchor_top1,1,191,33,-0.8383457660675049,-0.9287828803062439,0.09043711423873901
3HO7A,158,anchor_top1,1,203,45,-1.2669312953948975,-1.277496099472046,0.010564804077148438
3HO7A,158,anchor_top1,1,214,56,-0.03288773074746132,-0.027275221422314644,-0.005612509325146675
3HO7A,158,anchor_top1,1,226,68,-3.826258659362793,-3.8497283458709717,0.02346968650817871
3HO7A,14,anchor_top2,1,44,30,-2.413559913635254,-2.3673641681671143,-0.04619574546813965
3HO7A,14,anchor_top2,1,56,42,-3.1671791076660156,-3.2772929668426514,0.11011385917663574
3HO7A,14,anchor_top2,1,68,54,-4.359827041625977,-4.29132604598999,-0.06850099563598633
3HO7A,14,anchor_top2,1,80,66,-0.6729264855384827,-0.6318921446800232,-0.04103434085845947
3HO7A,14,anchor_top2,1,92,78,-3.7520194053649902,-3.757847547531128,0.005828142166137695
3HO7A,14,anchor_top2,1,104,90,-1.5951871871948242,-1.5322364568710327,-0.0629507303237915
3HO7A,14,anchor_top2,1,116,102,-0.008833497762680054,-0.010697166435420513,0.0018636686727404594
3HO7A,14,anchor_top2,1,128,114,-1.8401503562927246,-1.8212885856628418,-0.018861770629882812
3HO7A,14,anchor_top2,1,141,127,-2.4770591259002686,-2.664729595184326,0.18767046928405762
3HO7A,14,anchor_top2,1,153,139,-1.9442280530929565,-1.895256519317627,-0.04897153377532959
3HO7A,14,anchor_top2,1,165,151,-1.2305114269256592,-1.176487684249878,-0.05402374267578125
3HO7A,14,anchor_top2,1,177,163,-0.34581971168518066,-0.35662972927093506,0.010810017585754395
3HO7A,14,anchor_top2,1,189,175,-2.431769847869873,-2.427366256713867,-0.004403591156005859
3HO7A,14,anchor_top2,1,201,187,-0.6712465286254883,-0.7319090366363525,0.06066250801086426
3HO7A,14,anchor_top2,1,213,199,-1.1596702337265015,-1.2172763347625732,0.05760610103607178
3HO7A,14,anchor_top2,1,225,211,-3.357363700866699,-3.4377994537353516,0.08043575286865234
3HO7A,63,anchor_top3,1,5,58,-1.492380976676941,-1.4957770109176636,0.0033960342407226562
3HO7A,63,anchor_top3,1,17,46,-3.1128077507019043,-3.128896474838257,0.01608872413635254
3HO7A,63,anchor_top3,1,28,35,-1.3736777305603027,-1.3782140016555786,0.004536271095275879
3HO7A,63,anchor_top3,1,87,24,-0.10182474553585052,-0.09283919632434845,-0.008985549211502075
3HO7A,63,anchor_top3,1,99,36,-1.4828710556030273,-1.4855096340179443,0.002638578414916992
3HO7A,63,anchor_top3,1,110,47,-0.17843717336654663,-0.1772753745317459,-0.0011617988348007202
3HO7A,63,anchor_top3,1,122,59,-0.06729543209075928,-0.06661546230316162,-0.0006799697875976562
3HO7A,63,anchor_top3,1,133,70,-3.5292224884033203,-3.526599407196045,-0.0026230812072753906
3HO7A,63,anchor_top3,1,145,82,-0.48655667901039124,-0.4772224724292755,-0.009334206581115723
3HO7A,63,anchor_top3,1,156,93,-0.022231409326195717,-0.02275417186319828,0.0005227625370025635
3HO7A,63,anchor_top3,1,168,105,-0.14692844450473785,-0.14890748262405396,0.001979038119316101
3HO7A,63,anchor_top3,1,179,116,-0.1703053116798401,-0.17361541092395782,0.003310099244117737
3HO7A,63,anchor_top3,1,191,128,-0.8383457660675049,-0.8112879991531372,-0.027057766914367676
3HO7A,63,anchor_top3,1,203,140,-1.2669312953948975,-1.2686139345169067,0.0016826391220092773
3HO7A,63,anchor_top3,1,214,151,-0.03288773074746132,-0.03305716812610626,0.00016943737864494324
3HO7A,63,anchor_top3,1,226,163,-3.826258659362793,-3.8308887481689453,0.004630088806152344
3HO7A,81,control,0,5,76,-1.492380976676941,-1.4925615787506104,0.0001806020736694336
3HO7A,81,control,0,17,64,-3.1128077507019043,-3.117645025253296,0.0048372745513916016
3HO7A,81,control,0,28,53,-1.3736777305603027,-1.3731557130813599,-0.0005220174789428711
3HO7A,81,control,0,40,41,-0.9711688756942749,-0.9698916077613831,-0.0012772679328918457
3HO7A,81,control,0,52,29,-1.0608570575714111,-1.0597871541976929,-0.0010699033737182617
3HO7A,81,control,0,110,29,-0.17843717336654663,-0.17854617536067963,0.0001090019941329956
3HO7A,81,control,0,122,41,-0.06729543209075928,-0.06716413795948029,-0.0001312941312789917
3HO7A,81,control,0,133,52,-3.5292224884033203,-3.5295796394348145,0.0003571510314941406
3HO7A,81,control,0,145,64,-0.48655667901039124,-0.4866552948951721,9.861588478088379e-05
3HO7A,81,control,0,156,75,-0.022231409326195717,-0.02220914140343666,-2.226792275905609e-05
3HO7A,81,control,0,168,87,-0.14692844450473785,-0.14688315987586975,-4.528462886810303e-05
3HO7A,81,control,0,179,98,-0.1703053116798401,-0.17131264507770538,0.0010073333978652954
3HO7A,81,control,0,191,110,-0.8383457660675049,-0.8377931118011475,-0.0005526542663574219
3HO7A,81,control,0,203,122,-1.2669312953948975,-1.267029047012329,9.775161743164062e-05
3HO7A,81,control,0,214,133,-0.03288773074746132,-0.03284101188182831,-4.6718865633010864e-05
3HO7A,81,control,0,226,145,-3.826258659362793,-3.827115535736084,0.0008568763732910156
3HO7A,192,control,0,5,187,-1.492380976676941,-1.491977572441101,-0.00040340423583984375
3HO7A,192,control,0,17,175,-3.1128077507019043,-3.111762285232544,-0.0010454654693603516
3HO7A,192,control,0,28,164,-1.3736777305603027,-1.3766770362854004,0.0029993057250976562
3HO7A,192,control,0,40,152,-0.9711688756942749,-0.9711799621582031,1.1086463928222656e-05
3HO7A,192,control,0,52,140,-1.0608570575714111,-1.0599727630615234,-0.0008842945098876953
3HO7A,192,control,0,63,129,-0.2196214497089386,-0.2192327231168747,-0.0003887265920639038
3HO7A,192,control,0,75,117,-2.0186009407043457,-2.019465923309326,0.0008649826049804688
3HO7A,192,control,0,86,106,-2.4183578491210938,-2.430358648300171,0.012000799179077148
3HO7A,192,control,0,98,94,-2.0965237617492676,-2.0970163345336914,0.0004925727844238281
3HO7A,192,control,0,109,83,-1.4916473627090454,-1.4853845834732056,-0.006262779235839844
3HO7A,192,control,0,121,71,-0.4815531373023987,-0.48192623257637024,0.0003730952739715576
3HO7A,192,control,0,132,60,-2.179201364517212,-2.1773228645324707,-0.001878499984741211
3HO7A,192,control,0,144,48,-2.848475217819214,-2.848768711090088,0.00029349327087402344
3HO7A,192,control,0,156,36,-0.022231409326195717,-0.02244684100151062,0.00021543167531490326
3HO7A,192,control,0,167,25,-2.0774669647216797,-2.0778865814208984,0.00041961669921875
3HO7A,192,control,0,226,34,-3.826258659362793,-3.8255865573883057,-0.0006721019744873047
3HO7A,177,control,0,5,172,-1.492380976676941,-1.4928427934646606,0.00046181678771972656
3HO7A,177,control,0,17,160,-3.1128077507019043,-3.1150612831115723,0.0022535324096679688
3HO7A,177,control,0,28,149,-1.3736777305603027,-1.3766753673553467,0.0029976367950439453
3HO7A,177,control,0,40,137,-0.9711688756942749,-0.9710044264793396,-0.00016444921493530273
3HO7A,177,control,0,52,125,-1.0608570575714111,-1.0600736141204834,-0.0007834434509277344
3HO7A,177,control,0,63,114,-0.2196214497089386,-0.2198421210050583,0.00022067129611968994
3HO7A,177,control,0,75,102,-2.0186009407043457,-2.0187838077545166,0.00018286705017089844
3HO7A,177,control,0,86,91,-2.4183578491210938,-2.425597667694092,0.007239818572998047
3HO7A,177,control,0,98,79,-2.0965237617492676,-2.0983409881591797,0.0018172264099121094
3HO7A,177,control,0,109,68,-1.4916473627090454,-1.4918516874313354,0.00020432472229003906
3HO7A,177,control,0,121,56,-0.4815531373023987,-0.47992876172065735,-0.001624375581741333
3HO7A,177,control,0,132,45,-2.179201364517212,-2.179163694381714,-3.7670135498046875e-05
3HO7A,177,control,0,144,33,-2.848475217819214,-2.8498566150665283,0.0013813972473144531
3HO7A,177,control,0,203,26,-1.2669312953948975,-1.268031120300293,0.0010998249053955078
3HO7A,177,control,0,214,37,-0.03288773074746132,-0.03287158161401749,-1.6149133443832397e-05
3HO7A,177,control,0,226,49,-3.826258659362793,-3.8294572830200195,0.0031986236572265625
3HO7A,185,control,0,5,180,-1.492380976676941,-1.492175817489624,-0.00020515918731689453
3HO7A,185,control,0,17,168,-3.1128077507019043,-3.1159329414367676,0.0031251907348632812
3HO7A,185,control,0,28,157,-1.3736777305603027,-1.3710520267486572,-0.002625703811645508
3HO7A,185,control,0,40,145,-0.9711688756942749,-0.9708260893821716,-0.0003427863121032715
3HO7A,185,control,0,52,133,-1.0608570575714111,-1.06010901927948,-0.0007480382919311523
3HO7A,185,control,0,63,122,-0.2196214497089386,-0.21944810450077057,-0.00017334520816802979
3HO7A,185,control,0,75,110,-2.0186009407043457,-2.015559673309326,-0.0030412673950195312
3HO7A,185,control,0,86,99,-2.4183578491210938,-2.4115099906921387,-0.006847858428955078
3HO7A,185,control,0,98,87,-2.0965237617492676,-2.09454083442688,-0.0019829273223876953
3HO7A,185,control,0,109,76,-1.4916473627090454,-1.4948431253433228,0.0031957626342773438
3HO7A,185,control,0,121,64,-0.4815531373023987,-0.4817563593387604,0.00020322203636169434
3HO7A,185,control,0,132,53,-2.179201364517212,-2.1778266429901123,-0.0013747215270996094
3HO7A,185,control,0,144,41,-2.848475217819214,-2.8494529724121094,0.0009777545928955078
3HO7A,185,control,0,156,29,-0.022231409326195717,-0.02233540080487728,0.00010399147868156433
3HO7A,185,control,0,214,29,-0.03288773074746132,-0.03279636800289154,-9.136274456977844e-05
3HO7A,185,control,0,226,41,-3.826258659362793,-3.8254170417785645,-0.0008416175842285156
3HO7A,87,control,0,5,82,-1.492380976676941,-1.4920780658721924,-0.00030291080474853516
3HO7A,87,control,0,17,70,-3.1128077507019043,-3.1179559230804443,0.005148172378540039
3HO7A,87,control,0,28,59,-1.3736777305603027,-1.3641003370285034,-0.009577393531799316
3HO7A,87,control,0,40,47,-0.9711688756942749,-0.9708685278892517,-0.00030034780502319336
3HO7A,87,control,0,52,35,-1.0608570575714111,-1.060685634613037,-0.00017142295837402344
3HO7A,87,control,0,63,24,-0.2196214497089386,-0.2197253704071045,0.00010392069816589355
3HO7A,87,control,0,122,35,-0.06729543209075928,-0.06777399778366089,0.00047856569290161133
3HO7A,87,control,0,133,46,-3.5292224884033203,-3.531341314315796,0.002118825912475586
3HO7A,87,control,0,145,58,-0.48655667901039124,-0.4854850769042969,-0.0010716021060943604
3HO7A,87,control,0,156,69,-0.022231409326195717,-0.022318847477436066,8.743815124034882e-05
3HO7A,87,control,0,168,81,-0.14692844450473785,-0.14703279733657837,0.00010435283184051514
3HO7A,87,control,0,179,92,-0.1703053116798401,-0.16988416016101837,-0.0004211515188217163
3HO7A,87,control,0,191,104,-0.8383457660675049,-0.8335930109024048,-0.004752755165100098
3HO7A,87,control,0,203,116,-1.2669312953948975,-1.2664868831634521,-0.0004444122314453125
3HO7A,87,control,0,214,127,-0.03288773074746132,-0.032920029014348984,3.2298266887664795e-05
3HO7A,87,control,0,226,139,-3.826258659362793,-3.8267383575439453,0.00047969818115234375
3OKPA,298,anchor_top1,1,10,288,-0.0067981150932610035,-0.00777504313737154,0.0009769280441105366
3OKPA,298,anchor_top1,1,32,266,-0.5684683918952942,-0.5240424871444702,-0.044425904750823975
3OKPA,298,anchor_top1,1,54,244,-1.4782531261444092,-1.5331103801727295,0.05485725402832031
3OKPA,298,anchor_top1,1,75,223,-4.642536640167236,-4.6220927238464355,-0.02044391632080078
3OKPA,298,anchor_top1,1,97,201,-0.07112101465463638,-0.1375594139099121,0.06643839925527573
3OKPA,298,anchor_top1,1,119,179,-0.011018503457307816,-0.007789947092533112,-0.003228556364774704
3OKPA,298,anchor_top1,1,140,158,-1.2586560249328613,-1.2631908655166626,0.0045348405838012695
3OKPA,298,anchor_top1,1,162,136,-1.711217999458313,-1.6451233625411987,-0.06609463691711426
3OKPA,298,anchor_top1,1,184,114,-1.219526767730713,-1.219502568244934,-2.4199485778808594e-05
3OKPA,298,anchor_top1,1,206,92,-0.038136888295412064,-0.035980965942144394,-0.0021559223532676697
3OKPA,298,anchor_top1,1,227,71,-0.018737221136689186,-0.018341461196541786,-0.0003957599401473999
3OKPA,298,anchor_top1,1,249,49,-2.699690818786621,-2.6218159198760986,-0.07787489891052246
3OKPA,298,anchor_top1,1,271,27,-0.5930084586143494,-0.5157155394554138,-0.07729291915893555
3OKPA,298,anchor_top1,1,339,41,-1.2126537561416626,-1.1667273044586182,-0.045926451683044434
3OKPA,298,anchor_top1,1,361,63,-2.423640727996826,-2.4361000061035156,0.012459278106689453
3OKPA,298,anchor_top1,1,383,85,-2.1281065940856934,-2.1285550594329834,0.00044846534729003906
3OKPA,275,anchor_top2,1,10,265,-0.0067981150932610035,-0.00608034385368228,-0.0007177712395787239
3OKPA,275,anchor_top2,1,32,243,-0.5684683918952942,-0.5759544372558594,0.0074860453605651855
3OKPA,275,anchor_top2,1,54,221,-1.4782531261444092,-1.4857360124588013,0.00748288631439209
3OKPA,275,anchor_top2,1,75,200,-4.642536640167236,-4.686672210693359,0.04413557052612305
3OKPA,275,anchor_top2,1,97,178,-0.07112101465463638,-0.07912944257259369,0.008008427917957306
3OKPA,275,anchor_top2,1,119,156,-0.011018503457307816,-0.013279211707413197,0.002260708250105381
3OKPA,275,anchor_top2,1,140,135,-1.2586560249328613,-1.2467832565307617,-0.01187276840209961
3OKPA,275,anchor_top2,1,162,113,-1.711217999458313,-1.7208099365234375,0.009591937065124512
3OKPA,275,anchor_top2,1,184,91,-1.219526767730713,-1.175891399383545,-0.04363536834716797
3OKPA,275,anchor_top2,1,206,69,-0.038136888295412064,-0.03878340497612953,0.0006465166807174683
3OKPA,275,anchor_top2,1,227,48,-0.018737221136689186,-0.018349654972553253,-0.0003875661641359329
3OKPA,275,anchor_top2,1,249,26,-2.699690818786621,-2.750566005706787,0.050875186920166016
3OKPA,275,anchor_top2,1,318,43,-0.42051658034324646,-0.3968554139137268,-0.023661166429519653
3OKPA,275,anchor_top2,1,339,64,-1.2126537561416626,-1.2102590799331665,-0.0023946762084960938
3OKPA,275,anchor_top2,1,361,86,-2.423640727996826,-2.4671125411987305,0.0434718132019043
3OKPA,275,anchor_top2,1,383,108,-2.1281065940856934,-2.121920585632324,-0.006186008453369141
3OKPA,305,anchor_top3,1,10,295,-0.0067981150932610035,-0.006696047727018595,-0.00010206736624240875
3OKPA,305,anchor_top3,1,32,273,-0.5684683918952942,-0.5735629796981812,0.005094587802886963
3OKPA,305,anchor_top3,1,54,251,-1.4782531261444092,-1.4922019243240356,0.013948798179626465
3OKPA,305,anchor_top3,1,75,230,-4.642536640167236,-4.646910190582275,0.0043735504150390625
3OKPA,305,anchor_top3,1,97,208,-0.07112101465463638,-0.06828317791223526,-0.002837836742401123
3OKPA,305,anchor_top3,1,119,186,-0.011018503457307816,-0.010963440872728825,-5.5062584578990936e-05
3OKPA,305,anchor_top3,1,140,165,-1.2586560249328613,-1.2715692520141602,0.012913227081298828
3OKPA,305,anchor_top3,1,162,143,-1.711217999458313,-1.7213928699493408,0.010174870491027832
3OKPA,305,anchor_top3,1,184,121,-1.219526767730713,-1.2393724918365479,0.01984572410583496
3OKPA,305,anchor_top3,1,206,99,-0.038136888295412064,-0.03690154477953911,-0.0012353435158729553
3OKPA,305,anchor_top3,1,227,78,-0.018737221136689186,-0.018166467547416687,-0.0005707535892724991
3OKPA,305,anchor_top3,1,249,56,-2.699690818786621,-2.703967571258545,0.004276752471923828
3OKPA,305,anchor_top3,1,271,34,-0.5930084586143494,-0.6098059415817261,0.01679748296737671
3OKPA,305,anchor_top3,1,339,34,-1.2126537561416626,-1.2038477659225464,-0.008805990219116211
3OKPA,305,anchor_top3,1,361,56,-2.423640727996826,-2.419902801513672,-0.003737926483154297
3OKPA,305,anchor_top3,1,383,78,-2.1281065940856934,-2.1352295875549316,0.007122993469238281
3OKPA,212,control,0,10,202,-0.0067981150932610035,-0.006791366264224052,-6.748829036951065e-06
3OKPA,212,control,0,32,180,-0.5684683918952942,-0.5682574510574341,-0.00021094083786010742
3OKPA,212,control,0,54,158,-1.4782531261444092,-1.47797691822052,-0.00027620792388916016
3OKPA,212,control,0,75,137,-4.642536640167236,-4.642492294311523,-4.4345855712890625e-05
3OKPA,212,control,0,97,115,-0.07112101465463638,-0.07121838629245758,9.737163782119751e-05
3OKPA,212,control,0,119,93,-0.011018503457307816,-0.011031708680093288,1.320522278547287e-05
3OKPA,212,control,0,140,72,-1.2586560249328613,-1.2586735486984253,1.7523765563964844e-05
3OKPA,212,control,0,162,50,-1.711217999458313,-1.7102258205413818,-0.0009921789169311523
3OKPA,212,control,0,184,28,-1.219526767730713,-1.2192679643630981,-0.0002588033676147461
3OKPA,212,control,0,253,41,-1.5490217208862305,-1.5479501485824585,-0.0010715723037719727
3OKPA,212,control,0,274,62,-0.8633747100830078,-0.8619728088378906,-0.0014019012451171875
3OKPA,212,control,0,296,84,-0.532433807849884,-0.5326264500617981,0.0001926422119140625
3OKPA,212,control,0,318,106,-0.42051658034324646,-0.4204157590866089,-0.00010082125663757324
3OKPA,212,control,0,339,127,-1.2126537561416626,-1.2121944427490234,-0.00045931339263916016
3OKPA,212,control,0,361,149,-2.423640727996826,-2.423262596130371,-0.0003781318664550781
3OKPA,212,control,0,383,171,-2.1281065940856934,-2.1280860900878906,-2.0503997802734375e-05
3OKPA,313,control,0,10,303,-0.0067981150932610035,-0.006797286216169596,-8.288770914077759e-07
3OKPA,313,control,0,32,281,-0.5684683918952942,-0.5683518648147583,-0.00011652708053588867
3OKPA,313,control,0,54,259,-1.4782531261444092,-1.4787752628326416,0.0005221366882324219
3OKPA,313,control,0,75,238,-4.642536640167236,-4.6422882080078125,-0.0002484321594238281
3OKPA,313,control,0,97,216,-0.07112101465463638,-0.07106272876262665,-5.828589200973511e-05
3OKPA,313,control,0,119,194,-0.011018503457307816,-0.011044206097722054,2.5702640414237976e-05
3OKPA,313,control,0,140,173,-1.2586560249328613,-1.2581552267074585,-0.000500798225402832
3OKPA,313,control,0,162,151,-1.711217999458313,-1.7114472389221191,0.00022923946380615234
3OKPA,313,control,0,184,129,-1.219526767730713,-1.2190500497817993,-0.0004767179489135742
3OKPA,313,control,0,206,107,-0.038136888295412064,-0.03800274059176445,-0.00013414770364761353
3OKPA,313,control,0,227,86,-0.018737221136689186,-0.01869042217731476,-4.6798959374427795e-05
3OKPA,313,control,0,249,64,-2.699690818786621,-2.6992850303649902,-0.0004057884216308594
3OKPA,313,control,0,271,42,-0.5930084586143494,-0.5926349759101868,-0.00037348270416259766
3OKPA,313,control,0,339,26,-1.2126537561416626,-1.2131074666976929,0.00045371055603027344
3OKPA,313,control,0,361,48,-2.423640727996826,-2.428057909011841,0.0044171810150146484
3OKPA,313,control,0,383,70,-2.1281065940856934,-2.1281654834747314,5.888938903808594e-05
3OKPA,375,control,0,11,364,-0.02825530245900154,-0.028220072388648987,-3.523007035255432e-05
3OKPA,375,control,0,33,342,-0.44573986530303955,-0.44602110981941223,0.00028124451637268066
3OKPA,375,control,0,55,320,-2.1019113063812256,-2.1025726795196533,0.0006613731384277344
3OKPA,375,control,0,77,298,-2.0170130729675293,-2.0168728828430176,-0.00014019012451171875
3OKPA,375,control,0,99,276,-1.0730352401733398,-1.0740087032318115,0.0009734630584716797
3OKPA,375,control,0,121,254,-0.33431127667427063,-0.33381152153015137,-0.0004997551441192627
3OKPA,375,control,0,143,232,-1.0849791765213013,-1.084851861000061,-0.00012731552124023438
3OKPA,375,control,0,165,210,-1.4352431297302246,-1.436225175857544,0.000982046127319336
3OKPA,375,control,0,187,188,-2.829136848449707,-2.828939199447632,-0.0001976490020751953
3OKPA,375,control,0,209,166,-0.001193526084534824,-0.0011942405253648758,7.14440830051899e-07
3OKPA,375,control,0,231,144,-0.029156390577554703,-0.029164843261241913,8.452683687210083e-06
3OKPA,375,control,0,253,122,-1.5490217208862305,-1.5486533641815186,-0.00036835670471191406
3OKPA,375,control,0,275,100,-0.12037134915590286,-0.12052067369222641,0.00014932453632354736
3OKPA,375,control,0,297,78,-0.0020223658066242933,-0.0020256969146430492,3.3311080187559128e-06
3OKPA,375,control,0,319,56,-1.8767967224121094,-1.8759883642196655,-0.0008083581924438477
3OKPA,375,control,0,341,34,-0.38654613494873047,-0.38695603609085083,0.00040990114212036133
3OKPA,364,control,0,10,354,-0.0067981150932610035,-0.006811968050897121,1.3852957636117935e-05
3OKPA,364,control,0,32,332,-0.5684683918952942,-0.5681865215301514,-0.00028187036514282227
3OKPA,364,control,0,54,310,-1.4782531261444092,-1.478266716003418,1.3589859008789062e-05
3OKPA,364,control,0,75,289,-4.642536640167236,-4.642220497131348,-0.0003161430358886719
3OKPA,364,control,0,97,267,-0.07112101465463638,-0.0711374506354332,1.6435980796813965e-05
3OKPA,364,control,0,119,245,-0.011018503457307816,-0.011040550656616688,2.2047199308872223e-05
3OKPA,364,control,0,140,224,-1.2586560249328613,-1.2582553625106812,-0.0004006624221801758
3OKPA,364,control,0,162,202,-1.711217999458313,-1.7118122577667236,0.0005942583084106445
3OKPA,364,control,0,184,180,-1.219526767730713,-1.2189838886260986,-0.0005428791046142578
3OKPA,364,control,0,206,158,-0.038136888295412064,-0.038118645548820496,-1.8242746591567993e-05
3OKPA,364,control,0,227,137,-0.018737221136689186,-0.01874236948788166,5.148351192474365e-06
3OKPA,364,control,0,249,115,-2.699690818786621,-2.699425220489502,-0.0002655982971191406
3OKPA,364,control,0,271,93,-0.5930084586143494,-0.5929254293441772,-8.302927017211914e-05
3OKPA,364,control,0,292,72,-0.0003833036171272397,-0.00038211196078918874,-1.1916563380509615e-06
3OKPA,364,control,0,314,50,-0.08692332357168198,-0.08719475567340851,0.000271432101726532
3OKPA,364,control,0,336,28,-6.9310221672058105,-6.930210590362549,-0.0008115768432617188
3OKPA,269,control,0,10,259,-0.0067981150932610035,-0.0067904191091656685,-7.695984095335007e-06
3OKPA,269,control,0,32,237,-0.5684683918952942,-0.5682889819145203,-0.00017940998077392578
3OKPA,269,control,0,54,215,-1.4782531261444092,-1.478266954421997,1.3828277587890625e-05
3OKPA,269,control,0,75,194,-4.642536640167236,-4.642662048339844,0.00012540817260742188
3OKPA,269,control,0,97,172,-0.07112101465463638,-0.07113634049892426,1.5325844287872314e-05
3OKPA,269,control,0,119,150,-0.011018503457307816,-0.01099657267332077,-2.1930783987045288e-05
3OKPA,269,control,0,140,129,-1.2586560249328613,-1.2585210800170898,-0.00013494491577148438
3OKPA,269,control,0,162,107,-1.711217999458313,-1.7111473083496094,-7.069110870361328e-05
3OKPA,269,control,0,184,85,-1.219526767730713,-1.2190513610839844,-0.0004754066467285156
3OKPA,269,control,0,206,63,-0.038136888295412064,-0.0381363146007061,-5.736947059631348e-07
3OKPA,269,control,0,227,42,-0.018737221136689186,-0.018733711913228035,-3.509223461151123e-06
3OKPA,269,control,0,296,27,-0.532433807849884,-0.5342938899993896,0.0018600821495056152
3OKPA,269,control,0,318,49,-0.42051658034324646,-0.42128121852874756,0.0007646381855010986
3OKPA,269,control,0,339,70,-1.2126537561416626,-1.2125955820083618,-5.817413330078125e-05
3OKPA,269,control,0,361,92,-2.423640727996826,-2.423676013946533,3.528594970703125e-05
3OKPA,269,control,0,383,114,-2.1281065940856934,-2.128098487854004,-8.106231689453125e-06
3QDLA,146,anchor_top1,1,5,141,-3.3266072273254395,-3.316436290740967,-0.010170936584472656
3QDLA,146,anchor_top1,1,15,131,-0.0009578645695000887,-0.0011397063499316573,0.00018184178043156862
3QDLA,146,anchor_top1,1,25,121,-0.413003146648407,-0.3484565317630768,-0.0645466148853302
3QDLA,146,anchor_top1,1,35,111,-0.4058065414428711,-0.4479566216468811,0.04215008020401001
3QDLA,146,anchor_top1,1,45,101,-0.6909456849098206,-0.7384823560714722,0.04753667116165161
3QDLA,146,anchor_top1,1,56,90,-0.6316507458686829,-0.5924209356307983,-0.03922981023788452
3QDLA,146,anchor_top1,1,66,80,-1.338952660560608,-1.3364752531051636,-0.002477407455444336
3QDLA,146,anchor_top1,1,76,70,-1.2052114009857178,-1.3834021091461182,0.1781907081604004
3QDLA,146,anchor_top1,1,86,60,-1.3332152366638184,-1.4441685676574707,0.11095333099365234
3QDLA,146,anchor_top1,1,96,50,-4.445655822753906,-4.568485260009766,0.12282943725585938
3QDLA,146,anchor_top1,1,106,40,-0.7442151308059692,-0.6423075199127197,-0.10190761089324951
3QDLA,146,anchor_top1,1,117,29,-3.481074810028076,-3.5385985374450684,0.05752372741699219
3QDLA,146,anchor_top1,1,174,28,-2.0355653762817383,-2.015791654586792,-0.01977372169494629
3QDLA,146,anchor_top1,1,184,38,-0.9233602285385132,-0.9989830851554871,0.07562285661697388
3QDLA,146,anchor_top1,1,194,48,-3.1923351287841797,-3.5661568641662598,0.3738217353820801
3QDLA,146,anchor_top1,1,204,58,-1.2932870388031006,-1.2789682149887085,-0.01431882381439209
3QDLA,147,anchor_top2,1,5,142,-3.3266072273254395,-3.3266639709472656,5.6743621826171875e-05
3QDLA,147,anchor_top2,1,15,132,-0.0009578645695000887,-0.0009565545478835702,-1.3100216165184975e-06
3QDLA,147,anchor_top2,1,25,122,-0.413003146648407,-0.4131720960140228,0.00016894936561584473
3QDLA,147,anchor_top2,1,35,112,-0.4058065414428711,-0.4056268334388733,-0.00017970800399780273
3QDLA,147,anchor_top2,1,45,102,-0.6909456849098206,-0.6903348565101624,-0.0006108283996582031
3QDLA,147,anchor_top2,1,56,91,-0.6316507458686829,-0.6315543055534363,-9.644031524658203e-05
3QDLA,147,anchor_top2,1,66,81,-1.338952660560608,-1.3397122621536255,0.0007596015930175781
3QDLA,147,anchor_top2,1,76,71,-1.2052114009857178,-1.205142855644226,-6.854534149169922e-05
3QDLA,147,anchor_top2,1,86,61,-1.3332152366638184,-1.3330527544021606,-0.00016248226165771484
3QDLA,147,anchor_top2,1,96,51,-4.445655822753906,-4.446020126342773,0.0003643035888671875
3QDLA,147,anchor_top2,1,106,41,-0.7442151308059692,-0.7457534670829773,0.0015383362770080566
3QDLA,147,anchor_top2,1,117,30,-3.481074810028076,-3.4810919761657715,1.71661376953125e-05
3QDLA,147,anchor_top2,1,174,27,-2.0355653762817383,-2.0343565940856934,-0.0012087821960449219
3QDLA,147,anchor_top2,1,184,37,-0.9233602285385132,-0.9236578345298767,0.0002976059913635254
3QDLA,147,anchor_top2,1,194,47,-3.1923351287841797,-3.192150831222534,-0.0001842975616455078
3QDLA,147,anchor_top2,1,204,57,-1.2932870388031006,-1.2930727005004883,-0.0002143383026123047
3QDLA,150,anchor_top3,1,5,145,-3.3266072273254395,-3.327672243118286,0.0010650157928466797
3QDLA,150,anchor_top3,1,15,135,-0.0009578645695000887,-0.0009528625523671508,-5.002017132937908e-06
3QDLA,150,anchor_top3,1,25,125,-0.413003146648407,-0.4130074977874756,4.351139068603516e-06
3QDLA,150,anchor_top3,1,35,115,-0.4058065414428711,-0.4048577547073364,-0.000948786735534668
3QDLA,150,anchor_top3,1,45,105,-0.6909456849098206,-0.6931451559066772,0.0021994709968566895
3QDLA,150,anchor_top3,1,56,94,-0.6316507458686829,-0.6314585208892822,-0.00019222497940063477
3QDLA,150,anchor_top3,1,66,84,-1.338952660560608,-1.3379634618759155,-0.0009891986846923828
3QDLA,150,anchor_top3,1,76,74,-1.2052114009857178,-1.2071524858474731,0.001941084861755371
3QDLA,150,anchor_top3,1,86,64,-1.3332152366638184,-1.3332009315490723,-1.430511474609375e-05
3QDLA,150,anchor_top3,1,96,54,-4.445655822753906,-4.446125030517578,0.000469207763671875
3QDLA,150,anchor_top3,1,106,44,-0.7442151308059692,-0.7421425580978394,-0.002072572708129883
3QDLA,150,anchor_top3,1,117,33,-3.481074810028076,-3.4821290969848633,0.0010542869567871094
3QDLA,150,anchor_top3,1,174,24,-2.0355653762817383,-2.036987066268921,0.0014216899871826172
3QDLA,150,anchor_top3,1,184,34,-0.9233602285385132,-0.9218045473098755,-0.0015556812286376953
3QDLA,150,anchor_top3,1,194,44,-3.1923351287841797,-3.1949877738952637,0.0026526451110839844
3QDLA,150,anchor_top3,1,204,54,-1.2932870388031006,-1.2933179140090942,3.0875205993652344e-05
3QDLA,65,control,0,5,60,-3.3266072273254395,-3.325467109680176,-0.0011401176452636719
3QDLA,65,control,0,15,50,-0.0009578645695000887,-0.0009600082994438708,2.143729943782091e-06
3QDLA,65,control,0,25,40,-0.413003146648407,-0.41345447301864624,0.0004513263702392578
3QDLA,65,control,0,35,30,-0.4058065414428711,-0.4056573212146759,-0.00014922022819519043
3QDLA,65,control,0,92,27,-1.4116121530532837,-1.4089503288269043,-0.0026618242263793945
3QDLA,65,control,0,103,38,-2.1685895919799805,-2.1699905395507812,0.0014009475708007812
3QDLA,65,control,0,113,48,-2.969097137451172,-2.9658193588256836,-0.0032777786254882812
3QDLA,65,control,0,123,58,-3.8299856185913086,-3.83092999458313,0.0009443759918212891
3QDLA,65,control,0,133,68,-2.4597325325012207,-2.4595296382904053,-0.0002028942108154297
3QDLA,65,control,0,143,78,-2.710444688796997,-2.7120039463043213,0.0015592575073242188
3QDLA,65,control,0,153,88,-1.6709537506103516,-1.6714015007019043,0.0004477500915527344
3QDLA,65,control,0,164,99,-0.5501507520675659,-0.5499147772789001,-0.00023597478866577148
3QDLA,65,control,0,174,109,-2.0355653762817383,-2.0353844165802,-0.00018095970153808594
3QDLA,65,control,0,184,119,-0.9233602285385132,-0.9219596982002258,-0.0014005303382873535
3QDLA,65,control,0,194,129,-3.1923351287841797,-3.1934738159179688,0.0011386871337890625
3QDLA,65,control,0,204,139,-1.2932870388031006,-1.2933248281478882,3.7789344787597656e-05
3QDLA,76,control,0,5,71,-3.3266072273254395,-3.326409339904785,-0.00019788742065429688
3QDLA,76,control,0,15,61,-0.0009578645695000887,-0.0009561972692608833,-1.6673002392053604e-06
3QDLA,76,control,0,25,51,-0.413003146648407,-0.41289833188056946,-0.00010481476783752441
3QDLA,76,control,0,35,41,-0.4058065414428711,-0.4065259099006653,0.0007193684577941895
3QDLA,76,control,0,45,31,-0.6909456849098206,-0.6918349266052246,0.0008892416954040527
3QDLA,76,control,0,103,27,-2.1685895919799805,-2.172956943511963,0.004367351531982422
3QDLA,76,control,0,113,37,-2.969097137451172,-2.9655532836914062,-0.003543853759765625
3QDLA,76,control,0,123,47,-3.8299856185913086,-3.8317437171936035,0.0017580986022949219
3QDLA,76,control,0,133,57,-2.4597325325012207,-2.459780216217041,4.76837158203125e-05
3QDLA,76,control,0,143,67,-2.710444688796997,-2.713097333908081,0.0026526451110839844
3QDLA,76,control,0,153,77,-1.6709537506103516,-1.6711127758026123,0.0001590251922607422
3QDLA,76,control,0,164,88,-0.5501507520675659,-0.5499045252799988,-0.00024622678756713867
3QDLA,76,control,0,174,98,-2.0355653762817383,-2.036421060562134,0.0008556842803955078
3QDLA,76,control,0,184,108,-0.9233602285385132,-0.9247719049453735,0.0014116764068603516
3QDLA,76,control,0,194,118,-3.1923351287841797,-3.1929030418395996,0.0005679130554199219
3QDLA,76,control,0,204,128,-1.2932870388031006,-1.2933549880981445,6.794929504394531e-05
3QDLA,138,control,0,5,133,-3.3266072273254395,-3.326371669769287,-0.00023555755615234375
3QDLA,138,control,0,15,123,-0.0009578645695000887,-0.0009614374139346182,3.572844434529543e-06
3QDLA,138,control,0,25,113,-0.413003146648407,-0.413651704788208,0.0006485581398010254
3QDLA,138,control,0,35,103,-0.4058065414428711,-0.40557947754859924,-0.00022706389427185059
3QDLA,138,control,0,45,93,-0.6909456849098206,-0.6927828192710876,0.0018371343612670898
3QDLA,138,control,0,56,82,-0.6316507458686829,-0.6310469508171082,-0.000603795051574707
3QDLA,138,control,0,66,72,-1.338952660560608,-1.3394852876663208,0.0005326271057128906
3QDLA,138,control,0,76,62,-1.2052114009857178,-1.205374002456665,0.00016260147094726562
3QDLA,138,control,0,86,52,-1.3332152366638184,-1.3318952322006226,-0.0013200044631958008
3QDLA,138,control,0,96,42,-4.445655822753906,-4.4460768699646,0.0004210472106933594
3QDLA,138,control,0,106,32,-0.7442151308059692,-0.743967592716217,-0.00024753808975219727
3QDLA,138,control,0,164,26,-0.5501507520675659,-0.5508884191513062,0.0007376670837402344
3QDLA,138,control,0,174,36,-2.0355653762817383,-2.036160469055176,0.0005950927734375
3QDLA,138,control,0,184,46,-0.9233602285385132,-0.9215848445892334,-0.0017753839492797852
3QDLA,138,control,0,194,56,-3.1923351287841797,-3.1928348541259766,0.000499725341796875
3QDLA,138,control,0,204,66,-1.2932870388031006,-1.29341459274292,0.00012755393981933594
3QDLA,39,control,0,5,34,-3.3266072273254395,-3.327711582183838,0.0011043548583984375
3QDLA,39,control,0,15,24,-0.0009578645695000887,-0.0009610801353119314,3.21556581184268e-06
3QDLA,39,control,0,72,33,-0.37631145119667053,-0.3790711760520935,0.0027597248554229736
3QDLA,39,control,0,82,43,-1.3964537382125854,-1.3991689682006836,0.0027152299880981445
3QDLA,39,control,0,92,53,-1.4116121530532837,-1.4093867540359497,-0.0022253990173339844
3QDLA,39,control,0,103,64,-2.1685895919799805,-2.1694064140319824,0.0008168220520019531
3QDLA,39,control,0,113,74,-2.969097137451172,-2.969501256942749,0.00040411949157714844
3QDLA,39,control,0,123,84,-3.8299856185913086,-3.8292829990386963,-0.0007026195526123047
3QDLA,39,control,0,133,94,-2.4597325325012207,-2.459756374359131,2.384185791015625e-05
3QDLA,39,control,0,143,104,-2.710444688796997,-2.712155342102051,0.001710653305053711
3QDLA,39,control,0,153,114,-1.6709537506103516,-1.668436050415039,-0.0025177001953125
3QDLA,39,control,0,164,125,-0.5501507520675659,-0.5498738884925842,-0.00027686357498168945
3QDLA,39,control,0,174,135,-2.0355653762817383,-2.0365779399871826,0.001012563705444336
3QDLA,39,control,0,184,145,-0.9233602285385132,-0.922624409198761,-0.0007358193397521973
3QDLA,39,control,0,194,155,-3.1923351287841797,-3.1922762393951416,-5.888938903808594e-05
3QDLA,39,control,0,204,165,-1.2932870388031006,-1.2937209606170654,0.00043392181396484375
3QDLA,135,control,0,5,130,-3.3266072273254395,-3.32663631439209,2.9087066650390625e-05
3QDLA,135,control,0,15,120,-0.0009578645695000887,-0.0009559590835124254,-1.905485987663269e-06
3QDLA,135,control,0,25,110,-0.413003146648407,-0.4131309390068054,0.0001277923583984375
3QDLA,135,control,0,35,100,-0.4058065414428711,-0.407223641872406,0.0014171004295349121
3QDLA,135,control,0,45,90,-0.6909456849098206,-0.689651608467102,-0.0012940764427185059
3QDLA,135,control,0,56,79,-0.6316507458686829,-0.6314273476600647,-0.00022339820861816406
3QDLA,135,control,0,66,69,-1.338952660560608,-1.3388673067092896,-8.535385131835938e-05
3QDLA,135,control,0,76,59,-1.2052114009857178,-1.2051005363464355,-0.00011086463928222656
3QDLA,135,control,0,86,49,-1.3332152366638184,-1.3331165313720703,-9.870529174804688e-05
3QDLA,135,control,0,96,39,-4.445655822753906,-4.446419715881348,0.0007638931274414062
3QDLA,135,control,0,106,29,-0.7442151308059692,-0.7423650026321411,-0.001850128173828125
3QDLA,135,control,0,164,29,-0.5501507520675659,-0.5500147342681885,-0.0001360177993774414
3QDLA,135,control,0,174,39,-2.0355653762817383,-2.035632610321045,6.723403930664062e-05
3QDLA,135,control,0,184,49,-0.9233602285385132,-0.9251335859298706,0.0017733573913574219
3QDLA,135,control,0,194,59,-3.1923351287841797,-3.1963236331939697,0.003988504409790039
3QDLA,135,control,0,204,69,-1.2932870388031006,-1.2928215265274048,-0.0004655122756958008
3WJPA,94,anchor_top1,1,9,85,-0.004065463785082102,-0.0038453221786767244,-0.0002201416064053774
3WJPA,94,anchor_top1,1,27,67,-1.6442639827728271,-1.8644055128097534,0.22014153003692627
3WJPA,94,anchor_top1,1,45,49,-2.6957788467407227,-2.775509834289551,0.07973098754882812
3WJPA,94,anchor_top1,1,63,31,-0.7359395623207092,-0.5766913294792175,-0.1592482328414917
3WJPA,94,anchor_top1,1,128,34,-0.17442578077316284,-0.17922182381153107,0.004796043038368225
3WJPA,94,anchor_top1,1,147,53,-0.04299785569310188,-0.030018145218491554,-0.012979710474610329
3WJPA,94,anchor_top1,1,165,71,-1.4649640321731567,-1.241942286491394,-0.2230217456817627
3WJPA,94,anchor_top1,1,183,89,-0.07434233278036118,-0.07566549628973007,0.0013231635093688965
3WJPA,94,anchor_top1,1,201,107,-1.2141258716583252,-1.287584900856018,0.07345902919769287
3WJPA,94,anchor_top1,1,219,125,-0.1623646318912506,-0.13611295819282532,-0.026251673698425293
3WJPA,94,anchor_top1,1,237,143,-0.0349719375371933,-0.03323015570640564,-0.0017417818307876587
3WJPA,94,anchor_top1,1,256,162,-0.6153754591941833,-0.6535122394561768,0.03813678026199341
3WJPA,94,anchor_top1,1,274,180,-0.8407089710235596,-0.7817199230194092,-0.05898904800415039
3WJPA,94,anchor_top1,1,292,198,-1.3292123079299927,-1.3475844860076904,0.018372178077697754
3WJPA,94,anchor_top1,1,310,216,-3.079807996749878,-2.9674034118652344,-0.11240458488464355
3WJPA,94,anchor_top1,1,328,234,-0.5435440540313721,-0.4234110116958618,-0.12013304233551025
3WJPA,276,anchor_top2,1,9,267,-0.004065463785082102,-0.004196528345346451,0.00013106456026434898
3WJPA,276,anchor_top2,1,27,249,-1.6442639827728271,-1.652900218963623,0.008636236190795898
3WJPA,276,anchor_top2,1,45,231,-2.6957788467407227,-2.7163376808166504,0.020558834075927734
3WJPA,276,anchor_top2,1,63,213,-0.7359395623207092,-0.7356398105621338,-0.00029975175857543945
3WJPA,276,anchor_top2,1,81,195,-0.3041514754295349,-0.2917429208755493,-0.012408554553985596
3WJPA,276,anchor_top2,1,100,176,-0.36638548970222473,-0.3624707758426666,-0.0039147138595581055
3WJPA,276,anchor_top2,1,118,158,-0.6483685970306396,-0.6349399089813232,-0.013428688049316406
3WJPA,276,anchor_top2,1,136,140,-2.3367695808410645,-2.3316702842712402,-0.005099296569824219
3WJPA,276,anchor_top2,1,154,122,-2.977294445037842,-2.9552314281463623,-0.022063016891479492
3WJPA,276,anchor_top2,1,172,104,-0.5483757257461548,-0.5340955853462219,-0.014280140399932861
3WJPA,276,anchor_top2,1,190,86,-1.310411810874939,-1.40018892288208,0.08977711200714111
3WJPA,276,anchor_top2,1,209,67,-3.1037163734436035,-3.0564334392547607,-0.04728293418884277
3WJPA,276,anchor_top2,1,227,49,-2.4798998832702637,-2.5313711166381836,0.05147123336791992
3WJPA,276,anchor_top2,1,245,31,-0.023681765422225,-0.024988997727632523,0.0013072323054075241
3WJPA,276,anchor_top2,1,310,34,-3.079807996749878,-2.965649127960205,-0.11415886878967285
3WJPA,276,anchor_top2,1,328,52,-0.5435440540313721,-0.5105080008506775,-0.03303605318069458
3WJPA,275,anchor_top3,1,9,266,-0.004065463785082102,-0.004064751323312521,-7.124617695808411e-07
3WJPA,275,anchor_top3,1,27,248,-1.6442639827728271,-1.6433998346328735,-0.0008641481399536133
3WJPA,275,anchor_top3,1,45,230,-2.6957788467407227,-2.696044683456421,0.0002658367156982422
3WJPA,275,anchor_top3,1,63,212,-0.7359395623207092,-0.736059844493866,0.00012028217315673828
3WJPA,275,anchor_top3,1,81,194,-0.3041514754295349,-0.3040243685245514,-0.0001271069049835205
3WJPA,275,anchor_top3,1,100,175,-0.36638548970222473,-0.36644887924194336,6.338953971862793e-05
3WJPA,275,anchor_top3,1,118,157,-0.6483685970306396,-0.6483146548271179,-5.3942203521728516e-05
3WJPA,275,anchor_top3,1,136,139,-2.3367695808410645,-2.33736515045166,0.0005955696105957031
3WJPA,275,anchor_top3,1,154,121,-2.977294445037842,-2.9777584075927734,0.0004639625549316406
3WJPA,275,anchor_top3,1,172,103,-0.5483757257461548,-0.54838627576828,1.055002212524414e-05
3WJPA,275,anchor_top3,1,190,85,-1.310411810874939,-1.3113586902618408,0.0009468793869018555
3WJPA,275,anchor_top3,1,209,66,-3.1037163734436035,-3.1028172969818115,-0.0008990764617919922
3WJPA,275,anchor_top3,1,227,48,-2.4798998832702637,-2.479980945587158,8.106231689453125e-05
3WJPA,275,anchor_top3,1,245,30,-0.023681765422225,-0.02366441860795021,-1.7346814274787903e-05
3WJPA,275,anchor_top3,1,310,35,-3.079807996749878,-3.0792384147644043,-0.0005695819854736328
3WJPA,275,anchor_top3,1,328,53,-0.5435440540313721,-0.5442429780960083,0.0006989240646362305
3WJPA,241,control,0,9,232,-0.004065463785082102,-0.004062495660036802,-2.96812504529953e-06
3WJPA,241,control,0,27,214,-1.6442639827728271,-1.6446292400360107,0.00036525726318359375
3WJPA,241,control,0,45,196,-2.6957788467407227,-2.6958789825439453,0.00010013580322265625
3WJPA,241,control,0,63,178,-0.7359395623207092,-0.7357921004295349,-0.0001474618911743164
3WJPA,241,control,0,81,160,-0.3041514754295349,-0.30416589975357056,1.4424324035644531e-05
3WJPA,241,control,0,100,141,-0.36638548970222473,-0.3664836585521698,9.816884994506836e-05
3WJPA,241,control,0,118,123,-0.6483685970306396,-0.6482213735580444,-0.00014722347259521484
3WJPA,241,control,0,136,105,-2.3367695808410645,-2.33599853515625,-0.0007710456848144531
3WJPA,241,control,0,154,87,-2.977294445037842,-2.9802699089050293,0.0029754638671875
3WJPA,241,control,0,172,69,-0.5483757257461548,-0.5483912825584412,1.5556812286376953e-05
3WJPA,241,control,0,190,51,-1.310411810874939,-1.3119940757751465,0.0015822649002075195
3WJPA,241,control,0,209,32,-3.1037163734436035,-3.1050057411193848,0.00128936767578125
3WJPA,241,control,0,274,33,-0.8407089710235596,-0.8391963243484497,-0.0015126466751098633
3WJPA,241,control,0,292,51,-1.3292123079299927,-1.3290811777114868,-0.00013113021850585938
3WJPA,241,control,0,310,69,-3.079807996749878,-3.0826404094696045,0.0028324127197265625
3WJPA,241,control,0,328,87,-0.5435440540313721,-0.5426012873649597,-0.0009427666664123535
3WJPA,149,control,0,9,140,-0.004065463785082102,-0.004064276814460754,-1.1869706213474274e-06
3WJPA,149,control,0,27,122,-1.6442639827728271,-1.6411839723587036,-0.003080010414123535
3WJPA,149,control,0,45,104,-2.6957788467407227,-2.6939337253570557,-0.0018451213836669922
3WJPA,149,control,0,63,86,-0.7359395623207092,-0.7315486669540405,-0.004390895366668701
3WJPA,149,control,0,81,68,-0.3041514754295349,-0.304595410823822,0.0004439353942871094
3WJPA,149,control,0,100,49,-0.36638548970222473,-0.3657686412334442,-0.0006168484687805176
3WJPA,149,control,0,118,31,-0.6483685970306396,-0.6474276781082153,-0.0009409189224243164
3WJPA,149,control,0,183,34,-0.07434233278036118,-0.07371852546930313,-0.0006238073110580444
3WJPA,149,control,0,201,52,-1.2141258716583252,-1.2146755456924438,0.0005496740341186523
3WJPA,149,control,0,219,70,-0.1623646318912506,-0.16197358071804047,-0.00039105117321014404
3WJPA,149,control,0,237,88,-0.0349719375371933,-0.03484346717596054,-0.00012847036123275757
3WJPA,149,control,0,256,107,-0.6153754591941833,-0.6151794195175171,-0.00019603967666625977
3WJPA,149,control,0,274,125,-0.8407089710235596,-0.8399458527565002,-0.0007631182670593262
3WJPA,149,control,0,292,143,-1.3292123079299927,-1.3291819095611572,-3.039836883544922e-05
3WJPA,149,control,0,310,161,-3.079807996749878,-3.0788216590881348,-0.000986337661743164
3WJPA,149,control,0,328,179,-0.5435440540313721,-0.5423412919044495,-0.0012027621269226074
3WJPA,165,control,0,9,156,-0.004065463785082102,-0.0040604774840176105,-4.986301064491272e-06
3WJPA,165,control,0,27,138,-1.6442639827728271,-1.6441969871520996,-6.699562072753906e-05
3WJPA,165,control,0,45,120,-2.6957788467407227,-2.696389675140381,0.0006108283996582031
3WJPA,165,control,0,63,102,-0.7359395623207092,-0.7358049154281616,-0.00013464689254760742
3WJPA,165,control,0,81,84,-0.3041514754295349,-0.30405911803245544,-9.235739707946777e-05
3WJPA,165,control,0,100,65,-0.36638548970222473,-0.3665076196193695,0.0001221299171447754
3WJPA,165,control,0,118,47,-0.6483685970306396,-0.64826500415802,-0.0001035928726196289
3WJPA,165,control,0,136,29,-2.3367695808410645,-2.3348541259765625,-0.0019154548645019531
3WJPA,165,control,0,201,36,-1.2141258716583252,-1.214239478111267,0.00011360645294189453
3WJPA,165,control,0,219,54,-0.1623646318912506,-0.16201604902744293,-0.0003485828638076782
3WJPA,165,control,0,237,72,-0.0349719375371933,-0.03493303060531616,-3.890693187713623e-05
3WJPA,165,control,0,256,91,-0.6153754591941833,-0.6148971319198608,-0.00047832727432250977
3WJPA,165,control,0,274,109,-0.8407089710235596,-0.8412368893623352,0.0005279183387756348
3WJPA,165,control,0,292,127,-1.3292123079299927,-1.3291828632354736,-2.944469451904297e-05
3WJPA,165,control,0,310,145,-3.079807996749878,-3.079317569732666,-0.0004904270172119141
3WJPA,165,control,0,328,163,-0.5435440540313721,-0.5435874462127686,4.3392181396484375e-05
3WJPA,240,control,0,9,231,-0.004065463785082102,-0.00406012125313282,-5.3425319492816925e-06
3WJPA,240,control,0,27,213,-1.6442639827728271,-1.642877221107483,-0.0013867616653442383
3WJPA,240,control,0,45,195,-2.6957788467407227,-2.6961355209350586,0.0003566741943359375
3WJPA,240,control,0,63,177,-0.7359395623207092,-0.7358360886573792,-0.00010347366333007812
3WJPA,240,control,0,81,159,-0.3041514754295349,-0.3043430745601654,0.00019159913063049316
3WJPA,240,control,0,100,140,-0.36638548970222473,-0.3663117587566376,-7.37309455871582e-05
3WJPA,240,control,0,118,122,-0.6483685970306396,-0.648320734500885,-4.786252975463867e-05
3WJPA,240,control,0,136,104,-2.3367695808410645,-2.3365895748138428,-0.0001800060272216797
3WJPA,240,control,0,154,86,-2.977294445037842,-2.9787163734436035,0.0014219284057617188
3WJPA,240,control,0,172,68,-0.5483757257461548,-0.548527181148529,0.00015145540237426758
3WJPA,240,control,0,190,50,-1.310411810874939,-1.3097366094589233,-0.000675201416015625
3WJPA,240,control,0,209,31,-3.1037163734436035,-3.1071133613586426,0.0033969879150390625
3WJPA,240,control,0,274,34,-0.8407089710235596,-0.8416247963905334,0.000915825366973877
3WJPA,240,control,0,292,52,-1.3292123079299927,-1.329364538192749,0.00015223026275634766
3WJPA,240,control,0,310,70,-3.079807996749878,-3.0848124027252197,0.005004405975341797
3WJPA,240,control,0,328,88,-0.5435440540313721,-0.5433093309402466,-0.00023472309112548828
3WJPA,151,control,0,9,142,-0.004065463785082102,-0.004061071202158928,-4.392582923173904e-06
3WJPA,151,control,0,27,124,-1.6442639827728271,-1.6454155445098877,0.0011515617370605469
3WJPA,151,control,0,45,106,-2.6957788467407227,-2.694772958755493,-0.0010058879852294922
3WJPA,151,control,0,63,88,-0.7359395623207092,-0.7339818477630615,-0.001957714557647705
3WJPA,151,control,0,81,70,-0.3041514754295349,-0.3045836389064789,0.0004321634769439697
3WJPA,151,control,0,100,51,-0.36638548970222473,-0.36607494950294495,-0.00031054019927978516
3WJPA,151,control,0,118,33,-0.6483685970306396,-0.6482850909233093,-8.350610733032227e-05
3WJPA,151,control,0,183,32,-0.07434233278036118,-0.07466477155685425,0.0003224387764930725
3WJPA,151,control,0,201,50,-1.2141258716583252,-1.2142809629440308,0.0001550912857055664
3WJPA,151,control,0,219,68,-0.1623646318912506,-0.16183213889598846,-0.000532492995262146
3WJPA,151,control,0,237,86,-0.0349719375371933,-0.0348670668900013,-0.00010487064719200134
3WJPA,151,control,0,256,105,-0.6153754591941833,-0.6152164340019226,-0.0001590251922607422
3WJPA,151,control,0,274,123,-0.8407089710235596,-0.8404203653335571,-0.0002886056900024414
3WJPA,151,control,0,292,141,-1.3292123079299927,-1.3291833400726318,-2.8967857360839844e-05
3WJPA,151,control,0,310,159,-3.079807996749878,-3.079129695892334,-0.0006783008575439453
3WJPA,151,control,0,328,177,-0.5435440540313721,-0.5433168411254883,-0.00022721290588378906
4EHUA,100,anchor_top1,1,7,93,-0.5844711065292358,-0.621979832649231,0.03750872611999512
4EHUA,100,anchor_top1,1,21,79,-3.3287429809570312,-3.325052261352539,-0.0036907196044921875
4EHUA,100,anchor_top1,1,35,65,-2.9492435455322266,-2.987051010131836,0.037807464599609375
4EHUA,100,anchor_top1,1,50,50,-0.32878783345222473,-0.3084966838359833,-0.020291149616241455
4EHUA,100,anchor_top1,1,64,36,-0.055581238120794296,-0.07028631120920181,0.014705073088407516
4EHUA,100,anchor_top1,1,125,25,-0.052941326051950455,-0.052139393985271454,-0.0008019320666790009
4EHUA,100,anchor_top1,1,140,40,-1.1222232580184937,-1.0491135120391846,-0.07310974597930908
4EHUA,100,anchor_top1,1,154,54,-2.7530746459960938,-2.7978289127349854,0.0447542667388916
4EHUA,100,anchor_top1,1,168,68,-0.05334420129656792,-0.07691063731908798,0.023566436022520065
4EHUA,100,anchor_top1,1,182,82,-0.3756224513053894,-0.41978567838668823,0.04416322708129883
4EHUA,100,anchor_top1,1,197,97,-1.436128854751587,-1.5983167886734009,0.16218793392181396
4EHUA,100,anchor_top1,1,211,111,-0.9710904955863953,-1.153339147567749,0.18224865198135376
4EHUA,100,anchor_top1,1,225,125,-3.2305867671966553,-3.2342324256896973,0.003645658493041992
4EHUA,100,anchor_top1,1,240,140,-0.7030218243598938,-0.929735541343689,0.22671371698379517
4EHUA,100,anchor_top1,1,254,154,-2.151822566986084,-2.040355920791626,-0.11146664619445801
4EHUA,100,anchor_top1,1,268,168,-5.7729668617248535,-5.765417098999023,-0.007549762725830078
4EHUA,209,anchor_top2,1,7,202,-0.5844711065292358,-0.5839167833328247,-0.0005543231964111328
4EHUA,209,anchor_top2,1,21,188,-3.3287429809570312,-3.3523569107055664,0.023613929748535156
4EHUA,209,anchor_top2,1,35,174,-2.9492435455322266,-2.9614510536193848,0.012207508087158203
4EHUA,209,anchor_top2,1,50,159,-0.32878783345222473,-0.31716692447662354,-0.011620908975601196
4EHUA,209,anchor_top2,1,64,145,-0.055581238120794296,-0.0494086816906929,-0.006172556430101395
4EHUA,209,anchor_top2,1,78,131,-0.07596220076084137,-0.07247117906808853,-0.003491021692752838
4EHUA,209,anchor_top2,1,93,116,-2.200293779373169,-2.1894659996032715,-0.010827779769897461
4EHUA,209,anchor_top2,1,107,102,-2.1466591358184814,-2.1076858043670654,-0.038973331451416016
4EHUA,209,anchor_top2,1,121,88,-0.007747127208858728,-0.006843935698270798,-0.0009031915105879307
4EHUA,209,anchor_top2,1,135,74,-0.3105922043323517,-0.24841797351837158,-0.0621742308139801
4EHUA,209,anchor_top2,1,150,59,-0.260875940322876,-0.24036116898059845,-0.020514771342277527
4EHUA,209,anchor_top2,1,164,45,-0.32695272564888,-0.2698606550693512,-0.05709207057952881
4EHUA,209,anchor_top2,1,178,31,-2.3652827739715576,-2.464644432067871,0.09936165809631348
4EHUA,209,anchor_top2,1,240,31,-0.7030218243598938,-0.7631735801696777,0.060151755809783936
4EHUA,209,anchor_top2,1,254,45,-2.151822566986084,-2.147428035736084,-0.00439453125
4EHUA,209,anchor_top2,1,268,59,-5.7729668617248535,-5.763649940490723,-0.00931692123413086
4EHUA,5,anchor_top3,1,36,31,-2.8834753036499023,-2.8830113410949707,-0.0004639625549316406
4EHUA,5,anchor_top3,1,52,47,-3.617555618286133,-3.606821060180664,-0.01073455810546875
4EHUA,5,anchor_top3,1,67,62,-3.6995058059692383,-3.6914305686950684,-0.008075237274169922
4EHUA,5,anchor_top3,1,83,78,-0.2122514694929123,-0.20952440798282623,-0.0027270615100860596
4EHUA,5,anchor_top3,1,98,93,-0.01708269491791725,-0.018120577558875084,0.0010378826409578323
4EHUA,5,anchor_top3,1,113,108,-0.0454917848110199,-0.0431046187877655,-0.0023871660232543945
4EHUA,5,anchor_top3,1,129,124,-0.0004247716860845685,-0.0004256058018654585,8.341157808899879e-07
4EHUA,5,anchor_top3,1,144,139,-1.814963936805725,-1.818817377090454,0.003853440284729004
4EHUA,5,anchor_top3,1,160,155,-0.5532264709472656,-0.5385000705718994,-0.014726400375366211
4EHUA,5,anchor_top3,1,175,170,-0.7972919940948486,-0.7909460663795471,-0.006345927715301514
4EHUA,5,anchor_top3,1,191,186,-0.8234556317329407,-0.828910768032074,0.005455136299133301
4EHUA,5,anchor_top3,1,206,201,-3.117457389831543,-3.100770950317383,-0.016686439514160156
4EHUA,5,anchor_top3,1,221,216,-2.187044143676758,-2.207876443862915,0.020832300186157227
4EHUA,5,anchor_top3,1,237,232,-1.242736577987671,-1.243006944656372,0.0002703666687011719
4EHUA,5,anchor_top3,1,252,247,-2.8986706733703613,-2.928260326385498,0.02958965301513672
4EHUA,5,anchor_top3,1,268,263,-5.7729668617248535,-5.77318000793457,0.00021314620971679688
4EHUA,127,control,0,7,120,-0.5844711065292358,-0.5844653844833374,-5.7220458984375e-06
4EHUA,127,control,0,21,106,-3.3287429809570312,-3.329475164413452,0.0007321834564208984
4EHUA,127,control,0,35,92,-2.9492435455322266,-2.949429512023926,0.00018596649169921875
4EHUA,127,control,0,50,77,-0.32878783345222473,-0.32871413230895996,-7.370114326477051e-05
4EHUA,127,control,0,64,63,-0.055581238120794296,-0.05556759238243103,-1.3645738363265991e-05
4EHUA,127,control,0,78,49,-0.07596220076084137,-0.07636242359876633,0.0004002228379249573
4EHUA,127,control,0,93,34,-2.200293779373169,-2.203828811645508,0.003535032272338867
4EHUA,127,control,0,154,27,-2.7530746459960938,-2.752145290374756,-0.0009293556213378906
4EHUA,127,control,0,168,41,-0.05334420129656792,-0.05277646705508232,-0.0005677342414855957
4EHUA,127,control,0,182,55,-0.3756224513053894,-0.3757273256778717,0.0001048743724822998
4EHUA,127,control,0,197,70,-1.436128854751587,-1.4367116689682007,0.0005828142166137695
4EHUA,127,control,0,211,84,-0.9710904955863953,-0.9711393117904663,4.881620407104492e-05
4EHUA,127,control,0,225,98,-3.2305867671966553,-3.2319397926330566,0.0013530254364013672
4EHUA,127,control,0,240,113,-0.7030218243598938,-0.7036824226379395,0.0006605982780456543
4EHUA,127,control,0,254,127,-2.151822566986084,-2.1519546508789062,0.00013208389282226562
4EHUA,127,control,0,268,141,-5.7729668617248535,-5.772976875305176,1.0013580322265625e-05
4EHUA,72,control,0,7,65,-0.5844711065292358,-0.5833010673522949,-0.001170039176940918
4EHUA,72,control,0,21,51,-3.3287429809570312,-3.326462745666504,-0.0022802352905273438
4EHUA,72,control,0,35,37,-2.9492435455322266,-2.949263095855713,1.9550323486328125e-05
4EHUA,72,control,0,97,25,-0.1871602088212967,-0.1871376633644104,-2.2545456886291504e-05
4EHUA,72,control,0,111,39,-3.373945713043213,-3.3739535808563232,7.867813110351562e-06
4EHUA,72,control,0,125,53,-0.052941326051950455,-0.05304104462265968,9.971857070922852e-05
4EHUA,72,control,0,140,68,-1.1222232580184937,-1.1238956451416016,0.0016723871231079102
4EHUA,72,control,0,154,82,-2.7530746459960938,-2.7531986236572266,0.0001239776611328125
4EHUA,72,control,0,168,96,-0.05334420129656792,-0.053545575588941574,0.00020137429237365723
4EHUA,72,control,0,182,110,-0.3756224513053894,-0.37559032440185547,-3.212690353393555e-05
4EHUA,72,control,0,197,125,-1.436128854751587,-1.4365116357803345,0.0003827810287475586
4EHUA,72,control,0,211,139,-0.9710904955863953,-0.9714500308036804,0.00035953521728515625
4EHUA,72,control,0,225,153,-3.2305867671966553,-3.2307097911834717,0.00012302398681640625
4EHUA,72,control,0,240,168,-0.7030218243598938,-0.7042609453201294,0.0012391209602355957
4EHUA,72,control,0,254,182,-2.151822566986084,-2.1545934677124023,0.0027709007263183594
4EHUA,72,control,0,268,196,-5.7729668617248535,-5.772335529327393,-0.0006313323974609375
4EHUA,102,control,0,7,95,-0.5844711065292358,-0.5865585803985596,0.0020874738693237305
4EHUA,102,control,0,21,81,-3.3287429809570312,-3.328935384750366,0.00019240379333496094
4EHUA,102,control,0,35,67,-2.9492435455322266,-2.9498655796051025,0.0006220340728759766
4EHUA,102,control,0,50,52,-0.32878783345222473,-0.32873550057411194,-5.233287811279297e-05
4EHUA,102,control,0,64,38,-0.055581238120794296,-0.05549654737114906,-8.469074964523315e-05
4EHUA,102,control,0,78,24,-0.07596220076084137,-0.07629295438528061,0.0003307536244392395
4EHUA,102,control,0,140,38,-1.1222232580184937,-1.1236329078674316,0.0014096498489379883
4EHUA,102,control,0,154,52,-2.7530746459960938,-2.7529778480529785,-9.679794311523438e-05
4EHUA,102,control,0,168,66,-0.05334420129656792,-0.05375109240412712,0.0004068911075592041
4EHUA,102,control,0,182,80,-0.3756224513053894,-0.37478771805763245,-0.000834733247756958
4EHUA,102,control,0,197,95,-1.436128854751587,-1.4364150762557983,0.0002862215042114258
4EHUA,102,control,0,211,109,-0.9710904955863953,-0.9722121357917786,0.0011216402053833008
4EHUA,102,control,0,225,123,-3.2305867671966553,-3.2309961318969727,0.0004093647003173828
4EHUA,102,control,0,240,138,-0.7030218243598938,-0.7052467465400696,0.0022249221801757812
4EHUA,102,control,0,254,152,-2.151822566986084,-2.152496337890625,0.0006737709045410156
4EHUA,102,control,0,268,166,-5.7729668617248535,-5.772907257080078,-5.9604644775390625e-05
4EHUA,218,control,0,7,211,-0.5844711065292358,-0.5842692255973816,-0.00020188093185424805
4EHUA,218,control,0,21,197,-3.3287429809570312,-3.3282182216644287,-0.0005247592926025391
4EHUA,218,control,0,35,183,-2.9492435455322266,-2.949247360229492,3.814697265625e-06
4EHUA,218,control,0,50,168,-0.32878783345222473,-0.3286258280277252,-0.00016200542449951172
4EHUA,218,control,0,64,154,-0.055581238120794296,-0.05553342401981354,-4.781410098075867e-05
4EHUA,218,control,0,78,140,-0.07596220076084137,-0.07608815282583237,0.00012595206499099731
4EHUA,218,control,0,93,125,-2.200293779373169,-2.1985061168670654,-0.0017876625061035156
4EHUA,218,control,0,107,111,-2.1466591358184814,-2.14524507522583,-0.0014140605926513672
4EHUA,218,control,0,121,97,-0.007747127208858728,-0.007716371677815914,-3.0755531042814255e-05
4EHUA,218,control,0,135,83,-0.3105922043323517,-0.31030502915382385,-0.00028717517852783203
4EHUA,218,control,0,150,68,-0.260875940322876,-0.2591229975223541,-0.0017529428005218506
4EHUA,218,control,0,164,54,-0.32695272564888,-0.3264066278934479,-0.0005460977554321289
4EHUA,218,control,0,178,40,-2.3652827739715576,-2.364626884460449,-0.0006558895111083984
4EHUA,218,control,0,193,25,-0.11809483915567398,-0.11809229850769043,-2.5406479835510254e-06
4EHUA,218,control,0,254,36,-2.151822566986084,-2.1533937454223633,0.0015711784362792969
4EHUA,218,control,0,268,50,-5.7729668617248535,-5.770556449890137,-0.002410411834716797
4EHUA,93,control,0,7,86,-0.5844711065292358,-0.5840504169464111,-0.00042068958282470703
4EHUA,93,control,0,21,72,-3.3287429809570312,-3.328247547149658,-0.0004954338073730469
4EHUA,93,control,0,35,58,-2.9492435455322266,-2.9493017196655273,5.817413330078125e-05
4EHUA,93,control,0,50,43,-0.32878783345222473,-0.3288538157939911,6.598234176635742e-05
4EHUA,93,control,0,64,29,-0.055581238120794296,-0.05576987564563751,0.00018863752484321594
4EHUA,93,control,0,125,32,-0.052941326051950455,-0.05289417877793312,-4.7147274017333984e-05
4EHUA,93,control,0,140,47,-1.1222232580184937,-1.1211167573928833,-0.0011065006256103516
4EHUA,93,control,0,154,61,-2.7530746459960938,-2.75286602973938,-0.0002086162567138672
4EHUA,93,control,0,168,75,-0.05334420129656792,-0.053378671407699585,3.447011113166809e-05
4EHUA,93,control,0,182,89,-0.3756224513053894,-0.3754993677139282,-0.00012308359146118164
4EHUA,93,control,0,197,104,-1.436128854751587,-1.4369693994522095,0.0008405447006225586
4EHUA,93,control,0,211,118,-0.9710904955863953,-0.9720410704612732,0.0009505748748779297
4EHUA,93,control,0,225,132,-3.2305867671966553,-3.230245590209961,-0.00034117698669433594
4EHUA,93,control,0,240,147,-0.7030218243598938,-0.7033217549324036,0.0002999305725097656
4EHUA,93,control,0,254,161,-2.151822566986084,-2.151710033416748,-0.0001125335693359375
4EHUA,93,control,0,268,175,-5.7729668617248535,-5.772648811340332,-0.0003180503845214844
4EX6A,124,anchor_top1,1,5,119,-0.1531452089548111,-0.1336906999349594,-0.019454509019851685
4EX6A,124,anchor_top1,1,17,107,-1.4873569011688232,-1.4996440410614014,0.012287139892578125
4EX6A,124,anchor_top1,1,29,95,-0.2636343836784363,-0.27544543147087097,0.011811047792434692
4EX6A,124,anchor_top1,1,41,83,-1.0768612623214722,-1.0344651937484741,-0.04239606857299805
4EX6A,124,anchor_top1,1,53,71,-2.1883065700531006,-2.188577651977539,0.00027108192443847656
4EX6A,124,anchor_top1,1,65,59,-1.9265735149383545,-1.7751290798187256,-0.1514444351196289
4EX6A,124,anchor_top1,1,77,47,-2.497633934020996,-2.5323216915130615,0.03468775749206543
4EX6A,124,anchor_top1,1,89,35,-4.776767253875732,-4.816153526306152,0.03938627243041992
4EX6A,124,anchor_top1,1,100,24,-0.7346970438957214,-0.7093978524208069,-0.02529919147491455
4EX6A,124,anchor_top1,1,159,35,-0.015844985842704773,-0.05583774298429489,0.03999275714159012
4EX6A,124,anchor_top1,1,171,47,-3.3106229305267334,-3.2729544639587402,-0.037668466567993164
4EX6A,124,anchor_top1,1,183,59,-0.0018850667402148247,-0.0024219010956585407,0.000536834355443716
4EX6A,124,anchor_top1,1,195,71,-0.02085285261273384,-0.02083323709666729,-1.961551606655121e-05
4EX6A,124,anchor_top1,1,207,83,-1.9351385831832886,-1.951250433921814,0.01611185073852539
4EX6A,124,anchor_top1,1,219,95,-2.4408321380615234,-2.418935775756836,-0.0218963623046875
4EX6A,124,anchor_top1,1,231,107,-0.6442810893058777,-0.5888494849205017,-0.05543160438537598
4EX6A,181,anchor_top2,1,5,176,-0.1531452089548111,-0.15399031341075897,0.000845104455947876
4EX6A,181,anchor_top2,1,17,164,-1.4873569011688232,-1.4905556440353394,0.0031987428665161133
4EX6A,181,anchor_top2,1,29,152,-0.2636343836784363,-0.26049143075942993,-0.0031429529190063477
4EX6A,181,anchor_top2,1,41,140,-1.0768612623214722,-1.080657720565796,0.0037964582443237305
4EX6A,181,anchor_top2,1,53,128,-2.1883065700531006,-2.207563638687134,0.019257068634033203
4EX6A,181,anchor_top2,1,65,116,-1.9265735149383545,-1.881148338317871,-0.0454251766204834
4EX6A,181,anchor_top2,1,77,104,-2.497633934020996,-2.4933652877807617,-0.004268646240234375
4EX6A,181,anchor_top2,1,89,92,-4.776767253875732,-4.75005578994751,-0.026711463928222656
4EX6A,181,anchor_top2,1,100,81,-0.7346970438957214,-0.7639375329017639,0.02924048900604248
4EX6A,181,anchor_top2,1,112,69,-0.17825785279273987,-0.17366160452365875,-0.004596248269081116
4EX6A,181,anchor_top2,1,124,57,-4.4481916427612305,-4.441597938537598,-0.0065937042236328125
4EX6A,181,anchor_top2,1,136,45,-2.4250245094299316,-2.371889352798462,-0.05313515663146973
4EX6A,181,anchor_top2,1,148,33,-1.0206027030944824,-1.0279587507247925,0.007356047630310059
4EX6A,181,anchor_top2,1,207,26,-1.9351385831832886,-1.8815035820007324,-0.05363500118255615
4EX6A,181,anchor_top2,1,219,38,-2.4408321380615234,-2.4216699600219727,-0.01916217803955078
4EX6A,181,anchor_top2,1,231,50,-0.6442810893058777,-0.6711446642875671,0.026863574981689453
4EX6A,22,anchor_top3,1,51,29,-0.9461605548858643,-0.9737139940261841,0.027553439140319824
4EX6A,22,anchor_top3,1,63,41,-0.6216968894004822,-0.6257105469703674,0.004013657569885254
4EX6A,22,anchor_top3,1,75,53,-0.7149908542633057,-0.7267892360687256,0.011798381805419922
4EX6A,22,anchor_top3,1,87,65,-1.0691012144088745,-1.0103284120559692,-0.05877280235290527
4EX6A,22,anchor_top3,1,99,77,-1.7626014947891235,-1.7587751150131226,-0.0038263797760009766
4EX6A,22,anchor_top3,1,111,89,-0.4435732364654541,-0.4673728942871094,0.023799657821655273
4EX6A,22,anchor_top3,1,123,101,-1.7114427089691162,-1.6189690828323364,-0.09247362613677979
4EX6A,22,anchor_top3,1,135,113,-1.996175765991211,-2.0002799034118652,0.004104137420654297
4EX6A,22,anchor_top3,1,147,125,-2.112018585205078,-2.138209819793701,0.026191234588623047
4EX6A,22,anchor_top3,1,159,137,-0.015844985842704773,-0.0155418636277318,-0.00030312221497297287
4EX6A,22,anchor_top3,1,171,149,-3.3106229305267334,-3.3698484897613525,0.05922555923461914
4EX6A,22,anchor_top3,1,183,161,-0.0018850667402148247,-0.0020103498827666044,0.00012528314255177975
4EX6A,22,anchor_top3,1,195,173,-0.02085285261273384,-0.021594401448965073,0.0007415488362312317
4EX6A,22,anchor_top3,1,207,185,-1.9351385831832886,-1.9358904361724854,0.0007518529891967773
4EX6A,22,anchor_top3,1,219,197,-2.4408321380615234,-2.442739963531494,0.0019078254699707031
4EX6A,22,anchor_top3,1,231,209,-0.6442810893058777,-0.6550171375274658,0.010736048221588135
4EX6A,21,control,0,51,30,-0.9461605548858643,-0.9464113116264343,0.00025075674057006836
4EX6A,21,control,0,63,42,-0.6216968894004822,-0.6210215091705322,-0.0006753802299499512
4EX6A,21,control,0,75,54,-0.7149908542633057,-0.714941143989563,-4.971027374267578e-05
4EX6A,21,control,0,87,66,-1.0691012144088745,-1.071067452430725,0.001966238021850586
4EX6A,21,control,0,99,78,-1.7626014947891235,-1.7634624242782593,0.0008609294891357422
4EX6A,21,control,0,111,90,-0.4435732364654541,-0.44551387429237366,0.0019406378269195557
4EX6A,21,control,0,123,102,-1.7114427089691162,-1.7058639526367188,-0.005578756332397461
4EX6A,21,control,0,135,114,-1.996175765991211,-1.996375560760498,0.00019979476928710938
4EX6A,21,control,0,147,126,-2.112018585205078,-2.1101598739624023,-0.0018587112426757812
4EX6A,21,control,0,159,138,-0.015844985842704773,-0.01581307128071785,-3.191456198692322e-05
4EX6A,21,control,0,171,150,-3.3106229305267334,-3.3125526905059814,0.0019297599792480469
4EX6A,21,control,0,183,162,-0.0018850667402148247,-0.0018845908343791962,-4.759058356285095e-07
4EX6A,21,control,0,195,174,-0.02085285261273384,-0.020851917564868927,-9.350478649139404e-07
4EX6A,21,control,0,207,186,-1.9351385831832886,-1.9352203607559204,8.177757263183594e-05
4EX6A,21,control,0,219,198,-2.4408321380615234,-2.441315174102783,0.0004830360412597656
4EX6A,21,control,0,231,210,-0.6442810893058777,-0.6455554962158203,0.001274406909942627
4EX6A,183,control,0,5,178,-0.1531452089548111,-0.1530517190694809,-9.34898853302002e-05
4EX6A,183,control,0,17,166,-1.4873569011688232,-1.4874205589294434,6.365776062011719e-05
4EX6A,183,control,0,29,154,-0.2636343836784363,-0.26138219237327576,-0.0022521913051605225
4EX6A,183,control,0,41,142,-1.0768612623214722,-1.0759204626083374,-0.0009407997131347656
4EX6A,183,control,0,53,130,-2.1883065700531006,-2.1881957054138184,-0.00011086463928222656
4EX6A,183,control,0,65,118,-1.9265735149383545,-1.9228413105010986,-0.0037322044372558594
4EX6A,183,control,0,77,106,-2.497633934020996,-2.498004913330078,0.00037097930908203125
4EX6A,183,control,0,89,94,-4.776767253875732,-4.774112224578857,-0.002655029296875
4EX6A,183,control,0,100,83,-0.7346970438957214,-0.7360438704490662,0.0013468265533447266
4EX6A,183,control,0,112,71,-0.17825785279273987,-0.17834442853927612,8.657574653625488e-05
4EX6A,183,control,0,124,59,-4.4481916427612305,-4.441162109375,-0.007029533386230469
4EX6A,183,control,0,136,47,-2.4250245094299316,-2.424201250076294,-0.0008232593536376953
4EX6A,183,control,0,148,35,-1.0206027030944824,-1.021330714225769,0.0007280111312866211
4EX6A,183,control,0,207,24,-1.9351385831832886,-1.9345020055770874,-0.0006365776062011719
4EX6A,183,control,0,219,36,-2.4408321380615234,-2.44132399559021,0.0004918575286865234
4EX6A,183,control,0,231,48,-0.6442810893058777,-0.644621729850769,0.0003406405448913574
4EX6A,125,control,0,5,120,-0.1531452089548111,-0.153018981218338,-0.0001262277364730835
4EX6A,125,control,0,17,108,-1.4873569011688232,-1.4877711534500122,0.00041425228118896484
4EX6A,125,control,0,29,96,-0.2636343836784363,-0.2621689736843109,-0.0014654099941253662
4EX6A,125,control,0,41,84,-1.0768612623214722,-1.0760432481765747,-0.0008180141448974609
4EX6A,125,control,0,53,72,-2.1883065700531006,-2.186439037322998,-0.001867532730102539
4EX6A,125,control,0,65,60,-1.9265735149383545,-1.9273381233215332,0.0007646083831787109
4EX6A,125,control,0,77,48,-2.497633934020996,-2.497368812561035,-0.0002651214599609375
4EX6A,125,control,0,89,36,-4.776767253875732,-4.779211044311523,0.0024437904357910156
4EX6A,125,control,0,100,25,-0.7346970438957214,-0.7344747185707092,-0.00022232532501220703
4EX6A,125,control,0,159,34,-0.015844985842704773,-0.016043145209550858,0.0001981593668460846
4EX6A,125,control,0,171,46,-3.3106229305267334,-3.327547073364258,0.016924142837524414
4EX6A,125,control,0,183,58,-0.0018850667402148247,-0.001905888901092112,2.0822160877287388e-05
4EX6A,125,control,0,195,70,-0.02085285261273384,-0.02087351679801941,2.0664185285568237e-05
4EX6A,125,control,0,207,82,-1.9351385831832886,-1.9352121353149414,7.355213165283203e-05
4EX6A,125,control,0,219,94,-2.4408321380615234,-2.442491054534912,0.0016589164733886719
4EX6A,125,control,0,231,106,-0.6442810893058777,-0.6447169780731201,0.00043588876724243164
4EX6A,123,control,0,5,118,-0.1531452089548111,-0.15312393009662628,-2.1278858184814453e-05
4EX6A,123,control,0,17,106,-1.4873569011688232,-1.487431526184082,7.462501525878906e-05
4EX6A,123,control,0,29,94,-0.2636343836784363,-0.26427215337753296,0.0006377696990966797
4EX6A,123,control,0,41,82,-1.0768612623214722,-1.0774500370025635,0.0005887746810913086
4EX6A,123,control,0,53,70,-2.1883065700531006,-2.1876935958862305,-0.0006129741668701172
4EX6A,123,control,0,65,58,-1.9265735149383545,-1.9264285564422607,-0.00014495849609375
4EX6A,123,control,0,77,46,-2.497633934020996,-2.497730255126953,9.632110595703125e-05
4EX6A,123,control,0,89,34,-4.776767253875732,-4.776091575622559,-0.0006756782531738281
4EX6A,123,control,0,147,24,-2.112018585205078,-2.1130456924438477,0.0010271072387695312
4EX6A,123,control,0,159,36,-0.015844985842704773,-0.015961259603500366,0.00011627376079559326
4EX6A,123,control,0,171,48,-3.3106229305267334,-3.313298225402832,0.002675294876098633
4EX6A,123,control,0,183,60,-0.0018850667402148247,-0.0018891122890636325,4.045548848807812e-06
4EX6A,123,control,0,195,72,-0.02085285261273384,-0.020818060263991356,-3.4792348742485046e-05
4EX6A,123,control,0,207,84,-1.9351385831832886,-1.934626579284668,-0.0005120038986206055
4EX6A,123,control,0,219,96,-2.4408321380615234,-2.4411821365356445,0.00034999847412109375
4EX6A,123,control,0,231,108,-0.6442810893058777,-0.6448130011558533,0.0005319118499755859
4EX6A,149,control,0,5,144,-0.1531452089548111,-0.153043732047081,-0.00010147690773010254
4EX6A,149,control,0,17,132,-1.4873569011688232,-1.4877930879592896,0.0004361867904663086
4EX6A,149,control,0,29,120,-0.2636343836784363,-0.26343563199043274,-0.00019875168800354004
4EX6A,149,control,0,41,108,-1.0768612623214722,-1.0776163339614868,0.0007550716400146484
4EX6A,149,control,0,53,96,-2.1883065700531006,-2.186253070831299,-0.002053499221801758
4EX6A,149,control,0,65,84,-1.9265735149383545,-1.9255534410476685,-0.0010200738906860352
4EX6A,149,control,0,77,72,-2.497633934020996,-2.497741460800171,0.00010752677917480469
4EX6A,149,control,0,89,60,-4.776767253875732,-4.771050453186035,-0.005716800689697266
4EX6A,149,control,0,100,49,-0.7346970438957214,-0.7359614968299866,0.0012644529342651367
4EX6A,149,control,0,112,37,-0.17825785279273987,-0.17763425409793854,-0.0006235986948013306
4EX6A,149,control,0,124,25,-4.4481916427612305,-4.442026138305664,-0.006165504455566406
4EX6A,149,control,0,183,34,-0.0018850667402148247,-0.001888517290353775,3.450550138950348e-06
4EX6A,149,control,0,195,46,-0.02085285261273384,-0.020847130566835403,-5.7220458984375e-06
4EX6A,149,control,0,207,58,-1.9351385831832886,-1.933840036392212,-0.0012985467910766602
4EX6A,149,control,0,219,70,-2.4408321380615234,-2.4414548873901367,0.0006227493286132812
4EX6A,149,control,0,231,82,-0.6442810893058777,-0.6444235444068909,0.0001424551010131836
4EZIA,310,anchor_top1,1,10,300,-3.2852749824523926,-3.4311084747314453,0.14583349227905273
4EZIA,310,anchor_top1,1,30,280,-4.41560697555542,-4.433633327484131,0.018026351928710938
4EZIA,310,anchor_top1,1,51,259,-2.6888375282287598,-2.6856942176818848,-0.003143310546875
4EZIA,310,anchor_top1,1,72,238,-2.7011070251464844,-2.6946873664855957,-0.006419658660888672
4EZIA,310,anchor_top1,1,92,218,-3.4162259101867676,-3.241956949234009,-0.1742689609527588
4EZIA,310,anchor_top1,1,113,197,-0.805509090423584,-0.7996996641159058,-0.005809426307678223
4EZIA,310,anchor_top1,1,134,176,-1.600801706314087,-1.5975779294967651,-0.0032237768173217773
4EZIA,310,anchor_top1,1,154,156,-0.532166600227356,-0.5500170588493347,0.01785045862197876
4EZIA,310,anchor_top1,1,175,135,-4.100932598114014,-4.061564922332764,-0.03936767578125
4EZIA,310,anchor_top1,1,195,115,-1.3500186204910278,-1.2854735851287842,-0.06454503536224365
4EZIA,310,anchor_top1,1,216,94,-3.5144600868225098,-3.4481515884399414,-0.06630849838256836
4EZIA,310,anchor_top1,1,237,73,-3.3161330223083496,-3.295555830001831,-0.020577192306518555
4EZIA,310,anchor_top1,1,257,53,-4.937533378601074,-4.898875713348389,-0.03865766525268555
4EZIA,310,anchor_top1,1,278,32,-3.057286262512207,-3.181826114654541,0.12453985214233398
4EZIA,310,anchor_top1,1,346,36,-1.9482693672180176,-1.759393334388733,-0.18887603282928467
4EZIA,310,anchor_top1,1,366,56,-1.5241198539733887,-1.5020098686218262,-0.0221099853515625
4EZIA,77,anchor_top2,1,10,67,-3.2852749824523926,-2.9794106483459473,-0.3058643341064453
4EZIA,77,anchor_top2,1,30,47,-4.41560697555542,-4.354217529296875,-0.06138944625854492
4EZIA,77,anchor_top2,1,51,26,-2.6888375282287598,-2.6797146797180176,-0.009122848510742188
4EZIA,77,anchor_top2,1,119,42,-0.016344357281923294,-0.01629428006708622,-5.007721483707428e-05
4EZIA,77,anchor_top2,1,139,62,-1.3968162536621094,-1.4609707593917847,0.06415450572967529
4EZIA,77,anchor_top2,1,160,83,-1.4007562398910522,-1.328163743019104,-0.07259249687194824
4EZIA,77,anchor_top2,1,181,104,-0.8416072130203247,-0.8699759840965271,0.028368771076202393
4EZIA,77,anchor_top2,1,201,124,-4.400606155395508,-4.430060863494873,0.029454708099365234
4EZIA,77,anchor_top2,1,222,145,-1.3812732696533203,-1.343254804611206,-0.03801846504211426
4EZIA,77,anchor_top2,1,242,165,-0.19995452463626862,-0.19195188581943512,-0.008002638816833496
4EZIA,77,anchor_top2,1,263,186,-0.44990450143814087,-0.4579516649246216,0.008047163486480713
4EZIA,77,anchor_top2,1,284,207,-3.2974600791931152,-3.254899501800537,-0.042560577392578125
4EZIA,77,anchor_top2,1,304,227,-1.1624906063079834,-1.1547297239303589,-0.007760882377624512
4EZIA,77,anchor_top2,1,325,248,-1.317815899848938,-1.371894121170044,0.05407822132110596
4EZIA,77,anchor_top2,1,346,269,-1.9482693672180176,-2.0748462677001953,0.12657690048217773
4EZIA,77,anchor_top2,1,366,289,-1.5241198539733887,-1.4844096899032593,-0.039710164070129395
4EZIA,170,anchor_top3,1,10,160,-3.2852749824523926,-2.9210431575775146,-0.36423182487487793
4EZIA,170,anchor_top3,1,30,140,-4.41560697555542,-4.40416145324707,-0.01144552230834961
4EZIA,170,anchor_top3,1,51,119,-2.6888375282287598,-2.6927473545074463,0.0039098262786865234
4EZIA,170,anchor_top3,1,72,98,-2.7011070251464844,-2.7104921340942383,0.009385108947753906
4EZIA,170,anchor_top3,1,92,78,-3.4162259101867676,-3.4186391830444336,0.0024132728576660156
4EZIA,170,anchor_top3,1,113,57,-0.805509090423584,-0.7241423726081848,-0.08136671781539917
4EZIA,170,anchor_top3,1,134,36,-1.600801706314087,-1.5702418088912964,-0.030559897422790527
4EZIA,170,anchor_top3,1,201,31,-4.400606155395508,-4.513923645019531,0.11331748962402344
4EZIA,170,anchor_top3,1,222,52,-1.3812732696533203,-1.2170894145965576,-0.1641838550567627
4EZIA,170,anchor_top3,1,242,72,-0.19995452463626862,-0.1755426824092865,-0.024411842226982117
4EZIA,170,anchor_top3,1,263,93,-0.44990450143814087,-0.4595833122730255,0.009678810834884644
4EZIA,170,anchor_top3,1,284,114,-3.2974600791931152,-3.30953311920166,0.012073040008544922
4EZIA,170,anchor_top3,1,304,134,-1.1624906063079834,-1.14304518699646,-0.019445419311523438
4EZIA,170,anchor_top3,1,325,155,-1.317815899848938,-1.2602192163467407,-0.057596683502197266
4EZIA,170,anchor_top3,1,346,176,-1.9482693672180176,-2.0659217834472656,0.11765241622924805
4EZIA,170,anchor_top3,1,366,196,-1.5241198539733887,-1.553973913192749,0.02985405921936035
4EZIA,194,control,0,10,184,-3.2852749824523926,-3.2804484367370605,-0.004826545715332031
4EZIA,194,control,0,30,164,-4.41560697555542,-4.4151611328125,-0.0004458427429199219
4EZIA,194,control,0,51,143,-2.6888375282287598,-2.6889920234680176,0.0001544952392578125
4EZIA,194,control,0,72,122,-2.7011070251464844,-2.7010302543640137,-7.677078247070312e-05
4EZIA,194,control,0,92,102,-3.4162259101867676,-3.415414810180664,-0.0008111000061035156
4EZIA,194,control,0,113,81,-0.805509090423584,-0.8047394156455994,-0.0007696747779846191
4EZIA,194,control,0,134,60,-1.600801706314087,-1.6019922494888306,0.0011905431747436523
4EZIA,194,control,0,154,40,-0.532166600227356,-0.5326523780822754,0.0004857778549194336
4EZIA,194,control,0,222,28,-1.3812732696533203,-1.3755595684051514,-0.005713701248168945
4EZIA,194,control,0,242,48,-0.19995452463626862,-0.19984909892082214,-0.00010542571544647217
4EZIA,194,control,0,263,69,-0.44990450143814087,-0.44933634996414185,-0.0005681514739990234
4EZIA,194,control,0,284,90,-3.2974600791931152,-3.2993922233581543,0.0019321441650390625
4EZIA,194,control,0,304,110,-1.1624906063079834,-1.1627079248428345,0.00021731853485107422
4EZIA,194,control,0,325,131,-1.317815899848938,-1.3175671100616455,-0.00024878978729248047
4EZIA,194,control,0,346,152,-1.9482693672180176,-1.9480196237564087,-0.0002497434616088867
4EZIA,194,control,0,366,172,-1.5241198539733887,-1.5228949785232544,-0.0012248754501342773
4EZIA,16,control,0,50,34,-3.59902286529541,-3.6013715267181396,0.002348661422729492
4EZIA,16,control,0,71,55,-2.9739956855773926,-2.973489761352539,-0.0005059242248535156
4EZIA,16,control,0,92,76,-3.4162259101867676,-3.4158382415771484,-0.0003876686096191406
4EZIA,16,control,0,113,97,-0.805509090423584,-0.8045477271080017,-0.0009613633155822754
4EZIA,16,control,0,134,118,-1.600801706314087,-1.6015896797180176,0.0007879734039306641
4EZIA,16,control,0,155,139,-2.633293628692627,-2.6333208084106445,2.7179718017578125e-05
4EZIA,16,control,0,176,160,-3.6310110092163086,-3.631816864013672,0.0008058547973632812
4EZIA,16,control,0,197,181,-1.0665245056152344,-1.0674090385437012,0.0008845329284667969
4EZIA,16,control,0,219,203,-1.512819766998291,-1.5125606060028076,-0.00025916099548339844
4EZIA,16,control,0,240,224,-1.1236653327941895,-1.1233233213424683,-0.0003420114517211914
4EZIA,16,control,0,261,245,-1.1101770401000977,-1.1102001667022705,2.3126602172851562e-05
4EZIA,16,control,0,282,266,-3.7306036949157715,-3.7326953411102295,0.002091646194458008
4EZIA,16,control,0,303,287,-2.462383508682251,-2.462202548980713,-0.00018095970153808594
4EZIA,16,control,0,324,308,-4.070008277893066,-4.070089817047119,8.153915405273438e-05
4EZIA,16,control,0,345,329,-1.8342609405517578,-1.8343561887741089,9.524822235107422e-05
4EZIA,16,control,0,366,350,-1.5241198539733887,-1.523679494857788,-0.00044035911560058594
4EZIA,163,control,0,10,153,-3.2852749824523926,-3.281369209289551,-0.003905773162841797
4EZIA,163,control,0,30,133,-4.41560697555542,-4.415742874145508,0.00013589859008789062
4EZIA,163,control,0,51,112,-2.6888375282287598,-2.689093828201294,0.0002562999725341797
4EZIA,163,control,0,72,91,-2.7011070251464844,-2.699608325958252,-0.0014986991882324219
4EZIA,163,control,0,92,71,-3.4162259101867676,-3.415999174118042,-0.00022673606872558594
4EZIA,163,control,0,113,50,-0.805509090423584,-0.8022918105125427,-0.0032172799110412598
4EZIA,163,control,0,134,29,-1.600801706314087,-1.5994606018066406,-0.001341104507446289
4EZIA,163,control,0,201,38,-4.400606155395508,-4.400001525878906,-0.0006046295166015625
4EZIA,163,control,0,222,59,-1.3812732696533203,-1.3754030466079712,-0.005870223045349121
4EZIA,163,control,0,242,79,-0.19995452463626862,-0.20005476474761963,0.00010024011135101318
4EZIA,163,control,0,263,100,-0.44990450143814087,-0.44883498549461365,-0.0010695159435272217
4EZIA,163,control,0,284,121,-3.2974600791931152,-3.2991981506347656,0.0017380714416503906
4EZIA,163,control,0,304,141,-1.1624906063079834,-1.162192702293396,-0.00029790401458740234
4EZIA,163,control,0,325,162,-1.317815899848938,-1.3154891729354858,-0.0023267269134521484
4EZIA,163,control,0,346,183,-1.9482693672180176,-1.9516209363937378,0.003351569175720215
4EZIA,163,control,0,366,203,-1.5241198539733887,-1.524587631225586,0.0004677772521972656
4EZIA,312,control,0,10,302,-3.2852749824523926,-3.279280662536621,-0.005994319915771484
4EZIA,312,control,0,30,282,-4.41560697555542,-4.417285919189453,0.0016789436340332031
4EZIA,312,control,0,51,261,-2.6888375282287598,-2.6890861988067627,0.0002486705780029297
4EZIA,312,control,0,72,240,-2.7011070251464844,-2.7013537883758545,0.0002467632293701172
4EZIA,312,control,0,92,220,-3.4162259101867676,-3.4188036918640137,0.0025777816772460938
4EZIA,312,control,0,113,199,-0.805509090423584,-0.805720865726471,0.0002117753028869629
4EZIA,312,control,0,134,178,-1.600801706314087,-1.600098729133606,-0.000702977180480957
4EZIA,312,control,0,154,158,-0.532166600227356,-0.5323015451431274,0.00013494491577148438
4EZIA,312,control,0,175,137,-4.100932598114014,-4.104617595672607,0.00368499755859375
4EZIA,312,control,0,195,117,-1.3500186204910278,-1.3539330959320068,0.003914475440979004
4EZIA,312,control,0,216,96,-3.5144600868225098,-3.5137739181518555,-0.0006861686706542969
4EZIA,312,control,0,237,75,-3.3161330223083496,-3.3167591094970703,0.0006260871887207031
4EZIA,312,control,0,257,55,-4.937533378601074,-4.937225341796875,-0.00030803680419921875
4EZIA,312,control,0,278,34,-3.057286262512207,-3.057643413543701,0.0003571510314941406
4EZIA,312,control,0,346,34,-1.9482693672180176,-1.9375877380371094,-0.010681629180908203
4EZIA,312,control,0,366,54,-1.5241198539733887,-1.52227783203125,-0.0018420219421386719
4EZIA,62,control,0,10,52,-3.2852749824523926,-3.2826194763183594,-0.002655506134033203
4EZIA,62,control,0,30,32,-4.41560697555542,-4.413952350616455,-0.0016546249389648438
4EZIA,62,control,0,98,36,-3.8820180892944336,-3.879568576812744,-0.002449512481689453
4EZIA,62,control,0,119,57,-0.016344357281923294,-0.016381651163101196,3.729388117790222e-05
4EZIA,62,control,0,139,77,-1.3968162536621094,-1.3973654508590698,0.0005491971969604492
4EZIA,62,control,0,160,98,-1.4007562398910522,-1.4000718593597412,-0.0006843805313110352
4EZIA,62,control,0,181,119,-0.8416072130203247,-0.8426823019981384,0.0010750889778137207
4EZIA,62,control,0,201,139,-4.400606155395508,-4.401159286499023,0.000553131103515625
4EZIA,62,control,0,222,160,-1.3812732696533203,-1.3806402683258057,-0.0006330013275146484
4EZIA,62,control,0,242,180,-0.19995452463626862,-0.19967679679393768,-0.0002777278423309326
4EZIA,62,control,0,263,201,-0.44990450143814087,-0.44998249411582947,7.799267768859863e-05
4EZIA,62,control,0,284,222,-3.2974600791931152,-3.2966809272766113,-0.0007791519165039062
4EZIA,62,control,0,304,242,-1.1624906063079834,-1.1625697612762451,7.915496826171875e-05
4EZIA,62,control,0,325,263,-1.317815899848938,-1.3175915479660034,-0.0002243518829345703
4EZIA,62,control,0,346,284,-1.9482693672180176,-1.9510085582733154,0.0027391910552978516
4EZIA,62,control,0,366,304,-1.5241198539733887,-1.5230417251586914,-0.0010781288146972656
4ME3A,230,anchor_top1,1,6,224,-3.942422866821289,-3.9651341438293457,0.02271127700805664
4ME3A,230,anchor_top1,1,20,210,-2.164699077606201,-2.2823526859283447,0.11765360832214355
4ME3A,230,anchor_top1,1,34,196,-2.464367389678955,-2.4704301357269287,0.006062746047973633
4ME3A,230,anchor_top1,1,48,182,-0.8084094524383545,-0.8137161731719971,0.005306720733642578
4ME3A,230,anchor_top1,1,62,168,-4.381306171417236,-4.348456382751465,-0.032849788665771484
4ME3A,230,anchor_top1,1,75,155,-1.5257940292358398,-1.5811151266098022,0.0553210973739624
4ME3A,230,anchor_top1,1,89,141,-3.4869205951690674,-3.4878573417663574,0.0009367465972900391
4ME3A,230,anchor_top1,1,103,127,-5.163541316986084,-4.992861747741699,-0.17067956924438477
4ME3A,230,anchor_top1,1,117,113,-3.4771735668182373,-3.4483957290649414,-0.0287778377532959
4ME3A,230,anchor_top1,1,131,99,-0.3448399305343628,-0.3293115496635437,-0.015528380870819092
4ME3A,230,anchor_top1,1,145,85,-0.3206210732460022,-0.30797502398490906,-0.01264604926109314
4ME3A,230,anchor_top1,1,158,72,-2.4225547313690186,-2.442121744155884,0.019567012786865234
4ME3A,230,anchor_top1,1,172,58,-1.2275030612945557,-1.2497142553329468,0.022211194038391113
4ME3A,230,anchor_top1,1,186,44,-1.9807536602020264,-1.982568383216858,0.001814723014831543
4ME3A,230,anchor_top1,1,200,30,-0.018082179129123688,-0.01860816590487957,0.0005259867757558823
4ME3A,230,anchor_top1,1,261,31,-1.8571144342422485,-1.896960735321045,0.03984630107879639
4ME3A,127,anchor_top2,1,6,121,-3.942422866821289,-3.9407949447631836,-0.0016279220581054688
4ME3A,127,anchor_top2,1,20,107,-2.164699077606201,-2.477154016494751,0.3124549388885498
4ME3A,127,anchor_top2,1,34,93,-2.464367389678955,-2.4634008407592773,-0.0009665489196777344
4ME3A,127,anchor_top2,1,48,79,-0.8084094524383545,-0.8038342595100403,-0.004575192928314209
4ME3A,127,anchor_top2,1,62,65,-4.381306171417236,-4.41373348236084,0.032427310943603516
4ME3A,127,anchor_top2,1,75,52,-1.5257940292358398,-1.490082025527954,-0.03571200370788574
4ME3A,127,anchor_top2,1,89,38,-3.4869205951690674,-3.4911344051361084,0.004213809967041016
4ME3A,127,anchor_top2,1,103,24,-5.163541316986084,-5.331692695617676,0.1681513786315918
4ME3A,127,anchor_top2,1,164,37,-0.8132627010345459,-0.8017758727073669,-0.011486828327178955
4ME3A,127,anchor_top2,1,178,51,-2.850919008255005,-2.8659372329711914,0.015018224716186523
4ME3A,127,anchor_top2,1,192,65,-1.419480800628662,-1.4062228202819824,-0.013257980346679688
4ME3A,127,anchor_top2,1,205,78,-3.016106605529785,-2.988770008087158,-0.027336597442626953
4ME3A,127,anchor_top2,1,219,92,-4.213863849639893,-4.313228607177734,0.0993647575378418
4ME3A,127,anchor_top2,1,233,106,-0.5041780471801758,-0.5076064467430115,0.0034283995628356934
4ME3A,127,anchor_top2,1,247,120,-1.3603378534317017,-1.3522976636886597,-0.008040189743041992
4ME3A,127,anchor_top2,1,261,134,-1.8571144342422485,-2.0209999084472656,0.1638854742050171
4ME3A,75,anchor_top3,1,6,69,-3.942422866821289,-3.945420265197754,0.0029973983764648438
4ME3A,75,anchor_top3,1,20,55,-2.164699077606201,-2.1672163009643555,0.002517223358154297
4ME3A,75,anchor_top3,1,34,41,-2.464367389678955,-2.462108850479126,-0.0022585391998291016
4ME3A,75,anchor_top3,1,48,27,-0.8084094524383545,-0.807377278804779,-0.0010321736335754395
4ME3A,75,anchor_top3,1,109,34,-3.708672046661377,-3.7049858570098877,-0.003686189651489258
4ME3A,75,anchor_top3,1,122,47,-0.22656890749931335,-0.22718952596187592,0.000620618462562561
4ME3A,75,anchor_top3,1,136,61,-4.018364429473877,-4.01732873916626,-0.0010356903076171875
4ME3A,75,anchor_top3,1,150,75,-3.543179512023926,-3.545706033706665,0.002526521682739258
4ME3A,75,anchor_top3,1,164,89,-0.8132627010345459,-0.8118061423301697,-0.0014565587043762207
4ME3A,75,anchor_top3,1,178,103,-2.850919008255005,-2.853119134902954,0.0022001266479492188
4ME3A,75,anchor_top3,1,192,117,-1.419480800628662,-1.4211405515670776,0.0016597509384155273
4ME3A,75,anchor_top3,1,205,130,-3.016106605529785,-3.0122408866882324,-0.0038657188415527344
4ME3A,75,anchor_top3,1,219,144,-4.213863849639893,-4.216034889221191,0.002171039581298828
4ME3A,75,anchor_top3,1,233,158,-0.5041780471801758,-0.5041959285736084,1.7881393432617188e-05
4ME3A,75,anchor_top3,1,247,172,-1.3603378534317017,-1.3607896566390991,0.00045180320739746094
4ME3A,75,anchor_top3,1,261,186,-1.8571144342422485,-1.8573269844055176,0.00021255016326904297
4ME3A,231,control,0,6,225,-3.942422866821289,-3.9423418045043945,-8.106231689453125e-05
4ME3A,231,control,0,20,211,-2.164699077606201,-2.161308526992798,-0.0033905506134033203
4ME3A,231,control,0,34,197,-2.464367389678955,-2.4651825428009033,0.0008151531219482422
4ME3A,231,control,0,48,183,-0.8084094524383545,-0.8080032467842102,-0.0004062056541442871
4ME3A,231,control,0,62,169,-4.381306171417236,-4.381246566772461,-5.9604644775390625e-05
4ME3A,231,control,0,75,156,-1.5257940292358398,-1.525493860244751,-0.0003001689910888672
4ME3A,231,control,0,89,142,-3.4869205951690674,-3.4870004653930664,7.987022399902344e-05
4ME3A,231,control,0,103,128,-5.163541316986084,-5.164306163787842,0.0007648468017578125
4ME3A,231,control,0,117,114,-3.4771735668182373,-3.4776406288146973,0.00046706199645996094
4ME3A,231,control,0,131,100,-0.3448399305343628,-0.34495896100997925,0.00011903047561645508
4ME3A,231,control,0,145,86,-0.3206210732460022,-0.3207128643989563,9.179115295410156e-05
4ME3A,231,control,0,158,73,-2.4225547313690186,-2.4231152534484863,0.0005605220794677734
4ME3A,231,control,0,172,59,-1.2275030612945557,-1.2274857759475708,-1.728534698486328e-05
4ME3A,231,control,0,186,45,-1.9807536602020264,-1.9781889915466309,-0.002564668655395508
4ME3A,231,control,0,200,31,-0.018082179129123688,-0.01806391403079033,-1.8265098333358765e-05
4ME3A,231,control,0,261,30,-1.8571144342422485,-1.8484125137329102,-0.008701920509338379
4ME3A,130,control,0,6,124,-3.942422866821289,-3.9426088333129883,0.00018596649169921875
4ME3A,130,control,0,20,110,-2.164699077606201,-2.155579090118408,-0.009119987487792969
4ME3A,130,control,0,34,96,-2.464367389678955,-2.464735507965088,0.0003681182861328125
4ME3A,130,control,0,48,82,-0.8084094524383545,-0.8080441355705261,-0.00036531686782836914
4ME3A,130,control,0,62,68,-4.381306171417236,-4.382492542266846,0.001186370849609375
4ME3A,130,control,0,75,55,-1.5257940292358398,-1.5247418880462646,-0.0010521411895751953
4ME3A,130,control,0,89,41,-3.4869205951690674,-3.4870715141296387,0.00015091896057128906
4ME3A,130,control,0,103,27,-5.163541316986084,-5.164700508117676,0.0011591911315917969
4ME3A,130,control,0,164,34,-0.8132627010345459,-0.8133257031440735,6.300210952758789e-05
4ME3A,130,control,0,178,48,-2.850919008255005,-2.853494644165039,0.0025756359100341797
4ME3A,130,control,0,192,62,-1.419480800628662,-1.420353651046753,0.0008728504180908203
4ME3A,130,control,0,205,75,-3.016106605529785,-3.0150272846221924,-0.0010793209075927734
4ME3A,130,control,0,219,89,-4.213863849639893,-4.2117815017700195,-0.002082347869873047
4ME3A,130,control,0,233,103,-0.5041780471801758,-0.5046781897544861,0.0005001425743103027
4ME3A,130,control,0,247,117,-1.3603378534317017,-1.360429048538208,9.119510650634766e-05
4ME3A,130,control,0,261,131,-1.8571144342422485,-1.8569614887237549,-0.00015294551849365234
4ME3A,164,control,0,6,158,-3.942422866821289,-3.9423739910125732,-4.887580871582031e-05
4ME3A,164,control,0,20,144,-2.164699077606201,-2.1611080169677734,-0.0035910606384277344
4ME3A,164,control,0,34,130,-2.464367389678955,-2.463942766189575,-0.0004246234893798828
4ME3A,164,control,0,48,116,-0.8084094524383545,-0.8084809184074402,7.146596908569336e-05
4ME3A,164,control,0,62,102,-4.381306171417236,-4.38007926940918,-0.0012269020080566406
4ME3A,164,control,0,75,89,-1.5257940292358398,-1.5242128372192383,-0.0015811920166015625
4ME3A,164,control,0,89,75,-3.4869205951690674,-3.4870381355285645,0.00011754035949707031
4ME3A,164,control,0,103,61,-5.163541316986084,-5.17282247543335,0.009281158447265625
4ME3A,164,control,0,117,47,-3.4771735668182373,-3.476708173751831,-0.00046539306640625
4ME3A,164,control,0,131,33,-0.3448399305343628,-0.34390348196029663,-0.0009364485740661621
4ME3A,164,control,0,192,28,-1.419480800628662,-1.4205577373504639,0.0010769367218017578
4ME3A,164,control,0,205,41,-3.016106605529785,-3.014875888824463,-0.0012307167053222656
4ME3A,164,control,0,219,55,-4.213863849639893,-4.215378284454346,0.001514434814453125
4ME3A,164,control,0,233,69,-0.5041780471801758,-0.5040759444236755,-0.00010210275650024414
4ME3A,164,control,0,247,83,-1.3603378534317017,-1.360693335533142,0.0003554821014404297
4ME3A,164,control,0,261,97,-1.8571144342422485,-1.8618433475494385,0.004728913307189941
4ME3A,119,control,0,6,113,-3.942422866821289,-3.9435486793518066,0.0011258125305175781
4ME3A,119,control,0,20,99,-2.164699077606201,-2.1707286834716797,0.006029605865478516
4ME3A,119,control,0,34,85,-2.464367389678955,-2.464294910430908,-7.2479248046875e-05
4ME3A,119,control,0,48,71,-0.8084094524383545,-0.8079420328140259,-0.0004674196243286133
4ME3A,119,control,0,62,57,-4.381306171417236,-4.381021499633789,-0.0002846717834472656
4ME3A,119,control,0,75,44,-1.5257940292358398,-1.5254120826721191,-0.0003819465637207031
4ME3A,119,control,0,89,30,-3.4869205951690674,-3.487086772918701,0.00016617774963378906
4ME3A,119,control,0,150,31,-3.543179512023926,-3.544250726699829,0.0010712146759033203
4ME3A,119,control,0,164,45,-0.8132627010345459,-0.8137145638465881,0.00045186281204223633
4ME3A,119,control,0,178,59,-2.850919008255005,-2.85042405128479,-0.0004949569702148438
4ME3A,119,control,0,192,73,-1.419480800628662,-1.420192837715149,0.0007120370864868164
4ME3A,119,control,0,205,86,-3.016106605529785,-3.0159130096435547,-0.00019359588623046875
4ME3A,119,control,0,219,100,-4.213863849639893,-4.2151198387146,0.0012559890747070312
4ME3A,119,control,0,233,114,-0.5041780471801758,-0.5047576427459717,0.0005795955657958984
4ME3A,119,control,0,247,128,-1.3603378534317017,-1.3617608547210693,0.0014230012893676758
4ME3A,119,control,0,261,142,-1.8571144342422485,-1.8555681705474854,-0.0015462636947631836
4ME3A,41,control,0,6,35,-3.942422866821289,-3.9418225288391113,-0.0006003379821777344
4ME3A,41,control,0,67,26,-2.396516799926758,-2.397454261779785,0.0009374618530273438
4ME3A,41,control,0,81,40,-3.249358892440796,-3.249427556991577,6.866455078125e-05
4ME3A,41,control,0,95,54,-2.5623598098754883,-2.564908027648926,0.0025482177734375
4ME3A,41,control,0,109,68,-3.708672046661377,-3.708892345428467,0.00022029876708984375
4ME3A,41,control,0,122,81,-0.22656890749931335,-0.22676989436149597,0.0002009868621826172
4ME3A,41,control,0,136,95,-4.018364429473877,-4.019742012023926,0.0013775825500488281
4ME3A,41,control,0,150,109,-3.543179512023926,-3.5429375171661377,-0.00024199485778808594
4ME3A,41,control,0,164,123,-0.8132627010345459,-0.8127459287643433,-0.0005167722702026367
4ME3A,41,control,0,178,137,-2.850919008255005,-2.8506808280944824,-0.00023818016052246094
4ME3A,41,control,0,192,151,-1.419480800628662,-1.4195624589920044,8.165836334228516e-05
4ME3A,41,control,0,205,164,-3.016106605529785,-3.016056776046753,-4.982948303222656e-05
4ME3A,41,control,0,219,178,-4.213863849639893,-4.214574813842773,0.0007109642028808594
4ME3A,41,control,0,233,192,-0.5041780471801758,-0.504295289516449,0.00011724233627319336
4ME3A,41,control,0,247,206,-1.3603378534317017,-1.3607820272445679,0.00044417381286621094
4ME3A,41,control,0,261,220,-1.8571144342422485,-1.8571871519088745,7.271766662597656e-05
4N9WA,269,anchor_top1,1,10,259,-0.10956577956676483,-0.1175791397690773,0.00801336020231247
4N9WA,269,anchor_top1,1,32,237,-0.43869319558143616,-0.45710644125938416,0.018413245677947998
4N9WA,269,anchor_top1,1,53,216,-0.8532134294509888,-0.857434868812561,0.004221439361572266
4N9WA,269,anchor_top1,1,75,194,-0.5008427500724792,-0.4793378412723541,-0.021504908800125122
4N9WA,269,anchor_top1,1,96,173,-1.5667152404785156,-1.5711462497711182,0.004431009292602539
4N9WA,269,anchor_top1,1,117,152,-0.0657212883234024,-0.06351064890623093,-0.0022106394171714783
4N9WA,269,anchor_top1,1,139,130,-1.4196735620498657,-1.4497836828231812,0.03011012077331543
4N9WA,269,anchor_top1,1,160,109,-0.7848819494247437,-0.8021097779273987,0.01722782850265503
4N9WA,269,anchor_top1,1,182,87,-1.2472681999206543,-1.2149465084075928,-0.03232169151306152
4N9WA,269,anchor_top1,1,203,66,-0.7191713452339172,-0.6550887227058411,-0.06408262252807617
4N9WA,269,anchor_top1,1,225,44,-2.7709596157073975,-2.849039316177368,0.0780797004699707
4N9WA,269,anchor_top1,1,293,24,-0.7197468280792236,-0.6941497325897217,-0.025597095489501953
4N9WA,269,anchor_top1,1,314,45,-1.0148032903671265,-1.0830937623977661,0.06829047203063965
4N9WA,269,anchor_top1,1,336,67,-0.0982530415058136,-0.10022200644016266,0.00196896493434906
4N9WA,269,anchor_top1,1,357,88,-1.9815781116485596,-1.9579319953918457,-0.023646116256713867
4N9WA,269,anchor_top1,1,379,110,-1.8564549684524536,-1.8613922595977783,0.004937291145324707
4N9WA,293,anchor_top2,1,10,283,-0.10956577956676483,-0.10774862766265869,-0.0018171519041061401
4N9WA,293,anchor_top2,1,32,261,-0.43869319558143616,-0.43788960576057434,-0.0008035898208618164
4N9WA,293,anchor_top2,1,53,240,-0.8532134294509888,-0.8560488224029541,0.002835392951965332
4N9WA,293,anchor_top2,1,75,218,-0.5008427500724792,-0.49424415826797485,-0.0065985918045043945
4N9WA,293,anchor_top2,1,96,197,-1.5667152404785156,-1.5540671348571777,-0.01264810562133789
4N9WA,293,anchor_top2,1,117,176,-0.0657212883234024,-0.06598033756017685,0.0002590492367744446
4N9WA,293,anchor_top2,1,139,154,-1.4196735620498657,-1.4266831874847412,0.007009625434875488
4N9WA,293,anchor_top2,1,160,133,-0.7848819494247437,-0.7820619940757751,-0.002819955348968506
4N9WA,293,anchor_top2,1,182,111,-1.2472681999206543,-1.2664462327957153,0.019178032875061035
4N9WA,293,anchor_top2,1,203,90,-0.7191713452339172,-0.7377751469612122,0.018603801727294922
4N9WA,293,anchor_top2,1,225,68,-2.7709596157073975,-2.768317222595215,-0.002642393112182617
4N9WA,293,anchor_top2,1,246,47,-1.6600902080535889,-1.6633696556091309,0.003279447555541992
4N9WA,293,anchor_top2,1,267,26,-1.261396884918213,-1.275711178779602,0.01431429386138916
4N9WA,293,anchor_top2,1,336,43,-0.0982530415058136,-0.09938156604766846,0.0011285245418548584
4N9WA,293,anchor_top2,1,357,64,-1.9815781116485596,-1.9720669984817505,-0.009511113166809082
4N9WA,293,anchor_top2,1,379,86,-1.8564549684524536,-1.8997437953948975,0.04328882694244385
4N9WA,286,anchor_top3,1,10,276,-0.10956577956676483,-0.09885396808385849,-0.010711811482906342
4N9WA,286,anchor_top3,1,32,254,-0.43869319558143616,-0.427387535572052,-0.011305660009384155
4N9WA,286,anchor_top3,1,53,233,-0.8532134294509888,-0.7745887637138367,-0.0786246657371521
4N9WA,286,anchor_top3,1,75,211,-0.5008427500724792,-0.5076810717582703,0.006838321685791016
4N9WA,286,anchor_top3,1,96,190,-1.5667152404785156,-1.5753750801086426,0.008659839630126953
4N9WA,286,anchor_top3,1,117,169,-0.0657212883234024,-0.06757881492376328,0.0018575266003608704
4N9WA,286,anchor_top3,1,139,147,-1.4196735620498657,-1.3660753965377808,-0.05359816551208496
4N9WA,286,anchor_top3,1,160,126,-0.7848819494247437,-0.7998444437980652,0.014962494373321533
4N9WA,286,anchor_top3,1,182,104,-1.2472681999206543,-1.1858007907867432,-0.06146740913391113
4N9WA,286,anchor_top3,1,203,83,-0.7191713452339172,-0.601889431476593,-0.11728191375732422
4N9WA,286,anchor_top3,1,225,61,-2.7709596157073975,-2.7635040283203125,-0.007455587387084961
4N9WA,286,anchor_top3,1,246,40,-1.6600902080535889,-1.6441879272460938,-0.015902280807495117
4N9WA,286,anchor_top3,1,314,28,-1.0148032903671265,-1.0451949834823608,0.030391693115234375
4N9WA,286,anchor_top3,1,336,50,-0.0982530415058136,-0.09779252111911774,-0.0004605203866958618
4N9WA,286,anchor_top3,1,357,71,-1.9815781116485596,-1.9902161359786987,0.00863802433013916
4N9WA,286,anchor_top3,1,379,93,-1.8564549684524536,-1.858062744140625,0.0016077756881713867
4N9WA,173,control,0,10,163,-0.10956577956676483,-0.10946481674909592,-0.0001009628176689148
4N9WA,173,control,0,32,141,-0.43869319558143616,-0.43835020065307617,-0.00034299492835998535
4N9WA,173,control,0,53,120,-0.8532134294509888,-0.8536207675933838,0.00040733814239501953
4N9WA,173,control,0,75,98,-0.5008427500724792,-0.5017807483673096,0.0009379982948303223
4N9WA,173,control,0,96,77,-1.5667152404785156,-1.5663020610809326,-0.0004131793975830078
4N9WA,173,control,0,117,56,-0.0657212883234024,-0.06550303101539612,-0.00021825730800628662
4N9WA,173,control,0,139,34,-1.4196735620498657,-1.4190070629119873,-0.000666499137878418
4N9WA,173,control,0,207,34,-3.8641197681427,-3.8642947673797607,0.00017499923706054688
4N9WA,173,control,0,229,56,-3.280146837234497,-3.285038948059082,0.004892110824584961
4N9WA,173,control,0,250,77,-0.18551725149154663,-0.18540316820144653,-0.00011408329010009766
4N9WA,173,control,0,272,99,-0.004753835499286652,-0.004758106544613838,4.2710453271865845e-06
4N9WA,173,control,0,293,120,-0.7197468280792236,-0.7200759649276733,0.00032913684844970703
4N9WA,173,control,0,314,141,-1.0148032903671265,-1.0154017210006714,0.0005984306335449219
4N9WA,173,control,0,336,163,-0.0982530415058136,-0.09816303104162216,-9.001046419143677e-05
4N9WA,173,control,0,357,184,-1.9815781116485596,-1.9819504022598267,0.00037229061126708984
4N9WA,173,control,0,379,206,-1.8564549684524536,-1.8563002347946167,-0.00015473365783691406
4N9WA,10,control,0,45,35,-4.297307014465332,-4.312776565551758,0.015469551086425781
4N9WA,10,control,0,67,57,-0.01281808689236641,-0.012817616574466228,-4.7031790018081665e-07
4N9WA,10,control,0,89,79,-0.6360694169998169,-0.636847198009491,0.0007777810096740723
4N9WA,10,control,0,111,101,-1.4017863273620605,-1.3999460935592651,-0.0018402338027954102
4N9WA,10,control,0,134,124,-3.5498135089874268,-3.5480265617370605,-0.001786947250366211
4N9WA,10,control,0,156,146,-2.3663554191589355,-2.3665099143981934,0.0001544952392578125
4N9WA,10,control,0,178,168,-0.6302238702774048,-0.630436360836029,0.00021249055862426758
4N9WA,10,control,0,200,190,-2.7935142517089844,-2.7922511100769043,-0.0012631416320800781
4N9WA,10,control,0,223,213,-0.2144429236650467,-0.21436423063278198,-7.869303226470947e-05
4N9WA,10,control,0,245,235,-0.5556764602661133,-0.5557780265808105,0.00010156631469726562
4N9WA,10,control,0,267,257,-1.261396884918213,-1.2604354619979858,-0.0009614229202270508
4N9WA,10,control,0,289,279,-0.29287609457969666,-0.2931268811225891,0.00025078654289245605
4N9WA,10,control,0,312,302,-1.5240490436553955,-1.524046778678894,-2.2649765014648438e-06
4N9WA,10,control,0,334,324,-3.89837646484375,-3.8983495235443115,-2.6941299438476562e-05
4N9WA,10,control,0,356,346,-2.5658059120178223,-2.565504312515259,-0.00030159950256347656
4N9WA,10,control,0,378,368,-1.7767525911331177,-1.7766547203063965,-9.78708267211914e-05
4N9WA,42,control,0,10,32,-0.10956577956676483,-0.10890637338161469,-0.0006594061851501465
4N9WA,42,control,0,79,37,-4.1038079261779785,-4.103461265563965,-0.0003466606140136719
4N9WA,42,control,0,100,58,-4.98631477355957,-4.991886615753174,0.005571842193603516
4N9WA,42,control,0,122,80,-0.7423359751701355,-0.7454182505607605,0.003082275390625
4N9WA,42,control,0,143,101,-1.0223814249038696,-1.0231812000274658,0.0007997751235961914
4N9WA,42,control,0,164,122,-3.8287882804870605,-3.8268380165100098,-0.0019502639770507812
4N9WA,42,control,0,186,144,-1.208911657333374,-1.209699034690857,0.0007873773574829102
4N9WA,42,control,0,207,165,-3.8641197681427,-3.864158868789673,3.910064697265625e-05
4N9WA,42,control,0,229,187,-3.280146837234497,-3.278881072998047,-0.0012657642364501953
4N9WA,42,control,0,250,208,-0.18551725149154663,-0.18545714020729065,-6.0111284255981445e-05
4N9WA,42,control,0,272,230,-0.004753835499286652,-0.004756327252835035,2.4917535483837128e-06
4N9WA,42,control,0,293,251,-0.7197468280792236,-0.7196146845817566,-0.00013214349746704102
4N9WA,42,control,0,314,272,-1.0148032903671265,-1.0152623653411865,0.0004590749740600586
4N9WA,42,control,0,336,294,-0.0982530415058136,-0.09827282279729843,1.9781291484832764e-05
4N9WA,42,control,0,357,315,-1.9815781116485596,-1.9812415838241577,-0.00033652782440185547
4N9WA,42,control,0,379,337,-1.8564549684524536,-1.8563594818115234,-9.548664093017578e-05
4N9WA,295,control,0,10,285,-0.10956577956676483,-0.10974974185228348,0.00018396228551864624
4N9WA,295,control,0,32,263,-0.43869319558143616,-0.4386809766292572,-1.2218952178955078e-05
4N9WA,295,control,0,53,242,-0.8532134294509888,-0.8534840941429138,0.00027066469192504883
4N9WA,295,control,0,75,220,-0.5008427500724792,-0.5000896453857422,-0.0007531046867370605
4N9WA,295,control,0,96,199,-1.5667152404785156,-1.566914677619934,0.00019943714141845703
4N9WA,295,control,0,117,178,-0.0657212883234024,-0.06570710986852646,-1.4178454875946045e-05
4N9WA,295,control,0,139,156,-1.4196735620498657,-1.419537901878357,-0.00013566017150878906
4N9WA,295,control,0,160,135,-0.7848819494247437,-0.7847698330879211,-0.00011211633682250977
4N9WA,295,control,0,182,113,-1.2472681999206543,-1.2470282316207886,-0.00023996829986572266
4N9WA,295,control,0,203,92,-0.7191713452339172,-0.7202009558677673,0.0010296106338500977
4N9WA,295,control,0,225,70,-2.7709596157073975,-2.774125576019287,0.0031659603118896484
4N9WA,295,control,0,246,49,-1.6600902080535889,-1.659841537475586,-0.0002486705780029297
4N9WA,295,control,0,267,28,-1.261396884918213,-1.2598708868026733,-0.0015259981155395508
4N9WA,295,control,0,336,41,-0.0982530415058136,-0.09813029319047928,-0.00012274831533432007
4N9WA,295,control,0,357,62,-1.9815781116485596,-1.9812942743301392,-0.00028383731842041016
4N9WA,295,control,0,379,84,-1.8564549684524536,-1.8566721677780151,0.00021719932556152344
4N9WA,268,control,0,10,258,-0.10956577956676483,-0.10949184745550156,-7.393211126327515e-05
4N9WA,268,control,0,32,236,-0.43869319558143616,-0.43874046206474304,4.7266483306884766e-05
4N9WA,268,control,0,53,215,-0.8532134294509888,-0.8532305955886841,1.71661376953125e-05
4N9WA,268,control,0,75,193,-0.5008427500724792,-0.5009750127792358,0.0001322627067565918
4N9WA,268,control,0,96,172,-1.5667152404785156,-1.5669667720794678,0.00025153160095214844
4N9WA,268,control,0,117,151,-0.0657212883234024,-0.06571034342050552,-1.0944902896881104e-05
4N9WA,268,control,0,139,129,-1.4196735620498657,-1.4198572635650635,0.0001837015151977539
4N9WA,268,control,0,160,108,-0.7848819494247437,-0.7848805785179138,-1.3709068298339844e-06
4N9WA,268,control,0,182,86,-1.2472681999206543,-1.2483707666397095,0.0011025667190551758
4N9WA,268,control,0,203,65,-0.7191713452339172,-0.7192350029945374,6.365776062011719e-05
4N9WA,268,control,0,225,43,-2.7709596157073975,-2.7685024738311768,-0.002457141876220703
4N9WA,268,control,0,293,25,-0.7197468280792236,-0.7186229825019836,-0.0011238455772399902
4N9WA,268,control,0,314,46,-1.0148032903671265,-1.0147395133972168,-6.377696990966797e-05
4N9WA,268,control,0,336,68,-0.0982530415058136,-0.09844093024730682,0.0001878887414932251
4N9WA,268,control,0,357,89,-1.9815781116485596,-1.98149573802948,-8.237361907958984e-05
4N9WA,268,control,0,379,111,-1.8564549684524536,-1.8564122915267944,-4.267692565917969e-05
4OY3A,73,anchor_top1,1,5,68,-0.1500445306301117,-0.1486554890871048,-0.001389041543006897
4OY3A,73,anchor_top1,1,17,56,-2.3024964332580566,-2.4060165882110596,0.10352015495300293
4OY3A,73,anchor_top1,1,28,45,-1.2031404972076416,-1.261535882949829,0.0583953857421875
4OY3A,73,anchor_top1,1,40,33,-3.2064766883850098,-3.191343069076538,-0.01513361930847168
4OY3A,73,anchor_top1,1,98,25,-0.5739110708236694,-0.7230879068374634,0.14917683601379395
4OY3A,73,anchor_top1,1,110,37,-0.5932201743125916,-0.6284687519073486,0.03524857759475708
4OY3A,73,anchor_top1,1,121,48,-2.028374671936035,-2.176485776901245,0.14811110496520996
4OY3A,73,anchor_top1,1,133,60,-0.5078956484794617,-0.546077311038971,0.03818166255950928
4OY3A,73,anchor_top1,1,144,71,-0.5438690781593323,-0.547369658946991,0.0035005807876586914
4OY3A,73,anchor_top1,1,156,83,-0.42312783002853394,-0.41501232981681824,-0.008115500211715698
4OY3A,73,anchor_top1,1,167,94,-0.20425888895988464,-0.18835097551345825,-0.01590791344642639
4OY3A,73,anchor_top1,1,179,106,-0.7253757119178772,-0.6919999718666077,-0.03337574005126953
4OY3A,73,anchor_top1,1,190,117,-1.6088390350341797,-1.3670806884765625,-0.2417583465576172
4OY3A,73,anchor_top1,1,202,129,-0.9996750950813293,-1.009294033050537,0.009618937969207764
4OY3A,73,anchor_top1,1,213,140,-1.299635648727417,-1.3238468170166016,0.02421116828918457
4OY3A,73,anchor_top1,1,225,152,-3.1326754093170166,-3.144132614135742,0.011457204818725586
4OY3A,193,anchor_top2,1,5,188,-0.1500445306301117,-0.15461769700050354,0.004573166370391846
4OY3A,193,anchor_top2,1,17,176,-2.3024964332580566,-2.2732324600219727,-0.029263973236083984
4OY3A,193,anchor_top2,1,28,165,-1.2031404972076416,-1.1806191205978394,-0.022521376609802246
4OY3A,193,anchor_top2,1,40,153,-3.2064766883850098,-3.167959451675415,-0.03851723670959473
4OY3A,193,anchor_top2,1,51,142,-2.584181785583496,-2.5242514610290527,-0.05993032455444336
4OY3A,193,anchor_top2,1,63,130,-1.9934018850326538,-1.973364233970642,-0.02003765106201172
4OY3A,193,anchor_top2,1,74,119,-1.6549620628356934,-1.6564874649047852,0.0015254020690917969
4OY3A,193,anchor_top2,1,86,107,-0.248342826962471,-0.2571612596511841,0.008818432688713074
4OY3A,193,anchor_top2,1,97,96,-0.8159605860710144,-0.8811492323875427,0.06518864631652832
4OY3A,193,anchor_top2,1,109,84,-3.067439556121826,-3.085453987121582,0.01801443099975586
4OY3A,193,anchor_top2,1,120,73,-1.4160679578781128,-1.419172763824463,0.0031048059463500977
4OY3A,193,anchor_top2,1,132,61,-0.8583674430847168,-0.8539925217628479,-0.0043749213218688965
4OY3A,193,anchor_top2,1,143,50,-1.5111039876937866,-1.5037641525268555,-0.007339835166931152
4OY3A,193,anchor_top2,1,155,38,-3.9474596977233887,-3.909099578857422,-0.0383601188659668
4OY3A,193,anchor_top2,1,166,27,-2.741213798522949,-2.770296573638916,0.029082775115966797
4OY3A,193,anchor_top2,1,225,32,-3.1326754093170166,-3.1146011352539062,-0.01807427406311035
4OY3A,6,anchor_top3,1,36,30,-2.407458782196045,-2.4385876655578613,0.031128883361816406
4OY3A,6,anchor_top3,1,48,42,-1.1047664880752563,-1.1016438007354736,-0.003122687339782715
4OY3A,6,anchor_top3,1,61,55,-0.8718565106391907,-0.8731545209884644,0.0012980103492736816
4OY3A,6,anchor_top3,1,73,67,-1.097043752670288,-1.0961856842041016,-0.0008580684661865234
4OY3A,6,anchor_top3,1,86,80,-0.248342826962471,-0.24873025715351105,0.00038743019104003906
4OY3A,6,anchor_top3,1,99,93,-0.42559146881103516,-0.43563902378082275,0.010047554969787598
4OY3A,6,anchor_top3,1,111,105,-2.4350061416625977,-2.425175189971924,-0.009830951690673828
4OY3A,6,anchor_top3,1,124,118,-3.919126272201538,-3.918126106262207,-0.0010001659393310547
4OY3A,6,anchor_top3,1,136,130,-2.852435827255249,-2.852910041809082,0.0004742145538330078
4OY3A,6,anchor_top3,1,149,143,-0.4830181300640106,-0.4810275435447693,-0.001990586519241333
4OY3A,6,anchor_top3,1,161,155,-1.2782666683197021,-1.277043342590332,-0.0012233257293701172
4OY3A,6,anchor_top3,1,174,168,-0.0014454403426498175,-0.0014618673594668508,1.642701681703329e-05
4OY3A,6,anchor_top3,1,187,181,-1.5429480075836182,-1.5415271520614624,-0.0014208555221557617
4OY3A,6,anchor_top3,1,199,193,-0.9329153895378113,-0.9370332956314087,0.004117906093597412
4OY3A,6,anchor_top3,1,212,206,-1.8949480056762695,-1.8844521045684814,-0.010495901107788086
4OY3A,6,anchor_top3,1,224,218,-2.7283382415771484,-2.763800621032715,0.035462379455566406
4OY3A,147,control,0,5,142,-0.1500445306301117,-0.15001794695854187,-2.658367156982422e-05
4OY3A,147,control,0,17,130,-2.3024964332580566,-2.302687883377075,0.0001914501190185547
4OY3A,147,control,0,28,119,-1.2031404972076416,-1.2027640342712402,-0.0003764629364013672
4OY3A,147,control,0,40,107,-3.2064766883850098,-3.2066445350646973,0.0001678466796875
4OY3A,147,control,0,51,96,-2.584181785583496,-2.5845377445220947,0.0003559589385986328
4OY3A,147,control,0,63,84,-1.9934018850326538,-1.9934775829315186,7.56978988647461e-05
4OY3A,147,control,0,74,73,-1.6549620628356934,-1.6539703607559204,-0.0009917020797729492
4OY3A,147,control,0,86,61,-0.248342826962471,-0.2485765963792801,0.00023376941680908203
4OY3A,147,control,0,97,50,-0.8159605860710144,-0.8144792318344116,-0.0014813542366027832
4OY3A,147,control,0,109,38,-3.067439556121826,-3.067707061767578,0.0002675056457519531
4OY3A,147,control,0,120,27,-1.4160679578781128,-1.4186519384384155,0.0025839805603027344
4OY3A,147,control,0,179,32,-0.7253757119178772,-0.7260117530822754,0.0006360411643981934
4OY3A,147,control,0,190,43,-1.6088390350341797,-1.6110305786132812,0.0021915435791015625
4OY3A,147,control,0,202,55,-0.9996750950813293,-0.9995988011360168,-7.62939453125e-05
4OY3A,147,control,0,213,66,-1.299635648727417,-1.2995078563690186,-0.0001277923583984375
4OY3A,147,control,0,225,78,-3.1326754093170166,-3.133098602294922,0.00042319297790527344
4OY3A,72,control,0,5,67,-0.1500445306301117,-0.1490325927734375,-0.0010119378566741943
4OY3A,72,control,0,17,55,-2.3024964332580566,-2.3013601303100586,-0.0011363029479980469
4OY3A,72,control,0,28,44,-1.2031404972076416,-1.2046908140182495,0.0015503168106079102
4OY3A,72,control,0,40,32,-3.2064766883850098,-3.205676555633545,-0.0008001327514648438
4OY3A,72,control,0,98,26,-0.5739110708236694,-0.5749829411506653,0.0010718703269958496
4OY3A,72,control,0,110,38,-0.5932201743125916,-0.5950198173522949,0.0017996430397033691
4OY3A,72,control,0,121,49,-2.028374671936035,-2.0292980670928955,0.0009233951568603516
4OY3A,72,control,0,133,61,-0.5078956484794617,-0.5075056552886963,-0.00038999319076538086
4OY3A,72,control,0,144,72,-0.5438690781593323,-0.543379008769989,-0.0004900693893432617
4OY3A,72,control,0,156,84,-0.42312783002853394,-0.42312878370285034,9.5367431640625e-07
4OY3A,72,control,0,167,95,-0.20425888895988464,-0.20427803695201874,1.9147992134094238e-05
4OY3A,72,control,0,179,107,-0.7253757119178772,-0.7248519659042358,-0.0005237460136413574
4OY3A,72,control,0,190,118,-1.6088390350341797,-1.6088907718658447,5.173683166503906e-05
4OY3A,72,control,0,202,130,-0.9996750950813293,-0.9980804920196533,-0.0015946030616760254
4OY3A,72,control,0,213,141,-1.299635648727417,-1.3003166913986206,0.0006810426712036133
4OY3A,72,control,0,225,153,-3.1326754093170166,-3.1321053504943848,-0.0005700588226318359
4OY3A,45,control,0,5,40,-0.1500445306301117,-0.1493351012468338,-0.0007094293832778931
4OY3A,45,control,0,17,28,-2.3024964332580566,-2.3014636039733887,-0.0010328292846679688
4OY3A,45,control,0,75,30,-0.5824202299118042,-0.5817244052886963,-0.0006958246231079102
4OY3A,45,control,0,87,42,-2.119157552719116,-2.118539810180664,-0.0006177425384521484
4OY3A,45,control,0,98,53,-0.5739110708236694,-0.5732972025871277,-0.000613868236541748
4OY3A,45,control,0,110,65,-0.5932201743125916,-0.5926321744918823,-0.0005879998207092285
4OY3A,45,control,0,121,76,-2.028374671936035,-2.028804302215576,0.0004296302795410156
4OY3A,45,control,0,133,88,-0.5078956484794617,-0.5080904960632324,0.00019484758377075195
4OY3A,45,control,0,144,99,-0.5438690781593323,-0.5440621376037598,0.00019305944442749023
4OY3A,45,control,0,156,111,-0.42312783002853394,-0.4230654537677765,-6.237626075744629e-05
4OY3A,45,control,0,167,122,-0.20425888895988464,-0.20415547490119934,-0.00010341405868530273
4OY3A,45,control,0,179,134,-0.7253757119178772,-0.7260578870773315,0.0006821751594543457
4OY3A,45,control,0,190,145,-1.6088390350341797,-1.6093263626098633,0.00048732757568359375
4OY3A,45,control,0,202,157,-0.9996750950813293,-0.9996615052223206,-1.3589859008789062e-05
4OY3A,45,control,0,213,168,-1.299635648727417,-1.2990785837173462,-0.0005570650100708008
4OY3A,45,control,0,225,180,-3.1326754093170166,-3.1326324939727783,-4.291534423828125e-05
4OY3A,92,control,0,5,87,-0.1500445306301117,-0.15017861127853394,0.0001340806484222412
4OY3A,92,control,0,17,75,-2.3024964332580566,-2.2984461784362793,-0.004050254821777344
4OY3A,92,control,0,28,64,-1.2031404972076416,-1.2021881341934204,-0.0009523630142211914
4OY3A,92,control,0,40,52,-3.2064766883850098,-3.2085771560668945,0.0021004676818847656
4OY3A,92,control,0,51,41,-2.584181785583496,-2.581016778945923,-0.003165006637573242
4OY3A,92,control,0,63,29,-1.9934018850326538,-1.9921543598175049,-0.0012475252151489258
4OY3A,92,control,0,121,29,-2.028374671936035,-2.033905506134033,0.005530834197998047
4OY3A,92,control,0,133,41,-0.5078956484794617,-0.5084862112998962,0.0005905628204345703
4OY3A,92,control,0,144,52,-0.5438690781593323,-0.5461286902427673,0.0022596120834350586
4OY3A,92,control,0,156,64,-0.42312783002853394,-0.4234461188316345,0.00031828880310058594
4OY3A,92,control,0,167,75,-0.20425888895988464,-0.20390303432941437,-0.0003558546304702759
4OY3A,92,control,0,179,87,-0.7253757119178772,-0.7238767743110657,-0.0014989376068115234
4OY3A,92,control,0,190,98,-1.6088390350341797,-1.6059210300445557,-0.0029180049896240234
4OY3A,92,control,0,202,110,-0.9996750950813293,-0.9987842440605164,-0.0008908510208129883
4OY3A,92,control,0,213,121,-1.299635648727417,-1.3005458116531372,0.0009101629257202148
4OY3A,92,control,0,225,133,-3.1326754093170166,-3.1323423385620117,-0.0003330707550048828
4OY3A,149,control,0,5,144,-0.1500445306301117,-0.15006309747695923,1.856684684753418e-05
4OY3A,149,control,0,17,132,-2.3024964332580566,-2.302544593811035,4.8160552978515625e-05
4OY3A,149,control,0,28,121,-1.2031404972076416,-1.2033087015151978,0.00016820430755615234
4OY3A,149,control,0,40,109,-3.2064766883850098,-3.206843852996826,0.00036716461181640625
4OY3A,149,control,0,51,98,-2.584181785583496,-2.584115505218506,-6.628036499023438e-05
4OY3A,149,control,0,63,86,-1.9934018850326538,-1.9936550855636597,0.0002532005310058594
4OY3A,149,control,0,74,75,-1.6549620628356934,-1.654480218887329,-0.0004818439483642578
4OY3A,149,control,0,86,63,-0.248342826962471,-0.2487863153219223,0.00044348835945129395
4OY3A,149,control,0,97,52,-0.8159605860710144,-0.8153218626976013,-0.0006387233734130859
4OY3A,149,control,0,109,40,-3.067439556121826,-3.0670928955078125,-0.0003466606140136719
4OY3A,149,control,0,120,29,-1.4160679578781128,-1.4187885522842407,0.0027205944061279297
4OY3A,149,control,0,179,30,-0.7253757119178772,-0.7265864610671997,0.0012107491493225098
4OY3A,149,control,0,190,41,-1.6088390350341797,-1.6113265752792358,0.0024875402450561523
4OY3A,149,control,0,202,53,-0.9996750950813293,-0.9999220967292786,0.00024700164794921875
4OY3A,149,control,0,213,64,-1.299635648727417,-1.2991504669189453,-0.0004851818084716797
4OY3A,149,control,0,225,76,-3.1326754093170166,-3.134239673614502,0.0015642642974853516
