protein,alpha,layer,head,mean_jsd,cosine_sim
1A8LA,0.0,0,0,0.0,1.0
1A8LA,0.0,0,1,0.0,1.0
1A8LA,0.0,0,2,0.0,1.0
1A8LA,0.0,0,3,0.0,1.0
1A8LA,0.0,0,4,0.0,1.0
1A8LA,0.0,0,5,0.0,1.0
1A8LA,0.0,0,6,0.0,1.0
1A8LA,0.0,0,7,0.0,1.0
1A8LA,0.0,0,8,0.0,1.0
1A8LA,0.0,0,9,0.0,1.0
1A8LA,0.0,0,10,0.0,1.0
1A8LA,0.0,0,11,0.0,1.0
1A8LA,0.0,0,12,0.0,1.0
1A8LA,0.0,0,13,0.0,1.0
1A8LA,0.0,0,14,0.0,1.0
1A8LA,0.0,0,15,0.0,1.0
1A8LA,0.0,0,16,0.0,1.0
1A8LA,0.0,0,17,0.0,1.0
1A8LA,0.0,0,18,0.0,1.0
1A8LA,0.0,0,19,0.0,1.0
1A8LA,0.0,1,0,0.0,1.0
1A8LA,0.0,1,1,0.0,1.0
1A8LA,0.0,1,2,0.0,1.0
1A8LA,0.0,1,3,0.0,1.0
1A8LA,0.0,1,4,0.0,1.0
1A8LA,0.0,1,5,0.0,1.0
1A8LA,0.0,1,6,0.0,1.0
1A8LA,0.0,1,7,0.0,1.0
1A8LA,0.0,1,8,0.0,1.0
1A8LA,0.0,1,9,0.0,1.0
1A8LA,0.0,1,10,0.0,1.0
1A8LA,0.0,1,11,0.0,1.0
1A8LA,0.0,1,12,0.0,1.0
1A8LA,0.0,1,13,0.0,1.0
1A8LA,0.0,1,14,0.0,1.0
1A8LA,0.0,1,15,0.0,1.0
1A8LA,0.0,1,16,0.0,1.0
1A8LA,0.0,1,17,0.0,1.0
1A8LA,0.0,1,18,0.0,1.0
1A8LA,0.0,1,19,0.0,1.0
1A8LA,0.0,2,0,0.0,1.0
1A8LA,0.0,2,1,0.0,1.0
1A8LA,0.0,2,2,0.0,1.0
1A8LA,0.0,2,3,0.0,1.0
1A8LA,0.0,2,4,0.0,1.0
1A8LA,0.0,2,5,0.0,1.0
1A8LA,0.0,2,6,0.0,1.0
1A8LA,0.0,2,7,0.0,1.0
1A8LA,0.0,2,8,0.0,1.0
1A8LA,0.0,2,9,0.0,1.0
1A8LA,0.0,2,10,0.0,1.0
1A8LA,0.0,2,11,0.0,1.0
1A8LA,0.0,2,12,0.0,1.0
1A8LA,0.0,2,13,0.0,1.0
1A8LA,0.0,2,14,0.0,1.0
1A8LA,0.0,2,15,0.0,1.0
1A8LA,0.0,2,16,0.0,1.0
1A8LA,0.0,2,17,0.0,1.0
1A8LA,0.0,2,18,0.0,1.0
1A8LA,0.0,2,19,0.0,1.0
1A8LA,0.0,3,0,0.0,1.0
1A8LA,0.0,3,1,0.0,1.0
1A8LA,0.0,3,2,0.0,1.0
1A8LA,0.0,3,3,0.0,1.0
1A8LA,0.0,3,4,0.0,1.0
1A8LA,0.0,3,5,0.0,1.0
1A8LA,0.0,3,6,0.0,1.0
1A8LA,0.0,3,7,0.0,1.0
1A8LA,0.0,3,8,0.0,1.0
1A8LA,0.0,3,9,0.0,1.0
1A8LA,0.0,3,10,0.0,1.0
1A8LA,0.0,3,11,0.0,1.0
1A8LA,0.0,3,12,0.0,1.0
1A8LA,0.0,3,13,0.0,1.0
1A8LA,0.0,3,14,0.0,1.0
1A8LA,0.0,3,15,0.0,1.0
1A8LA,0.0,3,16,0.0,1.0
1A8LA,0.0,3,17,0.0,1.0
1A8LA,0.0,3,18,0.0,1.0
1A8LA,0.0,3,19,0.0,1.0
1A8LA,0.0,4,0,0.0,1.0
1A8LA,0.0,4,1,0.0,1.0
1A8LA,0.0,4,2,0.0,1.0
1A8LA,0.0,4,3,0.0,1.0
1A8LA,0.0,4,4,0.0,1.0
1A8LA,0.0,4,5,0.0,1.0
1A8LA,0.0,4,6,0.0,1.0
1A8LA,0.0,4,7,0.0,1.0
1A8LA,0.0,4,8,0.0,1.0
1A8LA,0.0,4,9,0.0,1.0
1A8LA,0.0,4,10,0.0,1.0
1A8LA,0.0,4,11,0.0,1.0
1A8LA,0.0,4,12,0.0,1.0
1A8LA,0.0,4,13,0.0,1.0
1A8LA,0.0,4,14,0.0,1.0
1A8LA,0.0,4,15,0.0,1.0
1A8LA,0.0,4,16,0.0,1.0
1A8LA,0.0,4,17,0.0,1.0
1A8LA,0.0,4,18,0.0,1.0
1A8LA,0.0,4,19,0.0,1.0
1A8LA,0.0,5,0,0.0,1.0
1A8LA,0.0,5,1,0.0,1.0
1A8LA,0.0,5,2,0.0,1.0
1A8LA,0.0,5,3,0.0,1.0
1A8LA,0.0,5,4,0.0,1.0
1A8LA,0.0,5,5,0.0,1.0
1A8LA,0.0,5,6,0.0,1.0
1A8LA,0.0,5,7,0.0,1.0
1A8LA,0.0,5,8,0.0,1.0
1A8LA,0.0,5,9,0.0,1.0
1A8LA,0.0,5,10,0.0,1.0
1A8LA,0.0,5,11,0.0,1.0
1A8LA,0.0,5,12,0.0,1.0
1A8LA,0.0,5,13,0.0,1.0
1A8LA,0.0,5,14,0.0,1.0
1A8LA,0.0,5,15,0.0,1.0
1A8LA,0.0,5,16,0.0,1.0
1A8LA,0.0,5,17,0.0,1.0
1A8LA,0.0,5,18,0.0,1.0
1A8LA,0.0,5,19,0.0,1.0
1A8LA,0.0,6,0,0.0,1.0
1A8LA,0.0,6,1,0.0,1.0
1A8LA,0.0,6,2,0.0,1.0
1A8LA,0.0,6,3,0.0,1.0
1A8LA,0.0,6,4,0.0,1.0
1A8LA,0.0,6,5,0.0,1.0
1A8LA,0.0,6,6,0.0,1.0
1A8LA,0.0,6,7,0.0,1.0
1A8LA,0.0,6,8,0.0,1.0
1A8LA,0.0,6,9,0.0,1.0
1A8LA,0.0,6,10,0.0,1.0
1A8LA,0.0,6,11,0.0,1.0
1A8LA,0.0,6,12,0.0,1.0
1A8LA,0.0,6,13,0.0,1.0
1A8LA,0.0,6,14,0.0,1.0
1A8LA,0.0,6,15,0.0,1.0
1A8LA,0.0,6,16,0.0,1.0
1A8LA,0.0,6,17,0.0,1.0
1A8LA,0.0,6,18,0.0,1.0
1A8LA,0.0,6,19,0.0,1.0
1A8LA,0.0,7,0,0.0,1.0
1A8LA,0.0,7,1,0.0,1.0
1A8LA,0.0,7,2,0.0,1.0
1A8LA,0.0,7,3,0.0,1.0
1A8LA,0.0,7,4,0.0,1.0
1A8LA,0.0,7,5,0.0,1.0
1A8LA,0.0,7,6,0.0,1.0
1A8LA,0.0,7,7,0.0,1.0
1A8LA,0.0,7,8,0.0,1.0
1A8LA,0.0,7,9,0.0,1.0
1A8LA,0.0,7,10,0.0,1.0
1A8LA,0.0,7,11,0.0,1.0
1A8LA,0.0,7,12,0.0,1.0
1A8LA,0.0,7,13,0.0,1.0
1A8LA,0.0,7,14,0.0,1.0
1A8LA,0.0,7,15,0.0,1.0
1A8LA,0.0,7,16,0.0,1.0
1A8LA,0.0,7,17,0.0,1.0
1A8LA,0.0,7,18,0.0,1.0
1A8LA,0.0,7,19,0.0,1.0
1A8LA,0.0,8,0,0.0,1.0
1A8LA,0.0,8,1,0.0,1.0
1A8LA,0.0,8,2,0.0,1.0
1A8LA,0.0,8,3,0.0,1.0
1A8LA,0.0,8,4,0.0,1.0
1A8LA,0.0,8,5,0.0,1.0
1A8LA,0.0,8,6,0.0,1.0
1A8LA,0.0,8,7,0.0,1.0
1A8LA,0.0,8,8,0.0,1.0
1A8LA,0.0,8,9,0.0,1.0
1A8LA,0.0,8,10,0.0,1.0
1A8LA,0.0,8,11,0.0,1.0
1A8LA,0.0,8,12,0.0,1.0
1A8LA,0.0,8,13,0.0,1.0
1A8LA,0.0,8,14,0.0,1.0
1A8LA,0.0,8,15,0.0,1.0
1A8LA,0.0,8,16,0.0,1.0
1A8LA,0.0,8,17,0.0,1.0
1A8LA,0.0,8,18,0.0,1.0
1A8LA,0.0,8,19,0.0,1.0
1A8LA,0.0,9,0,0.0,1.0
1A8LA,0.0,9,1,0.0,1.0
1A8LA,0.0,9,2,0.0,1.0
1A8LA,0.0,9,3,0.0,1.0
1A8LA,0.0,9,4,0.0,1.0
1A8LA,0.0,9,5,0.0,1.0
1A8LA,0.0,9,6,0.0,1.0
1A8LA,0.0,9,7,0.0,1.0
1A8LA,0.0,9,8,0.0,1.0
1A8LA,0.0,9,9,0.0,1.0
1A8LA,0.0,9,10,0.0,1.0
1A8LA,0.0,9,11,0.0,1.0
1A8LA,0.0,9,12,0.0,1.0
1A8LA,0.0,9,13,0.0,1.0
1A8LA,0.0,9,14,0.0,1.0
1A8LA,0.0,9,15,0.0,1.0
1A8LA,0.0,9,16,0.0,1.0
1A8LA,0.0,9,17,0.0,1.0
1A8LA,0.0,9,18,0.0,1.0
1A8LA,0.0,9,19,0.0,1.0
1A8LA,0.0,10,0,0.0,1.0
1A8LA,0.0,10,1,0.0,1.0
1A8LA,0.0,10,2,0.0,1.0
1A8LA,0.0,10,3,0.0,1.0
1A8LA,0.0,10,4,0.0,1.0
1A8LA,0.0,10,5,0.0,1.0
1A8LA,0.0,10,6,0.0,1.0
1A8LA,0.0,10,7,0.0,1.0
1A8LA,0.0,10,8,0.0,1.0
1A8LA,0.0,10,9,0.0,1.0
1A8LA,0.0,10,10,0.0,1.0
1A8LA,0.0,10,11,0.0,1.0
1A8LA,0.0,10,12,0.0,1.0
1A8LA,0.0,10,13,0.0,1.0
1A8LA,0.0,10,14,0.0,1.0
1A8LA,0.0,10,15,0.0,1.0
1A8LA,0.0,10,16,0.0,1.0
1A8LA,0.0,10,17,0.0,1.0
1A8LA,0.0,10,18,0.0,1.0
1A8LA,0.0,10,19,0.0,1.0
1A8LA,0.0,11,0,0.0,1.0
1A8LA,0.0,11,1,0.0,1.0
1A8LA,0.0,11,2,0.0,1.0
1A8LA,0.0,11,3,0.0,1.0
1A8LA,0.0,11,4,0.0,1.0
1A8LA,0.0,11,5,0.0,1.0
1A8LA,0.0,11,6,0.0,1.0
1A8LA,0.0,11,7,0.0,1.0
1A8LA,0.0,11,8,0.0,1.0
1A8LA,0.0,11,9,0.0,1.0
1A8LA,0.0,11,10,0.0,1.0
1A8LA,0.0,11,11,0.0,1.0
1A8LA,0.0,11,12,0.0,1.0
1A8LA,0.0,11,13,0.0,1.0
1A8LA,0.0,11,14,0.0,1.0
1A8LA,0.0,11,15,0.0,1.0
1A8LA,0.0,11,16,0.0,1.0
1A8LA,0.0,11,17,0.0,1.0
1A8LA,0.0,11,18,0.0,1.0
1A8LA,0.0,11,19,0.0,1.0
1A8LA,0.0,12,0,0.0,1.0
1A8LA,0.0,12,1,0.0,1.0
1A8LA,0.0,12,2,0.0,1.0
1A8LA,0.0,12,3,0.0,1.0
1A8LA,0.0,12,4,0.0,1.0
1A8LA,0.0,12,5,0.0,1.0
1A8LA,0.0,12,6,0.0,1.0
1A8LA,0.0,12,7,0.0,1.0
1A8LA,0.0,12,8,0.0,1.0
1A8LA,0.0,12,9,0.0,1.0
1A8LA,0.0,12,10,0.0,1.0
1A8LA,0.0,12,11,0.0,1.0
1A8LA,0.0,12,12,0.0,1.0
1A8LA,0.0,12,13,0.0,1.0
1A8LA,0.0,12,14,0.0,1.0
1A8LA,0.0,12,15,0.0,1.0
1A8LA,0.0,12,16,0.0,1.0
1A8LA,0.0,12,17,0.0,1.0
1A8LA,0.0,12,18,0.0,1.0
1A8LA,0.0,12,19,0.0,1.0
1A8LA,0.0,13,0,0.0,1.0
1A8LA,0.0,13,1,0.0,1.0
1A8LA,0.0,13,2,0.0,1.0
1A8LA,0.0,13,3,0.0,1.0
1A8LA,0.0,13,4,0.0,1.0
1A8LA,0.0,13,5,0.0,1.0
1A8LA,0.0,13,6,0.0,1.0
1A8LA,0.0,13,7,0.0,1.0
1A8LA,0.0,13,8,0.0,1.0
1A8LA,0.0,13,9,0.0,1.0
1A8LA,0.0,13,10,0.0,1.0
1A8LA,0.0,13,11,0.0,1.0
1A8LA,0.0,13,12,0.0,1.0
1A8LA,0.0,13,13,0.0,1.0
1A8LA,0.0,13,14,0.0,1.0
1A8LA,0.0,13,15,0.0,1.0
1A8LA,0.0,13,16,0.0,1.0
1A8LA,0.0,13,17,0.0,1.0
1A8LA,0.0,13,18,0.0,1.0
1A8LA,0.0,13,19,0.0,1.0
1A8LA,0.0,14,0,0.0,1.0
1A8LA,0.0,14,1,0.0,1.0
1A8LA,0.0,14,2,0.0,1.0
1A8LA,0.0,14,3,0.0,1.0
1A8LA,0.0,14,4,0.0,1.0
1A8LA,0.0,14,5,0.0,1.0
1A8LA,0.0,14,6,0.0,1.0
1A8LA,0.0,14,7,0.0,1.0
1A8LA,0.0,14,8,0.0,1.0
1A8LA,0.0,14,9,0.0,1.0
1A8LA,0.0,14,10,0.0,1.0
1A8LA,0.0,14,11,0.0,1.0
1A8LA,0.0,14,12,0.0,1.0
1A8LA,0.0,14,13,0.0,1.0
1A8LA,0.0,14,14,0.0,1.0
1A8LA,0.0,14,15,0.0,1.0
1A8LA,0.0,14,16,0.0,1.0
1A8LA,0.0,14,17,0.0,1.0
1A8LA,0.0,14,18,0.0,1.0
1A8LA,0.0,14,19,0.0,1.0
1A8LA,0.0,15,0,0.0,1.0
1A8LA,0.0,15,1,0.0,1.0
1A8LA,0.0,15,2,0.0,1.0
1A8LA,0.0,15,3,0.0,1.0
1A8LA,0.0,15,4,0.0,1.0
1A8LA,0.0,15,5,0.0,1.0
1A8LA,0.0,15,6,0.0,1.0
1A8LA,0.0,15,7,0.0,1.0
1A8LA,0.0,15,8,0.0,1.0
1A8LA,0.0,15,9,0.0,1.0
1A8LA,0.0,15,10,0.0,1.0
1A8LA,0.0,15,11,0.0,1.0
1A8LA,0.0,15,12,0.0,1.0
1A8LA,0.0,15,13,0.0,1.0
1A8LA,0.0,15,14,0.0,1.0
1A8LA,0.0,15,15,0.0,1.0
1A8LA,0.0,15,16,0.0,1.0
1A8LA,0.0,15,17,0.0,1.0
1A8LA,0.0,15,18,0.0,1.0
1A8LA,0.0,15,19,0.0,1.0
1A8LA,0.0,16,0,0.0,1.0
1A8LA,0.0,16,1,0.0,1.0
1A8LA,0.0,16,2,0.0,1.0
1A8LA,0.0,16,3,0.0,1.0
1A8LA,0.0,16,4,0.0,1.0
1A8LA,0.0,16,5,0.0,1.0
1A8LA,0.0,16,6,0.0,1.0
1A8LA,0.0,16,7,0.0,1.0
1A8LA,0.0,16,8,0.0,1.0
1A8LA,0.0,16,9,0.0,1.0
1A8LA,0.0,16,10,0.0,1.0
1A8LA,0.0,16,11,0.0,1.0
1A8LA,0.0,16,12,0.0,1.0
1A8LA,0.0,16,13,0.0,1.0
1A8LA,0.0,16,14,0.0,1.0
1A8LA,0.0,16,15,0.0,1.0
1A8LA,0.0,16,16,0.0,1.0
1A8LA,0.0,16,17,0.0,1.0
1A8LA,0.0,16,18,0.0,1.0
1A8LA,0.0,16,19,0.0,1.0
1A8LA,0.0,17,0,0.0,1.0
1A8LA,0.0,17,1,0.0,1.0
1A8LA,0.0,17,2,0.0,1.0
1A8LA,0.0,17,3,0.0,1.0
1A8LA,0.0,17,4,0.0,1.0
1A8LA,0.0,17,5,0.0,1.0
1A8LA,0.0,17,6,0.0,1.0
1A8LA,0.0,17,7,0.0,1.0
1A8LA,0.0,17,8,0.0,1.0
1A8LA,0.0,17,9,0.0,1.0
1A8LA,0.0,17,10,0.0,1.0
1A8LA,0.0,17,11,0.0,1.0
1A8LA,0.0,17,12,0.0,1.0
1A8LA,0.0,17,13,0.0,1.0
1A8LA,0.0,17,14,0.0,1.0
1A8LA,0.0,17,15,0.0,1.0
1A8LA,0.0,17,16,0.0,1.0
1A8LA,0.0,17,17,0.0,1.0
1A8LA,0.0,17,18,0.0,1.0
1A8LA,0.0,17,19,0.0,1.0
1A8LA,0.0,18,0,0.0,1.0
1A8LA,0.0,18,1,0.0,1.0
1A8LA,0.0,18,2,0.0,1.0
1A8LA,0.0,18,3,0.0,1.0
1A8LA,0.0,18,4,0.0,1.0
1A8LA,0.0,18,5,0.0,1.0
1A8LA,0.0,18,6,0.0,1.0
1A8LA,0.0,18,7,0.0,1.0
1A8LA,0.0,18,8,0.0,1.0
1A8LA,0.0,18,9,0.0,1.0
1A8LA,0.0,18,10,0.0,1.0
1A8LA,0.0,18,11,0.0,1.0
1A8LA,0.0,18,12,0.0,1.0
1A8LA,0.0,18,13,0.0,1.0
1A8LA,0.0,18,14,0.0,1.0
1A8LA,0.0,18,15,0.0,1.0
1A8LA,0.0,18,16,0.0,1.0
1A8LA,0.0,18,17,0.0,1.0
1A8LA,0.0,18,18,0.0,1.0
1A8LA,0.0,18,19,0.0,1.0
1A8LA,0.0,19,0,0.0,1.0
1A8LA,0.0,19,1,0.0,1.0
1A8LA,0.0,19,2,0.0,1.0
1A8LA,0.0,19,3,0.0,1.0
1A8LA,0.0,19,4,0.0,1.0
1A8LA,0.0,19,5,0.0,1.0
1A8LA,0.0,19,6,0.0,1.0
1A8LA,0.0,19,7,0.0,1.0
1A8LA,0.0,19,8,0.0,1.0
1A8LA,0.0,19,9,0.0,1.0
1A8LA,0.0,19,10,0.0,1.0
1A8LA,0.0,19,11,0.0,1.0
1A8LA,0.0,19,12,0.0,1.0
1A8LA,0.0,19,13,0.0,1.0
1A8LA,0.0,19,14,0.0,1.0
1A8LA,0.0,19,15,0.0,1.0
1A8LA,0.0,19,16,0.0,1.0
1A8LA,0.0,19,17,0.0,1.0
1A8LA,0.0,19,18,0.0,1.0
1A8LA,0.0,19,19,0.0,1.0
1A8LA,0.0,20,0,0.0,1.0
1A8LA,0.0,20,1,0.0,1.0
1A8LA,0.0,20,2,0.0,1.0
1A8LA,0.0,20,3,0.0,1.0
1A8LA,0.0,20,4,0.0,1.0
1A8LA,0.0,20,5,0.0,1.0
1A8LA,0.0,20,6,0.0,1.0
1A8LA,0.0,20,7,0.0,1.0
1A8LA,0.0,20,8,0.0,1.0
1A8LA,0.0,20,9,0.0,1.0
1A8LA,0.0,20,10,0.0,1.0
1A8LA,0.0,20,11,0.0,1.0
1A8LA,0.0,20,12,0.0,1.0
1A8LA,0.0,20,13,0.0,1.0
1A8LA,0.0,20,14,0.0,1.0
1A8LA,0.0,20,15,0.0,1.0
1A8LA,0.0,20,16,0.0,1.0
1A8LA,0.0,20,17,0.0,1.0
1A8LA,0.0,20,18,0.0,1.0
1A8LA,0.0,20,19,0.0,1.0
1A8LA,0.0,21,0,0.0,1.0
1A8LA,0.0,21,1,0.0,1.0
1A8LA,0.0,21,2,0.0,1.0
1A8LA,0.0,21,3,0.0,1.0
1A8LA,0.0,21,4,0.0,1.0
1A8LA,0.0,21,5,0.0,1.0
1A8LA,0.0,21,6,0.0,1.0
1A8LA,0.0,21,7,0.0,1.0
1A8LA,0.0,21,8,0.0,1.0
1A8LA,0.0,21,9,0.0,1.0
1A8LA,0.0,21,10,0.0,1.0
1A8LA,0.0,21,11,0.0,1.0
1A8LA,0.0,21,12,0.0,1.0
1A8LA,0.0,21,13,0.0,1.0
1A8LA,0.0,21,14,0.0,1.0
1A8LA,0.0,21,15,0.0,1.0
1A8LA,0.0,21,16,0.0,1.0
1A8LA,0.0,21,17,0.0,1.0
1A8LA,0.0,21,18,0.0,1.0
1A8LA,0.0,21,19,0.0,1.0
1A8LA,0.0,22,0,0.0,1.0
1A8LA,0.0,22,1,0.0,1.0
1A8LA,0.0,22,2,0.0,1.0
1A8LA,0.0,22,3,0.0,1.0
1A8LA,0.0,22,4,0.0,1.0
1A8LA,0.0,22,5,0.0,1.0
1A8LA,0.0,22,6,0.0,1.0
1A8LA,0.0,22,7,0.0,1.0
1A8LA,0.0,22,8,0.0,1.0
1A8LA,0.0,22,9,0.0,1.0
1A8LA,0.0,22,10,0.0,1.0
1A8LA,0.0,22,11,0.0,1.0
1A8LA,0.0,22,12,0.0,1.0
1A8LA,0.0,22,13,0.0,1.0
1A8LA,0.0,22,14,0.0,1.0
1A8LA,0.0,22,15,0.0,1.0
1A8LA,0.0,22,16,0.0,1.0
1A8LA,0.0,22,17,0.0,1.0
1A8LA,0.0,22,18,0.0,1.0
1A8LA,0.0,22,19,0.0,1.0
1A8LA,0.0,23,0,0.0,1.0
1A8LA,0.0,23,1,0.0,1.0
1A8LA,0.0,23,2,0.0,1.0
1A8LA,0.0,23,3,0.0,1.0
1A8LA,0.0,23,4,0.0,1.0
1A8LA,0.0,23,5,0.0,1.0
1A8LA,0.0,23,6,0.0,1.0
1A8LA,0.0,23,7,0.0,1.0
1A8LA,0.0,23,8,0.0,1.0
1A8LA,0.0,23,9,0.0,1.0
1A8LA,0.0,23,10,0.0,1.0
1A8LA,0.0,23,11,0.0,1.0
1A8LA,0.0,23,12,0.0,1.0
1A8LA,0.0,23,13,0.0,1.0
1A8LA,0.0,23,14,0.0,1.0
1A8LA,0.0,23,15,0.0,1.0
1A8LA,0.0,23,16,0.0,1.0
1A8LA,0.0,23,17,0.0,1.0
1A8LA,0.0,23,18,0.0,1.0
1A8LA,0.0,23,19,0.0,1.0
1A8LA,0.0,24,0,0.0,1.0
1A8LA,0.0,24,1,0.0,1.0
1A8LA,0.0,24,2,0.0,1.0
1A8LA,0.0,24,3,0.0,1.0
1A8LA,0.0,24,4,0.0,1.0
1A8LA,0.0,24,5,0.0,1.0
1A8LA,0.0,24,6,0.0,1.0
1A8LA,0.0,24,7,0.0,1.0
1A8LA,0.0,24,8,0.0,1.0
1A8LA,0.0,24,9,0.0,1.0
1A8LA,0.0,24,10,0.0,1.0
1A8LA,0.0,24,11,0.0,1.0
1A8LA,0.0,24,12,0.0,1.0
1A8LA,0.0,24,13,0.0,1.0
1A8LA,0.0,24,14,0.0,1.0
1A8LA,0.0,24,15,0.0,1.0
1A8LA,0.0,24,16,0.0,1.0
1A8LA,0.0,24,17,0.0,1.0
1A8LA,0.0,24,18,0.0,1.0
1A8LA,0.0,24,19,0.0,1.0
1A8LA,0.0,25,0,0.0,1.0
1A8LA,0.0,25,1,0.0,1.0
1A8LA,0.0,25,2,0.0,1.0
1A8LA,0.0,25,3,0.0,1.0
1A8LA,0.0,25,4,0.0,1.0
1A8LA,0.0,25,5,0.0,1.0
1A8LA,0.0,25,6,0.0,1.0
1A8LA,0.0,25,7,0.0,1.0
1A8LA,0.0,25,8,0.0,1.0
1A8LA,0.0,25,9,0.0,1.0
1A8LA,0.0,25,10,0.0,1.0
1A8LA,0.0,25,11,0.0,1.0
1A8LA,0.0,25,12,0.0,1.0
1A8LA,0.0,25,13,0.0,1.0
1A8LA,0.0,25,14,0.0,1.0
1A8LA,0.0,25,15,0.0,1.0
1A8LA,0.0,25,16,0.0,1.0
1A8LA,0.0,25,17,0.0,1.0
1A8LA,0.0,25,18,0.0,1.0
1A8LA,0.0,25,19,0.0,1.0
1A8LA,0.0,26,0,0.0,1.0
1A8LA,0.0,26,1,0.0,1.0
1A8LA,0.0,26,2,0.0,1.0
1A8LA,0.0,26,3,0.0,1.0
1A8LA,0.0,26,4,0.0,1.0
1A8LA,0.0,26,5,0.0,1.0
1A8LA,0.0,26,6,0.0,1.0
1A8LA,0.0,26,7,0.0,1.0
1A8LA,0.0,26,8,0.0,1.0
1A8LA,0.0,26,9,0.0,1.0
1A8LA,0.0,26,10,0.0,1.0
1A8LA,0.0,26,11,0.0,1.0
1A8LA,0.0,26,12,0.0,1.0
1A8LA,0.0,26,13,0.0,1.0
1A8LA,0.0,26,14,0.0,1.0
1A8LA,0.0,26,15,0.0,1.0
1A8LA,0.0,26,16,0.0,1.0
1A8LA,0.0,26,17,0.0,1.0
1A8LA,0.0,26,18,0.0,1.0
1A8LA,0.0,26,19,0.0,1.0
1A8LA,0.0,27,0,0.0,1.0
1A8LA,0.0,27,1,0.0,1.0
1A8LA,0.0,27,2,0.0,1.0
1A8LA,0.0,27,3,0.0,1.0
1A8LA,0.0,27,4,0.0,1.0
1A8LA,0.0,27,5,0.0,1.0
1A8LA,0.0,27,6,0.0,1.0
1A8LA,0.0,27,7,0.0,1.0
1A8LA,0.0,27,8,0.0,1.0
1A8LA,0.0,27,9,0.0,1.0
1A8LA,0.0,27,10,0.0,1.0
1A8LA,0.0,27,11,0.0,1.0
1A8LA,0.0,27,12,0.0,1.0
1A8LA,0.0,27,13,0.0,1.0
1A8LA,0.0,27,14,0.0,1.0
1A8LA,0.0,27,15,0.0,1.0
1A8LA,0.0,27,16,0.0,1.0
1A8LA,0.0,27,17,0.0,1.0
1A8LA,0.0,27,18,0.0,1.0
1A8LA,0.0,27,19,0.0,1.0
1A8LA,0.0,28,0,0.0,1.0
1A8LA,0.0,28,1,0.0,1.0
1A8LA,0.0,28,2,0.0,1.0
1A8LA,0.0,28,3,0.0,1.0
1A8LA,0.0,28,4,0.0,1.0
1A8LA,0.0,28,5,0.0,1.0
1A8LA,0.0,28,6,0.0,1.0
1A8LA,0.0,28,7,0.0,1.0
1A8LA,0.0,28,8,0.0,1.0
1A8LA,0.0,28,9,0.0,1.0
1A8LA,0.0,28,10,0.0,1.0
1A8LA,0.0,28,11,0.0,1.0
1A8LA,0.0,28,12,0.0,1.0
1A8LA,0.0,28,13,0.0,1.0
1A8LA,0.0,28,14,0.0,1.0
1A8LA,0.0,28,15,0.0,1.0
1A8LA,0.0,28,16,0.0,1.0
1A8LA,0.0,28,17,0.0,1.0
1A8LA,0.0,28,18,0.0,1.0
1A8LA,0.0,28,19,0.0,1.0
1A8LA,0.0,29,0,0.0,1.0
1A8LA,0.0,29,1,0.0,1.0
1A8LA,0.0,29,2,0.0,1.0
1A8LA,0.0,29,3,0.0,1.0
1A8LA,0.0,29,4,0.0,1.0
1A8LA,0.0,29,5,0.0,1.0
1A8LA,0.0,29,6,0.0,1.0
1A8LA,0.0,29,7,0.0,1.0
1A8LA,0.0,29,8,0.0,1.0
1A8LA,0.0,29,9,0.0,1.0
1A8LA,0.0,29,10,0.0,1.0
1A8LA,0.0,29,11,0.0,1.0
1A8LA,0.0,29,12,0.0,1.0
1A8LA,0.0,29,13,0.0,1.0
1A8LA,0.0,29,14,0.0,1.0
1A8LA,0.0,29,15,0.0,1.0
1A8LA,0.0,29,16,0.0,1.0
1A8LA,0.0,29,17,0.0,1.0
1A8LA,0.0,29,18,0.0,1.0
1A8LA,0.0,29,19,0.0,1.0
1A8LA,0.0,30,0,0.0,1.0
1A8LA,0.0,30,1,0.0,1.0
1A8LA,0.0,30,2,0.0,1.0
1A8LA,0.0,30,3,0.0,1.0
1A8LA,0.0,30,4,0.0,1.0
1A8LA,0.0,30,5,0.0,1.0
1A8LA,0.0,30,6,0.0,1.0
1A8LA,0.0,30,7,0.0,1.0
1A8LA,0.0,30,8,0.0,1.0
1A8LA,0.0,30,9,0.0,1.0
1A8LA,0.0,30,10,0.0,1.0
1A8LA,0.0,30,11,0.0,1.0
1A8LA,0.0,30,12,0.0,1.0
1A8LA,0.0,30,13,0.0,1.0
1A8LA,0.0,30,14,0.0,1.0
1A8LA,0.0,30,15,0.0,1.0
1A8LA,0.0,30,16,0.0,1.0
1A8LA,0.0,30,17,0.0,1.0
1A8LA,0.0,30,18,0.0,1.0
1A8LA,0.0,30,19,0.0,1.0
1A8LA,0.0,31,0,0.0,1.0
1A8LA,0.0,31,1,0.0,1.0
1A8LA,0.0,31,2,0.0,1.0
1A8LA,0.0,31,3,0.0,1.0
1A8LA,0.0,31,4,0.0,1.0
1A8LA,0.0,31,5,0.0,1.0
1A8LA,0.0,31,6,0.0,1.0
1A8LA,0.0,31,7,0.0,1.0
1A8LA,0.0,31,8,0.0,1.0
1A8LA,0.0,31,9,0.0,1.0
1A8LA,0.0,31,10,0.0,1.0
1A8LA,0.0,31,11,0.0,1.0
1A8LA,0.0,31,12,0.0,1.0
1A8LA,0.0,31,13,0.0,1.0
1A8LA,0.0,31,14,0.0,1.0
1A8LA,0.0,31,15,0.0,1.0
1A8LA,0.0,31,16,0.0,1.0
1A8LA,0.0,31,17,0.0,1.0
1A8LA,0.0,31,18,0.0,1.0
1A8LA,0.0,31,19,0.0,1.0
1A8LA,0.0,32,0,0.0,1.0
1A8LA,0.0,32,1,0.0,1.0
1A8LA,0.0,32,2,0.0,1.0
1A8LA,0.0,32,3,0.0,1.0
1A8LA,0.0,32,4,0.0,1.0
1A8LA,0.0,32,5,0.0,1.0
1A8LA,0.0,32,6,0.0,1.0
1A8LA,0.0,32,7,0.0,1.0
1A8LA,0.0,32,8,0.0,1.0
1A8LA,0.0,32,9,0.0,1.0
1A8LA,0.0,32,10,0.0,1.0
1A8LA,0.0,32,11,0.0,1.0
1A8LA,0.0,32,12,0.0,1.0
1A8LA,0.0,32,13,0.0,1.0
1A8LA,0.0,32,14,0.0,1.0
1A8LA,0.0,32,15,0.0,1.0
1A8LA,0.0,32,16,0.0,1.0
1A8LA,0.0,32,17,0.0,1.0
1A8LA,0.0,32,18,0.0,1.0
1A8LA,0.0,32,19,0.0,1.0
1A8LA,0.5,0,0,0.0,1.0000000000000002
1A8LA,0.5,0,1,0.0,1.0
1A8LA,0.5,0,2,0.0,1.0000000000000002
1A8LA,0.5,0,3,0.0,1.0
1A8LA,0.5,0,4,0.0,0.9999999999999998
1A8LA,0.5,0,5,0.0,0.9999999999999999
1A8LA,0.5,0,6,0.0,1.0000000000000002
1A8LA,0.5,0,7,0.0,1.0
1A8LA,0.5,0,8,0.0,1.0
1A8LA,0.5,0,9,0.0,1.0000000000000002
1A8LA,0.5,0,10,0.0,1.0
1A8LA,0.5,0,11,0.0,1.0000000000000002
1A8LA,0.5,0,12,0.0,1.0000000000000002
1A8LA,0.5,0,13,0.0,0.9999999999999998
1A8LA,0.5,0,14,0.0,1.0
1A8LA,0.5,0,15,0.0,1.0000000000000002
1A8LA,0.5,0,16,0.0,1.0000000000000002
1A8LA,0.5,0,17,0.0,1.0000000000000002
1A8LA,0.5,0,18,0.0,0.9999999999999999
1A8LA,0.5,0,19,0.0,1.0
1A8LA,0.5,1,0,0.0,1.0000000000000002
1A8LA,0.5,1,1,0.0,1.0000000000000002
1A8LA,0.5,1,2,0.0,1.0
1A8LA,0.5,1,3,0.0,1.0
1A8LA,0.5,1,4,0.0,1.0000000000000002
1A8LA,0.5,1,5,0.0,1.0000000000000002
1A8LA,0.5,1,6,0.0,1.0
1A8LA,0.5,1,7,0.0,1.0000000000000002
1A8LA,0.5,1,8,0.0,0.9999999999999999
1A8LA,0.5,1,9,0.0,1.0000000000000002
1A8LA,0.5,1,10,0.0,1.0000000000000002
1A8LA,0.5,1,11,0.0,1.0
1A8LA,0.5,1,12,0.0,0.9999999999999999
1A8LA,0.5,1,13,0.0,1.0000000000000002
1A8LA,0.5,1,14,0.0,1.0
1A8LA,0.5,1,15,0.0,1.0
1A8LA,0.5,1,16,0.0,1.0
1A8LA,0.5,1,17,0.0,0.9999999999999998
1A8LA,0.5,1,18,0.0,0.9999999999999999
1A8LA,0.5,1,19,0.0,1.0000000000000002
1A8LA,0.5,2,0,0.0,1.0
1A8LA,0.5,2,1,0.0,1.0000000000000002
1A8LA,0.5,2,2,0.0,1.0
1A8LA,0.5,2,3,0.0,0.9999999999999998
1A8LA,0.5,2,4,0.0,1.0
1A8LA,0.5,2,5,0.0,0.9999999999999998
1A8LA,0.5,2,6,0.0,1.0
1A8LA,0.5,2,7,0.0,1.0
1A8LA,0.5,2,8,0.0,0.9999999999999999
1A8LA,0.5,2,9,0.0,1.0
1A8LA,0.5,2,10,0.0,1.0
1A8LA,0.5,2,11,0.0,1.0
1A8LA,0.5,2,12,0.0,0.9999999999999998
1A8LA,0.5,2,13,0.0,0.9999999999999999
1A8LA,0.5,2,14,0.0,0.9999999999999998
1A8LA,0.5,2,15,0.0,1.0
1A8LA,0.5,2,16,0.0,1.0
1A8LA,0.5,2,17,0.0,1.0
1A8LA,0.5,2,18,0.0,0.9999999999999999
1A8LA,0.5,2,19,0.0,1.0
1A8LA,0.5,3,0,0.0,1.0
1A8LA,0.5,3,1,0.0,1.0
1A8LA,0.5,3,2,0.0,0.9999999999999999
1A8LA,0.5,3,3,0.0,1.0000000000000002
1A8LA,0.5,3,4,0.0,0.9999999999999998
1A8LA,0.5,3,5,0.0,1.0
1A8LA,0.5,3,6,0.0,1.0
1A8LA,0.5,3,7,0.0,1.0
1A8LA,0.5,3,8,0.0,1.0000000000000002
1A8LA,0.5,3,9,0.0,1.0
1A8LA,0.5,3,10,0.0,1.0000000000000002
1A8LA,0.5,3,11,0.0,1.0
1A8LA,0.5,3,12,0.0,1.0
1A8LA,0.5,3,13,0.0,1.0
1A8LA,0.5,3,14,0.0,1.0000000000000002
1A8LA,0.5,3,15,0.0,1.0
1A8LA,0.5,3,16,0.0,0.9999999999999998
1A8LA,0.5,3,17,0.0,1.0
1A8LA,0.5,3,18,0.0,1.0
1A8LA,0.5,3,19,0.0,1.0000000000000002
1A8LA,0.5,4,0,0.0,1.0
1A8LA,0.5,4,1,0.0,1.0000000000000002
1A8LA,0.5,4,2,0.0,0.9999999999999998
1A8LA,0.5,4,3,0.0,0.9999999999999999
1A8LA,0.5,4,4,0.0,1.0
1A8LA,0.5,4,5,0.0,1.0
1A8LA,0.5,4,6,0.0,0.9999999999999998
1A8LA,0.5,4,7,0.0,1.0
1A8LA,0.5,4,8,0.0,1.0
1A8LA,0.5,4,9,0.0,1.0
1A8LA,0.5,4,10,0.0,0.9999999999999998
1A8LA,0.5,4,11,0.0,0.9999999999999999
1A8LA,0.5,4,12,0.0,0.9999999999999999
1A8LA,0.5,4,13,0.0,1.0
1A8LA,0.5,4,14,0.0,1.0000000000000002
1A8LA,0.5,4,15,0.0,0.9999999999999999
1A8LA,0.5,4,16,0.0,1.0
1A8LA,0.5,4,17,0.0,0.9999999999999998
1A8LA,0.5,4,18,0.0,1.0000000000000002
1A8LA,0.5,4,19,0.0,1.0
1A8LA,0.5,5,0,0.0,1.0
1A8LA,0.5,5,1,0.0,1.0000000000000002
1A8LA,0.5,5,2,0.0,1.0
1A8LA,0.5,5,3,0.0,1.0
1A8LA,0.5,5,4,0.0,1.0000000000000002
1A8LA,0.5,5,5,0.0,1.0000000000000002
1A8LA,0.5,5,6,0.0,1.0000000000000002
1A8LA,0.5,5,7,0.0,1.0
1A8LA,0.5,5,8,0.0,1.0
1A8LA,0.5,5,9,0.0,1.0
1A8LA,0.5,5,10,0.0,1.0
1A8LA,0.5,5,11,0.0,0.9999999999999999
1A8LA,0.5,5,12,0.0,0.9999999999999999
1A8LA,0.5,5,13,0.0,1.0
1A8LA,0.5,5,14,0.0,1.0
1A8LA,0.5,5,15,0.0,1.0
1A8LA,0.5,5,16,0.0,1.0
1A8LA,0.5,5,17,0.0,1.0
1A8LA,0.5,5,18,0.0,1.0000000000000002
1A8LA,0.5,5,19,0.0,0.9999999999999998
1A8LA,0.5,6,0,0.0,1.0000000000000002
1A8LA,0.5,6,1,0.0,1.0000000000000002
1A8LA,0.5,6,2,0.0,1.0
1A8LA,0.5,6,3,0.0,1.0
1A8LA,0.5,6,4,0.0,1.0
1A8LA,0.5,6,5,0.0,0.9999999999999999
1A8LA,0.5,6,6,0.0,1.0
1A8LA,0.5,6,7,0.0,1.0
1A8LA,0.5,6,8,0.0,1.0
1A8LA,0.5,6,9,0.0,0.9999999999999998
1A8LA,0.5,6,10,0.0,1.0
1A8LA,0.5,6,11,0.0,1.0
1A8LA,0.5,6,12,0.0,0.9999999999999998
1A8LA,0.5,6,13,0.0,1.0
1A8LA,0.5,6,14,0.0,1.0
1A8LA,0.5,6,15,0.0,0.9999999999999998
1A8LA,0.5,6,16,0.0,1.0
1A8LA,0.5,6,17,0.0,1.0
1A8LA,0.5,6,18,0.0,1.0
1A8LA,0.5,6,19,0.0,1.0
1A8LA,0.5,7,0,0.0,1.0
1A8LA,0.5,7,1,0.0,1.0000000000000002
1A8LA,0.5,7,2,0.0,1.0000000000000002
1A8LA,0.5,7,3,0.0,1.0
1A8LA,0.5,7,4,0.0,1.0000000000000002
1A8LA,0.5,7,5,0.0,1.0
1A8LA,0.5,7,6,0.0,1.0
1A8LA,0.5,7,7,0.0,1.0
1A8LA,0.5,7,8,0.0,0.9999999999999999
1A8LA,0.5,7,9,0.0,1.0
1A8LA,0.5,7,10,0.0,1.0
1A8LA,0.5,7,11,0.0,1.0000000000000002
1A8LA,0.5,7,12,0.0,1.0
1A8LA,0.5,7,13,0.0,0.9999999999999999
1A8LA,0.5,7,14,0.0,0.9999999999999998
1A8LA,0.5,7,15,0.0,1.0
1A8LA,0.5,7,16,0.0,1.0000000000000002
1A8LA,0.5,7,17,0.0,1.0
1A8LA,0.5,7,18,0.0,1.0
1A8LA,0.5,7,19,0.0,1.0
1A8LA,0.5,8,0,0.0,0.9999999999999998
1A8LA,0.5,8,1,0.0,1.0
1A8LA,0.5,8,2,0.0,0.9999999999999999
1A8LA,0.5,8,3,0.0,1.0
1A8LA,0.5,8,4,0.0,1.0
1A8LA,0.5,8,5,0.0,0.9999999999999999
1A8LA,0.5,8,6,0.0,1.0
1A8LA,0.5,8,7,0.0,1.0
1A8LA,0.5,8,8,0.0,1.0
1A8LA,0.5,8,9,0.0,1.0
1A8LA,0.5,8,10,0.0,0.9999999999999999
1A8LA,0.5,8,11,0.0,1.0
1A8LA,0.5,8,12,0.0,1.0
1A8LA,0.5,8,13,0.0,1.0
1A8LA,0.5,8,14,0.0,1.0
1A8LA,0.5,8,15,0.0,1.0
1A8LA,0.5,8,16,0.0,1.0000000000000002
1A8LA,0.5,8,17,0.0,1.0
1A8LA,0.5,8,18,0.0,1.0
1A8LA,0.5,8,19,0.0,1.0
1A8LA,0.5,9,0,0.0,0.9999999999999998
1A8LA,0.5,9,1,0.0,1.0
1A8LA,0.5,9,2,0.0,0.9999999999999999
1A8LA,0.5,9,3,0.0,1.0
1A8LA,0.5,9,4,0.0,1.0
1A8LA,0.5,9,5,0.0,0.9999999999999999
1A8LA,0.5,9,6,0.0,1.0000000000000002
1A8LA,0.5,9,7,0.0,1.0
1A8LA,0.5,9,8,0.0,0.9999999999999998
1A8LA,0.5,9,9,0.0,1.0000000000000002
1A8LA,0.5,9,10,0.0,1.0
1A8LA,0.5,9,11,0.0,1.0000000000000002
1A8LA,0.5,9,12,0.0,1.0
1A8LA,0.5,9,13,0.0,1.0000000000000002
1A8LA,0.5,9,14,0.0,0.9999999999999998
1A8LA,0.5,9,15,0.0,1.0000000000000002
1A8LA,0.5,9,16,0.0,1.0000000000000002
1A8LA,0.5,9,17,0.0,1.0000000000000002
1A8LA,0.5,9,18,0.0,1.0
1A8LA,0.5,9,19,0.0,1.0000000000000002
1A8LA,0.5,10,0,0.0081048636434967,0.9857290051309708
1A8LA,0.5,10,1,0.00040890946939639447,0.995337618178229
1A8LA,0.5,10,2,0.004021401838943888,0.9551385151414487
1A8LA,0.5,10,3,0.0006687473000522773,0.9989830915835991
1A8LA,0.5,10,4,0.0037387427296522455,0.9855764692007986
1A8LA,0.5,10,5,0.0005175630433719818,0.9995763535908233
1A8LA,0.5,10,6,0.007187811578004731,0.9811197979972488
1A8LA,0.5,10,7,0.0004608558261028655,0.9972084669047551
1A8LA,0.5,10,8,0.0021783902073781417,0.9927924498771244
1A8LA,0.5,10,9,0.1422855692225584,0.9059224332093735
1A8LA,0.5,10,10,0.00019564547216447856,0.998915507508719
1A8LA,0.5,10,11,0.009085034926006917,0.9772966747380156
1A8LA,0.5,10,12,0.018118164938123654,0.9820165789894937
1A8LA,0.5,10,13,0.0015828494104613716,0.9885426360708884
1A8LA,0.5,10,14,0.012539388126354207,0.9755545023788103
1A8LA,0.5,10,15,0.002279573150306525,0.9876133470400635
1A8LA,0.5,10,16,0.016812915468034498,0.9725670241414214
1A8LA,0.5,10,17,0.0005675508687488064,0.9992663471664476
1A8LA,0.5,10,18,0.0035403104648752807,0.9958147247023528
1A8LA,0.5,10,19,0.004048661004274555,0.989877957193164
1A8LA,0.5,11,0,0.0044308346403006075,0.9939263087100337
1A8LA,0.5,11,1,0.006553057200457937,0.9828446740779532
1A8LA,0.5,11,2,0.0024351558317020822,0.9898731794315404
1A8LA,0.5,11,3,0.006705166342076375,0.9940541891976107
1A8LA,0.5,11,4,0.0034339022324742148,0.994704038371888
1A8LA,0.5,11,5,0.006488948872220807,0.9945636187756836
1A8LA,0.5,11,6,0.002898545122887027,0.9911078775798164
1A8LA,0.5,11,7,0.005678207399618067,0.9765903744742336
1A8LA,0.5,11,8,0.0036820713863779373,0.9927353641328667
1A8LA,0.5,11,9,0.0031909644065713384,0.9966826644807677
1A8LA,0.5,11,10,0.004089021979813765,0.9868537720211503
1A8LA,0.5,11,11,0.004336185288008064,0.9921212224876926
1A8LA,0.5,11,12,0.003505138863330218,0.9948847184924181
1A8LA,0.5,11,13,0.003442432436334566,0.9939497838086151
1A8LA,0.5,11,14,0.0060380377483538385,0.9907325987857629
1A8LA,0.5,11,15,0.0026372493361236505,0.9864551619531746
1A8LA,0.5,11,16,0.020426888340112838,0.9956693893647846
1A8LA,0.5,11,17,0.0038758082783793054,0.994356714459891
1A8LA,0.5,11,18,0.006024660932587012,0.9880865408433256
1A8LA,0.5,11,19,0.0032590950503838785,0.9826689147095572
1A8LA,0.5,12,0,0.0004142335611490523,0.9996786348229986
1A8LA,0.5,12,1,0.002313878118618949,0.9987319035169758
1A8LA,0.5,12,2,0.002935536681316796,0.9978572694271614
1A8LA,0.5,12,3,0.002017637447262932,0.9976046262683169
1A8LA,0.5,12,4,0.0022573326833057617,0.9926708752329245
1A8LA,0.5,12,5,0.000727012886478506,0.999633768626586
1A8LA,0.5,12,6,0.007935667927352627,0.9798966592089791
1A8LA,0.5,12,7,0.0015540451141196822,0.9964050648660447
1A8LA,0.5,12,8,0.0025567952660221784,0.9952201020834521
1A8LA,0.5,12,9,0.0020856242269102297,0.99714710726694
1A8LA,0.5,12,10,0.0020091844162062893,0.9980261674945329
1A8LA,0.5,12,11,0.0013121027659832552,0.9982441929829557
1A8LA,0.5,12,12,0.000901828645035908,0.999384100658749
1A8LA,0.5,12,13,0.0020616628728602274,0.9969551571464323
1A8LA,0.5,12,14,0.0021845050975762923,0.998798360790446
1A8LA,0.5,12,15,0.0014067863269679882,0.9994608642878864
1A8LA,0.5,12,16,0.0013691537111694514,0.9957802308242922
1A8LA,0.5,12,17,0.004352108331001294,0.9891637139727912
1A8LA,0.5,12,18,0.000542618165994006,0.999476674897298
1A8LA,0.5,12,19,0.0036085504936559415,0.9938522758902255
1A8LA,0.5,13,0,0.0009332855587096761,0.9987107088280257
1A8LA,0.5,13,1,0.0011664796025231906,0.9980144178622448
1A8LA,0.5,13,2,0.0009768639026865235,0.999043011287278
1A8LA,0.5,13,3,0.0012554804327835711,0.9988874373928227
1A8LA,0.5,13,4,0.0012346349532510522,0.9981837072633728
1A8LA,0.5,13,5,0.0005213815205348718,0.999760279607978
1A8LA,0.5,13,6,0.001420564149093205,0.9976354806838738
1A8LA,0.5,13,7,0.001991594646870316,0.9952721028819108
1A8LA,0.5,13,8,0.0022300549116097326,0.9961178158173104
1A8LA,0.5,13,9,0.00048821474179867663,0.9997735592002138
1A8LA,0.5,13,10,0.0012025013604121057,0.9988352984049071
1A8LA,0.5,13,11,0.000516849669828703,0.9997370334490127
1A8LA,0.5,13,12,0.0011968523358771351,0.9983507567573111
1A8LA,0.5,13,13,0.0010350622827340267,0.9974591200606315
1A8LA,0.5,13,14,0.0011568714749679225,0.9981903739265781
1A8LA,0.5,13,15,0.0014079432802189286,0.9979456911711498
1A8LA,0.5,13,16,0.001663565804421667,0.9975823972914738
1A8LA,0.5,13,17,0.0014031852554363992,0.9958769743887217
1A8LA,0.5,13,18,0.0014299544821663086,0.9978326837158736
1A8LA,0.5,13,19,0.001418404451896495,0.9973562454168541
1A8LA,0.5,14,0,0.0009912316994122442,0.9984250685316036
1A8LA,0.5,14,1,0.0008803206635434972,0.9996100461954518
1A8LA,0.5,14,2,0.0008916066398314642,0.9984365217505965
1A8LA,0.5,14,3,0.0008849031524212628,0.9992860138976716
1A8LA,0.5,14,4,0.001241261009647367,0.998562177828131
1A8LA,0.5,14,5,0.000419924091209387,0.9997529805047792
1A8LA,0.5,14,6,0.0005378389340555597,0.9997133517419479
1A8LA,0.5,14,7,0.0011168377429539589,0.9967735412317332
1A8LA,0.5,14,8,0.0015407906297089289,0.9956455972092111
1A8LA,0.5,14,9,0.0007744475079752265,0.9995632027715857
1A8LA,0.5,14,10,0.0008285181007770719,0.9980393798265642
1A8LA,0.5,14,11,0.0015493109723438273,0.997346973661756
1A8LA,0.5,14,12,0.0008044507010309712,0.9986211920521926
1A8LA,0.5,14,13,0.0009652260980244713,0.9975270166817423
1A8LA,0.5,14,14,0.0005411973260329003,0.9993377646640081
1A8LA,0.5,14,15,0.000522677968845748,0.9995896409702749
1A8LA,0.5,14,16,0.001898738020363029,0.9977982833943518
1A8LA,0.5,14,17,0.0017109197648579207,0.9931900752312027
1A8LA,0.5,14,18,0.000512725576464419,0.9988683086538102
1A8LA,0.5,14,19,0.0009821652737942465,0.9977851377538065
1A8LA,0.5,15,0,0.0020327606646597636,0.9978849918671684
1A8LA,0.5,15,1,0.0009326505657310277,0.9985614521455627
1A8LA,0.5,15,2,0.0011081697787938098,0.9977113141763276
1A8LA,0.5,15,3,0.0008763442420092237,0.9987266620513459
1A8LA,0.5,15,4,0.0007836263181347073,0.9987235784372254
1A8LA,0.5,15,5,0.0009362509091970665,0.9978330729640961
1A8LA,0.5,15,6,0.0008674781902562841,0.9994041961199669
1A8LA,0.5,15,7,0.001784424031627994,0.9979606797133798
1A8LA,0.5,15,8,0.0009993596506384448,0.9975214332663231
1A8LA,0.5,15,9,0.0005279079851352871,0.9996962916768263
1A8LA,0.5,15,10,0.0004649133722888042,0.9995503046266588
1A8LA,0.5,15,11,0.0012204258151249634,0.9963588788298025
1A8LA,0.5,15,12,0.0009395238141215475,0.9986320028436354
1A8LA,0.5,15,13,0.000836906009034684,0.9992052146722321
1A8LA,0.5,15,14,0.0010993866416699441,0.9985026724594281
1A8LA,0.5,15,15,0.0009636180125568285,0.9974930488331993
1A8LA,0.5,15,16,0.0012551516724212386,0.9964739891245463
1A8LA,0.5,15,17,0.00175904277764301,0.9974730567046409
1A8LA,0.5,15,18,0.0007418729494384098,0.9992323503094419
1A8LA,0.5,15,19,0.000653866052179408,0.9997708488143122
1A8LA,0.5,16,0,0.0008789700067596803,0.9984757230927086
1A8LA,0.5,16,1,0.0011601899680846123,0.9973063418542271
1A8LA,0.5,16,2,0.0018408418368602434,0.9968944029835367
1A8LA,0.5,16,3,0.0009372022248475479,0.9983004015783407
1A8LA,0.5,16,4,0.0008622401223395371,0.9987000160655425
1A8LA,0.5,16,5,0.000993881607558365,0.9973833814860205
1A8LA,0.5,16,6,0.0017919708317524707,0.9980267468197033
1A8LA,0.5,16,7,0.0011879030801560302,0.999492629065946
1A8LA,0.5,16,8,0.0007128564492834353,0.9991901722509787
1A8LA,0.5,16,9,0.0007797014975747315,0.999111402104832
1A8LA,0.5,16,10,0.0007118885404412665,0.999230712492324
1A8LA,0.5,16,11,0.0020150899310724694,0.9960473575969212
1A8LA,0.5,16,12,0.0006952896997432678,0.9992372528028336
1A8LA,0.5,16,13,0.0010625304379248777,0.9986186579457514
1A8LA,0.5,16,14,0.0010866429245367675,0.9982469999464517
1A8LA,0.5,16,15,0.0007536669058617993,0.9992123538773743
1A8LA,0.5,16,16,0.0014623645619342804,0.9946714720185605
1A8LA,0.5,16,17,0.0010179654775311596,0.9982411216067496
1A8LA,0.5,16,18,0.0010785108319286377,0.9974334765239568
1A8LA,0.5,16,19,0.0006808906420471315,0.9997005741791769
1A8LA,0.5,17,0,0.0006853483877108107,0.9993837568095572
1A8LA,0.5,17,1,0.0007633311550130352,0.999322185978921
1A8LA,0.5,17,2,0.000887221571268371,0.9991128204645481
1A8LA,0.5,17,3,0.0008921083789975232,0.9982983917623228
1A8LA,0.5,17,4,0.0013680517045303964,0.9975975776546898
1A8LA,0.5,17,5,0.0009898169828233083,0.998049338408499
1A8LA,0.5,17,6,0.0009691698443855797,0.9973422563094938
1A8LA,0.5,17,7,0.0008020855765162314,0.9989705714764634
1A8LA,0.5,17,8,0.0007215763482076457,0.998990672177586
1A8LA,0.5,17,9,0.0010535820828905561,0.9986659088881176
1A8LA,0.5,17,10,0.0007597826141434998,0.9988340540035875
1A8LA,0.5,17,11,0.0008132953154034395,0.9985974444391268
1A8LA,0.5,17,12,0.0008455844786289322,0.9972844877331878
1A8LA,0.5,17,13,0.0010731838136763192,0.9979201278894245
1A8LA,0.5,17,14,0.0011464994241155528,0.9984895724278794
1A8LA,0.5,17,15,0.0011066711365156762,0.996907311803416
1A8LA,0.5,17,16,0.0005892207569841186,0.9993112996062461
1A8LA,0.5,17,17,0.0009518799754109899,0.9990444532852458
1A8LA,0.5,17,18,0.0015383241588537778,0.9973055835675246
1A8LA,0.5,17,19,0.0009461073415782664,0.999139399466922
1A8LA,0.5,18,0,0.0011526690385866053,0.997071503215533
1A8LA,0.5,18,1,0.0008259523711486317,0.9989489395385737
1A8LA,0.5,18,2,0.0010771107779712144,0.9983499538050281
1A8LA,0.5,18,3,0.0009988780096962836,0.9986329296684028
1A8LA,0.5,18,4,0.0010143347332684572,0.9982587855200991
1A8LA,0.5,18,5,0.0010470195476243523,0.9991924961251794
1A8LA,0.5,18,6,0.00041012158405953945,0.9997199215443685
1A8LA,0.5,18,7,0.0009230935172872108,0.9981787431297423
1A8LA,0.5,18,8,0.0008240597012687074,0.9992621725435519
1A8LA,0.5,18,9,0.0010505802636484151,0.9976446059472805
1A8LA,0.5,18,10,0.0009858047899240444,0.9960836009945467
1A8LA,0.5,18,11,0.0012253593249893576,0.9976274842609286
1A8LA,0.5,18,12,0.0008250433139875077,0.9988924234187976
1A8LA,0.5,18,13,0.0010640431233000717,0.9990234647435715
1A8LA,0.5,18,14,0.0024529651482942958,0.993537682181602
1A8LA,0.5,18,15,0.0011912256150213422,0.997466440038036
1A8LA,0.5,18,16,0.0013283986239537413,0.9960337897706614
1A8LA,0.5,18,17,0.0011139391727338487,0.9976180221539408
1A8LA,0.5,18,18,0.001020069005904778,0.9988455871611625
1A8LA,0.5,18,19,0.0010048575412527072,0.9984002876718656
1A8LA,0.5,19,0,0.0005346647976072753,0.9996362001047201
1A8LA,0.5,19,1,0.0011437006055458553,0.9981682271032338
1A8LA,0.5,19,2,0.000993506359355974,0.9986340488016968
1A8LA,0.5,19,3,0.0008627192723880998,0.9991227436733046
1A8LA,0.5,19,4,0.0008093187737000728,0.9993081245759492
1A8LA,0.5,19,5,0.0005708741166422818,0.9996180145351911
1A8LA,0.5,19,6,0.001295063396204207,0.9971580177976416
1A8LA,0.5,19,7,0.001018102809507817,0.9983840004101501
1A8LA,0.5,19,8,0.0012499253986535347,0.997939858992238
1A8LA,0.5,19,9,0.000790904121990382,0.9974624540914251
1A8LA,0.5,19,10,0.0009188799347675639,0.998444486943035
1A8LA,0.5,19,11,0.0012844822876755832,0.9972469691441493
1A8LA,0.5,19,12,0.0011437639321627724,0.9986331979172062
1A8LA,0.5,19,13,0.0009829805913957926,0.9985602593773558
1A8LA,0.5,19,14,0.0006293708213851979,0.9995499706464573
1A8LA,0.5,19,15,0.0008436885507317446,0.9990374498931145
1A8LA,0.5,19,16,0.0017971978616531173,0.9957749987385873
1A8LA,0.5,19,17,0.0005182443042742334,0.9993795817395411
1A8LA,0.5,19,18,0.001078688376841521,0.997453880195658
1A8LA,0.5,19,19,0.0010278284934468554,0.9988339660603001
1A8LA,0.5,20,0,0.0007536373277214715,0.9992074279849754
1A8LA,0.5,20,1,0.0007817343531016078,0.999093284609777
1A8LA,0.5,20,2,0.0010898146658388016,0.9978686556033997
1A8LA,0.5,20,3,0.0005652097271481413,0.9993866635623022
1A8LA,0.5,20,4,0.0009531170859045059,0.998647457655187
1A8LA,0.5,20,5,0.0008267859381866843,0.9991697720120551
1A8LA,0.5,20,6,0.0017914069017625188,0.9954599385166603
1A8LA,0.5,20,7,0.000745031676975304,0.9992088570229576
1A8LA,0.5,20,8,0.0010810248875050867,0.9988041039610573
1A8LA,0.5,20,9,0.0010438789761676095,0.9987411414643254
1A8LA,0.5,20,10,0.00033335659518696876,0.9997985736196235
1A8LA,0.5,20,11,0.0010453401850335751,0.9984935861468615
1A8LA,0.5,20,12,0.0009291589702955055,0.9988945397101314
1A8LA,0.5,20,13,0.0005308296065798113,0.9996117172846414
1A8LA,0.5,20,14,0.001354203017789818,0.9971939901459634
1A8LA,0.5,20,15,0.00045075981004954866,0.999671562916082
1A8LA,0.5,20,16,0.0010004171747377616,0.9987577518802403
1A8LA,0.5,20,17,0.0013056466093686887,0.9974196694252109
1A8LA,0.5,20,18,0.0010267049781721269,0.998778748377647
1A8LA,0.5,20,19,0.0005193163276592288,0.9994655923374303
1A8LA,0.5,21,0,0.000979241255195826,0.999011793142029
1A8LA,0.5,21,1,0.0011772081103674963,0.9973285341996494
1A8LA,0.5,21,2,0.0008496622032041017,0.9986907673350419
1A8LA,0.5,21,3,0.001090909407771051,0.9982612538482729
1A8LA,0.5,21,4,0.000838143262816953,0.9989130988021657
1A8LA,0.5,21,5,0.0010315560432387829,0.9985013507721482
1A8LA,0.5,21,6,0.0009475807614619415,0.9986193272027424
1A8LA,0.5,21,7,0.0012054524350050685,0.9978819237528662
1A8LA,0.5,21,8,0.001413812332113858,0.996938620061149
1A8LA,0.5,21,9,0.0011361276130276144,0.9984095003982568
1A8LA,0.5,21,10,0.0012158245814915714,0.9973723803885992
1A8LA,0.5,21,11,0.0012757957472620829,0.9986167474310097
1A8LA,0.5,21,12,0.0011199955300011761,0.9979195257137883
1A8LA,0.5,21,13,0.0005390021956580817,0.9995743150273224
1A8LA,0.5,21,14,0.0011845584985118083,0.9971415006387668
1A8LA,0.5,21,15,0.0009044463339973495,0.9991549957212784
1A8LA,0.5,21,16,0.0011745738649783636,0.9971692026553154
1A8LA,0.5,21,17,0.001356549165483177,0.9977966979947969
1A8LA,0.5,21,18,0.001034760090022728,0.9976924753465717
1A8LA,0.5,21,19,0.0010437992337008033,0.9980482558750542
1A8LA,0.5,22,0,0.0008884884304707517,0.9983052776682793
1A8LA,0.5,22,1,0.0011795755026378564,0.9986787801720259
1A8LA,0.5,22,2,0.0012978029453530966,0.997337959101656
1A8LA,0.5,22,3,0.0007458804540708463,0.9991985964735346
1A8LA,0.5,22,4,0.0009740627766413787,0.9991139219021576
1A8LA,0.5,22,5,0.001236520008592243,0.9976350034244289
1A8LA,0.5,22,6,0.0010938562802152076,0.9984198410051911
1A8LA,0.5,22,7,0.0011087488968035718,0.9981041962961817
1A8LA,0.5,22,8,0.0009232966593635274,0.9988060405734144
1A8LA,0.5,22,9,0.0011759085568471168,0.997975753951418
1A8LA,0.5,22,10,0.0011629657532919947,0.9980793065266725
1A8LA,0.5,22,11,0.0011190386893077887,0.9978256702974615
1A8LA,0.5,22,12,0.0011718951691459519,0.9977863055432818
1A8LA,0.5,22,13,0.0013972411490230647,0.997854700159637
1A8LA,0.5,22,14,0.0010410939307307291,0.9986867737861824
1A8LA,0.5,22,15,0.0007150712558078716,0.998706621995162
1A8LA,0.5,22,16,0.0006083758740133108,0.9995058624803153
1A8LA,0.5,22,17,0.0010883060145296364,0.9988313274637894
1A8LA,0.5,22,18,0.00122347872797182,0.9981643433170632
1A8LA,0.5,22,19,0.0012630534903572675,0.9982337521381774
1A8LA,0.5,23,0,0.0006883393496296568,0.9993086370081654
1A8LA,0.5,23,1,0.0014717887211367299,0.9971555188930639
1A8LA,0.5,23,2,0.0014268650216423854,0.997238188441035
1A8LA,0.5,23,3,0.0010332155325067573,0.998869073388068
1A8LA,0.5,23,4,0.0013791439111388425,0.9985473784842368
1A8LA,0.5,23,5,0.0012768961651127596,0.9984761750847457
1A8LA,0.5,23,6,0.0014860426561051133,0.9972204284906864
1A8LA,0.5,23,7,0.001347327456201318,0.9981534265028177
1A8LA,0.5,23,8,0.0012219749394518254,0.9982975158654763
1A8LA,0.5,23,9,0.0012921753659889395,0.9974807775675704
1A8LA,0.5,23,10,0.0008034625083036602,0.9993057528431083
1A8LA,0.5,23,11,0.0009091118398760112,0.9989458649438114
1A8LA,0.5,23,12,0.0014060454667481047,0.9981543567639448
1A8LA,0.5,23,13,0.0013564411505880296,0.9979309977464985
1A8LA,0.5,23,14,0.0011371592851948382,0.997778024328916
1A8LA,0.5,23,15,0.001151902068180068,0.9979839570108279
1A8LA,0.5,23,16,0.0014514466888340702,0.9972718701498021
1A8LA,0.5,23,17,0.001534911050820379,0.9978008740348987
1A8LA,0.5,23,18,0.0009451662441163548,0.9985746041671424
1A8LA,0.5,23,19,0.0012670811878625603,0.9980212256883666
1A8LA,0.5,24,0,0.001564644653423479,0.9977716803126621
1A8LA,0.5,24,1,0.0009242129396948953,0.9986440702887962
1A8LA,0.5,24,2,0.0015999146771782072,0.9971093918137687
1A8LA,0.5,24,3,0.001362093821219993,0.9978905543390093
1A8LA,0.5,24,4,0.001385097910839498,0.9971445134309133
1A8LA,0.5,24,5,0.0017118211075126634,0.9971221958006725
1A8LA,0.5,24,6,0.0008430723277491186,0.999161268168441
1A8LA,0.5,24,7,0.0006970629113272637,0.9992676450742868
1A8LA,0.5,24,8,0.0014023767961187478,0.9973591844729771
1A8LA,0.5,24,9,0.0012885610118078682,0.9980312201567697
1A8LA,0.5,24,10,0.0014825712091182496,0.9976004644938852
1A8LA,0.5,24,11,0.0015050490075646575,0.997745574239145
1A8LA,0.5,24,12,0.0011146171956324888,0.9986509827165021
1A8LA,0.5,24,13,0.0014181574579280082,0.9974363572531547
1A8LA,0.5,24,14,0.0015287722442167235,0.996998560262373
1A8LA,0.5,24,15,0.001578222169107167,0.9975336142553509
1A8LA,0.5,24,16,0.00124648861139369,0.9978791564276142
1A8LA,0.5,24,17,0.0016800913504424215,0.9958055386828234
1A8LA,0.5,24,18,0.0018519577748305855,0.9953423697456538
1A8LA,0.5,24,19,0.0014505670071821737,0.9982904261827998
1A8LA,0.5,25,0,0.001659386832518782,0.9973421616807047
1A8LA,0.5,25,1,0.0018115428463408923,0.9955674951547268
1A8LA,0.5,25,2,0.001562808654978289,0.9978945932509107
1A8LA,0.5,25,3,0.0017287280583762634,0.9960207727395397
1A8LA,0.5,25,4,0.002003672944627988,0.9965491045622343
1A8LA,0.5,25,5,0.001858045526765073,0.9963381971644145
1A8LA,0.5,25,6,0.0015351017602925347,0.9965353616033262
1A8LA,0.5,25,7,0.0015536851795780711,0.9975739977712508
1A8LA,0.5,25,8,0.0009024603187086384,0.9990465906480307
1A8LA,0.5,25,9,0.0017536307368485923,0.996596532609153
1A8LA,0.5,25,10,0.0015194299088871358,0.9976636780074928
1A8LA,0.5,25,11,0.0008716059161957227,0.999075245410463
1A8LA,0.5,25,12,0.0018557773549094866,0.996385329380173
1A8LA,0.5,25,13,0.0014954285404879541,0.9979473966610577
1A8LA,0.5,25,14,0.001556795951697631,0.9975637126407909
1A8LA,0.5,25,15,0.001566768783474233,0.9974799161385977
1A8LA,0.5,25,16,0.0006010477656293175,0.9995379091484272
1A8LA,0.5,25,17,0.0018765911851171284,0.996085828175762
1A8LA,0.5,25,18,0.0020164049899306707,0.9962498249640571
1A8LA,0.5,25,19,0.0018570777477936637,0.9960331411646107
1A8LA,0.5,26,0,0.002125811936277226,0.9968436154876312
1A8LA,0.5,26,1,0.0018506417485093056,0.9956369266512866
1A8LA,0.5,26,2,0.0016864246854567182,0.9972688857220249
1A8LA,0.5,26,3,0.001044690659205479,0.9985453280032981
1A8LA,0.5,26,4,0.0006569769016246602,0.9996175909730618
1A8LA,0.5,26,5,0.0007650798691503877,0.9992710039933165
1A8LA,0.5,26,6,0.00046242931058145957,0.9997250926876001
1A8LA,0.5,26,7,0.0018189905943527857,0.9966402863290047
1A8LA,0.5,26,8,0.0018549720495390494,0.9963778315611351
1A8LA,0.5,26,9,0.001989741287360622,0.9954246301166667
1A8LA,0.5,26,10,0.0014007671180193283,0.9984809759055893
1A8LA,0.5,26,11,0.0008691110484853785,0.9990777586682336
1A8LA,0.5,26,12,0.0018585278699035919,0.9973278728288564
1A8LA,0.5,26,13,0.001956722178837688,0.9963578733786937
1A8LA,0.5,26,14,0.0005139236600362273,0.9996097764962566
1A8LA,0.5,26,15,0.0016012721882442296,0.997044331676777
1A8LA,0.5,26,16,0.0015557482961153519,0.99828920118951
1A8LA,0.5,26,17,0.0017323139335659364,0.9974817046159288
1A8LA,0.5,26,18,0.0018413330431742015,0.9955875710656393
1A8LA,0.5,26,19,0.001696945388869885,0.9969652936742647
1A8LA,0.5,27,0,0.0019943235366768754,0.9961098031713936
1A8LA,0.5,27,1,0.0012433174267942075,0.9983906994711234
1A8LA,0.5,27,2,0.0017363472773264813,0.9971855503230083
1A8LA,0.5,27,3,0.001080360212346885,0.9987412191190755
1A8LA,0.5,27,4,0.0009974297527395076,0.9988026109277889
1A8LA,0.5,27,5,0.001081274515290134,0.9989459041095151
1A8LA,0.5,27,6,0.0014613666515141896,0.9974575976272221
1A8LA,0.5,27,7,0.000874676127584991,0.9991970016297216
1A8LA,0.5,27,8,0.0013275044109394972,0.9980514773255122
1A8LA,0.5,27,9,0.0018437374768811602,0.9970382571360051
1A8LA,0.5,27,10,0.0005848966275144531,0.9994791201173399
1A8LA,0.5,27,11,0.001312179391712753,0.9980972867522016
1A8LA,0.5,27,12,0.0015719907044341064,0.9969067465288796
1A8LA,0.5,27,13,0.001982825832494585,0.9957420588536005
1A8LA,0.5,27,14,0.0018184626294427762,0.9968878641094686
1A8LA,0.5,27,15,0.001447586545951788,0.9982656610790659
1A8LA,0.5,27,16,0.002092599452480789,0.9962350120925998
1A8LA,0.5,27,17,0.0016957709237332324,0.997346820796397
1A8LA,0.5,27,18,0.0011235053249142382,0.9983425237630739
1A8LA,0.5,27,19,0.001543745047781833,0.996927614895542
1A8LA,0.5,28,0,0.0017447271179561144,0.9971552013610537
1A8LA,0.5,28,1,0.0017761914346442235,0.9972745997803651
1A8LA,0.5,28,2,0.000734131125775017,0.9992587572332559
1A8LA,0.5,28,3,0.001630142437053348,0.9977120292620851
1A8LA,0.5,28,4,0.0011006204812437728,0.998599705572951
1A8LA,0.5,28,5,0.0013293015828110856,0.9971622352765684
1A8LA,0.5,28,6,0.0017606381829199554,0.9970221117035869
1A8LA,0.5,28,7,0.002269714493611595,0.9952721580006123
1A8LA,0.5,28,8,0.001319697798185731,0.9977322707459974
1A8LA,0.5,28,9,0.0022369466059010187,0.9939223207747533
1A8LA,0.5,28,10,0.0008606227001636429,0.999427890174139
1A8LA,0.5,28,11,0.001236221051659945,0.9981021659226028
1A8LA,0.5,28,12,0.0014517864131424305,0.99800704298524
1A8LA,0.5,28,13,0.0015386762008513229,0.9975108968909484
1A8LA,0.5,28,14,0.0011794561623270326,0.9976983450828485
1A8LA,0.5,28,15,0.001584508441815405,0.9972998289362078
1A8LA,0.5,28,16,0.0013137840609685919,0.9982376077137978
1A8LA,0.5,28,17,0.0016944273757487172,0.9959348684190712
1A8LA,0.5,28,18,0.0003447167659603427,0.9998159311442639
1A8LA,0.5,28,19,0.002281380576527981,0.9946900288630051
1A8LA,0.5,29,0,0.0018143815723017905,0.9962678505266055
1A8LA,0.5,29,1,0.0009353466403775205,0.9951805526511229
1A8LA,0.5,29,2,0.0013018934236730636,0.99782443787615
1A8LA,0.5,29,3,0.001170118324036293,0.9990712204831503
1A8LA,0.5,29,4,0.0008598131517976352,0.9989380694362481
1A8LA,0.5,29,5,0.0011845791334529126,0.9991810985858076
1A8LA,0.5,29,6,0.0015070536148626152,0.9967829636514379
1A8LA,0.5,29,7,0.0014640242969863897,0.9982524175917554
1A8LA,0.5,29,8,0.0016411220272300295,0.9970983662753364
1A8LA,0.5,29,9,0.000692912441967616,0.9993060070999353
1A8LA,0.5,29,10,0.0010533696356373478,0.9989721630435021
1A8LA,0.5,29,11,0.0009924271960028471,0.9989470662288197
1A8LA,0.5,29,12,0.0018227258778753717,0.9971835921253313
1A8LA,0.5,29,13,0.001857188062154923,0.9946446696799466
1A8LA,0.5,29,14,0.0010132819088790512,0.9971973356585978
1A8LA,0.5,29,15,0.0010856170607179989,0.9973087969331761
1A8LA,0.5,29,16,0.0014646314722123483,0.9969998771006693
1A8LA,0.5,29,17,0.0011735487379195958,0.9984018436850547
1A8LA,0.5,29,18,0.0018185280890370612,0.9974934551945188
1A8LA,0.5,29,19,0.0011796481095913672,0.9986796225634611
1A8LA,0.5,30,0,0.0018030185425215188,0.997357002063887
1A8LA,0.5,30,1,0.0018361547460092602,0.9972088898649363
1A8LA,0.5,30,2,0.001246682220649524,0.9979499829792559
1A8LA,0.5,30,3,0.001458658184846999,0.9973753749699984
1A8LA,0.5,30,4,0.0007075053815410726,0.9979756673482275
1A8LA,0.5,30,5,0.0010854034826596334,0.9970997104659094
1A8LA,0.5,30,6,0.0009289641855006111,0.9987565866146809
1A8LA,0.5,30,7,0.0009857279963779435,0.9987580193251671
1A8LA,0.5,30,8,0.0016783460623810518,0.9955057748791691
1A8LA,0.5,30,9,0.0017736661404675036,0.9950273376105386
1A8LA,0.5,30,10,0.0013005671982844688,0.998103993689967
1A8LA,0.5,30,11,0.0013004096284759147,0.9979788644656418
1A8LA,0.5,30,12,0.0007709305153469343,0.9992050243980517
1A8LA,0.5,30,13,0.0017557872063633023,0.9968759703782092
1A8LA,0.5,30,14,0.0004895763764521488,0.9997100510558435
1A8LA,0.5,30,15,0.00047026202591231905,0.9997352481836769
1A8LA,0.5,30,16,0.0015823520365121253,0.9970777800981151
1A8LA,0.5,30,17,0.0006335735216332876,0.9993917691960148
1A8LA,0.5,30,18,0.0012073364222461326,0.9965611455253597
1A8LA,0.5,30,19,0.0008669965371187646,0.9993235213669939
1A8LA,0.5,31,0,0.0016966227392422662,0.9962161644754407
1A8LA,0.5,31,1,0.0012804896458309505,0.998128150150995
1A8LA,0.5,31,2,0.0010473249437690604,0.9982572050530211
1A8LA,0.5,31,3,0.00025340810798025413,0.9999240930159397
1A8LA,0.5,31,4,0.0012695098733093806,0.9964924954615527
1A8LA,0.5,31,5,0.000503292113380452,0.9997071289895049
1A8LA,0.5,31,6,0.001057926959974337,0.9988484938375017
1A8LA,0.5,31,7,0.0006943689865864677,0.9981474034357313
1A8LA,0.5,31,8,0.0009809253959794273,0.9993858232303171
1A8LA,0.5,31,9,0.0011601321367686167,0.9987369709351442
1A8LA,0.5,31,10,0.0011314616337211318,0.9980706900966813
1A8LA,0.5,31,11,0.0004996719030823281,0.9988346101505959
1A8LA,0.5,31,12,0.0014076806876568003,0.9974703263214609
1A8LA,0.5,31,13,0.00023856226920921422,0.9999267063962063
1A8LA,0.5,31,14,0.0007426469878756298,0.9993961619020771
1A8LA,0.5,31,15,0.0010058014675731544,0.999234836638478
1A8LA,0.5,31,16,0.0008278015391975444,0.9992866956569039
1A8LA,0.5,31,17,0.001646318892284373,0.9965947884024439
1A8LA,0.5,31,18,0.00114728742401096,0.9991349996011902
1A8LA,0.5,31,19,0.0017503158316196058,0.9952144651874077
1A8LA,0.5,32,0,0.001291323484541631,0.9967952774613369
1A8LA,0.5,32,1,0.0007746302477142016,0.9989044394918002
1A8LA,0.5,32,2,0.0010910785425308695,0.9967297022312136
1A8LA,0.5,32,3,0.0011189226208570022,0.9987198795821653
1A8LA,0.5,32,4,0.001395263497984734,0.9981313284180422
1A8LA,0.5,32,5,0.0002643113251894271,0.9993979955341769
1A8LA,0.5,32,6,0.00137078857107223,0.9972559645413118
1A8LA,0.5,32,7,0.001608254057593289,0.996651792880811
1A8LA,0.5,32,8,0.0005295841128871144,0.9985166158990848
1A8LA,0.5,32,9,0.0006083484036481217,0.999408619081078
1A8LA,0.5,32,10,0.001210518650338161,0.99823467045263
1A8LA,0.5,32,11,0.0012556072999990188,0.997167878133724
1A8LA,0.5,32,12,0.0011554431187057494,0.9981256762209713
1A8LA,0.5,32,13,0.0016608400025163038,0.9972429507824169
1A8LA,0.5,32,14,0.0016807241592617513,0.9970022181298209
1A8LA,0.5,32,15,0.0009206779675108548,0.999236551280639
1A8LA,0.5,32,16,0.000454068073678948,0.9991204824001712
1A8LA,0.5,32,17,0.0011485427809733973,0.9973793702128773
1A8LA,0.5,32,18,0.0014343245530151279,0.9975120749232664
1A8LA,0.5,32,19,0.0019722434128863534,0.994696388283929
1A8LA,1.0,0,0,0.0,1.0000000000000002
1A8LA,1.0,0,1,0.0,1.0
1A8LA,1.0,0,2,0.0,1.0000000000000002
1A8LA,1.0,0,3,0.0,1.0
1A8LA,1.0,0,4,0.0,0.9999999999999998
1A8LA,1.0,0,5,0.0,0.9999999999999999
1A8LA,1.0,0,6,0.0,1.0000000000000002
1A8LA,1.0,0,7,0.0,1.0
1A8LA,1.0,0,8,0.0,1.0
1A8LA,1.0,0,9,0.0,1.0000000000000002
1A8LA,1.0,0,10,0.0,1.0
1A8LA,1.0,0,11,0.0,1.0000000000000002
1A8LA,1.0,0,12,0.0,1.0000000000000002
1A8LA,1.0,0,13,0.0,0.9999999999999998
1A8LA,1.0,0,14,0.0,1.0
1A8LA,1.0,0,15,0.0,1.0000000000000002
1A8LA,1.0,0,16,0.0,1.0000000000000002
1A8LA,1.0,0,17,0.0,1.0000000000000002
1A8LA,1.0,0,18,0.0,0.9999999999999999
1A8LA,1.0,0,19,0.0,1.0
1A8LA,1.0,1,0,0.0,1.0000000000000002
1A8LA,1.0,1,1,0.0,1.0000000000000002
1A8LA,1.0,1,2,0.0,1.0
1A8LA,1.0,1,3,0.0,1.0
1A8LA,1.0,1,4,0.0,1.0000000000000002
1A8LA,1.0,1,5,0.0,1.0000000000000002
1A8LA,1.0,1,6,0.0,1.0
1A8LA,1.0,1,7,0.0,1.0000000000000002
1A8LA,1.0,1,8,0.0,0.9999999999999999
1A8LA,1.0,1,9,0.0,1.0000000000000002
1A8LA,1.0,1,10,0.0,1.0000000000000002
1A8LA,1.0,1,11,0.0,1.0
1A8LA,1.0,1,12,0.0,0.9999999999999999
1A8LA,1.0,1,13,0.0,1.0000000000000002
1A8LA,1.0,1,14,0.0,1.0
1A8LA,1.0,1,15,0.0,1.0
1A8LA,1.0,1,16,0.0,1.0
1A8LA,1.0,1,17,0.0,0.9999999999999998
1A8LA,1.0,1,18,0.0,0.9999999999999999
1A8LA,1.0,1,19,0.0,1.0000000000000002
1A8LA,1.0,2,0,0.0,1.0
1A8LA,1.0,2,1,0.0,1.0000000000000002
1A8LA,1.0,2,2,0.0,1.0
1A8LA,1.0,2,3,0.0,0.9999999999999998
1A8LA,1.0,2,4,0.0,1.0
1A8LA,1.0,2,5,0.0,0.9999999999999998
1A8LA,1.0,2,6,0.0,1.0
1A8LA,1.0,2,7,0.0,1.0
1A8LA,1.0,2,8,0.0,0.9999999999999999
1A8LA,1.0,2,9,0.0,1.0
1A8LA,1.0,2,10,0.0,1.0
1A8LA,1.0,2,11,0.0,1.0
1A8LA,1.0,2,12,0.0,0.9999999999999998
1A8LA,1.0,2,13,0.0,0.9999999999999999
1A8LA,1.0,2,14,0.0,0.9999999999999998
1A8LA,1.0,2,15,0.0,1.0
1A8LA,1.0,2,16,0.0,1.0
1A8LA,1.0,2,17,0.0,1.0
1A8LA,1.0,2,18,0.0,0.9999999999999999
1A8LA,1.0,2,19,0.0,1.0
1A8LA,1.0,3,0,0.0,1.0
1A8LA,1.0,3,1,0.0,1.0
1A8LA,1.0,3,2,0.0,0.9999999999999999
1A8LA,1.0,3,3,0.0,1.0000000000000002
1A8LA,1.0,3,4,0.0,0.9999999999999998
1A8LA,1.0,3,5,0.0,1.0
1A8LA,1.0,3,6,0.0,1.0
1A8LA,1.0,3,7,0.0,1.0
1A8LA,1.0,3,8,0.0,1.0000000000000002
1A8LA,1.0,3,9,0.0,1.0
1A8LA,1.0,3,10,0.0,1.0000000000000002
1A8LA,1.0,3,11,0.0,1.0
1A8LA,1.0,3,12,0.0,1.0
1A8LA,1.0,3,13,0.0,1.0
1A8LA,1.0,3,14,0.0,1.0000000000000002
1A8LA,1.0,3,15,0.0,1.0
1A8LA,1.0,3,16,0.0,0.9999999999999998
1A8LA,1.0,3,17,0.0,1.0
1A8LA,1.0,3,18,0.0,1.0
1A8LA,1.0,3,19,0.0,1.0000000000000002
1A8LA,1.0,4,0,0.0,1.0
1A8LA,1.0,4,1,0.0,1.0000000000000002
1A8LA,1.0,4,2,0.0,0.9999999999999998
1A8LA,1.0,4,3,0.0,0.9999999999999999
1A8LA,1.0,4,4,0.0,1.0
1A8LA,1.0,4,5,0.0,1.0
1A8LA,1.0,4,6,0.0,0.9999999999999998
1A8LA,1.0,4,7,0.0,1.0
1A8LA,1.0,4,8,0.0,1.0
1A8LA,1.0,4,9,0.0,1.0
1A8LA,1.0,4,10,0.0,0.9999999999999998
1A8LA,1.0,4,11,0.0,0.9999999999999999
1A8LA,1.0,4,12,0.0,0.9999999999999999
1A8LA,1.0,4,13,0.0,1.0
1A8LA,1.0,4,14,0.0,1.0000000000000002
1A8LA,1.0,4,15,0.0,0.9999999999999999
1A8LA,1.0,4,16,0.0,1.0
1A8LA,1.0,4,17,0.0,0.9999999999999998
1A8LA,1.0,4,18,0.0,1.0000000000000002
1A8LA,1.0,4,19,0.0,1.0
1A8LA,1.0,5,0,0.0,1.0
1A8LA,1.0,5,1,0.0,1.0000000000000002
1A8LA,1.0,5,2,0.0,1.0
1A8LA,1.0,5,3,0.0,1.0
1A8LA,1.0,5,4,0.0,1.0000000000000002
1A8LA,1.0,5,5,0.0,1.0000000000000002
1A8LA,1.0,5,6,0.0,1.0000000000000002
1A8LA,1.0,5,7,0.0,1.0
1A8LA,1.0,5,8,0.0,1.0
1A8LA,1.0,5,9,0.0,1.0
1A8LA,1.0,5,10,0.0,1.0
1A8LA,1.0,5,11,0.0,0.9999999999999999
1A8LA,1.0,5,12,0.0,0.9999999999999999
1A8LA,1.0,5,13,0.0,1.0
1A8LA,1.0,5,14,0.0,1.0
1A8LA,1.0,5,15,0.0,1.0
1A8LA,1.0,5,16,0.0,1.0
1A8LA,1.0,5,17,0.0,1.0
1A8LA,1.0,5,18,0.0,1.0000000000000002
1A8LA,1.0,5,19,0.0,0.9999999999999998
1A8LA,1.0,6,0,0.0,1.0000000000000002
1A8LA,1.0,6,1,0.0,1.0000000000000002
1A8LA,1.0,6,2,0.0,1.0
1A8LA,1.0,6,3,0.0,1.0
1A8LA,1.0,6,4,0.0,1.0
1A8LA,1.0,6,5,0.0,0.9999999999999999
1A8LA,1.0,6,6,0.0,1.0
1A8LA,1.0,6,7,0.0,1.0
1A8LA,1.0,6,8,0.0,1.0
1A8LA,1.0,6,9,0.0,0.9999999999999998
1A8LA,1.0,6,10,0.0,1.0
1A8LA,1.0,6,11,0.0,1.0
1A8LA,1.0,6,12,0.0,0.9999999999999998
1A8LA,1.0,6,13,0.0,1.0
1A8LA,1.0,6,14,0.0,1.0
1A8LA,1.0,6,15,0.0,0.9999999999999998
1A8LA,1.0,6,16,0.0,1.0
1A8LA,1.0,6,17,0.0,1.0
1A8LA,1.0,6,18,0.0,1.0
1A8LA,1.0,6,19,0.0,1.0
1A8LA,1.0,7,0,0.0,1.0
1A8LA,1.0,7,1,0.0,1.0000000000000002
1A8LA,1.0,7,2,0.0,1.0000000000000002
1A8LA,1.0,7,3,0.0,1.0
1A8LA,1.0,7,4,0.0,1.0000000000000002
1A8LA,1.0,7,5,0.0,1.0
1A8LA,1.0,7,6,0.0,1.0
1A8LA,1.0,7,7,0.0,1.0
1A8LA,1.0,7,8,0.0,0.9999999999999999
1A8LA,1.0,7,9,0.0,1.0
1A8LA,1.0,7,10,0.0,1.0
1A8LA,1.0,7,11,0.0,1.0000000000000002
1A8LA,1.0,7,12,0.0,1.0
1A8LA,1.0,7,13,0.0,0.9999999999999999
1A8LA,1.0,7,14,0.0,0.9999999999999998
1A8LA,1.0,7,15,0.0,1.0
1A8LA,1.0,7,16,0.0,1.0000000000000002
1A8LA,1.0,7,17,0.0,1.0
1A8LA,1.0,7,18,0.0,1.0
1A8LA,1.0,7,19,0.0,1.0
1A8LA,1.0,8,0,0.0,0.9999999999999998
1A8LA,1.0,8,1,0.0,1.0
1A8LA,1.0,8,2,0.0,0.9999999999999999
1A8LA,1.0,8,3,0.0,1.0
1A8LA,1.0,8,4,0.0,1.0
1A8LA,1.0,8,5,0.0,0.9999999999999999
1A8LA,1.0,8,6,0.0,1.0
1A8LA,1.0,8,7,0.0,1.0
1A8LA,1.0,8,8,0.0,1.0
1A8LA,1.0,8,9,0.0,1.0
1A8LA,1.0,8,10,0.0,0.9999999999999999
1A8LA,1.0,8,11,0.0,1.0
1A8LA,1.0,8,12,0.0,1.0
1A8LA,1.0,8,13,0.0,1.0
1A8LA,1.0,8,14,0.0,1.0
1A8LA,1.0,8,15,0.0,1.0
1A8LA,1.0,8,16,0.0,1.0000000000000002
1A8LA,1.0,8,17,0.0,1.0
1A8LA,1.0,8,18,0.0,1.0
1A8LA,1.0,8,19,0.0,1.0
1A8LA,1.0,9,0,0.0,0.9999999999999998
1A8LA,1.0,9,1,0.0,1.0
1A8LA,1.0,9,2,0.0,0.9999999999999999
1A8LA,1.0,9,3,0.0,1.0
1A8LA,1.0,9,4,0.0,1.0
1A8LA,1.0,9,5,0.0,0.9999999999999999
1A8LA,1.0,9,6,0.0,1.0000000000000002
1A8LA,1.0,9,7,0.0,1.0
1A8LA,1.0,9,8,0.0,0.9999999999999998
1A8LA,1.0,9,9,0.0,1.0000000000000002
1A8LA,1.0,9,10,0.0,1.0
1A8LA,1.0,9,11,0.0,1.0000000000000002
1A8LA,1.0,9,12,0.0,1.0
1A8LA,1.0,9,13,0.0,1.0000000000000002
1A8LA,1.0,9,14,0.0,0.9999999999999998
1A8LA,1.0,9,15,0.0,1.0000000000000002
1A8LA,1.0,9,16,0.0,1.0000000000000002
1A8LA,1.0,9,17,0.0,1.0000000000000002
1A8LA,1.0,9,18,0.0,1.0
1A8LA,1.0,9,19,0.0,1.0000000000000002
1A8LA,1.0,10,0,0.029307256129561646,0.9422413065683433
1A8LA,1.0,10,1,0.001456716947317073,0.9830045643496915
1A8LA,1.0,10,2,0.01210640814194931,0.8688073686563593
1A8LA,1.0,10,3,0.0024307997195620198,0.996372182835515
1A8LA,1.0,10,4,0.01237669151703741,0.9518492520845262
1A8LA,1.0,10,5,0.002024976868959645,0.9980140429693564
1A8LA,1.0,10,6,0.0261473623906979,0.9117320473482788
1A8LA,1.0,10,7,0.00157354299444805,0.9914447163511709
1A8LA,1.0,10,8,0.0078029623348766265,0.9734303043882615
1A8LA,1.0,10,9,0.509009372043042,0.278455629892903
1A8LA,1.0,10,10,0.0006732228138729102,0.996178242185075
1A8LA,1.0,10,11,0.03151550615830645,0.8934943874983626
1A8LA,1.0,10,12,0.08090429838376165,0.8655090464192494
1A8LA,1.0,10,13,0.004724955047127535,0.9721147185435672
1A8LA,1.0,10,14,0.04020682718154346,0.8540684387780357
1A8LA,1.0,10,15,0.007536101962900642,0.9604649614637221
1A8LA,1.0,10,16,0.05878476417585449,0.8524475206237521
1A8LA,1.0,10,17,0.002208958982438866,0.9969928213909247
1A8LA,1.0,10,18,0.014426887568767338,0.9799499407092586
1A8LA,1.0,10,19,0.013458490697483411,0.9668698949402543
1A8LA,1.0,11,0,0.01526794743495232,0.9769386662960814
1A8LA,1.0,11,1,0.02114792375069455,0.9392891388562787
1A8LA,1.0,11,2,0.008503233470897896,0.9707761634841218
1A8LA,1.0,11,3,0.0230875950368975,0.9758230218028693
1A8LA,1.0,11,4,0.0115353014955049,0.9829018951846108
1A8LA,1.0,11,5,0.02120284308787415,0.9814501507206164
1A8LA,1.0,11,6,0.010366894023828004,0.9656944100989231
1A8LA,1.0,11,7,0.018706881820579137,0.9236915845444293
1A8LA,1.0,11,8,0.010738320093078124,0.9763574088033249
1A8LA,1.0,11,9,0.010126644429597395,0.9897712223200166
1A8LA,1.0,11,10,0.014852367654794509,0.9528628082995177
1A8LA,1.0,11,11,0.013150869873850965,0.9795265561618739
1A8LA,1.0,11,12,0.011389667774940061,0.9838559940657191
1A8LA,1.0,11,13,0.012055639311419238,0.9799492312628225
1A8LA,1.0,11,14,0.021643840893309986,0.9653112766439733
1A8LA,1.0,11,15,0.008600048316460841,0.9562827404086834
1A8LA,1.0,11,16,0.053447938276041926,0.9891501992144424
1A8LA,1.0,11,17,0.013239327475724804,0.9787914615120331
1A8LA,1.0,11,18,0.018473246038257927,0.9624339779624214
1A8LA,1.0,11,19,0.011246438634515995,0.946531132073543
1A8LA,1.0,12,0,0.0013456955232385907,0.9988927382177618
1A8LA,1.0,12,1,0.007385665847528371,0.9955245105106484
1A8LA,1.0,12,2,0.008296358735090933,0.9945719479590934
1A8LA,1.0,12,3,0.0066778288790819516,0.9927291829056067
1A8LA,1.0,12,4,0.0062308081129584456,0.9818399424066867
1A8LA,1.0,12,5,0.002614723647250005,0.9986040147158134
1A8LA,1.0,12,6,0.03124030853076577,0.9329371620844491
1A8LA,1.0,12,7,0.0054724192485372395,0.9879628160189422
1A8LA,1.0,12,8,0.008163319890782077,0.9893109115060522
1A8LA,1.0,12,9,0.007293315119197294,0.9915943413804371
1A8LA,1.0,12,10,0.006169058519734844,0.994332015886711
1A8LA,1.0,12,11,0.004501305479968634,0.9945328801511675
1A8LA,1.0,12,12,0.0030586647556213957,0.998051731724218
1A8LA,1.0,12,13,0.007032524598010122,0.9901681536713361
1A8LA,1.0,12,14,0.006601162320087729,0.9965053841974439
1A8LA,1.0,12,15,0.004968081734112456,0.9981085361459089
1A8LA,1.0,12,16,0.004686884310918063,0.9817659402748008
1A8LA,1.0,12,17,0.01566176081586498,0.9612370629435595
1A8LA,1.0,12,18,0.0018326292773863787,0.9982698061674873
1A8LA,1.0,12,19,0.011914813235394053,0.9812865225667093
1A8LA,1.0,13,0,0.0030681508748426605,0.995611388242133
1A8LA,1.0,13,1,0.003977191060841324,0.9930639212546851
1A8LA,1.0,13,2,0.003187453595833383,0.9973992029387738
1A8LA,1.0,13,3,0.004406720667981222,0.9958325219474891
1A8LA,1.0,13,4,0.004181800976053782,0.9938544334511994
1A8LA,1.0,13,5,0.001648564981756271,0.9992097268268854
1A8LA,1.0,13,6,0.004096336065439934,0.9933914773073286
1A8LA,1.0,13,7,0.006377300792891861,0.984481148364612
1A8LA,1.0,13,8,0.007354812426656736,0.9849790921703359
1A8LA,1.0,13,9,0.0017114466943241478,0.9992261127721089
1A8LA,1.0,13,10,0.004748613006564455,0.9966402306136827
1A8LA,1.0,13,11,0.001947308625530846,0.9991024118244964
1A8LA,1.0,13,12,0.0042388999617640945,0.9948039921628283
1A8LA,1.0,13,13,0.0032912008547837613,0.9919982443398155
1A8LA,1.0,13,14,0.003929188735076829,0.994393236618391
1A8LA,1.0,13,15,0.005958102351324279,0.9930335523084631
1A8LA,1.0,13,16,0.007073165226629212,0.9913052492206186
1A8LA,1.0,13,17,0.00471220453183855,0.986411497739841
1A8LA,1.0,13,18,0.004844454639126252,0.9926428472033272
1A8LA,1.0,13,19,0.004340880744308569,0.9907830878132171
1A8LA,1.0,14,0,0.003503197973550306,0.9946212658380948
1A8LA,1.0,14,1,0.00325573003782204,0.9987043976426784
1A8LA,1.0,14,2,0.003439644868906074,0.9941593637190338
1A8LA,1.0,14,3,0.0025987558014838536,0.9980280182784821
1A8LA,1.0,14,4,0.003863040574779983,0.996079254279186
1A8LA,1.0,14,5,0.0013562061857087904,0.9992458724879577
1A8LA,1.0,14,6,0.0018450448219330794,0.9989802399638156
1A8LA,1.0,14,7,0.004889405652424612,0.9880311138168049
1A8LA,1.0,14,8,0.004956239529956624,0.9862217506316975
1A8LA,1.0,14,9,0.0024680336535126512,0.9985829971007362
1A8LA,1.0,14,10,0.0026804379183045695,0.9938942696899384
1A8LA,1.0,14,11,0.004634925582464234,0.9943849493143232
1A8LA,1.0,14,12,0.0026276556356943682,0.9959545661957483
1A8LA,1.0,14,13,0.0030342611972708597,0.9924093672283704
1A8LA,1.0,14,14,0.0019610682761738133,0.9975820067893567
1A8LA,1.0,14,15,0.0019813558635764965,0.9985267584417742
1A8LA,1.0,14,16,0.00644576268572546,0.993195604624598
1A8LA,1.0,14,17,0.005017026541859919,0.9817007458881483
1A8LA,1.0,14,18,0.001538692285267531,0.9961832200424335
1A8LA,1.0,14,19,0.0032556482970697857,0.9923889584752631
1A8LA,1.0,15,0,0.006176515179625527,0.9938702102273526
1A8LA,1.0,15,1,0.0033220878467303404,0.995462811515627
1A8LA,1.0,15,2,0.003236343809462516,0.9939357322978876
1A8LA,1.0,15,3,0.0027777225482301226,0.9954912424124804
1A8LA,1.0,15,4,0.0027450150912829143,0.9943062914366035
1A8LA,1.0,15,5,0.0031636498768843717,0.9933673144935635
1A8LA,1.0,15,6,0.002969085417502745,0.9979039080033814
1A8LA,1.0,15,7,0.005683510432643368,0.9932000889115912
1A8LA,1.0,15,8,0.0032720506553131088,0.9918614054096779
1A8LA,1.0,15,9,0.0017718538420314007,0.9989688213987914
1A8LA,1.0,15,10,0.0017091308459312672,0.9983419924538104
1A8LA,1.0,15,11,0.00378299173439595,0.9865883014090396
1A8LA,1.0,15,12,0.003038047800956087,0.9956337169070619
1A8LA,1.0,15,13,0.0027560052082560003,0.997425043068236
1A8LA,1.0,15,14,0.003606239571161332,0.9951832633686143
1A8LA,1.0,15,15,0.0029303585383205523,0.9922701944914002
1A8LA,1.0,15,16,0.003952441832279748,0.9890944545932426
1A8LA,1.0,15,17,0.005920582005726597,0.9917492422211857
1A8LA,1.0,15,18,0.002702872450165977,0.9972032269183166
1A8LA,1.0,15,19,0.0022636938412149915,0.999257202051752
1A8LA,1.0,16,0,0.0028317163944914796,0.9950033638481456
1A8LA,1.0,16,1,0.0038831849344902023,0.9909687980180574
1A8LA,1.0,16,2,0.006566581936884693,0.9886888732066297
1A8LA,1.0,16,3,0.002961162897118645,0.994829174752375
1A8LA,1.0,16,4,0.002805538321423896,0.9956445161736871
1A8LA,1.0,16,5,0.003478559534850581,0.990352569655773
1A8LA,1.0,16,6,0.005332492846101806,0.9939700292099837
1A8LA,1.0,16,7,0.004063693441187964,0.9981627685681576
1A8LA,1.0,16,8,0.0024009140026519994,0.9974845972511138
1A8LA,1.0,16,9,0.0025522718811080585,0.9970606311656436
1A8LA,1.0,16,10,0.00255288680965778,0.9971573430357963
1A8LA,1.0,16,11,0.006703432311408631,0.9874945876552372
1A8LA,1.0,16,12,0.0023216301322033263,0.9973620060545927
1A8LA,1.0,16,13,0.0032747065268568425,0.995479004086087
1A8LA,1.0,16,14,0.0036920484579722906,0.9936222790230715
1A8LA,1.0,16,15,0.002397745361686723,0.9976755618801219
1A8LA,1.0,16,16,0.004608747270555521,0.9811322023838309
1A8LA,1.0,16,17,0.003281938242059252,0.9942528820600195
1A8LA,1.0,16,18,0.003550740729910852,0.9916217420739788
1A8LA,1.0,16,19,0.0020943806577980173,0.9989801714342792
1A8LA,1.0,17,0,0.0022839024505001367,0.9978267264456049
1A8LA,1.0,17,1,0.002587456566573742,0.9978477771761592
1A8LA,1.0,17,2,0.002829309350675479,0.9971183018241586
1A8LA,1.0,17,3,0.0028033626294204548,0.9945210855266524
1A8LA,1.0,17,4,0.004773657699272467,0.9914897631674856
1A8LA,1.0,17,5,0.003200956004463653,0.9932990549056389
1A8LA,1.0,17,6,0.003116428121574473,0.9916872200819272
1A8LA,1.0,17,7,0.0027109936263658234,0.9965360794377881
1A8LA,1.0,17,8,0.002320472139474399,0.9967781015632791
1A8LA,1.0,17,9,0.0035327042409731826,0.995326559102782
1A8LA,1.0,17,10,0.0024869592021475088,0.9963644520640114
1A8LA,1.0,17,11,0.002736567284912687,0.995086159943809
1A8LA,1.0,17,12,0.0028645273372978706,0.9908028106639336
1A8LA,1.0,17,13,0.0033277412561062065,0.9928617798275339
1A8LA,1.0,17,14,0.00358455897274916,0.9948827377325965
1A8LA,1.0,17,15,0.0034542428442588674,0.990469679158716
1A8LA,1.0,17,16,0.002024690024113217,0.9976759229403283
1A8LA,1.0,17,17,0.0035465677846069515,0.996530921450584
1A8LA,1.0,17,18,0.004668609509486366,0.9913380774139245
1A8LA,1.0,17,19,0.0031474254249192514,0.9969779617631069
1A8LA,1.0,18,0,0.0038231930336795573,0.989260677037011
1A8LA,1.0,18,1,0.0028460067472084335,0.9959615878117172
1A8LA,1.0,18,2,0.003309620495575794,0.9948806433199248
1A8LA,1.0,18,3,0.0033957830685543543,0.9948906037704157
1A8LA,1.0,18,4,0.0032189451314436784,0.994382903936865
1A8LA,1.0,18,5,0.0034299257410773244,0.9973523995924484
1A8LA,1.0,18,6,0.001345468233242327,0.9990746132738341
1A8LA,1.0,18,7,0.00291368250572137,0.9945060983746915
1A8LA,1.0,18,8,0.002546926041614831,0.9976762382060266
1A8LA,1.0,18,9,0.003449100613345095,0.9922823569182369
1A8LA,1.0,18,10,0.003414252462941197,0.984869941550028
1A8LA,1.0,18,11,0.0038675369247493712,0.9926723307282337
1A8LA,1.0,18,12,0.0027299561222449073,0.9964776856551935
1A8LA,1.0,18,13,0.0032195688383591177,0.9969978603608927
1A8LA,1.0,18,14,0.009627514059378027,0.9766413968972681
1A8LA,1.0,18,15,0.003709347382631988,0.9920079954305686
1A8LA,1.0,18,16,0.00423139980208316,0.9875472784285201
1A8LA,1.0,18,17,0.0039551348420151875,0.9910710746141157
1A8LA,1.0,18,18,0.003361107009004126,0.9961963786926852
1A8LA,1.0,18,19,0.0033097848052458523,0.993820408304362
1A8LA,1.0,19,0,0.0017430906496307132,0.9986931569213644
1A8LA,1.0,19,1,0.0041874906751453835,0.9934137794321029
1A8LA,1.0,19,2,0.0031309681853857753,0.9956733666235881
1A8LA,1.0,19,3,0.0028950218328917007,0.996997013426265
1A8LA,1.0,19,4,0.002766529434480953,0.9975231885960877
1A8LA,1.0,19,5,0.001994458553787848,0.9986317098722721
1A8LA,1.0,19,6,0.004120877513014974,0.9909306922379948
1A8LA,1.0,19,7,0.0032914140608526835,0.9947236242935871
1A8LA,1.0,19,8,0.004176330359639701,0.992909939206283
1A8LA,1.0,19,9,0.0028328821371258117,0.9913699469863182
1A8LA,1.0,19,10,0.0030582871262751976,0.9947340203573747
1A8LA,1.0,19,11,0.004291822569561797,0.9899046766747024
1A8LA,1.0,19,12,0.003460702564399164,0.9957660047773795
1A8LA,1.0,19,13,0.0032810717612486258,0.9954610606546344
1A8LA,1.0,19,14,0.0021271912043745998,0.9985543060681176
1A8LA,1.0,19,15,0.002793351397062392,0.9966099759566162
1A8LA,1.0,19,16,0.0063501830616386435,0.9857185595052432
1A8LA,1.0,19,17,0.0017964895158852426,0.9977978556267358
1A8LA,1.0,19,18,0.003618340123111142,0.9917347188472095
1A8LA,1.0,19,19,0.0033675652372214325,0.9961466156171234
1A8LA,1.0,20,0,0.0025877296436628322,0.9973371694937171
1A8LA,1.0,20,1,0.0027828194873621786,0.9965199692220252
1A8LA,1.0,20,2,0.00351253590288715,0.9929756489765853
1A8LA,1.0,20,3,0.001954865424579018,0.9978965313960692
1A8LA,1.0,20,4,0.003284605796458586,0.9952718648499138
1A8LA,1.0,20,5,0.0029106750378152186,0.9969251056083044
1A8LA,1.0,20,6,0.005815910014427351,0.9859417654469106
1A8LA,1.0,20,7,0.0024873154442575803,0.9974927843743259
1A8LA,1.0,20,8,0.0040658550401422595,0.9953749383731415
1A8LA,1.0,20,9,0.0034726686585233027,0.9956281184355927
1A8LA,1.0,20,10,0.0010863740552220856,0.9993420824682189
1A8LA,1.0,20,11,0.003707517905779979,0.9944151142769684
1A8LA,1.0,20,12,0.0030883524698150223,0.9961121313418441
1A8LA,1.0,20,13,0.0017937833539362312,0.9986996025560991
1A8LA,1.0,20,14,0.004297315810690358,0.9903729572343817
1A8LA,1.0,20,15,0.0015471968958624585,0.9988470788610441
1A8LA,1.0,20,16,0.003619894882011618,0.9953896829361635
1A8LA,1.0,20,17,0.004372108761992738,0.9908912536448051
1A8LA,1.0,20,18,0.0034246961782980574,0.9958351557178446
1A8LA,1.0,20,19,0.001774374625378203,0.9982143624383362
1A8LA,1.0,21,0,0.003307266627453627,0.9966506703869465
1A8LA,1.0,21,1,0.004340704824704244,0.9906926191521631
1A8LA,1.0,21,2,0.002891709791858473,0.9955152433342825
1A8LA,1.0,21,3,0.0038244372976956186,0.9939220654169691
1A8LA,1.0,21,4,0.0028200836203955406,0.9962982623306861
1A8LA,1.0,21,5,0.00377395512763068,0.9941517324183752
1A8LA,1.0,21,6,0.003304603795343414,0.9949742587384461
1A8LA,1.0,21,7,0.004206420369583425,0.9932092216267453
1A8LA,1.0,21,8,0.004722980611658353,0.9890373535342969
1A8LA,1.0,21,9,0.003933096013587397,0.9945051460025099
1A8LA,1.0,21,10,0.004038796806877874,0.9914573972453097
1A8LA,1.0,21,11,0.004588788307590012,0.9947690005916964
1A8LA,1.0,21,12,0.00361942179138729,0.9927624367056892
1A8LA,1.0,21,13,0.0018951326315116306,0.99846853857159
1A8LA,1.0,21,14,0.004165357146228372,0.9897898126429969
1A8LA,1.0,21,15,0.003030841430440657,0.9971148775048819
1A8LA,1.0,21,16,0.003834366538617465,0.9906618795599901
1A8LA,1.0,21,17,0.004851146053610032,0.9923847802940097
1A8LA,1.0,21,18,0.00351849305076483,0.9924509289343096
1A8LA,1.0,21,19,0.003684554909918015,0.9928171832074176
1A8LA,1.0,22,0,0.0030327369882718765,0.9940931844328413
1A8LA,1.0,22,1,0.0040833270122489764,0.9956375270356741
1A8LA,1.0,22,2,0.004572911260683874,0.9908501085003395
1A8LA,1.0,22,3,0.0026289580731635493,0.9971338895222455
1A8LA,1.0,22,4,0.003397334539013426,0.9968814089348794
1A8LA,1.0,22,5,0.0043954665159983575,0.9913290174085821
1A8LA,1.0,22,6,0.0035588462130935403,0.9951215862821445
1A8LA,1.0,22,7,0.003918152537765723,0.9931325759721684
1A8LA,1.0,22,8,0.0033162010784898266,0.9955996624126392
1A8LA,1.0,22,9,0.003885421967743426,0.9934237881602291
1A8LA,1.0,22,10,0.003947781349196938,0.9933845407298382
1A8LA,1.0,22,11,0.003843083097464967,0.9923359966730088
1A8LA,1.0,22,12,0.004286064776561015,0.9920962465316265
1A8LA,1.0,22,13,0.004927177252714937,0.9917770255493283
1A8LA,1.0,22,14,0.003709601347104989,0.9948215626837185
1A8LA,1.0,22,15,0.0024664186291275644,0.9953987845820206
1A8LA,1.0,22,16,0.002051852519815733,0.9983276719985343
1A8LA,1.0,22,17,0.0038564636130222762,0.9959715917332653
1A8LA,1.0,22,18,0.004513770808590017,0.9929878148812491
1A8LA,1.0,22,19,0.004149328139460112,0.9944834647886638
1A8LA,1.0,23,0,0.002318010629455822,0.9976758737998337
1A8LA,1.0,23,1,0.005245347646876698,0.9885708630117654
1A8LA,1.0,23,2,0.004966720022409634,0.9906224705990417
1A8LA,1.0,23,3,0.0035084015230157266,0.9961086709798871
1A8LA,1.0,23,4,0.004589322168805173,0.995184828620705
1A8LA,1.0,23,5,0.004160852119610353,0.9950674320387456
1A8LA,1.0,23,6,0.0051410373125101135,0.990164234148452
1A8LA,1.0,23,7,0.00482080866474682,0.9930765246283173
1A8LA,1.0,23,8,0.004122397737452929,0.9942830756162979
1A8LA,1.0,23,9,0.004694520387602973,0.9903659208294474
1A8LA,1.0,23,10,0.002763278746809656,0.9976560030549726
1A8LA,1.0,23,11,0.0030492857918743266,0.9966396963482633
1A8LA,1.0,23,12,0.00531186825685243,0.9934121349473981
1A8LA,1.0,23,13,0.004682215693949267,0.992764979382632
1A8LA,1.0,23,14,0.003990903298163415,0.9921080162148763
1A8LA,1.0,23,15,0.00406419314399882,0.9927845159844725
1A8LA,1.0,23,16,0.005031450202550857,0.9904983268185495
1A8LA,1.0,23,17,0.005456154122000017,0.9923736071121788
1A8LA,1.0,23,18,0.0033491699056187986,0.994869274347054
1A8LA,1.0,23,19,0.004406289244511436,0.993184111867909
1A8LA,1.0,24,0,0.005308909996139918,0.9924574729121479
1A8LA,1.0,24,1,0.003211579514556806,0.9952030969647391
1A8LA,1.0,24,2,0.005203952722027562,0.9907913011807326
1A8LA,1.0,24,3,0.004705038292638477,0.9927893703742089
1A8LA,1.0,24,4,0.004801698127520894,0.9900353238574168
1A8LA,1.0,24,5,0.005885527922418492,0.9902542603821811
1A8LA,1.0,24,6,0.0029121033287018427,0.9971033936179167
1A8LA,1.0,24,7,0.0024145584821759856,0.9974873987855355
1A8LA,1.0,24,8,0.0046846425978933764,0.9912521922602304
1A8LA,1.0,24,9,0.004266251093278401,0.993738180109831
1A8LA,1.0,24,10,0.0052580510780413795,0.9904103565388293
1A8LA,1.0,24,11,0.005168199763127755,0.9920336928479789
1A8LA,1.0,24,12,0.003733763679971076,0.9954946192743374
1A8LA,1.0,24,13,0.004810873167019085,0.9916153654140389
1A8LA,1.0,24,14,0.005233613077505241,0.9901763528294286
1A8LA,1.0,24,15,0.005441946564018522,0.9913165324461237
1A8LA,1.0,24,16,0.0042946995572907135,0.9924357855280193
1A8LA,1.0,24,17,0.005707475356167865,0.986403743576482
1A8LA,1.0,24,18,0.00631859167054186,0.9828276419318364
1A8LA,1.0,24,19,0.004863408763926967,0.9947712592878757
1A8LA,1.0,25,0,0.005729728608281656,0.9908762191795063
1A8LA,1.0,25,1,0.0059659188763848394,0.9854625799722627
1A8LA,1.0,25,2,0.005559087043831188,0.9924079413998306
1A8LA,1.0,25,3,0.005712530755984903,0.9874141945478055
1A8LA,1.0,25,4,0.0067499278298665515,0.9883986271269559
1A8LA,1.0,25,5,0.006458683083522807,0.9870098981021147
1A8LA,1.0,25,6,0.0054523928411970655,0.9883419873362334
1A8LA,1.0,25,7,0.00538897706146171,0.9915013656497345
1A8LA,1.0,25,8,0.0031062396819066984,0.9966297144900934
1A8LA,1.0,25,9,0.006068938259162684,0.9879013116575948
1A8LA,1.0,25,10,0.005148177169112462,0.9922978205962353
1A8LA,1.0,25,11,0.003056080076746718,0.9968193886458304
1A8LA,1.0,25,12,0.00624645142050294,0.9885299620462075
1A8LA,1.0,25,13,0.005013211298642167,0.9933047781915252
1A8LA,1.0,25,14,0.005429531725207003,0.991027367363845
1A8LA,1.0,25,15,0.005676772588322488,0.9908243654212333
1A8LA,1.0,25,16,0.0020448125654423874,0.9984019843728723
1A8LA,1.0,25,17,0.006241984056420456,0.9871159776530165
1A8LA,1.0,25,18,0.006861967439556854,0.9878521779340623
1A8LA,1.0,25,19,0.006498627430680794,0.9858968722340569
1A8LA,1.0,26,0,0.007262675492485661,0.9887658188267061
1A8LA,1.0,26,1,0.006377523115594089,0.9848308838230432
1A8LA,1.0,26,2,0.005633969757772401,0.9914134746902564
1A8LA,1.0,26,3,0.003620973793351331,0.9948804539875504
1A8LA,1.0,26,4,0.002269314058022423,0.9987205950441528
1A8LA,1.0,26,5,0.0026876160825042993,0.9974799835892901
1A8LA,1.0,26,6,0.001579123216799108,0.9990281026717026
1A8LA,1.0,26,7,0.006457176306558889,0.9882483651276603
1A8LA,1.0,26,8,0.006396252329017242,0.9873897121573341
1A8LA,1.0,26,9,0.0069650348357423566,0.9839582775570145
1A8LA,1.0,26,10,0.004815070246900135,0.9946633921144238
1A8LA,1.0,26,11,0.003003815825635365,0.9968365521798527
1A8LA,1.0,26,12,0.006411752439457432,0.9904873765542767
1A8LA,1.0,26,13,0.006578149641263876,0.9884683522286111
1A8LA,1.0,26,14,0.0017987676443086962,0.9986239931185249
1A8LA,1.0,26,15,0.005515454240791989,0.9896974663948768
1A8LA,1.0,26,16,0.00526644567715249,0.9944639763638425
1A8LA,1.0,26,17,0.006017169129699097,0.9916803462305823
1A8LA,1.0,26,18,0.006444372544582004,0.9849586524332998
1A8LA,1.0,26,19,0.005781644852331283,0.9897161348554537
1A8LA,1.0,27,0,0.0069095593529442485,0.98600811094477
1A8LA,1.0,27,1,0.004210791866756774,0.9947066260249987
1A8LA,1.0,27,2,0.005950621873450442,0.9904342407404397
1A8LA,1.0,27,3,0.0036660705437785625,0.9958637084276591
1A8LA,1.0,27,4,0.003545785538324551,0.9957519732580895
1A8LA,1.0,27,5,0.0036508999289866853,0.9965841984311548
1A8LA,1.0,27,6,0.005087548240821744,0.9911386962422121
1A8LA,1.0,27,7,0.00304114051696571,0.9972495606021
1A8LA,1.0,27,8,0.004569608134547371,0.9933407316765285
1A8LA,1.0,27,9,0.006214476710273833,0.990634950765297
1A8LA,1.0,27,10,0.0018716583961695793,0.9984484211603152
1A8LA,1.0,27,11,0.004408947533217044,0.9937690349862078
1A8LA,1.0,27,12,0.005474621243333667,0.9892990881097202
1A8LA,1.0,27,13,0.006813101787176983,0.9854219294147861
1A8LA,1.0,27,14,0.006412896496964069,0.9887726564991319
1A8LA,1.0,27,15,0.0050264800536329165,0.9942885922959469
1A8LA,1.0,27,16,0.00704809461354459,0.9871855544175794
1A8LA,1.0,27,17,0.005709312192436865,0.9910461075672665
1A8LA,1.0,27,18,0.0038186222044968975,0.9943519877474275
1A8LA,1.0,27,19,0.005272037602669701,0.9895885061338723
1A8LA,1.0,28,0,0.006072809614012634,0.9900974115462446
1A8LA,1.0,28,1,0.006710508225570322,0.9889015566595567
1A8LA,1.0,28,2,0.0024784453346637482,0.9975360424028957
1A8LA,1.0,28,3,0.005622413589804852,0.9923276988125467
1A8LA,1.0,28,4,0.003628870909196547,0.9953915006369856
1A8LA,1.0,28,5,0.004628715501463444,0.9899722531134034
1A8LA,1.0,28,6,0.006043075889631842,0.9896105539274901
1A8LA,1.0,28,7,0.007756611702074565,0.9845453967042237
1A8LA,1.0,28,8,0.00459080464988115,0.9918211204616809
1A8LA,1.0,28,9,0.008059565740013885,0.9768455805604938
1A8LA,1.0,28,10,0.002903346924404649,0.998161674727256
1A8LA,1.0,28,11,0.004320319345970579,0.993366387512416
1A8LA,1.0,28,12,0.004935003956128013,0.9932686197997165
1A8LA,1.0,28,13,0.005446564281153659,0.9913525419850725
1A8LA,1.0,28,14,0.004283400086708711,0.9910034012658369
1A8LA,1.0,28,15,0.005519265839327512,0.9898878439605132
1A8LA,1.0,28,16,0.004532508054613555,0.9938073370014636
1A8LA,1.0,28,17,0.0061010336979513404,0.985227639488228
1A8LA,1.0,28,18,0.0011594405601007501,0.9993844059263374
1A8LA,1.0,28,19,0.007680863725415983,0.9817399917658886
1A8LA,1.0,29,0,0.006366905761508079,0.9872270460518031
1A8LA,1.0,29,1,0.0034245619972345788,0.9811834363534597
1A8LA,1.0,29,2,0.004626385095634043,0.9921663176758337
1A8LA,1.0,29,3,0.004095179633491366,0.9966625611825849
1A8LA,1.0,29,4,0.0030020710080995313,0.9962939509251222
1A8LA,1.0,29,5,0.003999091054186706,0.9973143244163604
1A8LA,1.0,29,6,0.005311917707012196,0.9889772836851279
1A8LA,1.0,29,7,0.004975222942108401,0.9943991890048862
1A8LA,1.0,29,8,0.00571279732438517,0.9896663345211408
1A8LA,1.0,29,9,0.0024277913136279187,0.9975832213509606
1A8LA,1.0,29,10,0.0034974705461990043,0.9967139494966694
1A8LA,1.0,29,11,0.003463820933214732,0.9963591467654196
1A8LA,1.0,29,12,0.006172473724629555,0.9908429485720515
1A8LA,1.0,29,13,0.006446001436411697,0.9813425745899887
1A8LA,1.0,29,14,0.0036251091896178796,0.9895620240396803
1A8LA,1.0,29,15,0.0037886646924143504,0.9906467536568366
1A8LA,1.0,29,16,0.0051051570718906305,0.9899934867706142
1A8LA,1.0,29,17,0.004093505874426765,0.9944308710402702
1A8LA,1.0,29,18,0.006259186727656414,0.9914033304888054
1A8LA,1.0,29,19,0.003998035098922409,0.9956890812098163
1A8LA,1.0,30,0,0.006217811155940983,0.9909625738081064
1A8LA,1.0,30,1,0.006406640593066631,0.9900917809252443
1A8LA,1.0,30,2,0.004301790978165039,0.9929454278713395
1A8LA,1.0,30,3,0.005101627940709284,0.9909232070759473
1A8LA,1.0,30,4,0.002560645362370798,0.9926520165309415
1A8LA,1.0,30,5,0.003667083860200275,0.9902367810521276
1A8LA,1.0,30,6,0.0031867808518141736,0.9956456833447305
1A8LA,1.0,30,7,0.00342321774332371,0.9956334537871138
1A8LA,1.0,30,8,0.005918394531616399,0.9846974205816617
1A8LA,1.0,30,9,0.006218290453932104,0.9825216488914504
1A8LA,1.0,30,10,0.00454784605481453,0.9932094276358902
1A8LA,1.0,30,11,0.0045748150973790236,0.992859938270695
1A8LA,1.0,30,12,0.0026342397220547207,0.9972658652473695
1A8LA,1.0,30,13,0.006209610298680016,0.9888388887195573
1A8LA,1.0,30,14,0.0017399670151980208,0.9989419022906832
1A8LA,1.0,30,15,0.001604653165590112,0.9991001415744556
1A8LA,1.0,30,16,0.0057182657485731776,0.9891396299393278
1A8LA,1.0,30,17,0.0021628137971871414,0.9979287067752356
1A8LA,1.0,30,18,0.004278969336700658,0.9879340434555852
1A8LA,1.0,30,19,0.002940267614733891,0.9977579357040509
1A8LA,1.0,31,0,0.006009138148221146,0.9861889140776697
1A8LA,1.0,31,1,0.004441154420558678,0.9936626569679158
1A8LA,1.0,31,2,0.003724007649070855,0.9938199987489517
1A8LA,1.0,31,3,0.0008936138066993687,0.9997260357363389
1A8LA,1.0,31,4,0.0044116364081785,0.9877479649495191
1A8LA,1.0,31,5,0.0017971715666619363,0.9989067491887937
1A8LA,1.0,31,6,0.0036801044841217987,0.9961944570371916
1A8LA,1.0,31,7,0.002556726747758471,0.9930931926467111
1A8LA,1.0,31,8,0.0032918193480285913,0.9979586633084685
1A8LA,1.0,31,9,0.004000411604126624,0.995696715383534
1A8LA,1.0,31,10,0.004088518308517057,0.9928350013455277
1A8LA,1.0,31,11,0.0017358056875773373,0.995918912487006
1A8LA,1.0,31,12,0.004768499819002203,0.9916341058458312
1A8LA,1.0,31,13,0.0008049247851635311,0.9997606910952842
1A8LA,1.0,31,14,0.0025979805579946606,0.9978580966019452
1A8LA,1.0,31,15,0.003601735021607213,0.9971452059709855
1A8LA,1.0,31,16,0.0029820022480092625,0.9973596064709582
1A8LA,1.0,31,17,0.005650186512579461,0.988284448642486
1A8LA,1.0,31,18,0.003884426400709161,0.997095147443619
1A8LA,1.0,31,19,0.006246856958159594,0.9830037864849012
1A8LA,1.0,32,0,0.0045020403798637755,0.988707093009119
1A8LA,1.0,32,1,0.002634853294038435,0.996280119335283
1A8LA,1.0,32,2,0.003940882360028647,0.9880744542903097
1A8LA,1.0,32,3,0.003968539651726612,0.9953104326904647
1A8LA,1.0,32,4,0.005007466269423908,0.9928648742142481
1A8LA,1.0,32,5,0.0009386225284458575,0.997904981863057
1A8LA,1.0,32,6,0.004616933041702431,0.9908981741957705
1A8LA,1.0,32,7,0.005504557090364581,0.989312737484276
1A8LA,1.0,32,8,0.0018588873068124778,0.9948476866567943
1A8LA,1.0,32,9,0.0020594282148404287,0.9980611542889489
1A8LA,1.0,32,10,0.004158870536848918,0.9941107401525147
1A8LA,1.0,32,11,0.004404684892962448,0.9900268204322958
1A8LA,1.0,32,12,0.00403395959458687,0.9935120159989038
1A8LA,1.0,32,13,0.005582725923520107,0.9910117632714797
1A8LA,1.0,32,14,0.005808166655246193,0.9896455351873001
1A8LA,1.0,32,15,0.0031455957614193735,0.9975093412833074
1A8LA,1.0,32,16,0.0016194597933365136,0.996807678944992
1A8LA,1.0,32,17,0.0040164348526017255,0.990897229194152
1A8LA,1.0,32,18,0.005032522679079016,0.99129368605194
1A8LA,1.0,32,19,0.006686332127048949,0.9826266864475813
1A8LA,2.0,0,0,0.0,1.0000000000000002
1A8LA,2.0,0,1,0.0,1.0
1A8LA,2.0,0,2,0.0,1.0000000000000002
1A8LA,2.0,0,3,0.0,1.0
1A8LA,2.0,0,4,0.0,0.9999999999999998
1A8LA,2.0,0,5,0.0,0.9999999999999999
1A8LA,2.0,0,6,0.0,1.0000000000000002
1A8LA,2.0,0,7,0.0,1.0
1A8LA,2.0,0,8,0.0,1.0
1A8LA,2.0,0,9,0.0,1.0000000000000002
1A8LA,2.0,0,10,0.0,1.0
1A8LA,2.0,0,11,0.0,1.0000000000000002
1A8LA,2.0,0,12,0.0,1.0000000000000002
1A8LA,2.0,0,13,0.0,0.9999999999999998
1A8LA,2.0,0,14,0.0,1.0
1A8LA,2.0,0,15,0.0,1.0000000000000002
1A8LA,2.0,0,16,0.0,1.0000000000000002
1A8LA,2.0,0,17,0.0,1.0000000000000002
1A8LA,2.0,0,18,0.0,0.9999999999999999
1A8LA,2.0,0,19,0.0,1.0
1A8LA,2.0,1,0,0.0,1.0000000000000002
1A8LA,2.0,1,1,0.0,1.0000000000000002
1A8LA,2.0,1,2,0.0,1.0
1A8LA,2.0,1,3,0.0,1.0
1A8LA,2.0,1,4,0.0,1.0000000000000002
1A8LA,2.0,1,5,0.0,1.0000000000000002
1A8LA,2.0,1,6,0.0,1.0
1A8LA,2.0,1,7,0.0,1.0000000000000002
1A8LA,2.0,1,8,0.0,0.9999999999999999
1A8LA,2.0,1,9,0.0,1.0000000000000002
1A8LA,2.0,1,10,0.0,1.0000000000000002
1A8LA,2.0,1,11,0.0,1.0
1A8LA,2.0,1,12,0.0,0.9999999999999999
1A8LA,2.0,1,13,0.0,1.0000000000000002
1A8LA,2.0,1,14,0.0,1.0
1A8LA,2.0,1,15,0.0,1.0
1A8LA,2.0,1,16,0.0,1.0
1A8LA,2.0,1,17,0.0,0.9999999999999998
1A8LA,2.0,1,18,0.0,0.9999999999999999
1A8LA,2.0,1,19,0.0,1.0000000000000002
1A8LA,2.0,2,0,0.0,1.0
1A8LA,2.0,2,1,0.0,1.0000000000000002
1A8LA,2.0,2,2,0.0,1.0
1A8LA,2.0,2,3,0.0,0.9999999999999998
1A8LA,2.0,2,4,0.0,1.0
1A8LA,2.0,2,5,0.0,0.9999999999999998
1A8LA,2.0,2,6,0.0,1.0
1A8LA,2.0,2,7,0.0,1.0
1A8LA,2.0,2,8,0.0,0.9999999999999999
1A8LA,2.0,2,9,0.0,1.0
1A8LA,2.0,2,10,0.0,1.0
1A8LA,2.0,2,11,0.0,1.0
1A8LA,2.0,2,12,0.0,0.9999999999999998
1A8LA,2.0,2,13,0.0,0.9999999999999999
1A8LA,2.0,2,14,0.0,0.9999999999999998
1A8LA,2.0,2,15,0.0,1.0
1A8LA,2.0,2,16,0.0,1.0
1A8LA,2.0,2,17,0.0,1.0
1A8LA,2.0,2,18,0.0,0.9999999999999999
1A8LA,2.0,2,19,0.0,1.0
1A8LA,2.0,3,0,0.0,1.0
1A8LA,2.0,3,1,0.0,1.0
1A8LA,2.0,3,2,0.0,0.9999999999999999
1A8LA,2.0,3,3,0.0,1.0000000000000002
1A8LA,2.0,3,4,0.0,0.9999999999999998
1A8LA,2.0,3,5,0.0,1.0
1A8LA,2.0,3,6,0.0,1.0
1A8LA,2.0,3,7,0.0,1.0
1A8LA,2.0,3,8,0.0,1.0000000000000002
1A8LA,2.0,3,9,0.0,1.0
1A8LA,2.0,3,10,0.0,1.0000000000000002
1A8LA,2.0,3,11,0.0,1.0
1A8LA,2.0,3,12,0.0,1.0
1A8LA,2.0,3,13,0.0,1.0
1A8LA,2.0,3,14,0.0,1.0000000000000002
1A8LA,2.0,3,15,0.0,1.0
1A8LA,2.0,3,16,0.0,0.9999999999999998
1A8LA,2.0,3,17,0.0,1.0
1A8LA,2.0,3,18,0.0,1.0
1A8LA,2.0,3,19,0.0,1.0000000000000002
1A8LA,2.0,4,0,0.0,1.0
1A8LA,2.0,4,1,0.0,1.0000000000000002
1A8LA,2.0,4,2,0.0,0.9999999999999998
1A8LA,2.0,4,3,0.0,0.9999999999999999
1A8LA,2.0,4,4,0.0,1.0
1A8LA,2.0,4,5,0.0,1.0
1A8LA,2.0,4,6,0.0,0.9999999999999998
1A8LA,2.0,4,7,0.0,1.0
1A8LA,2.0,4,8,0.0,1.0
1A8LA,2.0,4,9,0.0,1.0
1A8LA,2.0,4,10,0.0,0.9999999999999998
1A8LA,2.0,4,11,0.0,0.9999999999999999
1A8LA,2.0,4,12,0.0,0.9999999999999999
1A8LA,2.0,4,13,0.0,1.0
1A8LA,2.0,4,14,0.0,1.0000000000000002
1A8LA,2.0,4,15,0.0,0.9999999999999999
1A8LA,2.0,4,16,0.0,1.0
1A8LA,2.0,4,17,0.0,0.9999999999999998
1A8LA,2.0,4,18,0.0,1.0000000000000002
1A8LA,2.0,4,19,0.0,1.0
1A8LA,2.0,5,0,0.0,1.0
1A8LA,2.0,5,1,0.0,1.0000000000000002
1A8LA,2.0,5,2,0.0,1.0
1A8LA,2.0,5,3,0.0,1.0
1A8LA,2.0,5,4,0.0,1.0000000000000002
1A8LA,2.0,5,5,0.0,1.0000000000000002
1A8LA,2.0,5,6,0.0,1.0000000000000002
1A8LA,2.0,5,7,0.0,1.0
1A8LA,2.0,5,8,0.0,1.0
1A8LA,2.0,5,9,0.0,1.0
1A8LA,2.0,5,10,0.0,1.0
1A8LA,2.0,5,11,0.0,0.9999999999999999
1A8LA,2.0,5,12,0.0,0.9999999999999999
1A8LA,2.0,5,13,0.0,1.0
1A8LA,2.0,5,14,0.0,1.0
1A8LA,2.0,5,15,0.0,1.0
1A8LA,2.0,5,16,0.0,1.0
1A8LA,2.0,5,17,0.0,1.0
1A8LA,2.0,5,18,0.0,1.0000000000000002
1A8LA,2.0,5,19,0.0,0.9999999999999998
1A8LA,2.0,6,0,0.0,1.0000000000000002
1A8LA,2.0,6,1,0.0,1.0000000000000002
1A8LA,2.0,6,2,0.0,1.0
1A8LA,2.0,6,3,0.0,1.0
1A8LA,2.0,6,4,0.0,1.0
1A8LA,2.0,6,5,0.0,0.9999999999999999
1A8LA,2.0,6,6,0.0,1.0
1A8LA,2.0,6,7,0.0,1.0
1A8LA,2.0,6,8,0.0,1.0
1A8LA,2.0,6,9,0.0,0.9999999999999998
1A8LA,2.0,6,10,0.0,1.0
1A8LA,2.0,6,11,0.0,1.0
1A8LA,2.0,6,12,0.0,0.9999999999999998
1A8LA,2.0,6,13,0.0,1.0
1A8LA,2.0,6,14,0.0,1.0
1A8LA,2.0,6,15,0.0,0.9999999999999998
1A8LA,2.0,6,16,0.0,1.0
1A8LA,2.0,6,17,0.0,1.0
1A8LA,2.0,6,18,0.0,1.0
1A8LA,2.0,6,19,0.0,1.0
1A8LA,2.0,7,0,0.0,1.0
1A8LA,2.0,7,1,0.0,1.0000000000000002
1A8LA,2.0,7,2,0.0,1.0000000000000002
1A8LA,2.0,7,3,0.0,1.0
1A8LA,2.0,7,4,0.0,1.0000000000000002
1A8LA,2.0,7,5,0.0,1.0
1A8LA,2.0,7,6,0.0,1.0
1A8LA,2.0,7,7,0.0,1.0
1A8LA,2.0,7,8,0.0,0.9999999999999999
1A8LA,2.0,7,9,0.0,1.0
1A8LA,2.0,7,10,0.0,1.0
1A8LA,2.0,7,11,0.0,1.0000000000000002
1A8LA,2.0,7,12,0.0,1.0
1A8LA,2.0,7,13,0.0,0.9999999999999999
1A8LA,2.0,7,14,0.0,0.9999999999999998
1A8LA,2.0,7,15,0.0,1.0
1A8LA,2.0,7,16,0.0,1.0000000000000002
1A8LA,2.0,7,17,0.0,1.0
1A8LA,2.0,7,18,0.0,1.0
1A8LA,2.0,7,19,0.0,1.0
1A8LA,2.0,8,0,0.0,0.9999999999999998
1A8LA,2.0,8,1,0.0,1.0
1A8LA,2.0,8,2,0.0,0.9999999999999999
1A8LA,2.0,8,3,0.0,1.0
1A8LA,2.0,8,4,0.0,1.0
1A8LA,2.0,8,5,0.0,0.9999999999999999
1A8LA,2.0,8,6,0.0,1.0
1A8LA,2.0,8,7,0.0,1.0
1A8LA,2.0,8,8,0.0,1.0
1A8LA,2.0,8,9,0.0,1.0
1A8LA,2.0,8,10,0.0,0.9999999999999999
1A8LA,2.0,8,11,0.0,1.0
1A8LA,2.0,8,12,0.0,1.0
1A8LA,2.0,8,13,0.0,1.0
1A8LA,2.0,8,14,0.0,1.0
1A8LA,2.0,8,15,0.0,1.0
1A8LA,2.0,8,16,0.0,1.0000000000000002
1A8LA,2.0,8,17,0.0,1.0
1A8LA,2.0,8,18,0.0,1.0
1A8LA,2.0,8,19,0.0,1.0
1A8LA,2.0,9,0,0.0,0.9999999999999998
1A8LA,2.0,9,1,0.0,1.0
1A8LA,2.0,9,2,0.0,0.9999999999999999
1A8LA,2.0,9,3,0.0,1.0
1A8LA,2.0,9,4,0.0,1.0
1A8LA,2.0,9,5,0.0,0.9999999999999999
1A8LA,2.0,9,6,0.0,1.0000000000000002
1A8LA,2.0,9,7,0.0,1.0
1A8LA,2.0,9,8,0.0,0.9999999999999998
1A8LA,2.0,9,9,0.0,1.0000000000000002
1A8LA,2.0,9,10,0.0,1.0
1A8LA,2.0,9,11,0.0,1.0000000000000002
1A8LA,2.0,9,12,0.0,1.0
1A8LA,2.0,9,13,0.0,1.0000000000000002
1A8LA,2.0,9,14,0.0,0.9999999999999998
1A8LA,2.0,9,15,0.0,1.0000000000000002
1A8LA,2.0,9,16,0.0,1.0000000000000002
1A8LA,2.0,9,17,0.0,1.0000000000000002
1A8LA,2.0,9,18,0.0,1.0
1A8LA,2.0,9,19,0.0,1.0000000000000002
1A8LA,2.0,10,0,0.08784211850833694,0.7876608960530489
1A8LA,2.0,10,1,0.0044762231023110655,0.948736888777284
1A8LA,2.0,10,2,0.027248148394228292,0.757015412585721
1A8LA,2.0,10,3,0.008089324358825306,0.9870282240641934
1A8LA,2.0,10,4,0.032853810710053534,0.8760812186862846
1A8LA,2.0,10,5,0.006542117275223132,0.9931771562375513
1A8LA,2.0,10,6,0.07615291283129381,0.6765971081324891
1A8LA,2.0,10,7,0.004592851899662817,0.9790724949364061
1A8LA,2.0,10,8,0.022867815647528145,0.9191257703377235
1A8LA,2.0,10,9,0.7424809033910803,0.05986304753678782
1A8LA,2.0,10,10,0.002001661520724238,0.9878871134370432
1A8LA,2.0,10,11,0.08361422692439564,0.6508649833326953
1A8LA,2.0,10,12,0.27677159499388376,0.33561302197164455
1A8LA,2.0,10,13,0.010596765458534864,0.9534631006117618
1A8LA,2.0,10,14,0.09125479442014638,0.44762965588457115
1A8LA,2.0,10,15,0.01941279781171562,0.910786397982314
1A8LA,2.0,10,16,0.14987384704807377,0.48439476902258083
1A8LA,2.0,10,17,0.007630527311262887,0.9886277055139985
1A8LA,2.0,10,18,0.05725159033556054,0.893899151985846
1A8LA,2.0,10,19,0.033695336726837354,0.9185523998917152
1A8LA,2.0,11,0,0.029006489117574343,0.9469303546119177
1A8LA,2.0,11,1,0.03541003947784016,0.8883117909714313
1A8LA,2.0,11,2,0.020017018861572228,0.9529899633121286
1A8LA,2.0,11,3,0.04120389851427644,0.9516743540479803
1A8LA,2.0,11,4,0.024074490252117435,0.966859855672375
1A8LA,2.0,11,5,0.04851863915192899,0.9446252436412093
1A8LA,2.0,11,6,0.01960531804182666,0.9308641509832367
1A8LA,2.0,11,7,0.04017231335518279,0.8440112190822984
1A8LA,2.0,11,8,0.020437429370508367,0.9485212367013678
1A8LA,2.0,11,9,0.020533282684794103,0.9771791866656966
1A8LA,2.0,11,10,0.03306467075360237,0.8993854057268934
1A8LA,2.0,11,11,0.021285496213047417,0.9687115506185819
1A8LA,2.0,11,12,0.02197428461616796,0.968290037601568
1A8LA,2.0,11,13,0.023877940376588344,0.9602517039661412
1A8LA,2.0,11,14,0.04938554007415938,0.9133885073025009
1A8LA,2.0,11,15,0.016683733320173314,0.9240748651360321
1A8LA,2.0,11,16,0.08058897070384557,0.9757631683276627
1A8LA,2.0,11,17,0.029131509504179948,0.9453229217279518
1A8LA,2.0,11,18,0.03835536563135646,0.9099221070323381
1A8LA,2.0,11,19,0.020637067053264846,0.9129461790991993
1A8LA,2.0,12,0,0.002792361281525139,0.997654449147338
1A8LA,2.0,12,1,0.015294488507713613,0.9891307035897412
1A8LA,2.0,12,2,0.015341881341224158,0.9919590600947302
1A8LA,2.0,12,3,0.012118207855103726,0.9879849386228369
1A8LA,2.0,12,4,0.012034868739677691,0.9670227558609392
1A8LA,2.0,12,5,0.005568661596589105,0.9966858423223367
1A8LA,2.0,12,6,0.05026788665592556,0.8913433251848368
1A8LA,2.0,12,7,0.01284981075789061,0.9685717018931622
1A8LA,2.0,12,8,0.017950397461712616,0.9853712440322809
1A8LA,2.0,12,9,0.014356057091818905,0.9849133536290917
1A8LA,2.0,12,10,0.01135444112372775,0.9898537761525878
1A8LA,2.0,12,11,0.008231452287540143,0.9897501359769415
1A8LA,2.0,12,12,0.006061367360637198,0.9960620644772854
1A8LA,2.0,12,13,0.014552747045779002,0.981830961352573
1A8LA,2.0,12,14,0.01283966029718634,0.992807070101937
1A8LA,2.0,12,15,0.009470084391836013,0.9963563111939359
1A8LA,2.0,12,16,0.00927245617797694,0.9578201781690254
1A8LA,2.0,12,17,0.03215504544184819,0.9191274439564898
1A8LA,2.0,12,18,0.003714448253593356,0.9964049066382236
1A8LA,2.0,12,19,0.02343001539910676,0.9695791094107956
1A8LA,2.0,13,0,0.006299868981246395,0.9903796453158558
1A8LA,2.0,13,1,0.008127273942646462,0.985415669631038
1A8LA,2.0,13,2,0.006490900507394788,0.9950796907209148
1A8LA,2.0,13,3,0.008663888877442934,0.9914067232501727
1A8LA,2.0,13,4,0.007914782002986816,0.9886714171379294
1A8LA,2.0,13,5,0.003293623155068698,0.9982251247545281
1A8LA,2.0,13,6,0.008171285967323524,0.984092752217787
1A8LA,2.0,13,7,0.011998232894007947,0.9744405133695002
1A8LA,2.0,13,8,0.015546702442985828,0.9688585153353162
1A8LA,2.0,13,9,0.003589341242004917,0.9981756375789654
1A8LA,2.0,13,10,0.012263350034299823,0.9939590694652336
1A8LA,2.0,13,11,0.0037860361492647594,0.9983326579241346
1A8LA,2.0,13,12,0.009444442029803964,0.989115848994686
1A8LA,2.0,13,13,0.006588527436170957,0.9815665134805915
1A8LA,2.0,13,14,0.008623923839292768,0.9898768285423823
1A8LA,2.0,13,15,0.01161470588917837,0.9877259082909572
1A8LA,2.0,13,16,0.014752714769613161,0.9822763634676394
1A8LA,2.0,13,17,0.00919761192402203,0.9755231316848282
1A8LA,2.0,13,18,0.009368184656894783,0.985191947772368
1A8LA,2.0,13,19,0.008157329548397705,0.9826908838849697
1A8LA,2.0,14,0,0.00745519126761105,0.9888743254895644
1A8LA,2.0,14,1,0.006785262237800698,0.9973147821655908
1A8LA,2.0,14,2,0.006350819901895776,0.9895976859787331
1A8LA,2.0,14,3,0.005423441862148717,0.9955232228931793
1A8LA,2.0,14,4,0.00694218493185405,0.992474830313802
1A8LA,2.0,14,5,0.0026016005435891745,0.9985902462288384
1A8LA,2.0,14,6,0.0035898807945976166,0.9980261780584162
1A8LA,2.0,14,7,0.009680208941400231,0.9742495988933737
1A8LA,2.0,14,8,0.009239975509751162,0.9735215267683217
1A8LA,2.0,14,9,0.004820822836924623,0.9971638380462448
1A8LA,2.0,14,10,0.00529768627578864,0.9888821900802404
1A8LA,2.0,14,11,0.010284194031514938,0.9885121708530158
1A8LA,2.0,14,12,0.005135301036738389,0.9929948857083963
1A8LA,2.0,14,13,0.005823484115499079,0.9864208836549848
1A8LA,2.0,14,14,0.004216905431124101,0.9947831874040534
1A8LA,2.0,14,15,0.004209946008049108,0.9969933015919068
1A8LA,2.0,14,16,0.013855510936415663,0.9875806797715855
1A8LA,2.0,14,17,0.009014990400496753,0.9713482703965622
1A8LA,2.0,14,18,0.0030553293127148864,0.9926645831741938
1A8LA,2.0,14,19,0.00636198150832595,0.9862877902972595
1A8LA,2.0,15,0,0.011268607040204468,0.9896910302939481
1A8LA,2.0,15,1,0.00719514605516002,0.9900918506525728
1A8LA,2.0,15,2,0.005945137248209374,0.9903231076961007
1A8LA,2.0,15,3,0.005182981625758651,0.991041432344268
1A8LA,2.0,15,4,0.005922383531430013,0.9872573227495987
1A8LA,2.0,15,5,0.006643688952384697,0.9885456836237834
1A8LA,2.0,15,6,0.006012652941061068,0.99545719628501
1A8LA,2.0,15,7,0.01136408995364186,0.987358399588431
1A8LA,2.0,15,8,0.00631793465605393,0.9834328614027759
1A8LA,2.0,15,9,0.0034369522963516004,0.9980365673716229
1A8LA,2.0,15,10,0.003815520526102801,0.996251878869565
1A8LA,2.0,15,11,0.009733589028417854,0.9697980056378706
1A8LA,2.0,15,12,0.006354001514171151,0.9897017893669406
1A8LA,2.0,15,13,0.005310731154439165,0.9949003231060263
1A8LA,2.0,15,14,0.006923295870735663,0.9906559968816884
1A8LA,2.0,15,15,0.006289899311103278,0.9843140554712463
1A8LA,2.0,15,16,0.007520180754534554,0.9799387642806178
1A8LA,2.0,15,17,0.010754426349754266,0.984470509867682
1A8LA,2.0,15,18,0.005702557127720873,0.9941890058082995
1A8LA,2.0,15,19,0.004596425409709372,0.9985646168998337
1A8LA,2.0,16,0,0.005449114788351485,0.9905555640842525
1A8LA,2.0,16,1,0.007367559583397003,0.9830416867150394
1A8LA,2.0,16,2,0.012908825613492134,0.9764564404191491
1A8LA,2.0,16,3,0.0053522182007930885,0.9913290289274455
1A8LA,2.0,16,4,0.0056877868590475954,0.9906741209802904
1A8LA,2.0,16,5,0.00645301280980844,0.9811121525443017
1A8LA,2.0,16,6,0.0100666707057111,0.98878107375331
1A8LA,2.0,16,7,0.00672980206262168,0.996872089645346
1A8LA,2.0,16,8,0.004716483521560937,0.9956518814758835
1A8LA,2.0,16,9,0.004954777684321207,0.9939449899712122
1A8LA,2.0,16,10,0.0054096609150339646,0.9944785651782699
1A8LA,2.0,16,11,0.012284630382352692,0.9782351127019399
1A8LA,2.0,16,12,0.004493127823174592,0.9948994144390084
1A8LA,2.0,16,13,0.00568007618539171,0.9926662422012422
1A8LA,2.0,16,14,0.00739346807856175,0.9855560186435409
1A8LA,2.0,16,15,0.004729708360250661,0.9957195409375086
1A8LA,2.0,16,16,0.007823150167322055,0.9704390298348866
1A8LA,2.0,16,17,0.00628012048333967,0.9888108588503254
1A8LA,2.0,16,18,0.006554058397557543,0.9861906362030165
1A8LA,2.0,16,19,0.0038038446739670924,0.9978909667727557
1A8LA,2.0,17,0,0.004767469182885637,0.9951190884825066
1A8LA,2.0,17,1,0.005037143040589273,0.9959391287093937
1A8LA,2.0,17,2,0.0057423245133086664,0.9942473401618667
1A8LA,2.0,17,3,0.005019493662159941,0.9895884399748864
1A8LA,2.0,17,4,0.009908765606385808,0.9815602829105529
1A8LA,2.0,17,5,0.0061797996057957605,0.9867493666125611
1A8LA,2.0,17,6,0.006015210861548953,0.9841192659638055
1A8LA,2.0,17,7,0.005675669732038913,0.9921891052761492
1A8LA,2.0,17,8,0.004510867769238068,0.9937556974272116
1A8LA,2.0,17,9,0.007266296240941575,0.9901502481908991
1A8LA,2.0,17,10,0.004695200775893649,0.9936241456567455
1A8LA,2.0,17,11,0.0052829582140655924,0.9898709571314829
1A8LA,2.0,17,12,0.005570945230288436,0.9820569902424562
1A8LA,2.0,17,13,0.0061899751389754695,0.9851112990380322
1A8LA,2.0,17,14,0.006536272677240776,0.9901260788747283
1A8LA,2.0,17,15,0.006556122087754201,0.9838954424651719
1A8LA,2.0,17,16,0.004090347057704096,0.9954420148522825
1A8LA,2.0,17,17,0.006783138659998167,0.994615286873428
1A8LA,2.0,17,18,0.008259389498222584,0.9847730384745085
1A8LA,2.0,17,19,0.0057898323560417325,0.9943591529833028
1A8LA,2.0,18,0,0.0076326360896203285,0.9755406059049484
1A8LA,2.0,18,1,0.006043656050396411,0.9916238490855797
1A8LA,2.0,18,2,0.005899256363439971,0.9904700645362947
1A8LA,2.0,18,3,0.006481362681947851,0.9908760495757604
1A8LA,2.0,18,4,0.005642059940911095,0.9900639595262268
1A8LA,2.0,18,5,0.0065462735868689215,0.9950298500241334
1A8LA,2.0,18,6,0.0026360519916870436,0.9981229178163479
1A8LA,2.0,18,7,0.005352428773213155,0.9903660747380706
1A8LA,2.0,18,8,0.004658739530318896,0.9958502396528315
1A8LA,2.0,18,9,0.006487940916516977,0.9858676057771091
1A8LA,2.0,18,10,0.006702411979809392,0.9708471995451297
1A8LA,2.0,18,11,0.007185261582525078,0.9872289461559781
1A8LA,2.0,18,12,0.005029381823861296,0.994091621805404
1A8LA,2.0,18,13,0.0063851658354717,0.9938776725553216
1A8LA,2.0,18,14,0.017711269547934515,0.9582142754150453
1A8LA,2.0,18,15,0.007059041545868416,0.9849808339425379
1A8LA,2.0,18,16,0.007478224761487494,0.9805316464516164
1A8LA,2.0,18,17,0.0080261312908702,0.981710785124025
1A8LA,2.0,18,18,0.006731383422249159,0.9918526466575547
1A8LA,2.0,18,19,0.006395038071758386,0.986030937897469
1A8LA,2.0,19,0,0.0033553707327559574,0.9974099482951102
1A8LA,2.0,19,1,0.008736119958765436,0.9866571384727972
1A8LA,2.0,19,2,0.006064349252255148,0.9917936486954562
1A8LA,2.0,19,3,0.00551338795300124,0.9941822230505989
1A8LA,2.0,19,4,0.0053721298741468484,0.9952915098324864
1A8LA,2.0,19,5,0.003985199187856069,0.9973484068119036
1A8LA,2.0,19,6,0.007396618350620553,0.9842858983263314
1A8LA,2.0,19,7,0.006295158390950415,0.9897963487971553
1A8LA,2.0,19,8,0.00826628787935517,0.9865534157948658
1A8LA,2.0,19,9,0.0060192437497749015,0.9837597681617163
1A8LA,2.0,19,10,0.0059382441508184745,0.9884530034655598
1A8LA,2.0,19,11,0.008446633529650015,0.9796686197890854
1A8LA,2.0,19,12,0.0063007792784692965,0.9921376257370839
1A8LA,2.0,19,13,0.006330295619311863,0.9916119671368846
1A8LA,2.0,19,14,0.004178445396260365,0.9972318790955121
1A8LA,2.0,19,15,0.005299448865816718,0.9935790751631913
1A8LA,2.0,19,16,0.011806244564082082,0.9743208151692073
1A8LA,2.0,19,17,0.0036094440177004694,0.9954571556240993
1A8LA,2.0,19,18,0.006705251084312252,0.9849433941577629
1A8LA,2.0,19,19,0.00646051664183811,0.9917255197393959
1A8LA,2.0,20,0,0.004825285972238646,0.9953852436022922
1A8LA,2.0,20,1,0.0053721469910299035,0.993366860097485
1A8LA,2.0,20,2,0.005907529028810016,0.988649720756587
1A8LA,2.0,20,3,0.0037903812914763034,0.9958372018227143
1A8LA,2.0,20,4,0.006032681618846185,0.9913502347077382
1A8LA,2.0,20,5,0.005715859216487755,0.9935812533992083
1A8LA,2.0,20,6,0.009910114831467986,0.9764963938317389
1A8LA,2.0,20,7,0.004762761089276399,0.9954049858709006
1A8LA,2.0,20,8,0.008069318718896677,0.9917302223601072
1A8LA,2.0,20,9,0.006431527025198382,0.9925458995541853
1A8LA,2.0,20,10,0.002125624924103853,0.9986594079491709
1A8LA,2.0,20,11,0.006911401348134518,0.9892120441028965
1A8LA,2.0,20,12,0.00585024684459617,0.9922227456552271
1A8LA,2.0,20,13,0.003501658254621313,0.9974426421302277
1A8LA,2.0,20,14,0.007467890349171153,0.9811214062321293
1A8LA,2.0,20,15,0.0031499828413412215,0.9976349008497994
1A8LA,2.0,20,16,0.007139935107352079,0.9909572281870028
1A8LA,2.0,20,17,0.008199701167556925,0.9818282293167975
1A8LA,2.0,20,18,0.006428321314312623,0.9919497217658702
1A8LA,2.0,20,19,0.0034799290880070787,0.9965705715739077
1A8LA,2.0,21,0,0.006105748233954869,0.9938277541775732
1A8LA,2.0,21,1,0.008628931913001354,0.9827231433361505
1A8LA,2.0,21,2,0.005434614570151263,0.992038183972906
1A8LA,2.0,21,3,0.007373693276173208,0.9883090260250339
1A8LA,2.0,21,4,0.005156163081250628,0.9932531390611933
1A8LA,2.0,21,5,0.007789819325023729,0.9882000439351785
1A8LA,2.0,21,6,0.006512707398803367,0.9900449845969972
1A8LA,2.0,21,7,0.008219490252502619,0.9865707304497552
1A8LA,2.0,21,8,0.008618834800849292,0.9815130578984814
1A8LA,2.0,21,9,0.0074529838475557485,0.9902636346819166
1A8LA,2.0,21,10,0.007374823992677519,0.9852178373803873
1A8LA,2.0,21,11,0.009055774185516336,0.9892774767927532
1A8LA,2.0,21,12,0.006819996378310539,0.9852359090126251
1A8LA,2.0,21,13,0.0037908887653754207,0.9969245199374436
1A8LA,2.0,21,14,0.00836381694299126,0.9790181353173563
1A8LA,2.0,21,15,0.005699419711716275,0.9947183206492145
1A8LA,2.0,21,16,0.007093325918270728,0.9828686573171626
1A8LA,2.0,21,17,0.009318155612782278,0.9856129662291122
1A8LA,2.0,21,18,0.006578966412873284,0.9870745200667
1A8LA,2.0,21,19,0.006994787095166202,0.9860837544178163
1A8LA,2.0,22,0,0.0058159872160277945,0.9887510683563169
1A8LA,2.0,22,1,0.008145579593977912,0.9910699269533362
1A8LA,2.0,22,2,0.00859895610488657,0.9842630689550437
1A8LA,2.0,22,3,0.005008327025452133,0.9944933175911254
1A8LA,2.0,22,4,0.0062842063605959165,0.9941174561822428
1A8LA,2.0,22,5,0.00863960512574102,0.9806747013156106
1A8LA,2.0,22,6,0.006500165835282064,0.9916614624277178
1A8LA,2.0,22,7,0.007757175730110748,0.9866781512556712
1A8LA,2.0,22,8,0.006413683971160969,0.9913750779176264
1A8LA,2.0,22,9,0.007034028578649421,0.9887157609342692
1A8LA,2.0,22,10,0.007423531471171106,0.9875220767169641
1A8LA,2.0,22,11,0.007469364230878002,0.9853899417992995
1A8LA,2.0,22,12,0.008764921240676347,0.9834825003148953
1A8LA,2.0,22,13,0.009771124258593755,0.9832091225480366
1A8LA,2.0,22,14,0.007250271585533471,0.9883727353160953
1A8LA,2.0,22,15,0.004667226558388239,0.9912232328116329
1A8LA,2.0,22,16,0.0038956367539602073,0.9969556422585429
1A8LA,2.0,22,17,0.006775627757861064,0.9930228007443181
1A8LA,2.0,22,18,0.009162872899273672,0.9852207807383679
1A8LA,2.0,22,19,0.007299471622380728,0.9906631054133364
1A8LA,2.0,23,0,0.004443964337078644,0.9955616935857406
1A8LA,2.0,23,1,0.01015205367648339,0.97503703521617
1A8LA,2.0,23,2,0.009605101559064171,0.9818122452667478
1A8LA,2.0,23,3,0.006634243605702009,0.9925092533512284
1A8LA,2.0,23,4,0.008779418316531503,0.9904791181994378
1A8LA,2.0,23,5,0.007644919633226728,0.9908767813864962
1A8LA,2.0,23,6,0.00973766411070494,0.9811001140300923
1A8LA,2.0,23,7,0.00991550616789916,0.9852766201155896
1A8LA,2.0,23,8,0.007556889608022188,0.9899018344456925
1A8LA,2.0,23,9,0.009049741650432807,0.9811285458759446
1A8LA,2.0,23,10,0.005350490977128043,0.9956032413644383
1A8LA,2.0,23,11,0.005706242588890917,0.9942652502292789
1A8LA,2.0,23,12,0.011195144173622268,0.9868715302013329
1A8LA,2.0,23,13,0.009219167501510585,0.9852581428512468
1A8LA,2.0,23,14,0.007534512091815065,0.984564156888396
1A8LA,2.0,23,15,0.008020318755338958,0.9858035151087728
1A8LA,2.0,23,16,0.009593130715346992,0.9817309750802404
1A8LA,2.0,23,17,0.010698371707651816,0.9854074142289805
1A8LA,2.0,23,18,0.0066216131212505315,0.989898795951001
1A8LA,2.0,23,19,0.008448196537258213,0.9874765692234241
1A8LA,2.0,24,0,0.009614873717211305,0.9863118445545412
1A8LA,2.0,24,1,0.006187499725086222,0.9909556254011077
1A8LA,2.0,24,2,0.009569086832915118,0.983033757612717
1A8LA,2.0,24,3,0.009013993520685956,0.98602236914233
1A8LA,2.0,24,4,0.008784657424270925,0.9822145267720812
1A8LA,2.0,24,5,0.011257066190165083,0.9814110571648594
1A8LA,2.0,24,6,0.005427533705153774,0.9946534630546491
1A8LA,2.0,24,7,0.004668214463918398,0.9952898506347219
1A8LA,2.0,24,8,0.008673364177814138,0.9844042010492956
1A8LA,2.0,24,9,0.008060744716058083,0.9885767836162422
1A8LA,2.0,24,10,0.009997962855755391,0.9799914137213117
1A8LA,2.0,24,11,0.009624691165693797,0.9848055996557845
1A8LA,2.0,24,12,0.006909563738655149,0.9916097141030814
1A8LA,2.0,24,13,0.009010171489266154,0.9842810702461123
1A8LA,2.0,24,14,0.010214289658378279,0.9811960394759568
1A8LA,2.0,24,15,0.010383611429428619,0.9825529782189354
1A8LA,2.0,24,16,0.008355439414620032,0.9851067504554458
1A8LA,2.0,24,17,0.010850028050921714,0.9749167451266461
1A8LA,2.0,24,18,0.011623640681969612,0.9663026162649929
1A8LA,2.0,24,19,0.009227397579532488,0.9903320032461848
1A8LA,2.0,25,0,0.010574884637021557,0.9829602422896846
1A8LA,2.0,25,1,0.010909585222158577,0.9732850259924288
1A8LA,2.0,25,2,0.01080556774489815,0.9845572762668168
1A8LA,2.0,25,3,0.010584319969347557,0.9784235979113676
1A8LA,2.0,25,4,0.012355362221090353,0.9794054624548861
1A8LA,2.0,25,5,0.012173808970426412,0.97597391984243
1A8LA,2.0,25,6,0.010543631762482013,0.9783423112706774
1A8LA,2.0,25,7,0.009990689931282399,0.9843725782630949
1A8LA,2.0,25,8,0.0058551613707823755,0.9935780892920685
1A8LA,2.0,25,9,0.011796975735464803,0.9773334311381666
1A8LA,2.0,25,10,0.009442942159228371,0.986556846838076
1A8LA,2.0,25,11,0.005934363047233669,0.993767600365426
1A8LA,2.0,25,12,0.011470233430214128,0.9798083111536594
1A8LA,2.0,25,13,0.009036030476399878,0.9879871323634077
1A8LA,2.0,25,14,0.01013587701874745,0.9834340648507939
1A8LA,2.0,25,15,0.01082136806950869,0.9829100909044466
1A8LA,2.0,25,16,0.0036262100653507625,0.9971334630987709
1A8LA,2.0,25,17,0.011877802426849368,0.9747165470200052
1A8LA,2.0,25,18,0.012343105535015995,0.9800059963587695
1A8LA,2.0,25,19,0.012013647008935736,0.9744865145112228
1A8LA,2.0,26,0,0.013500009084601396,0.9776333477790152
1A8LA,2.0,26,1,0.012113509396581686,0.9709448951862604
1A8LA,2.0,26,2,0.010364261396482496,0.984779563521851
1A8LA,2.0,26,3,0.006918027826739493,0.9901371173033612
1A8LA,2.0,26,4,0.004173448702022249,0.9977744302014115
1A8LA,2.0,26,5,0.005138715616240833,0.9951072651286758
1A8LA,2.0,26,6,0.0030506019770839697,0.9980334431452432
1A8LA,2.0,26,7,0.012243925422750107,0.9780470238313723
1A8LA,2.0,26,8,0.012050832811911988,0.9770916343154479
1A8LA,2.0,26,9,0.013224213255036074,0.9702723393837978
1A8LA,2.0,26,10,0.008956583689747043,0.9901049369610583
1A8LA,2.0,26,11,0.005574474340504989,0.9942216912628029
1A8LA,2.0,26,12,0.012515204341076015,0.9807148868930383
1A8LA,2.0,26,13,0.012062715478674529,0.9799175225084467
1A8LA,2.0,26,14,0.0034023162941211357,0.997278780138164
1A8LA,2.0,26,15,0.010537575806785809,0.9793099373375647
1A8LA,2.0,26,16,0.009942463528256841,0.9892015278675969
1A8LA,2.0,26,17,0.011012596731554327,0.9852077998446541
1A8LA,2.0,26,18,0.012497933865227313,0.971334716268471
1A8LA,2.0,26,19,0.010557305361561183,0.9822327898040167
1A8LA,2.0,27,0,0.013025349772085125,0.9732461074572767
1A8LA,2.0,27,1,0.008041264043360098,0.9899741472329755
1A8LA,2.0,27,2,0.01141221385336869,0.9812068341141793
1A8LA,2.0,27,3,0.006996379547644301,0.9922395852459835
1A8LA,2.0,27,4,0.006815852620598538,0.991837145567735
1A8LA,2.0,27,5,0.006736439165733666,0.9941944886162681
1A8LA,2.0,27,6,0.009659017206650602,0.9834848309406065
1A8LA,2.0,27,7,0.005581850024688479,0.9950579495332287
1A8LA,2.0,27,8,0.008529713973304466,0.9878171749038597
1A8LA,2.0,27,9,0.011434474709810571,0.9839753918419827
1A8LA,2.0,27,10,0.0033774485221190163,0.9973905895938913
1A8LA,2.0,27,11,0.008103989914649435,0.9890679241240383
1A8LA,2.0,27,12,0.01048762750868991,0.9794805136241473
1A8LA,2.0,27,13,0.01266631080564494,0.972765655999447
1A8LA,2.0,27,14,0.012358814432035785,0.9782667535263434
1A8LA,2.0,27,15,0.00951879629446307,0.9894713360402613
1A8LA,2.0,27,16,0.013096646721336515,0.9751544652289971
1A8LA,2.0,27,17,0.010691302277860472,0.9833849833317618
1A8LA,2.0,27,18,0.007186423538076295,0.989396259582874
1A8LA,2.0,27,19,0.010064090849291269,0.98077288033582
1A8LA,2.0,28,0,0.011644304581483708,0.9810345240166866
1A8LA,2.0,28,1,0.013775987150881165,0.977429587956931
1A8LA,2.0,28,2,0.004516227597004657,0.9956338523586421
1A8LA,2.0,28,3,0.010547851855277903,0.9859086516724069
1A8LA,2.0,28,4,0.006487928827905016,0.9919267403806878
1A8LA,2.0,28,5,0.008967363599733843,0.9801653401836383
1A8LA,2.0,28,6,0.011449372295240167,0.9802364685152894
1A8LA,2.0,28,7,0.01439964037189907,0.9731441125121116
1A8LA,2.0,28,8,0.008831291570927475,0.9837704501824477
1A8LA,2.0,28,9,0.015416559122551996,0.954800319700345
1A8LA,2.0,28,10,0.005198040500075562,0.996895414031801
1A8LA,2.0,28,11,0.008340695903600242,0.9871692382779338
1A8LA,2.0,28,12,0.009330937641209538,0.9874609127629113
1A8LA,2.0,28,13,0.010317235555654622,0.9837051682925311
1A8LA,2.0,28,14,0.008365055923480788,0.9798849227372515
1A8LA,2.0,28,15,0.010536826230290687,0.9810879380059692
1A8LA,2.0,28,16,0.008656852449532324,0.9882684548986264
1A8LA,2.0,28,17,0.012204057595467428,0.9692303983686742
1A8LA,2.0,28,18,0.0021262111446030073,0.9988998959773367
1A8LA,2.0,28,19,0.014127999759460622,0.9665951474603341
1A8LA,2.0,29,0,0.01209102388698642,0.9769141965352172
1A8LA,2.0,29,1,0.006679706297008701,0.9644012692962887
1A8LA,2.0,29,2,0.008753808311327955,0.9851008376959626
1A8LA,2.0,29,3,0.007869541611530164,0.993577441855172
1A8LA,2.0,29,4,0.005739251056886305,0.9929764477636444
1A8LA,2.0,29,5,0.007395582350439577,0.9952538752396068
1A8LA,2.0,29,6,0.010261435602426278,0.9790789279040062
1A8LA,2.0,29,7,0.009569636063720226,0.9897953221889394
1A8LA,2.0,29,8,0.010996115685030627,0.9798961782851291
1A8LA,2.0,29,9,0.004694901896327318,0.9951260705634538
1A8LA,2.0,29,10,0.006450354061195222,0.9941012808964377
1A8LA,2.0,29,11,0.006463619368706577,0.9932411638592016
1A8LA,2.0,29,12,0.01162246407309856,0.9830483991681964
1A8LA,2.0,29,13,0.012052867817416728,0.9670097304061989
1A8LA,2.0,29,14,0.007061823684555682,0.9790388712217653
1A8LA,2.0,29,15,0.007253598621149951,0.9827328638602255
1A8LA,2.0,29,16,0.009882241887124688,0.9800745171210133
1A8LA,2.0,29,17,0.007729867312838186,0.9894209082201576
1A8LA,2.0,29,18,0.012061644923553277,0.9830682652949336
1A8LA,2.0,29,19,0.0074957136415960395,0.9921451659541726
1A8LA,2.0,30,0,0.01191482393797746,0.9829639611426085
1A8LA,2.0,30,1,0.012091149392751608,0.9817276592766797
1A8LA,2.0,30,2,0.008207042770410636,0.9867251554634301
1A8LA,2.0,30,3,0.00986957866697615,0.9823169573872585
1A8LA,2.0,30,4,0.005017183190550558,0.9853645401626682
1A8LA,2.0,30,5,0.006964218852436164,0.981119606839125
1A8LA,2.0,30,6,0.006037925526081428,0.9916710095224872
1A8LA,2.0,30,7,0.006670851795033541,0.991405922886126
1A8LA,2.0,30,8,0.011581945011982335,0.971899912444015
1A8LA,2.0,30,9,0.011873235513501982,0.968339740820472
1A8LA,2.0,30,10,0.008933398881267752,0.9864068408530007
1A8LA,2.0,30,11,0.008850789653377931,0.9860307553512954
1A8LA,2.0,30,12,0.005009080093477025,0.9947912861196674
1A8LA,2.0,30,13,0.012038596076188401,0.9775636330761427
1A8LA,2.0,30,14,0.003348485987762627,0.9980028763653593
1A8LA,2.0,30,15,0.002944438626943806,0.9983883153127634
1A8LA,2.0,30,16,0.011135259559900756,0.978333483064438
1A8LA,2.0,30,17,0.0041416719209859615,0.9961013929891825
1A8LA,2.0,30,18,0.00830498956229812,0.9769930243919337
1A8LA,2.0,30,19,0.0055246618515105705,0.9959216199234773
1A8LA,2.0,31,0,0.011608942939660444,0.9725845790662546
1A8LA,2.0,31,1,0.008470155809508769,0.9882506677941875
1A8LA,2.0,31,2,0.007150775854723603,0.9883848331838079
1A8LA,2.0,31,3,0.0017385052661028854,0.9994415846524737
1A8LA,2.0,31,4,0.008374884593677122,0.9780190830341453
1A8LA,2.0,31,5,0.003416917859782928,0.9978873119101062
1A8LA,2.0,31,6,0.006997526451272759,0.9929657331264815
1A8LA,2.0,31,7,0.0051583080260673465,0.9860034773065899
1A8LA,2.0,31,8,0.006068726231327831,0.996461432689953
1A8LA,2.0,31,9,0.00752844927883652,0.9920326822504977
1A8LA,2.0,31,10,0.007968860737711815,0.9854040941404114
1A8LA,2.0,31,11,0.0033693524725101802,0.9920314656201764
1A8LA,2.0,31,12,0.009143761027418224,0.984500709390596
1A8LA,2.0,31,13,0.0015377427128587453,0.9995259204694756
1A8LA,2.0,31,14,0.005109904625031396,0.995804667969447
1A8LA,2.0,31,15,0.006959594406959618,0.9945059262020888
1A8LA,2.0,31,16,0.005858267230518625,0.9947321086488968
1A8LA,2.0,31,17,0.010433380096379414,0.9790903645604114
1A8LA,2.0,31,18,0.007330165923858894,0.9945331003414307
1A8LA,2.0,31,19,0.012258164887865014,0.9673269418530288
1A8LA,2.0,32,0,0.008858014874933578,0.9768230169220982
1A8LA,2.0,32,1,0.004965400876030715,0.9929348831337571
1A8LA,2.0,32,2,0.007547939989544312,0.9763178529669901
1A8LA,2.0,32,3,0.007573823060793417,0.9906166715631659
1A8LA,2.0,32,4,0.0095447307635199,0.986285214947747
1A8LA,2.0,32,5,0.0018238547437716213,0.99603664929142
1A8LA,2.0,32,6,0.008504106530854857,0.9838894619390331
1A8LA,2.0,32,7,0.010213936665379335,0.9809519141462248
1A8LA,2.0,32,8,0.003561258642506104,0.9897473298857117
1A8LA,2.0,32,9,0.0037538694616459857,0.9966559848286545
1A8LA,2.0,32,10,0.007988918721272588,0.9886039618742155
1A8LA,2.0,32,11,0.008353243336276704,0.9813539912292857
1A8LA,2.0,32,12,0.007694251636212311,0.9876973948959236
1A8LA,2.0,32,13,0.010397325598554932,0.9836965171134495
1A8LA,2.0,32,14,0.010693345111356271,0.9813157136271036
1A8LA,2.0,32,15,0.005727705567254809,0.9957018186582501
1A8LA,2.0,32,16,0.0031791327460900325,0.9935171006743145
1A8LA,2.0,32,17,0.007903842917284316,0.9820997226142358
1A8LA,2.0,32,18,0.009667118867348987,0.9834495874357171
1A8LA,2.0,32,19,0.01262036387209144,0.9677102771919968
1A8LA,4.0,0,0,0.0,1.0000000000000002
1A8LA,4.0,0,1,0.0,1.0
1A8LA,4.0,0,2,0.0,1.0000000000000002
1A8LA,4.0,0,3,0.0,1.0
1A8LA,4.0,0,4,0.0,0.9999999999999998
1A8LA,4.0,0,5,0.0,0.9999999999999999
1A8LA,4.0,0,6,0.0,1.0000000000000002
1A8LA,4.0,0,7,0.0,1.0
1A8LA,4.0,0,8,0.0,1.0
1A8LA,4.0,0,9,0.0,1.0000000000000002
1A8LA,4.0,0,10,0.0,1.0
1A8LA,4.0,0,11,0.0,1.0000000000000002
1A8LA,4.0,0,12,0.0,1.0000000000000002
1A8LA,4.0,0,13,0.0,0.9999999999999998
1A8LA,4.0,0,14,0.0,1.0
1A8LA,4.0,0,15,0.0,1.0000000000000002
1A8LA,4.0,0,16,0.0,1.0000000000000002
1A8LA,4.0,0,17,0.0,1.0000000000000002
1A8LA,4.0,0,18,0.0,0.9999999999999999
1A8LA,4.0,0,19,0.0,1.0
1A8LA,4.0,1,0,0.0,1.0000000000000002
1A8LA,4.0,1,1,0.0,1.0000000000000002
1A8LA,4.0,1,2,0.0,1.0
1A8LA,4.0,1,3,0.0,1.0
1A8LA,4.0,1,4,0.0,1.0000000000000002
1A8LA,4.0,1,5,0.0,1.0000000000000002
1A8LA,4.0,1,6,0.0,1.0
1A8LA,4.0,1,7,0.0,1.0000000000000002
1A8LA,4.0,1,8,0.0,0.9999999999999999
1A8LA,4.0,1,9,0.0,1.0000000000000002
1A8LA,4.0,1,10,0.0,1.0000000000000002
1A8LA,4.0,1,11,0.0,1.0
1A8LA,4.0,1,12,0.0,0.9999999999999999
1A8LA,4.0,1,13,0.0,1.0000000000000002
1A8LA,4.0,1,14,0.0,1.0
1A8LA,4.0,1,15,0.0,1.0
1A8LA,4.0,1,16,0.0,1.0
1A8LA,4.0,1,17,0.0,0.9999999999999998
1A8LA,4.0,1,18,0.0,0.9999999999999999
1A8LA,4.0,1,19,0.0,1.0000000000000002
1A8LA,4.0,2,0,0.0,1.0
1A8LA,4.0,2,1,0.0,1.0000000000000002
1A8LA,4.0,2,2,0.0,1.0
1A8LA,4.0,2,3,0.0,0.9999999999999998
1A8LA,4.0,2,4,0.0,1.0
1A8LA,4.0,2,5,0.0,0.9999999999999998
1A8LA,4.0,2,6,0.0,1.0
1A8LA,4.0,2,7,0.0,1.0
1A8LA,4.0,2,8,0.0,0.9999999999999999
1A8LA,4.0,2,9,0.0,1.0
1A8LA,4.0,2,10,0.0,1.0
1A8LA,4.0,2,11,0.0,1.0
1A8LA,4.0,2,12,0.0,0.9999999999999998
1A8LA,4.0,2,13,0.0,0.9999999999999999
1A8LA,4.0,2,14,0.0,0.9999999999999998
1A8LA,4.0,2,15,0.0,1.0
1A8LA,4.0,2,16,0.0,1.0
1A8LA,4.0,2,17,0.0,1.0
1A8LA,4.0,2,18,0.0,0.9999999999999999
1A8LA,4.0,2,19,0.0,1.0
1A8LA,4.0,3,0,0.0,1.0
1A8LA,4.0,3,1,0.0,1.0
1A8LA,4.0,3,2,0.0,0.9999999999999999
1A8LA,4.0,3,3,0.0,1.0000000000000002
1A8LA,4.0,3,4,0.0,0.9999999999999998
1A8LA,4.0,3,5,0.0,1.0
1A8LA,4.0,3,6,0.0,1.0
1A8LA,4.0,3,7,0.0,1.0
1A8LA,4.0,3,8,0.0,1.0000000000000002
1A8LA,4.0,3,9,0.0,1.0
1A8LA,4.0,3,10,0.0,1.0000000000000002
1A8LA,4.0,3,11,0.0,1.0
1A8LA,4.0,3,12,0.0,1.0
1A8LA,4.0,3,13,0.0,1.0
1A8LA,4.0,3,14,0.0,1.0000000000000002
1A8LA,4.0,3,15,0.0,1.0
1A8LA,4.0,3,16,0.0,0.9999999999999998
1A8LA,4.0,3,17,0.0,1.0
1A8LA,4.0,3,18,0.0,1.0
1A8LA,4.0,3,19,0.0,1.0000000000000002
1A8LA,4.0,4,0,0.0,1.0
1A8LA,4.0,4,1,0.0,1.0000000000000002
1A8LA,4.0,4,2,0.0,0.9999999999999998
1A8LA,4.0,4,3,0.0,0.9999999999999999
1A8LA,4.0,4,4,0.0,1.0
1A8LA,4.0,4,5,0.0,1.0
1A8LA,4.0,4,6,0.0,0.9999999999999998
1A8LA,4.0,4,7,0.0,1.0
1A8LA,4.0,4,8,0.0,1.0
1A8LA,4.0,4,9,0.0,1.0
1A8LA,4.0,4,10,0.0,0.9999999999999998
1A8LA,4.0,4,11,0.0,0.9999999999999999
1A8LA,4.0,4,12,0.0,0.9999999999999999
1A8LA,4.0,4,13,0.0,1.0
1A8LA,4.0,4,14,0.0,1.0000000000000002
1A8LA,4.0,4,15,0.0,0.9999999999999999
1A8LA,4.0,4,16,0.0,1.0
1A8LA,4.0,4,17,0.0,0.9999999999999998
1A8LA,4.0,4,18,0.0,1.0000000000000002
1A8LA,4.0,4,19,0.0,1.0
1A8LA,4.0,5,0,0.0,1.0
1A8LA,4.0,5,1,0.0,1.0000000000000002
1A8LA,4.0,5,2,0.0,1.0
1A8LA,4.0,5,3,0.0,1.0
1A8LA,4.0,5,4,0.0,1.0000000000000002
1A8LA,4.0,5,5,0.0,1.0000000000000002
1A8LA,4.0,5,6,0.0,1.0000000000000002
1A8LA,4.0,5,7,0.0,1.0
1A8LA,4.0,5,8,0.0,1.0
1A8LA,4.0,5,9,0.0,1.0
1A8LA,4.0,5,10,0.0,1.0
1A8LA,4.0,5,11,0.0,0.9999999999999999
1A8LA,4.0,5,12,0.0,0.9999999999999999
1A8LA,4.0,5,13,0.0,1.0
1A8LA,4.0,5,14,0.0,1.0
1A8LA,4.0,5,15,0.0,1.0
1A8LA,4.0,5,16,0.0,1.0
1A8LA,4.0,5,17,0.0,1.0
1A8LA,4.0,5,18,0.0,1.0000000000000002
1A8LA,4.0,5,19,0.0,0.9999999999999998
1A8LA,4.0,6,0,0.0,1.0000000000000002
1A8LA,4.0,6,1,0.0,1.0000000000000002
1A8LA,4.0,6,2,0.0,1.0
1A8LA,4.0,6,3,0.0,1.0
1A8LA,4.0,6,4,0.0,1.0
1A8LA,4.0,6,5,0.0,0.9999999999999999
1A8LA,4.0,6,6,0.0,1.0
1A8LA,4.0,6,7,0.0,1.0
1A8LA,4.0,6,8,0.0,1.0
1A8LA,4.0,6,9,0.0,0.9999999999999998
1A8LA,4.0,6,10,0.0,1.0
1A8LA,4.0,6,11,0.0,1.0
1A8LA,4.0,6,12,0.0,0.9999999999999998
1A8LA,4.0,6,13,0.0,1.0
1A8LA,4.0,6,14,0.0,1.0
1A8LA,4.0,6,15,0.0,0.9999999999999998
1A8LA,4.0,6,16,0.0,1.0
1A8LA,4.0,6,17,0.0,1.0
1A8LA,4.0,6,18,0.0,1.0
1A8LA,4.0,6,19,0.0,1.0
1A8LA,4.0,7,0,0.0,1.0
1A8LA,4.0,7,1,0.0,1.0000000000000002
1A8LA,4.0,7,2,0.0,1.0000000000000002
1A8LA,4.0,7,3,0.0,1.0
1A8LA,4.0,7,4,0.0,1.0000000000000002
1A8LA,4.0,7,5,0.0,1.0
1A8LA,4.0,7,6,0.0,1.0
1A8LA,4.0,7,7,0.0,1.0
1A8LA,4.0,7,8,0.0,0.9999999999999999
1A8LA,4.0,7,9,0.0,1.0
1A8LA,4.0,7,10,0.0,1.0
1A8LA,4.0,7,11,0.0,1.0000000000000002
1A8LA,4.0,7,12,0.0,1.0
1A8LA,4.0,7,13,0.0,0.9999999999999999
1A8LA,4.0,7,14,0.0,0.9999999999999998
1A8LA,4.0,7,15,0.0,1.0
1A8LA,4.0,7,16,0.0,1.0000000000000002
1A8LA,4.0,7,17,0.0,1.0
1A8LA,4.0,7,18,0.0,1.0
1A8LA,4.0,7,19,0.0,1.0
1A8LA,4.0,8,0,0.0,0.9999999999999998
1A8LA,4.0,8,1,0.0,1.0
1A8LA,4.0,8,2,0.0,0.9999999999999999
1A8LA,4.0,8,3,0.0,1.0
1A8LA,4.0,8,4,0.0,1.0
1A8LA,4.0,8,5,0.0,0.9999999999999999
1A8LA,4.0,8,6,0.0,1.0
1A8LA,4.0,8,7,0.0,1.0
1A8LA,4.0,8,8,0.0,1.0
1A8LA,4.0,8,9,0.0,1.0
1A8LA,4.0,8,10,0.0,0.9999999999999999
1A8LA,4.0,8,11,0.0,1.0
1A8LA,4.0,8,12,0.0,1.0
1A8LA,4.0,8,13,0.0,1.0
1A8LA,4.0,8,14,0.0,1.0
1A8LA,4.0,8,15,0.0,1.0
1A8LA,4.0,8,16,0.0,1.0000000000000002
1A8LA,4.0,8,17,0.0,1.0
1A8LA,4.0,8,18,0.0,1.0
1A8LA,4.0,8,19,0.0,1.0
1A8LA,4.0,9,0,0.0,0.9999999999999998
1A8LA,4.0,9,1,0.0,1.0
1A8LA,4.0,9,2,0.0,0.9999999999999999
1A8LA,4.0,9,3,0.0,1.0
1A8LA,4.0,9,4,0.0,1.0
1A8LA,4.0,9,5,0.0,0.9999999999999999
1A8LA,4.0,9,6,0.0,1.0000000000000002
1A8LA,4.0,9,7,0.0,1.0
1A8LA,4.0,9,8,0.0,0.9999999999999998
1A8LA,4.0,9,9,0.0,1.0000000000000002
1A8LA,4.0,9,10,0.0,1.0
1A8LA,4.0,9,11,0.0,1.0000000000000002
1A8LA,4.0,9,12,0.0,1.0
1A8LA,4.0,9,13,0.0,1.0000000000000002
1A8LA,4.0,9,14,0.0,0.9999999999999998
1A8LA,4.0,9,15,0.0,1.0000000000000002
1A8LA,4.0,9,16,0.0,1.0000000000000002
1A8LA,4.0,9,17,0.0,1.0000000000000002
1A8LA,4.0,9,18,0.0,1.0
1A8LA,4.0,9,19,0.0,1.0000000000000002
1A8LA,4.0,10,0,0.14473761768187937,0.6540835334386662
1A8LA,4.0,10,1,0.010143845018709893,0.8919368630315091
1A8LA,4.0,10,2,0.04023003776246248,0.7103343555451619
1A8LA,4.0,10,3,0.018774271117248515,0.9691082355233566
1A8LA,4.0,10,4,0.058385816822860336,0.8002907936678734
1A8LA,4.0,10,5,0.012059009297606898,0.989772219785651
1A8LA,4.0,10,6,0.13398136442929717,0.44894429514330847
1A8LA,4.0,10,7,0.010283605726160822,0.9516659427389501
1A8LA,4.0,10,8,0.04013397485528402,0.8747451823215895
1A8LA,4.0,10,9,0.7550203452015535,0.056049221463209155
1A8LA,4.0,10,10,0.004587654359828646,0.9689158412230942
1A8LA,4.0,10,11,0.1302552190524567,0.5053458518473399
1A8LA,4.0,10,12,0.4162604803652769,0.14905884596415148
1A8LA,4.0,10,13,0.01596487395151851,0.9451551266433135
1A8LA,4.0,10,14,0.12439885778727394,0.25842615801568425
1A8LA,4.0,10,15,0.032549167360916044,0.877965867227095
1A8LA,4.0,10,16,0.21676477560395863,0.31121140336430825
1A8LA,4.0,10,17,0.015729427286894183,0.9791717519539445
1A8LA,4.0,10,18,0.1881415785421277,0.5900940814851319
1A8LA,4.0,10,19,0.050571017178464885,0.8909713944650385
1A8LA,4.0,11,0,0.03567920990007522,0.9259943947392034
1A8LA,4.0,11,1,0.041948164602276836,0.8758912521245806
1A8LA,4.0,11,2,0.026347397628964403,0.9400487717627705
1A8LA,4.0,11,3,0.04865998424265913,0.9409188358892115
1A8LA,4.0,11,4,0.03182416532361819,0.948836287006766
1A8LA,4.0,11,5,0.06555445388520546,0.9155525631980961
1A8LA,4.0,11,6,0.024816570225530087,0.9017768088529734
1A8LA,4.0,11,7,0.05576735914073128,0.7808022085458719
1A8LA,4.0,11,8,0.025367691553103693,0.9305330395551409
1A8LA,4.0,11,9,0.02743847310188382,0.9682532474308707
1A8LA,4.0,11,10,0.04214647154089213,0.8747945121889213
1A8LA,4.0,11,11,0.02385067704530295,0.9658881106822919
1A8LA,4.0,11,12,0.02825085689757902,0.9556418462517705
1A8LA,4.0,11,13,0.030127347238691485,0.9484155974447884
1A8LA,4.0,11,14,0.07231100590410604,0.8551840551795216
1A8LA,4.0,11,15,0.021398340461534205,0.9077309712624646
1A8LA,4.0,11,16,0.1005144107032591,0.9538132133396834
1A8LA,4.0,11,17,0.0397071525660047,0.9148411590599798
1A8LA,4.0,11,18,0.05264873159192637,0.8737722843879612
1A8LA,4.0,11,19,0.023987169926553833,0.9061560909974938
1A8LA,4.0,12,0,0.003488651846064969,0.9969922109814888
1A8LA,4.0,12,1,0.021601956004952752,0.9813384813304272
1A8LA,4.0,12,2,0.018601489211379323,0.9924609514854871
1A8LA,4.0,12,3,0.014105588127509495,0.9876539600604938
1A8LA,4.0,12,4,0.016669422126062972,0.9567579586369457
1A8LA,4.0,12,5,0.006964117499541954,0.9957416685751643
1A8LA,4.0,12,6,0.057361886631462036,0.8592033019351908
1A8LA,4.0,12,7,0.016527394929343256,0.9607972854864317
1A8LA,4.0,12,8,0.026949181625462636,0.9750593555294363
1A8LA,4.0,12,9,0.018761730155899596,0.9817452185596205
1A8LA,4.0,12,10,0.014330904329718255,0.9876064801702626
1A8LA,4.0,12,11,0.009990406257909869,0.9875435739556818
1A8LA,4.0,12,12,0.007578640234354912,0.9948610508239342
1A8LA,4.0,12,13,0.018498127256413862,0.9799251185951221
1A8LA,4.0,12,14,0.016175594826945677,0.9904018759090826
1A8LA,4.0,12,15,0.011887304291305835,0.9955921032868766
1A8LA,4.0,12,16,0.011342221186383396,0.9538275453681927
1A8LA,4.0,12,17,0.03719972521506856,0.9147441815255769
1A8LA,4.0,12,18,0.004833544306491018,0.9953032001343334
1A8LA,4.0,12,19,0.027381531504311902,0.9686362224054436
1A8LA,4.0,13,0,0.008287575447578181,0.9867842348354615
1A8LA,4.0,13,1,0.010413692275213791,0.9818473885027073
1A8LA,4.0,13,2,0.009254946454232834,0.9927510750913976
1A8LA,4.0,13,3,0.011486353090261758,0.9882218589163316
1A8LA,4.0,13,4,0.009617227546507302,0.9860880642072685
1A8LA,4.0,13,5,0.004600477142261149,0.997357102578867
1A8LA,4.0,13,6,0.011209590975350367,0.9726445852504111
1A8LA,4.0,13,7,0.016197942085078035,0.969521127980873
1A8LA,4.0,13,8,0.021916995339152503,0.947778935440759
1A8LA,4.0,13,9,0.004546124803870634,0.9974502235972222
1A8LA,4.0,13,10,0.01584721063302574,0.9934393967797733
1A8LA,4.0,13,11,0.004909574386699809,0.9978908948240961
1A8LA,4.0,13,12,0.011476186783722203,0.988422360801412
1A8LA,4.0,13,13,0.00896297747869078,0.9719156130719174
1A8LA,4.0,13,14,0.010308650469851383,0.9885879356890965
1A8LA,4.0,13,15,0.012843455961753533,0.9846542269777047
1A8LA,4.0,13,16,0.017408938485280658,0.9764415858370857
1A8LA,4.0,13,17,0.011245616507919252,0.971407918309739
1A8LA,4.0,13,18,0.011253660433671748,0.9823695661813209
1A8LA,4.0,13,19,0.0100339961561517,0.9769047552688931
1A8LA,4.0,14,0,0.00955219900400524,0.9855017783681852
1A8LA,4.0,14,1,0.007223443625165842,0.9965388140066502
1A8LA,4.0,14,2,0.0064711362781319165,0.9893527164730355
1A8LA,4.0,14,3,0.0071205012644621896,0.9937281449762693
1A8LA,4.0,14,4,0.008347901495511388,0.9892830801002449
1A8LA,4.0,14,5,0.003312910496383721,0.9981228249854998
1A8LA,4.0,14,6,0.004433171203003884,0.9976092779202914
1A8LA,4.0,14,7,0.009618721309912799,0.9650152585851296
1A8LA,4.0,14,8,0.01264470254157858,0.9603588001785477
1A8LA,4.0,14,9,0.006283722634197342,0.9968924127347097
1A8LA,4.0,14,10,0.007302876329903017,0.9849850948734786
1A8LA,4.0,14,11,0.012076319839840383,0.9807528240289299
1A8LA,4.0,14,12,0.006365795404926803,0.99172410448682
1A8LA,4.0,14,13,0.007265899360782406,0.983777874330638
1A8LA,4.0,14,14,0.005585571930960296,0.9927466860847879
1A8LA,4.0,14,15,0.005746160074544226,0.9959710163588549
1A8LA,4.0,14,16,0.017500880099582908,0.9848330689673442
1A8LA,4.0,14,17,0.010713248942399273,0.9693375941334981
1A8LA,4.0,14,18,0.003778940841332909,0.9906942623505424
1A8LA,4.0,14,19,0.00802822430421326,0.9836282090649442
1A8LA,4.0,15,0,0.01411107932061652,0.9863482384103154
1A8LA,4.0,15,1,0.007736019287622697,0.9894632437393802
1A8LA,4.0,15,2,0.007704126998015646,0.9880958642928992
1A8LA,4.0,15,3,0.006768363971771856,0.9872441222719027
1A8LA,4.0,15,4,0.007922007096990145,0.9824524462896065
1A8LA,4.0,15,5,0.007851375541279602,0.9853367836261071
1A8LA,4.0,15,6,0.0075672169740775555,0.9942055488445747
1A8LA,4.0,15,7,0.01486163144496091,0.9825392682144966
1A8LA,4.0,15,8,0.007735081306091441,0.9802177598056214
1A8LA,4.0,15,9,0.004414001394030673,0.9975121715517649
1A8LA,4.0,15,10,0.005530268128543228,0.9941689974218508
1A8LA,4.0,15,11,0.013461691713111934,0.9592333358273051
1A8LA,4.0,15,12,0.008573859826563435,0.9845842847355362
1A8LA,4.0,15,13,0.006884365489028536,0.993266011263093
1A8LA,4.0,15,14,0.008697539056491814,0.9881217180771733
1A8LA,4.0,15,15,0.008477785549150258,0.9792224975297403
1A8LA,4.0,15,16,0.008968529742688053,0.975707678003988
1A8LA,4.0,15,17,0.011583545492282073,0.981570767917407
1A8LA,4.0,15,18,0.007120182521222771,0.9923381629754079
1A8LA,4.0,15,19,0.005824415496378481,0.9979174406251637
1A8LA,4.0,16,0,0.0066889345154331654,0.9884905738060948
1A8LA,4.0,16,1,0.009245712196701537,0.9784207246971004
1A8LA,4.0,16,2,0.015922262996219926,0.9720374968395202
1A8LA,4.0,16,3,0.006404792952955304,0.990103124624616
1A8LA,4.0,16,4,0.007102077053467432,0.9882521238474297
1A8LA,4.0,16,5,0.00798782726379515,0.9759338227183837
1A8LA,4.0,16,6,0.01334738648769266,0.9847926455462204
1A8LA,4.0,16,7,0.006093338568542414,0.9968436969651445
1A8LA,4.0,16,8,0.006033492611252686,0.994960214352311
1A8LA,4.0,16,9,0.006185535887715031,0.9918991898658127
1A8LA,4.0,16,10,0.006580090269166843,0.9937787095857572
1A8LA,4.0,16,11,0.012018839739685304,0.9788614745892334
1A8LA,4.0,16,12,0.005930729061737077,0.9929314092856506
1A8LA,4.0,16,13,0.006926826783275278,0.9920308136714638
1A8LA,4.0,16,14,0.009414470399073987,0.9800764370144879
1A8LA,4.0,16,15,0.006469398966718359,0.9937682253469364
1A8LA,4.0,16,16,0.008830402752348872,0.9698575359093519
1A8LA,4.0,16,17,0.008005489161803367,0.9846473160446633
1A8LA,4.0,16,18,0.0070685783015957595,0.9874068951031599
1A8LA,4.0,16,19,0.00476930496622887,0.9969907169981465
1A8LA,4.0,17,0,0.0059849453862376705,0.9935939414732897
1A8LA,4.0,17,1,0.0066170227197970615,0.9935408310194656
1A8LA,4.0,17,2,0.007616568117905299,0.992090971320488
1A8LA,4.0,17,3,0.006083713937859411,0.9862361085445616
1A8LA,4.0,17,4,0.01233829326427201,0.9753211242675817
1A8LA,4.0,17,5,0.006929398429132267,0.985845395157137
1A8LA,4.0,17,6,0.007826735971650272,0.9780190019992518
1A8LA,4.0,17,7,0.007662291505518356,0.9880358038149215
1A8LA,4.0,17,8,0.005475769372673446,0.992891455644914
1A8LA,4.0,17,9,0.009526413591062665,0.9869230099419976
1A8LA,4.0,17,10,0.006021982224388018,0.9917049565160613
1A8LA,4.0,17,11,0.006848441966687651,0.9856591822703
1A8LA,4.0,17,12,0.00721028778851415,0.9771948341751499
1A8LA,4.0,17,13,0.00809156289032671,0.9793920245988066
1A8LA,4.0,17,14,0.00813369336809578,0.9876118427655768
1A8LA,4.0,17,15,0.008672466714003275,0.9804149340277182
1A8LA,4.0,17,16,0.005214657583247546,0.9941320020123774
1A8LA,4.0,17,17,0.007785305892368475,0.9942378143994016
1A8LA,4.0,17,18,0.010731173900553061,0.9795536984518404
1A8LA,4.0,17,19,0.007090531137780771,0.9929255665365466
1A8LA,4.0,18,0,0.010204125771709508,0.9653647097798554
1A8LA,4.0,18,1,0.007831348935462381,0.9899094716615446
1A8LA,4.0,18,2,0.007306528533205758,0.9873748162164404
1A8LA,4.0,18,3,0.00762370913967873,0.9905009273847077
1A8LA,4.0,18,4,0.0068566572611522165,0.9880374289290185
1A8LA,4.0,18,5,0.008012541114690862,0.9939543558701235
1A8LA,4.0,18,6,0.0033122344113695546,0.997563558281723
1A8LA,4.0,18,7,0.006490474730437739,0.9885153999806449
1A8LA,4.0,18,8,0.005891701219882666,0.9949635402689512
1A8LA,4.0,18,9,0.00841168981782995,0.9810922039035729
1A8LA,4.0,18,10,0.0088083582672509,0.9620918675791698
1A8LA,4.0,18,11,0.009280254231116503,0.9843549509549296
1A8LA,4.0,18,12,0.006198294968157337,0.9927136291533615
1A8LA,4.0,18,13,0.008570332530564074,0.9912555396780783
1A8LA,4.0,18,14,0.021041301779190856,0.9495874639890544
1A8LA,4.0,18,15,0.008566365859307248,0.9820202941411335
1A8LA,4.0,18,16,0.008610289855023991,0.9790306500134294
1A8LA,4.0,18,17,0.010101935532330629,0.9769929113065944
1A8LA,4.0,18,18,0.009239660070591243,0.9868661255774268
1A8LA,4.0,18,19,0.008174128095397056,0.981154606660026
1A8LA,4.0,19,0,0.004179330276994727,0.9967729035255758
1A8LA,4.0,19,1,0.010396890987707245,0.9839744680163128
1A8LA,4.0,19,2,0.007189625566585148,0.9907462060805156
1A8LA,4.0,19,3,0.00663562012361188,0.9931100352462797
1A8LA,4.0,19,4,0.0066472227887514595,0.994060232302412
1A8LA,4.0,19,5,0.005155480079635268,0.9966749728405675
1A8LA,4.0,19,6,0.009313253200431014,0.9806722091767652
1A8LA,4.0,19,7,0.0080292735372617,0.9876949798061504
1A8LA,4.0,19,8,0.010388101700992658,0.9837994388181082
1A8LA,4.0,19,9,0.008101881082247332,0.9792156164112609
1A8LA,4.0,19,10,0.0075648369347728036,0.9835241086729891
1A8LA,4.0,19,11,0.010512411665513076,0.9753625288309646
1A8LA,4.0,19,12,0.008018371451329375,0.9893033688212998
1A8LA,4.0,19,13,0.008145463729555182,0.9887751626461381
1A8LA,4.0,19,14,0.005138203052549436,0.9964515336573171
1A8LA,4.0,19,15,0.006477491516113848,0.9917192175026088
1A8LA,4.0,19,16,0.014202728834983316,0.9698751571566929
1A8LA,4.0,19,17,0.004572028289053317,0.9942392463546402
1A8LA,4.0,19,18,0.008020346688867083,0.9824906618491671
1A8LA,4.0,19,19,0.008857044251328269,0.9867512699964962
1A8LA,4.0,20,0,0.005927400048532436,0.9943589599825109
1A8LA,4.0,20,1,0.0067696511871233956,0.9918937457516056
1A8LA,4.0,20,2,0.006725430769221805,0.9880978133592746
1A8LA,4.0,20,3,0.004926595392783064,0.994441679032037
1A8LA,4.0,20,4,0.007134831899654197,0.989682130615556
1A8LA,4.0,20,5,0.007270576638671421,0.9914255892018207
1A8LA,4.0,20,6,0.011505055085424093,0.9701275632463209
1A8LA,4.0,20,7,0.005914808633575832,0.9941853723187932
1A8LA,4.0,20,8,0.009234474089900586,0.9907908941213397
1A8LA,4.0,20,9,0.007863358349448362,0.9908844225111546
1A8LA,4.0,20,10,0.002774652692443676,0.9981673135470164
1A8LA,4.0,20,11,0.008011254485929858,0.9878573488730409
1A8LA,4.0,20,12,0.0072745898758592034,0.989981122666756
1A8LA,4.0,20,13,0.004336935108552313,0.9967402298490381
1A8LA,4.0,20,14,0.008829144798331202,0.9743138898463705
1A8LA,4.0,20,15,0.004105188357779998,0.9969141939955878
1A8LA,4.0,20,16,0.008730296725178359,0.9889699935588323
1A8LA,4.0,20,17,0.010274584971845642,0.9765388968109828
1A8LA,4.0,20,18,0.007802594648837451,0.9904229558932162
1A8LA,4.0,20,19,0.004448853082319909,0.9956787097360433
1A8LA,4.0,21,0,0.007666226296597385,0.9921949368432446
1A8LA,4.0,21,1,0.010308798013872272,0.9794548050164497
1A8LA,4.0,21,2,0.006532319773579413,0.9911373762674484
1A8LA,4.0,21,3,0.00895735160948224,0.9852944933197595
1A8LA,4.0,21,4,0.006165606280433226,0.9920009836077242
1A8LA,4.0,21,5,0.009324825636513465,0.9869881993508881
1A8LA,4.0,21,6,0.008141526835819769,0.9874719399431232
1A8LA,4.0,21,7,0.009622132124620793,0.9834073035785255
1A8LA,4.0,21,8,0.010021485894572364,0.9807935948269982
1A8LA,4.0,21,9,0.009389566190263635,0.9877504728989429
1A8LA,4.0,21,10,0.008715372024706009,0.9832928005295534
1A8LA,4.0,21,11,0.0109722511482734,0.9868587163568474
1A8LA,4.0,21,12,0.008699942748779135,0.9802575069492475
1A8LA,4.0,21,13,0.004888262286392891,0.9960247290768882
1A8LA,4.0,21,14,0.011101460882628311,0.9720729859925101
1A8LA,4.0,21,15,0.0072725887865718476,0.9932424100886218
1A8LA,4.0,21,16,0.008619313336876567,0.979115094747422
1A8LA,4.0,21,17,0.010905147166882354,0.9835079947308484
1A8LA,4.0,21,18,0.008047521804858147,0.9854517141012484
1A8LA,4.0,21,19,0.008335828800456392,0.9833774728168081
1A8LA,4.0,22,0,0.0072947650917753225,0.9863945250635993
1A8LA,4.0,22,1,0.010248498611619302,0.9880540396867099
1A8LA,4.0,22,2,0.010064916334684844,0.9828591330924071
1A8LA,4.0,22,3,0.006123545249962996,0.9931019231513315
1A8LA,4.0,22,4,0.007288985266562302,0.9932197057470072
1A8LA,4.0,22,5,0.010747787621501309,0.9735779837250382
1A8LA,4.0,22,6,0.008169650587997773,0.9894869867639747
1A8LA,4.0,22,7,0.009668221556118697,0.9832045120481265
1A8LA,4.0,22,8,0.007763744856604354,0.9896098093452035
1A8LA,4.0,22,9,0.00820176232084512,0.9874413730750319
1A8LA,4.0,22,10,0.009206815977146789,0.9842249729285854
1A8LA,4.0,22,11,0.00897238658365759,0.9831802206457027
1A8LA,4.0,22,12,0.01083957365642406,0.9793474823838508
1A8LA,4.0,22,13,0.011453116461398754,0.9809467693283864
1A8LA,4.0,22,14,0.00943093730293873,0.9833224754080409
1A8LA,4.0,22,15,0.0056780279602246225,0.9891115385873311
1A8LA,4.0,22,16,0.004689035089081505,0.9964663999132277
1A8LA,4.0,22,17,0.00715623159444967,0.9929628683763962
1A8LA,4.0,22,18,0.011129087024237585,0.9824700588901446
1A8LA,4.0,22,19,0.008537718797839175,0.9890024890719449
1A8LA,4.0,23,0,0.005533910605516577,0.9944456683222709
1A8LA,4.0,23,1,0.012132045458613603,0.9674183697798617
1A8LA,4.0,23,2,0.011966522699199532,0.9767707632302967
1A8LA,4.0,23,3,0.007787048064288072,0.9913316643021557
1A8LA,4.0,23,4,0.010703912953963312,0.9878739901331176
1A8LA,4.0,23,5,0.009286812456366667,0.9880921423709441
1A8LA,4.0,23,6,0.0116095745614951,0.9783534991145298
1A8LA,4.0,23,7,0.012516464204792363,0.9807797549062297
1A8LA,4.0,23,8,0.00927479546609376,0.9880280592555601
1A8LA,4.0,23,9,0.01053634860046442,0.9786257761454599
1A8LA,4.0,23,10,0.006533717941493138,0.9945228795820175
1A8LA,4.0,23,11,0.006744342345687237,0.993560528996745
1A8LA,4.0,23,12,0.013116710324567269,0.9832695607484705
1A8LA,4.0,23,13,0.011302477137538186,0.9814112604366672
1A8LA,4.0,23,14,0.009196492645967379,0.9805356689522637
1A8LA,4.0,23,15,0.009695496226788282,0.9822623029816552
1A8LA,4.0,23,16,0.011621947086042535,0.9786813307469893
1A8LA,4.0,23,17,0.012804586974028684,0.9828701537865479
1A8LA,4.0,23,18,0.008089216850523533,0.987741983692171
1A8LA,4.0,23,19,0.010146011533546408,0.9856980432003604
1A8LA,4.0,24,0,0.011532577205001657,0.9838020100684454
1A8LA,4.0,24,1,0.007617324169598314,0.9888282130973229
1A8LA,4.0,24,2,0.011789504678402766,0.9783996350369517
1A8LA,4.0,24,3,0.010973645870364134,0.9821944850851001
1A8LA,4.0,24,4,0.010333384656808543,0.9797011058761306
1A8LA,4.0,24,5,0.013269400084101617,0.9770279708059473
1A8LA,4.0,24,6,0.006546566916769654,0.9936006869115757
1A8LA,4.0,24,7,0.005779163451351834,0.9940506325565115
1A8LA,4.0,24,8,0.010440703688853048,0.9819707380170136
1A8LA,4.0,24,9,0.01023715667870135,0.9849606749352977
1A8LA,4.0,24,10,0.011952595539042304,0.9765322336504199
1A8LA,4.0,24,11,0.011825409338644677,0.9807103369498109
1A8LA,4.0,24,12,0.00806824675660286,0.9904480367568526
1A8LA,4.0,24,13,0.010999521702284222,0.9806585671087087
1A8LA,4.0,24,14,0.012215225933737426,0.9773050985207566
1A8LA,4.0,24,15,0.012841987453585486,0.9774751785224066
1A8LA,4.0,24,16,0.010473942631890998,0.9807405665145118
1A8LA,4.0,24,17,0.013222123398239867,0.968910388784546
1A8LA,4.0,24,18,0.01342261650578152,0.961426274818335
1A8LA,4.0,24,19,0.011435116438759423,0.9878665977880394
1A8LA,4.0,25,0,0.012757336059547514,0.9794861397230856
1A8LA,4.0,25,1,0.013201932524462591,0.967700317250302
1A8LA,4.0,25,2,0.013236283121767476,0.9813750506513779
1A8LA,4.0,25,3,0.012875445377219033,0.9747512189152825
1A8LA,4.0,25,4,0.01454159109458047,0.9767521442521744
1A8LA,4.0,25,5,0.014619879005184834,0.9702186528032177
1A8LA,4.0,25,6,0.012927261318100257,0.9735175800779403
1A8LA,4.0,25,7,0.011752930469794727,0.9826382285732638
1A8LA,4.0,25,8,0.007087291519430237,0.9922323452810098
1A8LA,4.0,25,9,0.01433442146260675,0.973680499324019
1A8LA,4.0,25,10,0.011058476381975093,0.9846982913471658
1A8LA,4.0,25,11,0.007136295605048422,0.9924845432477639
1A8LA,4.0,25,12,0.013856184182768228,0.9756651545436174
1A8LA,4.0,25,13,0.010616982539898909,0.9852062002762478
1A8LA,4.0,25,14,0.011895688090085526,0.9815520551428323
1A8LA,4.0,25,15,0.012726921547517554,0.9808585297220717
1A8LA,4.0,25,16,0.004042187062642717,0.9969182397849654
1A8LA,4.0,25,17,0.014733797939661179,0.9678915875522272
1A8LA,4.0,25,18,0.014635336889570406,0.9777079380990304
1A8LA,4.0,25,19,0.014254509121129598,0.9696527958565386
1A8LA,4.0,26,0,0.016068456257778838,0.9729983157161576
1A8LA,4.0,26,1,0.015005400552567234,0.961974867417409
1A8LA,4.0,26,2,0.012259097155826973,0.98208285782443
1A8LA,4.0,26,3,0.008286686137769353,0.9883125771214242
1A8LA,4.0,26,4,0.00499761919332272,0.9974364674729045
1A8LA,4.0,26,5,0.006157675229576901,0.9940593442187677
1A8LA,4.0,26,6,0.003632587933020777,0.997629886826967
1A8LA,4.0,26,7,0.014584953185362546,0.9747738795416221
1A8LA,4.0,26,8,0.014518503387829907,0.9726041075857605
1A8LA,4.0,26,9,0.015636143703997813,0.9652518045524077
1A8LA,4.0,26,10,0.010721690909192848,0.9884628734784888
1A8LA,4.0,26,11,0.006711222104066812,0.9928964773782099
1A8LA,4.0,26,12,0.015213895011340581,0.9756089850219269
1A8LA,4.0,26,13,0.014292631255601849,0.9766540134989785
1A8LA,4.0,26,14,0.004112884974871835,0.9966566608485843
1A8LA,4.0,26,15,0.012890466691819527,0.9742859761048434
1A8LA,4.0,26,16,0.01230502919151896,0.9854255698867197
1A8LA,4.0,26,17,0.013405275319574757,0.9824365271782779
1A8LA,4.0,26,18,0.014827608597550898,0.967243556490437
1A8LA,4.0,26,19,0.012609157557302174,0.9799069785321507
1A8LA,4.0,27,0,0.015449729686687286,0.9687197689949161
1A8LA,4.0,27,1,0.01005101061397955,0.987100292800406
1A8LA,4.0,27,2,0.01396541366020432,0.9761784980984483
1A8LA,4.0,27,3,0.008469431816548436,0.9907059736599352
1A8LA,4.0,27,4,0.008353091960910927,0.9899083819293604
1A8LA,4.0,27,5,0.008392232332517829,0.9928253974053449
1A8LA,4.0,27,6,0.011870200907583298,0.9798577442179967
1A8LA,4.0,27,7,0.00653765869710529,0.9940949279284854
1A8LA,4.0,27,8,0.010290964775044055,0.985590145461971
1A8LA,4.0,27,9,0.013799144359848935,0.9808718820027645
1A8LA,4.0,27,10,0.004111238610771675,0.9968192298180488
1A8LA,4.0,27,11,0.00956393846662448,0.987381040218324
1A8LA,4.0,27,12,0.012478671746097377,0.9757692010554917
1A8LA,4.0,27,13,0.015029447731969611,0.9676869618579633
1A8LA,4.0,27,14,0.014754119750754875,0.973778159240125
1A8LA,4.0,27,15,0.011664316090847775,0.9870083579984644
1A8LA,4.0,27,16,0.01581724966787802,0.969275875334905
1A8LA,4.0,27,17,0.013438238025453183,0.9784061916068184
1A8LA,4.0,27,18,0.008867058371334039,0.9867834530711701
1A8LA,4.0,27,19,0.012231398786772861,0.9772398098854562
1A8LA,4.0,28,0,0.014102680342933886,0.9770571508258284
1A8LA,4.0,28,1,0.016866744742106764,0.9735464850189011
1A8LA,4.0,28,2,0.005453023596336471,0.9947417818036122
1A8LA,4.0,28,3,0.013002834176817486,0.9825293614693323
1A8LA,4.0,28,4,0.007700171909495326,0.9905950381326335
1A8LA,4.0,28,5,0.010899054162347016,0.9763175230148855
1A8LA,4.0,28,6,0.014014016713838014,0.9750005428237024
1A8LA,4.0,28,7,0.01713388461015089,0.9684376478516182
1A8LA,4.0,28,8,0.01090404547113056,0.9802299379150874
1A8LA,4.0,28,9,0.018005517573024935,0.9474131988535449
1A8LA,4.0,28,10,0.006002942167166654,0.9965991892467617
1A8LA,4.0,28,11,0.010242890803575483,0.984168765345241
1A8LA,4.0,28,12,0.011070449087856175,0.9853642463992488
1A8LA,4.0,28,13,0.012632767379424155,0.979575167907185
1A8LA,4.0,28,14,0.010262213626286544,0.9736645945875313
1A8LA,4.0,28,15,0.012631154649293546,0.9784532076630148
1A8LA,4.0,28,16,0.01068746856485975,0.9860568538225247
1A8LA,4.0,28,17,0.015011602855071308,0.9628182054787898
1A8LA,4.0,28,18,0.0025613800231435438,0.998702471323854
1A8LA,4.0,28,19,0.0168137172153831,0.9615688570125313
1A8LA,4.0,29,0,0.014458594037278885,0.9718404326026204
1A8LA,4.0,29,1,0.008383171232425346,0.956099244764387
1A8LA,4.0,29,2,0.01064750394045779,0.9818353359417108
1A8LA,4.0,29,3,0.009588544398145875,0.992234897917222
1A8LA,4.0,29,4,0.006988444796489131,0.9914863305788406
1A8LA,4.0,29,5,0.008907879971808188,0.9945455883002182
1A8LA,4.0,29,6,0.012734563401023365,0.9734422083306755
1A8LA,4.0,29,7,0.011566487601397122,0.9877605461028861
1A8LA,4.0,29,8,0.013597756908012676,0.9758814982671687
1A8LA,4.0,29,9,0.0057628514200917785,0.993802574551689
1A8LA,4.0,29,10,0.00783357939899313,0.9927756712429955
1A8LA,4.0,29,11,0.00777344054034263,0.9917691993711041
1A8LA,4.0,29,12,0.014226743704442858,0.9793449249323091
1A8LA,4.0,29,13,0.014555611742524508,0.9614657761714317
1A8LA,4.0,29,14,0.008590892959435636,0.9743648553574
1A8LA,4.0,29,15,0.008715711798138848,0.9791491773722074
1A8LA,4.0,29,16,0.011796252761309222,0.9757391705850033
1A8LA,4.0,29,17,0.009374062711777258,0.9872847449980997
1A8LA,4.0,29,18,0.015252731834221343,0.9779953460809491
1A8LA,4.0,29,19,0.009060725893978508,0.990688996934619
1A8LA,4.0,30,0,0.0145824250054125,0.9794060854320552
1A8LA,4.0,30,1,0.014355722002214195,0.9792266148648905
1A8LA,4.0,30,2,0.010177916047552185,0.9837924466225442
1A8LA,4.0,30,3,0.012158463161424797,0.9779772359835145
1A8LA,4.0,30,4,0.0061999362170790115,0.9822528769636573
1A8LA,4.0,30,5,0.008588478679297627,0.9768315707862057
1A8LA,4.0,30,6,0.007370741764518646,0.9896617660015964
1A8LA,4.0,30,7,0.008243735326713287,0.9895685772573576
1A8LA,4.0,30,8,0.014176576422677466,0.9664882470212496
1A8LA,4.0,30,9,0.014434288514228991,0.9637202000655315
1A8LA,4.0,30,10,0.011043748711959336,0.9831649153663429
1A8LA,4.0,30,11,0.010826984313019811,0.9826231258695801
1A8LA,4.0,30,12,0.00601027244787861,0.9939022312790817
1A8LA,4.0,30,13,0.014948016838676153,0.9709399739807026
1A8LA,4.0,30,14,0.004240755245503476,0.9973890559697296
1A8LA,4.0,30,15,0.003444920706341437,0.9981602906023411
1A8LA,4.0,30,16,0.01335875717111096,0.9742674696088677
1A8LA,4.0,30,17,0.005253968833841206,0.9951046176618038
1A8LA,4.0,30,18,0.010170828273253982,0.9715314800679764
1A8LA,4.0,30,19,0.006805139527061486,0.9950158561343753
1A8LA,4.0,31,0,0.01431653463773992,0.9647301918270009
1A8LA,4.0,31,1,0.01040973225644017,0.9859874336454992
1A8LA,4.0,31,2,0.008912365539975075,0.9860191352331069
1A8LA,4.0,31,3,0.00211758076504006,0.9993190118389406
1A8LA,4.0,31,4,0.01008853311643848,0.9739937265459933
1A8LA,4.0,31,5,0.004213799165626979,0.9973768574142237
1A8LA,4.0,31,6,0.008602012235774467,0.9912690476501957
1A8LA,4.0,31,7,0.006319562411800412,0.9829644348180202
1A8LA,4.0,31,8,0.0073356568540274445,0.9958259277428277
1A8LA,4.0,31,9,0.00923798768033309,0.9900491049669082
1A8LA,4.0,31,10,0.009618479796235431,0.9821421924167425
1A8LA,4.0,31,11,0.004208494650577171,0.9901344273887809
1A8LA,4.0,31,12,0.011234355961272726,0.9812828584982987
1A8LA,4.0,31,13,0.0018985663159007153,0.999368933662068
1A8LA,4.0,31,14,0.006543663546748636,0.9946297480804946
1A8LA,4.0,31,15,0.008495937510582674,0.993266652629761
1A8LA,4.0,31,16,0.007358034522583703,0.9931574240106315
1A8LA,4.0,31,17,0.012572553422619362,0.9752048946552787
1A8LA,4.0,31,18,0.008868552383583864,0.9936319165751735
1A8LA,4.0,31,19,0.0146217965935875,0.9626940079544318
1A8LA,4.0,32,0,0.010661354913468384,0.9728947803647409
1A8LA,4.0,32,1,0.006098091861106222,0.9912942318010758
1A8LA,4.0,32,2,0.009066905337389011,0.9707129536773695
1A8LA,4.0,32,3,0.009395208089438216,0.9872763200090223
1A8LA,4.0,32,4,0.01134321306752242,0.9840738344340154
1A8LA,4.0,32,5,0.002163235252715599,0.9952838915490291
1A8LA,4.0,32,6,0.010322650920629093,0.9805805220575879
1A8LA,4.0,32,7,0.012059261874275383,0.9785029018271103
1A8LA,4.0,32,8,0.00429560295642853,0.9873958152608303
1A8LA,4.0,32,9,0.00453743981130558,0.9959555426746602
1A8LA,4.0,32,10,0.009882529733991287,0.9858501774483233
1A8LA,4.0,32,11,0.010098942681313009,0.9777727874717749
1A8LA,4.0,32,12,0.009349592649884754,0.9850274987609998
1A8LA,4.0,32,13,0.01265735678778627,0.9807489494288696
1A8LA,4.0,32,14,0.012783949030508305,0.9781672848173929
1A8LA,4.0,32,15,0.006992031078709385,0.9948260878755382
1A8LA,4.0,32,16,0.003919738702538089,0.991912792883577
1A8LA,4.0,32,17,0.009931911560475334,0.9777620068465601
1A8LA,4.0,32,18,0.011911104043424468,0.9798820024248439
1A8LA,4.0,32,19,0.015470882762299853,0.9606546183701259
1A8LA,8.0,0,0,0.0,1.0000000000000002
1A8LA,8.0,0,1,0.0,1.0
1A8LA,8.0,0,2,0.0,1.0000000000000002
1A8LA,8.0,0,3,0.0,1.0
1A8LA,8.0,0,4,0.0,0.9999999999999998
1A8LA,8.0,0,5,0.0,0.9999999999999999
1A8LA,8.0,0,6,0.0,1.0000000000000002
1A8LA,8.0,0,7,0.0,1.0
1A8LA,8.0,0,8,0.0,1.0
1A8LA,8.0,0,9,0.0,1.0000000000000002
1A8LA,8.0,0,10,0.0,1.0
1A8LA,8.0,0,11,0.0,1.0000000000000002
1A8LA,8.0,0,12,0.0,1.0000000000000002
1A8LA,8.0,0,13,0.0,0.9999999999999998
1A8LA,8.0,0,14,0.0,1.0
1A8LA,8.0,0,15,0.0,1.0000000000000002
1A8LA,8.0,0,16,0.0,1.0000000000000002
1A8LA,8.0,0,17,0.0,1.0000000000000002
1A8LA,8.0,0,18,0.0,0.9999999999999999
1A8LA,8.0,0,19,0.0,1.0
1A8LA,8.0,1,0,0.0,1.0000000000000002
1A8LA,8.0,1,1,0.0,1.0000000000000002
1A8LA,8.0,1,2,0.0,1.0
1A8LA,8.0,1,3,0.0,1.0
1A8LA,8.0,1,4,0.0,1.0000000000000002
1A8LA,8.0,1,5,0.0,1.0000000000000002
1A8LA,8.0,1,6,0.0,1.0
1A8LA,8.0,1,7,0.0,1.0000000000000002
1A8LA,8.0,1,8,0.0,0.9999999999999999
1A8LA,8.0,1,9,0.0,1.0000000000000002
1A8LA,8.0,1,10,0.0,1.0000000000000002
1A8LA,8.0,1,11,0.0,1.0
1A8LA,8.0,1,12,0.0,0.9999999999999999
1A8LA,8.0,1,13,0.0,1.0000000000000002
1A8LA,8.0,1,14,0.0,1.0
1A8LA,8.0,1,15,0.0,1.0
1A8LA,8.0,1,16,0.0,1.0
1A8LA,8.0,1,17,0.0,0.9999999999999998
1A8LA,8.0,1,18,0.0,0.9999999999999999
1A8LA,8.0,1,19,0.0,1.0000000000000002
1A8LA,8.0,2,0,0.0,1.0
1A8LA,8.0,2,1,0.0,1.0000000000000002
1A8LA,8.0,2,2,0.0,1.0
1A8LA,8.0,2,3,0.0,0.9999999999999998
1A8LA,8.0,2,4,0.0,1.0
1A8LA,8.0,2,5,0.0,0.9999999999999998
1A8LA,8.0,2,6,0.0,1.0
1A8LA,8.0,2,7,0.0,1.0
1A8LA,8.0,2,8,0.0,0.9999999999999999
1A8LA,8.0,2,9,0.0,1.0
1A8LA,8.0,2,10,0.0,1.0
1A8LA,8.0,2,11,0.0,1.0
1A8LA,8.0,2,12,0.0,0.9999999999999998
1A8LA,8.0,2,13,0.0,0.9999999999999999
1A8LA,8.0,2,14,0.0,0.9999999999999998
1A8LA,8.0,2,15,0.0,1.0
1A8LA,8.0,2,16,0.0,1.0
1A8LA,8.0,2,17,0.0,1.0
1A8LA,8.0,2,18,0.0,0.9999999999999999
1A8LA,8.0,2,19,0.0,1.0
1A8LA,8.0,3,0,0.0,1.0
1A8LA,8.0,3,1,0.0,1.0
1A8LA,8.0,3,2,0.0,0.9999999999999999
1A8LA,8.0,3,3,0.0,1.0000000000000002
1A8LA,8.0,3,4,0.0,0.9999999999999998
1A8LA,8.0,3,5,0.0,1.0
1A8LA,8.0,3,6,0.0,1.0
1A8LA,8.0,3,7,0.0,1.0
1A8LA,8.0,3,8,0.0,1.0000000000000002
1A8LA,8.0,3,9,0.0,1.0
1A8LA,8.0,3,10,0.0,1.0000000000000002
1A8LA,8.0,3,11,0.0,1.0
1A8LA,8.0,3,12,0.0,1.0
1A8LA,8.0,3,13,0.0,1.0
1A8LA,8.0,3,14,0.0,1.0000000000000002
1A8LA,8.0,3,15,0.0,1.0
1A8LA,8.0,3,16,0.0,0.9999999999999998
1A8LA,8.0,3,17,0.0,1.0
1A8LA,8.0,3,18,0.0,1.0
1A8LA,8.0,3,19,0.0,1.0000000000000002
1A8LA,8.0,4,0,0.0,1.0
1A8LA,8.0,4,1,0.0,1.0000000000000002
1A8LA,8.0,4,2,0.0,0.9999999999999998
1A8LA,8.0,4,3,0.0,0.9999999999999999
1A8LA,8.0,4,4,0.0,1.0
1A8LA,8.0,4,5,0.0,1.0
1A8LA,8.0,4,6,0.0,0.9999999999999998
1A8LA,8.0,4,7,0.0,1.0
1A8LA,8.0,4,8,0.0,1.0
1A8LA,8.0,4,9,0.0,1.0
1A8LA,8.0,4,10,0.0,0.9999999999999998
1A8LA,8.0,4,11,0.0,0.9999999999999999
1A8LA,8.0,4,12,0.0,0.9999999999999999
1A8LA,8.0,4,13,0.0,1.0
1A8LA,8.0,4,14,0.0,1.0000000000000002
1A8LA,8.0,4,15,0.0,0.9999999999999999
1A8LA,8.0,4,16,0.0,1.0
1A8LA,8.0,4,17,0.0,0.9999999999999998
1A8LA,8.0,4,18,0.0,1.0000000000000002
1A8LA,8.0,4,19,0.0,1.0
1A8LA,8.0,5,0,0.0,1.0
1A8LA,8.0,5,1,0.0,1.0000000000000002
1A8LA,8.0,5,2,0.0,1.0
1A8LA,8.0,5,3,0.0,1.0
1A8LA,8.0,5,4,0.0,1.0000000000000002
1A8LA,8.0,5,5,0.0,1.0000000000000002
1A8LA,8.0,5,6,0.0,1.0000000000000002
1A8LA,8.0,5,7,0.0,1.0
1A8LA,8.0,5,8,0.0,1.0
1A8LA,8.0,5,9,0.0,1.0
1A8LA,8.0,5,10,0.0,1.0
1A8LA,8.0,5,11,0.0,0.9999999999999999
1A8LA,8.0,5,12,0.0,0.9999999999999999
1A8LA,8.0,5,13,0.0,1.0
1A8LA,8.0,5,14,0.0,1.0
1A8LA,8.0,5,15,0.0,1.0
1A8LA,8.0,5,16,0.0,1.0
1A8LA,8.0,5,17,0.0,1.0
1A8LA,8.0,5,18,0.0,1.0000000000000002
1A8LA,8.0,5,19,0.0,0.9999999999999998
1A8LA,8.0,6,0,0.0,1.0000000000000002
1A8LA,8.0,6,1,0.0,1.0000000000000002
1A8LA,8.0,6,2,0.0,1.0
1A8LA,8.0,6,3,0.0,1.0
1A8LA,8.0,6,4,0.0,1.0
1A8LA,8.0,6,5,0.0,0.9999999999999999
1A8LA,8.0,6,6,0.0,1.0
1A8LA,8.0,6,7,0.0,1.0
1A8LA,8.0,6,8,0.0,1.0
1A8LA,8.0,6,9,0.0,0.9999999999999998
1A8LA,8.0,6,10,0.0,1.0
1A8LA,8.0,6,11,0.0,1.0
1A8LA,8.0,6,12,0.0,0.9999999999999998
1A8LA,8.0,6,13,0.0,1.0
1A8LA,8.0,6,14,0.0,1.0
1A8LA,8.0,6,15,0.0,0.9999999999999998
1A8LA,8.0,6,16,0.0,1.0
1A8LA,8.0,6,17,0.0,1.0
1A8LA,8.0,6,18,0.0,1.0
1A8LA,8.0,6,19,0.0,1.0
1A8LA,8.0,7,0,0.0,1.0
1A8LA,8.0,7,1,0.0,1.0000000000000002
1A8LA,8.0,7,2,0.0,1.0000000000000002
1A8LA,8.0,7,3,0.0,1.0
1A8LA,8.0,7,4,0.0,1.0000000000000002
1A8LA,8.0,7,5,0.0,1.0
1A8LA,8.0,7,6,0.0,1.0
1A8LA,8.0,7,7,0.0,1.0
1A8LA,8.0,7,8,0.0,0.9999999999999999
1A8LA,8.0,7,9,0.0,1.0
1A8LA,8.0,7,10,0.0,1.0
1A8LA,8.0,7,11,0.0,1.0000000000000002
1A8LA,8.0,7,12,0.0,1.0
1A8LA,8.0,7,13,0.0,0.9999999999999999
1A8LA,8.0,7,14,0.0,0.9999999999999998
1A8LA,8.0,7,15,0.0,1.0
1A8LA,8.0,7,16,0.0,1.0000000000000002
1A8LA,8.0,7,17,0.0,1.0
1A8LA,8.0,7,18,0.0,1.0
1A8LA,8.0,7,19,0.0,1.0
1A8LA,8.0,8,0,0.0,0.9999999999999998
1A8LA,8.0,8,1,0.0,1.0
1A8LA,8.0,8,2,0.0,0.9999999999999999
1A8LA,8.0,8,3,0.0,1.0
1A8LA,8.0,8,4,0.0,1.0
1A8LA,8.0,8,5,0.0,0.9999999999999999
1A8LA,8.0,8,6,0.0,1.0
1A8LA,8.0,8,7,0.0,1.0
1A8LA,8.0,8,8,0.0,1.0
1A8LA,8.0,8,9,0.0,1.0
1A8LA,8.0,8,10,0.0,0.9999999999999999
1A8LA,8.0,8,11,0.0,1.0
1A8LA,8.0,8,12,0.0,1.0
1A8LA,8.0,8,13,0.0,1.0
1A8LA,8.0,8,14,0.0,1.0
1A8LA,8.0,8,15,0.0,1.0
1A8LA,8.0,8,16,0.0,1.0000000000000002
1A8LA,8.0,8,17,0.0,1.0
1A8LA,8.0,8,18,0.0,1.0
1A8LA,8.0,8,19,0.0,1.0
1A8LA,8.0,9,0,0.0,0.9999999999999998
1A8LA,8.0,9,1,0.0,1.0
1A8LA,8.0,9,2,0.0,0.9999999999999999
1A8LA,8.0,9,3,0.0,1.0
1A8LA,8.0,9,4,0.0,1.0
1A8LA,8.0,9,5,0.0,0.9999999999999999
1A8LA,8.0,9,6,0.0,1.0000000000000002
1A8LA,8.0,9,7,0.0,1.0
1A8LA,8.0,9,8,0.0,0.9999999999999998
1A8LA,8.0,9,9,0.0,1.0000000000000002
1A8LA,8.0,9,10,0.0,1.0
1A8LA,8.0,9,11,0.0,1.0000000000000002
1A8LA,8.0,9,12,0.0,1.0
1A8LA,8.0,9,13,0.0,1.0000000000000002
1A8LA,8.0,9,14,0.0,0.9999999999999998
1A8LA,8.0,9,15,0.0,1.0000000000000002
1A8LA,8.0,9,16,0.0,1.0000000000000002
1A8LA,8.0,9,17,0.0,1.0000000000000002
1A8LA,8.0,9,18,0.0,1.0
1A8LA,8.0,9,19,0.0,1.0000000000000002
1A8LA,8.0,10,0,0.15462991782848443,0.6442108550675174
1A8LA,8.0,10,1,0.01493515730790396,0.8511317403639543
1A8LA,8.0,10,2,0.044204977932837744,0.7050414241234698
1A8LA,8.0,10,3,0.022933263119893372,0.9652597051589469
1A8LA,8.0,10,4,0.07017165252866459,0.768688201080662
1A8LA,8.0,10,5,0.015679539141166234,0.9887529617172073
1A8LA,8.0,10,6,0.15352609241960172,0.4088074302708262
1A8LA,8.0,10,7,0.017831836758964114,0.812026644550379
1A8LA,8.0,10,8,0.050301218014782455,0.8598223344116458
1A8LA,8.0,10,9,0.7564194798855478,0.055524064593831426
1A8LA,8.0,10,10,0.007517965029784422,0.9429781942857637
1A8LA,8.0,10,11,0.1426739515896336,0.4813981213407032
1A8LA,8.0,10,12,0.4296231273872436,0.1435569972770604
1A8LA,8.0,10,13,0.019371884374597217,0.9409432764703651
1A8LA,8.0,10,14,0.12875793114775855,0.2820431721824258
1A8LA,8.0,10,15,0.04195096380200561,0.8471719747931501
1A8LA,8.0,10,16,0.22598113347497184,0.30118340025241447
1A8LA,8.0,10,17,0.01921469868255035,0.9769207360210073
1A8LA,8.0,10,18,0.3664339857687264,0.3347005674134077
1A8LA,8.0,10,19,0.05811589429286689,0.8824971977115933
1A8LA,8.0,11,0,0.04130471167734818,0.9085562057411931
1A8LA,8.0,11,1,0.050492187159420235,0.8564385032936057
1A8LA,8.0,11,2,0.03514286254512226,0.8964835257561583
1A8LA,8.0,11,3,0.053658687642624,0.9338905100740824
1A8LA,8.0,11,4,0.03917666623482459,0.9250000428625592
1A8LA,8.0,11,5,0.06636474538360512,0.9259224753220019
1A8LA,8.0,11,6,0.02751978334626993,0.8831274244535091
1A8LA,8.0,11,7,0.06702690193601805,0.7172772300364784
1A8LA,8.0,11,8,0.0350802107271397,0.8763392549598115
1A8LA,8.0,11,9,0.03128691718165507,0.9638133721587331
1A8LA,8.0,11,10,0.04229924074773325,0.8689488035378384
1A8LA,8.0,11,11,0.025827261015396768,0.9647357102626261
1A8LA,8.0,11,12,0.03618783477308211,0.9394048507518492
1A8LA,8.0,11,13,0.03415078086393777,0.936315171084375
1A8LA,8.0,11,14,0.07983348380120515,0.8444727983590301
1A8LA,8.0,11,15,0.026538635616242794,0.8897686639387394
1A8LA,8.0,11,16,0.12276908956336503,0.9325500378575041
1A8LA,8.0,11,17,0.0414766591178984,0.9105831218526765
1A8LA,8.0,11,18,0.06861639981894249,0.8258868380611282
1A8LA,8.0,11,19,0.02605336453134088,0.9011396032952231
1A8LA,8.0,12,0,0.004442684366521889,0.9958102530808435
1A8LA,8.0,12,1,0.0254745636415631,0.9785778232138775
1A8LA,8.0,12,2,0.01777234208342351,0.9952316421645045
1A8LA,8.0,12,3,0.01434984318872239,0.9900883018522305
1A8LA,8.0,12,4,0.018190687317000038,0.9547763788043682
1A8LA,8.0,12,5,0.008137841319468996,0.994554108532886
1A8LA,8.0,12,6,0.09826129549971345,0.6715128569080765
1A8LA,8.0,12,7,0.017807134169598695,0.9557074380906438
1A8LA,8.0,12,8,0.03445888559833892,0.950950125119297
1A8LA,8.0,12,9,0.02273542009230782,0.9767920986516884
1A8LA,8.0,12,10,0.01715129880427452,0.9839009189349738
1A8LA,8.0,12,11,0.010476400107819897,0.9868582520355221
1A8LA,8.0,12,12,0.008303039142115666,0.9939259689721005
1A8LA,8.0,12,13,0.021965726520249362,0.9781615571679597
1A8LA,8.0,12,14,0.017478643393996594,0.9896125418247044
1A8LA,8.0,12,15,0.014783004953756094,0.9934566077080513
1A8LA,8.0,12,16,0.012221481098854485,0.9543276844717578
1A8LA,8.0,12,17,0.03892551627589177,0.9342962447729697
1A8LA,8.0,12,18,0.0061733601706726714,0.9934899444257541
1A8LA,8.0,12,19,0.025289559137444795,0.9784596661818737
1A8LA,8.0,13,0,0.00994210594395382,0.9832349204930664
1A8LA,8.0,13,1,0.011869863146728873,0.9826479987410459
1A8LA,8.0,13,2,0.012985793407120338,0.9890504368022622
1A8LA,8.0,13,3,0.017294451887497616,0.9766457117185234
1A8LA,8.0,13,4,0.009396774316357541,0.9869059207057841
1A8LA,8.0,13,5,0.006139949890114329,0.9963629039230703
1A8LA,8.0,13,6,0.012199764966904544,0.9712632220912013
1A8LA,8.0,13,7,0.02111717098646215,0.9566336942713416
1A8LA,8.0,13,8,0.03197858456045612,0.8818925130915719
1A8LA,8.0,13,9,0.005038381999196593,0.9971579367232427
1A8LA,8.0,13,10,0.015232506537719242,0.9941620071246304
1A8LA,8.0,13,11,0.005492407879042853,0.9975736026961066
1A8LA,8.0,13,12,0.011052735675436874,0.9904733300704247
1A8LA,8.0,13,13,0.01264354279326856,0.9482932661353896
1A8LA,8.0,13,14,0.010419128218153153,0.9908369183460413
1A8LA,8.0,13,15,0.01460112034507659,0.9823157011741197
1A8LA,8.0,13,16,0.016197429215129715,0.9802820724200034
1A8LA,8.0,13,17,0.01310726668601737,0.965398257585799
1A8LA,8.0,13,18,0.013817400799746703,0.9809844686576579
1A8LA,8.0,13,19,0.010855819531006826,0.9733337330314025
1A8LA,8.0,14,0,0.011857361268767722,0.9806787180627603
1A8LA,8.0,14,1,0.007334125592302362,0.9955166606646145
1A8LA,8.0,14,2,0.006992289526242858,0.9888027647161304
1A8LA,8.0,14,3,0.010767067077375885,0.9887675829468395
1A8LA,8.0,14,4,0.009405699331283473,0.9852058002221644
1A8LA,8.0,14,5,0.004431599040378863,0.9974106470766883
1A8LA,8.0,14,6,0.005306759960462559,0.9972447490912043
1A8LA,8.0,14,7,0.012567032662410155,0.9486078271575944
1A8LA,8.0,14,8,0.0163498685754013,0.937990829256516
1A8LA,8.0,14,9,0.008791275191459837,0.9952793094441388
1A8LA,8.0,14,10,0.009651952629659353,0.9789274196345693
1A8LA,8.0,14,11,0.012121458471916233,0.9772664038671889
1A8LA,8.0,14,12,0.007409981156513939,0.9912623780449752
1A8LA,8.0,14,13,0.008289833798894114,0.98253764569178
1A8LA,8.0,14,14,0.006794283951455136,0.9907574450563029
1A8LA,8.0,14,15,0.006904467837599315,0.9951148093895813
1A8LA,8.0,14,16,0.019867366971860083,0.9840031646037936
1A8LA,8.0,14,17,0.012186803762749585,0.9662077717547926
1A8LA,8.0,14,18,0.004921788401586488,0.9881851253308855
1A8LA,8.0,14,19,0.009899582674216256,0.9794261820975847
1A8LA,8.0,15,0,0.017393900641327915,0.9826449704839036
1A8LA,8.0,15,1,0.009529887978244084,0.9840638727435586
1A8LA,8.0,15,2,0.009120546663894466,0.9870442857896298
1A8LA,8.0,15,3,0.008130174617430853,0.9845954377630205
1A8LA,8.0,15,4,0.00972287095275795,0.9800650316155494
1A8LA,8.0,15,5,0.00835348261239332,0.9820951915267154
1A8LA,8.0,15,6,0.011619046348029545,0.9893041089610982
1A8LA,8.0,15,7,0.018274952404039813,0.9757658062170755
1A8LA,8.0,15,8,0.008747143632908483,0.9798583457853693
1A8LA,8.0,15,9,0.005828183829777042,0.9968185701690035
1A8LA,8.0,15,10,0.0071175531215218754,0.9928292156608952
1A8LA,8.0,15,11,0.01716095834159866,0.9515347257454418
1A8LA,8.0,15,12,0.010666427306618846,0.9790779257526163
1A8LA,8.0,15,13,0.008402619248738568,0.9918226107046033
1A8LA,8.0,15,14,0.011012279566780902,0.9851879195381402
1A8LA,8.0,15,15,0.011084881259280446,0.9706060508260134
1A8LA,8.0,15,16,0.010543664974629066,0.9727442378397132
1A8LA,8.0,15,17,0.011362027455401177,0.9818716021577272
1A8LA,8.0,15,18,0.009178765973918274,0.9883180270602495
1A8LA,8.0,15,19,0.006745046365864478,0.9968227415590378
1A8LA,8.0,16,0,0.00765555659467083,0.987418814245345
1A8LA,8.0,16,1,0.010778715599238653,0.9737379601729056
1A8LA,8.0,16,2,0.02007355345203068,0.9654022641657768
1A8LA,8.0,16,3,0.0070943829859809295,0.9897478129250661
1A8LA,8.0,16,4,0.009667378717518906,0.9801026667296707
1A8LA,8.0,16,5,0.009649299922500791,0.9733502458478879
1A8LA,8.0,16,6,0.01608212513209859,0.9827771797683817
1A8LA,8.0,16,7,0.007725347282508821,0.9953855724918707
1A8LA,8.0,16,8,0.008221474806493611,0.9918179513981855
1A8LA,8.0,16,9,0.007893318520336102,0.9885253239254506
1A8LA,8.0,16,10,0.007451722832994102,0.9927668961477358
1A8LA,8.0,16,11,0.009493167190939714,0.9859360723449222
1A8LA,8.0,16,12,0.0071058326858378365,0.9917986001487241
1A8LA,8.0,16,13,0.009105268804126888,0.9906698292576561
1A8LA,8.0,16,14,0.011035956932227227,0.9762979750715539
1A8LA,8.0,16,15,0.007875492655305249,0.9914777645174309
1A8LA,8.0,16,16,0.01014038684071095,0.9673012025268516
1A8LA,8.0,16,17,0.00908236553664702,0.9840163536435517
1A8LA,8.0,16,18,0.008557718520945442,0.9874681725805647
1A8LA,8.0,16,19,0.006852653027267295,0.9940850529175294
1A8LA,8.0,17,0,0.006873199931951011,0.9921164456025952
1A8LA,8.0,17,1,0.007910373442321324,0.9919962729302404
1A8LA,8.0,17,2,0.011331999232475642,0.9853333835762115
1A8LA,8.0,17,3,0.0077646914596346435,0.980424078370879
1A8LA,8.0,17,4,0.016101572647858116,0.9643684277951456
1A8LA,8.0,17,5,0.008414262966207939,0.9861737939219871
1A8LA,8.0,17,6,0.009910050178397025,0.9732928209499686
1A8LA,8.0,17,7,0.008830076756870255,0.9859279306735691
1A8LA,8.0,17,8,0.007712243809410421,0.9901341878394926
1A8LA,8.0,17,9,0.011321447374005353,0.9831953369277145
1A8LA,8.0,17,10,0.007817059528491384,0.9875818152912509
1A8LA,8.0,17,11,0.0090091320168128,0.9782574732335968
1A8LA,8.0,17,12,0.00862557708298712,0.9748496197634705
1A8LA,8.0,17,13,0.010208975835226137,0.9741516058774651
1A8LA,8.0,17,14,0.009346784140529519,0.9868861566688324
1A8LA,8.0,17,15,0.011214943391581864,0.976046833842952
1A8LA,8.0,17,16,0.0058019233971992054,0.9938839282970068
1A8LA,8.0,17,17,0.009098560275586184,0.9924672444202367
1A8LA,8.0,17,18,0.014912761729205096,0.9716680665159831
1A8LA,8.0,17,19,0.008519570452029473,0.9915972224283033
1A8LA,8.0,18,0,0.013047198016183731,0.9585064773956423
1A8LA,8.0,18,1,0.010863022565946052,0.9842072396197481
1A8LA,8.0,18,2,0.009091693655595522,0.9834212072841091
1A8LA,8.0,18,3,0.008705049545117256,0.9911675331796407
1A8LA,8.0,18,4,0.008343986310875663,0.9875876619296979
1A8LA,8.0,18,5,0.009358170032387822,0.9927888532970005
1A8LA,8.0,18,6,0.004131231969106304,0.9966742895898305
1A8LA,8.0,18,7,0.009166175367349849,0.982776609119592
1A8LA,8.0,18,8,0.007597988900225578,0.9935032950123275
1A8LA,8.0,18,9,0.011197997728685101,0.9711970260908992
1A8LA,8.0,18,10,0.011185460279551142,0.9535041576440523
1A8LA,8.0,18,11,0.012978299017654111,0.9776179656948113
1A8LA,8.0,18,12,0.007589389750886225,0.9907305087033255
1A8LA,8.0,18,13,0.011924093045461001,0.9846107570227223
1A8LA,8.0,18,14,0.028575270723238854,0.9287717630694552
1A8LA,8.0,18,15,0.010996298152803959,0.9775857211178082
1A8LA,8.0,18,16,0.010351559968919693,0.9758760796857342
1A8LA,8.0,18,17,0.012306254610454046,0.9720564218760573
1A8LA,8.0,18,18,0.011821207829173262,0.9811834303344454
1A8LA,8.0,18,19,0.010260173730074268,0.9762690676067837
1A8LA,8.0,19,0,0.005045716009054651,0.9960877092841838
1A8LA,8.0,19,1,0.012694666305540857,0.9776666274599707
1A8LA,8.0,19,2,0.008346687544537537,0.9903164446672048
1A8LA,8.0,19,3,0.00779035669712643,0.9925121671570559
1A8LA,8.0,19,4,0.008466250193317102,0.9919450304998254
1A8LA,8.0,19,5,0.007981125182371701,0.9949496094176256
1A8LA,8.0,19,6,0.011579831277355635,0.9749655789104126
1A8LA,8.0,19,7,0.010937170017457382,0.9847453702050829
1A8LA,8.0,19,8,0.013510883645949958,0.9749087923099831
1A8LA,8.0,19,9,0.011569290403325855,0.9699378865881594
1A8LA,8.0,19,10,0.010606886825694889,0.9758489580265975
1A8LA,8.0,19,11,0.01283940772354539,0.970357218148515
1A8LA,8.0,19,12,0.010240682967717908,0.9856209229479198
1A8LA,8.0,19,13,0.01103330844905441,0.9836338110614912
1A8LA,8.0,19,14,0.006295034570901809,0.9953360471113326
1A8LA,8.0,19,15,0.00808134860399936,0.9887235750100539
1A8LA,8.0,19,16,0.017442283366883964,0.9624122617170883
1A8LA,8.0,19,17,0.005791814958475342,0.9928484011879736
1A8LA,8.0,19,18,0.010306937973978494,0.975613474647183
1A8LA,8.0,19,19,0.013093658073734016,0.9700244757003604
1A8LA,8.0,20,0,0.007685041806533392,0.9916904823160012
1A8LA,8.0,20,1,0.00888801841648533,0.9899287284565661
1A8LA,8.0,20,2,0.008836229879342638,0.9842680947690623
1A8LA,8.0,20,3,0.0060842812641311046,0.9928421934795497
1A8LA,8.0,20,4,0.008751616116014447,0.9872732925068914
1A8LA,8.0,20,5,0.008572372542273096,0.9893466292234772
1A8LA,8.0,20,6,0.014167495539094346,0.9606816909425964
1A8LA,8.0,20,7,0.007786636198223877,0.9922432089080895
1A8LA,8.0,20,8,0.01106242994745503,0.9891659662250237
1A8LA,8.0,20,9,0.009769440937569755,0.9874779527797329
1A8LA,8.0,20,10,0.003814302366824248,0.9975608583287134
1A8LA,8.0,20,11,0.009659787622811198,0.9867973651089526
1A8LA,8.0,20,12,0.009736458395285606,0.9874065866356339
1A8LA,8.0,20,13,0.005536384363594175,0.9957660196402135
1A8LA,8.0,20,14,0.011034409157841048,0.9653369511751528
1A8LA,8.0,20,15,0.005291343265289811,0.9957851848657644
1A8LA,8.0,20,16,0.010501559074665446,0.9863807977143864
1A8LA,8.0,20,17,0.01434559935838043,0.9614776247085142
1A8LA,8.0,20,18,0.009383088468769616,0.9878916880646615
1A8LA,8.0,20,19,0.005329471703339802,0.9950223380720113
1A8LA,8.0,21,0,0.010277066470724154,0.9895962703155738
1A8LA,8.0,21,1,0.012226298115206516,0.9748827623272086
1A8LA,8.0,21,2,0.008693649266708205,0.9881245659050892
1A8LA,8.0,21,3,0.011466492056041042,0.980905596870801
1A8LA,8.0,21,4,0.008101877976928018,0.9890238187038147
1A8LA,8.0,21,5,0.011007831810253745,0.9874746745707216
1A8LA,8.0,21,6,0.00964166144786353,0.9861381003268356
1A8LA,8.0,21,7,0.011349912205863748,0.9800862483380071
1A8LA,8.0,21,8,0.012080979574022491,0.980305717667286
1A8LA,8.0,21,9,0.011723971910294917,0.9857712903157876
1A8LA,8.0,21,10,0.011364236074176625,0.9765630249200205
1A8LA,8.0,21,11,0.012932279339676559,0.9845830107477769
1A8LA,8.0,21,12,0.01148464504964532,0.9745653189580891
1A8LA,8.0,21,13,0.0065953011866447244,0.9945749371649242
1A8LA,8.0,21,14,0.013830574666877838,0.9657851848412989
1A8LA,8.0,21,15,0.009423260323945696,0.9916217365098732
1A8LA,8.0,21,16,0.010803779153029314,0.9759591020197499
1A8LA,8.0,21,17,0.014300227421327584,0.9786880682334731
1A8LA,8.0,21,18,0.010202080964408736,0.981939643311356
1A8LA,8.0,21,19,0.00999397918843459,0.9802777575115341
1A8LA,8.0,22,0,0.009323769649487126,0.9849724148677138
1A8LA,8.0,22,1,0.012878605641457522,0.9837239057705839
1A8LA,8.0,22,2,0.011540857748739005,0.9815341352898772
1A8LA,8.0,22,3,0.007354117981709492,0.9915569621491958
1A8LA,8.0,22,4,0.008597246331829667,0.9922435006093939
1A8LA,8.0,22,5,0.013546212387400919,0.9684066830228941
1A8LA,8.0,22,6,0.010701382624094044,0.9855939134350116
1A8LA,8.0,22,7,0.011762937707170023,0.9785414508676633
1A8LA,8.0,22,8,0.009430153308902574,0.9877481016939363
1A8LA,8.0,22,9,0.010327551655151215,0.9838584997976448
1A8LA,8.0,22,10,0.010554280436630328,0.9831531941249366
1A8LA,8.0,22,11,0.010840102362911752,0.9825144054765582
1A8LA,8.0,22,12,0.012637148128940599,0.9778982167065892
1A8LA,8.0,22,13,0.012765745683582512,0.9838447455802587
1A8LA,8.0,22,14,0.012200123229054843,0.9785168577949911
1A8LA,8.0,22,15,0.0073015472783790085,0.9855636188988316
1A8LA,8.0,22,16,0.005472305384355192,0.996089476068279
1A8LA,8.0,22,17,0.008583233668797655,0.9909809915373456
1A8LA,8.0,22,18,0.01314402281854292,0.9818903038205584
1A8LA,8.0,22,19,0.010146568087082817,0.9865249996618043
1A8LA,8.0,23,0,0.0073084396484521886,0.9926720810611792
1A8LA,8.0,23,1,0.013901125803731694,0.9621765333833961
1A8LA,8.0,23,2,0.015099373906239399,0.9701871592771867
1A8LA,8.0,23,3,0.009280428910927603,0.9897207700185977
1A8LA,8.0,23,4,0.014412533168984592,0.9809710555219627
1A8LA,8.0,23,5,0.011848159163971165,0.9829025760171823
1A8LA,8.0,23,6,0.01500527296624095,0.9740115380563374
1A8LA,8.0,23,7,0.016449165415057605,0.9729436065322109
1A8LA,8.0,23,8,0.011972111566744924,0.9846195297055305
1A8LA,8.0,23,9,0.012705435303442356,0.9761208889371952
1A8LA,8.0,23,10,0.008057319647858769,0.9929199860415989
1A8LA,8.0,23,11,0.008467912062618562,0.9915173296183862
1A8LA,8.0,23,12,0.015319874960501837,0.9757733287312952
1A8LA,8.0,23,13,0.01400895262120564,0.9784121865233291
1A8LA,8.0,23,14,0.011309500442999913,0.977015241175987
1A8LA,8.0,23,15,0.01168019943567796,0.9779512319496176
1A8LA,8.0,23,16,0.014668439702312993,0.9739942373035286
1A8LA,8.0,23,17,0.01496388758957789,0.9794585588898497
1A8LA,8.0,23,18,0.009856520938905508,0.9850861276569317
1A8LA,8.0,23,19,0.012398884271424125,0.9834686721371421
1A8LA,8.0,24,0,0.01494647941534171,0.9793941946880946
1A8LA,8.0,24,1,0.010013568289479573,0.984290241953285
1A8LA,8.0,24,2,0.015709607650683115,0.9685425215636256
1A8LA,8.0,24,3,0.014188166280433121,0.9760624633782823
1A8LA,8.0,24,4,0.012608366016728302,0.9764695706126384
1A8LA,8.0,24,5,0.01647288639984175,0.967312994697214
1A8LA,8.0,24,6,0.008034839816317235,0.9925667009756751
1A8LA,8.0,24,7,0.007353623904021516,0.992151743393122
1A8LA,8.0,24,8,0.013428083046134786,0.978153818696997
1A8LA,8.0,24,9,0.013716583942417902,0.9777401981017256
1A8LA,8.0,24,10,0.01429514171876719,0.9741459049528719
1A8LA,8.0,24,11,0.016095471509227088,0.9738962172930113
1A8LA,8.0,24,12,0.009849616126271195,0.9886417515909856
1A8LA,8.0,24,13,0.01403807353572017,0.9750271594102944
1A8LA,8.0,24,14,0.014927200215126826,0.9745238851437963
1A8LA,8.0,24,15,0.01641271275283676,0.9728037571081922
1A8LA,8.0,24,16,0.012775674258666627,0.9741134897239484
1A8LA,8.0,24,17,0.0157499094993791,0.9675745515861928
1A8LA,8.0,24,18,0.01574741007685236,0.9635750164083183
1A8LA,8.0,24,19,0.014475383506343729,0.9829818013445029
1A8LA,8.0,25,0,0.016438823913559688,0.9743079442524054
1A8LA,8.0,25,1,0.015983125049468062,0.9633410690877309
1A8LA,8.0,25,2,0.01657970648136023,0.9749935686170702
1A8LA,8.0,25,3,0.016344736985394785,0.9662625111641524
1A8LA,8.0,25,4,0.017555395365881143,0.9719431060992338
1A8LA,8.0,25,5,0.019092546358740668,0.9568302921259058
1A8LA,8.0,25,6,0.016129666990836865,0.9652596451275498
1A8LA,8.0,25,7,0.014682456893814748,0.9796925042181992
1A8LA,8.0,25,8,0.008626253346736293,0.990405306050961
1A8LA,8.0,25,9,0.01780734115026635,0.9674712063608826
1A8LA,8.0,25,10,0.014275031922876364,0.9797780017520772
1A8LA,8.0,25,11,0.008494983232144248,0.9913830030410207
1A8LA,8.0,25,12,0.01790617199551123,0.9671572827779861
1A8LA,8.0,25,13,0.013366362433743093,0.9806526490826967
1A8LA,8.0,25,14,0.014019918472744877,0.9800786516914743
1A8LA,8.0,25,15,0.016436162791717255,0.9753733995318715
1A8LA,8.0,25,16,0.004806758777498185,0.9965624697417248
1A8LA,8.0,25,17,0.01909806009241563,0.9603043678289105
1A8LA,8.0,25,18,0.018164411695544266,0.9726888541354591
1A8LA,8.0,25,19,0.017651093923954912,0.9636232477891821
1A8LA,8.0,26,0,0.020651010872838573,0.964886001339878
1A8LA,8.0,26,1,0.01957510414911347,0.9512927950470458
1A8LA,8.0,26,2,0.014999731064212998,0.9789199666094057
1A8LA,8.0,26,3,0.010256643982663741,0.9857938177412854
1A8LA,8.0,26,4,0.006046062164594326,0.9971071094503439
1A8LA,8.0,26,5,0.008017014104443755,0.9921919474186195
1A8LA,8.0,26,6,0.004648346424483378,0.9969940649094012
1A8LA,8.0,26,7,0.01792521033295533,0.969645786816749
1A8LA,8.0,26,8,0.01870190864543033,0.9632964795582595
1A8LA,8.0,26,9,0.01937584330014566,0.9554633564584365
1A8LA,8.0,26,10,0.013159534449153118,0.9856654500539156
1A8LA,8.0,26,11,0.008905374657590812,0.9900368277986007
1A8LA,8.0,26,12,0.018102196119859592,0.9710813105518127
1A8LA,8.0,26,13,0.018228972277529325,0.9696054956091855
1A8LA,8.0,26,14,0.00496263987016145,0.9960532964687345
1A8LA,8.0,26,15,0.016153228763158188,0.9677404411204958
1A8LA,8.0,26,16,0.01703770906249877,0.9775605405369272
1A8LA,8.0,26,17,0.017189189975328444,0.9789903382381486
1A8LA,8.0,26,18,0.018777478043851697,0.9589387317504358
1A8LA,8.0,26,19,0.01572010639670869,0.9761639465561429
1A8LA,8.0,27,0,0.01911837510840531,0.961469120344832
1A8LA,8.0,27,1,0.012981717370924963,0.9824265247358525
1A8LA,8.0,27,2,0.017711532912908858,0.968323728068357
1A8LA,8.0,27,3,0.010504280843183932,0.9883351846407672
1A8LA,8.0,27,4,0.010526688651267449,0.9868910938731069
1A8LA,8.0,27,5,0.01121580554757741,0.9896388333576932
1A8LA,8.0,27,6,0.015154501493829731,0.974378074157011
1A8LA,8.0,27,7,0.0077264809306429915,0.9928072192934336
1A8LA,8.0,27,8,0.012520767648040566,0.9817726253947551
1A8LA,8.0,27,9,0.018699578015016188,0.9718206709984689
1A8LA,8.0,27,10,0.005640069912222724,0.995667276359562
1A8LA,8.0,27,11,0.011662876830337057,0.985436500276055
1A8LA,8.0,27,12,0.01529499385241051,0.9697181632284346
1A8LA,8.0,27,13,0.019067597170830605,0.9605175523488455
1A8LA,8.0,27,14,0.018458985460850733,0.967516833415211
1A8LA,8.0,27,15,0.015388111265521736,0.9821210203819832
1A8LA,8.0,27,16,0.01959209069862146,0.9623516948848257
1A8LA,8.0,27,17,0.01715077209740008,0.9715393675468489
1A8LA,8.0,27,18,0.011674549016934908,0.9809673003575805
1A8LA,8.0,27,19,0.015054801182770448,0.9725316565717719
1A8LA,8.0,28,0,0.017792931301684203,0.9710190936617694
1A8LA,8.0,28,1,0.01979609070486863,0.9714048152246989
1A8LA,8.0,28,2,0.007458976986734325,0.9923424744764568
1A8LA,8.0,28,3,0.01659529754436332,0.9775115503669578
1A8LA,8.0,28,4,0.01023942808491866,0.9873516821374698
1A8LA,8.0,28,5,0.013672352027986544,0.9709660451824236
1A8LA,8.0,28,6,0.01779498027174695,0.9655311267283659
1A8LA,8.0,28,7,0.021463031939041192,0.9583003693801788
1A8LA,8.0,28,8,0.014203294818461634,0.9757799817163887
1A8LA,8.0,28,9,0.02136202701464051,0.9402571520717878
1A8LA,8.0,28,10,0.007513975108944448,0.9956763006175449
1A8LA,8.0,28,11,0.013038470367269694,0.9799284471385457
1A8LA,8.0,28,12,0.013777062941837342,0.98167951094764
1A8LA,8.0,28,13,0.016666707569776507,0.9708016798879319
1A8LA,8.0,28,14,0.012871269858491617,0.9686269589416022
1A8LA,8.0,28,15,0.015361215002068645,0.9763812781649436
1A8LA,8.0,28,16,0.013411503015490265,0.9828538299764793
1A8LA,8.0,28,17,0.01793349609903247,0.9603185579700813
1A8LA,8.0,28,18,0.003229029999529219,0.998376925206924
1A8LA,8.0,28,19,0.020689215081359142,0.9559103320707842
1A8LA,8.0,29,0,0.018668189067782386,0.9620453393242846
1A8LA,8.0,29,1,0.011498093980590603,0.9390261239718127
1A8LA,8.0,29,2,0.013216730401720321,0.9783785540813281
1A8LA,8.0,29,3,0.011686261310230263,0.9906918678467798
1A8LA,8.0,29,4,0.008641720952264108,0.989914315601418
1A8LA,8.0,29,5,0.011165331015845178,0.9932517250279229
1A8LA,8.0,29,6,0.018124533560848803,0.9538590230598729
1A8LA,8.0,29,7,0.014645403731139027,0.9832075278019473
1A8LA,8.0,29,8,0.018157512261086296,0.9704129925323784
1A8LA,8.0,29,9,0.006766072433082572,0.9929617500393825
1A8LA,8.0,29,10,0.009809212557248443,0.9909268233311874
1A8LA,8.0,29,11,0.009797274408091278,0.9897737389025223
1A8LA,8.0,29,12,0.018390843725816695,0.9744120639352611
1A8LA,8.0,29,13,0.018186531251506682,0.9521921565771602
1A8LA,8.0,29,14,0.010557111177800919,0.9692494491585774
1A8LA,8.0,29,15,0.01101735762273002,0.9732853454804263
1A8LA,8.0,29,16,0.014373985838303535,0.9701510621511185
1A8LA,8.0,29,17,0.011894117292835847,0.9839444058894706
1A8LA,8.0,29,18,0.019928902634526718,0.9712283482653993
1A8LA,8.0,29,19,0.01105374434322013,0.9886732450022059
1A8LA,8.0,30,0,0.0191070048638452,0.9724679122030636
1A8LA,8.0,30,1,0.01796672654403745,0.9753192118188672
1A8LA,8.0,30,2,0.012904707728788108,0.9796544843040587
1A8LA,8.0,30,3,0.015532352881411872,0.9718631959793698
1A8LA,8.0,30,4,0.008059967126689032,0.9788050196216642
1A8LA,8.0,30,5,0.010841990871825427,0.9737622116961013
1A8LA,8.0,30,6,0.009558928022624183,0.985926445227872
1A8LA,8.0,30,7,0.010453405630897845,0.9872434478551821
1A8LA,8.0,30,8,0.018159818081406584,0.9582088277333104
1A8LA,8.0,30,9,0.018244117787846355,0.9552741534494333
1A8LA,8.0,30,10,0.01359321723959978,0.9800683110545242
1A8LA,8.0,30,11,0.013394635715777934,0.9779968531321478
1A8LA,8.0,30,12,0.007445639917266938,0.9929045163162753
1A8LA,8.0,30,13,0.019172801949100773,0.9627667798444426
1A8LA,8.0,30,14,0.00555593116772906,0.9965178083479056
1A8LA,8.0,30,15,0.004128702574694555,0.997883560503815
1A8LA,8.0,30,16,0.01678256972031474,0.9686191904812493
1A8LA,8.0,30,17,0.006936055520608563,0.9937803181632624
1A8LA,8.0,30,18,0.012916167576202267,0.9649002291033432
1A8LA,8.0,30,19,0.008291340198867351,0.9940054254356094
1A8LA,8.0,31,0,0.018239471036363558,0.9560099903129484
1A8LA,8.0,31,1,0.013532299097832736,0.9821261549295426
1A8LA,8.0,31,2,0.011684933554535712,0.9820775806678567
1A8LA,8.0,31,3,0.0026469767312764392,0.9991819761417454
1A8LA,8.0,31,4,0.012816960751103564,0.9661634821107642
1A8LA,8.0,31,5,0.005548627637024055,0.9964804369287618
1A8LA,8.0,31,6,0.011352011758284918,0.9878178472675682
1A8LA,8.0,31,7,0.008668312567628383,0.9760680712569759
1A8LA,8.0,31,8,0.009427582564776313,0.9947845435993652
1A8LA,8.0,31,9,0.011775267098913201,0.9871792699263946
1A8LA,8.0,31,10,0.0121463435668273,0.976823983177173
1A8LA,8.0,31,11,0.005357954836686427,0.9879933353087049
1A8LA,8.0,31,12,0.013722909846076835,0.9783096531533824
1A8LA,8.0,31,13,0.0023876386003121924,0.9991692210919239
1A8LA,8.0,31,14,0.008677831393310333,0.9928842682411023
1A8LA,8.0,31,15,0.010933197460005388,0.9912349214455259
1A8LA,8.0,31,16,0.009427964055596025,0.9912285063667725
1A8LA,8.0,31,17,0.016576912984646985,0.9671549752616851
1A8LA,8.0,31,18,0.011304136190762998,0.9919755156521148
1A8LA,8.0,31,19,0.018197758175004124,0.95325752463441
1A8LA,8.0,32,0,0.01335375121826215,0.9662599543047363
1A8LA,8.0,32,1,0.00785189066213577,0.9888483939486555
1A8LA,8.0,32,2,0.011663508374847299,0.9635596394054269
1A8LA,8.0,32,3,0.012499119057248735,0.9811354404193515
1A8LA,8.0,32,4,0.013425011424215507,0.9830929449432523
1A8LA,8.0,32,5,0.0027717476066696617,0.993619680350587
1A8LA,8.0,32,6,0.013360700691887904,0.9748639888042882
1A8LA,8.0,32,7,0.01504532739840833,0.9753346761599805
1A8LA,8.0,32,8,0.005976614436446046,0.9833300006066547
1A8LA,8.0,32,9,0.005722541554249886,0.9948785962093147
1A8LA,8.0,32,10,0.012820600613883931,0.980940633143877
1A8LA,8.0,32,11,0.012990625971639741,0.9706407665487051
1A8LA,8.0,32,12,0.011703307642009147,0.9815380337683531
1A8LA,8.0,32,13,0.01682885719900186,0.9752546789382401
1A8LA,8.0,32,14,0.01586022802649759,0.9737223842311293
1A8LA,8.0,32,15,0.008904967510388145,0.9938544751501122
1A8LA,8.0,32,16,0.005011701528447926,0.9896883907466963
1A8LA,8.0,32,17,0.01284032678048459,0.9717770840084448
1A8LA,8.0,32,18,0.01562437626188874,0.9747824096245593
1A8LA,8.0,32,19,0.01974045367456139,0.951851845870378
1A8LA,10.0,0,0,0.0,1.0000000000000002
1A8LA,10.0,0,1,0.0,1.0
1A8LA,10.0,0,2,0.0,1.0000000000000002
1A8LA,10.0,0,3,0.0,1.0
1A8LA,10.0,0,4,0.0,0.9999999999999998
1A8LA,10.0,0,5,0.0,0.9999999999999999
1A8LA,10.0,0,6,0.0,1.0000000000000002
1A8LA,10.0,0,7,0.0,1.0
1A8LA,10.0,0,8,0.0,1.0
1A8LA,10.0,0,9,0.0,1.0000000000000002
1A8LA,10.0,0,10,0.0,1.0
1A8LA,10.0,0,11,0.0,1.0000000000000002
1A8LA,10.0,0,12,0.0,1.0000000000000002
1A8LA,10.0,0,13,0.0,0.9999999999999998
1A8LA,10.0,0,14,0.0,1.0
1A8LA,10.0,0,15,0.0,1.0000000000000002
1A8LA,10.0,0,16,0.0,1.0000000000000002
1A8LA,10.0,0,17,0.0,1.0000000000000002
1A8LA,10.0,0,18,0.0,0.9999999999999999
1A8LA,10.0,0,19,0.0,1.0
1A8LA,10.0,1,0,0.0,1.0000000000000002
1A8LA,10.0,1,1,0.0,1.0000000000000002
1A8LA,10.0,1,2,0.0,1.0
1A8LA,10.0,1,3,0.0,1.0
1A8LA,10.0,1,4,0.0,1.0000000000000002
1A8LA,10.0,1,5,0.0,1.0000000000000002
1A8LA,10.0,1,6,0.0,1.0
1A8LA,10.0,1,7,0.0,1.0000000000000002
1A8LA,10.0,1,8,0.0,0.9999999999999999
1A8LA,10.0,1,9,0.0,1.0000000000000002
1A8LA,10.0,1,10,0.0,1.0000000000000002
1A8LA,10.0,1,11,0.0,1.0
1A8LA,10.0,1,12,0.0,0.9999999999999999
1A8LA,10.0,1,13,0.0,1.0000000000000002
1A8LA,10.0,1,14,0.0,1.0
1A8LA,10.0,1,15,0.0,1.0
1A8LA,10.0,1,16,0.0,1.0
1A8LA,10.0,1,17,0.0,0.9999999999999998
1A8LA,10.0,1,18,0.0,0.9999999999999999
1A8LA,10.0,1,19,0.0,1.0000000000000002
1A8LA,10.0,2,0,0.0,1.0
1A8LA,10.0,2,1,0.0,1.0000000000000002
1A8LA,10.0,2,2,0.0,1.0
1A8LA,10.0,2,3,0.0,0.9999999999999998
1A8LA,10.0,2,4,0.0,1.0
1A8LA,10.0,2,5,0.0,0.9999999999999998
1A8LA,10.0,2,6,0.0,1.0
1A8LA,10.0,2,7,0.0,1.0
1A8LA,10.0,2,8,0.0,0.9999999999999999
1A8LA,10.0,2,9,0.0,1.0
1A8LA,10.0,2,10,0.0,1.0
1A8LA,10.0,2,11,0.0,1.0
1A8LA,10.0,2,12,0.0,0.9999999999999998
1A8LA,10.0,2,13,0.0,0.9999999999999999
1A8LA,10.0,2,14,0.0,0.9999999999999998
1A8LA,10.0,2,15,0.0,1.0
1A8LA,10.0,2,16,0.0,1.0
1A8LA,10.0,2,17,0.0,1.0
1A8LA,10.0,2,18,0.0,0.9999999999999999
1A8LA,10.0,2,19,0.0,1.0
1A8LA,10.0,3,0,0.0,1.0
1A8LA,10.0,3,1,0.0,1.0
1A8LA,10.0,3,2,0.0,0.9999999999999999
1A8LA,10.0,3,3,0.0,1.0000000000000002
1A8LA,10.0,3,4,0.0,0.9999999999999998
1A8LA,10.0,3,5,0.0,1.0
1A8LA,10.0,3,6,0.0,1.0
1A8LA,10.0,3,7,0.0,1.0
1A8LA,10.0,3,8,0.0,1.0000000000000002
1A8LA,10.0,3,9,0.0,1.0
1A8LA,10.0,3,10,0.0,1.0000000000000002
1A8LA,10.0,3,11,0.0,1.0
1A8LA,10.0,3,12,0.0,1.0
1A8LA,10.0,3,13,0.0,1.0
1A8LA,10.0,3,14,0.0,1.0000000000000002
1A8LA,10.0,3,15,0.0,1.0
1A8LA,10.0,3,16,0.0,0.9999999999999998
1A8LA,10.0,3,17,0.0,1.0
1A8LA,10.0,3,18,0.0,1.0
1A8LA,10.0,3,19,0.0,1.0000000000000002
1A8LA,10.0,4,0,0.0,1.0
1A8LA,10.0,4,1,0.0,1.0000000000000002
1A8LA,10.0,4,2,0.0,0.9999999999999998
1A8LA,10.0,4,3,0.0,0.9999999999999999
1A8LA,10.0,4,4,0.0,1.0
1A8LA,10.0,4,5,0.0,1.0
1A8LA,10.0,4,6,0.0,0.9999999999999998
1A8LA,10.0,4,7,0.0,1.0
1A8LA,10.0,4,8,0.0,1.0
1A8LA,10.0,4,9,0.0,1.0
1A8LA,10.0,4,10,0.0,0.9999999999999998
1A8LA,10.0,4,11,0.0,0.9999999999999999
1A8LA,10.0,4,12,0.0,0.9999999999999999
1A8LA,10.0,4,13,0.0,1.0
1A8LA,10.0,4,14,0.0,1.0000000000000002
1A8LA,10.0,4,15,0.0,0.9999999999999999
1A8LA,10.0,4,16,0.0,1.0
1A8LA,10.0,4,17,0.0,0.9999999999999998
1A8LA,10.0,4,18,0.0,1.0000000000000002
1A8LA,10.0,4,19,0.0,1.0
1A8LA,10.0,5,0,0.0,1.0
1A8LA,10.0,5,1,0.0,1.0000000000000002
1A8LA,10.0,5,2,0.0,1.0
1A8LA,10.0,5,3,0.0,1.0
1A8LA,10.0,5,4,0.0,1.0000000000000002
1A8LA,10.0,5,5,0.0,1.0000000000000002
1A8LA,10.0,5,6,0.0,1.0000000000000002
1A8LA,10.0,5,7,0.0,1.0
1A8LA,10.0,5,8,0.0,1.0
1A8LA,10.0,5,9,0.0,1.0
1A8LA,10.0,5,10,0.0,1.0
1A8LA,10.0,5,11,0.0,0.9999999999999999
1A8LA,10.0,5,12,0.0,0.9999999999999999
1A8LA,10.0,5,13,0.0,1.0
1A8LA,10.0,5,14,0.0,1.0
1A8LA,10.0,5,15,0.0,1.0
1A8LA,10.0,5,16,0.0,1.0
1A8LA,10.0,5,17,0.0,1.0
1A8LA,10.0,5,18,0.0,1.0000000000000002
1A8LA,10.0,5,19,0.0,0.9999999999999998
1A8LA,10.0,6,0,0.0,1.0000000000000002
1A8LA,10.0,6,1,0.0,1.0000000000000002
1A8LA,10.0,6,2,0.0,1.0
1A8LA,10.0,6,3,0.0,1.0
1A8LA,10.0,6,4,0.0,1.0
1A8LA,10.0,6,5,0.0,0.9999999999999999
1A8LA,10.0,6,6,0.0,1.0
1A8LA,10.0,6,7,0.0,1.0
1A8LA,10.0,6,8,0.0,1.0
1A8LA,10.0,6,9,0.0,0.9999999999999998
1A8LA,10.0,6,10,0.0,1.0
1A8LA,10.0,6,11,0.0,1.0
1A8LA,10.0,6,12,0.0,0.9999999999999998
1A8LA,10.0,6,13,0.0,1.0
1A8LA,10.0,6,14,0.0,1.0
1A8LA,10.0,6,15,0.0,0.9999999999999998
1A8LA,10.0,6,16,0.0,1.0
1A8LA,10.0,6,17,0.0,1.0
1A8LA,10.0,6,18,0.0,1.0
1A8LA,10.0,6,19,0.0,1.0
1A8LA,10.0,7,0,0.0,1.0
1A8LA,10.0,7,1,0.0,1.0000000000000002
1A8LA,10.0,7,2,0.0,1.0000000000000002
1A8LA,10.0,7,3,0.0,1.0
1A8LA,10.0,7,4,0.0,1.0000000000000002
1A8LA,10.0,7,5,0.0,1.0
1A8LA,10.0,7,6,0.0,1.0
1A8LA,10.0,7,7,0.0,1.0
1A8LA,10.0,7,8,0.0,0.9999999999999999
1A8LA,10.0,7,9,0.0,1.0
1A8LA,10.0,7,10,0.0,1.0
1A8LA,10.0,7,11,0.0,1.0000000000000002
1A8LA,10.0,7,12,0.0,1.0
1A8LA,10.0,7,13,0.0,0.9999999999999999
1A8LA,10.0,7,14,0.0,0.9999999999999998
1A8LA,10.0,7,15,0.0,1.0
1A8LA,10.0,7,16,0.0,1.0000000000000002
1A8LA,10.0,7,17,0.0,1.0
1A8LA,10.0,7,18,0.0,1.0
1A8LA,10.0,7,19,0.0,1.0
1A8LA,10.0,8,0,0.0,0.9999999999999998
1A8LA,10.0,8,1,0.0,1.0
1A8LA,10.0,8,2,0.0,0.9999999999999999
1A8LA,10.0,8,3,0.0,1.0
1A8LA,10.0,8,4,0.0,1.0
1A8LA,10.0,8,5,0.0,0.9999999999999999
1A8LA,10.0,8,6,0.0,1.0
1A8LA,10.0,8,7,0.0,1.0
1A8LA,10.0,8,8,0.0,1.0
1A8LA,10.0,8,9,0.0,1.0
1A8LA,10.0,8,10,0.0,0.9999999999999999
1A8LA,10.0,8,11,0.0,1.0
1A8LA,10.0,8,12,0.0,1.0
1A8LA,10.0,8,13,0.0,1.0
1A8LA,10.0,8,14,0.0,1.0
1A8LA,10.0,8,15,0.0,1.0
1A8LA,10.0,8,16,0.0,1.0000000000000002
1A8LA,10.0,8,17,0.0,1.0
1A8LA,10.0,8,18,0.0,1.0
1A8LA,10.0,8,19,0.0,1.0
1A8LA,10.0,9,0,0.0,0.9999999999999998
1A8LA,10.0,9,1,0.0,1.0
1A8LA,10.0,9,2,0.0,0.9999999999999999
1A8LA,10.0,9,3,0.0,1.0
1A8LA,10.0,9,4,0.0,1.0
1A8LA,10.0,9,5,0.0,0.9999999999999999
1A8LA,10.0,9,6,0.0,1.0000000000000002
1A8LA,10.0,9,7,0.0,1.0
1A8LA,10.0,9,8,0.0,0.9999999999999998
1A8LA,10.0,9,9,0.0,1.0000000000000002
1A8LA,10.0,9,10,0.0,1.0
1A8LA,10.0,9,11,0.0,1.0000000000000002
1A8LA,10.0,9,12,0.0,1.0
1A8LA,10.0,9,13,0.0,1.0000000000000002
1A8LA,10.0,9,14,0.0,0.9999999999999998
1A8LA,10.0,9,15,0.0,1.0000000000000002
1A8LA,10.0,9,16,0.0,1.0000000000000002
1A8LA,10.0,9,17,0.0,1.0000000000000002
1A8LA,10.0,9,18,0.0,1.0
1A8LA,10.0,9,19,0.0,1.0000000000000002
1A8LA,10.0,10,0,0.1703701046009218,0.6241921260009468
1A8LA,10.0,10,1,0.016022947858375804,0.864201830104557
1A8LA,10.0,10,2,0.04442624104010728,0.7064640722766714
1A8LA,10.0,10,3,0.0234934071280214,0.9643057679874977
1A8LA,10.0,10,4,0.07193376640191869,0.761685264244739
1A8LA,10.0,10,5,0.017128997877771255,0.9883309840761704
1A8LA,10.0,10,6,0.16039468343662908,0.3964701673586018
1A8LA,10.0,10,7,0.020409319970451822,0.7513835422155573
1A8LA,10.0,10,8,0.06649164102267184,0.7974553957247502
1A8LA,10.0,10,9,0.7567291485947669,0.05524790645164221
1A8LA,10.0,10,10,0.008478897451246402,0.9352059241701859
1A8LA,10.0,10,11,0.14599042000399204,0.46602441923876653
1A8LA,10.0,10,12,0.4309165703048777,0.14344960240532564
1A8LA,10.0,10,13,0.020756776147798136,0.9375632469478038
1A8LA,10.0,10,14,0.1313870012912056,0.2705843099087401
1A8LA,10.0,10,15,0.04660084353943418,0.7928372475318334
1A8LA,10.0,10,16,0.22658600276431828,0.29898107001137686
1A8LA,10.0,10,17,0.019970285403988833,0.9765372314308702
1A8LA,10.0,10,18,0.40154143960765787,0.30336726442492823
1A8LA,10.0,10,19,0.06526457886102706,0.8759686846889252
1A8LA,10.0,11,0,0.05598342943692909,0.8573875496826159
1A8LA,10.0,11,1,0.05925677607916255,0.8309830154797854
1A8LA,10.0,11,2,0.052115981864842155,0.8037302147096638
1A8LA,10.0,11,3,0.06479491403821921,0.9112906754364221
1A8LA,10.0,11,4,0.04622426480378942,0.9025562293690156
1A8LA,10.0,11,5,0.06946658331677047,0.9198080643665956
1A8LA,10.0,11,6,0.03360460016042152,0.8478180733039133
1A8LA,10.0,11,7,0.07970061467321739,0.6580153190405201
1A8LA,10.0,11,8,0.04748987842667004,0.8502586702223689
1A8LA,10.0,11,9,0.04216607794367293,0.9437349986861915
1A8LA,10.0,11,10,0.048570233358131404,0.8507800060134433
1A8LA,10.0,11,11,0.03175588314307436,0.9582402378662379
1A8LA,10.0,11,12,0.054422448442324724,0.8927565046188463
1A8LA,10.0,11,13,0.04827368571558737,0.9098462342882941
1A8LA,10.0,11,14,0.08377307624314219,0.8391251672467037
1A8LA,10.0,11,15,0.03114561135509702,0.8666183326250084
1A8LA,10.0,11,16,0.11240539806364538,0.9375875466509077
1A8LA,10.0,11,17,0.04370426203903162,0.9074028896534665
1A8LA,10.0,11,18,0.08917481934897137,0.7803461914045335
1A8LA,10.0,11,19,0.03164354854811532,0.8896900617972381
1A8LA,10.0,12,0,0.005780208385430265,0.9946254815480927
1A8LA,10.0,12,1,0.03911859808965205,0.9471260913534343
1A8LA,10.0,12,2,0.025936342694304986,0.987097559241109
1A8LA,10.0,12,3,0.01667414387722167,0.9871959331379676
1A8LA,10.0,12,4,0.022611901753323085,0.9344408871760367
1A8LA,10.0,12,5,0.010949027020106018,0.9924767914119715
1A8LA,10.0,12,6,0.15908363851539098,0.4795622065120776
1A8LA,10.0,12,7,0.01879937264947013,0.9555246168950087
1A8LA,10.0,12,8,0.040734618184670356,0.8997564760158949
1A8LA,10.0,12,9,0.02814048850338538,0.9672294131158694
1A8LA,10.0,12,10,0.025621104801326067,0.9672144838937323
1A8LA,10.0,12,11,0.013305508011533716,0.9812405012463856
1A8LA,10.0,12,12,0.011202657701594777,0.9913805015824524
1A8LA,10.0,12,13,0.03201001407418721,0.9617598506330309
1A8LA,10.0,12,14,0.030004288699424907,0.972343920399633
1A8LA,10.0,12,15,0.022398465077346764,0.9840927981574418
1A8LA,10.0,12,16,0.014678939092816886,0.9444957927805431
1A8LA,10.0,12,17,0.056421944682281,0.8503486164529526
1A8LA,10.0,12,18,0.008281233961687137,0.9915244813330426
1A8LA,10.0,12,19,0.027203466503249507,0.9809667906170744
1A8LA,10.0,13,0,0.016468091022518547,0.9755685283853699
1A8LA,10.0,13,1,0.018274700745637872,0.9805227380547533
1A8LA,10.0,13,2,0.02487966291405801,0.9732480738831093
1A8LA,10.0,13,3,0.03248614935852661,0.952394424894519
1A8LA,10.0,13,4,0.012660224372596925,0.9835407524089875
1A8LA,10.0,13,5,0.011047807997768607,0.9930510277761649
1A8LA,10.0,13,6,0.017645498155268054,0.948799308911053
1A8LA,10.0,13,7,0.034356228618193874,0.9029552069743547
1A8LA,10.0,13,8,0.04233431034729185,0.8510180521483127
1A8LA,10.0,13,9,0.008104015943752242,0.995735337627207
1A8LA,10.0,13,10,0.018548265210331785,0.9934948600409468
1A8LA,10.0,13,11,0.009242558389575451,0.9954894209683111
1A8LA,10.0,13,12,0.015317732644019387,0.9877277861432175
1A8LA,10.0,13,13,0.019762501259238733,0.924054889622756
1A8LA,10.0,13,14,0.014027216515291178,0.9848203350689555
1A8LA,10.0,13,15,0.02213288172908644,0.9726241795710893
1A8LA,10.0,13,16,0.0240520454076974,0.9636121866449531
1A8LA,10.0,13,17,0.021285160029859827,0.9428708949017757
1A8LA,10.0,13,18,0.022022396453905368,0.9625802259639721
1A8LA,10.0,13,19,0.01659254777349881,0.9553562420873322
1A8LA,10.0,14,0,0.01852913058260737,0.9722878498281305
1A8LA,10.0,14,1,0.015498303412259301,0.9918018439113986
1A8LA,10.0,14,2,0.011023849874439605,0.9842722768710103
1A8LA,10.0,14,3,0.02060305186899512,0.973870250977028
1A8LA,10.0,14,4,0.013538226836686408,0.9772251661076174
1A8LA,10.0,14,5,0.009274051820717319,0.9941358273995129
1A8LA,10.0,14,6,0.010008681905817374,0.9946968777225453
1A8LA,10.0,14,7,0.0178810864350228,0.9143625509700957
1A8LA,10.0,14,8,0.02249447577696388,0.9195968238097748
1A8LA,10.0,14,9,0.02021162396111362,0.9835880548867861
1A8LA,10.0,14,10,0.017173973289174665,0.9669577234121294
1A8LA,10.0,14,11,0.016983572231219365,0.9529314623025634
1A8LA,10.0,14,12,0.014136630042595388,0.9803566446924648
1A8LA,10.0,14,13,0.013776122201598467,0.9727688116504061
1A8LA,10.0,14,14,0.011424933155534072,0.9846034002064976
1A8LA,10.0,14,15,0.011399348365302103,0.9915952180765445
1A8LA,10.0,14,16,0.02078826622039029,0.9852419786284282
1A8LA,10.0,14,17,0.018800325048292085,0.9434871885579368
1A8LA,10.0,14,18,0.008140584219995762,0.9806688876522541
1A8LA,10.0,14,19,0.015783836046786192,0.9680748959943196
1A8LA,10.0,15,0,0.032491762035646445,0.9623074514146143
1A8LA,10.0,15,1,0.024210460238524415,0.9115486766343712
1A8LA,10.0,15,2,0.016322197326211096,0.972866271248802
1A8LA,10.0,15,3,0.013384365751579468,0.9756075515303481
1A8LA,10.0,15,4,0.016510326052289522,0.969502570209694
1A8LA,10.0,15,5,0.012743948644285368,0.9645480855172649
1A8LA,10.0,15,6,0.02461541634438655,0.9712340598977129
1A8LA,10.0,15,7,0.029473814017059632,0.9608954736054188
1A8LA,10.0,15,8,0.015413291898591266,0.9657809387954507
1A8LA,10.0,15,9,0.011906247626349304,0.9930984328403412
1A8LA,10.0,15,10,0.011708787049380462,0.9890949731617532
1A8LA,10.0,15,11,0.028009557426894403,0.9110146591101601
1A8LA,10.0,15,12,0.016169540542700696,0.965123911165132
1A8LA,10.0,15,13,0.015175540146764198,0.9814714689201947
1A8LA,10.0,15,14,0.017360529787716898,0.9769189130306847
1A8LA,10.0,15,15,0.01978174034850059,0.9490040928221075
1A8LA,10.0,15,16,0.017823194132632645,0.9537515402945074
1A8LA,10.0,15,17,0.01887726917249125,0.9683992480490677
1A8LA,10.0,15,18,0.018615238524742853,0.9708000606460082
1A8LA,10.0,15,19,0.010324995683699,0.9951318639937409
1A8LA,10.0,16,0,0.014054215462854843,0.975809629468147
1A8LA,10.0,16,1,0.017480316756801905,0.9608974197663863
1A8LA,10.0,16,2,0.028872142724850374,0.9485257165315302
1A8LA,10.0,16,3,0.012844157383356484,0.9831397492213659
1A8LA,10.0,16,4,0.01841448029520262,0.9589787188037735
1A8LA,10.0,16,5,0.017545264598602672,0.9517163644692026
1A8LA,10.0,16,6,0.027829436329089404,0.9685064938005475
1A8LA,10.0,16,7,0.016235051289991687,0.9933231899248296
1A8LA,10.0,16,8,0.015083109327178374,0.9792061672864745
1A8LA,10.0,16,9,0.014069051232741612,0.9772899672103138
1A8LA,10.0,16,10,0.01173327342178806,0.9882948872426839
1A8LA,10.0,16,11,0.016854640850791712,0.9766079221876417
1A8LA,10.0,16,12,0.013151784943387573,0.9844445884495553
1A8LA,10.0,16,13,0.019711047197861386,0.9809194359186617
1A8LA,10.0,16,14,0.018212358194634123,0.9637984700317077
1A8LA,10.0,16,15,0.015846426529897522,0.9790934747231511
1A8LA,10.0,16,16,0.01868711094263976,0.927038030163725
1A8LA,10.0,16,17,0.013949074979187565,0.9790428802953959
1A8LA,10.0,16,18,0.020037991027643132,0.9698564233942608
1A8LA,10.0,16,19,0.017309949107520383,0.976812689023527
1A8LA,10.0,17,0,0.011380773716363937,0.9880171910733203
1A8LA,10.0,17,1,0.014754825486099297,0.9769557549314745
1A8LA,10.0,17,2,0.02245109354409596,0.9685413896402993
1A8LA,10.0,17,3,0.015901572776953282,0.953679567341823
1A8LA,10.0,17,4,0.025685635399618257,0.9395832108755241
1A8LA,10.0,17,5,0.01865825707087411,0.9701622235116346
1A8LA,10.0,17,6,0.017695614951220566,0.9608909700651078
1A8LA,10.0,17,7,0.013985920842715008,0.978822855072846
1A8LA,10.0,17,8,0.019031504425917566,0.9704494612610752
1A8LA,10.0,17,9,0.016489940639367397,0.9651055428237028
1A8LA,10.0,17,10,0.015717388275897762,0.969642667027968
1A8LA,10.0,17,11,0.015540645025283862,0.9555426181782255
1A8LA,10.0,17,12,0.014046691359817919,0.9658536049917573
1A8LA,10.0,17,13,0.01742916325796895,0.9571625256050824
1A8LA,10.0,17,14,0.01557169611854739,0.9788150550887875
1A8LA,10.0,17,15,0.01904445149357372,0.9596155080340084
1A8LA,10.0,17,16,0.010174453303965686,0.988605177994158
1A8LA,10.0,17,17,0.01618852167498998,0.9859795908023854
1A8LA,10.0,17,18,0.025965370961758487,0.952759566285376
1A8LA,10.0,17,19,0.014905608051471524,0.9838053373549092
1A8LA,10.0,18,0,0.02088614200831234,0.9438542697938297
1A8LA,10.0,18,1,0.021930503605225648,0.9659938290431305
1A8LA,10.0,18,2,0.015593075680773954,0.9704146417382022
1A8LA,10.0,18,3,0.01653407465554179,0.9784811207157657
1A8LA,10.0,18,4,0.016292140180637793,0.97728561714286
1A8LA,10.0,18,5,0.01606728192704534,0.9888537910258572
1A8LA,10.0,18,6,0.007233958880486192,0.9938867221539196
1A8LA,10.0,18,7,0.017107093856037234,0.9682720468146725
1A8LA,10.0,18,8,0.015715099871356053,0.9857394492236036
1A8LA,10.0,18,9,0.01809840148594806,0.9562595710843984
1A8LA,10.0,18,10,0.018918282458574538,0.9177147574346449
1A8LA,10.0,18,11,0.02379729210416359,0.9583035879630809
1A8LA,10.0,18,12,0.013152747928239877,0.9807498090620783
1A8LA,10.0,18,13,0.026820702632670924,0.9499873283844072
1A8LA,10.0,18,14,0.08441199109574737,0.6414849187227528
1A8LA,10.0,18,15,0.020316086346358394,0.9566190816216468
1A8LA,10.0,18,16,0.017997340604278614,0.9526905228199816
1A8LA,10.0,18,17,0.020744378780527123,0.9529807910026352
1A8LA,10.0,18,18,0.020248725344965638,0.9688671688828483
1A8LA,10.0,18,19,0.01997062311194853,0.9501469046147474
1A8LA,10.0,19,0,0.009414374260279997,0.9932028959193836
1A8LA,10.0,19,1,0.028352724558364933,0.9343332585190173
1A8LA,10.0,19,2,0.014987741409033487,0.9844031357828559
1A8LA,10.0,19,3,0.014687853194666435,0.984817548290356
1A8LA,10.0,19,4,0.016445460824389583,0.9858949841543657
1A8LA,10.0,19,5,0.016890627308385888,0.9901337457720141
1A8LA,10.0,19,6,0.020966825490456215,0.9500906393809883
1A8LA,10.0,19,7,0.020820156372669065,0.9729852782073842
1A8LA,10.0,19,8,0.024838283296581113,0.946687326984513
1A8LA,10.0,19,9,0.024994998515340126,0.92611693043027
1A8LA,10.0,19,10,0.023869292255287347,0.9404451379934581
1A8LA,10.0,19,11,0.02413345320852243,0.9482663418474783
1A8LA,10.0,19,12,0.01798431722155695,0.9753795063546327
1A8LA,10.0,19,13,0.019501863062707552,0.9674240961980729
1A8LA,10.0,19,14,0.011058831838825925,0.9921211256898758
1A8LA,10.0,19,15,0.01822756922386658,0.9618116989246447
1A8LA,10.0,19,16,0.027177931676470805,0.9357354596792611
1A8LA,10.0,19,17,0.010871689298654503,0.986973633623779
1A8LA,10.0,19,18,0.017873805316572705,0.9575159208893538
1A8LA,10.0,19,19,0.025446945951797566,0.9246816280883356
1A8LA,10.0,20,0,0.015164725919400789,0.9819918040028603
1A8LA,10.0,20,1,0.016489583539206435,0.9810503975382986
1A8LA,10.0,20,2,0.016761435206506445,0.9675914832789095
1A8LA,10.0,20,3,0.010434315373678876,0.988043702553136
1A8LA,10.0,20,4,0.016330916097378235,0.9755931221595969
1A8LA,10.0,20,5,0.01496938352147746,0.9801696198518998
1A8LA,10.0,20,6,0.024123574235168078,0.9396222747671715
1A8LA,10.0,20,7,0.016678012951973423,0.9768144505674617
1A8LA,10.0,20,8,0.02287344599195424,0.9786624673369585
1A8LA,10.0,20,9,0.019288032037227065,0.9714618325314746
1A8LA,10.0,20,10,0.007640677977657385,0.9953209178412623
1A8LA,10.0,20,11,0.021837957865396274,0.9625799404345774
1A8LA,10.0,20,12,0.02017433938257198,0.9739962819907416
1A8LA,10.0,20,13,0.010324145399254255,0.9918743520888209
1A8LA,10.0,20,14,0.01767587960027932,0.9484665384039129
1A8LA,10.0,20,15,0.009653456809828952,0.9919600214714943
1A8LA,10.0,20,16,0.018160968917790832,0.9801486871127563
1A8LA,10.0,20,17,0.03322352551876643,0.9018904136692409
1A8LA,10.0,20,18,0.016714160907588104,0.9785124085984983
1A8LA,10.0,20,19,0.009014165015726097,0.9919807638597998
1A8LA,10.0,21,0,0.019446503476614765,0.9813717700949703
1A8LA,10.0,21,1,0.02234931471679866,0.9536310167111623
1A8LA,10.0,21,2,0.01676373043340171,0.9751503898066541
1A8LA,10.0,21,3,0.022600504869341415,0.9643832688040299
1A8LA,10.0,21,4,0.014813541177120271,0.9800832976645808
1A8LA,10.0,21,5,0.022845111133953922,0.9756333853800632
1A8LA,10.0,21,6,0.016650876217253023,0.9778395729706039
1A8LA,10.0,21,7,0.02072635655580163,0.9650588609263989
1A8LA,10.0,21,8,0.027726410279210644,0.9465066238124293
1A8LA,10.0,21,9,0.021529911498527125,0.9751508190107062
1A8LA,10.0,21,10,0.022440964993286974,0.9478665623322722
1A8LA,10.0,21,11,0.021637138153691966,0.9743192540711979
1A8LA,10.0,21,12,0.020266155696663877,0.954893775121667
1A8LA,10.0,21,13,0.011542447508643758,0.990064299859011
1A8LA,10.0,21,14,0.024610978185074413,0.9399142194434622
1A8LA,10.0,21,15,0.014868536033909672,0.9881431864771633
1A8LA,10.0,21,16,0.019767004466322447,0.9554766894237219
1A8LA,10.0,21,17,0.027185876264723106,0.960137567314003
1A8LA,10.0,21,18,0.018502620885908476,0.9674489229190716
1A8LA,10.0,21,19,0.01716981293696127,0.9635876377741158
1A8LA,10.0,22,0,0.01730542333309412,0.9730503162050165
1A8LA,10.0,22,1,0.023057203219231624,0.9674864320090362
1A8LA,10.0,22,2,0.01894020695751542,0.9730086987620085
1A8LA,10.0,22,3,0.013528901976106001,0.9839453670004268
1A8LA,10.0,22,4,0.015618035049090696,0.9856320916076764
1A8LA,10.0,22,5,0.02620093805962832,0.9356935107118514
1A8LA,10.0,22,6,0.01853207222831342,0.9760453962016471
1A8LA,10.0,22,7,0.02201675972359264,0.9577193983718554
1A8LA,10.0,22,8,0.016322952094302474,0.9798197319960675
1A8LA,10.0,22,9,0.019192990084025714,0.9699885931767632
1A8LA,10.0,22,10,0.01967187880044933,0.9666922210904096
1A8LA,10.0,22,11,0.01931837772448097,0.9678211592942927
1A8LA,10.0,22,12,0.022439906366284717,0.9555965524150315
1A8LA,10.0,22,13,0.024074719441726136,0.9687399211218928
1A8LA,10.0,22,14,0.02208595324529395,0.9615967757374572
1A8LA,10.0,22,15,0.013718141036061487,0.9733273279498009
1A8LA,10.0,22,16,0.008823565975291514,0.9940517719285215
1A8LA,10.0,22,17,0.014506513058804014,0.986049449870116
1A8LA,10.0,22,18,0.02371990639882156,0.9650773262653647
1A8LA,10.0,22,19,0.017113659870115903,0.9764477928801947
1A8LA,10.0,23,0,0.014179774289695453,0.9859951423311031
1A8LA,10.0,23,1,0.02456507203029998,0.9339009005489185
1A8LA,10.0,23,2,0.02948262579334962,0.938452039244806
1A8LA,10.0,23,3,0.015410162411514217,0.9826920919544025
1A8LA,10.0,23,4,0.027015838173643576,0.9579378992001141
1A8LA,10.0,23,5,0.023232211219605958,0.9600127471917869
1A8LA,10.0,23,6,0.02757782562590666,0.9571149326448665
1A8LA,10.0,23,7,0.029617138312918418,0.9556009772316939
1A8LA,10.0,23,8,0.020360834205469885,0.9762380405906356
1A8LA,10.0,23,9,0.022690718043518396,0.9602643825133489
1A8LA,10.0,23,10,0.01483988502753636,0.9864628847888035
1A8LA,10.0,23,11,0.015110941044570704,0.9834960412998275
1A8LA,10.0,23,12,0.026352031820664836,0.9569135401531016
1A8LA,10.0,23,13,0.02504835033328638,0.9599955121184126
1A8LA,10.0,23,14,0.019251312104047808,0.9643220733528151
1A8LA,10.0,23,15,0.02005808202836939,0.9639905802486808
1A8LA,10.0,23,16,0.02594264751938258,0.9545555455365199
1A8LA,10.0,23,17,0.02569848452135777,0.9699422239180825
1A8LA,10.0,23,18,0.01834022937230774,0.9741211794651108
1A8LA,10.0,23,19,0.021677839670717795,0.9717390144998278
1A8LA,10.0,24,0,0.028661908726963187,0.959866435137551
1A8LA,10.0,24,1,0.0201496472373944,0.9676922362282336
1A8LA,10.0,24,2,0.02894283803342343,0.9365456994486421
1A8LA,10.0,24,3,0.02576549704087499,0.9537879861336886
1A8LA,10.0,24,4,0.021961972657170235,0.9618352522673113
1A8LA,10.0,24,5,0.030210492507709078,0.9397173924442858
1A8LA,10.0,24,6,0.015257566141011371,0.9855258806767212
1A8LA,10.0,24,7,0.013675778795460527,0.9854378824398455
1A8LA,10.0,24,8,0.024109400179628347,0.9585805151550416
1A8LA,10.0,24,9,0.025060254583639637,0.9584086402690383
1A8LA,10.0,24,10,0.024886109200958458,0.9556672681082198
1A8LA,10.0,24,11,0.03178881907994419,0.9472961715316492
1A8LA,10.0,24,12,0.017950402331358483,0.9800782689547128
1A8LA,10.0,24,13,0.02473447517506451,0.9569321864894719
1A8LA,10.0,24,14,0.026221797510149986,0.9560338332190805
1A8LA,10.0,24,15,0.027566839561767194,0.9574412421619651
1A8LA,10.0,24,16,0.022142381381611877,0.9578887730224035
1A8LA,10.0,24,17,0.029375757924427863,0.9463467722193891
1A8LA,10.0,24,18,0.028376203258192272,0.9453993036617977
1A8LA,10.0,24,19,0.027182444501712304,0.967912008073114
1A8LA,10.0,25,0,0.03062029590808369,0.9535235921530276
1A8LA,10.0,25,1,0.027706737816794984,0.934781110340623
1A8LA,10.0,25,2,0.02884200254897399,0.9531127360598648
1A8LA,10.0,25,3,0.031514267308105595,0.9144462761934742
1A8LA,10.0,25,4,0.03214953975557908,0.94549363680794
1A8LA,10.0,25,5,0.03481467755992181,0.9244732976936565
1A8LA,10.0,25,6,0.029033624691905385,0.9352049715294967
1A8LA,10.0,25,7,0.025968085198884733,0.9652826482853678
1A8LA,10.0,25,8,0.016354465868624223,0.9822835999048634
1A8LA,10.0,25,9,0.03050213541621818,0.9403237883674909
1A8LA,10.0,25,10,0.02774836128781459,0.9598646106735629
1A8LA,10.0,25,11,0.014916740710770544,0.9845723396432883
1A8LA,10.0,25,12,0.03331358412094083,0.9385898310719935
1A8LA,10.0,25,13,0.025861254907147628,0.9643385524505136
1A8LA,10.0,25,14,0.025485673507023163,0.9659481992217112
1A8LA,10.0,25,15,0.030401177741547464,0.9534249975057392
1A8LA,10.0,25,16,0.008650745328249984,0.9939458041048027
1A8LA,10.0,25,17,0.033442438415979894,0.9342632187104424
1A8LA,10.0,25,18,0.03205733634854458,0.95276992674811
1A8LA,10.0,25,19,0.03071331943229684,0.9422800099569986
1A8LA,10.0,26,0,0.036125109783232114,0.9419358390946916
1A8LA,10.0,26,1,0.0362881658411289,0.9122709361477079
1A8LA,10.0,26,2,0.026170892703091066,0.9656890222197805
1A8LA,10.0,26,3,0.01907111704729939,0.9743381554156845
1A8LA,10.0,26,4,0.010773646742629662,0.9949504033663138
1A8LA,10.0,26,5,0.014863229586888559,0.9854496433994928
1A8LA,10.0,26,6,0.009118200379640829,0.994028373795659
1A8LA,10.0,26,7,0.030060448607030395,0.9495896867157507
1A8LA,10.0,26,8,0.03397022167952701,0.9318571753949054
1A8LA,10.0,26,9,0.03338272290967043,0.9190476777036819
1A8LA,10.0,26,10,0.023309277547987513,0.9753447001940427
1A8LA,10.0,26,11,0.016436032255760524,0.9797899325500264
1A8LA,10.0,26,12,0.031711656565480126,0.9488064026864169
1A8LA,10.0,26,13,0.03367665155885437,0.9440388429643906
1A8LA,10.0,26,14,0.008796625175900626,0.9928230156773715
1A8LA,10.0,26,15,0.03032219392851948,0.9344602463598899
1A8LA,10.0,26,16,0.03274298802518465,0.9563884340638337
1A8LA,10.0,26,17,0.029430485576362356,0.966180503568168
1A8LA,10.0,26,18,0.03525499626883837,0.9172062284749237
1A8LA,10.0,26,19,0.030093707462995407,0.9529116943426151
1A8LA,10.0,27,0,0.03505769673014752,0.9269785180627588
1A8LA,10.0,27,1,0.022751906754953154,0.9691045636314726
1A8LA,10.0,27,2,0.03211895400123967,0.93685678353441
1A8LA,10.0,27,3,0.0194962636787202,0.9763440119996465
1A8LA,10.0,27,4,0.018326414585357338,0.9776258459463023
1A8LA,10.0,27,5,0.020938448982218805,0.9783476836000018
1A8LA,10.0,27,6,0.02828250420470674,0.9512488607457106
1A8LA,10.0,27,7,0.014023069123143609,0.9872685748558379
1A8LA,10.0,27,8,0.021248519128131027,0.9682987026579858
1A8LA,10.0,27,9,0.03514146744256574,0.9445270889571415
1A8LA,10.0,27,10,0.011372699306184774,0.9911905491045502
1A8LA,10.0,27,11,0.022089195891701,0.9717488937893298
1A8LA,10.0,27,12,0.028308392182353134,0.9434166914543262
1A8LA,10.0,27,13,0.0351332391384746,0.9271178155498274
1A8LA,10.0,27,14,0.032820208423025826,0.9465988826486472
1A8LA,10.0,27,15,0.02929022900436991,0.9632701057742432
1A8LA,10.0,27,16,0.033850510780389816,0.936047931523403
1A8LA,10.0,27,17,0.030860719175634023,0.9502529036017227
1A8LA,10.0,27,18,0.02163531111578105,0.9646919892847344
1A8LA,10.0,27,19,0.026998402882300144,0.9526476150440627
1A8LA,10.0,28,0,0.033243617635776004,0.9426099707996988
1A8LA,10.0,28,1,0.03311454370985927,0.947759297630634
1A8LA,10.0,28,2,0.014851118882992453,0.9834542884186757
1A8LA,10.0,28,3,0.030652353749210406,0.9555506767004215
1A8LA,10.0,28,4,0.01991542421007019,0.9748075913817217
1A8LA,10.0,28,5,0.024539793871543217,0.949539843778018
1A8LA,10.0,28,6,0.03227286492534928,0.9317257252040062
1A8LA,10.0,28,7,0.035590447328737985,0.9336609194144446
1A8LA,10.0,28,8,0.02728572087672149,0.9536696755679294
1A8LA,10.0,28,9,0.03675761495991992,0.9038228714772442
1A8LA,10.0,28,10,0.014390326167005266,0.9903183723322442
1A8LA,10.0,28,11,0.022613504034812156,0.9656367588877106
1A8LA,10.0,28,12,0.024550725838750277,0.9673693314061645
1A8LA,10.0,28,13,0.031893042826909655,0.9421346365916881
1A8LA,10.0,28,14,0.02519395744963896,0.9299523629865203
1A8LA,10.0,28,15,0.027977212971943756,0.9601860667838013
1A8LA,10.0,28,16,0.02424328690487485,0.9694886831635854
1A8LA,10.0,28,17,0.030760754015518893,0.9357986243086718
1A8LA,10.0,28,18,0.005580424865265303,0.9973085118775582
1A8LA,10.0,28,19,0.03609908803053582,0.9314670402679786
1A8LA,10.0,29,0,0.03482839571906318,0.9331113284908238
1A8LA,10.0,29,1,0.02200826304909705,0.8910705289235512
1A8LA,10.0,29,2,0.022913351501589747,0.9643411189862656
1A8LA,10.0,29,3,0.020652745017956053,0.9836754658472113
1A8LA,10.0,29,4,0.016211799638189105,0.981220251699106
1A8LA,10.0,29,5,0.020546734540326714,0.9871706992611486
1A8LA,10.0,29,6,0.03464210344768236,0.9079368223843729
1A8LA,10.0,29,7,0.025675046490382297,0.969966507563008
1A8LA,10.0,29,8,0.037183986666836845,0.9388842026468488
1A8LA,10.0,29,9,0.012890822460377822,0.9866165245276046
1A8LA,10.0,29,10,0.01764770288926247,0.9832738636933194
1A8LA,10.0,29,11,0.01614471888554754,0.9841046713394465
1A8LA,10.0,29,12,0.03501335355560767,0.9524656687824646
1A8LA,10.0,29,13,0.031792250570101176,0.9249141449076111
1A8LA,10.0,29,14,0.018502795150858915,0.9496191839749826
1A8LA,10.0,29,15,0.01977733383927895,0.9535870089857676
1A8LA,10.0,29,16,0.026178390276323488,0.9461155345759129
1A8LA,10.0,29,17,0.021494934326235043,0.9704281370951872
1A8LA,10.0,29,18,0.03915546915871617,0.9427069654918766
1A8LA,10.0,29,19,0.019939953612975143,0.9794717534574193
1A8LA,10.0,30,0,0.037115655867104524,0.9411776207906961
1A8LA,10.0,30,1,0.03413086253097006,0.9485960247398407
1A8LA,10.0,30,2,0.023082927812801496,0.9638917523736799
1A8LA,10.0,30,3,0.027726268221304147,0.9491595306308817
1A8LA,10.0,30,4,0.014745801907420515,0.9649136710185068
1A8LA,10.0,30,5,0.019060367556320294,0.9559274574688124
1A8LA,10.0,30,6,0.018760175227712617,0.9701886735482423
1A8LA,10.0,30,7,0.018969533151901596,0.9760567050323546
1A8LA,10.0,30,8,0.03160682796168045,0.9272311422074767
1A8LA,10.0,30,9,0.031200167507725862,0.9234311679930199
1A8LA,10.0,30,10,0.023492892846860725,0.9666921574830296
1A8LA,10.0,30,11,0.023899735660041423,0.9595982752549072
1A8LA,10.0,30,12,0.013879967141386418,0.9868943730366165
1A8LA,10.0,30,13,0.03497292081460662,0.934265464018428
1A8LA,10.0,30,14,0.010394462214403587,0.9934477597352961
1A8LA,10.0,30,15,0.007674455330296649,0.996108835963898
1A8LA,10.0,30,16,0.030468148097616332,0.9437067795387739
1A8LA,10.0,30,17,0.012821010025721115,0.9884618965935213
1A8LA,10.0,30,18,0.02299647151200883,0.9378083909992473
1A8LA,10.0,30,19,0.014710774019698704,0.9895340151507167
1A8LA,10.0,31,0,0.032490077354927704,0.9303422292190883
1A8LA,10.0,31,1,0.02416673016919197,0.9695407800484571
1A8LA,10.0,31,2,0.021321423497039905,0.9664815841428648
1A8LA,10.0,31,3,0.004509603645730628,0.9987151196336903
1A8LA,10.0,31,4,0.023587194458502995,0.9367742457321556
1A8LA,10.0,31,5,0.009569279473020754,0.9936785840423082
1A8LA,10.0,31,6,0.019817078334880635,0.9779760997747937
1A8LA,10.0,31,7,0.015701213143769228,0.9562332479060364
1A8LA,10.0,31,8,0.017426443037473708,0.9900126851160336
1A8LA,10.0,31,9,0.020086725381450222,0.9793661935342122
1A8LA,10.0,31,10,0.021034264203537312,0.9593503643492571
1A8LA,10.0,31,11,0.009479566460389499,0.9794865578958742
1A8LA,10.0,31,12,0.02502296711800174,0.9592765946678272
1A8LA,10.0,31,13,0.004109885163247133,0.9986015497028502
1A8LA,10.0,31,14,0.01616346228045178,0.9866510021924232
1A8LA,10.0,31,15,0.01925138246386099,0.9852879696502399
1A8LA,10.0,31,16,0.017220132131584135,0.9826788779030001
1A8LA,10.0,31,17,0.03198356939690677,0.936311043585635
1A8LA,10.0,31,18,0.019763076408820388,0.9862993629594912
1A8LA,10.0,31,19,0.03388492727661252,0.9100804139011086
1A8LA,10.0,32,0,0.024096591523872758,0.9359853692378574
1A8LA,10.0,32,1,0.014089277797404081,0.9793239778754045
1A8LA,10.0,32,2,0.01999177472210676,0.940665875786085
1A8LA,10.0,32,3,0.022475183070709757,0.9632338412801441
1A8LA,10.0,32,4,0.024177271844486706,0.9713519029296258
1A8LA,10.0,32,5,0.004753235984073255,0.9886492911135016
1A8LA,10.0,32,6,0.023900471675088818,0.9562595328209471
1A8LA,10.0,32,7,0.02625836328239561,0.9595448157401464
1A8LA,10.0,32,8,0.01052244833951841,0.9712226749015369
1A8LA,10.0,32,9,0.010020416458934528,0.9908273402942362
1A8LA,10.0,32,10,0.023698517668867106,0.96523330144685
1A8LA,10.0,32,11,0.023742489515108964,0.9476394981581627
1A8LA,10.0,32,12,0.0198040437128476,0.9693914903211126
1A8LA,10.0,32,13,0.03311694819220631,0.9520525791079802
1A8LA,10.0,32,14,0.027477536931095132,0.9542002741387314
1A8LA,10.0,32,15,0.015566783917553641,0.9894597474854211
1A8LA,10.0,32,16,0.008633476323737049,0.9821552983128974
1A8LA,10.0,32,17,0.022839398671072438,0.9494842950817158
1A8LA,10.0,32,18,0.027641340960028567,0.955931144560949
1A8LA,10.0,32,19,0.034139910910374154,0.9224409218068339
1A8LA,12.0,0,0,0.0,1.0000000000000002
1A8LA,12.0,0,1,0.0,1.0
1A8LA,12.0,0,2,0.0,1.0000000000000002
1A8LA,12.0,0,3,0.0,1.0
1A8LA,12.0,0,4,0.0,0.9999999999999998
1A8LA,12.0,0,5,0.0,0.9999999999999999
1A8LA,12.0,0,6,0.0,1.0000000000000002
1A8LA,12.0,0,7,0.0,1.0
1A8LA,12.0,0,8,0.0,1.0
1A8LA,12.0,0,9,0.0,1.0000000000000002
1A8LA,12.0,0,10,0.0,1.0
1A8LA,12.0,0,11,0.0,1.0000000000000002
1A8LA,12.0,0,12,0.0,1.0000000000000002
1A8LA,12.0,0,13,0.0,0.9999999999999998
1A8LA,12.0,0,14,0.0,1.0
1A8LA,12.0,0,15,0.0,1.0000000000000002
1A8LA,12.0,0,16,0.0,1.0000000000000002
1A8LA,12.0,0,17,0.0,1.0000000000000002
1A8LA,12.0,0,18,0.0,0.9999999999999999
1A8LA,12.0,0,19,0.0,1.0
1A8LA,12.0,1,0,0.0,1.0000000000000002
1A8LA,12.0,1,1,0.0,1.0000000000000002
1A8LA,12.0,1,2,0.0,1.0
1A8LA,12.0,1,3,0.0,1.0
1A8LA,12.0,1,4,0.0,1.0000000000000002
1A8LA,12.0,1,5,0.0,1.0000000000000002
1A8LA,12.0,1,6,0.0,1.0
1A8LA,12.0,1,7,0.0,1.0000000000000002
1A8LA,12.0,1,8,0.0,0.9999999999999999
1A8LA,12.0,1,9,0.0,1.0000000000000002
1A8LA,12.0,1,10,0.0,1.0000000000000002
1A8LA,12.0,1,11,0.0,1.0
1A8LA,12.0,1,12,0.0,0.9999999999999999
1A8LA,12.0,1,13,0.0,1.0000000000000002
1A8LA,12.0,1,14,0.0,1.0
1A8LA,12.0,1,15,0.0,1.0
1A8LA,12.0,1,16,0.0,1.0
1A8LA,12.0,1,17,0.0,0.9999999999999998
1A8LA,12.0,1,18,0.0,0.9999999999999999
1A8LA,12.0,1,19,0.0,1.0000000000000002
1A8LA,12.0,2,0,0.0,1.0
1A8LA,12.0,2,1,0.0,1.0000000000000002
1A8LA,12.0,2,2,0.0,1.0
1A8LA,12.0,2,3,0.0,0.9999999999999998
1A8LA,12.0,2,4,0.0,1.0
1A8LA,12.0,2,5,0.0,0.9999999999999998
1A8LA,12.0,2,6,0.0,1.0
1A8LA,12.0,2,7,0.0,1.0
1A8LA,12.0,2,8,0.0,0.9999999999999999
1A8LA,12.0,2,9,0.0,1.0
1A8LA,12.0,2,10,0.0,1.0
1A8LA,12.0,2,11,0.0,1.0
1A8LA,12.0,2,12,0.0,0.9999999999999998
1A8LA,12.0,2,13,0.0,0.9999999999999999
1A8LA,12.0,2,14,0.0,0.9999999999999998
1A8LA,12.0,2,15,0.0,1.0
1A8LA,12.0,2,16,0.0,1.0
1A8LA,12.0,2,17,0.0,1.0
1A8LA,12.0,2,18,0.0,0.9999999999999999
1A8LA,12.0,2,19,0.0,1.0
1A8LA,12.0,3,0,0.0,1.0
1A8LA,12.0,3,1,0.0,1.0
1A8LA,12.0,3,2,0.0,0.9999999999999999
1A8LA,12.0,3,3,0.0,1.0000000000000002
1A8LA,12.0,3,4,0.0,0.9999999999999998
1A8LA,12.0,3,5,0.0,1.0
1A8LA,12.0,3,6,0.0,1.0
1A8LA,12.0,3,7,0.0,1.0
1A8LA,12.0,3,8,0.0,1.0000000000000002
1A8LA,12.0,3,9,0.0,1.0
1A8LA,12.0,3,10,0.0,1.0000000000000002
1A8LA,12.0,3,11,0.0,1.0
1A8LA,12.0,3,12,0.0,1.0
1A8LA,12.0,3,13,0.0,1.0
1A8LA,12.0,3,14,0.0,1.0000000000000002
1A8LA,12.0,3,15,0.0,1.0
1A8LA,12.0,3,16,0.0,0.9999999999999998
1A8LA,12.0,3,17,0.0,1.0
1A8LA,12.0,3,18,0.0,1.0
1A8LA,12.0,3,19,0.0,1.0000000000000002
1A8LA,12.0,4,0,0.0,1.0
1A8LA,12.0,4,1,0.0,1.0000000000000002
1A8LA,12.0,4,2,0.0,0.9999999999999998
1A8LA,12.0,4,3,0.0,0.9999999999999999
1A8LA,12.0,4,4,0.0,1.0
1A8LA,12.0,4,5,0.0,1.0
1A8LA,12.0,4,6,0.0,0.9999999999999998
1A8LA,12.0,4,7,0.0,1.0
1A8LA,12.0,4,8,0.0,1.0
1A8LA,12.0,4,9,0.0,1.0
1A8LA,12.0,4,10,0.0,0.9999999999999998
1A8LA,12.0,4,11,0.0,0.9999999999999999
1A8LA,12.0,4,12,0.0,0.9999999999999999
1A8LA,12.0,4,13,0.0,1.0
1A8LA,12.0,4,14,0.0,1.0000000000000002
1A8LA,12.0,4,15,0.0,0.9999999999999999
1A8LA,12.0,4,16,0.0,1.0
1A8LA,12.0,4,17,0.0,0.9999999999999998
1A8LA,12.0,4,18,0.0,1.0000000000000002
1A8LA,12.0,4,19,0.0,1.0
1A8LA,12.0,5,0,0.0,1.0
1A8LA,12.0,5,1,0.0,1.0000000000000002
1A8LA,12.0,5,2,0.0,1.0
1A8LA,12.0,5,3,0.0,1.0
1A8LA,12.0,5,4,0.0,1.0000000000000002
1A8LA,12.0,5,5,0.0,1.0000000000000002
1A8LA,12.0,5,6,0.0,1.0000000000000002
1A8LA,12.0,5,7,0.0,1.0
1A8LA,12.0,5,8,0.0,1.0
1A8LA,12.0,5,9,0.0,1.0
1A8LA,12.0,5,10,0.0,1.0
1A8LA,12.0,5,11,0.0,0.9999999999999999
1A8LA,12.0,5,12,0.0,0.9999999999999999
1A8LA,12.0,5,13,0.0,1.0
1A8LA,12.0,5,14,0.0,1.0
1A8LA,12.0,5,15,0.0,1.0
1A8LA,12.0,5,16,0.0,1.0
1A8LA,12.0,5,17,0.0,1.0
1A8LA,12.0,5,18,0.0,1.0000000000000002
1A8LA,12.0,5,19,0.0,0.9999999999999998
1A8LA,12.0,6,0,0.0,1.0000000000000002
1A8LA,12.0,6,1,0.0,1.0000000000000002
1A8LA,12.0,6,2,0.0,1.0
1A8LA,12.0,6,3,0.0,1.0
1A8LA,12.0,6,4,0.0,1.0
1A8LA,12.0,6,5,0.0,0.9999999999999999
1A8LA,12.0,6,6,0.0,1.0
1A8LA,12.0,6,7,0.0,1.0
1A8LA,12.0,6,8,0.0,1.0
1A8LA,12.0,6,9,0.0,0.9999999999999998
1A8LA,12.0,6,10,0.0,1.0
1A8LA,12.0,6,11,0.0,1.0
1A8LA,12.0,6,12,0.0,0.9999999999999998
1A8LA,12.0,6,13,0.0,1.0
1A8LA,12.0,6,14,0.0,1.0
1A8LA,12.0,6,15,0.0,0.9999999999999998
1A8LA,12.0,6,16,0.0,1.0
1A8LA,12.0,6,17,0.0,1.0
1A8LA,12.0,6,18,0.0,1.0
1A8LA,12.0,6,19,0.0,1.0
1A8LA,12.0,7,0,0.0,1.0
1A8LA,12.0,7,1,0.0,1.0000000000000002
1A8LA,12.0,7,2,0.0,1.0000000000000002
1A8LA,12.0,7,3,0.0,1.0
1A8LA,12.0,7,4,0.0,1.0000000000000002
1A8LA,12.0,7,5,0.0,1.0
1A8LA,12.0,7,6,0.0,1.0
1A8LA,12.0,7,7,0.0,1.0
1A8LA,12.0,7,8,0.0,0.9999999999999999
1A8LA,12.0,7,9,0.0,1.0
1A8LA,12.0,7,10,0.0,1.0
1A8LA,12.0,7,11,0.0,1.0000000000000002
1A8LA,12.0,7,12,0.0,1.0
1A8LA,12.0,7,13,0.0,0.9999999999999999
1A8LA,12.0,7,14,0.0,0.9999999999999998
1A8LA,12.0,7,15,0.0,1.0
1A8LA,12.0,7,16,0.0,1.0000000000000002
1A8LA,12.0,7,17,0.0,1.0
1A8LA,12.0,7,18,0.0,1.0
1A8LA,12.0,7,19,0.0,1.0
1A8LA,12.0,8,0,0.0,0.9999999999999998
1A8LA,12.0,8,1,0.0,1.0
1A8LA,12.0,8,2,0.0,0.9999999999999999
1A8LA,12.0,8,3,0.0,1.0
1A8LA,12.0,8,4,0.0,1.0
1A8LA,12.0,8,5,0.0,0.9999999999999999
1A8LA,12.0,8,6,0.0,1.0
1A8LA,12.0,8,7,0.0,1.0
1A8LA,12.0,8,8,0.0,1.0
1A8LA,12.0,8,9,0.0,1.0
1A8LA,12.0,8,10,0.0,0.9999999999999999
1A8LA,12.0,8,11,0.0,1.0
1A8LA,12.0,8,12,0.0,1.0
1A8LA,12.0,8,13,0.0,1.0
1A8LA,12.0,8,14,0.0,1.0
1A8LA,12.0,8,15,0.0,1.0
1A8LA,12.0,8,16,0.0,1.0000000000000002
1A8LA,12.0,8,17,0.0,1.0
1A8LA,12.0,8,18,0.0,1.0
1A8LA,12.0,8,19,0.0,1.0
1A8LA,12.0,9,0,0.0,0.9999999999999998
1A8LA,12.0,9,1,0.0,1.0
1A8LA,12.0,9,2,0.0,0.9999999999999999
1A8LA,12.0,9,3,0.0,1.0
1A8LA,12.0,9,4,0.0,1.0
1A8LA,12.0,9,5,0.0,0.9999999999999999
1A8LA,12.0,9,6,0.0,1.0000000000000002
1A8LA,12.0,9,7,0.0,1.0
1A8LA,12.0,9,8,0.0,0.9999999999999998
1A8LA,12.0,9,9,0.0,1.0000000000000002
1A8LA,12.0,9,10,0.0,1.0
1A8LA,12.0,9,11,0.0,1.0000000000000002
1A8LA,12.0,9,12,0.0,1.0
1A8LA,12.0,9,13,0.0,1.0000000000000002
1A8LA,12.0,9,14,0.0,0.9999999999999998
1A8LA,12.0,9,15,0.0,1.0000000000000002
1A8LA,12.0,9,16,0.0,1.0000000000000002
1A8LA,12.0,9,17,0.0,1.0000000000000002
1A8LA,12.0,9,18,0.0,1.0
1A8LA,12.0,9,19,0.0,1.0000000000000002
1A8LA,12.0,10,0,0.21888887883799274,0.52596655143651
1A8LA,12.0,10,1,0.018948940095837585,0.8053960495643406
1A8LA,12.0,10,2,0.04696540007096126,0.600967979555929
1A8LA,12.0,10,3,0.024219587283025115,0.9633271313476232
1A8LA,12.0,10,4,0.07350530652974115,0.7535417052753552
1A8LA,12.0,10,5,0.019382075707752456,0.9873735678768171
1A8LA,12.0,10,6,0.17238762888783454,0.36823089952592525
1A8LA,12.0,10,7,0.022449894703769402,0.7100724392628429
1A8LA,12.0,10,8,0.0904066252751764,0.7332506654639541
1A8LA,12.0,10,9,0.7569637595920995,0.054957543392312326
1A8LA,12.0,10,10,0.009610149035580957,0.9292380733747162
1A8LA,12.0,10,11,0.14839899908112156,0.45112695185291957
1A8LA,12.0,10,12,0.4321375593941919,0.1432879672679579
1A8LA,12.0,10,13,0.02212526318506723,0.9324088545107725
1A8LA,12.0,10,14,0.1334232188891067,0.24236691276225264
1A8LA,12.0,10,15,0.04793103353892731,0.784622076019317
1A8LA,12.0,10,16,0.22716201087131146,0.2963369544066027
1A8LA,12.0,10,17,0.02082317515739774,0.976410766601881
1A8LA,12.0,10,18,0.4201484743562885,0.28872687598212043
1A8LA,12.0,10,19,0.08920767179364142,0.8235522489152463
1A8LA,12.0,11,0,0.11568401026871257,0.7190294409468335
1A8LA,12.0,11,1,0.0901896916151121,0.7804459536253532
1A8LA,12.0,11,2,0.14992330836625403,0.5841300617900581
1A8LA,12.0,11,3,0.10811367229625393,0.8358606216391573
1A8LA,12.0,11,4,0.08151155532898578,0.8066134379961677
1A8LA,12.0,11,5,0.16871913787028467,0.7215256744844631
1A8LA,12.0,11,6,0.06123644667611696,0.7618450435087498
1A8LA,12.0,11,7,0.15430151939741038,0.5144945893803005
1A8LA,12.0,11,8,0.08839496691333294,0.7993180949095134
1A8LA,12.0,11,9,0.0960726940301585,0.8580530116669314
1A8LA,12.0,11,10,0.08395523876205706,0.793017798636079
1A8LA,12.0,11,11,0.060133138934071906,0.8797217408520668
1A8LA,12.0,11,12,0.10584074777870597,0.7966105551725737
1A8LA,12.0,11,13,0.12735692584417757,0.7471487410470437
1A8LA,12.0,11,14,0.1752908499341029,0.7149690342557616
1A8LA,12.0,11,15,0.07139064839138783,0.7403483790256724
1A8LA,12.0,11,16,0.23597442122425027,0.7945778034906957
1A8LA,12.0,11,17,0.07467988914990736,0.8222251139947312
1A8LA,12.0,11,18,0.16211743842839704,0.7106953497050456
1A8LA,12.0,11,19,0.05362155512456647,0.8247998674141994
1A8LA,12.0,12,0,0.010539474053392082,0.9903137768541992
1A8LA,12.0,12,1,0.08248146475921657,0.9084661388946215
1A8LA,12.0,12,2,0.08049742781370103,0.9573663285114596
1A8LA,12.0,12,3,0.04034366754698432,0.9278378454354117
1A8LA,12.0,12,4,0.05465379871862636,0.8007214410460912
1A8LA,12.0,12,5,0.02230473081629745,0.9833785257222243
1A8LA,12.0,12,6,0.1892603054678475,0.42241362263725674
1A8LA,12.0,12,7,0.03767176825747651,0.8772540865245281
1A8LA,12.0,12,8,0.06423230817592611,0.8446461908133841
1A8LA,12.0,12,9,0.06060771245915592,0.9044938534854843
1A8LA,12.0,12,10,0.049786969682914434,0.9421581884274335
1A8LA,12.0,12,11,0.03347819296481425,0.9313746170541516
1A8LA,12.0,12,12,0.025376186602119086,0.9766549484439229
1A8LA,12.0,12,13,0.069582823398655,0.8933427022176753
1A8LA,12.0,12,14,0.07469175927190089,0.9329925738201945
1A8LA,12.0,12,15,0.061101208808148684,0.9522139029228497
1A8LA,12.0,12,16,0.03488993899272159,0.8662535877719969
1A8LA,12.0,12,17,0.1422115470961255,0.5105136906013962
1A8LA,12.0,12,18,0.019802430939044026,0.9824905284532959
1A8LA,12.0,12,19,0.0635645423743213,0.9318847752343994
1A8LA,12.0,13,0,0.03881842565227211,0.9498758334535244
1A8LA,12.0,13,1,0.03606269615461749,0.9504501311815798
1A8LA,12.0,13,2,0.04954967449539062,0.9276451730662366
1A8LA,12.0,13,3,0.07475815957522375,0.8670412100991901
1A8LA,12.0,13,4,0.03513194146800572,0.9451225021076891
1A8LA,12.0,13,5,0.022101303948527586,0.9863395380719343
1A8LA,12.0,13,6,0.04387723594168068,0.7868100561777224
1A8LA,12.0,13,7,0.07043365026764369,0.8207231027243719
1A8LA,12.0,13,8,0.04951873051883972,0.8125697761115315
1A8LA,12.0,13,9,0.0198062581461548,0.9907416128693187
1A8LA,12.0,13,10,0.03163315704050955,0.9720159351303974
1A8LA,12.0,13,11,0.020013043258016394,0.9884451328254548
1A8LA,12.0,13,12,0.036213072883324204,0.9601511226991828
1A8LA,12.0,13,13,0.03602308547314323,0.843962447449525
1A8LA,12.0,13,14,0.03841177543079949,0.9368006475499054
1A8LA,12.0,13,15,0.04387205621397451,0.9382744447426898
1A8LA,12.0,13,16,0.0724311032222256,0.8169726121237793
1A8LA,12.0,13,17,0.04474411960557828,0.8759554043274514
1A8LA,12.0,13,18,0.048737921201179625,0.9014056731469303
1A8LA,12.0,13,19,0.044152922615787064,0.8165798670413412
1A8LA,12.0,14,0,0.04131610596603436,0.9370594443167732
1A8LA,12.0,14,1,0.05068093233487135,0.9528141957428756
1A8LA,12.0,14,2,0.027734628600017255,0.9568429740452266
1A8LA,12.0,14,3,0.05389351539894882,0.8745359730323073
1A8LA,12.0,14,4,0.03136526342680484,0.9239414785469587
1A8LA,12.0,14,5,0.02631765167255681,0.9835134059103333
1A8LA,12.0,14,6,0.021798115536894917,0.9894836355880924
1A8LA,12.0,14,7,0.03575868185367073,0.8105986107509918
1A8LA,12.0,14,8,0.03608913663285478,0.8452526291357122
1A8LA,12.0,14,9,0.05847479879891284,0.9357423350342559
1A8LA,12.0,14,10,0.03577317407186766,0.932930683058871
1A8LA,12.0,14,11,0.04032655079608072,0.8509412117706153
1A8LA,12.0,14,12,0.03913785657965368,0.9283004422451618
1A8LA,12.0,14,13,0.0339990959051918,0.9302906411120067
1A8LA,12.0,14,14,0.025765675680958982,0.9604331408569744
1A8LA,12.0,14,15,0.024572094630044925,0.9817013676059603
1A8LA,12.0,14,16,0.06720641982090791,0.9510510544986015
1A8LA,12.0,14,17,0.037335949615236216,0.8692384203926307
1A8LA,12.0,14,18,0.01887657347804391,0.9517521275180033
1A8LA,12.0,14,19,0.03110169966333883,0.9322512436466723
1A8LA,12.0,15,0,0.07444949583421498,0.9247574418030303
1A8LA,12.0,15,1,0.060269357142304594,0.7532988210275827
1A8LA,12.0,15,2,0.0426848649405239,0.8957503737284686
1A8LA,12.0,15,3,0.032149459293910956,0.9368690772846843
1A8LA,12.0,15,4,0.03342300663393249,0.9534466117715884
1A8LA,12.0,15,5,0.03739753429819726,0.892625528497966
1A8LA,12.0,15,6,0.05691529324944492,0.9290086207680456
1A8LA,12.0,15,7,0.06184242269787691,0.9220361220634739
1A8LA,12.0,15,8,0.0412560092058044,0.8115483022828144
1A8LA,12.0,15,9,0.029533889961034565,0.981594717609791
1A8LA,12.0,15,10,0.025818142534114016,0.9742164976135264
1A8LA,12.0,15,11,0.07085545269784947,0.8016714642847689
1A8LA,12.0,15,12,0.03884324515283553,0.9233540144930784
1A8LA,12.0,15,13,0.03887580360240513,0.9502109957009044
1A8LA,12.0,15,14,0.0395241628848625,0.9528644602047283
1A8LA,12.0,15,15,0.042844079587096434,0.883136417500423
1A8LA,12.0,15,16,0.04663744233485635,0.8717864014374029
1A8LA,12.0,15,17,0.04507496933382664,0.8979723776173741
1A8LA,12.0,15,18,0.041391744438851776,0.9382020118788872
1A8LA,12.0,15,19,0.02894838392380163,0.9837030988511042
1A8LA,12.0,16,0,0.03754588097357143,0.9237455400920953
1A8LA,12.0,16,1,0.03955574429512656,0.9259075554693583
1A8LA,12.0,16,2,0.0471100843961884,0.9027104502494276
1A8LA,12.0,16,3,0.039696501156360975,0.9338651764799639
1A8LA,12.0,16,4,0.04188704645169051,0.9121281667652992
1A8LA,12.0,16,5,0.04008336973586161,0.8837806019980883
1A8LA,12.0,16,6,0.0681622131843055,0.9196711325607644
1A8LA,12.0,16,7,0.05006684204892654,0.9848596250043308
1A8LA,12.0,16,8,0.03735319267996038,0.9184045672348775
1A8LA,12.0,16,9,0.03393362514136511,0.9416412258326278
1A8LA,12.0,16,10,0.029959187194069554,0.9717453499658598
1A8LA,12.0,16,11,0.036195305339561716,0.9557950697585892
1A8LA,12.0,16,12,0.03160380018139146,0.9687339817122567
1A8LA,12.0,16,13,0.04406146519209338,0.9551526467233277
1A8LA,12.0,16,14,0.03835922902720354,0.9310710712945139
1A8LA,12.0,16,15,0.0358691383383137,0.9599196377458034
1A8LA,12.0,16,16,0.042830242178301864,0.8651287207350778
1A8LA,12.0,16,17,0.03530530063682501,0.9476144984772228
1A8LA,12.0,16,18,0.04788882314958118,0.9413367464149884
1A8LA,12.0,16,19,0.050101811241975776,0.930563583728724
1A8LA,12.0,17,0,0.029718165736879215,0.9682822760865749
1A8LA,12.0,17,1,0.03462170191755859,0.9372816858542092
1A8LA,12.0,17,2,0.031730886635452725,0.9540278615312358
1A8LA,12.0,17,3,0.040742458123847504,0.9092469149624883
1A8LA,12.0,17,4,0.05807709433083984,0.8613806039600806
1A8LA,12.0,17,5,0.04774704795060173,0.9050538164388802
1A8LA,12.0,17,6,0.03705013469851673,0.939013250864178
1A8LA,12.0,17,7,0.030761148477206905,0.9558714731981267
1A8LA,12.0,17,8,0.05212115731337567,0.91919452912084
1A8LA,12.0,17,9,0.03968127076551877,0.8652697173649913
1A8LA,12.0,17,10,0.04100473418967087,0.9271986838198009
1A8LA,12.0,17,11,0.039004824823867225,0.8830276371388793
1A8LA,12.0,17,12,0.02957947132700901,0.9367458415288283
1A8LA,12.0,17,13,0.03386825891932795,0.9331062521196776
1A8LA,12.0,17,14,0.03961431690732762,0.9153229076052926
1A8LA,12.0,17,15,0.039307347312981,0.9076859670479174
1A8LA,12.0,17,16,0.022938011204728728,0.97412430338613
1A8LA,12.0,17,17,0.039459612336873263,0.9710273949491478
1A8LA,12.0,17,18,0.06345787269350828,0.8634575899112074
1A8LA,12.0,17,19,0.037260030925547666,0.9516706203728541
1A8LA,12.0,18,0,0.0470313328300593,0.8649818329540925
1A8LA,12.0,18,1,0.0484107323073338,0.9271622876598928
1A8LA,12.0,18,2,0.03750335474407306,0.9507631782756615
1A8LA,12.0,18,3,0.04012016080818733,0.948555350654677
1A8LA,12.0,18,4,0.04457220833703788,0.9299831044793055
1A8LA,12.0,18,5,0.03597630971930973,0.9752055882797411
1A8LA,12.0,18,6,0.01536307152667344,0.9880626097824595
1A8LA,12.0,18,7,0.03673172484260774,0.9271378854509044
1A8LA,12.0,18,8,0.04123896363881403,0.9595810234337772
1A8LA,12.0,18,9,0.03571112054780748,0.9091748695677003
1A8LA,12.0,18,10,0.044895023755314546,0.8271493765421283
1A8LA,12.0,18,11,0.04253252646539317,0.9491334733658882
1A8LA,12.0,18,12,0.032203666157743345,0.9510932737021316
1A8LA,12.0,18,13,0.05612613893694078,0.9041144390695832
1A8LA,12.0,18,14,0.2454919203007239,0.4277747052800522
1A8LA,12.0,18,15,0.04187227786149556,0.9024895416266893
1A8LA,12.0,18,16,0.03918446883060316,0.890783789112896
1A8LA,12.0,18,17,0.044530884623765,0.9053298335309345
1A8LA,12.0,18,18,0.05004357627594828,0.9301193053711089
1A8LA,12.0,18,19,0.0475997021451142,0.8670581621327814
1A8LA,12.0,19,0,0.02311511114853029,0.9821633464802981
1A8LA,12.0,19,1,0.07481245563178868,0.8572206643099868
1A8LA,12.0,19,2,0.03967751244119527,0.9609335217106844
1A8LA,12.0,19,3,0.03320715293366187,0.9655312333301858
1A8LA,12.0,19,4,0.041699629484383036,0.9665788808394253
1A8LA,12.0,19,5,0.04024342610567675,0.9784040170075119
1A8LA,12.0,19,6,0.048944208769023625,0.8852913879854584
1A8LA,12.0,19,7,0.045989237656523255,0.9378431953217191
1A8LA,12.0,19,8,0.05095176131267924,0.9111775429459583
1A8LA,12.0,19,9,0.06959199398639201,0.7465409662151593
1A8LA,12.0,19,10,0.061114741125659296,0.8635498754905145
1A8LA,12.0,19,11,0.05506795010902512,0.8753645976035617
1A8LA,12.0,19,12,0.042061028029902296,0.9410545659975087
1A8LA,12.0,19,13,0.04496153393060536,0.9238019228990946
1A8LA,12.0,19,14,0.027529956351158576,0.9793834829815268
1A8LA,12.0,19,15,0.03787282640948856,0.9367311716075652
1A8LA,12.0,19,16,0.05492206153053593,0.8740305492269568
1A8LA,12.0,19,17,0.0245494632477408,0.9698876100140894
1A8LA,12.0,19,18,0.03960993027852805,0.8954410050975602
1A8LA,12.0,19,19,0.05881839227917507,0.8286696121416147
1A8LA,12.0,20,0,0.03624439299416806,0.9569062833003663
1A8LA,12.0,20,1,0.03876613053054581,0.9563462166577626
1A8LA,12.0,20,2,0.03940618163613701,0.9145225357230129
1A8LA,12.0,20,3,0.021860906752204846,0.9751374838696971
1A8LA,12.0,20,4,0.03624755093365442,0.9490716927799756
1A8LA,12.0,20,5,0.03869644422880308,0.9507320958406923
1A8LA,12.0,20,6,0.05678604220664662,0.873649064027504
1A8LA,12.0,20,7,0.04306255480051539,0.9403133714636477
1A8LA,12.0,20,8,0.06651061479492504,0.9253076696441227
1A8LA,12.0,20,9,0.043992903934217224,0.9247290585647658
1A8LA,12.0,20,10,0.019493269043966043,0.9861774701720687
1A8LA,12.0,20,11,0.07649392095143064,0.8481777251063409
1A8LA,12.0,20,12,0.047055156481790886,0.941276339684259
1A8LA,12.0,20,13,0.021414371526175705,0.9835368701602897
1A8LA,12.0,20,14,0.03661575263207332,0.9181553983541476
1A8LA,12.0,20,15,0.020923179966621724,0.9849084064776682
1A8LA,12.0,20,16,0.04428281975370034,0.9536488359770618
1A8LA,12.0,20,17,0.07160643345813575,0.824193394169824
1A8LA,12.0,20,18,0.0431467785012882,0.9424554615392698
1A8LA,12.0,20,19,0.02286626229198138,0.9770488779466199
1A8LA,12.0,21,0,0.042651675325196876,0.9602360211388581
1A8LA,12.0,21,1,0.05415616847772047,0.8906609721279638
1A8LA,12.0,21,2,0.039803861221428795,0.9379852039803359
1A8LA,12.0,21,3,0.04990195113063523,0.9237645531182065
1A8LA,12.0,21,4,0.0315756643405475,0.9607041043853621
1A8LA,12.0,21,5,0.058322624083883036,0.916756366342978
1A8LA,12.0,21,6,0.037545309646060676,0.9540289869413301
1A8LA,12.0,21,7,0.05209747368302952,0.8956024245544831
1A8LA,12.0,21,8,0.0671029462021445,0.8480028550639339
1A8LA,12.0,21,9,0.04685847079499434,0.9420408172001864
1A8LA,12.0,21,10,0.05137310417191858,0.8623302928951119
1A8LA,12.0,21,11,0.04938590581816291,0.943010704717568
1A8LA,12.0,21,12,0.047373817139839396,0.8862799423387276
1A8LA,12.0,21,13,0.02480439929150343,0.9795896462320068
1A8LA,12.0,21,14,0.056234116092354625,0.8603042212506385
1A8LA,12.0,21,15,0.02875105959005613,0.9787829912599944
1A8LA,12.0,21,16,0.04527529416223272,0.8945219819530064
1A8LA,12.0,21,17,0.06284699830618513,0.9056861814138607
1A8LA,12.0,21,18,0.043187460506543374,0.9000938274435705
1A8LA,12.0,21,19,0.03938162596877472,0.9099217569859285
1A8LA,12.0,22,0,0.04265632100762391,0.9304736890238582
1A8LA,12.0,22,1,0.05799714716017147,0.8964163783816076
1A8LA,12.0,22,2,0.048973884432799736,0.922528342482518
1A8LA,12.0,22,3,0.02961380192118039,0.9669847667536225
1A8LA,12.0,22,4,0.03688129919783619,0.9637072556965856
1A8LA,12.0,22,5,0.05841519062742885,0.8517320608805797
1A8LA,12.0,22,6,0.04162977216743815,0.9499536783907948
1A8LA,12.0,22,7,0.06221892654586845,0.8661800719323808
1A8LA,12.0,22,8,0.03481929946413267,0.9598805097433961
1A8LA,12.0,22,9,0.046354725145635045,0.9281457942257093
1A8LA,12.0,22,10,0.04811527810837334,0.9149473614016318
1A8LA,12.0,22,11,0.04778794855264338,0.9151250559282317
1A8LA,12.0,22,12,0.05543663113239123,0.8650348162926059
1A8LA,12.0,22,13,0.06275114510576986,0.8952270690387343
1A8LA,12.0,22,14,0.05404222541497767,0.9036903857456978
1A8LA,12.0,22,15,0.03142124474440781,0.9442212424013264
1A8LA,12.0,22,16,0.02124043615862865,0.9834607417413294
1A8LA,12.0,22,17,0.032210576924292966,0.9746319874102259
1A8LA,12.0,22,18,0.05114243957904398,0.9267061867180193
1A8LA,12.0,22,19,0.04710810549700859,0.9264802861423986
1A8LA,12.0,23,0,0.03051113465546556,0.9713273496864261
1A8LA,12.0,23,1,0.050897575477224774,0.8619594842785487
1A8LA,12.0,23,2,0.07371567744474201,0.8249469163011554
1A8LA,12.0,23,3,0.03448072659881067,0.9616482254582219
1A8LA,12.0,23,4,0.06494513691718226,0.9037567049741364
1A8LA,12.0,23,5,0.053128703336548344,0.917387581603863
1A8LA,12.0,23,6,0.0640321308685365,0.8929965604988862
1A8LA,12.0,23,7,0.06379204752418262,0.8986179865104852
1A8LA,12.0,23,8,0.04324306233409608,0.9525714495646052
1A8LA,12.0,23,9,0.053929821746070306,0.9023540008913513
1A8LA,12.0,23,10,0.031993243359535,0.9718580025385233
1A8LA,12.0,23,11,0.03767743622032141,0.960368664290607
1A8LA,12.0,23,12,0.06983355314753033,0.8600151309625487
1A8LA,12.0,23,13,0.06249872908270749,0.8884347845704899
1A8LA,12.0,23,14,0.047195480831182406,0.9095791291222285
1A8LA,12.0,23,15,0.046488770951023176,0.9172540509700863
1A8LA,12.0,23,16,0.05694914441303414,0.8804170651072464
1A8LA,12.0,23,17,0.063864884942899,0.9248024189710073
1A8LA,12.0,23,18,0.043705718888592905,0.9352630972653927
1A8LA,12.0,23,19,0.05112039629281489,0.9091150919256826
1A8LA,12.0,24,0,0.06438601767981392,0.9029173834160801
1A8LA,12.0,24,1,0.047210555696602166,0.9264710401645524
1A8LA,12.0,24,2,0.06191643189694478,0.867743348640467
1A8LA,12.0,24,3,0.058664386844118545,0.8902997825766534
1A8LA,12.0,24,4,0.05399300177807411,0.900234076488623
1A8LA,12.0,24,5,0.06698848782902374,0.8894164601407061
1A8LA,12.0,24,6,0.03291696703890052,0.9679943365623189
1A8LA,12.0,24,7,0.033252727987283244,0.9631309210919754
1A8LA,12.0,24,8,0.054229656619986966,0.9007581195520282
1A8LA,12.0,24,9,0.05794499703310153,0.8897673818756933
1A8LA,12.0,24,10,0.05704014867481478,0.890367337819157
1A8LA,12.0,24,11,0.07477739344381554,0.871082682580239
1A8LA,12.0,24,12,0.0437117419589337,0.9481576054462284
1A8LA,12.0,24,13,0.058585722222959144,0.89640015445186
1A8LA,12.0,24,14,0.06131729749259234,0.8861183440163038
1A8LA,12.0,24,15,0.06028676426051503,0.9029557532489274
1A8LA,12.0,24,16,0.05214699663202308,0.908018299153099
1A8LA,12.0,24,17,0.06505235033156108,0.878911003672218
1A8LA,12.0,24,18,0.058489404235642486,0.8781770123526003
1A8LA,12.0,24,19,0.06370661312380654,0.9353299584299964
1A8LA,12.0,25,0,0.07040875916706063,0.9000340029317426
1A8LA,12.0,25,1,0.06118151535213464,0.8536539570167474
1A8LA,12.0,25,2,0.057451788332402214,0.9091745665539401
1A8LA,12.0,25,3,0.0721315245630854,0.8051588208077761
1A8LA,12.0,25,4,0.07638852277485149,0.843752512404704
1A8LA,12.0,25,5,0.07594439098745921,0.8535741625934059
1A8LA,12.0,25,6,0.06459609300571109,0.8573995494445554
1A8LA,12.0,25,7,0.059307810187417515,0.9154808441202207
1A8LA,12.0,25,8,0.038997902463544266,0.9553310353475186
1A8LA,12.0,25,9,0.07280873662191109,0.845354582819811
1A8LA,12.0,25,10,0.060736080704730085,0.9194596953054676
1A8LA,12.0,25,11,0.033052200406880644,0.9671861816013853
1A8LA,12.0,25,12,0.06833795795875723,0.8669582893415173
1A8LA,12.0,25,13,0.06234222599372719,0.9058398715329106
1A8LA,12.0,25,14,0.05693572779895412,0.9272073724893239
1A8LA,12.0,25,15,0.06664769965659872,0.8987340787750246
1A8LA,12.0,25,16,0.0208322787730277,0.9845510722933914
1A8LA,12.0,25,17,0.07184830452022822,0.8529035885273499
1A8LA,12.0,25,18,0.06865806551377134,0.9043709692237838
1A8LA,12.0,25,19,0.06458402969673452,0.8770847312312631
1A8LA,12.0,26,0,0.07603522536374496,0.8747341471785041
1A8LA,12.0,26,1,0.07988656177571125,0.8155496523973669
1A8LA,12.0,26,2,0.06004833204902831,0.9202321094386724
1A8LA,12.0,26,3,0.044808591621806525,0.9374058985230002
1A8LA,12.0,26,4,0.02555869427989187,0.9873326504868544
1A8LA,12.0,26,5,0.035070984579240454,0.9662739222521819
1A8LA,12.0,26,6,0.018838276565387668,0.9874001210204932
1A8LA,12.0,26,7,0.06825970797410305,0.8788167868560618
1A8LA,12.0,26,8,0.07196651525746434,0.8774394325685065
1A8LA,12.0,26,9,0.0724679652420445,0.8200780377202268
1A8LA,12.0,26,10,0.04925382733736027,0.9493634961111856
1A8LA,12.0,26,11,0.033730021631841946,0.9569807303643945
1A8LA,12.0,26,12,0.0758586824373429,0.8704830706600841
1A8LA,12.0,26,13,0.07653304290449238,0.871802388976003
1A8LA,12.0,26,14,0.01813413081779226,0.9853668044140832
1A8LA,12.0,26,15,0.06915880945132606,0.8373115255753523
1A8LA,12.0,26,16,0.07141467176680699,0.9072723253851117
1A8LA,12.0,26,17,0.06476575680536208,0.9224085040967496
1A8LA,12.0,26,18,0.07271874042207653,0.8429322804274049
1A8LA,12.0,26,19,0.06499179004923346,0.901767562183787
1A8LA,12.0,27,0,0.08118984794415014,0.8191900641722724
1A8LA,12.0,27,1,0.05217582141837687,0.9308948709646222
1A8LA,12.0,27,2,0.06838774030473804,0.8734849123503845
1A8LA,12.0,27,3,0.04310050193403493,0.9433888661420204
1A8LA,12.0,27,4,0.04192559422620279,0.9490639442606424
1A8LA,12.0,27,5,0.04662151412598542,0.9508748887142751
1A8LA,12.0,27,6,0.06194685668304831,0.8953770159677121
1A8LA,12.0,27,7,0.02933291276444078,0.9745053505492728
1A8LA,12.0,27,8,0.04605936445514485,0.9339578879926346
1A8LA,12.0,27,9,0.07190885649079323,0.8919067339545926
1A8LA,12.0,27,10,0.02234932212215165,0.9839370964576593
1A8LA,12.0,27,11,0.05060503085387707,0.9319766315604427
1A8LA,12.0,27,12,0.06335766164705639,0.8649009761633792
1A8LA,12.0,27,13,0.0724277744881302,0.8465722212866668
1A8LA,12.0,27,14,0.06698516873553163,0.8881788421377548
1A8LA,12.0,27,15,0.06668495863438519,0.9142834822918542
1A8LA,12.0,27,16,0.07830663446012379,0.8608165425614912
1A8LA,12.0,27,17,0.0649755913313415,0.9002989316374364
1A8LA,12.0,27,18,0.04749659740876767,0.9279384248160417
1A8LA,12.0,27,19,0.05590933960302292,0.9034308621047064
1A8LA,12.0,28,0,0.07375641287776015,0.8758874650705991
1A8LA,12.0,28,1,0.06751918098788176,0.8896942029347596
1A8LA,12.0,28,2,0.03306333115245644,0.9635684441445395
1A8LA,12.0,28,3,0.06732850777593954,0.8973497613065354
1A8LA,12.0,28,4,0.043712571487583424,0.9427733208770457
1A8LA,12.0,28,5,0.05296167015340429,0.8945920366030913
1A8LA,12.0,28,6,0.07314181790642779,0.850847014651813
1A8LA,12.0,28,7,0.07149297257451805,0.8819357447832238
1A8LA,12.0,28,8,0.05754127986673546,0.9051247353084994
1A8LA,12.0,28,9,0.07571439860531676,0.817864009511862
1A8LA,12.0,28,10,0.029689112367895048,0.9803044406222875
1A8LA,12.0,28,11,0.04485773186271978,0.9346719168269206
1A8LA,12.0,28,12,0.0523702264097604,0.9299978867013252
1A8LA,12.0,28,13,0.06665552189367016,0.8830582986299198
1A8LA,12.0,28,14,0.06087171736544988,0.8387712212504732
1A8LA,12.0,28,15,0.06423302785385272,0.8975821898789393
1A8LA,12.0,28,16,0.05600377100399051,0.9313797038740033
1A8LA,12.0,28,17,0.0642672669988206,0.8604353319875399
1A8LA,12.0,28,18,0.011350991038875753,0.9952893115656928
1A8LA,12.0,28,19,0.07943250459810433,0.8417701797907922
1A8LA,12.0,29,0,0.07752339957600947,0.8553367844847112
1A8LA,12.0,29,1,0.053178645723180255,0.7977701703456103
1A8LA,12.0,29,2,0.04623056033055643,0.929341259865642
1A8LA,12.0,29,3,0.044450311780433106,0.9627683157862047
1A8LA,12.0,29,4,0.036565686228398814,0.955456507282807
1A8LA,12.0,29,5,0.04302947518641156,0.973824152068551
1A8LA,12.0,29,6,0.08548385044164743,0.7918993875256009
1A8LA,12.0,29,7,0.056258591064117125,0.9340432457890715
1A8LA,12.0,29,8,0.08940375043432197,0.8303319352323048
1A8LA,12.0,29,9,0.030748095398557832,0.9661803833454874
1A8LA,12.0,29,10,0.035859476032431274,0.9697703885188033
1A8LA,12.0,29,11,0.03711022375104732,0.9637565716613847
1A8LA,12.0,29,12,0.08083527614629304,0.8884316450997007
1A8LA,12.0,29,13,0.07059842433423755,0.8396123096101319
1A8LA,12.0,29,14,0.040368726271172946,0.892509187115338
1A8LA,12.0,29,15,0.04443833232109707,0.8950932495287564
1A8LA,12.0,29,16,0.059173412625499404,0.8843070273352237
1A8LA,12.0,29,17,0.04524370874440516,0.9360201909815214
1A8LA,12.0,29,18,0.09259370582624486,0.8811084177062339
1A8LA,12.0,29,19,0.04579494560273881,0.9508898627424772
1A8LA,12.0,30,0,0.07869597710235068,0.8935406473569558
1A8LA,12.0,30,1,0.07918129416124835,0.8725650380312817
1A8LA,12.0,30,2,0.05010945589783483,0.926391512036016
1A8LA,12.0,30,3,0.057311353200779985,0.8994944112441585
1A8LA,12.0,30,4,0.03582399661722153,0.9164868247771948
1A8LA,12.0,30,5,0.04452143740008544,0.900379658186645
1A8LA,12.0,30,6,0.04318876513067935,0.9339245007964208
1A8LA,12.0,30,7,0.042801715973950855,0.9448501191040856
1A8LA,12.0,30,8,0.0653692569117169,0.8503764271127103
1A8LA,12.0,30,9,0.06950199754557157,0.8261962150402292
1A8LA,12.0,30,10,0.053433599267906806,0.9241354177103773
1A8LA,12.0,30,11,0.05528727707276557,0.889970184049405
1A8LA,12.0,30,12,0.03265458693171968,0.9660742285112374
1A8LA,12.0,30,13,0.07728635482087873,0.8701700096685628
1A8LA,12.0,30,14,0.024356320306473465,0.9831791837772619
1A8LA,12.0,30,15,0.01694856467445224,0.9911880692808485
1A8LA,12.0,30,16,0.06726421256391829,0.8680907441656046
1A8LA,12.0,30,17,0.028335390948742645,0.9743196003260676
1A8LA,12.0,30,18,0.049095525378706734,0.8680553358957478
1A8LA,12.0,30,19,0.03093600140685426,0.978539967003124
1A8LA,12.0,31,0,0.06879937141550649,0.8538086128565355
1A8LA,12.0,31,1,0.050632210734484574,0.9332535669623423
1A8LA,12.0,31,2,0.04442968986151463,0.9310695649608313
1A8LA,12.0,31,3,0.011096056196802583,0.9954378262680252
1A8LA,12.0,31,4,0.04898107072184798,0.8642414468217757
1A8LA,12.0,31,5,0.01937906594353717,0.9872173712301021
1A8LA,12.0,31,6,0.04036106226711635,0.9548404149033917
1A8LA,12.0,31,7,0.03431571186973709,0.9101791268164144
1A8LA,12.0,31,8,0.038919042084718976,0.9785802080747678
1A8LA,12.0,31,9,0.0401235783983793,0.9619674611041492
1A8LA,12.0,31,10,0.04459438715217708,0.9139490961110797
1A8LA,12.0,31,11,0.02029021507587901,0.9562731053368978
1A8LA,12.0,31,12,0.05446547641662358,0.9164825343205395
1A8LA,12.0,31,13,0.010100943874519553,0.9963163406360425
1A8LA,12.0,31,14,0.03567524473432831,0.9695056585686652
1A8LA,12.0,31,15,0.03877079184246018,0.9734735296045675
1A8LA,12.0,31,16,0.036688492043574064,0.9620135149075992
1A8LA,12.0,31,17,0.08156927558611675,0.817452704629485
1A8LA,12.0,31,18,0.04237322767054299,0.9715146404317501
1A8LA,12.0,31,19,0.06995216343068471,0.8292688867038569
1A8LA,12.0,32,0,0.05117431900652203,0.8780329294015663
1A8LA,12.0,32,1,0.030790735945711557,0.9544289904831411
1A8LA,12.0,32,2,0.04268036709242594,0.851570439819831
1A8LA,12.0,32,3,0.046972807099978336,0.9331226473452022
1A8LA,12.0,32,4,0.05183243124380625,0.9360553888099125
1A8LA,12.0,32,5,0.01085345616207299,0.9764089129945276
1A8LA,12.0,32,6,0.05234784171128459,0.9071249457518383
1A8LA,12.0,32,7,0.05607078664025968,0.9168407731325919
1A8LA,12.0,32,8,0.022893766921840773,0.9358606484576814
1A8LA,12.0,32,9,0.023151644025157014,0.9770491924529928
1A8LA,12.0,32,10,0.049609931088475036,0.9290529430098792
1A8LA,12.0,32,11,0.05079432708007009,0.8975331911431199
1A8LA,12.0,32,12,0.04309812621061445,0.932558640644354
1A8LA,12.0,32,13,0.08372439763122148,0.8754417973138505
1A8LA,12.0,32,14,0.059752043779836624,0.8990814793226959
1A8LA,12.0,32,15,0.032535414749656114,0.9780728086185946
1A8LA,12.0,32,16,0.018121301335791908,0.9639212658380181
1A8LA,12.0,32,17,0.04815938020669885,0.8884919577003677
1A8LA,12.0,32,18,0.0626069103889466,0.9036514775016454
1A8LA,12.0,32,19,0.07001465237264863,0.8641387765304874
1A8LA,14.0,0,0,0.0,1.0000000000000002
1A8LA,14.0,0,1,0.0,1.0
1A8LA,14.0,0,2,0.0,1.0000000000000002
1A8LA,14.0,0,3,0.0,1.0
1A8LA,14.0,0,4,0.0,0.9999999999999998
1A8LA,14.0,0,5,0.0,0.9999999999999999
1A8LA,14.0,0,6,0.0,1.0000000000000002
1A8LA,14.0,0,7,0.0,1.0
1A8LA,14.0,0,8,0.0,1.0
1A8LA,14.0,0,9,0.0,1.0000000000000002
1A8LA,14.0,0,10,0.0,1.0
1A8LA,14.0,0,11,0.0,1.0000000000000002
1A8LA,14.0,0,12,0.0,1.0000000000000002
1A8LA,14.0,0,13,0.0,0.9999999999999998
1A8LA,14.0,0,14,0.0,1.0
1A8LA,14.0,0,15,0.0,1.0000000000000002
1A8LA,14.0,0,16,0.0,1.0000000000000002
1A8LA,14.0,0,17,0.0,1.0000000000000002
1A8LA,14.0,0,18,0.0,0.9999999999999999
1A8LA,14.0,0,19,0.0,1.0
1A8LA,14.0,1,0,0.0,1.0000000000000002
1A8LA,14.0,1,1,0.0,1.0000000000000002
1A8LA,14.0,1,2,0.0,1.0
1A8LA,14.0,1,3,0.0,1.0
1A8LA,14.0,1,4,0.0,1.0000000000000002
1A8LA,14.0,1,5,0.0,1.0000000000000002
1A8LA,14.0,1,6,0.0,1.0
1A8LA,14.0,1,7,0.0,1.0000000000000002
1A8LA,14.0,1,8,0.0,0.9999999999999999
1A8LA,14.0,1,9,0.0,1.0000000000000002
1A8LA,14.0,1,10,0.0,1.0000000000000002
1A8LA,14.0,1,11,0.0,1.0
1A8LA,14.0,1,12,0.0,0.9999999999999999
1A8LA,14.0,1,13,0.0,1.0000000000000002
1A8LA,14.0,1,14,0.0,1.0
1A8LA,14.0,1,15,0.0,1.0
1A8LA,14.0,1,16,0.0,1.0
1A8LA,14.0,1,17,0.0,0.9999999999999998
1A8LA,14.0,1,18,0.0,0.9999999999999999
1A8LA,14.0,1,19,0.0,1.0000000000000002
1A8LA,14.0,2,0,0.0,1.0
1A8LA,14.0,2,1,0.0,1.0000000000000002
1A8LA,14.0,2,2,0.0,1.0
1A8LA,14.0,2,3,0.0,0.9999999999999998
1A8LA,14.0,2,4,0.0,1.0
1A8LA,14.0,2,5,0.0,0.9999999999999998
1A8LA,14.0,2,6,0.0,1.0
1A8LA,14.0,2,7,0.0,1.0
1A8LA,14.0,2,8,0.0,0.9999999999999999
1A8LA,14.0,2,9,0.0,1.0
1A8LA,14.0,2,10,0.0,1.0
1A8LA,14.0,2,11,0.0,1.0
1A8LA,14.0,2,12,0.0,0.9999999999999998
1A8LA,14.0,2,13,0.0,0.9999999999999999
1A8LA,14.0,2,14,0.0,0.9999999999999998
1A8LA,14.0,2,15,0.0,1.0
1A8LA,14.0,2,16,0.0,1.0
1A8LA,14.0,2,17,0.0,1.0
1A8LA,14.0,2,18,0.0,0.9999999999999999
1A8LA,14.0,2,19,0.0,1.0
1A8LA,14.0,3,0,0.0,1.0
1A8LA,14.0,3,1,0.0,1.0
1A8LA,14.0,3,2,0.0,0.9999999999999999
1A8LA,14.0,3,3,0.0,1.0000000000000002
1A8LA,14.0,3,4,0.0,0.9999999999999998
1A8LA,14.0,3,5,0.0,1.0
1A8LA,14.0,3,6,0.0,1.0
1A8LA,14.0,3,7,0.0,1.0
1A8LA,14.0,3,8,0.0,1.0000000000000002
1A8LA,14.0,3,9,0.0,1.0
1A8LA,14.0,3,10,0.0,1.0000000000000002
1A8LA,14.0,3,11,0.0,1.0
1A8LA,14.0,3,12,0.0,1.0
1A8LA,14.0,3,13,0.0,1.0
1A8LA,14.0,3,14,0.0,1.0000000000000002
1A8LA,14.0,3,15,0.0,1.0
1A8LA,14.0,3,16,0.0,0.9999999999999998
1A8LA,14.0,3,17,0.0,1.0
1A8LA,14.0,3,18,0.0,1.0
1A8LA,14.0,3,19,0.0,1.0000000000000002
1A8LA,14.0,4,0,0.0,1.0
1A8LA,14.0,4,1,0.0,1.0000000000000002
1A8LA,14.0,4,2,0.0,0.9999999999999998
1A8LA,14.0,4,3,0.0,0.9999999999999999
1A8LA,14.0,4,4,0.0,1.0
1A8LA,14.0,4,5,0.0,1.0
1A8LA,14.0,4,6,0.0,0.9999999999999998
1A8LA,14.0,4,7,0.0,1.0
1A8LA,14.0,4,8,0.0,1.0
1A8LA,14.0,4,9,0.0,1.0
1A8LA,14.0,4,10,0.0,0.9999999999999998
1A8LA,14.0,4,11,0.0,0.9999999999999999
1A8LA,14.0,4,12,0.0,0.9999999999999999
1A8LA,14.0,4,13,0.0,1.0
1A8LA,14.0,4,14,0.0,1.0000000000000002
1A8LA,14.0,4,15,0.0,0.9999999999999999
1A8LA,14.0,4,16,0.0,1.0
1A8LA,14.0,4,17,0.0,0.9999999999999998
1A8LA,14.0,4,18,0.0,1.0000000000000002
1A8LA,14.0,4,19,0.0,1.0
1A8LA,14.0,5,0,0.0,1.0
1A8LA,14.0,5,1,0.0,1.0000000000000002
1A8LA,14.0,5,2,0.0,1.0
1A8LA,14.0,5,3,0.0,1.0
1A8LA,14.0,5,4,0.0,1.0000000000000002
1A8LA,14.0,5,5,0.0,1.0000000000000002
1A8LA,14.0,5,6,0.0,1.0000000000000002
1A8LA,14.0,5,7,0.0,1.0
1A8LA,14.0,5,8,0.0,1.0
1A8LA,14.0,5,9,0.0,1.0
1A8LA,14.0,5,10,0.0,1.0
1A8LA,14.0,5,11,0.0,0.9999999999999999
1A8LA,14.0,5,12,0.0,0.9999999999999999
1A8LA,14.0,5,13,0.0,1.0
1A8LA,14.0,5,14,0.0,1.0
1A8LA,14.0,5,15,0.0,1.0
1A8LA,14.0,5,16,0.0,1.0
1A8LA,14.0,5,17,0.0,1.0
1A8LA,14.0,5,18,0.0,1.0000000000000002
1A8LA,14.0,5,19,0.0,0.9999999999999998
1A8LA,14.0,6,0,0.0,1.0000000000000002
1A8LA,14.0,6,1,0.0,1.0000000000000002
1A8LA,14.0,6,2,0.0,1.0
1A8LA,14.0,6,3,0.0,1.0
1A8LA,14.0,6,4,0.0,1.0
1A8LA,14.0,6,5,0.0,0.9999999999999999
1A8LA,14.0,6,6,0.0,1.0
1A8LA,14.0,6,7,0.0,1.0
1A8LA,14.0,6,8,0.0,1.0
1A8LA,14.0,6,9,0.0,0.9999999999999998
1A8LA,14.0,6,10,0.0,1.0
1A8LA,14.0,6,11,0.0,1.0
1A8LA,14.0,6,12,0.0,0.9999999999999998
1A8LA,14.0,6,13,0.0,1.0
1A8LA,14.0,6,14,0.0,1.0
1A8LA,14.0,6,15,0.0,0.9999999999999998
1A8LA,14.0,6,16,0.0,1.0
1A8LA,14.0,6,17,0.0,1.0
1A8LA,14.0,6,18,0.0,1.0
1A8LA,14.0,6,19,0.0,1.0
1A8LA,14.0,7,0,0.0,1.0
1A8LA,14.0,7,1,0.0,1.0000000000000002
1A8LA,14.0,7,2,0.0,1.0000000000000002
1A8LA,14.0,7,3,0.0,1.0
1A8LA,14.0,7,4,0.0,1.0000000000000002
1A8LA,14.0,7,5,0.0,1.0
1A8LA,14.0,7,6,0.0,1.0
1A8LA,14.0,7,7,0.0,1.0
1A8LA,14.0,7,8,0.0,0.9999999999999999
1A8LA,14.0,7,9,0.0,1.0
1A8LA,14.0,7,10,0.0,1.0
1A8LA,14.0,7,11,0.0,1.0000000000000002
1A8LA,14.0,7,12,0.0,1.0
1A8LA,14.0,7,13,0.0,0.9999999999999999
1A8LA,14.0,7,14,0.0,0.9999999999999998
1A8LA,14.0,7,15,0.0,1.0
1A8LA,14.0,7,16,0.0,1.0000000000000002
1A8LA,14.0,7,17,0.0,1.0
1A8LA,14.0,7,18,0.0,1.0
1A8LA,14.0,7,19,0.0,1.0
1A8LA,14.0,8,0,0.0,0.9999999999999998
1A8LA,14.0,8,1,0.0,1.0
1A8LA,14.0,8,2,0.0,0.9999999999999999
1A8LA,14.0,8,3,0.0,1.0
1A8LA,14.0,8,4,0.0,1.0
1A8LA,14.0,8,5,0.0,0.9999999999999999
1A8LA,14.0,8,6,0.0,1.0
1A8LA,14.0,8,7,0.0,1.0
1A8LA,14.0,8,8,0.0,1.0
1A8LA,14.0,8,9,0.0,1.0
1A8LA,14.0,8,10,0.0,0.9999999999999999
1A8LA,14.0,8,11,0.0,1.0
1A8LA,14.0,8,12,0.0,1.0
1A8LA,14.0,8,13,0.0,1.0
1A8LA,14.0,8,14,0.0,1.0
1A8LA,14.0,8,15,0.0,1.0
1A8LA,14.0,8,16,0.0,1.0000000000000002
1A8LA,14.0,8,17,0.0,1.0
1A8LA,14.0,8,18,0.0,1.0
1A8LA,14.0,8,19,0.0,1.0
1A8LA,14.0,9,0,0.0,0.9999999999999998
1A8LA,14.0,9,1,0.0,1.0
1A8LA,14.0,9,2,0.0,0.9999999999999999
1A8LA,14.0,9,3,0.0,1.0
1A8LA,14.0,9,4,0.0,1.0
1A8LA,14.0,9,5,0.0,0.9999999999999999
1A8LA,14.0,9,6,0.0,1.0000000000000002
1A8LA,14.0,9,7,0.0,1.0
1A8LA,14.0,9,8,0.0,0.9999999999999998
1A8LA,14.0,9,9,0.0,1.0000000000000002
1A8LA,14.0,9,10,0.0,1.0
1A8LA,14.0,9,11,0.0,1.0000000000000002
1A8LA,14.0,9,12,0.0,1.0
1A8LA,14.0,9,13,0.0,1.0000000000000002
1A8LA,14.0,9,14,0.0,0.9999999999999998
1A8LA,14.0,9,15,0.0,1.0000000000000002
1A8LA,14.0,9,16,0.0,1.0000000000000002
1A8LA,14.0,9,17,0.0,1.0000000000000002
1A8LA,14.0,9,18,0.0,1.0
1A8LA,14.0,9,19,0.0,1.0000000000000002
1A8LA,14.0,10,0,0.28674678254975416,0.3969354133294994
1A8LA,14.0,10,1,0.022511849932086492,0.7138918135960227
1A8LA,14.0,10,2,0.05039507417818148,0.526478668842092
1A8LA,14.0,10,3,0.026925558307599476,0.9614727101888763
1A8LA,14.0,10,4,0.07542486545728339,0.7323048663920909
1A8LA,14.0,10,5,0.0244827311353102,0.9834348160835245
1A8LA,14.0,10,6,0.19008884754772598,0.329851176904048
1A8LA,14.0,10,7,0.024363757351147288,0.6741910668161301
1A8LA,14.0,10,8,0.1251506069036778,0.6422904740499424
1A8LA,14.0,10,9,0.757167171916146,0.054685114791562156
1A8LA,14.0,10,10,0.011489429154903596,0.9234639557520387
1A8LA,14.0,10,11,0.1491424638677678,0.4480614145798724
1A8LA,14.0,10,12,0.4332901796147629,0.14305224613031015
1A8LA,14.0,10,13,0.023435406190394522,0.9250924013714276
1A8LA,14.0,10,14,0.13356910421262114,0.24126903112172096
1A8LA,14.0,10,15,0.04837369822384961,0.7842645422785479
1A8LA,14.0,10,16,0.22773786312418057,0.29374664504527265
1A8LA,14.0,10,17,0.024767274297970793,0.9688090953148507
1A8LA,14.0,10,18,0.43042775082429746,0.2812099623450535
1A8LA,14.0,10,19,0.13835331954324515,0.6998171230143435
1A8LA,14.0,11,0,0.22705848483388721,0.5691805941209137
1A8LA,14.0,11,1,0.1551041563351694,0.5975589688955582
1A8LA,14.0,11,2,0.3635359352732773,0.4078685390631289
1A8LA,14.0,11,3,0.1825889929306609,0.7680186068477985
1A8LA,14.0,11,4,0.2184580813325923,0.4389246749443208
1A8LA,14.0,11,5,0.34634891938625884,0.41773698498663986
1A8LA,14.0,11,6,0.11224521714617573,0.6275753946918533
1A8LA,14.0,11,7,0.30708490355818757,0.3557386755985325
1A8LA,14.0,11,8,0.18872447357330763,0.5844588427898892
1A8LA,14.0,11,9,0.21041217783594696,0.7086526651221075
1A8LA,14.0,11,10,0.1664146773840045,0.6548945606010975
1A8LA,14.0,11,11,0.11828860992273425,0.7337519814390494
1A8LA,14.0,11,12,0.20938701716020972,0.6697905640347809
1A8LA,14.0,11,13,0.2823262670364409,0.5052568979844497
1A8LA,14.0,11,14,0.3324051003339473,0.4731658632175995
1A8LA,14.0,11,15,0.18270465732738234,0.5261882138583754
1A8LA,14.0,11,16,0.5957403529890171,0.23721281530828728
1A8LA,14.0,11,17,0.19226282058792832,0.5685272333325286
1A8LA,14.0,11,18,0.27314013867484244,0.5760879195582128
1A8LA,14.0,11,19,0.11630487405642188,0.5628499558496057
1A8LA,14.0,12,0,0.02375269775990377,0.9815295169853321
1A8LA,14.0,12,1,0.21250055827543368,0.7379629479284073
1A8LA,14.0,12,2,0.2710354285600774,0.8229146193938413
1A8LA,14.0,12,3,0.10647879195623385,0.7896313561125333
1A8LA,14.0,12,4,0.10184118674332092,0.6193446456604741
1A8LA,14.0,12,5,0.048366155318755065,0.9617929191210113
1A8LA,14.0,12,6,0.16776935189026118,0.45859705867375694
1A8LA,14.0,12,7,0.08067226371756883,0.7761143491639377
1A8LA,14.0,12,8,0.16059743849427285,0.649013905677072
1A8LA,14.0,12,9,0.1610250136125565,0.6857659705855925
1A8LA,14.0,12,10,0.1281057499066569,0.7662903548556019
1A8LA,14.0,12,11,0.08098268446599877,0.8187083111985498
1A8LA,14.0,12,12,0.05493987026154729,0.9475772927001999
1A8LA,14.0,12,13,0.1667666873498011,0.7134070899979753
1A8LA,14.0,12,14,0.13303262374656985,0.9059339803808786
1A8LA,14.0,12,15,0.15393302870807138,0.807303028612296
1A8LA,14.0,12,16,0.07704904676377788,0.640107753779166
1A8LA,14.0,12,17,0.2616501786061886,0.3994436955132335
1A8LA,14.0,12,18,0.04583426854141603,0.9630356943705218
1A8LA,14.0,12,19,0.15420850392510846,0.7122969015752797
1A8LA,14.0,13,0,0.08377323849254904,0.8656502751654932
1A8LA,14.0,13,1,0.10154103430637748,0.7671595160356612
1A8LA,14.0,13,2,0.11012735091097677,0.7992381236421452
1A8LA,14.0,13,3,0.1269260868495311,0.7688497422016365
1A8LA,14.0,13,4,0.09025876354274992,0.8325749742049163
1A8LA,14.0,13,5,0.03692366103745331,0.9752356275089891
1A8LA,14.0,13,6,0.10757385631385293,0.52640207103863
1A8LA,14.0,13,7,0.1820508452137408,0.6674453233474884
1A8LA,14.0,13,8,0.15706554789846636,0.4202856653594923
1A8LA,14.0,13,9,0.038426834313724026,0.9818311484707921
1A8LA,14.0,13,10,0.17552208041232875,0.7854941910347976
1A8LA,14.0,13,11,0.03775150663817528,0.9772744782493069
1A8LA,14.0,13,12,0.20427147837346118,0.5695366012571608
1A8LA,14.0,13,13,0.0787606987931621,0.7683117992011328
1A8LA,14.0,13,14,0.12227716115602011,0.79452510599058
1A8LA,14.0,13,15,0.11998171861629893,0.748994964603332
1A8LA,14.0,13,16,0.17578740538170742,0.5076111245509849
1A8LA,14.0,13,17,0.08950474791508323,0.7704334798758787
1A8LA,14.0,13,18,0.10537638500040655,0.8221606026840552
1A8LA,14.0,13,19,0.11807604436921591,0.5329631786597652
1A8LA,14.0,14,0,0.11520992160261415,0.7942767936691519
1A8LA,14.0,14,1,0.17343421861825162,0.8084072687660968
1A8LA,14.0,14,2,0.09306345793095706,0.7907572551803264
1A8LA,14.0,14,3,0.158230617112966,0.6229323022313522
1A8LA,14.0,14,4,0.08790102514026867,0.8553828278185055
1A8LA,14.0,14,5,0.050448475581800246,0.9710304870939974
1A8LA,14.0,14,6,0.04905132841890497,0.9736829583591827
1A8LA,14.0,14,7,0.09757700051649391,0.6560130626631911
1A8LA,14.0,14,8,0.1011966316355392,0.6697024707311446
1A8LA,14.0,14,9,0.1274939016863749,0.8977207392020452
1A8LA,14.0,14,10,0.10805714968612204,0.7069022830285293
1A8LA,14.0,14,11,0.1546831011453357,0.608232377786906
1A8LA,14.0,14,12,0.11012765223012003,0.7642633389383737
1A8LA,14.0,14,13,0.09257667157690254,0.7612138563886207
1A8LA,14.0,14,14,0.0613694875778548,0.9119201685062516
1A8LA,14.0,14,15,0.06942378523511213,0.9446186682495648
1A8LA,14.0,14,16,0.15682560812774368,0.9127720598036021
1A8LA,14.0,14,17,0.08582258293763703,0.7415105778999711
1A8LA,14.0,14,18,0.04147306626848268,0.8953473699758909
1A8LA,14.0,14,19,0.07752342603123448,0.817425938294442
1A8LA,14.0,15,0,0.20297146514421535,0.7670281330279104
1A8LA,14.0,15,1,0.12302938340547201,0.6794351635900195
1A8LA,14.0,15,2,0.12254136331787041,0.6926830311627078
1A8LA,14.0,15,3,0.08193064940351778,0.8226318817221115
1A8LA,14.0,15,4,0.16903831060061925,0.7671239736751454
1A8LA,14.0,15,5,0.13799172862210587,0.6855326089557704
1A8LA,14.0,15,6,0.12560936902422726,0.8657435323048307
1A8LA,14.0,15,7,0.18606838399138392,0.6694382950467498
1A8LA,14.0,15,8,0.1215981559277209,0.6745430240332955
1A8LA,14.0,15,9,0.07879726635602258,0.9438486596062958
1A8LA,14.0,15,10,0.064381083311569,0.9263744097247142
1A8LA,14.0,15,11,0.17694950610875115,0.5664113103681865
1A8LA,14.0,15,12,0.09871810550148818,0.8106278201851052
1A8LA,14.0,15,13,0.08929095607408302,0.8824014361774365
1A8LA,14.0,15,14,0.10301356174410865,0.8599467219994151
1A8LA,14.0,15,15,0.16248254924073052,0.7181392264345499
1A8LA,14.0,15,16,0.11473515585362534,0.7181515675310326
1A8LA,14.0,15,17,0.12989852080887637,0.5906038240116656
1A8LA,14.0,15,18,0.09859345791824836,0.8557440993591974
1A8LA,14.0,15,19,0.1163019671992583,0.9350873486414213
1A8LA,14.0,16,0,0.08979614809994974,0.8228954048537778
1A8LA,14.0,16,1,0.10704924297849779,0.8063996885073587
1A8LA,14.0,16,2,0.12811255754452333,0.8044826795830508
1A8LA,14.0,16,3,0.10221400416946172,0.8123430728366904
1A8LA,14.0,16,4,0.12031911242214229,0.8285601619750692
1A8LA,14.0,16,5,0.09521343207022535,0.7765411640423355
1A8LA,14.0,16,6,0.2053557409688265,0.7522390803008321
1A8LA,14.0,16,7,0.14116961467672254,0.9167327289247603
1A8LA,14.0,16,8,0.09191846579180792,0.8633118251090182
1A8LA,14.0,16,9,0.08583854964416704,0.8709657906057522
1A8LA,14.0,16,10,0.08422703859288823,0.9270463871706192
1A8LA,14.0,16,11,0.10094665936043261,0.9009022747520526
1A8LA,14.0,16,12,0.08902521694027116,0.885159658902183
1A8LA,14.0,16,13,0.147549033961203,0.8030000227616735
1A8LA,14.0,16,14,0.11511651190098166,0.7986156656009926
1A8LA,14.0,16,15,0.08938548709912342,0.9035406018701602
1A8LA,14.0,16,16,0.11799734941939967,0.6880236985924015
1A8LA,14.0,16,17,0.1074995374510526,0.7903032743830146
1A8LA,14.0,16,18,0.11694926239716444,0.8781174003830818
1A8LA,14.0,16,19,0.1335462410051275,0.8876202655727636
1A8LA,14.0,17,0,0.08517066445783575,0.8964151653062113
1A8LA,14.0,17,1,0.08373954338392256,0.8808468870548756
1A8LA,14.0,17,2,0.07698207291064307,0.9064195905080494
1A8LA,14.0,17,3,0.13779454223716667,0.7139734520092379
1A8LA,14.0,17,4,0.10574168156100171,0.8141236381972888
1A8LA,14.0,17,5,0.1108114333761931,0.8322750859428055
1A8LA,14.0,17,6,0.09943610871046482,0.8128024845289232
1A8LA,14.0,17,7,0.08149268656995218,0.8658818581762536
1A8LA,14.0,17,8,0.10919966750729825,0.8435952795655914
1A8LA,14.0,17,9,0.1096425785315849,0.7361384321059231
1A8LA,14.0,17,10,0.0986691784943771,0.8588582624668668
1A8LA,14.0,17,11,0.1109079528541531,0.6010098941304386
1A8LA,14.0,17,12,0.09641405394578666,0.8008298554131126
1A8LA,14.0,17,13,0.08549953686088961,0.8358282119759556
1A8LA,14.0,17,14,0.08128180997085205,0.8422102562274046
1A8LA,14.0,17,15,0.09365102568550747,0.8029333419109498
1A8LA,14.0,17,16,0.07171313362822114,0.925013789895284
1A8LA,14.0,17,17,0.11507655461061261,0.8588242514833612
1A8LA,14.0,17,18,0.1584641874389983,0.7111159851618487
1A8LA,14.0,17,19,0.08964585643258674,0.8812275084501345
1A8LA,14.0,18,0,0.12424360577723334,0.7207985794233833
1A8LA,14.0,18,1,0.109019752968277,0.8758668958380652
1A8LA,14.0,18,2,0.09975287245627154,0.8527402166447177
1A8LA,14.0,18,3,0.11267408785367163,0.8032137486617068
1A8LA,14.0,18,4,0.0988156216681504,0.8517990163690212
1A8LA,14.0,18,5,0.0935105914335814,0.931392130597538
1A8LA,14.0,18,6,0.041426543614733156,0.9721169372471805
1A8LA,14.0,18,7,0.09303506414675977,0.831839487125409
1A8LA,14.0,18,8,0.09955129963479943,0.8946542202157723
1A8LA,14.0,18,9,0.1005486353009483,0.7405335326650849
1A8LA,14.0,18,10,0.15434171398707522,0.608652330404939
1A8LA,14.0,18,11,0.11403582536081312,0.8728576683450594
1A8LA,14.0,18,12,0.1041193883713645,0.8490000567244136
1A8LA,14.0,18,13,0.1344725566770458,0.8113700695166869
1A8LA,14.0,18,14,0.4154745424405615,0.3631876053268739
1A8LA,14.0,18,15,0.109429397206828,0.7669943967049873
1A8LA,14.0,18,16,0.0970617012891503,0.7191978965395943
1A8LA,14.0,18,17,0.10345592312789041,0.8036811352986971
1A8LA,14.0,18,18,0.14338162958523665,0.7547395462558408
1A8LA,14.0,18,19,0.1081235875713219,0.6609089081141821
1A8LA,14.0,19,0,0.04627619511103299,0.9653542635525315
1A8LA,14.0,19,1,0.1389227263186722,0.8024135850054125
1A8LA,14.0,19,2,0.10938479946795508,0.8474972612409637
1A8LA,14.0,19,3,0.07787887642054407,0.9228633901129811
1A8LA,14.0,19,4,0.09974542560909928,0.9026520289477452
1A8LA,14.0,19,5,0.086317813737335,0.9492208181534707
1A8LA,14.0,19,6,0.11091834862182946,0.7632536999578143
1A8LA,14.0,19,7,0.10421630885156709,0.7827181932189934
1A8LA,14.0,19,8,0.10742862482297066,0.7969209432126606
1A8LA,14.0,19,9,0.15028284455233618,0.5453817614149569
1A8LA,14.0,19,10,0.12517843658738328,0.7727668787526727
1A8LA,14.0,19,11,0.11817163818899988,0.7259689810671289
1A8LA,14.0,19,12,0.0968165986496853,0.8909594380315301
1A8LA,14.0,19,13,0.09475489988921548,0.8878631785418585
1A8LA,14.0,19,14,0.05387327686872504,0.9637939628523959
1A8LA,14.0,19,15,0.08749508187423585,0.8942061004304311
1A8LA,14.0,19,16,0.12727792573932814,0.7514194336249298
1A8LA,14.0,19,17,0.062295271378807096,0.9216487012628286
1A8LA,14.0,19,18,0.09747417506951712,0.7525714072848244
1A8LA,14.0,19,19,0.1273522728238008,0.7888277083770174
1A8LA,14.0,20,0,0.07576877577895369,0.9207064509939729
1A8LA,14.0,20,1,0.10001647329482598,0.8701755362279829
1A8LA,14.0,20,2,0.07946392449207654,0.8356070890840673
1A8LA,14.0,20,3,0.05114100841785414,0.9428739034922696
1A8LA,14.0,20,4,0.0821399381461839,0.8887630089942664
1A8LA,14.0,20,5,0.08732809093353432,0.8767899056884878
1A8LA,14.0,20,6,0.1687782411331265,0.6299254359406984
1A8LA,14.0,20,7,0.11301624247216466,0.865547268286569
1A8LA,14.0,20,8,0.1378825617608638,0.8225305943395376
1A8LA,14.0,20,9,0.12235183282393898,0.7820692111419837
1A8LA,14.0,20,10,0.04009531340000691,0.970865317245126
1A8LA,14.0,20,11,0.14277922809117466,0.7770022877001457
1A8LA,14.0,20,12,0.09371473429204422,0.8738013391863142
1A8LA,14.0,20,13,0.04566444950595527,0.9653300030679245
1A8LA,14.0,20,14,0.09746108444015014,0.7747753315784249
1A8LA,14.0,20,15,0.0535941341368424,0.9624649089182413
1A8LA,14.0,20,16,0.10565799728192031,0.8687417675756522
1A8LA,14.0,20,17,0.1485379829609677,0.6055635852973591
1A8LA,14.0,20,18,0.12185364243191081,0.7509565390080065
1A8LA,14.0,20,19,0.058747763745966464,0.9324894842851222
1A8LA,14.0,21,0,0.0985233545296694,0.9004697829448213
1A8LA,14.0,21,1,0.12350891490524257,0.7004711030823537
1A8LA,14.0,21,2,0.08936185329035251,0.8669136742069572
1A8LA,14.0,21,3,0.10453185211972961,0.8234036945202415
1A8LA,14.0,21,4,0.07809076558493687,0.8953354398835506
1A8LA,14.0,21,5,0.12075372203914148,0.7991929401659853
1A8LA,14.0,21,6,0.08672773931291672,0.8786684096302722
1A8LA,14.0,21,7,0.12959604782991987,0.6684703955350886
1A8LA,14.0,21,8,0.1370757790837053,0.7391795224905989
1A8LA,14.0,21,9,0.10877651547233755,0.8529058314051862
1A8LA,14.0,21,10,0.11147975000734572,0.7643940051418463
1A8LA,14.0,21,11,0.10876820873549374,0.8698602333500648
1A8LA,14.0,21,12,0.10062746665917986,0.7738373570386965
1A8LA,14.0,21,13,0.059709888303906306,0.9457649169299502
1A8LA,14.0,21,14,0.11109733847262263,0.7281284348021906
1A8LA,14.0,21,15,0.07448833519524431,0.9456646380341437
1A8LA,14.0,21,16,0.10225428667847643,0.7351583031342702
1A8LA,14.0,21,17,0.12518298490035484,0.8049559296766652
1A8LA,14.0,21,18,0.09805295681773588,0.7445177798047953
1A8LA,14.0,21,19,0.10158027442514088,0.7385941859331362
1A8LA,14.0,22,0,0.09025081709023558,0.8461673702773836
1A8LA,14.0,22,1,0.11972080697164207,0.7987285478594962
1A8LA,14.0,22,2,0.11385819627023953,0.8307824666526601
1A8LA,14.0,22,3,0.06395817662782727,0.9289964858216971
1A8LA,14.0,22,4,0.07952207917333139,0.9302613346025843
1A8LA,14.0,22,5,0.1057669238660684,0.7828370035661083
1A8LA,14.0,22,6,0.08869680961973468,0.888206455212784
1A8LA,14.0,22,7,0.1560768394128783,0.673972293584245
1A8LA,14.0,22,8,0.07591444039178243,0.9110011472556775
1A8LA,14.0,22,9,0.1028735862451467,0.8553497521348068
1A8LA,14.0,22,10,0.10258347189070827,0.8222957321559443
1A8LA,14.0,22,11,0.11133447533382129,0.7911092582376187
1A8LA,14.0,22,12,0.12560274335673746,0.7433852549437767
1A8LA,14.0,22,13,0.13313107074448394,0.7606601956644228
1A8LA,14.0,22,14,0.11228038259223139,0.8217344169376282
1A8LA,14.0,22,15,0.06532564028086564,0.8942711095513532
1A8LA,14.0,22,16,0.045214774029449595,0.9671760217953568
1A8LA,14.0,22,17,0.0827141873488696,0.9331666234391435
1A8LA,14.0,22,18,0.09879623382264184,0.8758589319241127
1A8LA,14.0,22,19,0.10600742889202669,0.8304725429571639
1A8LA,14.0,23,0,0.06396859394307501,0.9333276650115011
1A8LA,14.0,23,1,0.1207119624541781,0.6899037614675966
1A8LA,14.0,23,2,0.14501601085595955,0.6489101023304905
1A8LA,14.0,23,3,0.07226784559673288,0.9243365140646731
1A8LA,14.0,23,4,0.13001447682215483,0.838561707688069
1A8LA,14.0,23,5,0.09708559283363945,0.8671926150381492
1A8LA,14.0,23,6,0.13914558378611416,0.7780297935508759
1A8LA,14.0,23,7,0.12378426272383275,0.8289052069890466
1A8LA,14.0,23,8,0.09129830694073035,0.8898362862211496
1A8LA,14.0,23,9,0.12394812593427045,0.7805387444523846
1A8LA,14.0,23,10,0.06994799851099211,0.9362040854025494
1A8LA,14.0,23,11,0.07587363562789595,0.9297014200513947
1A8LA,14.0,23,12,0.15172401197235064,0.7071651145038507
1A8LA,14.0,23,13,0.14104106934250554,0.7371425393285392
1A8LA,14.0,23,14,0.09494974664940363,0.8107944113021741
1A8LA,14.0,23,15,0.10182104533847555,0.8301446894887061
1A8LA,14.0,23,16,0.12375024913226536,0.7278439683236791
1A8LA,14.0,23,17,0.12640338670342377,0.8459042240617876
1A8LA,14.0,23,18,0.08586678899922982,0.867365667896942
1A8LA,14.0,23,19,0.11044667311694027,0.8065962441059032
1A8LA,14.0,24,0,0.12259809137291357,0.8381058561481695
1A8LA,14.0,24,1,0.08750612833548183,0.8722181423651079
1A8LA,14.0,24,2,0.12217996852409589,0.7567280169356458
1A8LA,14.0,24,3,0.1234779439147998,0.774569024347137
1A8LA,14.0,24,4,0.12234380204609269,0.7135181876372392
1A8LA,14.0,24,5,0.13599432646057416,0.8203412731607407
1A8LA,14.0,24,6,0.06803524235019173,0.9313947689893313
1A8LA,14.0,24,7,0.06155276253494271,0.9345761623641419
1A8LA,14.0,24,8,0.11682606009872767,0.7750824669311669
1A8LA,14.0,24,9,0.12337695519785738,0.7658239191891297
1A8LA,14.0,24,10,0.12730028644699207,0.7203566056488434
1A8LA,14.0,24,11,0.1503311587583012,0.7000842487714891
1A8LA,14.0,24,12,0.09467681285945634,0.8788612618647103
1A8LA,14.0,24,13,0.12805303559681777,0.7682725251484573
1A8LA,14.0,24,14,0.13065614471696518,0.7390939340669108
1A8LA,14.0,24,15,0.15289783408241808,0.7118160671237221
1A8LA,14.0,24,16,0.11040260220237987,0.7699148586812655
1A8LA,14.0,24,17,0.13388184317628046,0.7616494975537236
1A8LA,14.0,24,18,0.1232214379440107,0.7087198478985188
1A8LA,14.0,24,19,0.13197279306240922,0.8597366923074912
1A8LA,14.0,25,0,0.12931615799437476,0.8176068043612102
1A8LA,14.0,25,1,0.1227942849319786,0.7096986784672406
1A8LA,14.0,25,2,0.12122045135393712,0.7893625737912772
1A8LA,14.0,25,3,0.1463510767303555,0.629670445992919
1A8LA,14.0,25,4,0.1520290065066443,0.6770746847151329
1A8LA,14.0,25,5,0.14773769090832498,0.748561360457355
1A8LA,14.0,25,6,0.13557978657362404,0.6664870219786968
1A8LA,14.0,25,7,0.11557462684001715,0.843595307068117
1A8LA,14.0,25,8,0.07375635458064571,0.9180659347990656
1A8LA,14.0,25,9,0.1613593379798617,0.6528729834051501
1A8LA,14.0,25,10,0.11779158250745286,0.8417695141253683
1A8LA,14.0,25,11,0.069370310094258,0.9272044473512822
1A8LA,14.0,25,12,0.1393463175893161,0.7526447956999851
1A8LA,14.0,25,13,0.12507132753381708,0.8111091166775938
1A8LA,14.0,25,14,0.11109713054990107,0.840563396526944
1A8LA,14.0,25,15,0.13082450076286825,0.7726211171412262
1A8LA,14.0,25,16,0.03888777475438297,0.9706672717146143
1A8LA,14.0,25,17,0.14904422935934084,0.7028135906644187
1A8LA,14.0,25,18,0.13950035884280396,0.7781198733814513
1A8LA,14.0,25,19,0.13337287212876894,0.7463624312922941
1A8LA,14.0,26,0,0.15304135737868133,0.7327129650721077
1A8LA,14.0,26,1,0.1622962083895328,0.5822423205807373
1A8LA,14.0,26,2,0.1270320977927851,0.7988107553420869
1A8LA,14.0,26,3,0.08978844364322015,0.8746844144268413
1A8LA,14.0,26,4,0.05521401249128481,0.9710824521000206
1A8LA,14.0,26,5,0.06943938362424039,0.9342474743740948
1A8LA,14.0,26,6,0.03823948721870313,0.9733597737013735
1A8LA,14.0,26,7,0.15001161892047246,0.7390485826765154
1A8LA,14.0,26,8,0.14325015695998564,0.7315437675804339
1A8LA,14.0,26,9,0.14328753941886732,0.6903322758400989
1A8LA,14.0,26,10,0.10456590778524955,0.8832461535214501
1A8LA,14.0,26,11,0.0650325332496645,0.923165205570224
1A8LA,14.0,26,12,0.15165696742163032,0.7585261451049208
1A8LA,14.0,26,13,0.15487190994188818,0.712081906365434
1A8LA,14.0,26,14,0.038327426033123876,0.9684603430024957
1A8LA,14.0,26,15,0.13223063715173952,0.7034195199821659
1A8LA,14.0,26,16,0.13782613688069184,0.8128290191856583
1A8LA,14.0,26,17,0.1302008038654884,0.8486666092282752
1A8LA,14.0,26,18,0.13887423822230985,0.7059741847462935
1A8LA,14.0,26,19,0.1303915700937711,0.7794064187608172
1A8LA,14.0,27,0,0.1571839783895863,0.656706768814417
1A8LA,14.0,27,1,0.1103186779721745,0.8422848655362638
1A8LA,14.0,27,2,0.12565139475432194,0.7955407100740325
1A8LA,14.0,27,3,0.09006327652918565,0.8763904701269524
1A8LA,14.0,27,4,0.08110462816029519,0.9046020892367443
1A8LA,14.0,27,5,0.10056735348101234,0.8912994697951848
1A8LA,14.0,27,6,0.11349921242884274,0.817931413339717
1A8LA,14.0,27,7,0.060657697299102704,0.944881475929987
1A8LA,14.0,27,8,0.09337290114610362,0.8677554927868744
1A8LA,14.0,27,9,0.1456926692533376,0.7404377175330173
1A8LA,14.0,27,10,0.039725518729786004,0.9702480622516992
1A8LA,14.0,27,11,0.09926842415654573,0.8667459390237687
1A8LA,14.0,27,12,0.1169852853865236,0.7677239711302001
1A8LA,14.0,27,13,0.13931983883370191,0.6941866256823312
1A8LA,14.0,27,14,0.13868846715250582,0.7607853417775328
1A8LA,14.0,27,15,0.12612294403472388,0.840856624005781
1A8LA,14.0,27,16,0.17241057631584955,0.6677350230518431
1A8LA,14.0,27,17,0.13224325183724892,0.7890870695545535
1A8LA,14.0,27,18,0.09261079027435186,0.8549189113385499
1A8LA,14.0,27,19,0.11761301945564454,0.7809629337819446
1A8LA,14.0,28,0,0.1428210821705761,0.7601157384881341
1A8LA,14.0,28,1,0.13563849349394014,0.7885842958612037
1A8LA,14.0,28,2,0.06103763900826876,0.9326092374519361
1A8LA,14.0,28,3,0.12528147166067172,0.7833156223499076
1A8LA,14.0,28,4,0.08479426685937468,0.8860307339678312
1A8LA,14.0,28,5,0.10839141398831449,0.7803920814276057
1A8LA,14.0,28,6,0.1438203734582814,0.7227345556127076
1A8LA,14.0,28,7,0.1601024340851718,0.6604555307254268
1A8LA,14.0,28,8,0.10000455818188432,0.84293591031167
1A8LA,14.0,28,9,0.14251231372059417,0.6828570954416894
1A8LA,14.0,28,10,0.05858008743458669,0.9638582393328075
1A8LA,14.0,28,11,0.08771065281892859,0.8772307393388478
1A8LA,14.0,28,12,0.10220799946406163,0.8536951373273233
1A8LA,14.0,28,13,0.11884363978810776,0.8080335697131639
1A8LA,14.0,28,14,0.11142128048570836,0.7598364345447981
1A8LA,14.0,28,15,0.12163804953058173,0.7882902126414656
1A8LA,14.0,28,16,0.10819400899212092,0.8553294333132625
1A8LA,14.0,28,17,0.11938688794373951,0.7327235771130247
1A8LA,14.0,28,18,0.024497395829431425,0.9891518505549249
1A8LA,14.0,28,19,0.1475313279675281,0.7053244896044949
1A8LA,14.0,29,0,0.14950205668516747,0.6924220876707763
1A8LA,14.0,29,1,0.11694264222753138,0.6535548706598372
1A8LA,14.0,29,2,0.08829509030092547,0.8650665635161153
1A8LA,14.0,29,3,0.0874149180743876,0.9234655680785689
1A8LA,14.0,29,4,0.0640241451947725,0.9280112446602328
1A8LA,14.0,29,5,0.08523261014195543,0.9436913850888855
1A8LA,14.0,29,6,0.15868523711577182,0.5900859476424325
1A8LA,14.0,29,7,0.10954323698569396,0.8610739450750916
1A8LA,14.0,29,8,0.1628769912703184,0.6725855302331157
1A8LA,14.0,29,9,0.05975713043915373,0.9331058985608061
1A8LA,14.0,29,10,0.0690423168203954,0.9356275107312654
1A8LA,14.0,29,11,0.06929430908629093,0.9337733680325089
1A8LA,14.0,29,12,0.15308779303647216,0.7719472354158162
1A8LA,14.0,29,13,0.13377470825253296,0.6761486216528281
1A8LA,14.0,29,14,0.07957157858711152,0.7783596334668819
1A8LA,14.0,29,15,0.09111251863766169,0.7683209780970115
1A8LA,14.0,29,16,0.11431032441841739,0.7839534305355952
1A8LA,14.0,29,17,0.08347415069212936,0.8911121722674619
1A8LA,14.0,29,18,0.1676104226466126,0.7853154634899556
1A8LA,14.0,29,19,0.08782762010548037,0.9069559038920945
1A8LA,14.0,30,0,0.14947418957028427,0.7874255491618581
1A8LA,14.0,30,1,0.14154403481759287,0.8027096306210169
1A8LA,14.0,30,2,0.09982146568479489,0.8467000358751351
1A8LA,14.0,30,3,0.10688743201208811,0.8175018120891928
1A8LA,14.0,30,4,0.06900290248192553,0.8442745595958722
1A8LA,14.0,30,5,0.08102344608679812,0.8187418002929225
1A8LA,14.0,30,6,0.08173664819249116,0.8799299407242497
1A8LA,14.0,30,7,0.08047231887506982,0.8965689964596645
1A8LA,14.0,30,8,0.1180401859516749,0.726335040078338
1A8LA,14.0,30,9,0.13040583717939508,0.6681282125928868
1A8LA,14.0,30,10,0.10607967816982593,0.8297358712859957
1A8LA,14.0,30,11,0.09741159239935723,0.816773741905901
1A8LA,14.0,30,12,0.061584578129858375,0.929985828425291
1A8LA,14.0,30,13,0.14834136343530474,0.7490910017311312
1A8LA,14.0,30,14,0.03881401490565607,0.9752682371903834
1A8LA,14.0,30,15,0.03375949256438231,0.9812352730811945
1A8LA,14.0,30,16,0.12350135143311292,0.7609512305512623
1A8LA,14.0,30,17,0.049379611769561106,0.9535297399882467
1A8LA,14.0,30,18,0.08961285514908293,0.7712245192211723
1A8LA,14.0,30,19,0.06037881634553393,0.954245125871922
1A8LA,14.0,31,0,0.12668085436221393,0.7391696604848057
1A8LA,14.0,31,1,0.091730538341347,0.8761742117061231
1A8LA,14.0,31,2,0.07959502770819261,0.8757951930098887
1A8LA,14.0,31,3,0.016938366460018835,0.9944588047049723
1A8LA,14.0,31,4,0.09371485372914094,0.7379808494410154
1A8LA,14.0,31,5,0.03632935963751703,0.9765713986958023
1A8LA,14.0,31,6,0.07663145893636994,0.9134488393814789
1A8LA,14.0,31,7,0.06207768100978118,0.8447612726891158
1A8LA,14.0,31,8,0.07483586756971358,0.9546226523598058
1A8LA,14.0,31,9,0.08029240126496229,0.9163537414451444
1A8LA,14.0,31,10,0.08315749614983033,0.8504004593115037
1A8LA,14.0,31,11,0.03957532700800597,0.9124983827906551
1A8LA,14.0,31,12,0.09900992707634113,0.8457982099210919
1A8LA,14.0,31,13,0.016892864032122135,0.9941273851356702
1A8LA,14.0,31,14,0.06274113215343055,0.9478575475370798
1A8LA,14.0,31,15,0.0699598185369711,0.9505850124735706
1A8LA,14.0,31,16,0.0644762867270157,0.9353296371958771
1A8LA,14.0,31,17,0.14562735322801293,0.7140619288119456
1A8LA,14.0,31,18,0.08485203780916281,0.932437023108626
1A8LA,14.0,31,19,0.12761931306457722,0.6914651431984232
1A8LA,14.0,32,0,0.09657715578152053,0.7783696940624237
1A8LA,14.0,32,1,0.05755981038059409,0.9159106770220171
1A8LA,14.0,32,2,0.07805942061950055,0.7506052133866474
1A8LA,14.0,32,3,0.08319283234805558,0.9012723766549877
1A8LA,14.0,32,4,0.10798477447270009,0.8505274605631832
1A8LA,14.0,32,5,0.022568122616952332,0.9497960730360234
1A8LA,14.0,32,6,0.10051436072454968,0.8143190771751757
1A8LA,14.0,32,7,0.11294963542788411,0.8034339896742846
1A8LA,14.0,32,8,0.045256167694955864,0.8736969721190136
1A8LA,14.0,32,9,0.04404869148096961,0.9582779776403952
1A8LA,14.0,32,10,0.09376822425640557,0.8543392679569661
1A8LA,14.0,32,11,0.10019833549860968,0.7982700160589512
1A8LA,14.0,32,12,0.07745457633165732,0.886766443242834
1A8LA,14.0,32,13,0.169123773110617,0.7288958722081375
1A8LA,14.0,32,14,0.11147575933975232,0.8074086753124295
1A8LA,14.0,32,15,0.057869032339720135,0.9586409623419488
1A8LA,14.0,32,16,0.03701014008205683,0.928398938309971
1A8LA,14.0,32,17,0.08667255398448871,0.797491030670872
1A8LA,14.0,32,18,0.1193995914696422,0.8128337216112766
1A8LA,14.0,32,19,0.12919968948553548,0.752048067407508
1A8LA,16.0,0,0,0.0,1.0000000000000002
1A8LA,16.0,0,1,0.0,1.0
1A8LA,16.0,0,2,0.0,1.0000000000000002
1A8LA,16.0,0,3,0.0,1.0
1A8LA,16.0,0,4,0.0,0.9999999999999998
1A8LA,16.0,0,5,0.0,0.9999999999999999
1A8LA,16.0,0,6,0.0,1.0000000000000002
1A8LA,16.0,0,7,0.0,1.0
1A8LA,16.0,0,8,0.0,1.0
1A8LA,16.0,0,9,0.0,1.0000000000000002
1A8LA,16.0,0,10,0.0,1.0
1A8LA,16.0,0,11,0.0,1.0000000000000002
1A8LA,16.0,0,12,0.0,1.0000000000000002
1A8LA,16.0,0,13,0.0,0.9999999999999998
1A8LA,16.0,0,14,0.0,1.0
1A8LA,16.0,0,15,0.0,1.0000000000000002
1A8LA,16.0,0,16,0.0,1.0000000000000002
1A8LA,16.0,0,17,0.0,1.0000000000000002
1A8LA,16.0,0,18,0.0,0.9999999999999999
1A8LA,16.0,0,19,0.0,1.0
1A8LA,16.0,1,0,0.0,1.0000000000000002
1A8LA,16.0,1,1,0.0,1.0000000000000002
1A8LA,16.0,1,2,0.0,1.0
1A8LA,16.0,1,3,0.0,1.0
1A8LA,16.0,1,4,0.0,1.0000000000000002
1A8LA,16.0,1,5,0.0,1.0000000000000002
1A8LA,16.0,1,6,0.0,1.0
1A8LA,16.0,1,7,0.0,1.0000000000000002
1A8LA,16.0,1,8,0.0,0.9999999999999999
1A8LA,16.0,1,9,0.0,1.0000000000000002
1A8LA,16.0,1,10,0.0,1.0000000000000002
1A8LA,16.0,1,11,0.0,1.0
1A8LA,16.0,1,12,0.0,0.9999999999999999
1A8LA,16.0,1,13,0.0,1.0000000000000002
1A8LA,16.0,1,14,0.0,1.0
1A8LA,16.0,1,15,0.0,1.0
1A8LA,16.0,1,16,0.0,1.0
1A8LA,16.0,1,17,0.0,0.9999999999999998
1A8LA,16.0,1,18,0.0,0.9999999999999999
1A8LA,16.0,1,19,0.0,1.0000000000000002
1A8LA,16.0,2,0,0.0,1.0
1A8LA,16.0,2,1,0.0,1.0000000000000002
1A8LA,16.0,2,2,0.0,1.0
1A8LA,16.0,2,3,0.0,0.9999999999999998
1A8LA,16.0,2,4,0.0,1.0
1A8LA,16.0,2,5,0.0,0.9999999999999998
1A8LA,16.0,2,6,0.0,1.0
1A8LA,16.0,2,7,0.0,1.0
1A8LA,16.0,2,8,0.0,0.9999999999999999
1A8LA,16.0,2,9,0.0,1.0
1A8LA,16.0,2,10,0.0,1.0
1A8LA,16.0,2,11,0.0,1.0
1A8LA,16.0,2,12,0.0,0.9999999999999998
1A8LA,16.0,2,13,0.0,0.9999999999999999
1A8LA,16.0,2,14,0.0,0.9999999999999998
1A8LA,16.0,2,15,0.0,1.0
1A8LA,16.0,2,16,0.0,1.0
1A8LA,16.0,2,17,0.0,1.0
1A8LA,16.0,2,18,0.0,0.9999999999999999
1A8LA,16.0,2,19,0.0,1.0
1A8LA,16.0,3,0,0.0,1.0
1A8LA,16.0,3,1,0.0,1.0
1A8LA,16.0,3,2,0.0,0.9999999999999999
1A8LA,16.0,3,3,0.0,1.0000000000000002
1A8LA,16.0,3,4,0.0,0.9999999999999998
1A8LA,16.0,3,5,0.0,1.0
1A8LA,16.0,3,6,0.0,1.0
1A8LA,16.0,3,7,0.0,1.0
1A8LA,16.0,3,8,0.0,1.0000000000000002
1A8LA,16.0,3,9,0.0,1.0
1A8LA,16.0,3,10,0.0,1.0000000000000002
1A8LA,16.0,3,11,0.0,1.0
1A8LA,16.0,3,12,0.0,1.0
1A8LA,16.0,3,13,0.0,1.0
1A8LA,16.0,3,14,0.0,1.0000000000000002
1A8LA,16.0,3,15,0.0,1.0
1A8LA,16.0,3,16,0.0,0.9999999999999998
1A8LA,16.0,3,17,0.0,1.0
1A8LA,16.0,3,18,0.0,1.0
1A8LA,16.0,3,19,0.0,1.0000000000000002
1A8LA,16.0,4,0,0.0,1.0
1A8LA,16.0,4,1,0.0,1.0000000000000002
1A8LA,16.0,4,2,0.0,0.9999999999999998
1A8LA,16.0,4,3,0.0,0.9999999999999999
1A8LA,16.0,4,4,0.0,1.0
1A8LA,16.0,4,5,0.0,1.0
1A8LA,16.0,4,6,0.0,0.9999999999999998
1A8LA,16.0,4,7,0.0,1.0
1A8LA,16.0,4,8,0.0,1.0
1A8LA,16.0,4,9,0.0,1.0
1A8LA,16.0,4,10,0.0,0.9999999999999998
1A8LA,16.0,4,11,0.0,0.9999999999999999
1A8LA,16.0,4,12,0.0,0.9999999999999999
1A8LA,16.0,4,13,0.0,1.0
1A8LA,16.0,4,14,0.0,1.0000000000000002
1A8LA,16.0,4,15,0.0,0.9999999999999999
1A8LA,16.0,4,16,0.0,1.0
1A8LA,16.0,4,17,0.0,0.9999999999999998
1A8LA,16.0,4,18,0.0,1.0000000000000002
1A8LA,16.0,4,19,0.0,1.0
1A8LA,16.0,5,0,0.0,1.0
1A8LA,16.0,5,1,0.0,1.0000000000000002
1A8LA,16.0,5,2,0.0,1.0
1A8LA,16.0,5,3,0.0,1.0
1A8LA,16.0,5,4,0.0,1.0000000000000002
1A8LA,16.0,5,5,0.0,1.0000000000000002
1A8LA,16.0,5,6,0.0,1.0000000000000002
1A8LA,16.0,5,7,0.0,1.0
1A8LA,16.0,5,8,0.0,1.0
1A8LA,16.0,5,9,0.0,1.0
1A8LA,16.0,5,10,0.0,1.0
1A8LA,16.0,5,11,0.0,0.9999999999999999
1A8LA,16.0,5,12,0.0,0.9999999999999999
1A8LA,16.0,5,13,0.0,1.0
1A8LA,16.0,5,14,0.0,1.0
1A8LA,16.0,5,15,0.0,1.0
1A8LA,16.0,5,16,0.0,1.0
1A8LA,16.0,5,17,0.0,1.0
1A8LA,16.0,5,18,0.0,1.0000000000000002
1A8LA,16.0,5,19,0.0,0.9999999999999998
1A8LA,16.0,6,0,0.0,1.0000000000000002
1A8LA,16.0,6,1,0.0,1.0000000000000002
1A8LA,16.0,6,2,0.0,1.0
1A8LA,16.0,6,3,0.0,1.0
1A8LA,16.0,6,4,0.0,1.0
1A8LA,16.0,6,5,0.0,0.9999999999999999
1A8LA,16.0,6,6,0.0,1.0
1A8LA,16.0,6,7,0.0,1.0
1A8LA,16.0,6,8,0.0,1.0
1A8LA,16.0,6,9,0.0,0.9999999999999998
1A8LA,16.0,6,10,0.0,1.0
1A8LA,16.0,6,11,0.0,1.0
1A8LA,16.0,6,12,0.0,0.9999999999999998
1A8LA,16.0,6,13,0.0,1.0
1A8LA,16.0,6,14,0.0,1.0
1A8LA,16.0,6,15,0.0,0.9999999999999998
1A8LA,16.0,6,16,0.0,1.0
1A8LA,16.0,6,17,0.0,1.0
1A8LA,16.0,6,18,0.0,1.0
1A8LA,16.0,6,19,0.0,1.0
1A8LA,16.0,7,0,0.0,1.0
1A8LA,16.0,7,1,0.0,1.0000000000000002
1A8LA,16.0,7,2,0.0,1.0000000000000002
1A8LA,16.0,7,3,0.0,1.0
1A8LA,16.0,7,4,0.0,1.0000000000000002
1A8LA,16.0,7,5,0.0,1.0
1A8LA,16.0,7,6,0.0,1.0
1A8LA,16.0,7,7,0.0,1.0
1A8LA,16.0,7,8,0.0,0.9999999999999999
1A8LA,16.0,7,9,0.0,1.0
1A8LA,16.0,7,10,0.0,1.0
1A8LA,16.0,7,11,0.0,1.0000000000000002
1A8LA,16.0,7,12,0.0,1.0
1A8LA,16.0,7,13,0.0,0.9999999999999999
1A8LA,16.0,7,14,0.0,0.9999999999999998
1A8LA,16.0,7,15,0.0,1.0
1A8LA,16.0,7,16,0.0,1.0000000000000002
1A8LA,16.0,7,17,0.0,1.0
1A8LA,16.0,7,18,0.0,1.0
1A8LA,16.0,7,19,0.0,1.0
1A8LA,16.0,8,0,0.0,0.9999999999999998
1A8LA,16.0,8,1,0.0,1.0
1A8LA,16.0,8,2,0.0,0.9999999999999999
1A8LA,16.0,8,3,0.0,1.0
1A8LA,16.0,8,4,0.0,1.0
1A8LA,16.0,8,5,0.0,0.9999999999999999
1A8LA,16.0,8,6,0.0,1.0
1A8LA,16.0,8,7,0.0,1.0
1A8LA,16.0,8,8,0.0,1.0
1A8LA,16.0,8,9,0.0,1.0
1A8LA,16.0,8,10,0.0,0.9999999999999999
1A8LA,16.0,8,11,0.0,1.0
1A8LA,16.0,8,12,0.0,1.0
1A8LA,16.0,8,13,0.0,1.0
1A8LA,16.0,8,14,0.0,1.0
1A8LA,16.0,8,15,0.0,1.0
1A8LA,16.0,8,16,0.0,1.0000000000000002
1A8LA,16.0,8,17,0.0,1.0
1A8LA,16.0,8,18,0.0,1.0
1A8LA,16.0,8,19,0.0,1.0
1A8LA,16.0,9,0,0.0,0.9999999999999998
1A8LA,16.0,9,1,0.0,1.0
1A8LA,16.0,9,2,0.0,0.9999999999999999
1A8LA,16.0,9,3,0.0,1.0
1A8LA,16.0,9,4,0.0,1.0
1A8LA,16.0,9,5,0.0,0.9999999999999999
1A8LA,16.0,9,6,0.0,1.0000000000000002
1A8LA,16.0,9,7,0.0,1.0
1A8LA,16.0,9,8,0.0,0.9999999999999998
1A8LA,16.0,9,9,0.0,1.0000000000000002
1A8LA,16.0,9,10,0.0,1.0
1A8LA,16.0,9,11,0.0,1.0000000000000002
1A8LA,16.0,9,12,0.0,1.0
1A8LA,16.0,9,13,0.0,1.0000000000000002
1A8LA,16.0,9,14,0.0,0.9999999999999998
1A8LA,16.0,9,15,0.0,1.0000000000000002
1A8LA,16.0,9,16,0.0,1.0000000000000002
1A8LA,16.0,9,17,0.0,1.0000000000000002
1A8LA,16.0,9,18,0.0,1.0
1A8LA,16.0,9,19,0.0,1.0000000000000002
1A8LA,16.0,10,0,0.343990590313164,0.32608038360641334
1A8LA,16.0,10,1,0.023261871384449632,0.7052548274508201
1A8LA,16.0,10,2,0.05102827654533387,0.5193425311510181
1A8LA,16.0,10,3,0.036364203187671744,0.9479062035067772
1A8LA,16.0,10,4,0.07691003446090368,0.7250343403772793
1A8LA,16.0,10,5,0.03857808541896068,0.9705794860656262
1A8LA,16.0,10,6,0.21135982591539648,0.29451212841898466
1A8LA,16.0,10,7,0.026413870512894556,0.634983761259961
1A8LA,16.0,10,8,0.1658761847905042,0.556876279984047
1A8LA,16.0,10,9,0.7573485266337316,0.05446711302077777
1A8LA,16.0,10,10,0.015335600659815714,0.9106264909146632
1A8LA,16.0,10,11,0.14950672880703975,0.4464461789719787
1A8LA,16.0,10,12,0.43432515911287395,0.14275550680450583
1A8LA,16.0,10,13,0.024649943397505123,0.9155599878185552
1A8LA,16.0,10,14,0.1335714968846205,0.24094641288887061
1A8LA,16.0,10,15,0.048939906739580964,0.783818838909363
1A8LA,16.0,10,16,0.22827939047452428,0.29157809623290554
1A8LA,16.0,10,17,0.02746852772464674,0.9658025553346348
1A8LA,16.0,10,18,0.4364067072148869,0.2768332667224011
1A8LA,16.0,10,19,0.20479631007914545,0.5600581820843822
1A8LA,16.0,11,0,0.3111383140616634,0.4671977567130736
1A8LA,16.0,11,1,0.21488223290515918,0.4456288006143168
1A8LA,16.0,11,2,0.36931824425470133,0.380953642707874
1A8LA,16.0,11,3,0.24352839945672783,0.7011836684599874
1A8LA,16.0,11,4,0.29666984833389315,0.3363118794475065
1A8LA,16.0,11,5,0.38860929243924525,0.34912527593862225
1A8LA,16.0,11,6,0.14831911848559853,0.5505859717879042
1A8LA,16.0,11,7,0.3590594740330459,0.31212583999405635
1A8LA,16.0,11,8,0.23246467792718312,0.4867123821994009
1A8LA,16.0,11,9,0.27782425976160807,0.6376758534664516
1A8LA,16.0,11,10,0.23627081833875743,0.5525953325987253
1A8LA,16.0,11,11,0.16268717031636093,0.6757796218438586
1A8LA,16.0,11,12,0.27290633123374314,0.5960431382288187
1A8LA,16.0,11,13,0.3679822892128459,0.39597464467419585
1A8LA,16.0,11,14,0.3667227739507969,0.4208836771002757
1A8LA,16.0,11,15,0.2057015737619342,0.4917799175786671
1A8LA,16.0,11,16,0.605713712889391,0.19084652764487883
1A8LA,16.0,11,17,0.26794409896901233,0.436575825915633
1A8LA,16.0,11,18,0.34775141849132435,0.4898266464198826
1A8LA,16.0,11,19,0.15046874608073244,0.5002136411258092
1A8LA,16.0,12,0,0.03311433577236441,0.9748793676772288
1A8LA,16.0,12,1,0.3032295709822805,0.6204090213825476
1A8LA,16.0,12,2,0.3845900647836242,0.7300461559184493
1A8LA,16.0,12,3,0.1384670248567411,0.7321896662260156
1A8LA,16.0,12,4,0.14083906837168936,0.5106905293325726
1A8LA,16.0,12,5,0.06843540036826701,0.9462183145818802
1A8LA,16.0,12,6,0.20134346780647927,0.5019583893305669
1A8LA,16.0,12,7,0.11483703857192583,0.7061672854427911
1A8LA,16.0,12,8,0.2185481214682825,0.5655901856736772
1A8LA,16.0,12,9,0.21776777008172937,0.611178060199497
1A8LA,16.0,12,10,0.17513261106760533,0.6754668272718322
1A8LA,16.0,12,11,0.1085997969549828,0.7731785272321088
1A8LA,16.0,12,12,0.07599281235845902,0.9281630540899772
1A8LA,16.0,12,13,0.23011532908711657,0.643343621481724
1A8LA,16.0,12,14,0.1967869204563779,0.8750156723077227
1A8LA,16.0,12,15,0.19793006019776652,0.7607270599934391
1A8LA,16.0,12,16,0.10421864980598813,0.538016865631544
1A8LA,16.0,12,17,0.3281582354576627,0.36846499349576506
1A8LA,16.0,12,18,0.06286770216507037,0.946279421415381
1A8LA,16.0,12,19,0.19821070496177584,0.6559059679178437
1A8LA,16.0,13,0,0.11111302833747724,0.8163169040585687
1A8LA,16.0,13,1,0.13326932504614702,0.6861927750583156
1A8LA,16.0,13,2,0.14588695752981845,0.748090587778163
1A8LA,16.0,13,3,0.15894297996669718,0.7146405745206901
1A8LA,16.0,13,4,0.11979029878776026,0.7786726575172014
1A8LA,16.0,13,5,0.05245928036586781,0.9639038458063575
1A8LA,16.0,13,6,0.12509031722609756,0.445430804520953
1A8LA,16.0,13,7,0.23004670284750028,0.5902389830683638
1A8LA,16.0,13,8,0.17981989450699912,0.37595692624901367
1A8LA,16.0,13,9,0.052860995808074594,0.9696546242416532
1A8LA,16.0,13,10,0.2316367674228199,0.5875836222442923
1A8LA,16.0,13,11,0.04270701738971,0.9765054284538784
1A8LA,16.0,13,12,0.24120233578140626,0.43714021509409723
1A8LA,16.0,13,13,0.10789856472467821,0.6937450080652133
1A8LA,16.0,13,14,0.166283553700209,0.7304615589539668
1A8LA,16.0,13,15,0.1433833097327749,0.6802339347003094
1A8LA,16.0,13,16,0.22569264795669308,0.41315754357091417
1A8LA,16.0,13,17,0.12109517278641369,0.6960204865749976
1A8LA,16.0,13,18,0.1307870578799313,0.8021670530034176
1A8LA,16.0,13,19,0.16347041376709354,0.4485534163077046
1A8LA,16.0,14,0,0.1693702152798747,0.687442126320686
1A8LA,16.0,14,1,0.25382090901107623,0.6105063471293182
1A8LA,16.0,14,2,0.13296624917312805,0.6850676019229969
1A8LA,16.0,14,3,0.22633264032012226,0.48136719855510457
1A8LA,16.0,14,4,0.12236190301849646,0.7713881119475569
1A8LA,16.0,14,5,0.05555805118492485,0.9648540699383841
1A8LA,16.0,14,6,0.05693676189027444,0.969670816991903
1A8LA,16.0,14,7,0.1454739844011532,0.4971789890042086
1A8LA,16.0,14,8,0.15236232965320062,0.5731852255659147
1A8LA,16.0,14,9,0.1808304895997337,0.8636066028990409
1A8LA,16.0,14,10,0.13342803906835415,0.6788838526286096
1A8LA,16.0,14,11,0.2070491915451995,0.4001519594985508
1A8LA,16.0,14,12,0.14393046940660034,0.6929919819500138
1A8LA,16.0,14,13,0.13217710380349026,0.6546691615701079
1A8LA,16.0,14,14,0.0884973854014452,0.8590797743836894
1A8LA,16.0,14,15,0.0885141103791894,0.9267862157256197
1A8LA,16.0,14,16,0.18005387768050088,0.9037038606097165
1A8LA,16.0,14,17,0.12388816774685418,0.6397156568706385
1A8LA,16.0,14,18,0.05540303677599266,0.872298469655442
1A8LA,16.0,14,19,0.09907353531630128,0.7695776602100739
1A8LA,16.0,15,0,0.33167194643441933,0.5928143869221416
1A8LA,16.0,15,1,0.16828565534061413,0.6223514754673838
1A8LA,16.0,15,2,0.1888744924983612,0.5010588843997646
1A8LA,16.0,15,3,0.11303234371639583,0.750400963762195
1A8LA,16.0,15,4,0.23673065031177543,0.3665184382248862
1A8LA,16.0,15,5,0.19594831585783223,0.5468172354281379
1A8LA,16.0,15,6,0.21514662572880658,0.7063517316536304
1A8LA,16.0,15,7,0.2859916370651934,0.48627720761056686
1A8LA,16.0,15,8,0.16982454290182292,0.5481500399647958
1A8LA,16.0,15,9,0.10909502127518064,0.9158746217292943
1A8LA,16.0,15,10,0.09310341219916875,0.877909844320378
1A8LA,16.0,15,11,0.23799820841906413,0.45842793452402164
1A8LA,16.0,15,12,0.14812427632279163,0.6890458013082447
1A8LA,16.0,15,13,0.14214130057436422,0.7884990104867886
1A8LA,16.0,15,14,0.14552681778779283,0.7421548615496687
1A8LA,16.0,15,15,0.17153622484761183,0.6827920745674152
1A8LA,16.0,15,16,0.1483902167252815,0.6150639762741382
1A8LA,16.0,15,17,0.20546611854538685,0.4148162371379316
1A8LA,16.0,15,18,0.13934369984991266,0.7969227453888229
1A8LA,16.0,15,19,0.1548829048928412,0.8676921524164103
1A8LA,16.0,16,0,0.13652291090124974,0.7277961018993488
1A8LA,16.0,16,1,0.15439248691393007,0.7292718134739468
1A8LA,16.0,16,2,0.15286669194897706,0.7560858034927902
1A8LA,16.0,16,3,0.13960451686657263,0.7608102370708231
1A8LA,16.0,16,4,0.1604377736462333,0.8096829910251877
1A8LA,16.0,16,5,0.1514577507928851,0.6128112669340644
1A8LA,16.0,16,6,0.324960299039805,0.5833672291057485
1A8LA,16.0,16,7,0.22208192442621355,0.8295779167858218
1A8LA,16.0,16,8,0.13663380232695338,0.8072076042071376
1A8LA,16.0,16,9,0.1288525788022885,0.8104137723851335
1A8LA,16.0,16,10,0.13491588795762852,0.8626769334210934
1A8LA,16.0,16,11,0.22997001431704803,0.7455657091469818
1A8LA,16.0,16,12,0.11878297877402813,0.8586960926060416
1A8LA,16.0,16,13,0.2148460994938357,0.6894135811485831
1A8LA,16.0,16,14,0.19387977822350322,0.6177077702361348
1A8LA,16.0,16,15,0.14159415242863715,0.8008087001286779
1A8LA,16.0,16,16,0.17201695838567468,0.5266237286855805
1A8LA,16.0,16,17,0.1561601435029154,0.6924600813746644
1A8LA,16.0,16,18,0.17226519138776408,0.8042037776476983
1A8LA,16.0,16,19,0.1681752458571676,0.8422753917864885
1A8LA,16.0,17,0,0.13845201495058232,0.8257195131564011
1A8LA,16.0,17,1,0.15588446701410466,0.7711220134813643
1A8LA,16.0,17,2,0.15383845022013534,0.8131789081747435
1A8LA,16.0,17,3,0.23390045799782347,0.5358032985053438
1A8LA,16.0,17,4,0.1687985036352305,0.7235967034990926
1A8LA,16.0,17,5,0.18755574325263624,0.7268928899010517
1A8LA,16.0,17,6,0.1664836555534881,0.6688180487046134
1A8LA,16.0,17,7,0.13550493380029394,0.7529324981913177
1A8LA,16.0,17,8,0.18653171551337291,0.7182656385962943
1A8LA,16.0,17,9,0.16937092345821844,0.6382975235813977
1A8LA,16.0,17,10,0.16098259263860612,0.7595179125524899
1A8LA,16.0,17,11,0.16623137723257086,0.4410434139613489
1A8LA,16.0,17,12,0.16978116598928022,0.6380844150025813
1A8LA,16.0,17,13,0.14751863821461159,0.68874788520815
1A8LA,16.0,17,14,0.11327765075613719,0.7946803165871557
1A8LA,16.0,17,15,0.1492850777302585,0.6542553029505986
1A8LA,16.0,17,16,0.12888878962210024,0.864116164883744
1A8LA,16.0,17,17,0.2174500815098835,0.6206521391622541
1A8LA,16.0,17,18,0.2662699292686281,0.5271384905994155
1A8LA,16.0,17,19,0.13740017964484866,0.7839898688177792
1A8LA,16.0,18,0,0.19775976502120493,0.6093963044137598
1A8LA,16.0,18,1,0.17092563962420498,0.7924766042563848
1A8LA,16.0,18,2,0.16667805133240862,0.648925313418236
1A8LA,16.0,18,3,0.1810106997614605,0.6888164230544327
1A8LA,16.0,18,4,0.15101183173672633,0.761720335307774
1A8LA,16.0,18,5,0.13562705552412643,0.8955334531989833
1A8LA,16.0,18,6,0.0643018159972881,0.9528428409151548
1A8LA,16.0,18,7,0.16152494622127633,0.6948906230661549
1A8LA,16.0,18,8,0.14619944164860066,0.8366423766034822
1A8LA,16.0,18,9,0.16693497856499584,0.5671373896120231
1A8LA,16.0,18,10,0.21411785787992216,0.5415573614417929
1A8LA,16.0,18,11,0.18288407119564226,0.726950068763868
1A8LA,16.0,18,12,0.14707476389401947,0.791410024318648
1A8LA,16.0,18,13,0.2249071376487191,0.7207355122266365
1A8LA,16.0,18,14,0.44862598213419724,0.321705322345258
1A8LA,16.0,18,15,0.171342802772772,0.6547996687532753
1A8LA,16.0,18,16,0.16451071882164484,0.5966319328833138
1A8LA,16.0,18,17,0.18618709368852435,0.5881488645236476
1A8LA,16.0,18,18,0.22119860548496692,0.5717928709944329
1A8LA,16.0,18,19,0.17243861219487394,0.5036271055678985
1A8LA,16.0,19,0,0.08191298030049998,0.9323327298269004
1A8LA,16.0,19,1,0.19287913316756827,0.7687384669866311
1A8LA,16.0,19,2,0.17494854269089646,0.7799378026218597
1A8LA,16.0,19,3,0.12223774334907735,0.86860673982126
1A8LA,16.0,19,4,0.1563068615258544,0.8249140615394046
1A8LA,16.0,19,5,0.13120879572484923,0.924682166748396
1A8LA,16.0,19,6,0.16732854527169094,0.6666237289200077
1A8LA,16.0,19,7,0.18094273688453186,0.5198078911549222
1A8LA,16.0,19,8,0.181245690407693,0.5857237271764695
1A8LA,16.0,19,9,0.22300039176828865,0.44754738997185683
1A8LA,16.0,19,10,0.18692586005207323,0.6610503589897295
1A8LA,16.0,19,11,0.206178798739467,0.553799027069579
1A8LA,16.0,19,12,0.14270819409077054,0.8519038050944506
1A8LA,16.0,19,13,0.15815217914171636,0.8330163330104866
1A8LA,16.0,19,14,0.0830192394419072,0.9462437658848739
1A8LA,16.0,19,15,0.1454543227285354,0.8401929026948479
1A8LA,16.0,19,16,0.22577096833024646,0.6079680251522981
1A8LA,16.0,19,17,0.08983494014043135,0.8812829218100423
1A8LA,16.0,19,18,0.1530571925402474,0.6082423898556975
1A8LA,16.0,19,19,0.17509953352212487,0.7519521519219763
1A8LA,16.0,20,0,0.1394441880167903,0.8178661227414501
1A8LA,16.0,20,1,0.19976909210582736,0.6867526319411432
1A8LA,16.0,20,2,0.12608293878304702,0.7353879439219115
1A8LA,16.0,20,3,0.08091986958071429,0.9108656739606374
1A8LA,16.0,20,4,0.13924198244068361,0.8016255387570375
1A8LA,16.0,20,5,0.15055607525836465,0.751191204879693
1A8LA,16.0,20,6,0.2257117681220948,0.5138662029957134
1A8LA,16.0,20,7,0.1887586435001725,0.767680238705874
1A8LA,16.0,20,8,0.20110040439731092,0.7774276611626608
1A8LA,16.0,20,9,0.20351496205924346,0.620885651057157
1A8LA,16.0,20,10,0.05906114948221167,0.9540241108849071
1A8LA,16.0,20,11,0.21788022967877005,0.6252119717168161
1A8LA,16.0,20,12,0.14765833221177407,0.741205490889351
1A8LA,16.0,20,13,0.07457935727141965,0.938916462800526
1A8LA,16.0,20,14,0.15941345364986872,0.6313344677235946
1A8LA,16.0,20,15,0.08424375424961912,0.9372790381317916
1A8LA,16.0,20,16,0.15245145751518904,0.8034623993139759
1A8LA,16.0,20,17,0.2122664456016239,0.48198704089674316
1A8LA,16.0,20,18,0.19441915302485716,0.6142383763558368
1A8LA,16.0,20,19,0.08938767754892617,0.8907371963000232
1A8LA,16.0,21,0,0.1772028994440554,0.8126744117866567
1A8LA,16.0,21,1,0.19962440825497618,0.5209891685717584
1A8LA,16.0,21,2,0.14202046229541102,0.7828784497040694
1A8LA,16.0,21,3,0.1800734334143021,0.5761915067164214
1A8LA,16.0,21,4,0.13781317868579154,0.812991468547363
1A8LA,16.0,21,5,0.19304461325929287,0.6673750875678206
1A8LA,16.0,21,6,0.146158997931794,0.7839474419727683
1A8LA,16.0,21,7,0.21617616711336457,0.3981709229849248
1A8LA,16.0,21,8,0.21017697834529894,0.5560287756080698
1A8LA,16.0,21,9,0.17515375079180792,0.73022319454457
1A8LA,16.0,21,10,0.1780446603275043,0.647731091450984
1A8LA,16.0,21,11,0.1769620878084782,0.7754465538252804
1A8LA,16.0,21,12,0.16398591499708384,0.6640667677004728
1A8LA,16.0,21,13,0.09578988990427154,0.9054833946147915
1A8LA,16.0,21,14,0.166077442093618,0.6093373170188507
1A8LA,16.0,21,15,0.1320349930466663,0.8895615907169921
1A8LA,16.0,21,16,0.16935182360488055,0.5823522125478888
1A8LA,16.0,21,17,0.1804758856929455,0.7222664530420837
1A8LA,16.0,21,18,0.1575028599373004,0.6414292029534662
1A8LA,16.0,21,19,0.14965968917918926,0.6377869927897339
1A8LA,16.0,22,0,0.14363377825670987,0.7479309621782451
1A8LA,16.0,22,1,0.17773426538962558,0.7353146116537691
1A8LA,16.0,22,2,0.1825427256266317,0.7419430846997155
1A8LA,16.0,22,3,0.0968101032113088,0.8841507812803537
1A8LA,16.0,22,4,0.13793868453253502,0.8578985109909572
1A8LA,16.0,22,5,0.16876807535593977,0.6817700308609963
1A8LA,16.0,22,6,0.13711116614188995,0.8062259510669397
1A8LA,16.0,22,7,0.2233468231985934,0.5589950156356424
1A8LA,16.0,22,8,0.12746891924417666,0.838741975853826
1A8LA,16.0,22,9,0.1623579303754587,0.7482213577685515
1A8LA,16.0,22,10,0.1608092833194922,0.6921391050866663
1A8LA,16.0,22,11,0.1662948083460769,0.6639500192121914
1A8LA,16.0,22,12,0.18312785887591432,0.64603305148417
1A8LA,16.0,22,13,0.20286567272428305,0.6233098807143712
1A8LA,16.0,22,14,0.18449459793406364,0.6723752429680067
1A8LA,16.0,22,15,0.11020052704044517,0.8240622478909044
1A8LA,16.0,22,16,0.07564699369774806,0.9389382825588338
1A8LA,16.0,22,17,0.13893072448578936,0.8979872730616499
1A8LA,16.0,22,18,0.16054746726804042,0.6823167400347164
1A8LA,16.0,22,19,0.16238857533079115,0.7310181910810155
1A8LA,16.0,23,0,0.10541381605874564,0.8843921003284505
1A8LA,16.0,23,1,0.20261806417133219,0.5277949928516678
1A8LA,16.0,23,2,0.22121066889708632,0.5244206518958241
1A8LA,16.0,23,3,0.1165963994962593,0.8731208129356393
1A8LA,16.0,23,4,0.2007457973690197,0.7244157249579211
1A8LA,16.0,23,5,0.13318394009207782,0.8090472170562553
1A8LA,16.0,23,6,0.19685179821700252,0.6615140550388772
1A8LA,16.0,23,7,0.1929763939137902,0.6992636721800715
1A8LA,16.0,23,8,0.1595592583187252,0.7872322326065997
1A8LA,16.0,23,9,0.19037159853578578,0.6796261180440769
1A8LA,16.0,23,10,0.11085622966833,0.8965776877799138
1A8LA,16.0,23,11,0.12796117523249412,0.8539360148893685
1A8LA,16.0,23,12,0.23546103907109664,0.5518410126160688
1A8LA,16.0,23,13,0.2161126315592317,0.5537809490768854
1A8LA,16.0,23,14,0.15469585632963082,0.6819091216422208
1A8LA,16.0,23,15,0.17121093065638138,0.7053187946647177
1A8LA,16.0,23,16,0.18848665834362105,0.6133799237207942
1A8LA,16.0,23,17,0.1665649212038474,0.7777112050099277
1A8LA,16.0,23,18,0.13338589945775345,0.7701213209984517
1A8LA,16.0,23,19,0.1812114944679638,0.6780324399170201
1A8LA,16.0,24,0,0.1973912148334923,0.7404828176619312
1A8LA,16.0,24,1,0.12842793848901246,0.8126080234422366
1A8LA,16.0,24,2,0.1899510164880596,0.618215971913458
1A8LA,16.0,24,3,0.18576398596546947,0.6596542115264896
1A8LA,16.0,24,4,0.1839362426947347,0.5897828910130506
1A8LA,16.0,24,5,0.20147183261767337,0.7255638844248664
1A8LA,16.0,24,6,0.09714317316545637,0.9018678721836094
1A8LA,16.0,24,7,0.08806861270471697,0.9108048150166218
1A8LA,16.0,24,8,0.16634500601634072,0.6845770907815611
1A8LA,16.0,24,9,0.18466446990357757,0.6730011146177027
1A8LA,16.0,24,10,0.21034895646262516,0.5536646226685217
1A8LA,16.0,24,11,0.22668629875686744,0.5121878334455655
1A8LA,16.0,24,12,0.13696383431249937,0.8345561853958497
1A8LA,16.0,24,13,0.20145503064480166,0.6596567169123109
1A8LA,16.0,24,14,0.1796596994485159,0.6692506377954262
1A8LA,16.0,24,15,0.22276288206770975,0.5480186633561362
1A8LA,16.0,24,16,0.15622075881104228,0.6888622965124654
1A8LA,16.0,24,17,0.20699897708074314,0.6196276693287937
1A8LA,16.0,24,18,0.21458891836360494,0.530972740791824
1A8LA,16.0,24,19,0.19394235866435053,0.7854747971832563
1A8LA,16.0,25,0,0.18270841132773533,0.7211524163603562
1A8LA,16.0,25,1,0.17811222900979984,0.5961694432169061
1A8LA,16.0,25,2,0.18503793042008038,0.6708496550144469
1A8LA,16.0,25,3,0.2032595879382391,0.507788014870458
1A8LA,16.0,25,4,0.22429824520913047,0.5276068556754631
1A8LA,16.0,25,5,0.2120745083760875,0.6304428920490726
1A8LA,16.0,25,6,0.1929106576852343,0.530822645994529
1A8LA,16.0,25,7,0.17845384516920743,0.7456959539068898
1A8LA,16.0,25,8,0.1143812332629338,0.8523904862905421
1A8LA,16.0,25,9,0.2506086052198868,0.5032661144318068
1A8LA,16.0,25,10,0.1646222865532981,0.7331672368666221
1A8LA,16.0,25,11,0.1090375204532831,0.8804116132030751
1A8LA,16.0,25,12,0.2129155259824691,0.6890747179146265
1A8LA,16.0,25,13,0.18169782944302976,0.7387187772620852
1A8LA,16.0,25,14,0.16778086305509102,0.7539144443633109
1A8LA,16.0,25,15,0.19061512270300637,0.6648043296363251
1A8LA,16.0,25,16,0.06061024985608532,0.9520050832751212
1A8LA,16.0,25,17,0.2066012545040674,0.6012186288571608
1A8LA,16.0,25,18,0.19735670059402527,0.7311326552390871
1A8LA,16.0,25,19,0.19499877615647754,0.65595851350523
1A8LA,16.0,26,0,0.23904288743380167,0.6221315305631994
1A8LA,16.0,26,1,0.21504903042427115,0.5551407905571514
1A8LA,16.0,26,2,0.17300474842575447,0.7144217769376713
1A8LA,16.0,26,3,0.1292009028809568,0.8161279069631534
1A8LA,16.0,26,4,0.07990640840385353,0.9559371209625614
1A8LA,16.0,26,5,0.0960947711167478,0.8994535852267106
1A8LA,16.0,26,6,0.05657799007125273,0.958701872359607
1A8LA,16.0,26,7,0.20123861458909129,0.6402292837114995
1A8LA,16.0,26,8,0.19932153847192585,0.6378912605072175
1A8LA,16.0,26,9,0.184105278013268,0.6356991283776162
1A8LA,16.0,26,10,0.14952633859479034,0.8370599985162303
1A8LA,16.0,26,11,0.0907096967645207,0.8934148462836641
1A8LA,16.0,26,12,0.19905698652864134,0.6786367744388938
1A8LA,16.0,26,13,0.2257087594430103,0.591668230810624
1A8LA,16.0,26,14,0.0564863033078021,0.9535360776673615
1A8LA,16.0,26,15,0.1851137687116549,0.5907305678058112
1A8LA,16.0,26,16,0.2023246564674955,0.7160745444481774
1A8LA,16.0,26,17,0.22195229636221445,0.6939241839684943
1A8LA,16.0,26,18,0.19595349167142262,0.5709078923133694
1A8LA,16.0,26,19,0.19713692617532103,0.6162607951947654
1A8LA,16.0,27,0,0.21935002509744775,0.5358089609626034
1A8LA,16.0,27,1,0.1533394412226793,0.7781819036698341
1A8LA,16.0,27,2,0.16529336980062104,0.7165192453220292
1A8LA,16.0,27,3,0.1189562118471221,0.8416080495171847
1A8LA,16.0,27,4,0.11549986440003564,0.8603005641139928
1A8LA,16.0,27,5,0.14827355461936714,0.8412933040980728
1A8LA,16.0,27,6,0.1505662975317222,0.7700662380113301
1A8LA,16.0,27,7,0.08785555194294067,0.9143691979115427
1A8LA,16.0,27,8,0.12745944841540005,0.823284737798248
1A8LA,16.0,27,9,0.19697185159583758,0.6881887608956988
1A8LA,16.0,27,10,0.0581455702337784,0.9551906667392789
1A8LA,16.0,27,11,0.14021633290201815,0.8099120471231956
1A8LA,16.0,27,12,0.16421026105857775,0.6663106044428997
1A8LA,16.0,27,13,0.18731732299473886,0.5962373520341014
1A8LA,16.0,27,14,0.19981768274985684,0.6375582212130046
1A8LA,16.0,27,15,0.18476434595309046,0.7566393510073914
1A8LA,16.0,27,16,0.2495369130295812,0.5158493884541325
1A8LA,16.0,27,17,0.19311606058283412,0.6864683418437032
1A8LA,16.0,27,18,0.13711191372586742,0.7739112740497509
1A8LA,16.0,27,19,0.1701411777718381,0.6745729090571544
1A8LA,16.0,28,0,0.19289618217059748,0.6822556054131094
1A8LA,16.0,28,1,0.21201249322900062,0.6743653133542449
1A8LA,16.0,28,2,0.07805996627753094,0.9199759963306811
1A8LA,16.0,28,3,0.17220246999102634,0.686366354491435
1A8LA,16.0,28,4,0.1148681465422202,0.8545556420091106
1A8LA,16.0,28,5,0.14764383580256354,0.7109177852936175
1A8LA,16.0,28,6,0.1959806135790937,0.6326894949318328
1A8LA,16.0,28,7,0.2145100193230541,0.5731689467731592
1A8LA,16.0,28,8,0.14809396471091157,0.7551666137315038
1A8LA,16.0,28,9,0.1900868340035973,0.5777849779463001
1A8LA,16.0,28,10,0.07921439924981283,0.9484899205647329
1A8LA,16.0,28,11,0.11958300403514469,0.8328158443750023
1A8LA,16.0,28,12,0.14329072448224034,0.7852840464989282
1A8LA,16.0,28,13,0.18174612538008086,0.6323947922617214
1A8LA,16.0,28,14,0.16399022241817243,0.6417565009143311
1A8LA,16.0,28,15,0.17116139918606646,0.7065337459168132
1A8LA,16.0,28,16,0.14801060307800645,0.8064876829163876
1A8LA,16.0,28,17,0.15888209314331506,0.6520717717501537
1A8LA,16.0,28,18,0.03205755983449699,0.9859180364409179
1A8LA,16.0,28,19,0.19751691613316497,0.6207940676590834
1A8LA,16.0,29,0,0.20831402782798625,0.5672914059165673
1A8LA,16.0,29,1,0.17353193269447584,0.5664790934660513
1A8LA,16.0,29,2,0.11486085928396222,0.8387125365295195
1A8LA,16.0,29,3,0.12204222700638938,0.8914942192117808
1A8LA,16.0,29,4,0.09350384676429267,0.8870923843486064
1A8LA,16.0,29,5,0.11632039336665609,0.9198981287989836
1A8LA,16.0,29,6,0.2013483791117826,0.49746860159053236
1A8LA,16.0,29,7,0.1621468672968659,0.7590402557575998
1A8LA,16.0,29,8,0.22097622116035157,0.5860971903365545
1A8LA,16.0,29,9,0.07903913413317665,0.9112741492692997
1A8LA,16.0,29,10,0.09602902749069434,0.9050519120357565
1A8LA,16.0,29,11,0.08997464692310839,0.910030961954043
1A8LA,16.0,29,12,0.21198493071714913,0.6822208876330375
1A8LA,16.0,29,13,0.17798516701872083,0.5708357685026899
1A8LA,16.0,29,14,0.10855845585939865,0.7317941592009969
1A8LA,16.0,29,15,0.12799632081603599,0.7097409221361071
1A8LA,16.0,29,16,0.16736288728198434,0.6883590737953403
1A8LA,16.0,29,17,0.11966033862716362,0.8388933345254094
1A8LA,16.0,29,18,0.24369013988732655,0.6574343420182465
1A8LA,16.0,29,19,0.12145979686211743,0.8641879477347316
1A8LA,16.0,30,0,0.21105645862839256,0.712749424743967
1A8LA,16.0,30,1,0.18687089696386153,0.709895815091901
1A8LA,16.0,30,2,0.13918234553005152,0.7913879271751515
1A8LA,16.0,30,3,0.14486388804228204,0.7570755141425548
1A8LA,16.0,30,4,0.12389214744702576,0.7170060051274675
1A8LA,16.0,30,5,0.11378811468135565,0.7681628463865722
1A8LA,16.0,30,6,0.12519719941347887,0.8044479151697369
1A8LA,16.0,30,7,0.11122430884225856,0.856129354169763
1A8LA,16.0,30,8,0.15858594717137628,0.6417140722101736
1A8LA,16.0,30,9,0.18099812692936051,0.5943576391106572
1A8LA,16.0,30,10,0.14074996996008268,0.7666999729375548
1A8LA,16.0,30,11,0.12761277070315283,0.7747904465944917
1A8LA,16.0,30,12,0.08748226022694862,0.89677547959601
1A8LA,16.0,30,13,0.20498299726729738,0.678829395362077
1A8LA,16.0,30,14,0.051830498273140915,0.9685881122996394
1A8LA,16.0,30,15,0.04500294685373482,0.9731131936626501
1A8LA,16.0,30,16,0.172486937876183,0.6440190763669228
1A8LA,16.0,30,17,0.06788263932764776,0.9338721408884976
1A8LA,16.0,30,18,0.1260299328418104,0.6918110105761291
1A8LA,16.0,30,19,0.083762840625055,0.9305150352199618
1A8LA,16.0,31,0,0.1729387778928031,0.6366573294933128
1A8LA,16.0,31,1,0.1350380258336239,0.8128780234052913
1A8LA,16.0,31,2,0.11207052787646053,0.8299479689573872
1A8LA,16.0,31,3,0.01876435354136264,0.9949029953634794
1A8LA,16.0,31,4,0.1330842129605564,0.659039432370468
1A8LA,16.0,31,5,0.050459225308354484,0.9681142746393
1A8LA,16.0,31,6,0.10274752442763453,0.8924331951001659
1A8LA,16.0,31,7,0.10173148449544482,0.7646298666850225
1A8LA,16.0,31,8,0.10623056356741252,0.9289281436646637
1A8LA,16.0,31,9,0.11788883388100581,0.8677435259409074
1A8LA,16.0,31,10,0.12196072590006855,0.7814074765602184
1A8LA,16.0,31,11,0.05476017679966585,0.8826118413433409
1A8LA,16.0,31,12,0.13438610219013153,0.7991232068689104
1A8LA,16.0,31,13,0.021283470785021328,0.9925024460070869
1A8LA,16.0,31,14,0.08447741891820333,0.9282783271953179
1A8LA,16.0,31,15,0.09986596692349964,0.9254060352984563
1A8LA,16.0,31,16,0.08666991386160161,0.9152355002666398
1A8LA,16.0,31,17,0.20238874476943208,0.6151597911208608
1A8LA,16.0,31,18,0.12582063679317826,0.8983633912658836
1A8LA,16.0,31,19,0.1719254874039147,0.6255440166639269
1A8LA,16.0,32,0,0.14159324936556356,0.6426186428250762
1A8LA,16.0,32,1,0.07244526403657885,0.8966801055411225
1A8LA,16.0,32,2,0.11884383616965748,0.6525305708052401
1A8LA,16.0,32,3,0.12030689897944939,0.8600520920591469
1A8LA,16.0,32,4,0.14297841000788203,0.8163925414301616
1A8LA,16.0,32,5,0.03638147245920425,0.9163991855868153
1A8LA,16.0,32,6,0.13889276516236504,0.770166826924876
1A8LA,16.0,32,7,0.1683987969869565,0.7253708103956902
1A8LA,16.0,32,8,0.0764805597461333,0.8112336696626775
1A8LA,16.0,32,9,0.06481183672057186,0.9351681302074785
1A8LA,16.0,32,10,0.12914580280918747,0.8135804637143994
1A8LA,16.0,32,11,0.1554465399786669,0.6957313112746566
1A8LA,16.0,32,12,0.1107556526019145,0.8397760018002491
1A8LA,16.0,32,13,0.23488214040948932,0.6416223306290422
1A8LA,16.0,32,14,0.1511334485328829,0.7476024071033768
1A8LA,16.0,32,15,0.08199547282346253,0.9367486709869686
1A8LA,16.0,32,16,0.051596245936009894,0.9048901387316038
1A8LA,16.0,32,17,0.11623990919682453,0.7374950502911045
1A8LA,16.0,32,18,0.18673014788619832,0.7098124254839565
1A8LA,16.0,32,19,0.19349101213349512,0.6536751354038945
1A8LA,32.0,0,0,0.0,1.0000000000000002
1A8LA,32.0,0,1,0.0,1.0
1A8LA,32.0,0,2,0.0,1.0000000000000002
1A8LA,32.0,0,3,0.0,1.0
1A8LA,32.0,0,4,0.0,0.9999999999999998
1A8LA,32.0,0,5,0.0,0.9999999999999999
1A8LA,32.0,0,6,0.0,1.0000000000000002
1A8LA,32.0,0,7,0.0,1.0
1A8LA,32.0,0,8,0.0,1.0
1A8LA,32.0,0,9,0.0,1.0000000000000002
1A8LA,32.0,0,10,0.0,1.0
1A8LA,32.0,0,11,0.0,1.0000000000000002
1A8LA,32.0,0,12,0.0,1.0000000000000002
1A8LA,32.0,0,13,0.0,0.9999999999999998
1A8LA,32.0,0,14,0.0,1.0
1A8LA,32.0,0,15,0.0,1.0000000000000002
1A8LA,32.0,0,16,0.0,1.0000000000000002
1A8LA,32.0,0,17,0.0,1.0000000000000002
1A8LA,32.0,0,18,0.0,0.9999999999999999
1A8LA,32.0,0,19,0.0,1.0
1A8LA,32.0,1,0,0.0,1.0000000000000002
1A8LA,32.0,1,1,0.0,1.0000000000000002
1A8LA,32.0,1,2,0.0,1.0
1A8LA,32.0,1,3,0.0,1.0
1A8LA,32.0,1,4,0.0,1.0000000000000002
1A8LA,32.0,1,5,0.0,1.0000000000000002
1A8LA,32.0,1,6,0.0,1.0
1A8LA,32.0,1,7,0.0,1.0000000000000002
1A8LA,32.0,1,8,0.0,0.9999999999999999
1A8LA,32.0,1,9,0.0,1.0000000000000002
1A8LA,32.0,1,10,0.0,1.0000000000000002
1A8LA,32.0,1,11,0.0,1.0
1A8LA,32.0,1,12,0.0,0.9999999999999999
1A8LA,32.0,1,13,0.0,1.0000000000000002
1A8LA,32.0,1,14,0.0,1.0
1A8LA,32.0,1,15,0.0,1.0
1A8LA,32.0,1,16,0.0,1.0
1A8LA,32.0,1,17,0.0,0.9999999999999998
1A8LA,32.0,1,18,0.0,0.9999999999999999
1A8LA,32.0,1,19,0.0,1.0000000000000002
1A8LA,32.0,2,0,0.0,1.0
1A8LA,32.0,2,1,0.0,1.0000000000000002
1A8LA,32.0,2,2,0.0,1.0
1A8LA,32.0,2,3,0.0,0.9999999999999998
1A8LA,32.0,2,4,0.0,1.0
1A8LA,32.0,2,5,0.0,0.9999999999999998
1A8LA,32.0,2,6,0.0,1.0
1A8LA,32.0,2,7,0.0,1.0
1A8LA,32.0,2,8,0.0,0.9999999999999999
1A8LA,32.0,2,9,0.0,1.0
1A8LA,32.0,2,10,0.0,1.0
1A8LA,32.0,2,11,0.0,1.0
1A8LA,32.0,2,12,0.0,0.9999999999999998
1A8LA,32.0,2,13,0.0,0.9999999999999999
1A8LA,32.0,2,14,0.0,0.9999999999999998
1A8LA,32.0,2,15,0.0,1.0
1A8LA,32.0,2,16,0.0,1.0
1A8LA,32.0,2,17,0.0,1.0
1A8LA,32.0,2,18,0.0,0.9999999999999999
1A8LA,32.0,2,19,0.0,1.0
1A8LA,32.0,3,0,0.0,1.0
1A8LA,32.0,3,1,0.0,1.0
1A8LA,32.0,3,2,0.0,0.9999999999999999
1A8LA,32.0,3,3,0.0,1.0000000000000002
1A8LA,32.0,3,4,0.0,0.9999999999999998
1A8LA,32.0,3,5,0.0,1.0
1A8LA,32.0,3,6,0.0,1.0
1A8LA,32.0,3,7,0.0,1.0
1A8LA,32.0,3,8,0.0,1.0000000000000002
1A8LA,32.0,3,9,0.0,1.0
1A8LA,32.0,3,10,0.0,1.0000000000000002
1A8LA,32.0,3,11,0.0,1.0
1A8LA,32.0,3,12,0.0,1.0
1A8LA,32.0,3,13,0.0,1.0
1A8LA,32.0,3,14,0.0,1.0000000000000002
1A8LA,32.0,3,15,0.0,1.0
1A8LA,32.0,3,16,0.0,0.9999999999999998
1A8LA,32.0,3,17,0.0,1.0
1A8LA,32.0,3,18,0.0,1.0
1A8LA,32.0,3,19,0.0,1.0000000000000002
1A8LA,32.0,4,0,0.0,1.0
1A8LA,32.0,4,1,0.0,1.0000000000000002
1A8LA,32.0,4,2,0.0,0.9999999999999998
1A8LA,32.0,4,3,0.0,0.9999999999999999
1A8LA,32.0,4,4,0.0,1.0
1A8LA,32.0,4,5,0.0,1.0
1A8LA,32.0,4,6,0.0,0.9999999999999998
1A8LA,32.0,4,7,0.0,1.0
1A8LA,32.0,4,8,0.0,1.0
1A8LA,32.0,4,9,0.0,1.0
1A8LA,32.0,4,10,0.0,0.9999999999999998
1A8LA,32.0,4,11,0.0,0.9999999999999999
1A8LA,32.0,4,12,0.0,0.9999999999999999
1A8LA,32.0,4,13,0.0,1.0
1A8LA,32.0,4,14,0.0,1.0000000000000002
1A8LA,32.0,4,15,0.0,0.9999999999999999
1A8LA,32.0,4,16,0.0,1.0
1A8LA,32.0,4,17,0.0,0.9999999999999998
1A8LA,32.0,4,18,0.0,1.0000000000000002
1A8LA,32.0,4,19,0.0,1.0
1A8LA,32.0,5,0,0.0,1.0
1A8LA,32.0,5,1,0.0,1.0000000000000002
1A8LA,32.0,5,2,0.0,1.0
1A8LA,32.0,5,3,0.0,1.0
1A8LA,32.0,5,4,0.0,1.0000000000000002
1A8LA,32.0,5,5,0.0,1.0000000000000002
1A8LA,32.0,5,6,0.0,1.0000000000000002
1A8LA,32.0,5,7,0.0,1.0
1A8LA,32.0,5,8,0.0,1.0
1A8LA,32.0,5,9,0.0,1.0
1A8LA,32.0,5,10,0.0,1.0
1A8LA,32.0,5,11,0.0,0.9999999999999999
1A8LA,32.0,5,12,0.0,0.9999999999999999
1A8LA,32.0,5,13,0.0,1.0
1A8LA,32.0,5,14,0.0,1.0
1A8LA,32.0,5,15,0.0,1.0
1A8LA,32.0,5,16,0.0,1.0
1A8LA,32.0,5,17,0.0,1.0
1A8LA,32.0,5,18,0.0,1.0000000000000002
1A8LA,32.0,5,19,0.0,0.9999999999999998
1A8LA,32.0,6,0,0.0,1.0000000000000002
1A8LA,32.0,6,1,0.0,1.0000000000000002
1A8LA,32.0,6,2,0.0,1.0
1A8LA,32.0,6,3,0.0,1.0
1A8LA,32.0,6,4,0.0,1.0
1A8LA,32.0,6,5,0.0,0.9999999999999999
1A8LA,32.0,6,6,0.0,1.0
1A8LA,32.0,6,7,0.0,1.0
1A8LA,32.0,6,8,0.0,1.0
1A8LA,32.0,6,9,0.0,0.9999999999999998
1A8LA,32.0,6,10,0.0,1.0
1A8LA,32.0,6,11,0.0,1.0
1A8LA,32.0,6,12,0.0,0.9999999999999998
1A8LA,32.0,6,13,0.0,1.0
1A8LA,32.0,6,14,0.0,1.0
1A8LA,32.0,6,15,0.0,0.9999999999999998
1A8LA,32.0,6,16,0.0,1.0
1A8LA,32.0,6,17,0.0,1.0
1A8LA,32.0,6,18,0.0,1.0
1A8LA,32.0,6,19,0.0,1.0
1A8LA,32.0,7,0,0.0,1.0
1A8LA,32.0,7,1,0.0,1.0000000000000002
1A8LA,32.0,7,2,0.0,1.0000000000000002
1A8LA,32.0,7,3,0.0,1.0
1A8LA,32.0,7,4,0.0,1.0000000000000002
1A8LA,32.0,7,5,0.0,1.0
1A8LA,32.0,7,6,0.0,1.0
1A8LA,32.0,7,7,0.0,1.0
1A8LA,32.0,7,8,0.0,0.9999999999999999
1A8LA,32.0,7,9,0.0,1.0
1A8LA,32.0,7,10,0.0,1.0
1A8LA,32.0,7,11,0.0,1.0000000000000002
1A8LA,32.0,7,12,0.0,1.0
1A8LA,32.0,7,13,0.0,0.9999999999999999
1A8LA,32.0,7,14,0.0,0.9999999999999998
1A8LA,32.0,7,15,0.0,1.0
1A8LA,32.0,7,16,0.0,1.0000000000000002
1A8LA,32.0,7,17,0.0,1.0
1A8LA,32.0,7,18,0.0,1.0
1A8LA,32.0,7,19,0.0,1.0
1A8LA,32.0,8,0,0.0,0.9999999999999998
1A8LA,32.0,8,1,0.0,1.0
1A8LA,32.0,8,2,0.0,0.9999999999999999
1A8LA,32.0,8,3,0.0,1.0
1A8LA,32.0,8,4,0.0,1.0
1A8LA,32.0,8,5,0.0,0.9999999999999999
1A8LA,32.0,8,6,0.0,1.0
1A8LA,32.0,8,7,0.0,1.0
1A8LA,32.0,8,8,0.0,1.0
1A8LA,32.0,8,9,0.0,1.0
1A8LA,32.0,8,10,0.0,0.9999999999999999
1A8LA,32.0,8,11,0.0,1.0
1A8LA,32.0,8,12,0.0,1.0
1A8LA,32.0,8,13,0.0,1.0
1A8LA,32.0,8,14,0.0,1.0
1A8LA,32.0,8,15,0.0,1.0
1A8LA,32.0,8,16,0.0,1.0000000000000002
1A8LA,32.0,8,17,0.0,1.0
1A8LA,32.0,8,18,0.0,1.0
1A8LA,32.0,8,19,0.0,1.0
1A8LA,32.0,9,0,0.0,0.9999999999999998
1A8LA,32.0,9,1,0.0,1.0
1A8LA,32.0,9,2,0.0,0.9999999999999999
1A8LA,32.0,9,3,0.0,1.0
1A8LA,32.0,9,4,0.0,1.0
1A8LA,32.0,9,5,0.0,0.9999999999999999
1A8LA,32.0,9,6,0.0,1.0000000000000002
1A8LA,32.0,9,7,0.0,1.0
1A8LA,32.0,9,8,0.0,0.9999999999999998
1A8LA,32.0,9,9,0.0,1.0000000000000002
1A8LA,32.0,9,10,0.0,1.0
1A8LA,32.0,9,11,0.0,1.0000000000000002
1A8LA,32.0,9,12,0.0,1.0
1A8LA,32.0,9,13,0.0,1.0000000000000002
1A8LA,32.0,9,14,0.0,0.9999999999999998
1A8LA,32.0,9,15,0.0,1.0000000000000002
1A8LA,32.0,9,16,0.0,1.0000000000000002
1A8LA,32.0,9,17,0.0,1.0000000000000002
1A8LA,32.0,9,18,0.0,1.0
1A8LA,32.0,9,19,0.0,1.0000000000000002
1A8LA,32.0,10,0,0.5189405279276359,0.22036330911024063
1A8LA,32.0,10,1,0.024954985122764492,0.6937845228998384
1A8LA,32.0,10,2,0.05082071991443113,0.5335249127812917
1A8LA,32.0,10,3,0.3729723490567287,0.46174459107414745
1A8LA,32.0,10,4,0.09756523661057924,0.6394626363838098
1A8LA,32.0,10,5,0.6353090248136845,0.255974130138057
1A8LA,32.0,10,6,0.37137340254243295,0.14845339982020261
1A8LA,32.0,10,7,0.0355131955138016,0.49967766173040035
1A8LA,32.0,10,8,0.4298322037383181,0.2546798561328202
1A8LA,32.0,10,9,0.7579603117347684,0.05402785684362846
1A8LA,32.0,10,10,0.17059496056235632,0.2799386155767324
1A8LA,32.0,10,11,0.15141989937747355,0.4387554260195829
1A8LA,32.0,10,12,0.4378581698972416,0.14067895758592003
1A8LA,32.0,10,13,0.03828416118936446,0.6337280873092368
1A8LA,32.0,10,14,0.13359960362446796,0.24047008357988514
1A8LA,32.0,10,15,0.08249531562507344,0.6444125553000913
1A8LA,32.0,10,16,0.23063747144551258,0.2862890109985011
1A8LA,32.0,10,17,0.18191751719335836,0.72416005748565
1A8LA,32.0,10,18,0.44551197407425197,0.27750647944756407
1A8LA,32.0,10,19,0.5879558058742936,0.1847582109120013
1A8LA,32.0,11,0,0.6517821914025065,0.20876990160329975
1A8LA,32.0,11,1,0.5100163952163663,0.2098389373304626
1A8LA,32.0,11,2,0.3351628478962722,0.2993115886718234
1A8LA,32.0,11,3,0.495821823112532,0.3246259562604043
1A8LA,32.0,11,4,0.3632478019547346,0.24611033798608062
1A8LA,32.0,11,5,0.5249420675682194,0.1449406439641051
1A8LA,32.0,11,6,0.35290370264041016,0.26566587021925003
1A8LA,32.0,11,7,0.41254912483765277,0.24823093754836595
1A8LA,32.0,11,8,0.24342173357624564,0.2931539390046801
1A8LA,32.0,11,9,0.6209786349732626,0.24952585387160786
1A8LA,32.0,11,10,0.6832345212215595,0.09870124234677549
1A8LA,32.0,11,11,0.42629422294740066,0.2612450592184524
1A8LA,32.0,11,12,0.5135401758823668,0.24028689326316727
1A8LA,32.0,11,13,0.5792464657641518,0.2379194945046571
1A8LA,32.0,11,14,0.4101321829236442,0.2885579709555793
1A8LA,32.0,11,15,0.2939483065926338,0.3908313802121026
1A8LA,32.0,11,16,0.5350309668708962,0.08819380703559171
1A8LA,32.0,11,17,0.3285543174031744,0.30431779190460184
1A8LA,32.0,11,18,0.7549864888324035,0.061392797281639044
1A8LA,32.0,11,19,0.3536909726425716,0.30439822086488055
1A8LA,32.0,12,0,0.13764261284999646,0.8790077981418631
1A8LA,32.0,12,1,0.47610766812357597,0.18176895066626478
1A8LA,32.0,12,2,0.4787880438541805,0.5415818037370694
1A8LA,32.0,12,3,0.4172994020416577,0.4105019620351414
1A8LA,32.0,12,4,0.2685818731956605,0.3837171241014781
1A8LA,32.0,12,5,0.2658192406664293,0.7809726990854357
1A8LA,32.0,12,6,0.2824473771623053,0.42906735009810426
1A8LA,32.0,12,7,0.23382733992301663,0.47712931466161146
1A8LA,32.0,12,8,0.2740696942239782,0.5071700397972577
1A8LA,32.0,12,9,0.48143266368039445,0.36938471483314167
1A8LA,32.0,12,10,0.44453883680048084,0.4288938994249241
1A8LA,32.0,12,11,0.3712800484623668,0.5450582431494788
1A8LA,32.0,12,12,0.2752589284423284,0.7588494696376976
1A8LA,32.0,12,13,0.41828806552581566,0.48878672539083606
1A8LA,32.0,12,14,0.35065915610717,0.6672984155484212
1A8LA,32.0,12,15,0.45279936948998406,0.45428266481005614
1A8LA,32.0,12,16,0.19818231884652995,0.34534599215129713
1A8LA,32.0,12,17,0.5274596300106511,0.306252745037728
1A8LA,32.0,12,18,0.2809409427560805,0.690714730687686
1A8LA,32.0,12,19,0.3700374743621542,0.3020277133169343
1A8LA,32.0,13,0,0.3017909551747298,0.6339888403795799
1A8LA,32.0,13,1,0.33216746276883324,0.2760192980343484
1A8LA,32.0,13,2,0.4194516332584783,0.43792848457036565
1A8LA,32.0,13,3,0.361170655821941,0.5330622824775765
1A8LA,32.0,13,4,0.35437411401201757,0.5048642035290568
1A8LA,32.0,13,5,0.16550194062829574,0.8685637097822667
1A8LA,32.0,13,6,0.2785391874452514,0.294422695108949
1A8LA,32.0,13,7,0.3864841416219841,0.2913588830653671
1A8LA,32.0,13,8,0.2600928431512715,0.3365513013274267
1A8LA,32.0,13,9,0.1949552725759591,0.8456535354252229
1A8LA,32.0,13,10,0.3984541013804304,0.23756064712492173
1A8LA,32.0,13,11,0.1128663914118354,0.9525237681528358
1A8LA,32.0,13,12,0.3643586349777938,0.28508032603132927
1A8LA,32.0,13,13,0.32693568587998206,0.3289341361502964
1A8LA,32.0,13,14,0.38788888228903873,0.4412980192176753
1A8LA,32.0,13,15,0.35809609819391996,0.3000265913310521
1A8LA,32.0,13,16,0.2846041011133524,0.5088264437441978
1A8LA,32.0,13,17,0.3026346796254658,0.3946174586688778
1A8LA,32.0,13,18,0.2591869736554074,0.6426273216055995
1A8LA,32.0,13,19,0.33639981764823457,0.34080386321839135
1A8LA,32.0,14,0,0.421522809209694,0.35823485969047186
1A8LA,32.0,14,1,0.451741733844485,0.09884912435055072
1A8LA,32.0,14,2,0.3715871660052569,0.35380609400874125
1A8LA,32.0,14,3,0.3021222808229671,0.2381762040903017
1A8LA,32.0,14,4,0.2397492612672038,0.41832526277686494
1A8LA,32.0,14,5,0.12408715435577145,0.9039500690254288
1A8LA,32.0,14,6,0.16837172753679047,0.8711559615960632
1A8LA,32.0,14,7,0.32517374281209815,0.3312770668437199
1A8LA,32.0,14,8,0.4018394542095191,0.2650069095871455
1A8LA,32.0,14,9,0.5172555735696199,0.18339796941264366
1A8LA,32.0,14,10,0.25652812863569074,0.5108762121339498
1A8LA,32.0,14,11,0.23408574073757643,0.3556303940305548
1A8LA,32.0,14,12,0.3749127516406844,0.3828719486524173
1A8LA,32.0,14,13,0.33211903775632223,0.29521081124482174
1A8LA,32.0,14,14,0.2595667241011897,0.6662956093986837
1A8LA,32.0,14,15,0.18069589885824505,0.836489528724788
1A8LA,32.0,14,16,0.2970504324450755,0.7403898564050566
1A8LA,32.0,14,17,0.2941898435130242,0.3422597968823628
1A8LA,32.0,14,18,0.21047660523269468,0.6253930660368673
1A8LA,32.0,14,19,0.24171877192502544,0.5402485133499386
1A8LA,32.0,15,0,0.7219561119231205,0.06913665279887164
1A8LA,32.0,15,1,0.2805630247761192,0.49398312834442676
1A8LA,32.0,15,2,0.3204654916825636,0.25583196017695536
1A8LA,32.0,15,3,0.22613798854745618,0.5669481991943818
1A8LA,32.0,15,4,0.24997841398356377,0.15068966958159818
1A8LA,32.0,15,5,0.26266810570913757,0.39950699825863384
1A8LA,32.0,15,6,0.42352561344438916,0.43695564112469254
1A8LA,32.0,15,7,0.5707191226433571,0.10258938554690537
1A8LA,32.0,15,8,0.30989499107303936,0.29045948277757755
1A8LA,32.0,15,9,0.1727866762164962,0.8568470305260061
1A8LA,32.0,15,10,0.23542855632866974,0.6848363638291657
1A8LA,32.0,15,11,0.6302003796783167,0.17984655815503
1A8LA,32.0,15,12,0.37721735238511794,0.26189567199312946
1A8LA,32.0,15,13,0.36306288464451963,0.3820435457146966
1A8LA,32.0,15,14,0.32178484070355795,0.4015852110729089
1A8LA,32.0,15,15,0.24451784598217216,0.4168953320618065
1A8LA,32.0,15,16,0.2725221573022733,0.3881711645138659
1A8LA,32.0,15,17,0.34867978625150015,0.15991992405296301
1A8LA,32.0,15,18,0.41213367639083753,0.31828843292647835
1A8LA,32.0,15,19,0.37010345698430747,0.16530945511842512
1A8LA,32.0,16,0,0.3315285108951726,0.3930869033362325
1A8LA,32.0,16,1,0.32310510066216425,0.3282696784984316
1A8LA,32.0,16,2,0.3335258424183768,0.27976290077286253
1A8LA,32.0,16,3,0.3269033795179633,0.45909688296869094
1A8LA,32.0,16,4,0.29680648977073326,0.6077979136318956
1A8LA,32.0,16,5,0.22447944563889258,0.31954460796636747
1A8LA,32.0,16,6,0.6667543394256229,0.08684218185056714
1A8LA,32.0,16,7,0.7167573656027754,0.04833557312604685
1A8LA,32.0,16,8,0.3463000440709496,0.36560968248965503
1A8LA,32.0,16,9,0.3279299304194278,0.43159847410955804
1A8LA,32.0,16,10,0.4042920039446572,0.3840959517110436
1A8LA,32.0,16,11,0.6168134379744988,0.11877508625901156
1A8LA,32.0,16,12,0.2690750356110459,0.5414596336080624
1A8LA,32.0,16,13,0.36937492143371065,0.14233898836738249
1A8LA,32.0,16,14,0.41649373322365946,0.21448524361369117
1A8LA,32.0,16,15,0.3561444555783238,0.3224111988979461
1A8LA,32.0,16,16,0.3138835501374489,0.28109914923715906
1A8LA,32.0,16,17,0.3055993335294966,0.40135726921998577
1A8LA,32.0,16,18,0.43759387131049565,0.24070383558657962
1A8LA,32.0,16,19,0.37513703350901667,0.2705811007118582
1A8LA,32.0,17,0,0.32454168826910745,0.5677879843208784
1A8LA,32.0,17,1,0.32273692515707153,0.41469601735074524
1A8LA,32.0,17,2,0.36180349141915386,0.5705845116316058
1A8LA,32.0,17,3,0.27695840973352137,0.36581391421121
1A8LA,32.0,17,4,0.3319881392150796,0.35155477830664594
1A8LA,32.0,17,5,0.38214357198358223,0.21517119723499337
1A8LA,32.0,17,6,0.3900367244380295,0.2059283371407165
1A8LA,32.0,17,7,0.3325815700044645,0.439015668808482
1A8LA,32.0,17,8,0.505260617694266,0.23835981538702564
1A8LA,32.0,17,9,0.35598892156880085,0.2862747297557489
1A8LA,32.0,17,10,0.37264007647910025,0.3823389298649171
1A8LA,32.0,17,11,0.2884370446866052,0.17580401395540102
1A8LA,32.0,17,12,0.29555343652609045,0.3331082366268147
1A8LA,32.0,17,13,0.3367311392707382,0.2843928387239154
1A8LA,32.0,17,14,0.3431526569389501,0.29486919711245285
1A8LA,32.0,17,15,0.4110475580564917,0.2292407285626676
1A8LA,32.0,17,16,0.38531401214379896,0.5257104435488243
1A8LA,32.0,17,17,0.48871480430450115,0.07599091208407223
1A8LA,32.0,17,18,0.5406873854489889,0.14665966469561434
1A8LA,32.0,17,19,0.36034431284837176,0.43516700002381375
1A8LA,32.0,18,0,0.35866541872306945,0.3245544603059059
1A8LA,32.0,18,1,0.43976864093008217,0.23426525249929284
1A8LA,32.0,18,2,0.33323628971226643,0.24676580186112107
1A8LA,32.0,18,3,0.461703614258149,0.1820421813429773
1A8LA,32.0,18,4,0.39830010777006253,0.2332419454414031
1A8LA,32.0,18,5,0.401174567710387,0.473000080548322
1A8LA,32.0,18,6,0.22129635310338336,0.8072777395405843
1A8LA,32.0,18,7,0.3339543671258814,0.29300080509767645
1A8LA,32.0,18,8,0.33547316655688203,0.5009363496732858
1A8LA,32.0,18,9,0.3164261324302782,0.32559960503679813
1A8LA,32.0,18,10,0.351092497353576,0.38567339884337437
1A8LA,32.0,18,11,0.43630529265690393,0.2608436448630817
1A8LA,32.0,18,12,0.3313369285409053,0.3738605781208548
1A8LA,32.0,18,13,0.4598105049754712,0.2205341943287067
1A8LA,32.0,18,14,0.5220555498243064,0.2448001478071265
1A8LA,32.0,18,15,0.38177144587442086,0.27031801688521
1A8LA,32.0,18,16,0.3311923882959859,0.31475387380213726
1A8LA,32.0,18,17,0.3794699803501342,0.24178199338926945
1A8LA,32.0,18,18,0.4292585899089148,0.252909481228894
1A8LA,32.0,18,19,0.3576037986903119,0.20839847028222938
1A8LA,32.0,19,0,0.2991468525574443,0.6370183448500534
1A8LA,32.0,19,1,0.3651586403904847,0.5625034703846636
1A8LA,32.0,19,2,0.4436542433148763,0.22712973575599013
1A8LA,32.0,19,3,0.30436671949956284,0.5684382079440932
1A8LA,32.0,19,4,0.35518446227577727,0.5388327583002174
1A8LA,32.0,19,5,0.5396403300282555,0.10243219621718516
1A8LA,32.0,19,6,0.3275458776943309,0.3018191438374816
1A8LA,32.0,19,7,0.3718207998792564,0.19002896386302767
1A8LA,32.0,19,8,0.3597438795445566,0.23290871402093669
1A8LA,32.0,19,9,0.32590695191064006,0.2550948212056819
1A8LA,32.0,19,10,0.3222055440210118,0.46233480209612954
1A8LA,32.0,19,11,0.40519058807051056,0.20757210082832675
1A8LA,32.0,19,12,0.40709171361189644,0.27060791910601506
1A8LA,32.0,19,13,0.3633154669127771,0.28430759278664786
1A8LA,32.0,19,14,0.2338494136788944,0.8043840476856375
1A8LA,32.0,19,15,0.35892037401412774,0.4125614650397679
1A8LA,32.0,19,16,0.3734831824301381,0.2591951930981575
1A8LA,32.0,19,17,0.2169368243607841,0.691252089940287
1A8LA,32.0,19,18,0.3238841592357745,0.3577273678224325
1A8LA,32.0,19,19,0.32606368563023463,0.2398628485729721
1A8LA,32.0,20,0,0.43205516610752953,0.36312810546065766
1A8LA,32.0,20,1,0.5054984227795002,0.1848618763232592
1A8LA,32.0,20,2,0.33704462103544236,0.3965879352725297
1A8LA,32.0,20,3,0.2583161462349676,0.6771504832299455
1A8LA,32.0,20,4,0.388651435689404,0.41471244899722604
1A8LA,32.0,20,5,0.3509198451041374,0.3944164616790438
1A8LA,32.0,20,6,0.37375035133204937,0.2854509581985518
1A8LA,32.0,20,7,0.428568530493904,0.33200803687216685
1A8LA,32.0,20,8,0.589570793546442,0.06090687322948713
1A8LA,32.0,20,9,0.5307458702536605,0.19251713835020637
1A8LA,32.0,20,10,0.15529992914529464,0.8423170719510621
1A8LA,32.0,20,11,0.5063942704963675,0.1265914533620428
1A8LA,32.0,20,12,0.3954251024161439,0.3377144201471591
1A8LA,32.0,20,13,0.21672404744348578,0.7918386597697956
1A8LA,32.0,20,14,0.3462129036152957,0.28380172150873906
1A8LA,32.0,20,15,0.25668308920579114,0.6998579603202343
1A8LA,32.0,20,16,0.41023130140056424,0.29356117711688096
1A8LA,32.0,20,17,0.34786621625420167,0.28110593221120583
1A8LA,32.0,20,18,0.44539857241384445,0.15158130638937006
1A8LA,32.0,20,19,0.26893871582660656,0.6302214786530079
1A8LA,32.0,21,0,0.4389668174106057,0.4147988479031117
1A8LA,32.0,21,1,0.4391704679122994,0.12294275698735731
1A8LA,32.0,21,2,0.40712795566261567,0.3372791573818126
1A8LA,32.0,21,3,0.43008406022490103,0.16118348802333068
1A8LA,32.0,21,4,0.38750007185499935,0.41041416756251875
1A8LA,32.0,21,5,0.47720594962134383,0.16010636201982725
1A8LA,32.0,21,6,0.3868234995101838,0.2902058914391468
1A8LA,32.0,21,7,0.44095752449296044,0.1512923834428384
1A8LA,32.0,21,8,0.4737914138401531,0.16030100423140128
1A8LA,32.0,21,9,0.4231514818050504,0.27810107863384975
1A8LA,32.0,21,10,0.4378519254805088,0.33166947990812784
1A8LA,32.0,21,11,0.448213734025386,0.2527514645160399
1A8LA,32.0,21,12,0.3601210258656351,0.3072679380060242
1A8LA,32.0,21,13,0.27887105722174155,0.600436427631634
1A8LA,32.0,21,14,0.3036889775725483,0.3526707555385023
1A8LA,32.0,21,15,0.4589299587097994,0.37560059295621845
1A8LA,32.0,21,16,0.40734946902975205,0.22223863702356716
1A8LA,32.0,21,17,0.48592993100866083,0.10226609016671437
1A8LA,32.0,21,18,0.36310595536888574,0.23061895512371264
1A8LA,32.0,21,19,0.35436805549931516,0.34458367732899964
1A8LA,32.0,22,0,0.3865400326675881,0.3565321386450539
1A8LA,32.0,22,1,0.4118967985283709,0.2552759478364826
1A8LA,32.0,22,2,0.4879577578216306,0.13739197422748783
1A8LA,32.0,22,3,0.2613126498314405,0.651743493626783
1A8LA,32.0,22,4,0.39348348705017755,0.4514197045181601
1A8LA,32.0,22,5,0.3264136190661215,0.43923335374454486
1A8LA,32.0,22,6,0.32573043016541203,0.3936610853368552
1A8LA,32.0,22,7,0.46294732273321404,0.15714262955317007
1A8LA,32.0,22,8,0.3536206311424696,0.43223097753426315
1A8LA,32.0,22,9,0.414961307239247,0.19271310289083082
1A8LA,32.0,22,10,0.39990281141504685,0.25519153714807286
1A8LA,32.0,22,11,0.3638862876342705,0.33279107987549833
1A8LA,32.0,22,12,0.36515341018523484,0.3220836297925
1A8LA,32.0,22,13,0.4082737940138444,0.24052208581672804
1A8LA,32.0,22,14,0.4171518890331855,0.2758567367800183
1A8LA,32.0,22,15,0.2713859504383191,0.5349087647843125
1A8LA,32.0,22,16,0.21716046866112648,0.7891384153057558
1A8LA,32.0,22,17,0.6206462307794494,0.1033487927125937
1A8LA,32.0,22,18,0.3672968683757389,0.3392746552160994
1A8LA,32.0,22,19,0.3602731277036506,0.42162725115628563
1A8LA,32.0,23,0,0.2732799792087559,0.6741151367655185
1A8LA,32.0,23,1,0.4313761597516873,0.15918486608495808
1A8LA,32.0,23,2,0.44431363933543977,0.2090753788010875
1A8LA,32.0,23,3,0.3263232100622829,0.5953915286860727
1A8LA,32.0,23,4,0.4602600884900497,0.2122985295015986
1A8LA,32.0,23,5,0.3342984027054698,0.34768575717448275
1A8LA,32.0,23,6,0.35961266977125095,0.2595293978938787
1A8LA,32.0,23,7,0.4304432964190202,0.3125690717511111
1A8LA,32.0,23,8,0.4028261300864963,0.32477158660457633
1A8LA,32.0,23,9,0.396879079919332,0.2750080890587668
1A8LA,32.0,23,10,0.2425353888632112,0.7348720234702929
1A8LA,32.0,23,11,0.33755868463029093,0.4708393951885142
1A8LA,32.0,23,12,0.5035222848901776,0.09716376280486988
1A8LA,32.0,23,13,0.4052805439680403,0.17788080381369364
1A8LA,32.0,23,14,0.3648560613279347,0.3020247488227526
1A8LA,32.0,23,15,0.3419175633686445,0.2576147238436216
1A8LA,32.0,23,16,0.3272795841975507,0.3107788531513621
1A8LA,32.0,23,17,0.4235559430331132,0.15899794731673814
1A8LA,32.0,23,18,0.3577023105116922,0.3790992161011959
1A8LA,32.0,23,19,0.43849174034174926,0.16939162489899431
1A8LA,32.0,24,0,0.5164989184912299,0.18745259252698002
1A8LA,32.0,24,1,0.3094811729886017,0.44872789587312323
1A8LA,32.0,24,2,0.36765574154872516,0.29670909579702387
1A8LA,32.0,24,3,0.4074461729488798,0.2606564100184491
1A8LA,32.0,24,4,0.39205970780304283,0.2677662356053471
1A8LA,32.0,24,5,0.42410835655044066,0.23020865316645042
1A8LA,32.0,24,6,0.23581248357672638,0.7240731882549255
1A8LA,32.0,24,7,0.19673741105343437,0.771304639774862
1A8LA,32.0,24,8,0.3725454598762986,0.36042985628935315
1A8LA,32.0,24,9,0.413548678544105,0.33867429066626487
1A8LA,32.0,24,10,0.43177408098852177,0.19919272032925905
1A8LA,32.0,24,11,0.45902554059609024,0.1480465892111017
1A8LA,32.0,24,12,0.33568863949541605,0.5174426449021587
1A8LA,32.0,24,13,0.4693650363768656,0.18137492403371472
1A8LA,32.0,24,14,0.4095026266998605,0.18898885605085788
1A8LA,32.0,24,15,0.4401814856057703,0.1505547274206843
1A8LA,32.0,24,16,0.36508500010096145,0.28871551098450615
1A8LA,32.0,24,17,0.43971816501163546,0.23226628208276207
1A8LA,32.0,24,18,0.4314813284950582,0.20867161872185364
1A8LA,32.0,24,19,0.5421010137243929,0.1059640191875755
1A8LA,32.0,25,0,0.44246926400868586,0.21440184920960065
1A8LA,32.0,25,1,0.305487621379476,0.36348220711839935
1A8LA,32.0,25,2,0.3833548479389929,0.240075893751335
1A8LA,32.0,25,3,0.36867906884400053,0.29924255098251934
1A8LA,32.0,25,4,0.4703654658890799,0.16388357156771902
1A8LA,32.0,25,5,0.38234530617078716,0.25086130462971756
1A8LA,32.0,25,6,0.34842698538610445,0.2741946687100027
1A8LA,32.0,25,7,0.44103630198542837,0.21392432031987865
1A8LA,32.0,25,8,0.30350932632703204,0.5160945756796687
1A8LA,32.0,25,9,0.4019967624535939,0.2175911250466011
1A8LA,32.0,25,10,0.4054490312907891,0.29539985242476346
1A8LA,32.0,25,11,0.27019070271446327,0.6539970084002252
1A8LA,32.0,25,12,0.47821285993528695,0.1884137361350659
1A8LA,32.0,25,13,0.3787180573330437,0.2977018691862804
1A8LA,32.0,25,14,0.4044283186283436,0.3038740941755273
1A8LA,32.0,25,15,0.41606774410737574,0.22140944108641908
1A8LA,32.0,25,16,0.15319945652203618,0.8427470238955515
1A8LA,32.0,25,17,0.3737759518881264,0.2714854526910846
1A8LA,32.0,25,18,0.4577435457765032,0.14159589041215884
1A8LA,32.0,25,19,0.3939889691688144,0.22098953018907128
1A8LA,32.0,26,0,0.4734028565836952,0.1516848852519524
1A8LA,32.0,26,1,0.3627130597755071,0.3053548102649496
1A8LA,32.0,26,2,0.37569824042693795,0.31614799217657863
1A8LA,32.0,26,3,0.2732851747595042,0.6123680415915479
1A8LA,32.0,26,4,0.18409116453537497,0.8658153177042998
1A8LA,32.0,26,5,0.20190852858865155,0.7739707856241053
1A8LA,32.0,26,6,0.1988212255100105,0.7683969786079405
1A8LA,32.0,26,7,0.37014516276968823,0.2665870537000355
1A8LA,32.0,26,8,0.38931744014030273,0.27671782938811995
1A8LA,32.0,26,9,0.41916602845267664,0.20708010293475382
1A8LA,32.0,26,10,0.3599094776120369,0.4444049107490295
1A8LA,32.0,26,11,0.20749638296960252,0.7199133466405072
1A8LA,32.0,26,12,0.43447408358472467,0.21117579117456767
1A8LA,32.0,26,13,0.4562814901850034,0.20972728407795307
1A8LA,32.0,26,14,0.11403320446905794,0.901125046562983
1A8LA,32.0,26,15,0.33257511808384776,0.24422645390517805
1A8LA,32.0,26,16,0.4756594819543159,0.20963536769515467
1A8LA,32.0,26,17,0.5289012981224205,0.12029015853891584
1A8LA,32.0,26,18,0.35339914638432024,0.28060534023597344
1A8LA,32.0,26,19,0.43035173901883583,0.18497228720346692
1A8LA,32.0,27,0,0.3785184284223313,0.2338348992972826
1A8LA,32.0,27,1,0.2912101260122632,0.5692121010046315
1A8LA,32.0,27,2,0.3689073747454491,0.31935276675379104
1A8LA,32.0,27,3,0.263733971697476,0.62517447957243
1A8LA,32.0,27,4,0.2537500352117688,0.6342018532172146
1A8LA,32.0,27,5,0.34517334038276853,0.530471660619476
1A8LA,32.0,27,6,0.30798901515866867,0.49643359071622206
1A8LA,32.0,27,7,0.17088380291425673,0.8040065553280535
1A8LA,32.0,27,8,0.2594507244408774,0.591630687216573
1A8LA,32.0,27,9,0.4176307060536819,0.21299446906454458
1A8LA,32.0,27,10,0.1947261273964766,0.7819757086533166
1A8LA,32.0,27,11,0.2790038039893682,0.5469337118354604
1A8LA,32.0,27,12,0.31814043219031224,0.40252076003096443
1A8LA,32.0,27,13,0.3337003890697004,0.3685828838837189
1A8LA,32.0,27,14,0.40574308645380924,0.26888954820902977
1A8LA,32.0,27,15,0.45355501541541193,0.17585854919389568
1A8LA,32.0,27,16,0.4492934994356122,0.16075003949695366
1A8LA,32.0,27,17,0.39719485739199883,0.3102471463057281
1A8LA,32.0,27,18,0.3028952141406018,0.4472974877953303
1A8LA,32.0,27,19,0.32798928780721553,0.36265759477643483
1A8LA,32.0,28,0,0.39330293230973645,0.3715351720226156
1A8LA,32.0,28,1,0.4747435605357336,0.16887067401931713
1A8LA,32.0,28,2,0.1846942878284785,0.7692213934374798
1A8LA,32.0,28,3,0.3567183161278802,0.25162893154456084
1A8LA,32.0,28,4,0.30281566096453566,0.5500796878944416
1A8LA,32.0,28,5,0.30112143346709475,0.4134106946377453
1A8LA,32.0,28,6,0.3662896793595826,0.32470932422592
1A8LA,32.0,28,7,0.41522847509412447,0.1983003447721915
1A8LA,32.0,28,8,0.3356300934735064,0.41076728665786866
1A8LA,32.0,28,9,0.35450614066594743,0.29374876193348337
1A8LA,32.0,28,10,0.17600162073116693,0.8467534463548565
1A8LA,32.0,28,11,0.2300518419642046,0.6480101631136934
1A8LA,32.0,28,12,0.3207326915325095,0.47053600341297724
1A8LA,32.0,28,13,0.41026050677952697,0.23592690603068175
1A8LA,32.0,28,14,0.378724794525885,0.33561771340824903
1A8LA,32.0,28,15,0.38332906995853705,0.30756764690622773
1A8LA,32.0,28,16,0.33428866381053074,0.4940498826545362
1A8LA,32.0,28,17,0.3133519092157152,0.3507185174436521
1A8LA,32.0,28,18,0.0550590171010244,0.9762022574681054
1A8LA,32.0,28,19,0.3730626417761925,0.255383416948561
1A8LA,32.0,29,0,0.4070906255221317,0.23381034008042123
1A8LA,32.0,29,1,0.6557500547779082,0.12306473679139575
1A8LA,32.0,29,2,0.25124076173102305,0.5538190262388276
1A8LA,32.0,29,3,0.3317053722296184,0.6144835852622409
1A8LA,32.0,29,4,0.18934968075526837,0.7817962465523833
1A8LA,32.0,29,5,0.34345676626866056,0.6166380297765247
1A8LA,32.0,29,6,0.43044330875186665,0.2560185463423299
1A8LA,32.0,29,7,0.35319143955996174,0.4952160433169743
1A8LA,32.0,29,8,0.419890156812558,0.2562960529637048
1A8LA,32.0,29,9,0.18414568643905932,0.789091926836742
1A8LA,32.0,29,10,0.25612780649316386,0.6841810085469553
1A8LA,32.0,29,11,0.23059503769175,0.7075808602539081
1A8LA,32.0,29,12,0.48959571870328616,0.1775714491032833
1A8LA,32.0,29,13,0.34777736112177937,0.282939558062282
1A8LA,32.0,29,14,0.2650916776432019,0.4619637380855183
1A8LA,32.0,29,15,0.2771000392601475,0.4495693525083637
1A8LA,32.0,29,16,0.4126633098910772,0.29553872860059355
1A8LA,32.0,29,17,0.251254651228195,0.5985357254895362
1A8LA,32.0,29,18,0.6405152037358224,0.1603721842777348
1A8LA,32.0,29,19,0.22456538371918647,0.769027318698612
1A8LA,32.0,30,0,0.5474715809051505,0.20118070304070354
1A8LA,32.0,30,1,0.45156353839580116,0.15567508011794842
1A8LA,32.0,30,2,0.2779007052668138,0.6297462862783509
1A8LA,32.0,30,3,0.30386124201181786,0.487085132764964
1A8LA,32.0,30,4,0.29466109369671567,0.41849652740386584
1A8LA,32.0,30,5,0.3428998501605031,0.4323300474331998
1A8LA,32.0,30,6,0.2565832535537262,0.6597356685309006
1A8LA,32.0,30,7,0.32967560998951495,0.5375416202736654
1A8LA,32.0,30,8,0.3681848391610115,0.3296553546346224
1A8LA,32.0,30,9,0.48263295893146774,0.19253159766298011
1A8LA,32.0,30,10,0.3184257542333025,0.5440396471607997
1A8LA,32.0,30,11,0.2535376850632589,0.6030842501398802
1A8LA,32.0,30,12,0.2557694538815619,0.704958961384466
1A8LA,32.0,30,13,0.5046708987445964,0.2090296220743011
1A8LA,32.0,30,14,0.11281902309534085,0.9430076259831828
1A8LA,32.0,30,15,0.09450566031611421,0.9565623723438661
1A8LA,32.0,30,16,0.3563893402082906,0.32333456206503475
1A8LA,32.0,30,17,0.15725861668270102,0.8689798763061718
1A8LA,32.0,30,18,0.30488721158219045,0.3917526207724083
1A8LA,32.0,30,19,0.25153351987588507,0.7049963479187744
1A8LA,32.0,31,0,0.5508314669751516,0.2539314677874456
1A8LA,32.0,31,1,0.41825283768654425,0.3937920738506013
1A8LA,32.0,31,2,0.49213077970311636,0.3795040983498139
1A8LA,32.0,31,3,0.032863316884982806,0.9937359494540875
1A8LA,32.0,31,4,0.4368960730994052,0.23902865909560883
1A8LA,32.0,31,5,0.13091303802298887,0.9454892969041987
1A8LA,32.0,31,6,0.30476624081633774,0.672826207735941
1A8LA,32.0,31,7,0.28736973690298034,0.49271319075343395
1A8LA,32.0,31,8,0.4229054472036108,0.6697551976530322
1A8LA,32.0,31,9,0.2872861322325893,0.7062766791296142
1A8LA,32.0,31,10,0.2748415118948849,0.551165031153161
1A8LA,32.0,31,11,0.12318310666694385,0.7337619085260095
1A8LA,32.0,31,12,0.35394051199299886,0.45868554447752075
1A8LA,32.0,31,13,0.04496501475395664,0.985609264553999
1A8LA,32.0,31,14,0.25520448209852026,0.8426021620650229
1A8LA,32.0,31,15,0.29798470011545086,0.8267212881965739
1A8LA,32.0,31,16,0.23478437470914396,0.7641930172631517
1A8LA,32.0,31,17,0.5502966566767646,0.19581582331889122
1A8LA,32.0,31,18,0.5012441869821088,0.6037090759850497
1A8LA,32.0,31,19,0.4005800679157525,0.2702213436128604
1A8LA,32.0,32,0,0.33242861792293793,0.3484790845203685
1A8LA,32.0,32,1,0.18471946561234112,0.7695586355646087
1A8LA,32.0,32,2,0.3275547504607927,0.37316465908215346
1A8LA,32.0,32,3,0.36629856317519427,0.556561620110776
1A8LA,32.0,32,4,0.41063376678656427,0.48882307323805174
1A8LA,32.0,32,5,0.1539244538148305,0.7478208696718621
1A8LA,32.0,32,6,0.36298479561779357,0.4125576759900634
1A8LA,32.0,32,7,0.37045354171576134,0.4748379695527695
1A8LA,32.0,32,8,0.24487768933477422,0.6114440119836011
1A8LA,32.0,32,9,0.21880985722324783,0.8006568417296536
1A8LA,32.0,32,10,0.3838197498662417,0.528825741439294
1A8LA,32.0,32,11,0.3620245616736951,0.3408946457742212
1A8LA,32.0,32,12,0.31110187138174783,0.4901413271795778
1A8LA,32.0,32,13,0.6298591063059271,0.1717356549041941
1A8LA,32.0,32,14,0.4625763251269527,0.4262112608695431
1A8LA,32.0,32,15,0.26512092333220805,0.7573458422772966
1A8LA,32.0,32,16,0.11461763760943085,0.7844545815665354
1A8LA,32.0,32,17,0.23595559055034926,0.5268460430268581
1A8LA,32.0,32,18,0.48877482959031265,0.31970908886815697
1A8LA,32.0,32,19,0.4997328262088743,0.150012149621024
1ATGA,0.0,0,0,0.0,1.0
1ATGA,0.0,0,1,0.0,1.0
1ATGA,0.0,0,2,0.0,1.0
1ATGA,0.0,0,3,0.0,1.0
1ATGA,0.0,0,4,0.0,1.0
1ATGA,0.0,0,5,0.0,1.0
1ATGA,0.0,0,6,0.0,1.0
1ATGA,0.0,0,7,0.0,1.0
1ATGA,0.0,0,8,0.0,1.0
1ATGA,0.0,0,9,0.0,1.0
1ATGA,0.0,0,10,0.0,1.0
1ATGA,0.0,0,11,0.0,1.0
1ATGA,0.0,0,12,0.0,1.0
1ATGA,0.0,0,13,0.0,1.0
1ATGA,0.0,0,14,0.0,1.0
1ATGA,0.0,0,15,0.0,1.0
1ATGA,0.0,0,16,0.0,1.0
1ATGA,0.0,0,17,0.0,1.0
1ATGA,0.0,0,18,0.0,1.0
1ATGA,0.0,0,19,0.0,1.0
1ATGA,0.0,1,0,0.0,1.0
1ATGA,0.0,1,1,0.0,1.0
1ATGA,0.0,1,2,0.0,1.0
1ATGA,0.0,1,3,0.0,1.0
1ATGA,0.0,1,4,0.0,1.0
1ATGA,0.0,1,5,0.0,1.0
1ATGA,0.0,1,6,0.0,1.0
1ATGA,0.0,1,7,0.0,1.0
1ATGA,0.0,1,8,0.0,1.0
1ATGA,0.0,1,9,0.0,1.0
1ATGA,0.0,1,10,0.0,1.0
1ATGA,0.0,1,11,0.0,1.0
1ATGA,0.0,1,12,0.0,1.0
1ATGA,0.0,1,13,0.0,1.0
1ATGA,0.0,1,14,0.0,1.0
1ATGA,0.0,1,15,0.0,1.0
1ATGA,0.0,1,16,0.0,1.0
1ATGA,0.0,1,17,0.0,1.0
1ATGA,0.0,1,18,0.0,1.0
1ATGA,0.0,1,19,0.0,1.0
1ATGA,0.0,2,0,0.0,1.0
1ATGA,0.0,2,1,0.0,1.0
1ATGA,0.0,2,2,0.0,1.0
1ATGA,0.0,2,3,0.0,1.0
1ATGA,0.0,2,4,0.0,1.0
1ATGA,0.0,2,5,0.0,1.0
1ATGA,0.0,2,6,0.0,1.0
1ATGA,0.0,2,7,0.0,1.0
1ATGA,0.0,2,8,0.0,1.0
1ATGA,0.0,2,9,0.0,1.0
1ATGA,0.0,2,10,0.0,1.0
1ATGA,0.0,2,11,0.0,1.0
1ATGA,0.0,2,12,0.0,1.0
1ATGA,0.0,2,13,0.0,1.0
1ATGA,0.0,2,14,0.0,1.0
1ATGA,0.0,2,15,0.0,1.0
1ATGA,0.0,2,16,0.0,1.0
1ATGA,0.0,2,17,0.0,1.0
1ATGA,0.0,2,18,0.0,1.0
1ATGA,0.0,2,19,0.0,1.0
1ATGA,0.0,3,0,0.0,1.0
1ATGA,0.0,3,1,0.0,1.0
1ATGA,0.0,3,2,0.0,1.0
1ATGA,0.0,3,3,0.0,1.0
1ATGA,0.0,3,4,0.0,1.0
1ATGA,0.0,3,5,0.0,1.0
1ATGA,0.0,3,6,0.0,1.0
1ATGA,0.0,3,7,0.0,1.0
1ATGA,0.0,3,8,0.0,1.0
1ATGA,0.0,3,9,0.0,1.0
1ATGA,0.0,3,10,0.0,1.0
1ATGA,0.0,3,11,0.0,1.0
1ATGA,0.0,3,12,0.0,1.0
1ATGA,0.0,3,13,0.0,1.0
1ATGA,0.0,3,14,0.0,1.0
1ATGA,0.0,3,15,0.0,1.0
1ATGA,0.0,3,16,0.0,1.0
1ATGA,0.0,3,17,0.0,1.0
1ATGA,0.0,3,18,0.0,1.0
1ATGA,0.0,3,19,0.0,1.0
1ATGA,0.0,4,0,0.0,1.0
1ATGA,0.0,4,1,0.0,1.0
1ATGA,0.0,4,2,0.0,1.0
1ATGA,0.0,4,3,0.0,1.0
1ATGA,0.0,4,4,0.0,1.0
1ATGA,0.0,4,5,0.0,1.0
1ATGA,0.0,4,6,0.0,1.0
1ATGA,0.0,4,7,0.0,1.0
1ATGA,0.0,4,8,0.0,1.0
1ATGA,0.0,4,9,0.0,1.0
1ATGA,0.0,4,10,0.0,1.0
1ATGA,0.0,4,11,0.0,1.0
1ATGA,0.0,4,12,0.0,1.0
1ATGA,0.0,4,13,0.0,1.0
1ATGA,0.0,4,14,0.0,1.0
1ATGA,0.0,4,15,0.0,1.0
1ATGA,0.0,4,16,0.0,1.0
1ATGA,0.0,4,17,0.0,1.0
1ATGA,0.0,4,18,0.0,1.0
1ATGA,0.0,4,19,0.0,1.0
1ATGA,0.0,5,0,0.0,1.0
1ATGA,0.0,5,1,0.0,1.0
1ATGA,0.0,5,2,0.0,1.0
1ATGA,0.0,5,3,0.0,1.0
1ATGA,0.0,5,4,0.0,1.0
1ATGA,0.0,5,5,0.0,1.0
1ATGA,0.0,5,6,0.0,1.0
1ATGA,0.0,5,7,0.0,1.0
1ATGA,0.0,5,8,0.0,1.0
1ATGA,0.0,5,9,0.0,1.0
1ATGA,0.0,5,10,0.0,1.0
1ATGA,0.0,5,11,0.0,1.0
1ATGA,0.0,5,12,0.0,1.0
1ATGA,0.0,5,13,0.0,1.0
1ATGA,0.0,5,14,0.0,1.0
1ATGA,0.0,5,15,0.0,1.0
1ATGA,0.0,5,16,0.0,1.0
1ATGA,0.0,5,17,0.0,1.0
1ATGA,0.0,5,18,0.0,1.0
1ATGA,0.0,5,19,0.0,1.0
1ATGA,0.0,6,0,0.0,1.0
1ATGA,0.0,6,1,0.0,1.0
1ATGA,0.0,6,2,0.0,1.0
1ATGA,0.0,6,3,0.0,1.0
1ATGA,0.0,6,4,0.0,1.0
1ATGA,0.0,6,5,0.0,1.0
1ATGA,0.0,6,6,0.0,1.0
1ATGA,0.0,6,7,0.0,1.0
1ATGA,0.0,6,8,0.0,1.0
1ATGA,0.0,6,9,0.0,1.0
1ATGA,0.0,6,10,0.0,1.0
1ATGA,0.0,6,11,0.0,1.0
1ATGA,0.0,6,12,0.0,1.0
1ATGA,0.0,6,13,0.0,1.0
1ATGA,0.0,6,14,0.0,1.0
1ATGA,0.0,6,15,0.0,1.0
1ATGA,0.0,6,16,0.0,1.0
1ATGA,0.0,6,17,0.0,1.0
1ATGA,0.0,6,18,0.0,1.0
1ATGA,0.0,6,19,0.0,1.0
1ATGA,0.0,7,0,0.0,1.0
1ATGA,0.0,7,1,0.0,1.0
1ATGA,0.0,7,2,0.0,1.0
1ATGA,0.0,7,3,0.0,1.0
1ATGA,0.0,7,4,0.0,1.0
1ATGA,0.0,7,5,0.0,1.0
1ATGA,0.0,7,6,0.0,1.0
1ATGA,0.0,7,7,0.0,1.0
1ATGA,0.0,7,8,0.0,1.0
1ATGA,0.0,7,9,0.0,1.0
1ATGA,0.0,7,10,0.0,1.0
1ATGA,0.0,7,11,0.0,1.0
1ATGA,0.0,7,12,0.0,1.0
1ATGA,0.0,7,13,0.0,1.0
1ATGA,0.0,7,14,0.0,1.0
1ATGA,0.0,7,15,0.0,1.0
1ATGA,0.0,7,16,0.0,1.0
1ATGA,0.0,7,17,0.0,1.0
1ATGA,0.0,7,18,0.0,1.0
1ATGA,0.0,7,19,0.0,1.0
1ATGA,0.0,8,0,0.0,1.0
1ATGA,0.0,8,1,0.0,1.0
1ATGA,0.0,8,2,0.0,1.0
1ATGA,0.0,8,3,0.0,1.0
1ATGA,0.0,8,4,0.0,1.0
1ATGA,0.0,8,5,0.0,1.0
1ATGA,0.0,8,6,0.0,1.0
1ATGA,0.0,8,7,0.0,1.0
1ATGA,0.0,8,8,0.0,1.0
1ATGA,0.0,8,9,0.0,1.0
1ATGA,0.0,8,10,0.0,1.0
1ATGA,0.0,8,11,0.0,1.0
1ATGA,0.0,8,12,0.0,1.0
1ATGA,0.0,8,13,0.0,1.0
1ATGA,0.0,8,14,0.0,1.0
1ATGA,0.0,8,15,0.0,1.0
1ATGA,0.0,8,16,0.0,1.0
1ATGA,0.0,8,17,0.0,1.0
1ATGA,0.0,8,18,0.0,1.0
1ATGA,0.0,8,19,0.0,1.0
1ATGA,0.0,9,0,0.0,1.0
1ATGA,0.0,9,1,0.0,1.0
1ATGA,0.0,9,2,0.0,1.0
1ATGA,0.0,9,3,0.0,1.0
1ATGA,0.0,9,4,0.0,1.0
1ATGA,0.0,9,5,0.0,1.0
1ATGA,0.0,9,6,0.0,1.0
1ATGA,0.0,9,7,0.0,1.0
1ATGA,0.0,9,8,0.0,1.0
1ATGA,0.0,9,9,0.0,1.0
1ATGA,0.0,9,10,0.0,1.0
1ATGA,0.0,9,11,0.0,1.0
1ATGA,0.0,9,12,0.0,1.0
1ATGA,0.0,9,13,0.0,1.0
1ATGA,0.0,9,14,0.0,1.0
1ATGA,0.0,9,15,0.0,1.0
1ATGA,0.0,9,16,0.0,1.0
1ATGA,0.0,9,17,0.0,1.0
1ATGA,0.0,9,18,0.0,1.0
1ATGA,0.0,9,19,0.0,1.0
1ATGA,0.0,10,0,0.0,1.0
1ATGA,0.0,10,1,0.0,1.0
1ATGA,0.0,10,2,0.0,1.0
1ATGA,0.0,10,3,0.0,1.0
1ATGA,0.0,10,4,0.0,1.0
1ATGA,0.0,10,5,0.0,1.0
1ATGA,0.0,10,6,0.0,1.0
1ATGA,0.0,10,7,0.0,1.0
1ATGA,0.0,10,8,0.0,1.0
1ATGA,0.0,10,9,0.0,1.0
1ATGA,0.0,10,10,0.0,1.0
1ATGA,0.0,10,11,0.0,1.0
1ATGA,0.0,10,12,0.0,1.0
1ATGA,0.0,10,13,0.0,1.0
1ATGA,0.0,10,14,0.0,1.0
1ATGA,0.0,10,15,0.0,1.0
1ATGA,0.0,10,16,0.0,1.0
1ATGA,0.0,10,17,0.0,1.0
1ATGA,0.0,10,18,0.0,1.0
1ATGA,0.0,10,19,0.0,1.0
1ATGA,0.0,11,0,0.0,1.0
1ATGA,0.0,11,1,0.0,1.0
1ATGA,0.0,11,2,0.0,1.0
1ATGA,0.0,11,3,0.0,1.0
1ATGA,0.0,11,4,0.0,1.0
1ATGA,0.0,11,5,0.0,1.0
1ATGA,0.0,11,6,0.0,1.0
1ATGA,0.0,11,7,0.0,1.0
1ATGA,0.0,11,8,0.0,1.0
1ATGA,0.0,11,9,0.0,1.0
1ATGA,0.0,11,10,0.0,1.0
1ATGA,0.0,11,11,0.0,1.0
1ATGA,0.0,11,12,0.0,1.0
1ATGA,0.0,11,13,0.0,1.0
1ATGA,0.0,11,14,0.0,1.0
1ATGA,0.0,11,15,0.0,1.0
1ATGA,0.0,11,16,0.0,1.0
1ATGA,0.0,11,17,0.0,1.0
1ATGA,0.0,11,18,0.0,1.0
1ATGA,0.0,11,19,0.0,1.0
1ATGA,0.0,12,0,0.0,1.0
1ATGA,0.0,12,1,0.0,1.0
1ATGA,0.0,12,2,0.0,1.0
1ATGA,0.0,12,3,0.0,1.0
1ATGA,0.0,12,4,0.0,1.0
1ATGA,0.0,12,5,0.0,1.0
1ATGA,0.0,12,6,0.0,1.0
1ATGA,0.0,12,7,0.0,1.0
1ATGA,0.0,12,8,0.0,1.0
1ATGA,0.0,12,9,0.0,1.0
1ATGA,0.0,12,10,0.0,1.0
1ATGA,0.0,12,11,0.0,1.0
1ATGA,0.0,12,12,0.0,1.0
1ATGA,0.0,12,13,0.0,1.0
1ATGA,0.0,12,14,0.0,1.0
1ATGA,0.0,12,15,0.0,1.0
1ATGA,0.0,12,16,0.0,1.0
1ATGA,0.0,12,17,0.0,1.0
1ATGA,0.0,12,18,0.0,1.0
1ATGA,0.0,12,19,0.0,1.0
1ATGA,0.0,13,0,0.0,1.0
1ATGA,0.0,13,1,0.0,1.0
1ATGA,0.0,13,2,0.0,1.0
1ATGA,0.0,13,3,0.0,1.0
1ATGA,0.0,13,4,0.0,1.0
1ATGA,0.0,13,5,0.0,1.0
1ATGA,0.0,13,6,0.0,1.0
1ATGA,0.0,13,7,0.0,1.0
1ATGA,0.0,13,8,0.0,1.0
1ATGA,0.0,13,9,0.0,1.0
1ATGA,0.0,13,10,0.0,1.0
1ATGA,0.0,13,11,0.0,1.0
1ATGA,0.0,13,12,0.0,1.0
1ATGA,0.0,13,13,0.0,1.0
1ATGA,0.0,13,14,0.0,1.0
1ATGA,0.0,13,15,0.0,1.0
1ATGA,0.0,13,16,0.0,1.0
1ATGA,0.0,13,17,0.0,1.0
1ATGA,0.0,13,18,0.0,1.0
1ATGA,0.0,13,19,0.0,1.0
1ATGA,0.0,14,0,0.0,1.0
1ATGA,0.0,14,1,0.0,1.0
1ATGA,0.0,14,2,0.0,1.0
1ATGA,0.0,14,3,0.0,1.0
1ATGA,0.0,14,4,0.0,1.0
1ATGA,0.0,14,5,0.0,1.0
1ATGA,0.0,14,6,0.0,1.0
1ATGA,0.0,14,7,0.0,1.0
1ATGA,0.0,14,8,0.0,1.0
1ATGA,0.0,14,9,0.0,1.0
1ATGA,0.0,14,10,0.0,1.0
1ATGA,0.0,14,11,0.0,1.0
1ATGA,0.0,14,12,0.0,1.0
1ATGA,0.0,14,13,0.0,1.0
1ATGA,0.0,14,14,0.0,1.0
1ATGA,0.0,14,15,0.0,1.0
1ATGA,0.0,14,16,0.0,1.0
1ATGA,0.0,14,17,0.0,1.0
1ATGA,0.0,14,18,0.0,1.0
1ATGA,0.0,14,19,0.0,1.0
1ATGA,0.0,15,0,0.0,1.0
1ATGA,0.0,15,1,0.0,1.0
1ATGA,0.0,15,2,0.0,1.0
1ATGA,0.0,15,3,0.0,1.0
1ATGA,0.0,15,4,0.0,1.0
1ATGA,0.0,15,5,0.0,1.0
1ATGA,0.0,15,6,0.0,1.0
1ATGA,0.0,15,7,0.0,1.0
1ATGA,0.0,15,8,0.0,1.0
1ATGA,0.0,15,9,0.0,1.0
1ATGA,0.0,15,10,0.0,1.0
1ATGA,0.0,15,11,0.0,1.0
1ATGA,0.0,15,12,0.0,1.0
1ATGA,0.0,15,13,0.0,1.0
1ATGA,0.0,15,14,0.0,1.0
1ATGA,0.0,15,15,0.0,1.0
1ATGA,0.0,15,16,0.0,1.0
1ATGA,0.0,15,17,0.0,1.0
1ATGA,0.0,15,18,0.0,1.0
1ATGA,0.0,15,19,0.0,1.0
1ATGA,0.0,16,0,0.0,1.0
1ATGA,0.0,16,1,0.0,1.0
1ATGA,0.0,16,2,0.0,1.0
1ATGA,0.0,16,3,0.0,1.0
1ATGA,0.0,16,4,0.0,1.0
1ATGA,0.0,16,5,0.0,1.0
1ATGA,0.0,16,6,0.0,1.0
1ATGA,0.0,16,7,0.0,1.0
1ATGA,0.0,16,8,0.0,1.0
1ATGA,0.0,16,9,0.0,1.0
1ATGA,0.0,16,10,0.0,1.0
1ATGA,0.0,16,11,0.0,1.0
1ATGA,0.0,16,12,0.0,1.0
1ATGA,0.0,16,13,0.0,1.0
1ATGA,0.0,16,14,0.0,1.0
1ATGA,0.0,16,15,0.0,1.0
1ATGA,0.0,16,16,0.0,1.0
1ATGA,0.0,16,17,0.0,1.0
1ATGA,0.0,16,18,0.0,1.0
1ATGA,0.0,16,19,0.0,1.0
1ATGA,0.0,17,0,0.0,1.0
1ATGA,0.0,17,1,0.0,1.0
1ATGA,0.0,17,2,0.0,1.0
1ATGA,0.0,17,3,0.0,1.0
1ATGA,0.0,17,4,0.0,1.0
1ATGA,0.0,17,5,0.0,1.0
1ATGA,0.0,17,6,0.0,1.0
1ATGA,0.0,17,7,0.0,1.0
1ATGA,0.0,17,8,0.0,1.0
1ATGA,0.0,17,9,0.0,1.0
1ATGA,0.0,17,10,0.0,1.0
1ATGA,0.0,17,11,0.0,1.0
1ATGA,0.0,17,12,0.0,1.0
1ATGA,0.0,17,13,0.0,1.0
1ATGA,0.0,17,14,0.0,1.0
1ATGA,0.0,17,15,0.0,1.0
1ATGA,0.0,17,16,0.0,1.0
1ATGA,0.0,17,17,0.0,1.0
1ATGA,0.0,17,18,0.0,1.0
1ATGA,0.0,17,19,0.0,1.0
1ATGA,0.0,18,0,0.0,1.0
1ATGA,0.0,18,1,0.0,1.0
1ATGA,0.0,18,2,0.0,1.0
1ATGA,0.0,18,3,0.0,1.0
1ATGA,0.0,18,4,0.0,1.0
1ATGA,0.0,18,5,0.0,1.0
1ATGA,0.0,18,6,0.0,1.0
1ATGA,0.0,18,7,0.0,1.0
1ATGA,0.0,18,8,0.0,1.0
1ATGA,0.0,18,9,0.0,1.0
1ATGA,0.0,18,10,0.0,1.0
1ATGA,0.0,18,11,0.0,1.0
1ATGA,0.0,18,12,0.0,1.0
1ATGA,0.0,18,13,0.0,1.0
1ATGA,0.0,18,14,0.0,1.0
1ATGA,0.0,18,15,0.0,1.0
1ATGA,0.0,18,16,0.0,1.0
1ATGA,0.0,18,17,0.0,1.0
1ATGA,0.0,18,18,0.0,1.0
1ATGA,0.0,18,19,0.0,1.0
1ATGA,0.0,19,0,0.0,1.0
1ATGA,0.0,19,1,0.0,1.0
1ATGA,0.0,19,2,0.0,1.0
1ATGA,0.0,19,3,0.0,1.0
1ATGA,0.0,19,4,0.0,1.0
1ATGA,0.0,19,5,0.0,1.0
1ATGA,0.0,19,6,0.0,1.0
1ATGA,0.0,19,7,0.0,1.0
1ATGA,0.0,19,8,0.0,1.0
1ATGA,0.0,19,9,0.0,1.0
1ATGA,0.0,19,10,0.0,1.0
1ATGA,0.0,19,11,0.0,1.0
1ATGA,0.0,19,12,0.0,1.0
1ATGA,0.0,19,13,0.0,1.0
1ATGA,0.0,19,14,0.0,1.0
1ATGA,0.0,19,15,0.0,1.0
1ATGA,0.0,19,16,0.0,1.0
1ATGA,0.0,19,17,0.0,1.0
1ATGA,0.0,19,18,0.0,1.0
1ATGA,0.0,19,19,0.0,1.0
1ATGA,0.0,20,0,0.0,1.0
1ATGA,0.0,20,1,0.0,1.0
1ATGA,0.0,20,2,0.0,1.0
1ATGA,0.0,20,3,0.0,1.0
1ATGA,0.0,20,4,0.0,1.0
1ATGA,0.0,20,5,0.0,1.0
1ATGA,0.0,20,6,0.0,1.0
1ATGA,0.0,20,7,0.0,1.0
1ATGA,0.0,20,8,0.0,1.0
1ATGA,0.0,20,9,0.0,1.0
1ATGA,0.0,20,10,0.0,1.0
1ATGA,0.0,20,11,0.0,1.0
1ATGA,0.0,20,12,0.0,1.0
1ATGA,0.0,20,13,0.0,1.0
1ATGA,0.0,20,14,0.0,1.0
1ATGA,0.0,20,15,0.0,1.0
1ATGA,0.0,20,16,0.0,1.0
1ATGA,0.0,20,17,0.0,1.0
1ATGA,0.0,20,18,0.0,1.0
1ATGA,0.0,20,19,0.0,1.0
1ATGA,0.0,21,0,0.0,1.0
1ATGA,0.0,21,1,0.0,1.0
1ATGA,0.0,21,2,0.0,1.0
1ATGA,0.0,21,3,0.0,1.0
1ATGA,0.0,21,4,0.0,1.0
1ATGA,0.0,21,5,0.0,1.0
1ATGA,0.0,21,6,0.0,1.0
1ATGA,0.0,21,7,0.0,1.0
1ATGA,0.0,21,8,0.0,1.0
1ATGA,0.0,21,9,0.0,1.0
1ATGA,0.0,21,10,0.0,1.0
1ATGA,0.0,21,11,0.0,1.0
1ATGA,0.0,21,12,0.0,1.0
1ATGA,0.0,21,13,0.0,1.0
1ATGA,0.0,21,14,0.0,1.0
1ATGA,0.0,21,15,0.0,1.0
1ATGA,0.0,21,16,0.0,1.0
1ATGA,0.0,21,17,0.0,1.0
1ATGA,0.0,21,18,0.0,1.0
1ATGA,0.0,21,19,0.0,1.0
1ATGA,0.0,22,0,0.0,1.0
1ATGA,0.0,22,1,0.0,1.0
1ATGA,0.0,22,2,0.0,1.0
1ATGA,0.0,22,3,0.0,1.0
1ATGA,0.0,22,4,0.0,1.0
1ATGA,0.0,22,5,0.0,1.0
1ATGA,0.0,22,6,0.0,1.0
1ATGA,0.0,22,7,0.0,1.0
1ATGA,0.0,22,8,0.0,1.0
1ATGA,0.0,22,9,0.0,1.0
1ATGA,0.0,22,10,0.0,1.0
1ATGA,0.0,22,11,0.0,1.0
1ATGA,0.0,22,12,0.0,1.0
1ATGA,0.0,22,13,0.0,1.0
1ATGA,0.0,22,14,0.0,1.0
1ATGA,0.0,22,15,0.0,1.0
1ATGA,0.0,22,16,0.0,1.0
1ATGA,0.0,22,17,0.0,1.0
1ATGA,0.0,22,18,0.0,1.0
1ATGA,0.0,22,19,0.0,1.0
1ATGA,0.0,23,0,0.0,1.0
1ATGA,0.0,23,1,0.0,1.0
1ATGA,0.0,23,2,0.0,1.0
1ATGA,0.0,23,3,0.0,1.0
1ATGA,0.0,23,4,0.0,1.0
1ATGA,0.0,23,5,0.0,1.0
1ATGA,0.0,23,6,0.0,1.0
1ATGA,0.0,23,7,0.0,1.0
1ATGA,0.0,23,8,0.0,1.0
1ATGA,0.0,23,9,0.0,1.0
1ATGA,0.0,23,10,0.0,1.0
1ATGA,0.0,23,11,0.0,1.0
1ATGA,0.0,23,12,0.0,1.0
1ATGA,0.0,23,13,0.0,1.0
1ATGA,0.0,23,14,0.0,1.0
1ATGA,0.0,23,15,0.0,1.0
1ATGA,0.0,23,16,0.0,1.0
1ATGA,0.0,23,17,0.0,1.0
1ATGA,0.0,23,18,0.0,1.0
1ATGA,0.0,23,19,0.0,1.0
1ATGA,0.0,24,0,0.0,1.0
1ATGA,0.0,24,1,0.0,1.0
1ATGA,0.0,24,2,0.0,1.0
1ATGA,0.0,24,3,0.0,1.0
1ATGA,0.0,24,4,0.0,1.0
1ATGA,0.0,24,5,0.0,1.0
1ATGA,0.0,24,6,0.0,1.0
1ATGA,0.0,24,7,0.0,1.0
1ATGA,0.0,24,8,0.0,1.0
1ATGA,0.0,24,9,0.0,1.0
1ATGA,0.0,24,10,0.0,1.0
1ATGA,0.0,24,11,0.0,1.0
1ATGA,0.0,24,12,0.0,1.0
1ATGA,0.0,24,13,0.0,1.0
1ATGA,0.0,24,14,0.0,1.0
1ATGA,0.0,24,15,0.0,1.0
1ATGA,0.0,24,16,0.0,1.0
1ATGA,0.0,24,17,0.0,1.0
1ATGA,0.0,24,18,0.0,1.0
1ATGA,0.0,24,19,0.0,1.0
1ATGA,0.0,25,0,0.0,1.0
1ATGA,0.0,25,1,0.0,1.0
1ATGA,0.0,25,2,0.0,1.0
1ATGA,0.0,25,3,0.0,1.0
1ATGA,0.0,25,4,0.0,1.0
1ATGA,0.0,25,5,0.0,1.0
1ATGA,0.0,25,6,0.0,1.0
1ATGA,0.0,25,7,0.0,1.0
1ATGA,0.0,25,8,0.0,1.0
1ATGA,0.0,25,9,0.0,1.0
1ATGA,0.0,25,10,0.0,1.0
1ATGA,0.0,25,11,0.0,1.0
1ATGA,0.0,25,12,0.0,1.0
1ATGA,0.0,25,13,0.0,1.0
1ATGA,0.0,25,14,0.0,1.0
1ATGA,0.0,25,15,0.0,1.0
1ATGA,0.0,25,16,0.0,1.0
1ATGA,0.0,25,17,0.0,1.0
1ATGA,0.0,25,18,0.0,1.0
1ATGA,0.0,25,19,0.0,1.0
1ATGA,0.0,26,0,0.0,1.0
1ATGA,0.0,26,1,0.0,1.0
1ATGA,0.0,26,2,0.0,1.0
1ATGA,0.0,26,3,0.0,1.0
1ATGA,0.0,26,4,0.0,1.0
1ATGA,0.0,26,5,0.0,1.0
1ATGA,0.0,26,6,0.0,1.0
1ATGA,0.0,26,7,0.0,1.0
1ATGA,0.0,26,8,0.0,1.0
1ATGA,0.0,26,9,0.0,1.0
1ATGA,0.0,26,10,0.0,1.0
1ATGA,0.0,26,11,0.0,1.0
1ATGA,0.0,26,12,0.0,1.0
1ATGA,0.0,26,13,0.0,1.0
1ATGA,0.0,26,14,0.0,1.0
1ATGA,0.0,26,15,0.0,1.0
1ATGA,0.0,26,16,0.0,1.0
1ATGA,0.0,26,17,0.0,1.0
1ATGA,0.0,26,18,0.0,1.0
1ATGA,0.0,26,19,0.0,1.0
1ATGA,0.0,27,0,0.0,1.0
1ATGA,0.0,27,1,0.0,1.0
1ATGA,0.0,27,2,0.0,1.0
1ATGA,0.0,27,3,0.0,1.0
1ATGA,0.0,27,4,0.0,1.0
1ATGA,0.0,27,5,0.0,1.0
1ATGA,0.0,27,6,0.0,1.0
1ATGA,0.0,27,7,0.0,1.0
1ATGA,0.0,27,8,0.0,1.0
1ATGA,0.0,27,9,0.0,1.0
1ATGA,0.0,27,10,0.0,1.0
1ATGA,0.0,27,11,0.0,1.0
1ATGA,0.0,27,12,0.0,1.0
1ATGA,0.0,27,13,0.0,1.0
1ATGA,0.0,27,14,0.0,1.0
1ATGA,0.0,27,15,0.0,1.0
1ATGA,0.0,27,16,0.0,1.0
1ATGA,0.0,27,17,0.0,1.0
1ATGA,0.0,27,18,0.0,1.0
1ATGA,0.0,27,19,0.0,1.0
1ATGA,0.0,28,0,0.0,1.0
1ATGA,0.0,28,1,0.0,1.0
1ATGA,0.0,28,2,0.0,1.0
1ATGA,0.0,28,3,0.0,1.0
1ATGA,0.0,28,4,0.0,1.0
1ATGA,0.0,28,5,0.0,1.0
1ATGA,0.0,28,6,0.0,1.0
1ATGA,0.0,28,7,0.0,1.0
1ATGA,0.0,28,8,0.0,1.0
1ATGA,0.0,28,9,0.0,1.0
1ATGA,0.0,28,10,0.0,1.0
1ATGA,0.0,28,11,0.0,1.0
1ATGA,0.0,28,12,0.0,1.0
1ATGA,0.0,28,13,0.0,1.0
1ATGA,0.0,28,14,0.0,1.0
1ATGA,0.0,28,15,0.0,1.0
1ATGA,0.0,28,16,0.0,1.0
1ATGA,0.0,28,17,0.0,1.0
1ATGA,0.0,28,18,0.0,1.0
1ATGA,0.0,28,19,0.0,1.0
1ATGA,0.0,29,0,0.0,1.0
1ATGA,0.0,29,1,0.0,1.0
1ATGA,0.0,29,2,0.0,1.0
1ATGA,0.0,29,3,0.0,1.0
1ATGA,0.0,29,4,0.0,1.0
1ATGA,0.0,29,5,0.0,1.0
1ATGA,0.0,29,6,0.0,1.0
1ATGA,0.0,29,7,0.0,1.0
1ATGA,0.0,29,8,0.0,1.0
1ATGA,0.0,29,9,0.0,1.0
1ATGA,0.0,29,10,0.0,1.0
1ATGA,0.0,29,11,0.0,1.0
1ATGA,0.0,29,12,0.0,1.0
1ATGA,0.0,29,13,0.0,1.0
1ATGA,0.0,29,14,0.0,1.0
1ATGA,0.0,29,15,0.0,1.0
1ATGA,0.0,29,16,0.0,1.0
1ATGA,0.0,29,17,0.0,1.0
1ATGA,0.0,29,18,0.0,1.0
1ATGA,0.0,29,19,0.0,1.0
1ATGA,0.0,30,0,0.0,1.0
1ATGA,0.0,30,1,0.0,1.0
1ATGA,0.0,30,2,0.0,1.0
1ATGA,0.0,30,3,0.0,1.0
1ATGA,0.0,30,4,0.0,1.0
1ATGA,0.0,30,5,0.0,1.0
1ATGA,0.0,30,6,0.0,1.0
1ATGA,0.0,30,7,0.0,1.0
1ATGA,0.0,30,8,0.0,1.0
1ATGA,0.0,30,9,0.0,1.0
1ATGA,0.0,30,10,0.0,1.0
1ATGA,0.0,30,11,0.0,1.0
1ATGA,0.0,30,12,0.0,1.0
1ATGA,0.0,30,13,0.0,1.0
1ATGA,0.0,30,14,0.0,1.0
1ATGA,0.0,30,15,0.0,1.0
1ATGA,0.0,30,16,0.0,1.0
1ATGA,0.0,30,17,0.0,1.0
1ATGA,0.0,30,18,0.0,1.0
1ATGA,0.0,30,19,0.0,1.0
1ATGA,0.0,31,0,0.0,1.0
1ATGA,0.0,31,1,0.0,1.0
1ATGA,0.0,31,2,0.0,1.0
1ATGA,0.0,31,3,0.0,1.0
1ATGA,0.0,31,4,0.0,1.0
1ATGA,0.0,31,5,0.0,1.0
1ATGA,0.0,31,6,0.0,1.0
1ATGA,0.0,31,7,0.0,1.0
1ATGA,0.0,31,8,0.0,1.0
1ATGA,0.0,31,9,0.0,1.0
1ATGA,0.0,31,10,0.0,1.0
1ATGA,0.0,31,11,0.0,1.0
1ATGA,0.0,31,12,0.0,1.0
1ATGA,0.0,31,13,0.0,1.0
1ATGA,0.0,31,14,0.0,1.0
1ATGA,0.0,31,15,0.0,1.0
1ATGA,0.0,31,16,0.0,1.0
1ATGA,0.0,31,17,0.0,1.0
1ATGA,0.0,31,18,0.0,1.0
1ATGA,0.0,31,19,0.0,1.0
1ATGA,0.0,32,0,0.0,1.0
1ATGA,0.0,32,1,0.0,1.0
1ATGA,0.0,32,2,0.0,1.0
1ATGA,0.0,32,3,0.0,1.0
1ATGA,0.0,32,4,0.0,1.0
1ATGA,0.0,32,5,0.0,1.0
1ATGA,0.0,32,6,0.0,1.0
1ATGA,0.0,32,7,0.0,1.0
1ATGA,0.0,32,8,0.0,1.0
1ATGA,0.0,32,9,0.0,1.0
1ATGA,0.0,32,10,0.0,1.0
1ATGA,0.0,32,11,0.0,1.0
1ATGA,0.0,32,12,0.0,1.0
1ATGA,0.0,32,13,0.0,1.0
1ATGA,0.0,32,14,0.0,1.0
1ATGA,0.0,32,15,0.0,1.0
1ATGA,0.0,32,16,0.0,1.0
1ATGA,0.0,32,17,0.0,1.0
1ATGA,0.0,32,18,0.0,1.0
1ATGA,0.0,32,19,0.0,1.0
1ATGA,0.5,0,0,0.0,1.0
1ATGA,0.5,0,1,0.0,1.0000000000000002
1ATGA,0.5,0,2,0.0,0.9999999999999998
1ATGA,0.5,0,3,0.0,1.0
1ATGA,0.5,0,4,0.0,0.9999999999999998
1ATGA,0.5,0,5,0.0,0.9999999999999999
1ATGA,0.5,0,6,0.0,1.0
1ATGA,0.5,0,7,0.0,1.0
1ATGA,0.5,0,8,0.0,0.9999999999999999
1ATGA,0.5,0,9,0.0,0.9999999999999999
1ATGA,0.5,0,10,0.0,0.9999999999999998
1ATGA,0.5,0,11,0.0,0.9999999999999999
1ATGA,0.5,0,12,0.0,0.9999999999999999
1ATGA,0.5,0,13,0.0,1.0000000000000002
1ATGA,0.5,0,14,0.0,0.9999999999999999
1ATGA,0.5,0,15,0.0,1.0
1ATGA,0.5,0,16,0.0,1.0000000000000002
1ATGA,0.5,0,17,0.0,1.0000000000000002
1ATGA,0.5,0,18,0.0,1.0000000000000002
1ATGA,0.5,0,19,0.0,0.9999999999999998
1ATGA,0.5,1,0,0.0,0.9999999999999998
1ATGA,0.5,1,1,0.0,1.0
1ATGA,0.5,1,2,0.0,1.0
1ATGA,0.5,1,3,0.0,1.0
1ATGA,0.5,1,4,0.0,1.0000000000000002
1ATGA,0.5,1,5,0.0,0.9999999999999999
1ATGA,0.5,1,6,0.0,1.0
1ATGA,0.5,1,7,0.0,0.9999999999999999
1ATGA,0.5,1,8,0.0,1.0000000000000002
1ATGA,0.5,1,9,0.0,1.0
1ATGA,0.5,1,10,0.0,1.0000000000000002
1ATGA,0.5,1,11,0.0,0.9999999999999999
1ATGA,0.5,1,12,0.0,1.0
1ATGA,0.5,1,13,0.0,1.0
1ATGA,0.5,1,14,0.0,0.9999999999999998
1ATGA,0.5,1,15,0.0,0.9999999999999999
1ATGA,0.5,1,16,0.0,0.9999999999999998
1ATGA,0.5,1,17,0.0,1.0
1ATGA,0.5,1,18,0.0,0.9999999999999999
1ATGA,0.5,1,19,0.0,0.9999999999999999
1ATGA,0.5,2,0,0.0,0.9999999999999999
1ATGA,0.5,2,1,0.0,1.0
1ATGA,0.5,2,2,0.0,0.9999999999999999
1ATGA,0.5,2,3,0.0,1.0000000000000002
1ATGA,0.5,2,4,0.0,1.0
1ATGA,0.5,2,5,0.0,1.0000000000000002
1ATGA,0.5,2,6,0.0,1.0
1ATGA,0.5,2,7,0.0,1.0
1ATGA,0.5,2,8,0.0,0.9999999999999999
1ATGA,0.5,2,9,0.0,1.0
1ATGA,0.5,2,10,0.0,1.0
1ATGA,0.5,2,11,0.0,1.0000000000000002
1ATGA,0.5,2,12,0.0,1.0
1ATGA,0.5,2,13,0.0,1.0
1ATGA,0.5,2,14,0.0,1.0
1ATGA,0.5,2,15,0.0,1.0
1ATGA,0.5,2,16,0.0,0.9999999999999998
1ATGA,0.5,2,17,0.0,1.0000000000000002
1ATGA,0.5,2,18,0.0,1.0000000000000002
1ATGA,0.5,2,19,0.0,1.0
1ATGA,0.5,3,0,0.0,1.0000000000000002
1ATGA,0.5,3,1,0.0,0.9999999999999999
1ATGA,0.5,3,2,0.0,1.0000000000000002
1ATGA,0.5,3,3,0.0,1.0
1ATGA,0.5,3,4,0.0,1.0000000000000002
1ATGA,0.5,3,5,0.0,0.9999999999999999
1ATGA,0.5,3,6,0.0,0.9999999999999998
1ATGA,0.5,3,7,0.0,1.0000000000000002
1ATGA,0.5,3,8,0.0,1.0
1ATGA,0.5,3,9,0.0,1.0000000000000002
1ATGA,0.5,3,10,0.0,1.0
1ATGA,0.5,3,11,0.0,1.0
1ATGA,0.5,3,12,0.0,1.0000000000000002
1ATGA,0.5,3,13,0.0,0.9999999999999998
1ATGA,0.5,3,14,0.0,1.0
1ATGA,0.5,3,15,0.0,0.9999999999999999
1ATGA,0.5,3,16,0.0,1.0
1ATGA,0.5,3,17,0.0,1.0000000000000002
1ATGA,0.5,3,18,0.0,1.0
1ATGA,0.5,3,19,0.0,1.0000000000000002
1ATGA,0.5,4,0,0.0,1.0
1ATGA,0.5,4,1,0.0,1.0000000000000002
1ATGA,0.5,4,2,0.0,1.0
1ATGA,0.5,4,3,0.0,1.0000000000000002
1ATGA,0.5,4,4,0.0,1.0
1ATGA,0.5,4,5,0.0,1.0
1ATGA,0.5,4,6,0.0,1.0
1ATGA,0.5,4,7,0.0,1.0000000000000002
1ATGA,0.5,4,8,0.0,0.9999999999999999
1ATGA,0.5,4,9,0.0,1.0
1ATGA,0.5,4,10,0.0,1.0
1ATGA,0.5,4,11,0.0,1.0
1ATGA,0.5,4,12,0.0,0.9999999999999998
1ATGA,0.5,4,13,0.0,1.0
1ATGA,0.5,4,14,0.0,1.0000000000000002
1ATGA,0.5,4,15,0.0,1.0
1ATGA,0.5,4,16,0.0,0.9999999999999998
1ATGA,0.5,4,17,0.0,0.9999999999999998
1ATGA,0.5,4,18,0.0,1.0
1ATGA,0.5,4,19,0.0,1.0
1ATGA,0.5,5,0,0.0,1.0000000000000002
1ATGA,0.5,5,1,0.0,1.0000000000000002
1ATGA,0.5,5,2,0.0,1.0
1ATGA,0.5,5,3,0.0,1.0
1ATGA,0.5,5,4,0.0,1.0
1ATGA,0.5,5,5,0.0,1.0
1ATGA,0.5,5,6,0.0,1.0000000000000002
1ATGA,0.5,5,7,0.0,0.9999999999999999
1ATGA,0.5,5,8,0.0,1.0
1ATGA,0.5,5,9,0.0,0.9999999999999998
1ATGA,0.5,5,10,0.0,1.0000000000000002
1ATGA,0.5,5,11,0.0,0.9999999999999998
1ATGA,0.5,5,12,0.0,1.0
1ATGA,0.5,5,13,0.0,0.9999999999999999
1ATGA,0.5,5,14,0.0,1.0
1ATGA,0.5,5,15,0.0,1.0
1ATGA,0.5,5,16,0.0,1.0
1ATGA,0.5,5,17,0.0,0.9999999999999999
1ATGA,0.5,5,18,0.0,1.0
1ATGA,0.5,5,19,0.0,0.9999999999999998
1ATGA,0.5,6,0,0.0,1.0000000000000002
1ATGA,0.5,6,1,0.0,1.0
1ATGA,0.5,6,2,0.0,1.0
1ATGA,0.5,6,3,0.0,1.0
1ATGA,0.5,6,4,0.0,1.0000000000000002
1ATGA,0.5,6,5,0.0,0.9999999999999999
1ATGA,0.5,6,6,0.0,0.9999999999999998
1ATGA,0.5,6,7,0.0,0.9999999999999999
1ATGA,0.5,6,8,0.0,1.0
1ATGA,0.5,6,9,0.0,1.0
1ATGA,0.5,6,10,0.0,1.0000000000000002
1ATGA,0.5,6,11,0.0,1.0
1ATGA,0.5,6,12,0.0,1.0000000000000002
1ATGA,0.5,6,13,0.0,1.0
1ATGA,0.5,6,14,0.0,1.0
1ATGA,0.5,6,15,0.0,1.0000000000000002
1ATGA,0.5,6,16,0.0,1.0000000000000002
1ATGA,0.5,6,17,0.0,1.0
1ATGA,0.5,6,18,0.0,1.0000000000000002
1ATGA,0.5,6,19,0.0,1.0
1ATGA,0.5,7,0,0.0,1.0000000000000002
1ATGA,0.5,7,1,0.0,1.0000000000000002
1ATGA,0.5,7,2,0.0,1.0
1ATGA,0.5,7,3,0.0,0.9999999999999999
1ATGA,0.5,7,4,0.0,1.0
1ATGA,0.5,7,5,0.0,1.0
1ATGA,0.5,7,6,0.0,1.0000000000000002
1ATGA,0.5,7,7,0.0,0.9999999999999999
1ATGA,0.5,7,8,0.0,1.0000000000000002
1ATGA,0.5,7,9,0.0,1.0
1ATGA,0.5,7,10,0.0,0.9999999999999998
1ATGA,0.5,7,11,0.0,1.0000000000000002
1ATGA,0.5,7,12,0.0,1.0000000000000002
1ATGA,0.5,7,13,0.0,0.9999999999999999
1ATGA,0.5,7,14,0.0,1.0000000000000002
1ATGA,0.5,7,15,0.0,1.0000000000000002
1ATGA,0.5,7,16,0.0,0.9999999999999998
1ATGA,0.5,7,17,0.0,1.0
1ATGA,0.5,7,18,0.0,1.0
1ATGA,0.5,7,19,0.0,0.9999999999999999
1ATGA,0.5,8,0,0.0,1.0
1ATGA,0.5,8,1,0.0,0.9999999999999999
1ATGA,0.5,8,2,0.0,0.9999999999999998
1ATGA,0.5,8,3,0.0,1.0000000000000002
1ATGA,0.5,8,4,0.0,1.0
1ATGA,0.5,8,5,0.0,1.0
1ATGA,0.5,8,6,0.0,0.9999999999999999
1ATGA,0.5,8,7,0.0,1.0
1ATGA,0.5,8,8,0.0,1.0000000000000002
1ATGA,0.5,8,9,0.0,0.9999999999999999
1ATGA,0.5,8,10,0.0,0.9999999999999998
1ATGA,0.5,8,11,0.0,1.0
1ATGA,0.5,8,12,0.0,1.0
1ATGA,0.5,8,13,0.0,0.9999999999999999
1ATGA,0.5,8,14,0.0,1.0
1ATGA,0.5,8,15,0.0,1.0000000000000002
1ATGA,0.5,8,16,0.0,1.0000000000000002
1ATGA,0.5,8,17,0.0,1.0
1ATGA,0.5,8,18,0.0,1.0
1ATGA,0.5,8,19,0.0,1.0000000000000002
1ATGA,0.5,9,0,0.0,1.0
1ATGA,0.5,9,1,0.0,0.9999999999999998
1ATGA,0.5,9,2,0.0,1.0
1ATGA,0.5,9,3,0.0,1.0
1ATGA,0.5,9,4,0.0,1.0000000000000002
1ATGA,0.5,9,5,0.0,0.9999999999999999
1ATGA,0.5,9,6,0.0,1.0
1ATGA,0.5,9,7,0.0,1.0
1ATGA,0.5,9,8,0.0,0.9999999999999998
1ATGA,0.5,9,9,0.0,1.0
1ATGA,0.5,9,10,0.0,1.0
1ATGA,0.5,9,11,0.0,1.0
1ATGA,0.5,9,12,0.0,1.0
1ATGA,0.5,9,13,0.0,1.0
1ATGA,0.5,9,14,0.0,1.0000000000000002
1ATGA,0.5,9,15,0.0,1.0000000000000002
1ATGA,0.5,9,16,0.0,1.0
1ATGA,0.5,9,17,0.0,1.0
1ATGA,0.5,9,18,0.0,1.0
1ATGA,0.5,9,19,0.0,1.0
1ATGA,0.5,10,0,0.013686833907965502,0.9821597539705513
1ATGA,0.5,10,1,0.00041305890916438717,0.9982334175946161
1ATGA,0.5,10,2,0.009143049272727709,0.9713703566836068
1ATGA,0.5,10,3,0.000767304169361459,0.9990383371847843
1ATGA,0.5,10,4,0.0019824255025588933,0.9869716666546582
1ATGA,0.5,10,5,0.0004687204395935195,0.9997545941363558
1ATGA,0.5,10,6,0.004372778619237655,0.9827281730676695
1ATGA,0.5,10,7,0.0005400592301505238,0.9960396070317958
1ATGA,0.5,10,8,0.0036306709164591125,0.9851140397907691
1ATGA,0.5,10,9,0.1510982420473356,0.8681132536782364
1ATGA,0.5,10,10,0.0006198399399195687,0.997078641398191
1ATGA,0.5,10,11,0.008233081665962864,0.9701079383525011
1ATGA,0.5,10,12,0.019107723032985444,0.977217685707724
1ATGA,0.5,10,13,0.0034184885354912203,0.97148219357279
1ATGA,0.5,10,14,0.011877004570973713,0.9781072209228087
1ATGA,0.5,10,15,0.00220689408740046,0.9906192504346959
1ATGA,0.5,10,16,0.0178196639455054,0.9551179320360522
1ATGA,0.5,10,17,0.0005037681938815146,0.9994215295473401
1ATGA,0.5,10,18,0.0008571643388915637,0.9921565247145752
1ATGA,0.5,10,19,0.004963220620664677,0.9870704002403495
1ATGA,0.5,11,0,0.004715071816426602,0.9942998193753038
1ATGA,0.5,11,1,0.0062100031507545585,0.9906895260602967
1ATGA,0.5,11,2,0.003968425540534374,0.9921699469656056
1ATGA,0.5,11,3,0.005915385868643143,0.9946482973375796
1ATGA,0.5,11,4,0.005912430838613904,0.9981180853350964
1ATGA,0.5,11,5,0.0050665429988062645,0.9963754810652732
1ATGA,0.5,11,6,0.0026821213071721545,0.9951501544660716
1ATGA,0.5,11,7,0.007974137623023129,0.9821444992599531
1ATGA,0.5,11,8,0.003114675637548783,0.9975478609172749
1ATGA,0.5,11,9,0.003455739858826887,0.9956433521583365
1ATGA,0.5,11,10,0.0027991077149540355,0.9931706352560579
1ATGA,0.5,11,11,0.0025520241812001525,0.9943376114286618
1ATGA,0.5,11,12,0.004022738734303374,0.9928770069595245
1ATGA,0.5,11,13,0.0060155714178834535,0.9890020030895845
1ATGA,0.5,11,14,0.009036993688827854,0.9947792345360228
1ATGA,0.5,11,15,0.0037397962593811443,0.9928532213654704
1ATGA,0.5,11,16,0.003326931908252187,0.9975547869654878
1ATGA,0.5,11,17,0.006606165592951778,0.9890869877671269
1ATGA,0.5,11,18,0.007254351877758557,0.9877684815488952
1ATGA,0.5,11,19,0.0032812170736752967,0.9921661197662153
1ATGA,0.5,12,0,0.0002903685353634993,0.9997496138499529
1ATGA,0.5,12,1,0.0017886923445680329,0.9980295473390057
1ATGA,0.5,12,2,0.0013029674560881613,0.9991057114897323
1ATGA,0.5,12,3,0.0011441928853841202,0.9986764020808787
1ATGA,0.5,12,4,0.0011421190247591997,0.9979351492515453
1ATGA,0.5,12,5,0.0007579544877267883,0.9997136267881801
1ATGA,0.5,12,6,0.0014018588781559659,0.9978981578347795
1ATGA,0.5,12,7,0.0039886708750924565,0.994909621714348
1ATGA,0.5,12,8,0.000988846612806427,0.9990851291842846
1ATGA,0.5,12,9,0.0020341695052670623,0.9968618586001888
1ATGA,0.5,12,10,0.0011884181653125643,0.9992377474671911
1ATGA,0.5,12,11,0.000961349114024139,0.9984049773613903
1ATGA,0.5,12,12,0.0007895320211486821,0.9995396164329646
1ATGA,0.5,12,13,0.0019195005684041317,0.9963319999375289
1ATGA,0.5,12,14,0.0010804580684112837,0.9978472714863353
1ATGA,0.5,12,15,0.0014964616396959496,0.9986824645763283
1ATGA,0.5,12,16,0.0010473686729548788,0.9977638251050279
1ATGA,0.5,12,17,0.0020608553687018853,0.9974652298393885
1ATGA,0.5,12,18,0.0005947100194956975,0.9996340124464528
1ATGA,0.5,12,19,0.0011126084987453332,0.9989339905674173
1ATGA,0.5,13,0,0.0007691534877659902,0.9990926845653865
1ATGA,0.5,13,1,0.0007437112194059036,0.9993270598999279
1ATGA,0.5,13,2,0.0008686167086399865,0.9990004916362698
1ATGA,0.5,13,3,0.0008627613496135677,0.9993169047909868
1ATGA,0.5,13,4,0.0004816315707550274,0.9995057556967342
1ATGA,0.5,13,5,0.0004517105913620874,0.9997345388456471
1ATGA,0.5,13,6,0.0008706949969570308,0.998409314138634
1ATGA,0.5,13,7,0.0009530026752712803,0.9996082837433723
1ATGA,0.5,13,8,0.0007714645870996454,0.9996711644283736
1ATGA,0.5,13,9,0.00026514672598426653,0.9998924831110705
1ATGA,0.5,13,10,0.0006150785799717073,0.9991239970274115
1ATGA,0.5,13,11,0.000265778752321077,0.9998930497087525
1ATGA,0.5,13,12,0.0009982111491102866,0.9979572193122633
1ATGA,0.5,13,13,0.0007753384763134967,0.996423005265125
1ATGA,0.5,13,14,0.0006859047537099315,0.9995325517043446
1ATGA,0.5,13,15,0.0012849230885364161,0.9990158881674037
1ATGA,0.5,13,16,0.0011362961042325835,0.998185492698321
1ATGA,0.5,13,17,0.0010678958354925576,0.9988538071681702
1ATGA,0.5,13,18,0.0010528715905524788,0.9989259215643262
1ATGA,0.5,13,19,0.000530718974266726,0.9998137660222512
1ATGA,0.5,14,0,0.0005880268718888522,0.9993767197223634
1ATGA,0.5,14,1,0.0006378537875068553,0.9996466794864122
1ATGA,0.5,14,2,0.0005011277644934976,0.9993720376249683
1ATGA,0.5,14,3,0.0005715151366230919,0.9990012217413402
1ATGA,0.5,14,4,0.0005200253156873435,0.9980745817080698
1ATGA,0.5,14,5,0.0003268273392198252,0.9997682249772758
1ATGA,0.5,14,6,0.0003159150982501804,0.9998360536110125
1ATGA,0.5,14,7,0.0005744587100772653,0.999015344836849
1ATGA,0.5,14,8,0.000761883615052907,0.9978684230634636
1ATGA,0.5,14,9,0.00047916843971341805,0.9998065153927841
1ATGA,0.5,14,10,0.0005252308225370518,0.9989849132989587
1ATGA,0.5,14,11,0.0005445317741326935,0.9992075287937322
1ATGA,0.5,14,12,0.0006211335999513202,0.999279965430413
1ATGA,0.5,14,13,0.0006370649797123229,0.998999905604815
1ATGA,0.5,14,14,0.0004088051212121023,0.99951805897878
1ATGA,0.5,14,15,0.00031579927252288383,0.9997741314842157
1ATGA,0.5,14,16,0.0008268529058273713,0.9973035132356708
1ATGA,0.5,14,17,0.0006552744076002307,0.998476499368423
1ATGA,0.5,14,18,0.0006529683193174725,0.9985584331056433
1ATGA,0.5,14,19,0.0007000237087108798,0.9985087876483195
1ATGA,0.5,15,0,0.0006907791860256259,0.9966056574816542
1ATGA,0.5,15,1,0.0007036209311622545,0.9982243501713136
1ATGA,0.5,15,2,0.0005209950938835538,0.9993289489583767
1ATGA,0.5,15,3,0.0005405098931688073,0.9992591455025122
1ATGA,0.5,15,4,0.0005726405628092882,0.9987654555002108
1ATGA,0.5,15,5,0.0005831793011522957,0.9982477100951065
1ATGA,0.5,15,6,0.0005724910066153702,0.9994518606510475
1ATGA,0.5,15,7,0.0009144529487683368,0.9982461168588068
1ATGA,0.5,15,8,0.0005862118157986503,0.9989114061280356
1ATGA,0.5,15,9,0.00025482026726154585,0.9998616948532388
1ATGA,0.5,15,10,0.0003420626185495635,0.9995651852724545
1ATGA,0.5,15,11,0.0008686195707725575,0.997045787666441
1ATGA,0.5,15,12,0.0006346925299411566,0.9988624982208891
1ATGA,0.5,15,13,0.0005721420807115415,0.9992936234119906
1ATGA,0.5,15,14,0.0005105201229450195,0.9994677073041737
1ATGA,0.5,15,15,0.0005422719849782614,0.9985606632726876
1ATGA,0.5,15,16,0.0007292194925460398,0.9990176594221996
1ATGA,0.5,15,17,0.0005460790161033394,0.9984307757152214
1ATGA,0.5,15,18,0.0004638146833944668,0.9993476802295953
1ATGA,0.5,15,19,0.0005769957725879654,0.9985279873835344
1ATGA,0.5,16,0,0.0005821749331744455,0.9989906618745805
1ATGA,0.5,16,1,0.0005896430094088082,0.9994804933442446
1ATGA,0.5,16,2,0.0006986262013114026,0.9984242586967829
1ATGA,0.5,16,3,0.0004561294661762803,0.9993782426713775
1ATGA,0.5,16,4,0.0006563279947119572,0.9983558122042445
1ATGA,0.5,16,5,0.0005451953670709541,0.9986960622224498
1ATGA,0.5,16,6,0.0007361381671076098,0.9978936438192498
1ATGA,0.5,16,7,0.000886071477386403,0.9992742347173545
1ATGA,0.5,16,8,0.00046686973813115425,0.9993198421656275
1ATGA,0.5,16,9,0.0004848102187659176,0.9994567850888045
1ATGA,0.5,16,10,0.0004326655369653926,0.999506446283998
1ATGA,0.5,16,11,0.00045659279127319803,0.9989806256561425
1ATGA,0.5,16,12,0.00044196288767903516,0.9994149958753933
1ATGA,0.5,16,13,0.0005327895957989694,0.9993067060716367
1ATGA,0.5,16,14,0.0007050296041088489,0.9982218720967725
1ATGA,0.5,16,15,0.0004368545325125432,0.9994827878988073
1ATGA,0.5,16,16,0.0007548939024964478,0.9979717899229948
1ATGA,0.5,16,17,0.0005161971137346468,0.999295167699721
1ATGA,0.5,16,18,0.0006835726580546862,0.9986694127602348
1ATGA,0.5,16,19,0.0004239005116508373,0.9995193499256989
1ATGA,0.5,17,0,0.000435012540196933,0.9995610736034477
1ATGA,0.5,17,1,0.0003912210885254045,0.9996312146248727
1ATGA,0.5,17,2,0.0005013756155492634,0.9988767437260211
1ATGA,0.5,17,3,0.0003840843041454189,0.9995621241938325
1ATGA,0.5,17,4,0.0005042524463747527,0.9988876652899016
1ATGA,0.5,17,5,0.00037827097917455545,0.9995603765541076
1ATGA,0.5,17,6,0.0005094354993390993,0.9989217399535717
1ATGA,0.5,17,7,0.0004110020607254809,0.9995549248301074
1ATGA,0.5,17,8,0.0005004039932689424,0.9992468830406159
1ATGA,0.5,17,9,0.0004887247049048857,0.9993242314667046
1ATGA,0.5,17,10,0.0005161047044491614,0.99914753484728
1ATGA,0.5,17,11,0.000422305143075542,0.9992460327507953
1ATGA,0.5,17,12,0.0006114490168651244,0.997660418910658
1ATGA,0.5,17,13,0.00047230922008812786,0.9990432428681502
1ATGA,0.5,17,14,0.00039356204413447545,0.999661688844784
1ATGA,0.5,17,15,0.0005012208810414007,0.9986559345852986
1ATGA,0.5,17,16,0.0004062421433737013,0.999566535253855
1ATGA,0.5,17,17,0.0004599898649751023,0.998946518689039
1ATGA,0.5,17,18,0.0005555133909465958,0.9989440962707414
1ATGA,0.5,17,19,0.0004274787284919157,0.9995060255974448
1ATGA,0.5,18,0,0.0006532626440842458,0.9988098653850613
1ATGA,0.5,18,1,0.0004820247269655304,0.9994532697286174
1ATGA,0.5,18,2,0.0005965788933953776,0.998733772751968
1ATGA,0.5,18,3,0.0006161312364098504,0.9992120347916728
1ATGA,0.5,18,4,0.00043215051789093745,0.9994763219377162
1ATGA,0.5,18,5,0.00041340726621969025,0.9996888698212254
1ATGA,0.5,18,6,0.00022236165622231986,0.9998619460254454
1ATGA,0.5,18,7,0.00048290197118377505,0.9987812549383325
1ATGA,0.5,18,8,0.00039902945886804243,0.9995793473902984
1ATGA,0.5,18,9,0.0005279504048031361,0.9985821943940639
1ATGA,0.5,18,10,0.0005890599693305511,0.9981325697216125
1ATGA,0.5,18,11,0.0005046569819753841,0.998843326735935
1ATGA,0.5,18,12,0.0004291438427582238,0.9995466333991618
1ATGA,0.5,18,13,0.000624883470684821,0.9988367297579096
1ATGA,0.5,18,14,0.0007303200447337765,0.9994396586126219
1ATGA,0.5,18,15,0.0005494214960071222,0.9983089634836242
1ATGA,0.5,18,16,0.0005566929959492954,0.9983817883253057
1ATGA,0.5,18,17,0.0007283357077236432,0.9979597276371907
1ATGA,0.5,18,18,0.0005135924224545576,0.9993229674759424
1ATGA,0.5,18,19,0.00042397227921136144,0.9991467634308386
1ATGA,0.5,19,0,0.0002494142635888086,0.9997725219660608
1ATGA,0.5,19,1,0.0004939402286137485,0.9989424382263493
1ATGA,0.5,19,2,0.0004403789761476082,0.9990188662507598
1ATGA,0.5,19,3,0.0003563380703432851,0.9996234976308596
1ATGA,0.5,19,4,0.000498271736009722,0.9995612003484622
1ATGA,0.5,19,5,0.000462585119417603,0.9991625545094508
1ATGA,0.5,19,6,0.0005036583476045235,0.9985943963914844
1ATGA,0.5,19,7,0.0004336300451687848,0.9986595057382213
1ATGA,0.5,19,8,0.00039566113060312104,0.9984994591279173
1ATGA,0.5,19,9,0.0004111553019057226,0.9996064689624994
1ATGA,0.5,19,10,0.0004865034973646224,0.9995929030215318
1ATGA,0.5,19,11,0.0004876612307098521,0.9983888337760649
1ATGA,0.5,19,12,0.00044266309155092633,0.9996376007573475
1ATGA,0.5,19,13,0.0003638941807752582,0.9992124688449161
1ATGA,0.5,19,14,0.0002913427172336256,0.9998065117679206
1ATGA,0.5,19,15,0.00038116709266062344,0.999401255717494
1ATGA,0.5,19,16,0.000536930799220292,0.9986657301238722
1ATGA,0.5,19,17,0.00031988416693864947,0.9995983277717483
1ATGA,0.5,19,18,0.00043325996600078963,0.9988586989887075
1ATGA,0.5,19,19,0.00042544287199838924,0.9993327230736985
1ATGA,0.5,20,0,0.00039093052203086553,0.9994929194594434
1ATGA,0.5,20,1,0.00044371675128206854,0.9994909316212456
1ATGA,0.5,20,2,0.0004263196791872333,0.9991459252920485
1ATGA,0.5,20,3,0.0002575738301928961,0.9996975245588119
1ATGA,0.5,20,4,0.0004179170988871459,0.9995522685185092
1ATGA,0.5,20,5,0.0003882010461647065,0.9993838148306596
1ATGA,0.5,20,6,0.0004792302384614335,0.9994200440112104
1ATGA,0.5,20,7,0.00047270210923041993,0.9995074518235668
1ATGA,0.5,20,8,0.00041595726596173734,0.9989758345502737
1ATGA,0.5,20,9,0.00043722356297361617,0.9992858156872914
1ATGA,0.5,20,10,0.00016850640765077914,0.9998670437851506
1ATGA,0.5,20,11,0.0003645231859028927,0.9993287386707979
1ATGA,0.5,20,12,0.0003718443433145142,0.9995486712587499
1ATGA,0.5,20,13,0.0002628885023991643,0.9998096219868832
1ATGA,0.5,20,14,0.0004499658825400081,0.9992162789886544
1ATGA,0.5,20,15,0.0002495966336546756,0.9997977842612465
1ATGA,0.5,20,16,0.00046684179239889597,0.9994689572961716
1ATGA,0.5,20,17,0.0006438563564071852,0.9987284545389455
1ATGA,0.5,20,18,0.0005270127825099627,0.9990323440085028
1ATGA,0.5,20,19,0.000232363520145122,0.9997558638297653
1ATGA,0.5,21,0,0.00046587952487806895,0.9994601626416448
1ATGA,0.5,21,1,0.0005073800585638796,0.9989471306076555
1ATGA,0.5,21,2,0.0004122648199364799,0.9995375630446461
1ATGA,0.5,21,3,0.0004820683554932118,0.9989879095651777
1ATGA,0.5,21,4,0.00032509191775258834,0.9996355436259211
1ATGA,0.5,21,5,0.0003919640960965898,0.9997099103070576
1ATGA,0.5,21,6,0.00037666353880073207,0.999509648559966
1ATGA,0.5,21,7,0.0005356457012590167,0.9983467037501392
1ATGA,0.5,21,8,0.0005964119106582612,0.9989537524702756
1ATGA,0.5,21,9,0.000574436354251951,0.999264291621082
1ATGA,0.5,21,10,0.00048704399269064447,0.9989448583038106
1ATGA,0.5,21,11,0.0005018291174645317,0.9993749515729407
1ATGA,0.5,21,12,0.0005138761041740413,0.9992623194890022
1ATGA,0.5,21,13,0.0002733689493081356,0.9997700221239402
1ATGA,0.5,21,14,0.0004909447062073312,0.9987630332503762
1ATGA,0.5,21,15,0.0003495559855500831,0.9997252986832157
1ATGA,0.5,21,16,0.00044448190613286974,0.9994410091212262
1ATGA,0.5,21,17,0.000553771759815729,0.9992202866373061
1ATGA,0.5,21,18,0.0004655106584288356,0.9994083734024828
1ATGA,0.5,21,19,0.00043508942575591365,0.9995420862868873
1ATGA,0.5,22,0,0.00041010555870772794,0.9991921347666048
1ATGA,0.5,22,1,0.0005422881412234836,0.9988579041692259
1ATGA,0.5,22,2,0.00045332098695285934,0.9990913525307272
1ATGA,0.5,22,3,0.00030545473166761666,0.9996628862894281
1ATGA,0.5,22,4,0.00040250105570727456,0.9996381630689861
1ATGA,0.5,22,5,0.00041805195396064796,0.9992983014181405
1ATGA,0.5,22,6,0.0004495374844816146,0.9994233714701511
1ATGA,0.5,22,7,0.0004570151104295006,0.9993262270689626
1ATGA,0.5,22,8,0.00033365398608042353,0.9995771994489111
1ATGA,0.5,22,9,0.0005087432358970372,0.9991733912172006
1ATGA,0.5,22,10,0.00040786476130831193,0.9994545278097592
1ATGA,0.5,22,11,0.00042697163127545466,0.9994573448030424
1ATGA,0.5,22,12,0.0005132637796988897,0.9989162181051903
1ATGA,0.5,22,13,0.00046563279678793994,0.9987202293405394
1ATGA,0.5,22,14,0.0004977849731686478,0.9992004363284333
1ATGA,0.5,22,15,0.00032227877554083056,0.9996605280301788
1ATGA,0.5,22,16,0.0002924107732809777,0.9997479640597977
1ATGA,0.5,22,17,0.0003663377425108915,0.999595008210901
1ATGA,0.5,22,18,0.0005344931872145804,0.9994237184194683
1ATGA,0.5,22,19,0.00042933727637376704,0.999330911361983
1ATGA,0.5,23,0,0.00028632660908772134,0.9997090816543615
1ATGA,0.5,23,1,0.0006342632060463373,0.9980858814307826
1ATGA,0.5,23,2,0.000521026234076639,0.9992659193750698
1ATGA,0.5,23,3,0.0003239822633016571,0.9996821523390779
1ATGA,0.5,23,4,0.000566821916885363,0.9988100268153822
1ATGA,0.5,23,5,0.0004309117108403694,0.9991657823727038
1ATGA,0.5,23,6,0.0005605005247329967,0.9987035247907822
1ATGA,0.5,23,7,0.0006089566686516913,0.9989495420688457
1ATGA,0.5,23,8,0.0005087642012320145,0.9992346185510843
1ATGA,0.5,23,9,0.0004997026215597775,0.9991588544715935
1ATGA,0.5,23,10,0.0002810657091054999,0.9997354383344077
1ATGA,0.5,23,11,0.000464967280171207,0.9994159209813522
1ATGA,0.5,23,12,0.0004666173266337786,0.9988199054783939
1ATGA,0.5,23,13,0.0005667944864963968,0.9988331354635466
1ATGA,0.5,23,14,0.0004656765811989396,0.9993015591173485
1ATGA,0.5,23,15,0.0004674884663885306,0.9991253474401851
1ATGA,0.5,23,16,0.0006194826296023019,0.9987192982774111
1ATGA,0.5,23,17,0.0005179570175153018,0.9990886139505466
1ATGA,0.5,23,18,0.0004037014547960991,0.9994328588043487
1ATGA,0.5,23,19,0.0004885918704795201,0.9991680389924396
1ATGA,0.5,24,0,0.000630238526720325,0.9988337963650731
1ATGA,0.5,24,1,0.00040740203168219085,0.9994829382887522
1ATGA,0.5,24,2,0.0005745754391132996,0.9986201142010184
1ATGA,0.5,24,3,0.0005839871307622453,0.9992097046762325
1ATGA,0.5,24,4,0.0004763818303308757,0.9992381912466259
1ATGA,0.5,24,5,0.0006182092986898631,0.9991570941835974
1ATGA,0.5,24,6,0.00034384750326735063,0.9996579077369034
1ATGA,0.5,24,7,0.0003248239793744313,0.9996102574140477
1ATGA,0.5,24,8,0.0005432394888648586,0.9991913475280683
1ATGA,0.5,24,9,0.0006176729020766389,0.9991401935992152
1ATGA,0.5,24,10,0.0005954985500721155,0.9988693360785512
1ATGA,0.5,24,11,0.0005982338777126825,0.9990977396465878
1ATGA,0.5,24,12,0.0003933751744820401,0.9995640939128049
1ATGA,0.5,24,13,0.0005987264568212168,0.9991361000178055
1ATGA,0.5,24,14,0.0007168487808930982,0.9985214183394836
1ATGA,0.5,24,15,0.0007131531087683056,0.9981949308856536
1ATGA,0.5,24,16,0.0005169959998894605,0.9991296084346513
1ATGA,0.5,24,17,0.0006355210720996753,0.9987557845695398
1ATGA,0.5,24,18,0.0005341257117788177,0.9990290456568351
1ATGA,0.5,24,19,0.000627962114156284,0.9986940559686154
1ATGA,0.5,25,0,0.0006026453399903865,0.9990259574358358
1ATGA,0.5,25,1,0.0006833546608428997,0.9983474460695291
1ATGA,0.5,25,2,0.0005439752378585271,0.9993237114120198
1ATGA,0.5,25,3,0.0006496666509680485,0.9988524716620703
1ATGA,0.5,25,4,0.000720863791627962,0.9984722944554846
1ATGA,0.5,25,5,0.0007060286669578683,0.9987251385604855
1ATGA,0.5,25,6,0.0006207051565962904,0.9988543455899497
1ATGA,0.5,25,7,0.0006095704883858009,0.9993191191779986
1ATGA,0.5,25,8,0.0003041392187936749,0.9997099823379998
1ATGA,0.5,25,9,0.0007279126970540347,0.9983978781094348
1ATGA,0.5,25,10,0.0005792728753527089,0.9991647735354202
1ATGA,0.5,25,11,0.0003038866297674908,0.9997176483589401
1ATGA,0.5,25,12,0.0006419848819250484,0.9989271807451241
1ATGA,0.5,25,13,0.0005146716144148769,0.9993658836565874
1ATGA,0.5,25,14,0.000523630202226353,0.9994048263481332
1ATGA,0.5,25,15,0.0005338386196120022,0.9990248485303435
1ATGA,0.5,25,16,0.00023963514026396532,0.9998120930399964
1ATGA,0.5,25,17,0.0007067230437514614,0.9984343080438142
1ATGA,0.5,25,18,0.0006591911784893655,0.9986100801695293
1ATGA,0.5,25,19,0.0006781495522753009,0.9984994945866458
1ATGA,0.5,26,0,0.0007067736950379033,0.9984860691589549
1ATGA,0.5,26,1,0.0007253408571774192,0.9982700987270914
1ATGA,0.5,26,2,0.0007051215382844203,0.9988455807016993
1ATGA,0.5,26,3,0.0003739267328088357,0.9995994805481754
1ATGA,0.5,26,4,0.00022711147775019176,0.9998717854467792
1ATGA,0.5,26,5,0.00028520380738303563,0.9997501761786308
1ATGA,0.5,26,6,0.0001487804754345404,0.9999068483542701
1ATGA,0.5,26,7,0.0007175610919121935,0.9984242975021532
1ATGA,0.5,26,8,0.0006488846004069681,0.9991585934944466
1ATGA,0.5,26,9,0.0006823451061806831,0.9986922269292056
1ATGA,0.5,26,10,0.0005568144511734171,0.9993073646190698
1ATGA,0.5,26,11,0.0003418197626850313,0.99964503663458
1ATGA,0.5,26,12,0.0006769187481022501,0.9989735743591643
1ATGA,0.5,26,13,0.0006762382083822942,0.999052842271534
1ATGA,0.5,26,14,0.00020139696644042116,0.999863662989198
1ATGA,0.5,26,15,0.0006214585048273344,0.9988929589836715
1ATGA,0.5,26,16,0.0006681751373946722,0.9991015209837498
1ATGA,0.5,26,17,0.0006212235121098921,0.9994950901409332
1ATGA,0.5,26,18,0.0006657904886634273,0.9986368666470302
1ATGA,0.5,26,19,0.0007085657051046744,0.9985536890169495
1ATGA,0.5,27,0,0.0007676855607054034,0.9984150866066045
1ATGA,0.5,27,1,0.0005409081425266139,0.9992809291949488
1ATGA,0.5,27,2,0.0007112789546942922,0.998836570912165
1ATGA,0.5,27,3,0.0004433934258189358,0.9994505638620488
1ATGA,0.5,27,4,0.0003829335978500563,0.9995114715323101
1ATGA,0.5,27,5,0.0005020116798410399,0.9995059206328316
1ATGA,0.5,27,6,0.000600820551555404,0.9991905954653957
1ATGA,0.5,27,7,0.0003435057128623067,0.9996669555100731
1ATGA,0.5,27,8,0.00045645742710891183,0.9993379303872856
1ATGA,0.5,27,9,0.0007233014419209414,0.9988173213951701
1ATGA,0.5,27,10,0.00019920662324898012,0.9998473157790779
1ATGA,0.5,27,11,0.0005767746519943843,0.9991032964387423
1ATGA,0.5,27,12,0.0005977455295923204,0.9990981663348434
1ATGA,0.5,27,13,0.0007515294561418272,0.9985103259915116
1ATGA,0.5,27,14,0.0006630480571874313,0.9992181865943983
1ATGA,0.5,27,15,0.0006598110814715537,0.9990295583044844
1ATGA,0.5,27,16,0.0007608928344704079,0.9983297781254726
1ATGA,0.5,27,17,0.0006932748127723836,0.9990607920688797
1ATGA,0.5,27,18,0.00044747171732292107,0.9994761969167147
1ATGA,0.5,27,19,0.0005262303437614809,0.9991432869127335
1ATGA,0.5,28,0,0.000758987088959407,0.9988229453356433
1ATGA,0.5,28,1,0.0007066203551634035,0.9983417539995059
1ATGA,0.5,28,2,0.000311302171613367,0.9996908625829933
1ATGA,0.5,28,3,0.0007302248792322921,0.9988146338098604
1ATGA,0.5,28,4,0.00040516525029332434,0.9995274535717191
1ATGA,0.5,28,5,0.0005566484977640267,0.9990232714407514
1ATGA,0.5,28,6,0.0006957376534357919,0.9989565455315993
1ATGA,0.5,28,7,0.0007421021127061603,0.9988859618457399
1ATGA,0.5,28,8,0.0005684845379025798,0.9992267724464959
1ATGA,0.5,28,9,0.0008698580219981574,0.998579452087114
1ATGA,0.5,28,10,0.00028772850621671954,0.9998003011113189
1ATGA,0.5,28,11,0.0004352866081293317,0.9993919523812496
1ATGA,0.5,28,12,0.0005883127218778332,0.999337410184704
1ATGA,0.5,28,13,0.0005904463791210841,0.9995782448953784
1ATGA,0.5,28,14,0.0005333371442148761,0.9993583003199472
1ATGA,0.5,28,15,0.0006535063149339651,0.9987603619346045
1ATGA,0.5,28,16,0.0005599577188865624,0.9993146179129551
1ATGA,0.5,28,17,0.000673054851760183,0.9986396243866591
1ATGA,0.5,28,18,0.00012560978139803216,0.9999415163509561
1ATGA,0.5,28,19,0.0008879120751281545,0.9984150313674933
1ATGA,0.5,29,0,0.0007097128165734815,0.9986485391882612
1ATGA,0.5,29,1,0.0002569593374853916,0.9985246442326654
1ATGA,0.5,29,2,0.00045750341870274473,0.9992759507579192
1ATGA,0.5,29,3,0.00044766214172842385,0.9996439890884161
1ATGA,0.5,29,4,0.0003714177551748609,0.9996238788009398
1ATGA,0.5,29,5,0.0004905475127179617,0.9996548429826778
1ATGA,0.5,29,6,0.0007141829257838248,0.9986817234832716
1ATGA,0.5,29,7,0.0006577887459898904,0.999180325014201
1ATGA,0.5,29,8,0.0007440089533890328,0.9987235959958878
1ATGA,0.5,29,9,0.00036394044587083167,0.9996263338949205
1ATGA,0.5,29,10,0.00044428788664821196,0.9996350357317118
1ATGA,0.5,29,11,0.0004537198683242187,0.999466945749185
1ATGA,0.5,29,12,0.0006759027098215075,0.999079402739309
1ATGA,0.5,29,13,0.0007733912423331327,0.998361283804823
1ATGA,0.5,29,14,0.00039591033076393097,0.9989538270859368
1ATGA,0.5,29,15,0.0005104256718347321,0.9985374694395727
1ATGA,0.5,29,16,0.0006774583810863897,0.9986249490744967
1ATGA,0.5,29,17,0.0004943996221161012,0.9994091080759808
1ATGA,0.5,29,18,0.0006624916643612111,0.9992067926054735
1ATGA,0.5,29,19,0.0004580150242241631,0.9994797438646497
1ATGA,0.5,30,0,0.000786866550289649,0.9989118543141526
1ATGA,0.5,30,1,0.0007020301150545056,0.9990262414911404
1ATGA,0.5,30,2,0.000592107244864291,0.9990264344066853
1ATGA,0.5,30,3,0.0006162432901830963,0.999095763090244
1ATGA,0.5,30,4,0.00028496995260883805,0.9991981458192695
1ATGA,0.5,30,5,0.0004245786922808519,0.99892469663574
1ATGA,0.5,30,6,0.00037358638943205846,0.9994226818732058
1ATGA,0.5,30,7,0.00045715817914494095,0.9994440725767565
1ATGA,0.5,30,8,0.0007218039998358298,0.9983364291583314
1ATGA,0.5,30,9,0.0007775856513904107,0.9988365634836703
1ATGA,0.5,30,10,0.0006271104589753789,0.9991592808107641
1ATGA,0.5,30,11,0.0006057965027119714,0.998983502348191
1ATGA,0.5,30,12,0.0003446497789044186,0.9996395765477224
1ATGA,0.5,30,13,0.0007195958706913187,0.9985065993708163
1ATGA,0.5,30,14,0.0002503916572210656,0.9998454786088594
1ATGA,0.5,30,15,0.00019901765018008423,0.999904992359517
1ATGA,0.5,30,16,0.0006650712699381743,0.9989304945610445
1ATGA,0.5,30,17,0.00032955681082263603,0.9997235713250092
1ATGA,0.5,30,18,0.0005187584176333546,0.9985407571606494
1ATGA,0.5,30,19,0.0004307633392345573,0.9996213209770954
1ATGA,0.5,31,0,0.0008527946356320191,0.9984467883224802
1ATGA,0.5,31,1,0.0006389312697451566,0.999029851904879
1ATGA,0.5,31,2,0.00046381644407108343,0.9992720530592715
1ATGA,0.5,31,3,7.118134412956024e-05,0.9999815262850629
1ATGA,0.5,31,4,0.000619935123194207,0.9984132949225074
1ATGA,0.5,31,5,0.00023324092214532756,0.9998540399931076
1ATGA,0.5,31,6,0.0004995421988190652,0.9994522639586716
1ATGA,0.5,31,7,0.0003058647806144415,0.9991014857886616
1ATGA,0.5,31,8,0.0005148217675347458,0.9996631507365671
1ATGA,0.5,31,9,0.000561617445070562,0.9993848013488339
1ATGA,0.5,31,10,0.0005638780710187272,0.9989449165804584
1ATGA,0.5,31,11,0.00021343226027237844,0.9994719333888331
1ATGA,0.5,31,12,0.0006158740831262363,0.9990280814594102
1ATGA,0.5,31,13,9.430012514244885e-05,0.9999667177350545
1ATGA,0.5,31,14,0.00035555784298873074,0.9996811567296233
1ATGA,0.5,31,15,0.0004459917770572328,0.9996828619902873
1ATGA,0.5,31,16,0.0004361493355824583,0.9995790251783279
1ATGA,0.5,31,17,0.0005924786468099797,0.9989402808201052
1ATGA,0.5,31,18,0.0005342396251470076,0.9995867247480071
1ATGA,0.5,31,19,0.000818482763674578,0.9981344783786202
1ATGA,0.5,32,0,0.0006744186714235597,0.997971769272995
1ATGA,0.5,32,1,0.0003848783608625153,0.9994682165980114
1ATGA,0.5,32,2,0.0004900376885368015,0.998376343908973
1ATGA,0.5,32,3,0.0005958263076805155,0.9992986998605087
1ATGA,0.5,32,4,0.00071060447056413,0.9988255331769064
1ATGA,0.5,32,5,9.500386324572094e-05,0.9997809109082604
1ATGA,0.5,32,6,0.0004992022264727649,0.9989915948618868
1ATGA,0.5,32,7,0.0006821779984423984,0.9989434203116674
1ATGA,0.5,32,8,0.00018575268991594804,0.9991198284133921
1ATGA,0.5,32,9,0.0002668222045923621,0.9997233578940621
1ATGA,0.5,32,10,0.0005608847306963172,0.9991360361886121
1ATGA,0.5,32,11,0.0005204594281810111,0.9987491657998654
1ATGA,0.5,32,12,0.0005044784724314345,0.9992037736971183
1ATGA,0.5,32,13,0.0006305724550110608,0.9991048206459293
1ATGA,0.5,32,14,0.0008214883022280041,0.9985683715128976
1ATGA,0.5,32,15,0.0004431917782522382,0.9996812719386287
1ATGA,0.5,32,16,0.0002239233345693022,0.9995283437493971
1ATGA,0.5,32,17,0.0005498819376170018,0.998722834567854
1ATGA,0.5,32,18,0.0005888124849812993,0.9990757156081993
1ATGA,0.5,32,19,0.0009019433018211497,0.9979105817724153
1ATGA,1.0,0,0,0.0,1.0
1ATGA,1.0,0,1,0.0,1.0000000000000002
1ATGA,1.0,0,2,0.0,0.9999999999999998
1ATGA,1.0,0,3,0.0,1.0
1ATGA,1.0,0,4,0.0,0.9999999999999998
1ATGA,1.0,0,5,0.0,0.9999999999999999
1ATGA,1.0,0,6,0.0,1.0
1ATGA,1.0,0,7,0.0,1.0
1ATGA,1.0,0,8,0.0,0.9999999999999999
1ATGA,1.0,0,9,0.0,0.9999999999999999
1ATGA,1.0,0,10,0.0,0.9999999999999998
1ATGA,1.0,0,11,0.0,0.9999999999999999
1ATGA,1.0,0,12,0.0,0.9999999999999999
1ATGA,1.0,0,13,0.0,1.0000000000000002
1ATGA,1.0,0,14,0.0,0.9999999999999999
1ATGA,1.0,0,15,0.0,1.0
1ATGA,1.0,0,16,0.0,1.0000000000000002
1ATGA,1.0,0,17,0.0,1.0000000000000002
1ATGA,1.0,0,18,0.0,1.0000000000000002
1ATGA,1.0,0,19,0.0,0.9999999999999998
1ATGA,1.0,1,0,0.0,0.9999999999999998
1ATGA,1.0,1,1,0.0,1.0
1ATGA,1.0,1,2,0.0,1.0
1ATGA,1.0,1,3,0.0,1.0
1ATGA,1.0,1,4,0.0,1.0000000000000002
1ATGA,1.0,1,5,0.0,0.9999999999999999
1ATGA,1.0,1,6,0.0,1.0
1ATGA,1.0,1,7,0.0,0.9999999999999999
1ATGA,1.0,1,8,0.0,1.0000000000000002
1ATGA,1.0,1,9,0.0,1.0
1ATGA,1.0,1,10,0.0,1.0000000000000002
1ATGA,1.0,1,11,0.0,0.9999999999999999
1ATGA,1.0,1,12,0.0,1.0
1ATGA,1.0,1,13,0.0,1.0
1ATGA,1.0,1,14,0.0,0.9999999999999998
1ATGA,1.0,1,15,0.0,0.9999999999999999
1ATGA,1.0,1,16,0.0,0.9999999999999998
1ATGA,1.0,1,17,0.0,1.0
1ATGA,1.0,1,18,0.0,0.9999999999999999
1ATGA,1.0,1,19,0.0,0.9999999999999999
1ATGA,1.0,2,0,0.0,0.9999999999999999
1ATGA,1.0,2,1,0.0,1.0
1ATGA,1.0,2,2,0.0,0.9999999999999999
1ATGA,1.0,2,3,0.0,1.0000000000000002
1ATGA,1.0,2,4,0.0,1.0
1ATGA,1.0,2,5,0.0,1.0000000000000002
1ATGA,1.0,2,6,0.0,1.0
1ATGA,1.0,2,7,0.0,1.0
1ATGA,1.0,2,8,0.0,0.9999999999999999
1ATGA,1.0,2,9,0.0,1.0
1ATGA,1.0,2,10,0.0,1.0
1ATGA,1.0,2,11,0.0,1.0000000000000002
1ATGA,1.0,2,12,0.0,1.0
1ATGA,1.0,2,13,0.0,1.0
1ATGA,1.0,2,14,0.0,1.0
1ATGA,1.0,2,15,0.0,1.0
1ATGA,1.0,2,16,0.0,0.9999999999999998
1ATGA,1.0,2,17,0.0,1.0000000000000002
1ATGA,1.0,2,18,0.0,1.0000000000000002
1ATGA,1.0,2,19,0.0,1.0
1ATGA,1.0,3,0,0.0,1.0000000000000002
1ATGA,1.0,3,1,0.0,0.9999999999999999
1ATGA,1.0,3,2,0.0,1.0000000000000002
1ATGA,1.0,3,3,0.0,1.0
1ATGA,1.0,3,4,0.0,1.0000000000000002
1ATGA,1.0,3,5,0.0,0.9999999999999999
1ATGA,1.0,3,6,0.0,0.9999999999999998
1ATGA,1.0,3,7,0.0,1.0000000000000002
1ATGA,1.0,3,8,0.0,1.0
1ATGA,1.0,3,9,0.0,1.0000000000000002
1ATGA,1.0,3,10,0.0,1.0
1ATGA,1.0,3,11,0.0,1.0
1ATGA,1.0,3,12,0.0,1.0000000000000002
1ATGA,1.0,3,13,0.0,0.9999999999999998
1ATGA,1.0,3,14,0.0,1.0
1ATGA,1.0,3,15,0.0,0.9999999999999999
1ATGA,1.0,3,16,0.0,1.0
1ATGA,1.0,3,17,0.0,1.0000000000000002
1ATGA,1.0,3,18,0.0,1.0
1ATGA,1.0,3,19,0.0,1.0000000000000002
1ATGA,1.0,4,0,0.0,1.0
1ATGA,1.0,4,1,0.0,1.0000000000000002
1ATGA,1.0,4,2,0.0,1.0
1ATGA,1.0,4,3,0.0,1.0000000000000002
1ATGA,1.0,4,4,0.0,1.0
1ATGA,1.0,4,5,0.0,1.0
1ATGA,1.0,4,6,0.0,1.0
1ATGA,1.0,4,7,0.0,1.0000000000000002
1ATGA,1.0,4,8,0.0,0.9999999999999999
1ATGA,1.0,4,9,0.0,1.0
1ATGA,1.0,4,10,0.0,1.0
1ATGA,1.0,4,11,0.0,1.0
1ATGA,1.0,4,12,0.0,0.9999999999999998
1ATGA,1.0,4,13,0.0,1.0
1ATGA,1.0,4,14,0.0,1.0000000000000002
1ATGA,1.0,4,15,0.0,1.0
1ATGA,1.0,4,16,0.0,0.9999999999999998
1ATGA,1.0,4,17,0.0,0.9999999999999998
1ATGA,1.0,4,18,0.0,1.0
1ATGA,1.0,4,19,0.0,1.0
1ATGA,1.0,5,0,0.0,1.0000000000000002
1ATGA,1.0,5,1,0.0,1.0000000000000002
1ATGA,1.0,5,2,0.0,1.0
1ATGA,1.0,5,3,0.0,1.0
1ATGA,1.0,5,4,0.0,1.0
1ATGA,1.0,5,5,0.0,1.0
1ATGA,1.0,5,6,0.0,1.0000000000000002
1ATGA,1.0,5,7,0.0,0.9999999999999999
1ATGA,1.0,5,8,0.0,1.0
1ATGA,1.0,5,9,0.0,0.9999999999999998
1ATGA,1.0,5,10,0.0,1.0000000000000002
1ATGA,1.0,5,11,0.0,0.9999999999999998
1ATGA,1.0,5,12,0.0,1.0
1ATGA,1.0,5,13,0.0,0.9999999999999999
1ATGA,1.0,5,14,0.0,1.0
1ATGA,1.0,5,15,0.0,1.0
1ATGA,1.0,5,16,0.0,1.0
1ATGA,1.0,5,17,0.0,0.9999999999999999
1ATGA,1.0,5,18,0.0,1.0
1ATGA,1.0,5,19,0.0,0.9999999999999998
1ATGA,1.0,6,0,0.0,1.0000000000000002
1ATGA,1.0,6,1,0.0,1.0
1ATGA,1.0,6,2,0.0,1.0
1ATGA,1.0,6,3,0.0,1.0
1ATGA,1.0,6,4,0.0,1.0000000000000002
1ATGA,1.0,6,5,0.0,0.9999999999999999
1ATGA,1.0,6,6,0.0,0.9999999999999998
1ATGA,1.0,6,7,0.0,0.9999999999999999
1ATGA,1.0,6,8,0.0,1.0
1ATGA,1.0,6,9,0.0,1.0
1ATGA,1.0,6,10,0.0,1.0000000000000002
1ATGA,1.0,6,11,0.0,1.0
1ATGA,1.0,6,12,0.0,1.0000000000000002
1ATGA,1.0,6,13,0.0,1.0
1ATGA,1.0,6,14,0.0,1.0
1ATGA,1.0,6,15,0.0,1.0000000000000002
1ATGA,1.0,6,16,0.0,1.0000000000000002
1ATGA,1.0,6,17,0.0,1.0
1ATGA,1.0,6,18,0.0,1.0000000000000002
1ATGA,1.0,6,19,0.0,1.0
1ATGA,1.0,7,0,0.0,1.0000000000000002
1ATGA,1.0,7,1,0.0,1.0000000000000002
1ATGA,1.0,7,2,0.0,1.0
1ATGA,1.0,7,3,0.0,0.9999999999999999
1ATGA,1.0,7,4,0.0,1.0
1ATGA,1.0,7,5,0.0,1.0
1ATGA,1.0,7,6,0.0,1.0000000000000002
1ATGA,1.0,7,7,0.0,0.9999999999999999
1ATGA,1.0,7,8,0.0,1.0000000000000002
1ATGA,1.0,7,9,0.0,1.0
1ATGA,1.0,7,10,0.0,0.9999999999999998
1ATGA,1.0,7,11,0.0,1.0000000000000002
1ATGA,1.0,7,12,0.0,1.0000000000000002
1ATGA,1.0,7,13,0.0,0.9999999999999999
1ATGA,1.0,7,14,0.0,1.0000000000000002
1ATGA,1.0,7,15,0.0,1.0000000000000002
1ATGA,1.0,7,16,0.0,0.9999999999999998
1ATGA,1.0,7,17,0.0,1.0
1ATGA,1.0,7,18,0.0,1.0
1ATGA,1.0,7,19,0.0,0.9999999999999999
1ATGA,1.0,8,0,0.0,1.0
1ATGA,1.0,8,1,0.0,0.9999999999999999
1ATGA,1.0,8,2,0.0,0.9999999999999998
1ATGA,1.0,8,3,0.0,1.0000000000000002
1ATGA,1.0,8,4,0.0,1.0
1ATGA,1.0,8,5,0.0,1.0
1ATGA,1.0,8,6,0.0,0.9999999999999999
1ATGA,1.0,8,7,0.0,1.0
1ATGA,1.0,8,8,0.0,1.0000000000000002
1ATGA,1.0,8,9,0.0,0.9999999999999999
1ATGA,1.0,8,10,0.0,0.9999999999999998
1ATGA,1.0,8,11,0.0,1.0
1ATGA,1.0,8,12,0.0,1.0
1ATGA,1.0,8,13,0.0,0.9999999999999999
1ATGA,1.0,8,14,0.0,1.0
1ATGA,1.0,8,15,0.0,1.0000000000000002
1ATGA,1.0,8,16,0.0,1.0000000000000002
1ATGA,1.0,8,17,0.0,1.0
1ATGA,1.0,8,18,0.0,1.0
1ATGA,1.0,8,19,0.0,1.0000000000000002
1ATGA,1.0,9,0,0.0,1.0
1ATGA,1.0,9,1,0.0,0.9999999999999998
1ATGA,1.0,9,2,0.0,1.0
1ATGA,1.0,9,3,0.0,1.0
1ATGA,1.0,9,4,0.0,1.0000000000000002
1ATGA,1.0,9,5,0.0,0.9999999999999999
1ATGA,1.0,9,6,0.0,1.0
1ATGA,1.0,9,7,0.0,1.0
1ATGA,1.0,9,8,0.0,0.9999999999999998
1ATGA,1.0,9,9,0.0,1.0
1ATGA,1.0,9,10,0.0,1.0
1ATGA,1.0,9,11,0.0,1.0
1ATGA,1.0,9,12,0.0,1.0
1ATGA,1.0,9,13,0.0,1.0
1ATGA,1.0,9,14,0.0,1.0000000000000002
1ATGA,1.0,9,15,0.0,1.0000000000000002
1ATGA,1.0,9,16,0.0,1.0
1ATGA,1.0,9,17,0.0,1.0
1ATGA,1.0,9,18,0.0,1.0
1ATGA,1.0,9,19,0.0,1.0
1ATGA,1.0,10,0,0.052199984265970716,0.9119826689035191
1ATGA,1.0,10,1,0.0014004120017805336,0.9948012676759359
1ATGA,1.0,10,2,0.029094576015052203,0.8715400383592267
1ATGA,1.0,10,3,0.0028549418211226995,0.9963998197841764
1ATGA,1.0,10,4,0.006416107548415668,0.9589976354991803
1ATGA,1.0,10,5,0.0017527735880517046,0.9989750896326737
1ATGA,1.0,10,6,0.01452806483214605,0.9344762270290127
1ATGA,1.0,10,7,0.001809460950698845,0.9884457621163464
1ATGA,1.0,10,8,0.012531022282391757,0.9466132433154236
1ATGA,1.0,10,9,0.4316377239595221,0.3158169907100923
1ATGA,1.0,10,10,0.0020862127086359954,0.9913151089589699
1ATGA,1.0,10,11,0.026784682916181347,0.8811653039663078
1ATGA,1.0,10,12,0.07058643467099936,0.8836834733120444
1ATGA,1.0,10,13,0.010987393611531997,0.8850842114488825
1ATGA,1.0,10,14,0.04069894347290153,0.8931282172021479
1ATGA,1.0,10,15,0.0074543639243412575,0.9674103902118062
1ATGA,1.0,10,16,0.0550473869044918,0.7782546357145198
1ATGA,1.0,10,17,0.0019057898864548435,0.9977452395546148
1ATGA,1.0,10,18,0.002934069390563029,0.9742281936309595
1ATGA,1.0,10,19,0.017065758422117543,0.9543868661144778
1ATGA,1.0,11,0,0.014267705878634592,0.982146255987377
1ATGA,1.0,11,1,0.01816984556631292,0.967916850254424
1ATGA,1.0,11,2,0.010308777651567362,0.9809314132050068
1ATGA,1.0,11,3,0.01835259959670329,0.981601188998234
1ATGA,1.0,11,4,0.011984873563517417,0.9963690832947143
1ATGA,1.0,11,5,0.01374782849928043,0.9889795256076012
1ATGA,1.0,11,6,0.008370791662656552,0.9838114363421872
1ATGA,1.0,11,7,0.023144160177044435,0.9506860936946085
1ATGA,1.0,11,8,0.010041180894027633,0.9911853411574606
1ATGA,1.0,11,9,0.010191990458806628,0.9873704564737297
1ATGA,1.0,11,10,0.00975492790767251,0.9771380899264621
1ATGA,1.0,11,11,0.007831764208762011,0.9827846881156725
1ATGA,1.0,11,12,0.01243290070651431,0.9780644222227917
1ATGA,1.0,11,13,0.019012240975264622,0.9655740836704407
1ATGA,1.0,11,14,0.024393270344310068,0.9872949695118409
1ATGA,1.0,11,15,0.010518747081602548,0.9827287363382691
1ATGA,1.0,11,16,0.008705585474453504,0.9922838968394772
1ATGA,1.0,11,17,0.017091756864361735,0.9720099356692238
1ATGA,1.0,11,18,0.024063949354093995,0.9632635318959475
1ATGA,1.0,11,19,0.009795666055992015,0.9807132697820578
1ATGA,1.0,12,0,0.0009166993569941717,0.9992200434485116
1ATGA,1.0,12,1,0.005459588930971433,0.9933732008749943
1ATGA,1.0,12,2,0.0038838027586242385,0.9975692822860037
1ATGA,1.0,12,3,0.003671067157137588,0.9957136260205901
1ATGA,1.0,12,4,0.0037074424163331043,0.993315140887878
1ATGA,1.0,12,5,0.002386590565669494,0.9990444837807636
1ATGA,1.0,12,6,0.002627653299043717,0.9911474984919699
1ATGA,1.0,12,7,0.009670470144819844,0.9873548343296518
1ATGA,1.0,12,8,0.002905840887747898,0.9976010441446788
1ATGA,1.0,12,9,0.006484792189874182,0.9899696625383233
1ATGA,1.0,12,10,0.0036879564050397947,0.9976705034618885
1ATGA,1.0,12,11,0.002932653119371342,0.9949045154511782
1ATGA,1.0,12,12,0.002448834946845119,0.9985234543510703
1ATGA,1.0,12,13,0.00601100581708222,0.98985613236054
1ATGA,1.0,12,14,0.003285171948810656,0.9926527240011619
1ATGA,1.0,12,15,0.00420957861534763,0.9963710058913594
1ATGA,1.0,12,16,0.0028977695069023835,0.9937382812361661
1ATGA,1.0,12,17,0.0062912868442821035,0.9932601730364884
1ATGA,1.0,12,18,0.0018600673834415593,0.998827638680737
1ATGA,1.0,12,19,0.003486538970732414,0.9969279102197313
1ATGA,1.0,13,0,0.0023324860979499745,0.9972838139245047
1ATGA,1.0,13,1,0.0020784793360967414,0.9978811343449481
1ATGA,1.0,13,2,0.0025551719237178762,0.9971570945315987
1ATGA,1.0,13,3,0.0026903265421406313,0.9979780480939205
1ATGA,1.0,13,4,0.001476810928317209,0.9984359942288376
1ATGA,1.0,13,5,0.0013156130439165676,0.9992448757929977
1ATGA,1.0,13,6,0.002566845825153667,0.995127441049982
1ATGA,1.0,13,7,0.002955952291993363,0.9987566425399185
1ATGA,1.0,13,8,0.0022089360975318466,0.9990685257973015
1ATGA,1.0,13,9,0.0008205889025600994,0.9996680568496786
1ATGA,1.0,13,10,0.002080736695712326,0.9968256061084222
1ATGA,1.0,13,11,0.0008529746511800485,0.9996389559252293
1ATGA,1.0,13,12,0.0027360302691187147,0.9948265972990257
1ATGA,1.0,13,13,0.002401387262453661,0.9889200727839863
1ATGA,1.0,13,14,0.0021216407733750265,0.9986101705750391
1ATGA,1.0,13,15,0.00393320970432419,0.9967187449471299
1ATGA,1.0,13,16,0.0032522630267692617,0.994823275474338
1ATGA,1.0,13,17,0.003064348784812341,0.996637188601622
1ATGA,1.0,13,18,0.003428669070235202,0.9967705767733102
1ATGA,1.0,13,19,0.0017057674891412663,0.9993454588919157
1ATGA,1.0,14,0,0.0017784019292164878,0.9979340968565739
1ATGA,1.0,14,1,0.0017812866465788887,0.9990710110522868
1ATGA,1.0,14,2,0.001431008560875452,0.9982458217937036
1ATGA,1.0,14,3,0.0016199390299919106,0.9971417304214344
1ATGA,1.0,14,4,0.0014900264027534194,0.9943397248402718
1ATGA,1.0,14,5,0.0010339175849363477,0.9992793569138734
1ATGA,1.0,14,6,0.0009263511225179411,0.9995250368546651
1ATGA,1.0,14,7,0.0016613572229578967,0.9968932250848622
1ATGA,1.0,14,8,0.0024704235192782287,0.9933230671439307
1ATGA,1.0,14,9,0.0013755850311327237,0.9994998049161024
1ATGA,1.0,14,10,0.001562874347344709,0.9968103198371221
1ATGA,1.0,14,11,0.001679951659151753,0.9977032965751148
1ATGA,1.0,14,12,0.0019021099700008135,0.9977769558519822
1ATGA,1.0,14,13,0.001846758577171362,0.9971353658897316
1ATGA,1.0,14,14,0.0012085857725846558,0.9985387311554605
1ATGA,1.0,14,15,0.0010308486385337253,0.9992542964872764
1ATGA,1.0,14,16,0.002630428545740131,0.9922950152701963
1ATGA,1.0,14,17,0.0019310307150340628,0.9956669448151512
1ATGA,1.0,14,18,0.001959890336721092,0.9955913057961708
1ATGA,1.0,14,19,0.0022005243834342402,0.9949461130719699
1ATGA,1.0,15,0,0.001894097763543164,0.9888151974340105
1ATGA,1.0,15,1,0.0022238047306085635,0.9942105562397083
1ATGA,1.0,15,2,0.0015449832272632312,0.9980003115393514
1ATGA,1.0,15,3,0.0016393174539428288,0.9977237647557805
1ATGA,1.0,15,4,0.0016213217152081132,0.9965339097648702
1ATGA,1.0,15,5,0.0017012526635012079,0.9951782441621069
1ATGA,1.0,15,6,0.0017005539486960055,0.9984458364446144
1ATGA,1.0,15,7,0.00277159725418083,0.9942775267655783
1ATGA,1.0,15,8,0.0017783015037082925,0.9970377506705318
1ATGA,1.0,15,9,0.0008320295082030426,0.9995426999021977
1ATGA,1.0,15,10,0.0010685817849022455,0.9986464110246461
1ATGA,1.0,15,11,0.0029191093751469084,0.9889193248722402
1ATGA,1.0,15,12,0.0018947796350849116,0.996506887328075
1ATGA,1.0,15,13,0.001718052743005909,0.9978817029085371
1ATGA,1.0,15,14,0.001472407306718598,0.9984381047421971
1ATGA,1.0,15,15,0.0016206307117016987,0.9954972411511848
1ATGA,1.0,15,16,0.0022086630785889687,0.9968531059448341
1ATGA,1.0,15,17,0.0016055054104450828,0.9954706462194475
1ATGA,1.0,15,18,0.001450300897716684,0.9981135155800728
1ATGA,1.0,15,19,0.0017544978997042558,0.9950856514599052
1ATGA,1.0,16,0,0.0017384764726626532,0.9971441394293189
1ATGA,1.0,16,1,0.0017646195028636871,0.9984143161591125
1ATGA,1.0,16,2,0.002060755351030808,0.9957241852706741
1ATGA,1.0,16,3,0.0014127734095212795,0.9980009733427007
1ATGA,1.0,16,4,0.0019428913631694723,0.9950828811788619
1ATGA,1.0,16,5,0.0015475708992088398,0.9960626874835363
1ATGA,1.0,16,6,0.002306848792628932,0.9930481351507799
1ATGA,1.0,16,7,0.0023332901338290082,0.9981995562221492
1ATGA,1.0,16,8,0.0014034144756784734,0.9980662289919449
1ATGA,1.0,16,9,0.001431981082359465,0.9983559132839136
1ATGA,1.0,16,10,0.001331282797071856,0.9985539352312578
1ATGA,1.0,16,11,0.0012997240870062745,0.9969851088892528
1ATGA,1.0,16,12,0.0012861310960214905,0.9983055705467555
1ATGA,1.0,16,13,0.001474273169551587,0.9982430116792366
1ATGA,1.0,16,14,0.0021625445224399235,0.994410334043346
1ATGA,1.0,16,15,0.001292300215563576,0.9985679365040009
1ATGA,1.0,16,16,0.0020720709523354788,0.9948159364629503
1ATGA,1.0,16,17,0.0015467164102137179,0.9980542652022946
1ATGA,1.0,16,18,0.0019525524301387662,0.9964077526054205
1ATGA,1.0,16,19,0.0012348311983119008,0.9988525714103146
1ATGA,1.0,17,0,0.001324847991517169,0.9986365754468192
1ATGA,1.0,17,1,0.0011944735042035799,0.9989283883034651
1ATGA,1.0,17,2,0.00155668608154772,0.9967051600717359
1ATGA,1.0,17,3,0.0011601307285568781,0.9987403856048307
1ATGA,1.0,17,4,0.0014940937936835622,0.9967744274656433
1ATGA,1.0,17,5,0.0011554272151891717,0.9986773763278941
1ATGA,1.0,17,6,0.0014926018338161824,0.9967771217184194
1ATGA,1.0,17,7,0.0012374233661853866,0.9986990802466398
1ATGA,1.0,17,8,0.0015338724706412087,0.9977818115396618
1ATGA,1.0,17,9,0.001466281939806369,0.9979617863797222
1ATGA,1.0,17,10,0.001533298980947927,0.9975491558138008
1ATGA,1.0,17,11,0.0012525850666528227,0.9976681287874924
1ATGA,1.0,17,12,0.001814076118739002,0.9933664251037081
1ATGA,1.0,17,13,0.0014790830425931304,0.9968492456342524
1ATGA,1.0,17,14,0.0011642692896708436,0.9990280951194512
1ATGA,1.0,17,15,0.0015186470492302819,0.9956892997757542
1ATGA,1.0,17,16,0.001194900728592642,0.9987688686740709
1ATGA,1.0,17,17,0.0014225958306228112,0.9967457204609192
1ATGA,1.0,17,18,0.0016769408430323861,0.9966358695240597
1ATGA,1.0,17,19,0.0012740985132156262,0.9985452026049981
1ATGA,1.0,18,0,0.0019642784091893663,0.9962657625036211
1ATGA,1.0,18,1,0.0013223703727255492,0.998560703643548
1ATGA,1.0,18,2,0.001814678593406344,0.9963118639764225
1ATGA,1.0,18,3,0.0017904167253176009,0.9978449006997839
1ATGA,1.0,18,4,0.0012895641095338898,0.9984204466012978
1ATGA,1.0,18,5,0.001253128340558923,0.9990491572238984
1ATGA,1.0,18,6,0.0006277937400494372,0.9996192094515132
1ATGA,1.0,18,7,0.0014110802804046013,0.9964069498370903
1ATGA,1.0,18,8,0.0011989791219266864,0.9987304395995917
1ATGA,1.0,18,9,0.0015755190979969298,0.9957724480429699
1ATGA,1.0,18,10,0.0016673378671031318,0.9947779263928841
1ATGA,1.0,18,11,0.001536948400750642,0.9963292195644138
1ATGA,1.0,18,12,0.001317612770818641,0.9985685551883647
1ATGA,1.0,18,13,0.0018728851944681147,0.9965744564066789
1ATGA,1.0,18,14,0.0018978877754614214,0.99849365406145
1ATGA,1.0,18,15,0.0016702018826398372,0.9944650759049788
1ATGA,1.0,18,16,0.0016713458962930835,0.9947662224591644
1ATGA,1.0,18,17,0.0022720619638212647,0.9928873629664475
1ATGA,1.0,18,18,0.0015077855280694356,0.9980239918523772
1ATGA,1.0,18,19,0.001223289391522145,0.9978547302598225
1ATGA,1.0,19,0,0.0007675473083252095,0.9992871895345605
1ATGA,1.0,19,1,0.001524548751959813,0.99675130411685
1ATGA,1.0,19,2,0.0013273807213469986,0.9967851394153233
1ATGA,1.0,19,3,0.0010251312020698037,0.9989833008715561
1ATGA,1.0,19,4,0.0015557737670795773,0.9985477006936003
1ATGA,1.0,19,5,0.0014142576944341737,0.9974070129014011
1ATGA,1.0,19,6,0.0014585426443073726,0.9958736317792066
1ATGA,1.0,19,7,0.0012684110635846197,0.9963605886486211
1ATGA,1.0,19,8,0.0012097868697012514,0.9956768991135605
1ATGA,1.0,19,9,0.0012847563796605733,0.9988234278729976
1ATGA,1.0,19,10,0.0014877929948542241,0.9987403082819516
1ATGA,1.0,19,11,0.0014518297516100888,0.9951839541906485
1ATGA,1.0,19,12,0.0013388212726707256,0.9989463274673941
1ATGA,1.0,19,13,0.0010938172302573648,0.9976102551997869
1ATGA,1.0,19,14,0.0008463264021604959,0.9994462546540411
1ATGA,1.0,19,15,0.0011539310315533218,0.9982630325359423
1ATGA,1.0,19,16,0.0016540055997083618,0.9958506546144067
1ATGA,1.0,19,17,0.00100525285238894,0.9986633785627826
1ATGA,1.0,19,18,0.0012750924010714612,0.9966779505783668
1ATGA,1.0,19,19,0.001310300705015214,0.9980576976351918
1ATGA,1.0,20,0,0.0012071195297039697,0.9984518691469308
1ATGA,1.0,20,1,0.0012864627175420186,0.9985166762566853
1ATGA,1.0,20,2,0.0013071786488313168,0.997436788416045
1ATGA,1.0,20,3,0.0007597256549305785,0.9991032614564267
1ATGA,1.0,20,4,0.0012906267223693677,0.9986161774331178
1ATGA,1.0,20,5,0.001160990535979042,0.998131516856261
1ATGA,1.0,20,6,0.001485296550045948,0.9982311537751151
1ATGA,1.0,20,7,0.0014124325275376378,0.9983585615370774
1ATGA,1.0,20,8,0.00121390392235057,0.9971064021985148
1ATGA,1.0,20,9,0.0013111355325724826,0.9978909049227694
1ATGA,1.0,20,10,0.0005349163526855402,0.999553687637593
1ATGA,1.0,20,11,0.001142526116139782,0.997995071251693
1ATGA,1.0,20,12,0.0011205673139067656,0.9986320708279335
1ATGA,1.0,20,13,0.0007765876961794824,0.9994403597487749
1ATGA,1.0,20,14,0.0013800593381682268,0.9976929407298637
1ATGA,1.0,20,15,0.0007556530479301971,0.9993873248113165
1ATGA,1.0,20,16,0.0014890748430412275,0.9982609987131101
1ATGA,1.0,20,17,0.0018751203365766943,0.9963809834733643
1ATGA,1.0,20,18,0.001551255305665912,0.9973875518750005
1ATGA,1.0,20,19,0.0007242646674730913,0.9992233380902377
1ATGA,1.0,21,0,0.0014025708329712284,0.9983941754014491
1ATGA,1.0,21,1,0.0015178441178537437,0.9968773690630902
1ATGA,1.0,21,2,0.0012351513722181878,0.9986079291661387
1ATGA,1.0,21,3,0.001439088202882455,0.99689883867489
1ATGA,1.0,21,4,0.0009855843238481313,0.9988881309934335
1ATGA,1.0,21,5,0.0012283386567298437,0.9990381271084715
1ATGA,1.0,21,6,0.0010866297293948641,0.9985912218187559
1ATGA,1.0,21,7,0.0016570444512872446,0.9949891891977983
1ATGA,1.0,21,8,0.0018033707679119587,0.9969119392564787
1ATGA,1.0,21,9,0.0016902217029615358,0.9978973319141965
1ATGA,1.0,21,10,0.0014502263779574674,0.99679286529921
1ATGA,1.0,21,11,0.001471538762786045,0.9982625167686389
1ATGA,1.0,21,12,0.0015673329749287274,0.9976950398028449
1ATGA,1.0,21,13,0.0008150463325565193,0.9993129001344638
1ATGA,1.0,21,14,0.0015025151459738446,0.9959926481243999
1ATGA,1.0,21,15,0.0010613336187574164,0.9991606834603748
1ATGA,1.0,21,16,0.0013002772956236613,0.9984209431934573
1ATGA,1.0,21,17,0.0016397191707993623,0.9978590055433995
1ATGA,1.0,21,18,0.0014178674355499407,0.9981177402511213
1ATGA,1.0,21,19,0.0013097534478693491,0.998610159501255
1ATGA,1.0,22,0,0.001274878274039419,0.9974490778567073
1ATGA,1.0,22,1,0.0016318806671623814,0.9965935550568592
1ATGA,1.0,22,2,0.0013529855812965841,0.9972404952278332
1ATGA,1.0,22,3,0.0009057162050236082,0.9989928762634517
1ATGA,1.0,22,4,0.0011690924866482994,0.9989355043512849
1ATGA,1.0,22,5,0.0012724417978443201,0.9977436042985822
1ATGA,1.0,22,6,0.0013150301563663626,0.998365759098102
1ATGA,1.0,22,7,0.0013561484921182545,0.9980822626452123
1ATGA,1.0,22,8,0.000999889076905978,0.9987393993660318
1ATGA,1.0,22,9,0.0015669401163543113,0.9972731785362852
1ATGA,1.0,22,10,0.0012322983448710691,0.998312901319012
1ATGA,1.0,22,11,0.001259820399387633,0.9983197310129778
1ATGA,1.0,22,12,0.0015652441731061554,0.9964182531681358
1ATGA,1.0,22,13,0.0014561762708030605,0.995863572889837
1ATGA,1.0,22,14,0.0014774931701592453,0.9974536589968871
1ATGA,1.0,22,15,0.000930494572608662,0.9990205518210875
1ATGA,1.0,22,16,0.0008908187626579637,0.9992198028393857
1ATGA,1.0,22,17,0.0010835048717474057,0.998860502505221
1ATGA,1.0,22,18,0.0016007397402401748,0.9982988379508331
1ATGA,1.0,22,19,0.0012291003299797082,0.9981144006549332
1ATGA,1.0,23,0,0.0008463999628241987,0.9991451503038248
1ATGA,1.0,23,1,0.001907033548400037,0.9944719446210538
1ATGA,1.0,23,2,0.0015813109822458322,0.997772171725617
1ATGA,1.0,23,3,0.0009639854166325967,0.9990707167015948
1ATGA,1.0,23,4,0.0016690363486512442,0.9966303071359837
1ATGA,1.0,23,5,0.0013088185636527321,0.9974811909874276
1ATGA,1.0,23,6,0.0016982004467508169,0.9960493378918153
1ATGA,1.0,23,7,0.001817775932643945,0.9968543585084055
1ATGA,1.0,23,8,0.0015409985324082993,0.9977215454398298
1ATGA,1.0,23,9,0.0014446622565721984,0.9976276393051625
1ATGA,1.0,23,10,0.0008420399215567773,0.9992016555004025
1ATGA,1.0,23,11,0.0014447865766091539,0.9981126691018105
1ATGA,1.0,23,12,0.0013698280783214156,0.9965903505046373
1ATGA,1.0,23,13,0.0016743212581234207,0.9966748340029867
1ATGA,1.0,23,14,0.001358385564427218,0.998018988999597
1ATGA,1.0,23,15,0.0013528525587574493,0.9976601235083385
1ATGA,1.0,23,16,0.0018675460595871556,0.9961460386466463
1ATGA,1.0,23,17,0.0015176319141960864,0.9973175314001697
1ATGA,1.0,23,18,0.001204294463250184,0.9982917277489036
1ATGA,1.0,23,19,0.001405065328921563,0.9976014356813827
1ATGA,1.0,24,0,0.0018585160220666466,0.9966577304389401
1ATGA,1.0,24,1,0.0011837497687902795,0.9985603157136828
1ATGA,1.0,24,2,0.0016809576134588363,0.9960152651720213
1ATGA,1.0,24,3,0.001718213886422149,0.9976972578204324
1ATGA,1.0,24,4,0.0013832841034000503,0.9978109788627015
1ATGA,1.0,24,5,0.001848364695904531,0.9973609049036597
1ATGA,1.0,24,6,0.001029217997744599,0.9989656664834032
1ATGA,1.0,24,7,0.0009928157960565713,0.9988722548552157
1ATGA,1.0,24,8,0.0016179397314584714,0.9976037432188785
1ATGA,1.0,24,9,0.0018260930625268788,0.9974808780154384
1ATGA,1.0,24,10,0.0017785665317549108,0.9965101787401776
1ATGA,1.0,24,11,0.0018257581909901014,0.997067669647996
1ATGA,1.0,24,12,0.0011746919446703392,0.9987008570953267
1ATGA,1.0,24,13,0.0017725258344292484,0.9974880743923294
1ATGA,1.0,24,14,0.0020910542674234273,0.9958322939184633
1ATGA,1.0,24,15,0.0021284210564626207,0.9946062728907257
1ATGA,1.0,24,16,0.001537104577547658,0.9974378135730881
1ATGA,1.0,24,17,0.0019224262266048047,0.996296145473267
1ATGA,1.0,24,18,0.0015968411929538867,0.997065024477041
1ATGA,1.0,24,19,0.0018588837206554817,0.9962970311584911
1ATGA,1.0,25,0,0.0018509759749562268,0.9968490190728125
1ATGA,1.0,25,1,0.0020256026221250243,0.9950140121625741
1ATGA,1.0,25,2,0.0016229027208310056,0.997853997928026
1ATGA,1.0,25,3,0.0019518095045822032,0.9965263280981282
1ATGA,1.0,25,4,0.0020636634533515155,0.995765372226341
1ATGA,1.0,25,5,0.0021261883072267343,0.9962198189725692
1ATGA,1.0,25,6,0.0018748048021948289,0.9966298577910565
1ATGA,1.0,25,7,0.0017839472789300762,0.9979796210003876
1ATGA,1.0,25,8,0.0008933900109175869,0.9991622622953223
1ATGA,1.0,25,9,0.002194886371139403,0.9950989103373735
1ATGA,1.0,25,10,0.0017430597634611775,0.9974971363195524
1ATGA,1.0,25,11,0.0009415624969780059,0.999101369094395
1ATGA,1.0,25,12,0.001832571487737339,0.9970958038058413
1ATGA,1.0,25,13,0.0015689916838553942,0.9980447021462419
1ATGA,1.0,25,14,0.0015714440311801875,0.9981745748794741
1ATGA,1.0,25,15,0.0015857913088235104,0.9969161669815452
1ATGA,1.0,25,16,0.000713301867702514,0.9994412107366172
1ATGA,1.0,25,17,0.0021100996609612634,0.9954193609443864
1ATGA,1.0,25,18,0.0019366105446826573,0.9960822316139912
1ATGA,1.0,25,19,0.0019709742483856024,0.9957377241516058
1ATGA,1.0,26,0,0.002110054773344343,0.9955910462675717
1ATGA,1.0,26,1,0.0021626551717664963,0.9947045488642162
1ATGA,1.0,26,2,0.002043277251078875,0.9966742031180337
1ATGA,1.0,26,3,0.0011392109022467884,0.9987750417196148
1ATGA,1.0,26,4,0.0006764451265767114,0.9996169904154664
1ATGA,1.0,26,5,0.0008764314673197447,0.9992196559689366
1ATGA,1.0,26,6,0.00043551743286188307,0.9997331094218357
1ATGA,1.0,26,7,0.0021440510337365276,0.9952659159552989
1ATGA,1.0,26,8,0.0018762762524310724,0.9974588953087237
1ATGA,1.0,26,9,0.0020128765481805216,0.9961223032437562
1ATGA,1.0,26,10,0.0015817473513883534,0.9981398386637437
1ATGA,1.0,26,11,0.0010061531364814952,0.9989681509097468
1ATGA,1.0,26,12,0.0020375730835013213,0.9968502985087092
1ATGA,1.0,26,13,0.0020359493965985257,0.9970994587295003
1ATGA,1.0,26,14,0.0006026164663483081,0.9995941015362021
1ATGA,1.0,26,15,0.0018631271198939277,0.9964388676016682
1ATGA,1.0,26,16,0.001974669383348348,0.9973212958990479
1ATGA,1.0,26,17,0.0017803462760706244,0.9984997325534986
1ATGA,1.0,26,18,0.0020121434525847974,0.9956960755932717
1ATGA,1.0,26,19,0.0020786791162931344,0.9955945785307321
1ATGA,1.0,27,0,0.0022649933131304828,0.9954885797042978
1ATGA,1.0,27,1,0.0016693706971610397,0.99772825265272
1ATGA,1.0,27,2,0.0020393262535372595,0.9968557571611177
1ATGA,1.0,27,3,0.0013292702758624607,0.9983672347429733
1ATGA,1.0,27,4,0.001130959966844622,0.9985692180728455
1ATGA,1.0,27,5,0.0015254726956687185,0.9984928940940943
1ATGA,1.0,27,6,0.0017770580852592937,0.9975351756081016
1ATGA,1.0,27,7,0.0010297136298977388,0.9990004782023876
1ATGA,1.0,27,8,0.0013775786969867495,0.9979811428924129
1ATGA,1.0,27,9,0.002152121874206703,0.9963413614709159
1ATGA,1.0,27,10,0.0006285721579949574,0.9995147660587207
1ATGA,1.0,27,11,0.0016629553364720733,0.9974246111069689
1ATGA,1.0,27,12,0.0017935428018385372,0.9973063901598068
1ATGA,1.0,27,13,0.0021897871813107064,0.9957543841145632
1ATGA,1.0,27,14,0.0019399347804240417,0.9978311566288636
1ATGA,1.0,27,15,0.0019834402750750764,0.9969395675125804
1ATGA,1.0,27,16,0.002235815524941429,0.995043187704605
1ATGA,1.0,27,17,0.0020472373194441807,0.997152345734933
1ATGA,1.0,27,18,0.0013390892179907055,0.9984005117761997
1ATGA,1.0,27,19,0.0015496479265124494,0.9974913461327557
1ATGA,1.0,28,0,0.0022036384197919538,0.9966335925522342
1ATGA,1.0,28,1,0.0019942289041442905,0.995685034876921
1ATGA,1.0,28,2,0.0009162259375913172,0.9990840068011857
1ATGA,1.0,28,3,0.00213836795864164,0.9965995653208689
1ATGA,1.0,28,4,0.0012180203093027121,0.9986018879090478
1ATGA,1.0,28,5,0.0016423620760251598,0.9970682081401414
1ATGA,1.0,28,6,0.0020047410973756253,0.9971192548531519
1ATGA,1.0,28,7,0.002172703189698253,0.9966738297764801
1ATGA,1.0,28,8,0.0016600444624312227,0.997688658098633
1ATGA,1.0,28,9,0.0025917372007038075,0.9956968309622783
1ATGA,1.0,28,10,0.00086744961228758,0.9994021511271748
1ATGA,1.0,28,11,0.0012967632980638718,0.9981906990898602
1ATGA,1.0,28,12,0.0017820599940821897,0.9979621140154746
1ATGA,1.0,28,13,0.001703980203121963,0.998783791915581
1ATGA,1.0,28,14,0.001558107468640897,0.9982208229233839
1ATGA,1.0,28,15,0.0019617362787549544,0.9962445328923719
1ATGA,1.0,28,16,0.001704134927540617,0.9978852674229557
1ATGA,1.0,28,17,0.0020013728587463943,0.9957036669396135
1ATGA,1.0,28,18,0.00036849324154939345,0.9998305334952237
1ATGA,1.0,28,19,0.00254143070514225,0.995671909884653
1ATGA,1.0,29,0,0.002088822561109926,0.9960921219901051
1ATGA,1.0,29,1,0.000755147504860736,0.9955776247074222
1ATGA,1.0,29,2,0.0013797964332875965,0.997764722517816
1ATGA,1.0,29,3,0.0013414668906622878,0.9989035603068616
1ATGA,1.0,29,4,0.0011240244375970863,0.9988682225604799
1ATGA,1.0,29,5,0.00142822513526823,0.9989929008616523
1ATGA,1.0,29,6,0.0021725333165259777,0.9958579675002105
1ATGA,1.0,29,7,0.0018296269934724061,0.9979574799389277
1ATGA,1.0,29,8,0.0021513234858549783,0.9964275542870207
1ATGA,1.0,29,9,0.0010518095659883815,0.9989426715640389
1ATGA,1.0,29,10,0.0012772126673961512,0.9989235004070747
1ATGA,1.0,29,11,0.0013552751489376382,0.9984220392302366
1ATGA,1.0,29,12,0.0020074035630880146,0.9972313746350537
1ATGA,1.0,29,13,0.002290816402717166,0.9951966155964905
1ATGA,1.0,29,14,0.0011791269406036529,0.9969121542728521
1ATGA,1.0,29,15,0.0015184578706241496,0.99565533314611
1ATGA,1.0,29,16,0.0020070572780290534,0.9958999919547221
1ATGA,1.0,29,17,0.0014329882861316462,0.9983557992260298
1ATGA,1.0,29,18,0.0019330723687254895,0.9977167553812307
1ATGA,1.0,29,19,0.0013550157535576852,0.9984741960290229
1ATGA,1.0,30,0,0.002280088998107211,0.9968619312074757
1ATGA,1.0,30,1,0.0020817892804725225,0.9969165233237636
1ATGA,1.0,30,2,0.0017415020642850378,0.9971083534860987
1ATGA,1.0,30,3,0.001823979796612866,0.9973678188967816
1ATGA,1.0,30,4,0.0008550580880193397,0.9975410452843445
1ATGA,1.0,30,5,0.0012807472861784547,0.9967094332879997
1ATGA,1.0,30,6,0.0010646824298168375,0.9983792213171668
1ATGA,1.0,30,7,0.0013030082010775756,0.9984635342839595
1ATGA,1.0,30,8,0.0021766650234935287,0.9949997160412833
1ATGA,1.0,30,9,0.002343074578468508,0.9964387344507256
1ATGA,1.0,30,10,0.0019006618424200039,0.9973953679725247
1ATGA,1.0,30,11,0.0017308137927269387,0.9971930784579325
1ATGA,1.0,30,12,0.0010052146486732067,0.9989798998568777
1ATGA,1.0,30,13,0.002071865385894185,0.9959085459277999
1ATGA,1.0,30,14,0.000754782548684864,0.9995261069370286
1ATGA,1.0,30,15,0.0006021797934047329,0.9996961872306
1ATGA,1.0,30,16,0.0019160464458802208,0.9969872841516452
1ATGA,1.0,30,17,0.0009689346736694867,0.9992065875988813
1ATGA,1.0,30,18,0.0015282567254725462,0.9956927274454466
1ATGA,1.0,30,19,0.0012636412915166344,0.9988898641114865
1ATGA,1.0,31,0,0.002479279987426322,0.9954917165449441
1ATGA,1.0,31,1,0.0018384227680352618,0.9972467715653878
1ATGA,1.0,31,2,0.001337899282494208,0.9979338250115801
1ATGA,1.0,31,3,0.00020724807247107828,0.9999476681600237
1ATGA,1.0,31,4,0.0018286979947244205,0.9951268438243861
1ATGA,1.0,31,5,0.0006936307510448427,0.9995750884119247
1ATGA,1.0,31,6,0.001416306404913911,0.9985594463584411
1ATGA,1.0,31,7,0.0009093561866047828,0.997337139425483
1ATGA,1.0,31,8,0.0015070724667981376,0.9990244965803681
1ATGA,1.0,31,9,0.0016999578216703155,0.9981832937293547
1ATGA,1.0,31,10,0.0016932922706024269,0.9967785045100398
1ATGA,1.0,31,11,0.0006381010495646538,0.9984171507590278
1ATGA,1.0,31,12,0.0017490103801449462,0.9973622667356147
1ATGA,1.0,31,13,0.00029065029766778803,0.9998886594156136
1ATGA,1.0,31,14,0.0010327730848293446,0.9990989173542392
1ATGA,1.0,31,15,0.0013441138088755103,0.999043308206019
1ATGA,1.0,31,16,0.0012524297022698892,0.9988300631604524
1ATGA,1.0,31,17,0.001712321911486694,0.9969361595314117
1ATGA,1.0,31,18,0.0015655675958116365,0.9987674529097531
1ATGA,1.0,31,19,0.0023368292518024733,0.9945870851158888
1ATGA,1.0,32,0,0.0020335470586351225,0.9934585901891075
1ATGA,1.0,32,1,0.0011083652940389044,0.9984996766422223
1ATGA,1.0,32,2,0.0014483626208320482,0.9952476187892575
1ATGA,1.0,32,3,0.0016983974732695136,0.9980886228874033
1ATGA,1.0,32,4,0.0020542043208418535,0.9965845474808039
1ATGA,1.0,32,5,0.0002788977826608786,0.9993707492592631
1ATGA,1.0,32,6,0.0014589544662905343,0.9970969737570418
1ATGA,1.0,32,7,0.0019479454461214971,0.997176007344701
1ATGA,1.0,32,8,0.0005534109519032719,0.9974901390202477
1ATGA,1.0,32,9,0.0007657021296929354,0.9992173382485986
1ATGA,1.0,32,10,0.001638011731775548,0.9974540828739078
1ATGA,1.0,32,11,0.0015531887615993006,0.9960995937172133
1ATGA,1.0,32,12,0.0014171710672611806,0.9977920361046176
1ATGA,1.0,32,13,0.001763270439263957,0.9975393846377423
1ATGA,1.0,32,14,0.0023972466473709915,0.9959448858177968
1ATGA,1.0,32,15,0.001281129736336119,0.9990920531520989
1ATGA,1.0,32,16,0.000652110977660859,0.9986425928399916
1ATGA,1.0,32,17,0.001635666737330906,0.9962057835591672
1ATGA,1.0,32,18,0.0016985891607234854,0.9973464774419969
1ATGA,1.0,32,19,0.002704302572351453,0.9936814888524066
1ATGA,2.0,0,0,0.0,1.0
1ATGA,2.0,0,1,0.0,1.0000000000000002
1ATGA,2.0,0,2,0.0,0.9999999999999998
1ATGA,2.0,0,3,0.0,1.0
1ATGA,2.0,0,4,0.0,0.9999999999999998
1ATGA,2.0,0,5,0.0,0.9999999999999999
1ATGA,2.0,0,6,0.0,1.0
1ATGA,2.0,0,7,0.0,1.0
1ATGA,2.0,0,8,0.0,0.9999999999999999
1ATGA,2.0,0,9,0.0,0.9999999999999999
1ATGA,2.0,0,10,0.0,0.9999999999999998
1ATGA,2.0,0,11,0.0,0.9999999999999999
1ATGA,2.0,0,12,0.0,0.9999999999999999
1ATGA,2.0,0,13,0.0,1.0000000000000002
1ATGA,2.0,0,14,0.0,0.9999999999999999
1ATGA,2.0,0,15,0.0,1.0
1ATGA,2.0,0,16,0.0,1.0000000000000002
1ATGA,2.0,0,17,0.0,1.0000000000000002
1ATGA,2.0,0,18,0.0,1.0000000000000002
1ATGA,2.0,0,19,0.0,0.9999999999999998
1ATGA,2.0,1,0,0.0,0.9999999999999998
1ATGA,2.0,1,1,0.0,1.0
1ATGA,2.0,1,2,0.0,1.0
1ATGA,2.0,1,3,0.0,1.0
1ATGA,2.0,1,4,0.0,1.0000000000000002
1ATGA,2.0,1,5,0.0,0.9999999999999999
1ATGA,2.0,1,6,0.0,1.0
1ATGA,2.0,1,7,0.0,0.9999999999999999
1ATGA,2.0,1,8,0.0,1.0000000000000002
1ATGA,2.0,1,9,0.0,1.0
1ATGA,2.0,1,10,0.0,1.0000000000000002
1ATGA,2.0,1,11,0.0,0.9999999999999999
1ATGA,2.0,1,12,0.0,1.0
1ATGA,2.0,1,13,0.0,1.0
1ATGA,2.0,1,14,0.0,0.9999999999999998
1ATGA,2.0,1,15,0.0,0.9999999999999999
1ATGA,2.0,1,16,0.0,0.9999999999999998
1ATGA,2.0,1,17,0.0,1.0
1ATGA,2.0,1,18,0.0,0.9999999999999999
1ATGA,2.0,1,19,0.0,0.9999999999999999
1ATGA,2.0,2,0,0.0,0.9999999999999999
1ATGA,2.0,2,1,0.0,1.0
1ATGA,2.0,2,2,0.0,0.9999999999999999
1ATGA,2.0,2,3,0.0,1.0000000000000002
1ATGA,2.0,2,4,0.0,1.0
1ATGA,2.0,2,5,0.0,1.0000000000000002
1ATGA,2.0,2,6,0.0,1.0
1ATGA,2.0,2,7,0.0,1.0
1ATGA,2.0,2,8,0.0,0.9999999999999999
1ATGA,2.0,2,9,0.0,1.0
1ATGA,2.0,2,10,0.0,1.0
1ATGA,2.0,2,11,0.0,1.0000000000000002
1ATGA,2.0,2,12,0.0,1.0
1ATGA,2.0,2,13,0.0,1.0
1ATGA,2.0,2,14,0.0,1.0
1ATGA,2.0,2,15,0.0,1.0
1ATGA,2.0,2,16,0.0,0.9999999999999998
1ATGA,2.0,2,17,0.0,1.0000000000000002
1ATGA,2.0,2,18,0.0,1.0000000000000002
1ATGA,2.0,2,19,0.0,1.0
1ATGA,2.0,3,0,0.0,1.0000000000000002
1ATGA,2.0,3,1,0.0,0.9999999999999999
1ATGA,2.0,3,2,0.0,1.0000000000000002
1ATGA,2.0,3,3,0.0,1.0
1ATGA,2.0,3,4,0.0,1.0000000000000002
1ATGA,2.0,3,5,0.0,0.9999999999999999
1ATGA,2.0,3,6,0.0,0.9999999999999998
1ATGA,2.0,3,7,0.0,1.0000000000000002
1ATGA,2.0,3,8,0.0,1.0
1ATGA,2.0,3,9,0.0,1.0000000000000002
1ATGA,2.0,3,10,0.0,1.0
1ATGA,2.0,3,11,0.0,1.0
1ATGA,2.0,3,12,0.0,1.0000000000000002
1ATGA,2.0,3,13,0.0,0.9999999999999998
1ATGA,2.0,3,14,0.0,1.0
1ATGA,2.0,3,15,0.0,0.9999999999999999
1ATGA,2.0,3,16,0.0,1.0
1ATGA,2.0,3,17,0.0,1.0000000000000002
1ATGA,2.0,3,18,0.0,1.0
1ATGA,2.0,3,19,0.0,1.0000000000000002
1ATGA,2.0,4,0,0.0,1.0
1ATGA,2.0,4,1,0.0,1.0000000000000002
1ATGA,2.0,4,2,0.0,1.0
1ATGA,2.0,4,3,0.0,1.0000000000000002
1ATGA,2.0,4,4,0.0,1.0
1ATGA,2.0,4,5,0.0,1.0
1ATGA,2.0,4,6,0.0,1.0
1ATGA,2.0,4,7,0.0,1.0000000000000002
1ATGA,2.0,4,8,0.0,0.9999999999999999
1ATGA,2.0,4,9,0.0,1.0
1ATGA,2.0,4,10,0.0,1.0
1ATGA,2.0,4,11,0.0,1.0
1ATGA,2.0,4,12,0.0,0.9999999999999998
1ATGA,2.0,4,13,0.0,1.0
1ATGA,2.0,4,14,0.0,1.0000000000000002
1ATGA,2.0,4,15,0.0,1.0
1ATGA,2.0,4,16,0.0,0.9999999999999998
1ATGA,2.0,4,17,0.0,0.9999999999999998
1ATGA,2.0,4,18,0.0,1.0
1ATGA,2.0,4,19,0.0,1.0
1ATGA,2.0,5,0,0.0,1.0000000000000002
1ATGA,2.0,5,1,0.0,1.0000000000000002
1ATGA,2.0,5,2,0.0,1.0
1ATGA,2.0,5,3,0.0,1.0
1ATGA,2.0,5,4,0.0,1.0
1ATGA,2.0,5,5,0.0,1.0
1ATGA,2.0,5,6,0.0,1.0000000000000002
1ATGA,2.0,5,7,0.0,0.9999999999999999
1ATGA,2.0,5,8,0.0,1.0
1ATGA,2.0,5,9,0.0,0.9999999999999998
1ATGA,2.0,5,10,0.0,1.0000000000000002
1ATGA,2.0,5,11,0.0,0.9999999999999998
1ATGA,2.0,5,12,0.0,1.0
1ATGA,2.0,5,13,0.0,0.9999999999999999
1ATGA,2.0,5,14,0.0,1.0
1ATGA,2.0,5,15,0.0,1.0
1ATGA,2.0,5,16,0.0,1.0
1ATGA,2.0,5,17,0.0,0.9999999999999999
1ATGA,2.0,5,18,0.0,1.0
1ATGA,2.0,5,19,0.0,0.9999999999999998
1ATGA,2.0,6,0,0.0,1.0000000000000002
1ATGA,2.0,6,1,0.0,1.0
1ATGA,2.0,6,2,0.0,1.0
1ATGA,2.0,6,3,0.0,1.0
1ATGA,2.0,6,4,0.0,1.0000000000000002
1ATGA,2.0,6,5,0.0,0.9999999999999999
1ATGA,2.0,6,6,0.0,0.9999999999999998
1ATGA,2.0,6,7,0.0,0.9999999999999999
1ATGA,2.0,6,8,0.0,1.0
1ATGA,2.0,6,9,0.0,1.0
1ATGA,2.0,6,10,0.0,1.0000000000000002
1ATGA,2.0,6,11,0.0,1.0
1ATGA,2.0,6,12,0.0,1.0000000000000002
1ATGA,2.0,6,13,0.0,1.0
1ATGA,2.0,6,14,0.0,1.0
1ATGA,2.0,6,15,0.0,1.0000000000000002
1ATGA,2.0,6,16,0.0,1.0000000000000002
1ATGA,2.0,6,17,0.0,1.0
1ATGA,2.0,6,18,0.0,1.0000000000000002
1ATGA,2.0,6,19,0.0,1.0
1ATGA,2.0,7,0,0.0,1.0000000000000002
1ATGA,2.0,7,1,0.0,1.0000000000000002
1ATGA,2.0,7,2,0.0,1.0
1ATGA,2.0,7,3,0.0,0.9999999999999999
1ATGA,2.0,7,4,0.0,1.0
1ATGA,2.0,7,5,0.0,1.0
1ATGA,2.0,7,6,0.0,1.0000000000000002
1ATGA,2.0,7,7,0.0,0.9999999999999999
1ATGA,2.0,7,8,0.0,1.0000000000000002
1ATGA,2.0,7,9,0.0,1.0
1ATGA,2.0,7,10,0.0,0.9999999999999998
1ATGA,2.0,7,11,0.0,1.0000000000000002
1ATGA,2.0,7,12,0.0,1.0000000000000002
1ATGA,2.0,7,13,0.0,0.9999999999999999
1ATGA,2.0,7,14,0.0,1.0000000000000002
1ATGA,2.0,7,15,0.0,1.0000000000000002
1ATGA,2.0,7,16,0.0,0.9999999999999998
1ATGA,2.0,7,17,0.0,1.0
1ATGA,2.0,7,18,0.0,1.0
1ATGA,2.0,7,19,0.0,0.9999999999999999
1ATGA,2.0,8,0,0.0,1.0
1ATGA,2.0,8,1,0.0,0.9999999999999999
1ATGA,2.0,8,2,0.0,0.9999999999999998
1ATGA,2.0,8,3,0.0,1.0000000000000002
1ATGA,2.0,8,4,0.0,1.0
1ATGA,2.0,8,5,0.0,1.0
1ATGA,2.0,8,6,0.0,0.9999999999999999
1ATGA,2.0,8,7,0.0,1.0
1ATGA,2.0,8,8,0.0,1.0000000000000002
1ATGA,2.0,8,9,0.0,0.9999999999999999
1ATGA,2.0,8,10,0.0,0.9999999999999998
1ATGA,2.0,8,11,0.0,1.0
1ATGA,2.0,8,12,0.0,1.0
1ATGA,2.0,8,13,0.0,0.9999999999999999
1ATGA,2.0,8,14,0.0,1.0
1ATGA,2.0,8,15,0.0,1.0000000000000002
1ATGA,2.0,8,16,0.0,1.0000000000000002
1ATGA,2.0,8,17,0.0,1.0
1ATGA,2.0,8,18,0.0,1.0
1ATGA,2.0,8,19,0.0,1.0000000000000002
1ATGA,2.0,9,0,0.0,1.0
1ATGA,2.0,9,1,0.0,0.9999999999999998
1ATGA,2.0,9,2,0.0,1.0
1ATGA,2.0,9,3,0.0,1.0
1ATGA,2.0,9,4,0.0,1.0000000000000002
1ATGA,2.0,9,5,0.0,0.9999999999999999
1ATGA,2.0,9,6,0.0,1.0
1ATGA,2.0,9,7,0.0,1.0
1ATGA,2.0,9,8,0.0,0.9999999999999998
1ATGA,2.0,9,9,0.0,1.0
1ATGA,2.0,9,10,0.0,1.0
1ATGA,2.0,9,11,0.0,1.0
1ATGA,2.0,9,12,0.0,1.0
1ATGA,2.0,9,13,0.0,1.0
1ATGA,2.0,9,14,0.0,1.0000000000000002
1ATGA,2.0,9,15,0.0,1.0000000000000002
1ATGA,2.0,9,16,0.0,1.0
1ATGA,2.0,9,17,0.0,1.0
1ATGA,2.0,9,18,0.0,1.0
1ATGA,2.0,9,19,0.0,1.0
1ATGA,2.0,10,0,0.1470662523628426,0.6560621039023349
1ATGA,2.0,10,1,0.004090508753392948,0.9875473685974018
1ATGA,2.0,10,2,0.06922148736502397,0.6043194040801076
1ATGA,2.0,10,3,0.009479599448527493,0.9872835867653792
1ATGA,2.0,10,4,0.016526980635510845,0.9055588949702446
1ATGA,2.0,10,5,0.0063263259191974385,0.9947604527718767
1ATGA,2.0,10,6,0.03767155744471039,0.8102531030753438
1ATGA,2.0,10,7,0.005098148473927931,0.9741784201446602
1ATGA,2.0,10,8,0.03332869112936776,0.8615910893529419
1ATGA,2.0,10,9,0.5959901038638934,0.098083644768629
1ATGA,2.0,10,10,0.005952846005675987,0.9778730790028002
1ATGA,2.0,10,11,0.06559447253293152,0.6871520509507031
1ATGA,2.0,10,12,0.1849525808844428,0.5300141454679016
1ATGA,2.0,10,13,0.026895595820518963,0.6880365677345822
1ATGA,2.0,10,14,0.10312101765322931,0.5541546583874549
1ATGA,2.0,10,15,0.019524508134344074,0.9217044725070637
1ATGA,2.0,10,16,0.11938573190505637,0.4395652525225404
1ATGA,2.0,10,17,0.006604222922505162,0.9908048914563448
1ATGA,2.0,10,18,0.008601033950891703,0.9328447795305559
1ATGA,2.0,10,19,0.04427490853016529,0.8856744669212067
1ATGA,2.0,11,0,0.027837999771674043,0.9625594413778576
1ATGA,2.0,11,1,0.03300088820241517,0.932470846735042
1ATGA,2.0,11,2,0.018700531377570575,0.9668719557246755
1ATGA,2.0,11,3,0.035777890794635454,0.9620224824659139
1ATGA,2.0,11,4,0.016080139999704292,0.9962065850768766
1ATGA,2.0,11,5,0.025781471603212258,0.9733895924888468
1ATGA,2.0,11,6,0.016726094974886984,0.9718158429044178
1ATGA,2.0,11,7,0.043905410257318284,0.9056160071721093
1ATGA,2.0,11,8,0.02281348644111008,0.9753566060534092
1ATGA,2.0,11,9,0.020715989178843684,0.9749163122933114
1ATGA,2.0,11,10,0.021277024790581446,0.9497233674070557
1ATGA,2.0,11,11,0.016530670771539264,0.9581499958632728
1ATGA,2.0,11,12,0.026030715149809883,0.9532194612829303
1ATGA,2.0,11,13,0.03756779110957026,0.9318956191583123
1ATGA,2.0,11,14,0.044883148840913836,0.9710140152427593
1ATGA,2.0,11,15,0.021268539968033514,0.9625701348394267
1ATGA,2.0,11,16,0.021743646263899193,0.9788641348546855
1ATGA,2.0,11,17,0.028908416442044293,0.9527575435734128
1ATGA,2.0,11,18,0.046802318815231975,0.9299641927380488
1ATGA,2.0,11,19,0.01887658606012591,0.9635404617280867
1ATGA,2.0,12,0,0.0018634548928706332,0.9983871878676467
1ATGA,2.0,12,1,0.010947210883370737,0.9853481533485068
1ATGA,2.0,12,2,0.008419470999895661,0.9952339429346316
1ATGA,2.0,12,3,0.007126942406704701,0.9914142088465479
1ATGA,2.0,12,4,0.008341623205647996,0.9852373938079423
1ATGA,2.0,12,5,0.004784898608705846,0.9978443559697131
1ATGA,2.0,12,6,0.004710241329113701,0.9730974938610647
1ATGA,2.0,12,7,0.017315977644910927,0.9768464052017592
1ATGA,2.0,12,8,0.0064112057617886214,0.9951278656128981
1ATGA,2.0,12,9,0.0131733991065936,0.9801079686979405
1ATGA,2.0,12,10,0.00772970004395362,0.994593675286249
1ATGA,2.0,12,11,0.006134789580712453,0.9885008826998124
1ATGA,2.0,12,12,0.005083936687263951,0.9966190853962664
1ATGA,2.0,12,13,0.011675679874704893,0.9834983506217885
1ATGA,2.0,12,14,0.006948624726862519,0.9816331074379909
1ATGA,2.0,12,15,0.008373007003372955,0.9927324312494525
1ATGA,2.0,12,16,0.005651275481954607,0.987043508969875
1ATGA,2.0,12,17,0.0119494663020531,0.9885101774190139
1ATGA,2.0,12,18,0.0038689847320530126,0.9973478900908966
1ATGA,2.0,12,19,0.007396996296785405,0.9934053078262959
1ATGA,2.0,13,0,0.0049467688606124795,0.9941590991353125
1ATGA,2.0,13,1,0.0038983848043837002,0.9953660419473902
1ATGA,2.0,13,2,0.005020147217127519,0.9948963782718252
1ATGA,2.0,13,3,0.005840828340535371,0.9957114275296411
1ATGA,2.0,13,4,0.0031213033196921007,0.9964756084145014
1ATGA,2.0,13,5,0.0026261441412587113,0.9985645207907977
1ATGA,2.0,13,6,0.0052787843210569795,0.9894861972075317
1ATGA,2.0,13,7,0.005864483119615212,0.997323175761053
1ATGA,2.0,13,8,0.004253305509647868,0.9983612733592518
1ATGA,2.0,13,9,0.0016685674007087157,0.9993292927494042
1ATGA,2.0,13,10,0.004630060585182525,0.9927954569801248
1ATGA,2.0,13,11,0.001860797135059636,0.9991604285379464
1ATGA,2.0,13,12,0.005041710459443741,0.9909175927469692
1ATGA,2.0,13,13,0.0047871443031739045,0.9799837753293917
1ATGA,2.0,13,14,0.004441761192053012,0.9971871946432603
1ATGA,2.0,13,15,0.00796380109802857,0.9922731932210307
1ATGA,2.0,13,16,0.006282748324326349,0.9881758732635734
1ATGA,2.0,13,17,0.006119055942075302,0.9926477792708589
1ATGA,2.0,13,18,0.006505928767440725,0.9937205168980838
1ATGA,2.0,13,19,0.003806160570382068,0.9983800711763094
1ATGA,2.0,14,0,0.003934121296975695,0.9948570440799127
1ATGA,2.0,14,1,0.00373936434327738,0.9983082048606113
1ATGA,2.0,14,2,0.0030452394323404316,0.996304841637687
1ATGA,2.0,14,3,0.0029918785667667537,0.9947978056828561
1ATGA,2.0,14,4,0.003016034400922848,0.9880338906520211
1ATGA,2.0,14,5,0.0023116903262403953,0.9983721050601035
1ATGA,2.0,14,6,0.0019225177524331844,0.9990166486588122
1ATGA,2.0,14,7,0.003388449935725266,0.9930060137892998
1ATGA,2.0,14,8,0.0056140906813493,0.9851557849676738
1ATGA,2.0,14,9,0.0028882498466792327,0.9988336641646323
1ATGA,2.0,14,10,0.0034232350276605684,0.9924620267277714
1ATGA,2.0,14,11,0.0035039366791550577,0.9956994347249861
1ATGA,2.0,14,12,0.004200051578109055,0.9949199126443905
1ATGA,2.0,14,13,0.003747441850462912,0.9940254052226636
1ATGA,2.0,14,14,0.002520410553756514,0.9970956155800866
1ATGA,2.0,14,15,0.002232520105246995,0.9983603103447082
1ATGA,2.0,14,16,0.005689031001216867,0.9845313722084198
1ATGA,2.0,14,17,0.004032118535108428,0.9902976755605458
1ATGA,2.0,14,18,0.0038478901909236077,0.9912424995257676
1ATGA,2.0,14,19,0.004606166625892699,0.9885298344842925
1ATGA,2.0,15,0,0.0032953869785945326,0.9765881544670896
1ATGA,2.0,15,1,0.004851900446289995,0.9872008474244506
1ATGA,2.0,15,2,0.0034979749732968876,0.9953063240597643
1ATGA,2.0,15,3,0.00350877937483267,0.9949969142154974
1ATGA,2.0,15,4,0.003120409048453897,0.9930491578990643
1ATGA,2.0,15,5,0.0033518720641635617,0.9907918799555689
1ATGA,2.0,15,6,0.0034023530371818937,0.9970557592388417
1ATGA,2.0,15,7,0.005647919709463034,0.987017275081561
1ATGA,2.0,15,8,0.0037611183568752563,0.9944585127373484
1ATGA,2.0,15,9,0.001977622850378578,0.9988955809786993
1ATGA,2.0,15,10,0.0023749040518104537,0.9969956507715537
1ATGA,2.0,15,11,0.006417462378142951,0.9713195289555191
1ATGA,2.0,15,12,0.003850872490734218,0.9923558523253607
1ATGA,2.0,15,13,0.0036196924131515016,0.9955885076090781
1ATGA,2.0,15,14,0.0030321082294482546,0.9966580788453328
1ATGA,2.0,15,15,0.0032780107668288067,0.9910377270710783
1ATGA,2.0,15,16,0.00462224302609071,0.9930278095064331
1ATGA,2.0,15,17,0.003307446120306455,0.9903332749610749
1ATGA,2.0,15,18,0.0034665040940406,0.9955582112790721
1ATGA,2.0,15,19,0.003830880479747108,0.9879559134937276
1ATGA,2.0,16,0,0.0037204988109444522,0.993973188925907
1ATGA,2.0,16,1,0.003891992450382725,0.9965901829145314
1ATGA,2.0,16,2,0.004349355119225281,0.9919283468312403
1ATGA,2.0,16,3,0.0031750810748407917,0.9951985315954694
1ATGA,2.0,16,4,0.003894495910791001,0.9912593006477302
1ATGA,2.0,16,5,0.0030829795816728514,0.9919181830339192
1ATGA,2.0,16,6,0.005264673962870416,0.981716819518178
1ATGA,2.0,16,7,0.004449071846163339,0.9970377137833994
1ATGA,2.0,16,8,0.00295992556756765,0.9961818645563781
1ATGA,2.0,16,9,0.002948797071596318,0.996616000375969
1ATGA,2.0,16,10,0.0029514878328310134,0.9969705229609623
1ATGA,2.0,16,11,0.0024502238580117394,0.9940248500402677
1ATGA,2.0,16,12,0.0025374547415117246,0.9965943355121161
1ATGA,2.0,16,13,0.003033192387402051,0.9967235338013299
1ATGA,2.0,16,14,0.0043768151546142425,0.98899735644725
1ATGA,2.0,16,15,0.002775524642920758,0.9971180894961005
1ATGA,2.0,16,16,0.004103041690156938,0.9900463659655934
1ATGA,2.0,16,17,0.0031813091894167403,0.9961821467536464
1ATGA,2.0,16,18,0.003965592811503642,0.9925648047420007
1ATGA,2.0,16,19,0.002733395493451329,0.9973679045085535
1ATGA,2.0,17,0,0.002907040464066067,0.9968963860965051
1ATGA,2.0,17,1,0.0025680225481452186,0.9978047482258054
1ATGA,2.0,17,2,0.00332933140325735,0.9931037856047591
1ATGA,2.0,17,3,0.0025961471210182155,0.9970707446216541
1ATGA,2.0,17,4,0.003111346575509587,0.9940628221349291
1ATGA,2.0,17,5,0.0024939805783964278,0.9972235944011155
1ATGA,2.0,17,6,0.003027102864373122,0.9936346357011676
1ATGA,2.0,17,7,0.002804387560376272,0.9968963276056038
1ATGA,2.0,17,8,0.003225906285226571,0.9957683309346738
1ATGA,2.0,17,9,0.0031090028493067374,0.9954430587912584
1ATGA,2.0,17,10,0.0031233067411538694,0.9955008267784922
1ATGA,2.0,17,11,0.002720881774785426,0.9945203883581265
1ATGA,2.0,17,12,0.004020550965830671,0.9866018806301874
1ATGA,2.0,17,13,0.0031922873929892247,0.993149527905128
1ATGA,2.0,17,14,0.002552004230031586,0.9981851976592612
1ATGA,2.0,17,15,0.003304414932500262,0.989466544881965
1ATGA,2.0,17,16,0.002495858887776113,0.9974478692165435
1ATGA,2.0,17,17,0.0031432195295405703,0.9931408808033301
1ATGA,2.0,17,18,0.003727755132609745,0.9921207810304977
1ATGA,2.0,17,19,0.0027299589779364876,0.996863226495815
1ATGA,2.0,18,0,0.003995342798351306,0.9921161773798906
1ATGA,2.0,18,1,0.002518447707079407,0.9972516955636239
1ATGA,2.0,18,2,0.0038156472420719473,0.9929823019935282
1ATGA,2.0,18,3,0.003709521760185077,0.9957382253124395
1ATGA,2.0,18,4,0.002803220006468919,0.9964860466185788
1ATGA,2.0,18,5,0.00271149563593461,0.9979367862760692
1ATGA,2.0,18,6,0.001242304910706256,0.9992555250277756
1ATGA,2.0,18,7,0.002938595998991719,0.9922601353359747
1ATGA,2.0,18,8,0.002565687748876154,0.9972502597370788
1ATGA,2.0,18,9,0.003360639305114961,0.9909816970633436
1ATGA,2.0,18,10,0.003230828746687745,0.9909356794829364
1ATGA,2.0,18,11,0.0031659110343396166,0.9923661811715522
1ATGA,2.0,18,12,0.0027806413411899235,0.9970329014534651
1ATGA,2.0,18,13,0.003979884652229323,0.992970034439826
1ATGA,2.0,18,14,0.0024707952404386634,0.9964110916339805
1ATGA,2.0,18,15,0.0036875789246006204,0.9871327072030839
1ATGA,2.0,18,16,0.003640041222487418,0.9886592780636038
1ATGA,2.0,18,17,0.005228178678535492,0.9814413022531827
1ATGA,2.0,18,18,0.003163171232863772,0.9959988313231359
1ATGA,2.0,18,19,0.002567908034262921,0.9955769456669888
1ATGA,2.0,19,0,0.001699340765609692,0.9983804923034301
1ATGA,2.0,19,1,0.003237664928045389,0.9934903965997961
1ATGA,2.0,19,2,0.0028437317805244965,0.9927610836148474
1ATGA,2.0,19,3,0.00214218512091913,0.9980649944568449
1ATGA,2.0,19,4,0.0034300178659143884,0.9965856011423598
1ATGA,2.0,19,5,0.0032013686585359823,0.99380214983925
1ATGA,2.0,19,6,0.003014214079622589,0.9911568735948825
1ATGA,2.0,19,7,0.0026454162219411033,0.9937370254002593
1ATGA,2.0,19,8,0.002598258980640281,0.9905998674051572
1ATGA,2.0,19,9,0.002938929459143401,0.997222965674738
1ATGA,2.0,19,10,0.003418201662646623,0.9971200691396879
1ATGA,2.0,19,11,0.0030137684227222825,0.9902196351293417
1ATGA,2.0,19,12,0.002931701816893987,0.997647246328216
1ATGA,2.0,19,13,0.0024215616765349912,0.9943841991630769
1ATGA,2.0,19,14,0.0016688456494986332,0.9989282391606146
1ATGA,2.0,19,15,0.0025466701863710085,0.9962331143799641
1ATGA,2.0,19,16,0.0035121878527293805,0.9910818552964247
1ATGA,2.0,19,17,0.002106096180704926,0.9970647797841968
1ATGA,2.0,19,18,0.002742477174960666,0.9927065283418541
1ATGA,2.0,19,19,0.0030085857534906148,0.995345657282167
1ATGA,2.0,20,0,0.0028007095816253366,0.9962379311857962
1ATGA,2.0,20,1,0.0025183050799343857,0.9970898855121597
1ATGA,2.0,20,2,0.002852044848525154,0.9948631451087624
1ATGA,2.0,20,3,0.0016125123890297784,0.9981621663011784
1ATGA,2.0,20,4,0.0029026136361537617,0.9967672325398862
1ATGA,2.0,20,5,0.0024393134264072635,0.9961723534050503
1ATGA,2.0,20,6,0.003238478585495743,0.9963553947406897
1ATGA,2.0,20,7,0.0030532391746612942,0.9960123250395013
1ATGA,2.0,20,8,0.0025558703535145458,0.9939727867025167
1ATGA,2.0,20,9,0.0029321351245060125,0.9954217549114136
1ATGA,2.0,20,10,0.0011958780953545039,0.9989337554533814
1ATGA,2.0,20,11,0.0026253384155716757,0.9958385341467257
1ATGA,2.0,20,12,0.0024627013648826582,0.9968566683196365
1ATGA,2.0,20,13,0.0016857437762693899,0.9987880081235923
1ATGA,2.0,20,14,0.003021393365782789,0.994721294926122
1ATGA,2.0,20,15,0.0016342244788499973,0.9986151760208004
1ATGA,2.0,20,16,0.003463070655179809,0.9958324873400909
1ATGA,2.0,20,17,0.004037703193272472,0.9919946917733126
1ATGA,2.0,20,18,0.0032783496984827238,0.9951077282044456
1ATGA,2.0,20,19,0.001546231464068637,0.9983650522613342
1ATGA,2.0,21,0,0.0030095472484919093,0.9965086826261156
1ATGA,2.0,21,1,0.003320869952045506,0.992839764891744
1ATGA,2.0,21,2,0.002672686090906664,0.9969818076307868
1ATGA,2.0,21,3,0.0030766940495325613,0.9931803300615131
1ATGA,2.0,21,4,0.0021729771811591116,0.9975019561074572
1ATGA,2.0,21,5,0.0027822131364168726,0.9973189704819357
1ATGA,2.0,21,6,0.002330513379981404,0.996955079802076
1ATGA,2.0,21,7,0.0036735359096759547,0.9891915372279368
1ATGA,2.0,21,8,0.00391041337252851,0.9935967829975244
1ATGA,2.0,21,9,0.003492678177179063,0.9958638995281173
1ATGA,2.0,21,10,0.0030478873989199257,0.9933236389760419
1ATGA,2.0,21,11,0.003032599894472002,0.996550165046756
1ATGA,2.0,21,12,0.0033321716137080185,0.9950486640048715
1ATGA,2.0,21,13,0.0017005501980754461,0.9985614852346893
1ATGA,2.0,21,14,0.003304357748602548,0.9907086931744462
1ATGA,2.0,21,15,0.0022452066635899456,0.9982258210363881
1ATGA,2.0,21,16,0.0026808548577887366,0.9967241141958968
1ATGA,2.0,21,17,0.0034295120013515877,0.9958414368767696
1ATGA,2.0,21,18,0.003124024495367422,0.9957231340932664
1ATGA,2.0,21,19,0.0028509847682511055,0.9968391283346842
1ATGA,2.0,22,0,0.0028526222826481254,0.9943740298602239
1ATGA,2.0,22,1,0.003556043577335454,0.992698195144905
1ATGA,2.0,22,2,0.0029775000243121258,0.9935684256995895
1ATGA,2.0,22,3,0.001886967624063141,0.9979236705440796
1ATGA,2.0,22,4,0.00250307832158088,0.9976659417653688
1ATGA,2.0,22,5,0.002900638003408528,0.9945529526847143
1ATGA,2.0,22,6,0.002756308774713256,0.9967565681007293
1ATGA,2.0,22,7,0.0029253414659480867,0.9958524559056473
1ATGA,2.0,22,8,0.0021020155243099145,0.9973694998755431
1ATGA,2.0,22,9,0.003495411970635479,0.9935562034457961
1ATGA,2.0,22,10,0.002612092352846114,0.9964355425204889
1ATGA,2.0,22,11,0.0026617998592878517,0.9961395997633278
1ATGA,2.0,22,12,0.0035215696725717366,0.9915488652417213
1ATGA,2.0,22,13,0.0032080966314330626,0.9906469690743092
1ATGA,2.0,22,14,0.003088772935080735,0.9945594499823228
1ATGA,2.0,22,15,0.001882741330157114,0.9980115691597655
1ATGA,2.0,22,16,0.0019030555457766473,0.9983086947468569
1ATGA,2.0,22,17,0.002327110496153956,0.9975811312465018
1ATGA,2.0,22,18,0.003401771591926718,0.9965185223710193
1ATGA,2.0,22,19,0.002525050755238815,0.9961981862542277
1ATGA,2.0,23,0,0.0017702467655583741,0.998231148482928
1ATGA,2.0,23,1,0.004190183404403665,0.9881186273152347
1ATGA,2.0,23,2,0.0035003623733882525,0.9951468322706324
1ATGA,2.0,23,3,0.002041993804166749,0.9980343192499241
1ATGA,2.0,23,4,0.003507518192163189,0.9928389682429491
1ATGA,2.0,23,5,0.00282183706043503,0.9942077032179562
1ATGA,2.0,23,6,0.0036750522674065516,0.9912419641875209
1ATGA,2.0,23,7,0.0037352871358711168,0.9935964063790161
1ATGA,2.0,23,8,0.003256391323546165,0.9952004541084558
1ATGA,2.0,23,9,0.0029706358572281827,0.9949939045120514
1ATGA,2.0,23,10,0.0017568495538284293,0.9983586541129149
1ATGA,2.0,23,11,0.0030104714252638157,0.9961723070125731
1ATGA,2.0,23,12,0.002960094641621752,0.9928731930565363
1ATGA,2.0,23,13,0.0035959378205442606,0.992888365366277
1ATGA,2.0,23,14,0.002925686293797597,0.9957704447663517
1ATGA,2.0,23,15,0.002747406363762313,0.9955538016896365
1ATGA,2.0,23,16,0.004044157575577862,0.9917580944027845
1ATGA,2.0,23,17,0.0031750355650729837,0.9943267079196942
1ATGA,2.0,23,18,0.0024702764359879285,0.9964900512702362
1ATGA,2.0,23,19,0.0028842503183851456,0.9951408610089294
1ATGA,2.0,24,0,0.003878453815863082,0.9934832480671187
1ATGA,2.0,24,1,0.0023845163463663385,0.9972044864515632
1ATGA,2.0,24,2,0.0035643319216014688,0.991388019794629
1ATGA,2.0,24,3,0.0035964885438311473,0.9953229350212235
1ATGA,2.0,24,4,0.0028092889260335897,0.9958418443699552
1ATGA,2.0,24,5,0.004008973410247433,0.993940822522364
1ATGA,2.0,24,6,0.00214243559095085,0.9978309014607329
1ATGA,2.0,24,7,0.0021853940956633572,0.9976425411799007
1ATGA,2.0,24,8,0.0034630054831390226,0.994898787928307
1ATGA,2.0,24,9,0.003806642046922635,0.9949297116949671
1ATGA,2.0,24,10,0.0037231502156702236,0.9924671936312307
1ATGA,2.0,24,11,0.004024812050227051,0.9929022626131978
1ATGA,2.0,24,12,0.0024972986901317024,0.9972997993304992
1ATGA,2.0,24,13,0.0037012529638390853,0.9949256141782477
1ATGA,2.0,24,14,0.004191505290189047,0.9919041526919726
1ATGA,2.0,24,15,0.004365159815603219,0.9891357063020567
1ATGA,2.0,24,16,0.003180826336486934,0.9949286441349711
1ATGA,2.0,24,17,0.004116430891233716,0.9922670305610102
1ATGA,2.0,24,18,0.0035039098087532063,0.9936197965109224
1ATGA,2.0,24,19,0.0038100487554366875,0.9927091217197237
1ATGA,2.0,25,0,0.004136936670245764,0.9925457717449486
1ATGA,2.0,25,1,0.004170149760297878,0.9897011894832464
1ATGA,2.0,25,2,0.0034737076653545812,0.9950965999398691
1ATGA,2.0,25,3,0.004164022342051361,0.9927627941851891
1ATGA,2.0,25,4,0.00408545315328315,0.992251270602837
1ATGA,2.0,25,5,0.004709760962127963,0.9911198097639125
1ATGA,2.0,25,6,0.004079836684356756,0.9925630843697403
1ATGA,2.0,25,7,0.0037291614491894174,0.995688611431482
1ATGA,2.0,25,8,0.0018804912751502986,0.9982815405730376
1ATGA,2.0,25,9,0.004927509225440198,0.988981369618933
1ATGA,2.0,25,10,0.003810510431817559,0.9944545766684735
1ATGA,2.0,25,11,0.0020470238158475686,0.9980370076753113
1ATGA,2.0,25,12,0.003880557468047338,0.9938715009712049
1ATGA,2.0,25,13,0.003399721894745435,0.9958123075904023
1ATGA,2.0,25,14,0.0033087023477432124,0.9959869255007588
1ATGA,2.0,25,15,0.003361369520684191,0.9926428231634378
1ATGA,2.0,25,16,0.0014747640258646478,0.9988591635104728
1ATGA,2.0,25,17,0.004508693026268465,0.9901269012622179
1ATGA,2.0,25,18,0.004125076478855756,0.9921210757857715
1ATGA,2.0,25,19,0.0041909371151749785,0.9911588506830883
1ATGA,2.0,26,0,0.0045526513597781105,0.9907441153386776
1ATGA,2.0,26,1,0.004451727849646484,0.9892868064051854
1ATGA,2.0,26,2,0.004197764709895592,0.9932023261480675
1ATGA,2.0,26,3,0.0024194954144999155,0.9974093241120796
1ATGA,2.0,26,4,0.0014446488029606639,0.999187778692665
1ATGA,2.0,26,5,0.002015627341847287,0.9981290157270151
1ATGA,2.0,26,6,0.0008993962383585115,0.9994726371514114
1ATGA,2.0,26,7,0.004578352626180438,0.9894876846550336
1ATGA,2.0,26,8,0.003953900380815501,0.9942039858947717
1ATGA,2.0,26,9,0.004209434770205727,0.9916452499214534
1ATGA,2.0,26,10,0.0032655901398294437,0.9963730439309869
1ATGA,2.0,26,11,0.0020249751691836263,0.9978966952416533
1ATGA,2.0,26,12,0.004222253943086753,0.9935911885399289
1ATGA,2.0,26,13,0.00438568834711833,0.9938349583695605
1ATGA,2.0,26,14,0.0012816836792277511,0.9991442548392335
1ATGA,2.0,26,15,0.003920218090186807,0.9927041782247499
1ATGA,2.0,26,16,0.004129424395901367,0.9944161569964168
1ATGA,2.0,26,17,0.003718638928149735,0.9967907276032936
1ATGA,2.0,26,18,0.004418264239905933,0.9899871625273408
1ATGA,2.0,26,19,0.004360519008050403,0.9907281069368326
1ATGA,2.0,27,0,0.004703379066499359,0.9907445621110901
1ATGA,2.0,27,1,0.00366924016682569,0.9948145771745276
1ATGA,2.0,27,2,0.004260090696909719,0.9937664909996832
1ATGA,2.0,27,3,0.002800030333759091,0.9966830555972269
1ATGA,2.0,27,4,0.002395817642338004,0.9971034521607707
1ATGA,2.0,27,5,0.0032838927737700264,0.996694751204425
1ATGA,2.0,27,6,0.00380045601002774,0.9944031623565925
1ATGA,2.0,27,7,0.0022210266878506155,0.9978818658854105
1ATGA,2.0,27,8,0.002957669241578406,0.9956486442456094
1ATGA,2.0,27,9,0.004598223891343609,0.9918671594523497
1ATGA,2.0,27,10,0.0014997531696768912,0.9987998388907607
1ATGA,2.0,27,11,0.0034061808725720072,0.9947942320811055
1ATGA,2.0,27,12,0.0038680398020974082,0.9939659737545324
1ATGA,2.0,27,13,0.004546541601779365,0.9912227926305099
1ATGA,2.0,27,14,0.004288122877290634,0.9951121221623161
1ATGA,2.0,27,15,0.004105322558885127,0.9935117492319749
1ATGA,2.0,27,16,0.004694427769473247,0.9897460754540063
1ATGA,2.0,27,17,0.0042818138113112246,0.9937537123205916
1ATGA,2.0,27,18,0.002801057838202752,0.9965778751503559
1ATGA,2.0,27,19,0.0032376751555727255,0.9947967515000463
1ATGA,2.0,28,0,0.004534910715810944,0.9932039066044038
1ATGA,2.0,28,1,0.0039010802383758884,0.9934134523747471
1ATGA,2.0,28,2,0.001986880412129465,0.9979593176001418
1ATGA,2.0,28,3,0.004486531808085516,0.99305285917835
1ATGA,2.0,28,4,0.0026107163881607938,0.9970096918778559
1ATGA,2.0,28,5,0.0034355362280091765,0.9936620826664463
1ATGA,2.0,28,6,0.0042138917582156005,0.9942252656034126
1ATGA,2.0,28,7,0.0045747615320492685,0.9926629270973911
1ATGA,2.0,28,8,0.0035437961420075057,0.9949958946177372
1ATGA,2.0,28,9,0.005369599290070386,0.9911165458383115
1ATGA,2.0,28,10,0.0018875483086685746,0.9987031602149596
1ATGA,2.0,28,11,0.002772980176234508,0.9961409419678151
1ATGA,2.0,28,12,0.003931766162384134,0.9954747990736865
1ATGA,2.0,28,13,0.003548126299600991,0.99754549472074
1ATGA,2.0,28,14,0.0030996233367988606,0.9966996888061656
1ATGA,2.0,28,15,0.004248133260544481,0.9919095525137077
1ATGA,2.0,28,16,0.0037138755066186925,0.9953304063636388
1ATGA,2.0,28,17,0.0041657918993746705,0.9905792067329197
1ATGA,2.0,28,18,0.0007584303126268431,0.9996624454219782
1ATGA,2.0,28,19,0.005101822977533323,0.9918490999755195
1ATGA,2.0,29,0,0.004398479893705059,0.991694165961289
1ATGA,2.0,29,1,0.0015846650952107584,0.9912294546295669
1ATGA,2.0,29,2,0.0030103406303559712,0.994913715627858
1ATGA,2.0,29,3,0.0028991979520787653,0.9975332178237157
1ATGA,2.0,29,4,0.002408313979591169,0.9975903725868872
1ATGA,2.0,29,5,0.003032293562059962,0.9977634989845325
1ATGA,2.0,29,6,0.004668237600049659,0.9908574215888719
1ATGA,2.0,29,7,0.0037335728889157285,0.996265933411394
1ATGA,2.0,29,8,0.004367237538283154,0.9932604345422195
1ATGA,2.0,29,9,0.002156671679355275,0.997886541263198
1ATGA,2.0,29,10,0.002618155026171701,0.9977408000792757
1ATGA,2.0,29,11,0.002815041854166493,0.9968889085699674
1ATGA,2.0,29,12,0.0042716144992195,0.9938551698941565
1ATGA,2.0,29,13,0.0048162371911888635,0.9901780669566056
1ATGA,2.0,29,14,0.002454353189706856,0.9936697093835987
1ATGA,2.0,29,15,0.0031465748199099837,0.9910967620610983
1ATGA,2.0,29,16,0.004231436833564231,0.9911860337045086
1ATGA,2.0,29,17,0.002918535646990762,0.996833990298078
1ATGA,2.0,29,18,0.004047012242397999,0.9951700129648337
1ATGA,2.0,29,19,0.0029235400245155737,0.9966905351057679
1ATGA,2.0,30,0,0.004722015746823187,0.9934962450352836
1ATGA,2.0,30,1,0.0043510541177607,0.993377084525517
1ATGA,2.0,30,2,0.0036282944261293365,0.9939948427776182
1ATGA,2.0,30,3,0.003935066881277762,0.9942490515083258
1ATGA,2.0,30,4,0.0017827273224441378,0.9948359686959501
1ATGA,2.0,30,5,0.0028179941257688627,0.9926834987711705
1ATGA,2.0,30,6,0.0021745819141850637,0.9967068648976741
1ATGA,2.0,30,7,0.0026627506359582797,0.9969746072461295
1ATGA,2.0,30,8,0.0047045256229442094,0.9889908369632565
1ATGA,2.0,30,9,0.0050617787137765165,0.9922254642606663
1ATGA,2.0,30,10,0.004163014149919413,0.9941851648986514
1ATGA,2.0,30,11,0.0036158180205054136,0.9942931769517221
1ATGA,2.0,30,12,0.002078838556470625,0.9979764787331786
1ATGA,2.0,30,13,0.00425927206866236,0.991908516015723
1ATGA,2.0,30,14,0.0015425058477661839,0.9990329309746041
1ATGA,2.0,30,15,0.0012750707775279974,0.9993134271302728
1ATGA,2.0,30,16,0.003912620743722509,0.9941450140000634
1ATGA,2.0,30,17,0.0019895698891502205,0.9984206305364963
1ATGA,2.0,30,18,0.0032334748605907797,0.9908158129171099
1ATGA,2.0,30,19,0.0026626736491824547,0.9976571161963274
1ATGA,2.0,31,0,0.005157363512521048,0.9907789263938998
1ATGA,2.0,31,1,0.00377013471087784,0.9943953348277755
1ATGA,2.0,31,2,0.002794552155219617,0.9957426237195712
1ATGA,2.0,31,3,0.00042608576486755426,0.9998949501590437
1ATGA,2.0,31,4,0.0037892722281631006,0.9897006614818146
1ATGA,2.0,31,5,0.0015345012693057279,0.9990161188584462
1ATGA,2.0,31,6,0.002910101036472869,0.9971682350522861
1ATGA,2.0,31,7,0.0019379538368930072,0.9944761772731447
1ATGA,2.0,31,8,0.0031187201776971237,0.9980321541229688
1ATGA,2.0,31,9,0.0036404172249672345,0.9962867611859911
1ATGA,2.0,31,10,0.003653799964540962,0.9927709389268068
1ATGA,2.0,31,11,0.0013533900672507407,0.9966708305281794
1ATGA,2.0,31,12,0.0035505862058248655,0.994889566830469
1ATGA,2.0,31,13,0.0006108595530315238,0.9997558373957217
1ATGA,2.0,31,14,0.002140073716900661,0.9981739287831862
1ATGA,2.0,31,15,0.002923802507418894,0.9978611470249686
1ATGA,2.0,31,16,0.002595812816559409,0.9976483191167245
1ATGA,2.0,31,17,0.003538502603891334,0.9937544738526525
1ATGA,2.0,31,18,0.00326392554660276,0.9974418599953909
1ATGA,2.0,31,19,0.004754085330467785,0.9888307829995576
1ATGA,2.0,32,0,0.0043584937584574285,0.9850951941170037
1ATGA,2.0,32,1,0.00224751888039677,0.9969702838293928
1ATGA,2.0,32,2,0.0030570197988528044,0.9902778713722731
1ATGA,2.0,32,3,0.0035358322008820706,0.9960081402610856
1ATGA,2.0,32,4,0.004245319531300218,0.9930315852734332
1ATGA,2.0,32,5,0.0005982910107183856,0.9986688894518888
1ATGA,2.0,32,6,0.0030469297063987137,0.994034297866524
1ATGA,2.0,32,7,0.004157614042349296,0.9940552925436184
1ATGA,2.0,32,8,0.0012045083965049961,0.9951594204081107
1ATGA,2.0,32,9,0.0015874618897481665,0.9983720442206748
1ATGA,2.0,32,10,0.003396490128989376,0.994694400652804
1ATGA,2.0,32,11,0.0033172933282280158,0.9915388236466448
1ATGA,2.0,32,12,0.002903271284189279,0.9956151265529243
1ATGA,2.0,32,13,0.0035986454494880368,0.9950716643596644
1ATGA,2.0,32,14,0.005141988183826284,0.991076646851568
1ATGA,2.0,32,15,0.002644030371757125,0.998104209978956
1ATGA,2.0,32,16,0.001341320930049231,0.9972592571572242
1ATGA,2.0,32,17,0.0035071549228960757,0.9916744959924415
1ATGA,2.0,32,18,0.003600244975999294,0.9943665363256412
1ATGA,2.0,32,19,0.005618253211836264,0.9870380728976547
1ATGA,4.0,0,0,0.0,1.0
1ATGA,4.0,0,1,0.0,1.0000000000000002
1ATGA,4.0,0,2,0.0,0.9999999999999998
1ATGA,4.0,0,3,0.0,1.0
1ATGA,4.0,0,4,0.0,0.9999999999999998
1ATGA,4.0,0,5,0.0,0.9999999999999999
1ATGA,4.0,0,6,0.0,1.0
1ATGA,4.0,0,7,0.0,1.0
1ATGA,4.0,0,8,0.0,0.9999999999999999
1ATGA,4.0,0,9,0.0,0.9999999999999999
1ATGA,4.0,0,10,0.0,0.9999999999999998
1ATGA,4.0,0,11,0.0,0.9999999999999999
1ATGA,4.0,0,12,0.0,0.9999999999999999
1ATGA,4.0,0,13,0.0,1.0000000000000002
1ATGA,4.0,0,14,0.0,0.9999999999999999
1ATGA,4.0,0,15,0.0,1.0
1ATGA,4.0,0,16,0.0,1.0000000000000002
1ATGA,4.0,0,17,0.0,1.0000000000000002
1ATGA,4.0,0,18,0.0,1.0000000000000002
1ATGA,4.0,0,19,0.0,0.9999999999999998
1ATGA,4.0,1,0,0.0,0.9999999999999998
1ATGA,4.0,1,1,0.0,1.0
1ATGA,4.0,1,2,0.0,1.0
1ATGA,4.0,1,3,0.0,1.0
1ATGA,4.0,1,4,0.0,1.0000000000000002
1ATGA,4.0,1,5,0.0,0.9999999999999999
1ATGA,4.0,1,6,0.0,1.0
1ATGA,4.0,1,7,0.0,0.9999999999999999
1ATGA,4.0,1,8,0.0,1.0000000000000002
1ATGA,4.0,1,9,0.0,1.0
1ATGA,4.0,1,10,0.0,1.0000000000000002
1ATGA,4.0,1,11,0.0,0.9999999999999999
1ATGA,4.0,1,12,0.0,1.0
1ATGA,4.0,1,13,0.0,1.0
1ATGA,4.0,1,14,0.0,0.9999999999999998
1ATGA,4.0,1,15,0.0,0.9999999999999999
1ATGA,4.0,1,16,0.0,0.9999999999999998
1ATGA,4.0,1,17,0.0,1.0
1ATGA,4.0,1,18,0.0,0.9999999999999999
1ATGA,4.0,1,19,0.0,0.9999999999999999
1ATGA,4.0,2,0,0.0,0.9999999999999999
1ATGA,4.0,2,1,0.0,1.0
1ATGA,4.0,2,2,0.0,0.9999999999999999
1ATGA,4.0,2,3,0.0,1.0000000000000002
1ATGA,4.0,2,4,0.0,1.0
1ATGA,4.0,2,5,0.0,1.0000000000000002
1ATGA,4.0,2,6,0.0,1.0
1ATGA,4.0,2,7,0.0,1.0
1ATGA,4.0,2,8,0.0,0.9999999999999999
1ATGA,4.0,2,9,0.0,1.0
1ATGA,4.0,2,10,0.0,1.0
1ATGA,4.0,2,11,0.0,1.0000000000000002
1ATGA,4.0,2,12,0.0,1.0
1ATGA,4.0,2,13,0.0,1.0
1ATGA,4.0,2,14,0.0,1.0
1ATGA,4.0,2,15,0.0,1.0
1ATGA,4.0,2,16,0.0,0.9999999999999998
1ATGA,4.0,2,17,0.0,1.0000000000000002
1ATGA,4.0,2,18,0.0,1.0000000000000002
1ATGA,4.0,2,19,0.0,1.0
1ATGA,4.0,3,0,0.0,1.0000000000000002
1ATGA,4.0,3,1,0.0,0.9999999999999999
1ATGA,4.0,3,2,0.0,1.0000000000000002
1ATGA,4.0,3,3,0.0,1.0
1ATGA,4.0,3,4,0.0,1.0000000000000002
1ATGA,4.0,3,5,0.0,0.9999999999999999
1ATGA,4.0,3,6,0.0,0.9999999999999998
1ATGA,4.0,3,7,0.0,1.0000000000000002
1ATGA,4.0,3,8,0.0,1.0
1ATGA,4.0,3,9,0.0,1.0000000000000002
1ATGA,4.0,3,10,0.0,1.0
1ATGA,4.0,3,11,0.0,1.0
1ATGA,4.0,3,12,0.0,1.0000000000000002
1ATGA,4.0,3,13,0.0,0.9999999999999998
1ATGA,4.0,3,14,0.0,1.0
1ATGA,4.0,3,15,0.0,0.9999999999999999
1ATGA,4.0,3,16,0.0,1.0
1ATGA,4.0,3,17,0.0,1.0000000000000002
1ATGA,4.0,3,18,0.0,1.0
1ATGA,4.0,3,19,0.0,1.0000000000000002
1ATGA,4.0,4,0,0.0,1.0
1ATGA,4.0,4,1,0.0,1.0000000000000002
1ATGA,4.0,4,2,0.0,1.0
1ATGA,4.0,4,3,0.0,1.0000000000000002
1ATGA,4.0,4,4,0.0,1.0
1ATGA,4.0,4,5,0.0,1.0
1ATGA,4.0,4,6,0.0,1.0
1ATGA,4.0,4,7,0.0,1.0000000000000002
1ATGA,4.0,4,8,0.0,0.9999999999999999
1ATGA,4.0,4,9,0.0,1.0
1ATGA,4.0,4,10,0.0,1.0
1ATGA,4.0,4,11,0.0,1.0
1ATGA,4.0,4,12,0.0,0.9999999999999998
1ATGA,4.0,4,13,0.0,1.0
1ATGA,4.0,4,14,0.0,1.0000000000000002
1ATGA,4.0,4,15,0.0,1.0
1ATGA,4.0,4,16,0.0,0.9999999999999998
1ATGA,4.0,4,17,0.0,0.9999999999999998
1ATGA,4.0,4,18,0.0,1.0
1ATGA,4.0,4,19,0.0,1.0
1ATGA,4.0,5,0,0.0,1.0000000000000002
1ATGA,4.0,5,1,0.0,1.0000000000000002
1ATGA,4.0,5,2,0.0,1.0
1ATGA,4.0,5,3,0.0,1.0
1ATGA,4.0,5,4,0.0,1.0
1ATGA,4.0,5,5,0.0,1.0
1ATGA,4.0,5,6,0.0,1.0000000000000002
1ATGA,4.0,5,7,0.0,0.9999999999999999
1ATGA,4.0,5,8,0.0,1.0
1ATGA,4.0,5,9,0.0,0.9999999999999998
1ATGA,4.0,5,10,0.0,1.0000000000000002
1ATGA,4.0,5,11,0.0,0.9999999999999998
1ATGA,4.0,5,12,0.0,1.0
1ATGA,4.0,5,13,0.0,0.9999999999999999
1ATGA,4.0,5,14,0.0,1.0
1ATGA,4.0,5,15,0.0,1.0
1ATGA,4.0,5,16,0.0,1.0
1ATGA,4.0,5,17,0.0,0.9999999999999999
1ATGA,4.0,5,18,0.0,1.0
1ATGA,4.0,5,19,0.0,0.9999999999999998
1ATGA,4.0,6,0,0.0,1.0000000000000002
1ATGA,4.0,6,1,0.0,1.0
1ATGA,4.0,6,2,0.0,1.0
1ATGA,4.0,6,3,0.0,1.0
1ATGA,4.0,6,4,0.0,1.0000000000000002
1ATGA,4.0,6,5,0.0,0.9999999999999999
1ATGA,4.0,6,6,0.0,0.9999999999999998
1ATGA,4.0,6,7,0.0,0.9999999999999999
1ATGA,4.0,6,8,0.0,1.0
1ATGA,4.0,6,9,0.0,1.0
1ATGA,4.0,6,10,0.0,1.0000000000000002
1ATGA,4.0,6,11,0.0,1.0
1ATGA,4.0,6,12,0.0,1.0000000000000002
1ATGA,4.0,6,13,0.0,1.0
1ATGA,4.0,6,14,0.0,1.0
1ATGA,4.0,6,15,0.0,1.0000000000000002
1ATGA,4.0,6,16,0.0,1.0000000000000002
1ATGA,4.0,6,17,0.0,1.0
1ATGA,4.0,6,18,0.0,1.0000000000000002
1ATGA,4.0,6,19,0.0,1.0
1ATGA,4.0,7,0,0.0,1.0000000000000002
1ATGA,4.0,7,1,0.0,1.0000000000000002
1ATGA,4.0,7,2,0.0,1.0
1ATGA,4.0,7,3,0.0,0.9999999999999999
1ATGA,4.0,7,4,0.0,1.0
1ATGA,4.0,7,5,0.0,1.0
1ATGA,4.0,7,6,0.0,1.0000000000000002
1ATGA,4.0,7,7,0.0,0.9999999999999999
1ATGA,4.0,7,8,0.0,1.0000000000000002
1ATGA,4.0,7,9,0.0,1.0
1ATGA,4.0,7,10,0.0,0.9999999999999998
1ATGA,4.0,7,11,0.0,1.0000000000000002
1ATGA,4.0,7,12,0.0,1.0000000000000002
1ATGA,4.0,7,13,0.0,0.9999999999999999
1ATGA,4.0,7,14,0.0,1.0000000000000002
1ATGA,4.0,7,15,0.0,1.0000000000000002
1ATGA,4.0,7,16,0.0,0.9999999999999998
1ATGA,4.0,7,17,0.0,1.0
1ATGA,4.0,7,18,0.0,1.0
1ATGA,4.0,7,19,0.0,0.9999999999999999
1ATGA,4.0,8,0,0.0,1.0
1ATGA,4.0,8,1,0.0,0.9999999999999999
1ATGA,4.0,8,2,0.0,0.9999999999999998
1ATGA,4.0,8,3,0.0,1.0000000000000002
1ATGA,4.0,8,4,0.0,1.0
1ATGA,4.0,8,5,0.0,1.0
1ATGA,4.0,8,6,0.0,0.9999999999999999
1ATGA,4.0,8,7,0.0,1.0
1ATGA,4.0,8,8,0.0,1.0000000000000002
1ATGA,4.0,8,9,0.0,0.9999999999999999
1ATGA,4.0,8,10,0.0,0.9999999999999998
1ATGA,4.0,8,11,0.0,1.0
1ATGA,4.0,8,12,0.0,1.0
1ATGA,4.0,8,13,0.0,0.9999999999999999
1ATGA,4.0,8,14,0.0,1.0
1ATGA,4.0,8,15,0.0,1.0000000000000002
1ATGA,4.0,8,16,0.0,1.0000000000000002
1ATGA,4.0,8,17,0.0,1.0
1ATGA,4.0,8,18,0.0,1.0
1ATGA,4.0,8,19,0.0,1.0000000000000002
1ATGA,4.0,9,0,0.0,1.0
1ATGA,4.0,9,1,0.0,0.9999999999999998
1ATGA,4.0,9,2,0.0,1.0
1ATGA,4.0,9,3,0.0,1.0
1ATGA,4.0,9,4,0.0,1.0000000000000002
1ATGA,4.0,9,5,0.0,0.9999999999999999
1ATGA,4.0,9,6,0.0,1.0
1ATGA,4.0,9,7,0.0,1.0
1ATGA,4.0,9,8,0.0,0.9999999999999998
1ATGA,4.0,9,9,0.0,1.0
1ATGA,4.0,9,10,0.0,1.0
1ATGA,4.0,9,11,0.0,1.0
1ATGA,4.0,9,12,0.0,1.0
1ATGA,4.0,9,13,0.0,1.0
1ATGA,4.0,9,14,0.0,1.0000000000000002
1ATGA,4.0,9,15,0.0,1.0000000000000002
1ATGA,4.0,9,16,0.0,1.0
1ATGA,4.0,9,17,0.0,1.0
1ATGA,4.0,9,18,0.0,1.0
1ATGA,4.0,9,19,0.0,1.0
1ATGA,4.0,10,0,0.2195332458856269,0.4860614669923424
1ATGA,4.0,10,1,0.00963484158127644,0.9722344477978252
1ATGA,4.0,10,2,0.10288542676407038,0.4471695592796493
1ATGA,4.0,10,3,0.019858511869226513,0.9757968222435444
1ATGA,4.0,10,4,0.029071402646733812,0.8622758616074256
1ATGA,4.0,10,5,0.015278012120372735,0.9861429766715452
1ATGA,4.0,10,6,0.06444200346928905,0.652318750620888
1ATGA,4.0,10,7,0.010685339768639944,0.957614933775753
1ATGA,4.0,10,8,0.053370942231220186,0.809658738931803
1ATGA,4.0,10,9,0.6061032642256163,0.09217122510118012
1ATGA,4.0,10,10,0.012898727854690742,0.9400261898267435
1ATGA,4.0,10,11,0.10116383391398412,0.5620985883062319
1ATGA,4.0,10,12,0.24987920785229714,0.39346478733230617
1ATGA,4.0,10,13,0.0420204553558709,0.5658176227024665
1ATGA,4.0,10,14,0.14778799080292662,0.3541176355885537
1ATGA,4.0,10,15,0.031754785807439095,0.8951859457008299
1ATGA,4.0,10,16,0.1590976642921947,0.32086443523928465
1ATGA,4.0,10,17,0.014242378695755327,0.981259871798616
1ATGA,4.0,10,18,0.019067828221229616,0.8788751792657488
1ATGA,4.0,10,19,0.06669845287611359,0.8521755204837096
1ATGA,4.0,11,0,0.03309963888846254,0.952865002671688
1ATGA,4.0,11,1,0.037650289670649054,0.9202222989469965
1ATGA,4.0,11,2,0.023403170815698465,0.9511881731418287
1ATGA,4.0,11,3,0.04131658934553222,0.9545523851255235
1ATGA,4.0,11,4,0.030491127290638208,0.992178813530085
1ATGA,4.0,11,5,0.03265160360825308,0.9486711399382193
1ATGA,4.0,11,6,0.02045808663699304,0.9715007448577693
1ATGA,4.0,11,7,0.05386843632283744,0.874892228144896
1ATGA,4.0,11,8,0.03323083732807552,0.9514761742127013
1ATGA,4.0,11,9,0.025673574279643698,0.9697139838678472
1ATGA,4.0,11,10,0.02589322891404487,0.9389050056444948
1ATGA,4.0,11,11,0.020602702432358375,0.931968899831083
1ATGA,4.0,11,12,0.03422115220061745,0.9373460193043253
1ATGA,4.0,11,13,0.04470475475593673,0.918762473630699
1ATGA,4.0,11,14,0.05991184177861315,0.9392443413987641
1ATGA,4.0,11,15,0.027874707700566503,0.9249963081035597
1ATGA,4.0,11,16,0.0518354201843084,0.9612902038531193
1ATGA,4.0,11,17,0.03710000869653271,0.9271561309751435
1ATGA,4.0,11,18,0.05371302553278949,0.9133870678233709
1ATGA,4.0,11,19,0.02450669510242778,0.9352079894244242
1ATGA,4.0,12,0,0.002134474671701806,0.9981375888921791
1ATGA,4.0,12,1,0.01619926191527592,0.975475207734422
1ATGA,4.0,12,2,0.013849622841326015,0.991601084118784
1ATGA,4.0,12,3,0.009307090301597765,0.9891482952653478
1ATGA,4.0,12,4,0.012155892257323105,0.9763699301226071
1ATGA,4.0,12,5,0.006048979590142336,0.9970552951883604
1ATGA,4.0,12,6,0.006466906774864414,0.9685322627599302
1ATGA,4.0,12,7,0.021111847130739853,0.9705686959166767
1ATGA,4.0,12,8,0.009664859244791407,0.9927258990937696
1ATGA,4.0,12,9,0.016859481382523078,0.9754214837114747
1ATGA,4.0,12,10,0.011100309354276213,0.9913936071149521
1ATGA,4.0,12,11,0.008342759907498628,0.9844549406756021
1ATGA,4.0,12,12,0.006523719020551394,0.9953561035484187
1ATGA,4.0,12,13,0.01546629325314085,0.9805473092242386
1ATGA,4.0,12,14,0.009772943099316823,0.9647477186210109
1ATGA,4.0,12,15,0.01232215218916755,0.9889712679718561
1ATGA,4.0,12,16,0.0076168308460168675,0.9804992963652951
1ATGA,4.0,12,17,0.015887327191224244,0.9832261201609585
1ATGA,4.0,12,18,0.004791054548238518,0.9966148097032008
1ATGA,4.0,12,19,0.011394094689912449,0.9893782284097472
1ATGA,4.0,13,0,0.006821093657786983,0.9919505586972899
1ATGA,4.0,13,1,0.005406901461694674,0.9925110427271661
1ATGA,4.0,13,2,0.006836728636234409,0.9930706294189454
1ATGA,4.0,13,3,0.00917649107172846,0.9925806694410909
1ATGA,4.0,13,4,0.004691319786767037,0.9946175084798735
1ATGA,4.0,13,5,0.0033016005091916273,0.9983400147785941
1ATGA,4.0,13,6,0.007829261527207263,0.9830413230784226
1ATGA,4.0,13,7,0.007655777746274355,0.9960036183225299
1ATGA,4.0,13,8,0.006073600836526842,0.9980673728159424
1ATGA,4.0,13,9,0.0023547652564922293,0.9990403820810948
1ATGA,4.0,13,10,0.006867669148772597,0.9894008461171195
1ATGA,4.0,13,11,0.0026077993534389765,0.9987709219918164
1ATGA,4.0,13,12,0.006853072718592499,0.9850840059744597
1ATGA,4.0,13,13,0.006259710223967717,0.975055452693036
1ATGA,4.0,13,14,0.006717466573719734,0.9955022655009729
1ATGA,4.0,13,15,0.010825848635897263,0.989043508736967
1ATGA,4.0,13,16,0.008962242149928695,0.9785446737019613
1ATGA,4.0,13,17,0.009086504800970568,0.9888880059373539
1ATGA,4.0,13,18,0.009590525882340198,0.9894434565070588
1ATGA,4.0,13,19,0.005551399917908449,0.9976868452930606
1ATGA,4.0,14,0,0.006441568025313649,0.9909440230289052
1ATGA,4.0,14,1,0.0056476947355791765,0.9975784913309051
1ATGA,4.0,14,2,0.004878530167148794,0.9939279587937898
1ATGA,4.0,14,3,0.004293789939594282,0.9931412947097128
1ATGA,4.0,14,4,0.004507980793064149,0.9825175957370169
1ATGA,4.0,14,5,0.003982622419836026,0.9971627519709415
1ATGA,4.0,14,6,0.0029959868024625586,0.998472657367605
1ATGA,4.0,14,7,0.005354279284657618,0.9889623165895337
1ATGA,4.0,14,8,0.008554038513347623,0.9776150196380592
1ATGA,4.0,14,9,0.004783680350871932,0.997351226216233
1ATGA,4.0,14,10,0.006313549892543884,0.9875998135608585
1ATGA,4.0,14,11,0.005257642441257328,0.9935816545616422
1ATGA,4.0,14,12,0.006772376833211812,0.9911934114121561
1ATGA,4.0,14,13,0.005433983356266102,0.9907647130979361
1ATGA,4.0,14,14,0.0038627185529650425,0.9956785009190428
1ATGA,4.0,14,15,0.0033180008128596505,0.9974840342876268
1ATGA,4.0,14,16,0.009384361672966647,0.9729549085631617
1ATGA,4.0,14,17,0.006231630883832449,0.9857158820393324
1ATGA,4.0,14,18,0.004819476686381931,0.988600070553655
1ATGA,4.0,14,19,0.006564572205161491,0.9838242307307872
1ATGA,4.0,15,0,0.004440135281074954,0.96766502487565
1ATGA,4.0,15,1,0.007347676955173868,0.9797066825094302
1ATGA,4.0,15,2,0.005682494700863911,0.9924490483492926
1ATGA,4.0,15,3,0.005177489279751208,0.9926568132749501
1ATGA,4.0,15,4,0.004418900765815756,0.9896264186205153
1ATGA,4.0,15,5,0.005369339086017736,0.9855727572175477
1ATGA,4.0,15,6,0.005285908005097101,0.995474115213367
1ATGA,4.0,15,7,0.007998427706166461,0.9817182105028305
1ATGA,4.0,15,8,0.005534543941297008,0.9915796130883272
1ATGA,4.0,15,9,0.0031757097233032863,0.9982103532463965
1ATGA,4.0,15,10,0.0037610001092564824,0.9952540224087493
1ATGA,4.0,15,11,0.009416103441640084,0.9612830170348762
1ATGA,4.0,15,12,0.0058045021562561005,0.9876873447039038
1ATGA,4.0,15,13,0.005643138912729809,0.993268542546237
1ATGA,4.0,15,14,0.004574005265408335,0.9949477385808456
1ATGA,4.0,15,15,0.004647808445076763,0.9868256049981375
1ATGA,4.0,15,16,0.006680970719893145,0.991405117767418
1ATGA,4.0,15,17,0.005647311726469347,0.9827499350673022
1ATGA,4.0,15,18,0.007061515213060652,0.9905728854561248
1ATGA,4.0,15,19,0.005652451584164699,0.9828943164248917
1ATGA,4.0,16,0,0.0058760632927913415,0.990510214697075
1ATGA,4.0,16,1,0.006250498373857429,0.9946591555585803
1ATGA,4.0,16,2,0.00712026369811053,0.9845548991046054
1ATGA,4.0,16,3,0.0050200656818228245,0.9922843274076789
1ATGA,4.0,16,4,0.0056555718333023645,0.9893027292139911
1ATGA,4.0,16,5,0.0044387144737467596,0.9891951887429128
1ATGA,4.0,16,6,0.008061249501277002,0.9679952597533185
1ATGA,4.0,16,7,0.005988306273340986,0.9963284839433507
1ATGA,4.0,16,8,0.004662921010881889,0.9941196743022908
1ATGA,4.0,16,9,0.004650863447182687,0.9948131233085709
1ATGA,4.0,16,10,0.004540968058922797,0.9955064962426695
1ATGA,4.0,16,11,0.003372336308879683,0.9915544425594532
1ATGA,4.0,16,12,0.0037602123177643536,0.9947692637051931
1ATGA,4.0,16,13,0.0044920771997115985,0.9953940491417289
1ATGA,4.0,16,14,0.00603851417161677,0.9862953756342333
1ATGA,4.0,16,15,0.004348859205237736,0.9956881861067038
1ATGA,4.0,16,16,0.006025432993444777,0.9852364636053721
1ATGA,4.0,16,17,0.00481063539673312,0.9939349563585769
1ATGA,4.0,16,18,0.005926446482947945,0.9889344301922396
1ATGA,4.0,16,19,0.004277362519364835,0.9950046857576075
1ATGA,4.0,17,0,0.004435813269005267,0.9952805074266358
1ATGA,4.0,17,1,0.003999608774798172,0.9965200890866485
1ATGA,4.0,17,2,0.004999411962217029,0.9898131601649831
1ATGA,4.0,17,3,0.004535316815851577,0.9942720247431542
1ATGA,4.0,17,4,0.0049422055817369545,0.9908935802937838
1ATGA,4.0,17,5,0.003782813659737182,0.9953249274355537
1ATGA,4.0,17,6,0.004527305963775685,0.9902797462905957
1ATGA,4.0,17,7,0.004620893170161224,0.994538910405717
1ATGA,4.0,17,8,0.004885747194831839,0.9940846285977963
1ATGA,4.0,17,9,0.005133563858265296,0.9911106017357664
1ATGA,4.0,17,10,0.00459258642239001,0.9941694909374147
1ATGA,4.0,17,11,0.004367847455402531,0.9908840341617869
1ATGA,4.0,17,12,0.00741425040334695,0.9723404555556189
1ATGA,4.0,17,13,0.004757573940581093,0.9897217010940426
1ATGA,4.0,17,14,0.00417814752535848,0.9972366978200676
1ATGA,4.0,17,15,0.005006203888035879,0.983493856244505
1ATGA,4.0,17,16,0.003919719367450767,0.9960038141039596
1ATGA,4.0,17,17,0.005061339870386509,0.9885976014317992
1ATGA,4.0,17,18,0.005907883881134876,0.9868670017673205
1ATGA,4.0,17,19,0.004193543652329717,0.9953351993239462
1ATGA,4.0,18,0,0.006233157125571715,0.9872890680321459
1ATGA,4.0,18,1,0.003957145614879195,0.9951031220691821
1ATGA,4.0,18,2,0.0062389852160303644,0.9884527371839908
1ATGA,4.0,18,3,0.005722593034917046,0.993745939698878
1ATGA,4.0,18,4,0.004141089373307744,0.9950550795540699
1ATGA,4.0,18,5,0.00417833555461069,0.9968663421752103
1ATGA,4.0,18,6,0.0017409757704124644,0.9989618206193193
1ATGA,4.0,18,7,0.004583764001299499,0.9876688379815067
1ATGA,4.0,18,8,0.0040792863365340815,0.9957157761744512
1ATGA,4.0,18,9,0.005275607214224169,0.9855889775744282
1ATGA,4.0,18,10,0.004780759388177222,0.9898380415394158
1ATGA,4.0,18,11,0.0046247440151952705,0.9893698089708055
1ATGA,4.0,18,12,0.004345358283884005,0.9953117980011615
1ATGA,4.0,18,13,0.006167173900177551,0.9882121273924448
1ATGA,4.0,18,14,0.0011911104122576603,0.9911197814149326
1ATGA,4.0,18,15,0.005804959356153357,0.9801606815774548
1ATGA,4.0,18,16,0.005545187935043331,0.9832158185430531
1ATGA,4.0,18,17,0.008414869368719194,0.9701823869120236
1ATGA,4.0,18,18,0.0048642825481425515,0.9942898330432651
1ATGA,4.0,18,19,0.004372990009523991,0.9898592829399065
1ATGA,4.0,19,0,0.002667811642061988,0.9973824814730431
1ATGA,4.0,19,1,0.004985782768149767,0.990411276810951
1ATGA,4.0,19,2,0.004593573490678188,0.9889593636107873
1ATGA,4.0,19,3,0.0033241542260294297,0.9971353351489938
1ATGA,4.0,19,4,0.005086901257811498,0.9948810937218602
1ATGA,4.0,19,5,0.005692992419584627,0.9876792892928918
1ATGA,4.0,19,6,0.004655335846069107,0.9865699770042587
1ATGA,4.0,19,7,0.004152572299971636,0.9922502514986796
1ATGA,4.0,19,8,0.004050064404657229,0.98473185739456
1ATGA,4.0,19,9,0.004902910986389104,0.995150640972678
1ATGA,4.0,19,10,0.005697489276063318,0.9952299887201234
1ATGA,4.0,19,11,0.004552637591503256,0.9857211360080744
1ATGA,4.0,19,12,0.004803651021359137,0.9949239848406775
1ATGA,4.0,19,13,0.00406551120367488,0.9896831722503141
1ATGA,4.0,19,14,0.0024726090570457446,0.9984343567154723
1ATGA,4.0,19,15,0.004229111111668231,0.9934366059305636
1ATGA,4.0,19,16,0.00544272846749501,0.9860683122922662
1ATGA,4.0,19,17,0.0030244056784645705,0.9958991137613741
1ATGA,4.0,19,18,0.004345997176472577,0.9881351065548449
1ATGA,4.0,19,19,0.005262265472924474,0.9914783154264377
1ATGA,4.0,20,0,0.00496702835515796,0.9928362070209991
1ATGA,4.0,20,1,0.0039477223318537535,0.9954939301709804
1ATGA,4.0,20,2,0.004442525897484411,0.9924742864427201
1ATGA,4.0,20,3,0.0025994387084063834,0.9971549431414104
1ATGA,4.0,20,4,0.004610769433728016,0.994850701212387
1ATGA,4.0,20,5,0.003958769943872448,0.9936882846438708
1ATGA,4.0,20,6,0.005384117175110177,0.9940858651704507
1ATGA,4.0,20,7,0.004801740042656896,0.9939863276995646
1ATGA,4.0,20,8,0.0037730560216334003,0.9909698623151936
1ATGA,4.0,20,9,0.004942823749871004,0.9921629111474086
1ATGA,4.0,20,10,0.0018178759037087119,0.9983762778658605
1ATGA,4.0,20,11,0.004647399697538234,0.9930084240464285
1ATGA,4.0,20,12,0.004098374890986772,0.9943762013337203
1ATGA,4.0,20,13,0.0025982020551234106,0.9982541649908508
1ATGA,4.0,20,14,0.004973706811402089,0.9905603789959809
1ATGA,4.0,20,15,0.002588439624879649,0.9977705786684674
1ATGA,4.0,20,16,0.00586923704220809,0.9927090721689578
1ATGA,4.0,20,17,0.006695252466118432,0.9858205374914155
1ATGA,4.0,20,18,0.0051916663903908205,0.9918419801152859
1ATGA,4.0,20,19,0.0023882255497157116,0.9975063829282338
1ATGA,4.0,21,0,0.004687698211892083,0.9947089391438114
1ATGA,4.0,21,1,0.005422325496509334,0.9871324679311267
1ATGA,4.0,21,2,0.004230833599534968,0.9953641084028062
1ATGA,4.0,21,3,0.004780883617471961,0.9894586621072516
1ATGA,4.0,21,4,0.003610087243186401,0.9956757825806567
1ATGA,4.0,21,5,0.004518176623290489,0.995101891625705
1ATGA,4.0,21,6,0.0038239475738399225,0.9948934277011933
1ATGA,4.0,21,7,0.005227532558983027,0.9841237504500725
1ATGA,4.0,21,8,0.006208426759734645,0.9904832208848959
1ATGA,4.0,21,9,0.005426751560106672,0.9938126193947587
1ATGA,4.0,21,10,0.004776990069773887,0.9895722464841563
1ATGA,4.0,21,11,0.004514727321864495,0.9950587131393288
1ATGA,4.0,21,12,0.005323537980325092,0.9917723874303079
1ATGA,4.0,21,13,0.002607735114192245,0.9977862279588808
1ATGA,4.0,21,14,0.005252120807378168,0.9852932855768118
1ATGA,4.0,21,15,0.003449279036376694,0.9972747858655029
1ATGA,4.0,21,16,0.004300868585087498,0.9942516786054385
1ATGA,4.0,21,17,0.005383754891405988,0.9931769646457904
1ATGA,4.0,21,18,0.005022901540556042,0.9932661953844395
1ATGA,4.0,21,19,0.004678321090605026,0.9941092487208467
1ATGA,4.0,22,0,0.0045727517419365165,0.991378848049523
1ATGA,4.0,22,1,0.005583737357770959,0.9887107315885456
1ATGA,4.0,22,2,0.0050842306870990455,0.988143711885648
1ATGA,4.0,22,3,0.002945531250303659,0.9968095344624952
1ATGA,4.0,22,4,0.004227654910080489,0.9959121865956683
1ATGA,4.0,22,5,0.004962543844991855,0.9901551610871973
1ATGA,4.0,22,6,0.004192619564844703,0.9952743125961538
1ATGA,4.0,22,7,0.004714841386303242,0.9931145625778103
1ATGA,4.0,22,8,0.0032784627355931435,0.9959331969809505
1ATGA,4.0,22,9,0.005623815869105714,0.9896156353659447
1ATGA,4.0,22,10,0.004147395698224916,0.9945331443141486
1ATGA,4.0,22,11,0.00413603045311943,0.993989233607097
1ATGA,4.0,22,12,0.0055574027718103885,0.9878953759642922
1ATGA,4.0,22,13,0.0051050307242038176,0.9854067265693882
1ATGA,4.0,22,14,0.004659421281969748,0.9927419581035101
1ATGA,4.0,22,15,0.002950043361707629,0.9968943812096966
1ATGA,4.0,22,16,0.0028990957617335486,0.9974129991604509
1ATGA,4.0,22,17,0.003517826258027331,0.9964959645488997
1ATGA,4.0,22,18,0.005390661066215259,0.9941837526891876
1ATGA,4.0,22,19,0.0039777575931154085,0.9941518434033602
1ATGA,4.0,23,0,0.0029022293883536362,0.9970413794010261
1ATGA,4.0,23,1,0.007092758828685278,0.9786052451269985
1ATGA,4.0,23,2,0.005873377669935237,0.9914956387408977
1ATGA,4.0,23,3,0.0031600311355823364,0.9969011566852904
1ATGA,4.0,23,4,0.005534732714415175,0.9881715967893687
1ATGA,4.0,23,5,0.004427878194378262,0.9905075580749045
1ATGA,4.0,23,6,0.005691966293985204,0.986391262631251
1ATGA,4.0,23,7,0.005819196507524106,0.9905417947097989
1ATGA,4.0,23,8,0.005143111209048381,0.9922507567608388
1ATGA,4.0,23,9,0.004875383825834491,0.9904308617133938
1ATGA,4.0,23,10,0.0027521543098901033,0.9975199262193507
1ATGA,4.0,23,11,0.004566605975773538,0.994506829595069
1ATGA,4.0,23,12,0.004530847799201914,0.9880984693602544
1ATGA,4.0,23,13,0.00579632380992553,0.987992249400026
1ATGA,4.0,23,14,0.004821334618535861,0.9929236924507329
1ATGA,4.0,23,15,0.004214880746461119,0.9932571041091729
1ATGA,4.0,23,16,0.006706965500757057,0.9852549560309292
1ATGA,4.0,23,17,0.005045760677571728,0.9905825873872182
1ATGA,4.0,23,18,0.0038458128219475323,0.9946086706112299
1ATGA,4.0,23,19,0.004637857580463728,0.992131391261973
1ATGA,4.0,24,0,0.006231844896316234,0.9903533376511024
1ATGA,4.0,24,1,0.0035703735194924,0.9958693586708459
1ATGA,4.0,24,2,0.005829726472593039,0.9850267283174428
1ATGA,4.0,24,3,0.005791092386008613,0.9928799643421603
1ATGA,4.0,24,4,0.004405360105007975,0.9937145198512096
1ATGA,4.0,24,5,0.006492254373374319,0.9902896310852632
1ATGA,4.0,24,6,0.0033124844355796514,0.9966807799141335
1ATGA,4.0,24,7,0.003579390785500295,0.9961118982019262
1ATGA,4.0,24,8,0.0056013787982595225,0.9914652779162713
1ATGA,4.0,24,9,0.005886183979118564,0.9921466837157543
1ATGA,4.0,24,10,0.005785087697844444,0.9886778130781985
1ATGA,4.0,24,11,0.006557821706772698,0.9881678620033839
1ATGA,4.0,24,12,0.003959859032523177,0.9957312233809306
1ATGA,4.0,24,13,0.005969190112407035,0.9917512688603478
1ATGA,4.0,24,14,0.0062571854951462315,0.988118144957444
1ATGA,4.0,24,15,0.0067913861335310915,0.9831665009303958
1ATGA,4.0,24,16,0.00479764008438135,0.992585724020206
1ATGA,4.0,24,17,0.006545243173621383,0.9879196248190922
1ATGA,4.0,24,18,0.005728186370263158,0.9896734428108153
1ATGA,4.0,24,19,0.005770092715994575,0.9893586605498812
1ATGA,4.0,25,0,0.006845512714929045,0.9874340732067515
1ATGA,4.0,25,1,0.006450228596818208,0.9840283961985301
1ATGA,4.0,25,2,0.005660416017135986,0.9915555097516218
1ATGA,4.0,25,3,0.006626454359059293,0.9882435985088962
1ATGA,4.0,25,4,0.00641224455531194,0.9885436593901009
1ATGA,4.0,25,5,0.007852457750648729,0.984783758582276
1ATGA,4.0,25,6,0.0066932793309051625,0.9863987210856116
1ATGA,4.0,25,7,0.005931674734547785,0.9926234674037792
1ATGA,4.0,25,8,0.003022047083895762,0.9972383985766842
1ATGA,4.0,25,9,0.0060015863932444185,0.9827306220011958
1ATGA,4.0,25,10,0.006109672433388956,0.9908158274687104
1ATGA,4.0,25,11,0.003219394579984792,0.9969944142414173
1ATGA,4.0,25,12,0.006453186548310234,0.9889019031875126
1ATGA,4.0,25,13,0.005414862046396284,0.9933414937694949
1ATGA,4.0,25,14,0.005342475118931585,0.9932561403917298
1ATGA,4.0,25,15,0.005286510243116544,0.9882992466592655
1ATGA,4.0,25,16,0.0022693252761700794,0.998255384096433
1ATGA,4.0,25,17,0.007029083759057643,0.9844147780820491
1ATGA,4.0,25,18,0.006751080269481271,0.9876258356404694
1ATGA,4.0,25,19,0.006717863432570421,0.9858037562734957
1ATGA,4.0,26,0,0.007417207448942652,0.9848611986129922
1ATGA,4.0,26,1,0.006876283076934897,0.9832521587572038
1ATGA,4.0,26,2,0.006633451902197394,0.9890875620754352
1ATGA,4.0,26,3,0.0038219923279527225,0.9959038658463029
1ATGA,4.0,26,4,0.0024810374486480278,0.9986234645825898
1ATGA,4.0,26,5,0.0033116754427934907,0.9969496286536057
1ATGA,4.0,26,6,0.0014695420328248567,0.9991594112960341
1ATGA,4.0,26,7,0.007414929147377169,0.9824361408330877
1ATGA,4.0,26,8,0.00674191344750237,0.9890748702311652
1ATGA,4.0,26,9,0.006653087529759359,0.9861441921481339
1ATGA,4.0,26,10,0.00524238063361539,0.9942580291268786
1ATGA,4.0,26,11,0.0031845224446414772,0.9965932923796108
1ATGA,4.0,26,12,0.006785186495616852,0.9892119406215624
1ATGA,4.0,26,13,0.007036356899837617,0.9907954914785627
1ATGA,4.0,26,14,0.002091191443604229,0.998610661850964
1ATGA,4.0,26,15,0.006155989811122439,0.9891967819440596
1ATGA,4.0,26,16,0.0065702208909634695,0.9912803806237773
1ATGA,4.0,26,17,0.00615832812342852,0.9941436560182502
1ATGA,4.0,26,18,0.007262033691642849,0.9830783105124502
1ATGA,4.0,26,19,0.007007162134881087,0.985561110026139
1ATGA,4.0,27,0,0.007301908981776493,0.9855662947856294
1ATGA,4.0,27,1,0.006006356357971549,0.9910618138502962
1ATGA,4.0,27,2,0.006825349357627385,0.9901378012598866
1ATGA,4.0,27,3,0.004510471792151713,0.9946409313842387
1ATGA,4.0,27,4,0.003860979196741766,0.9954990735129021
1ATGA,4.0,27,5,0.005174660017234114,0.9947201673340446
1ATGA,4.0,27,6,0.006185745500384315,0.9904038613657107
1ATGA,4.0,27,7,0.003711821804807739,0.996475812734186
1ATGA,4.0,27,8,0.004775672788296042,0.9930537609675029
1ATGA,4.0,27,9,0.007236539452837769,0.9873244178157334
1ATGA,4.0,27,10,0.0024728511897547894,0.9980396004070899
1ATGA,4.0,27,11,0.005363823149313057,0.9919750712658733
1ATGA,4.0,27,12,0.006152145425669267,0.9904815010900198
1ATGA,4.0,27,13,0.007120516476774366,0.9856458083545464
1ATGA,4.0,27,14,0.00696880534993988,0.9918649667953352
1ATGA,4.0,27,15,0.006317660892153134,0.989783677271793
1ATGA,4.0,27,16,0.007341588674583551,0.9845920637992911
1ATGA,4.0,27,17,0.006999104169990202,0.9892001079595675
1ATGA,4.0,27,18,0.004299924342148594,0.9948532983536733
1ATGA,4.0,27,19,0.005182724225726135,0.9918873670794595
1ATGA,4.0,28,0,0.006971339986295739,0.9899448302656361
1ATGA,4.0,28,1,0.006866441808252307,0.9841379929728277
1ATGA,4.0,28,2,0.003195507574631548,0.996706624846793
1ATGA,4.0,28,3,0.007001658741296835,0.9894420384680449
1ATGA,4.0,28,4,0.004146730596627235,0.9952081144011359
1ATGA,4.0,28,5,0.005329613504686491,0.9900496838664816
1ATGA,4.0,28,6,0.006770474122824488,0.9908625466042107
1ATGA,4.0,28,7,0.007451125421694442,0.9872653057395518
1ATGA,4.0,28,8,0.005718998234859745,0.9919985851339543
1ATGA,4.0,28,9,0.008369013664293361,0.9865588438294788
1ATGA,4.0,28,10,0.0030071319955145732,0.9979834758946136
1ATGA,4.0,28,11,0.00456018847605405,0.993673528407894
1ATGA,4.0,28,12,0.006361130510049261,0.9929065465427386
1ATGA,4.0,28,13,0.005611140772125717,0.9962713251386351
1ATGA,4.0,28,14,0.004635077958897989,0.9950549075789873
1ATGA,4.0,28,15,0.006960917534136169,0.9867260541009727
1ATGA,4.0,28,16,0.006061368338417551,0.9922746724405326
1ATGA,4.0,28,17,0.0065217063330850296,0.9859639342930079
1ATGA,4.0,28,18,0.0012211271592296549,0.9994535252669324
1ATGA,4.0,28,19,0.007894734975756929,0.9880554116645968
1ATGA,4.0,29,0,0.007039693565217588,0.986241107084903
1ATGA,4.0,29,1,0.0024428034305325045,0.9872567725890269
1ATGA,4.0,29,2,0.004946723823596179,0.9913864286425319
1ATGA,4.0,29,3,0.004578477877441725,0.9961262150340828
1ATGA,4.0,29,4,0.0036471166148655046,0.9964038538704325
1ATGA,4.0,29,5,0.0048542250288420045,0.9961621996902946
1ATGA,4.0,29,6,0.007483673030172372,0.9848098183852804
1ATGA,4.0,29,7,0.005953648633276817,0.9942332627068432
1ATGA,4.0,29,8,0.006747363383001782,0.9900601239923701
1ATGA,4.0,29,9,0.0033567461119961535,0.9967372122866062
1ATGA,4.0,29,10,0.00413922125037369,0.9963523299704352
1ATGA,4.0,29,11,0.004329827322095539,0.9955353547032906
1ATGA,4.0,29,12,0.00689618234011758,0.9898792974187107
1ATGA,4.0,29,13,0.007644058008388436,0.9841119917387278
1ATGA,4.0,29,14,0.003845526512290337,0.9901900255706223
1ATGA,4.0,29,15,0.004868966611120264,0.986383816505249
1ATGA,4.0,29,16,0.0066663043154961766,0.9861401838612389
1ATGA,4.0,29,17,0.00452750633954987,0.9953196286149991
1ATGA,4.0,29,18,0.006361328169147156,0.9924269937271948
1ATGA,4.0,29,19,0.0047313909998483224,0.9944910082670883
1ATGA,4.0,30,0,0.007343001689916796,0.9898901095071423
1ATGA,4.0,30,1,0.00683568438949597,0.9899648359913071
1ATGA,4.0,30,2,0.005620954815371657,0.9908947824130917
1ATGA,4.0,30,3,0.00644499548478845,0.9901208262901723
1ATGA,4.0,30,4,0.0028574857097283207,0.9912503979689438
1ATGA,4.0,30,5,0.004478842367291745,0.9889067318773638
1ATGA,4.0,30,6,0.0034245196918901736,0.9950569341723051
1ATGA,4.0,30,7,0.004231605402838142,0.9952419446098352
1ATGA,4.0,30,8,0.007526484999417336,0.9821591035794474
1ATGA,4.0,30,9,0.008124661294600193,0.987819161519946
1ATGA,4.0,30,10,0.006826497459472293,0.9904180815788219
1ATGA,4.0,30,11,0.005617908152018825,0.991375410155714
1ATGA,4.0,30,12,0.0032585270728310296,0.9969184907449358
1ATGA,4.0,30,13,0.006662821941861893,0.9877559673821548
1ATGA,4.0,30,14,0.002381870962321089,0.9984914081574622
1ATGA,4.0,30,15,0.0020217644537438525,0.9988949232811302
1ATGA,4.0,30,16,0.006174299729938822,0.9908741007193879
1ATGA,4.0,30,17,0.0031368732409323436,0.9974864675060278
1ATGA,4.0,30,18,0.005122124972282206,0.9855189145029987
1ATGA,4.0,30,19,0.004165248044666489,0.9963917649020013
1ATGA,4.0,31,0,0.008066316729333991,0.9860694967559515
1ATGA,4.0,31,1,0.005972997281206429,0.9907695618792758
1ATGA,4.0,31,2,0.00432774850749843,0.9936194663399359
1ATGA,4.0,31,3,0.0006999935185093865,0.9998140670446011
1ATGA,4.0,31,4,0.0057985298340678,0.9849024496409542
1ATGA,4.0,31,5,0.002475342872309118,0.9983473476005589
1ATGA,4.0,31,6,0.0046597559238069075,0.9954564229669951
1ATGA,4.0,31,7,0.0030415548787432385,0.9916507518593031
1ATGA,4.0,31,8,0.0049121836816545025,0.9969917255057338
1ATGA,4.0,31,9,0.005684027552379728,0.9942323529092035
1ATGA,4.0,31,10,0.0056417946961672795,0.9888244859693526
1ATGA,4.0,31,11,0.002099222653878104,0.9949845254223042
1ATGA,4.0,31,12,0.00546939789679153,0.9921613120654025
1ATGA,4.0,31,13,0.0008672614186015555,0.9996724322788677
1ATGA,4.0,31,14,0.003466113139221129,0.9969923400763253
1ATGA,4.0,31,15,0.004599041961694942,0.9966422902680918
1ATGA,4.0,31,16,0.0041004149973933425,0.9963337293352214
1ATGA,4.0,31,17,0.005598029740281234,0.9900257955006366
1ATGA,4.0,31,18,0.005124807937199504,0.9960367775014233
1ATGA,4.0,31,19,0.007300297902515872,0.9836413096062566
1ATGA,4.0,32,0,0.006914050988077581,0.9754161644673888
1ATGA,4.0,32,1,0.0034703140958517635,0.9953400508934442
1ATGA,4.0,32,2,0.004746669116085232,0.9853938596382311
1ATGA,4.0,32,3,0.005799255803219684,0.992824845951393
1ATGA,4.0,32,4,0.006527614765598021,0.9894111348643994
1ATGA,4.0,32,5,0.0009792716374425515,0.9978122662425293
1ATGA,4.0,32,6,0.004866119389599696,0.990443775436545
1ATGA,4.0,32,7,0.0067549179584733025,0.9901867570962104
1ATGA,4.0,32,8,0.001958224270063738,0.9927501922898828
1ATGA,4.0,32,9,0.0024930341500870997,0.9974555935532036
1ATGA,4.0,32,10,0.005263099091140575,0.9918131266471898
1ATGA,4.0,32,11,0.0052587902654765185,0.9867185731159743
1ATGA,4.0,32,12,0.004580181989780012,0.9932450418774624
1ATGA,4.0,32,13,0.005587832972695135,0.9922298903134555
1ATGA,4.0,32,14,0.008097950908236848,0.9857846580043352
1ATGA,4.0,32,15,0.004095929851787452,0.9970457178295662
1ATGA,4.0,32,16,0.0020657364938969805,0.9958296396713253
1ATGA,4.0,32,17,0.005530176827109355,0.9865667449605643
1ATGA,4.0,32,18,0.005890305884114923,0.9904872132771955
1ATGA,4.0,32,19,0.00875293002388569,0.9802589605954726
1ATGA,8.0,0,0,0.0,1.0
1ATGA,8.0,0,1,0.0,1.0000000000000002
1ATGA,8.0,0,2,0.0,0.9999999999999998
1ATGA,8.0,0,3,0.0,1.0
1ATGA,8.0,0,4,0.0,0.9999999999999998
1ATGA,8.0,0,5,0.0,0.9999999999999999
1ATGA,8.0,0,6,0.0,1.0
1ATGA,8.0,0,7,0.0,1.0
1ATGA,8.0,0,8,0.0,0.9999999999999999
1ATGA,8.0,0,9,0.0,0.9999999999999999
1ATGA,8.0,0,10,0.0,0.9999999999999998
1ATGA,8.0,0,11,0.0,0.9999999999999999
1ATGA,8.0,0,12,0.0,0.9999999999999999
1ATGA,8.0,0,13,0.0,1.0000000000000002
1ATGA,8.0,0,14,0.0,0.9999999999999999
1ATGA,8.0,0,15,0.0,1.0
1ATGA,8.0,0,16,0.0,1.0000000000000002
1ATGA,8.0,0,17,0.0,1.0000000000000002
1ATGA,8.0,0,18,0.0,1.0000000000000002
1ATGA,8.0,0,19,0.0,0.9999999999999998
1ATGA,8.0,1,0,0.0,0.9999999999999998
1ATGA,8.0,1,1,0.0,1.0
1ATGA,8.0,1,2,0.0,1.0
1ATGA,8.0,1,3,0.0,1.0
1ATGA,8.0,1,4,0.0,1.0000000000000002
1ATGA,8.0,1,5,0.0,0.9999999999999999
1ATGA,8.0,1,6,0.0,1.0
1ATGA,8.0,1,7,0.0,0.9999999999999999
1ATGA,8.0,1,8,0.0,1.0000000000000002
1ATGA,8.0,1,9,0.0,1.0
1ATGA,8.0,1,10,0.0,1.0000000000000002
1ATGA,8.0,1,11,0.0,0.9999999999999999
1ATGA,8.0,1,12,0.0,1.0
1ATGA,8.0,1,13,0.0,1.0
1ATGA,8.0,1,14,0.0,0.9999999999999998
1ATGA,8.0,1,15,0.0,0.9999999999999999
1ATGA,8.0,1,16,0.0,0.9999999999999998
1ATGA,8.0,1,17,0.0,1.0
1ATGA,8.0,1,18,0.0,0.9999999999999999
1ATGA,8.0,1,19,0.0,0.9999999999999999
1ATGA,8.0,2,0,0.0,0.9999999999999999
1ATGA,8.0,2,1,0.0,1.0
1ATGA,8.0,2,2,0.0,0.9999999999999999
1ATGA,8.0,2,3,0.0,1.0000000000000002
1ATGA,8.0,2,4,0.0,1.0
1ATGA,8.0,2,5,0.0,1.0000000000000002
1ATGA,8.0,2,6,0.0,1.0
1ATGA,8.0,2,7,0.0,1.0
1ATGA,8.0,2,8,0.0,0.9999999999999999
1ATGA,8.0,2,9,0.0,1.0
1ATGA,8.0,2,10,0.0,1.0
1ATGA,8.0,2,11,0.0,1.0000000000000002
1ATGA,8.0,2,12,0.0,1.0
1ATGA,8.0,2,13,0.0,1.0
1ATGA,8.0,2,14,0.0,1.0
1ATGA,8.0,2,15,0.0,1.0
1ATGA,8.0,2,16,0.0,0.9999999999999998
1ATGA,8.0,2,17,0.0,1.0000000000000002
1ATGA,8.0,2,18,0.0,1.0000000000000002
1ATGA,8.0,2,19,0.0,1.0
1ATGA,8.0,3,0,0.0,1.0000000000000002
1ATGA,8.0,3,1,0.0,0.9999999999999999
1ATGA,8.0,3,2,0.0,1.0000000000000002
1ATGA,8.0,3,3,0.0,1.0
1ATGA,8.0,3,4,0.0,1.0000000000000002
1ATGA,8.0,3,5,0.0,0.9999999999999999
1ATGA,8.0,3,6,0.0,0.9999999999999998
1ATGA,8.0,3,7,0.0,1.0000000000000002
1ATGA,8.0,3,8,0.0,1.0
1ATGA,8.0,3,9,0.0,1.0000000000000002
1ATGA,8.0,3,10,0.0,1.0
1ATGA,8.0,3,11,0.0,1.0
1ATGA,8.0,3,12,0.0,1.0000000000000002
1ATGA,8.0,3,13,0.0,0.9999999999999998
1ATGA,8.0,3,14,0.0,1.0
1ATGA,8.0,3,15,0.0,0.9999999999999999
1ATGA,8.0,3,16,0.0,1.0
1ATGA,8.0,3,17,0.0,1.0000000000000002
1ATGA,8.0,3,18,0.0,1.0
1ATGA,8.0,3,19,0.0,1.0000000000000002
1ATGA,8.0,4,0,0.0,1.0
1ATGA,8.0,4,1,0.0,1.0000000000000002
1ATGA,8.0,4,2,0.0,1.0
1ATGA,8.0,4,3,0.0,1.0000000000000002
1ATGA,8.0,4,4,0.0,1.0
1ATGA,8.0,4,5,0.0,1.0
1ATGA,8.0,4,6,0.0,1.0
1ATGA,8.0,4,7,0.0,1.0000000000000002
1ATGA,8.0,4,8,0.0,0.9999999999999999
1ATGA,8.0,4,9,0.0,1.0
1ATGA,8.0,4,10,0.0,1.0
1ATGA,8.0,4,11,0.0,1.0
1ATGA,8.0,4,12,0.0,0.9999999999999998
1ATGA,8.0,4,13,0.0,1.0
1ATGA,8.0,4,14,0.0,1.0000000000000002
1ATGA,8.0,4,15,0.0,1.0
1ATGA,8.0,4,16,0.0,0.9999999999999998
1ATGA,8.0,4,17,0.0,0.9999999999999998
1ATGA,8.0,4,18,0.0,1.0
1ATGA,8.0,4,19,0.0,1.0
1ATGA,8.0,5,0,0.0,1.0000000000000002
1ATGA,8.0,5,1,0.0,1.0000000000000002
1ATGA,8.0,5,2,0.0,1.0
1ATGA,8.0,5,3,0.0,1.0
1ATGA,8.0,5,4,0.0,1.0
1ATGA,8.0,5,5,0.0,1.0
1ATGA,8.0,5,6,0.0,1.0000000000000002
1ATGA,8.0,5,7,0.0,0.9999999999999999
1ATGA,8.0,5,8,0.0,1.0
1ATGA,8.0,5,9,0.0,0.9999999999999998
1ATGA,8.0,5,10,0.0,1.0000000000000002
1ATGA,8.0,5,11,0.0,0.9999999999999998
1ATGA,8.0,5,12,0.0,1.0
1ATGA,8.0,5,13,0.0,0.9999999999999999
1ATGA,8.0,5,14,0.0,1.0
1ATGA,8.0,5,15,0.0,1.0
1ATGA,8.0,5,16,0.0,1.0
1ATGA,8.0,5,17,0.0,0.9999999999999999
1ATGA,8.0,5,18,0.0,1.0
1ATGA,8.0,5,19,0.0,0.9999999999999998
1ATGA,8.0,6,0,0.0,1.0000000000000002
1ATGA,8.0,6,1,0.0,1.0
1ATGA,8.0,6,2,0.0,1.0
1ATGA,8.0,6,3,0.0,1.0
1ATGA,8.0,6,4,0.0,1.0000000000000002
1ATGA,8.0,6,5,0.0,0.9999999999999999
1ATGA,8.0,6,6,0.0,0.9999999999999998
1ATGA,8.0,6,7,0.0,0.9999999999999999
1ATGA,8.0,6,8,0.0,1.0
1ATGA,8.0,6,9,0.0,1.0
1ATGA,8.0,6,10,0.0,1.0000000000000002
1ATGA,8.0,6,11,0.0,1.0
1ATGA,8.0,6,12,0.0,1.0000000000000002
1ATGA,8.0,6,13,0.0,1.0
1ATGA,8.0,6,14,0.0,1.0
1ATGA,8.0,6,15,0.0,1.0000000000000002
1ATGA,8.0,6,16,0.0,1.0000000000000002
1ATGA,8.0,6,17,0.0,1.0
1ATGA,8.0,6,18,0.0,1.0000000000000002
1ATGA,8.0,6,19,0.0,1.0
1ATGA,8.0,7,0,0.0,1.0000000000000002
1ATGA,8.0,7,1,0.0,1.0000000000000002
1ATGA,8.0,7,2,0.0,1.0
1ATGA,8.0,7,3,0.0,0.9999999999999999
1ATGA,8.0,7,4,0.0,1.0
1ATGA,8.0,7,5,0.0,1.0
1ATGA,8.0,7,6,0.0,1.0000000000000002
1ATGA,8.0,7,7,0.0,0.9999999999999999
1ATGA,8.0,7,8,0.0,1.0000000000000002
1ATGA,8.0,7,9,0.0,1.0
1ATGA,8.0,7,10,0.0,0.9999999999999998
1ATGA,8.0,7,11,0.0,1.0000000000000002
1ATGA,8.0,7,12,0.0,1.0000000000000002
1ATGA,8.0,7,13,0.0,0.9999999999999999
1ATGA,8.0,7,14,0.0,1.0000000000000002
1ATGA,8.0,7,15,0.0,1.0000000000000002
1ATGA,8.0,7,16,0.0,0.9999999999999998
1ATGA,8.0,7,17,0.0,1.0
1ATGA,8.0,7,18,0.0,1.0
1ATGA,8.0,7,19,0.0,0.9999999999999999
1ATGA,8.0,8,0,0.0,1.0
1ATGA,8.0,8,1,0.0,0.9999999999999999
1ATGA,8.0,8,2,0.0,0.9999999999999998
1ATGA,8.0,8,3,0.0,1.0000000000000002
1ATGA,8.0,8,4,0.0,1.0
1ATGA,8.0,8,5,0.0,1.0
1ATGA,8.0,8,6,0.0,0.9999999999999999
1ATGA,8.0,8,7,0.0,1.0
1ATGA,8.0,8,8,0.0,1.0000000000000002
1ATGA,8.0,8,9,0.0,0.9999999999999999
1ATGA,8.0,8,10,0.0,0.9999999999999998
1ATGA,8.0,8,11,0.0,1.0
1ATGA,8.0,8,12,0.0,1.0
1ATGA,8.0,8,13,0.0,0.9999999999999999
1ATGA,8.0,8,14,0.0,1.0
1ATGA,8.0,8,15,0.0,1.0000000000000002
1ATGA,8.0,8,16,0.0,1.0000000000000002
1ATGA,8.0,8,17,0.0,1.0
1ATGA,8.0,8,18,0.0,1.0
1ATGA,8.0,8,19,0.0,1.0000000000000002
1ATGA,8.0,9,0,0.0,1.0
1ATGA,8.0,9,1,0.0,0.9999999999999998
1ATGA,8.0,9,2,0.0,1.0
1ATGA,8.0,9,3,0.0,1.0
1ATGA,8.0,9,4,0.0,1.0000000000000002
1ATGA,8.0,9,5,0.0,0.9999999999999999
1ATGA,8.0,9,6,0.0,1.0
1ATGA,8.0,9,7,0.0,1.0
1ATGA,8.0,9,8,0.0,0.9999999999999998
1ATGA,8.0,9,9,0.0,1.0
1ATGA,8.0,9,10,0.0,1.0
1ATGA,8.0,9,11,0.0,1.0
1ATGA,8.0,9,12,0.0,1.0
1ATGA,8.0,9,13,0.0,1.0
1ATGA,8.0,9,14,0.0,1.0000000000000002
1ATGA,8.0,9,15,0.0,1.0000000000000002
1ATGA,8.0,9,16,0.0,1.0
1ATGA,8.0,9,17,0.0,1.0
1ATGA,8.0,9,18,0.0,1.0
1ATGA,8.0,9,19,0.0,1.0
1ATGA,8.0,10,0,0.25133245349606514,0.4158756900531114
1ATGA,8.0,10,1,0.019490416760075933,0.9074561506820229
1ATGA,8.0,10,2,0.11050597672285026,0.4377411142003031
1ATGA,8.0,10,3,0.02378927159509191,0.9740018992249633
1ATGA,8.0,10,4,0.0372711627200318,0.8421747355761195
1ATGA,8.0,10,5,0.019406591666894048,0.983779901882945
1ATGA,8.0,10,6,0.0840450419021862,0.5743728154873198
1ATGA,8.0,10,7,0.016528461525610202,0.9081065737061554
1ATGA,8.0,10,8,0.07147976054712642,0.7571319079351085
1ATGA,8.0,10,9,0.6073319861327218,0.0912934158770368
1ATGA,8.0,10,10,0.019271164869722968,0.8971443829790603
1ATGA,8.0,10,11,0.11362017352358814,0.5260310851603291
1ATGA,8.0,10,12,0.2588351066569127,0.3863550306940338
1ATGA,8.0,10,13,0.04869259596746281,0.5491062600546253
1ATGA,8.0,10,14,0.15664866147637335,0.3413072880162557
1ATGA,8.0,10,15,0.036647767752896125,0.8890622664661272
1ATGA,8.0,10,16,0.16516431313534394,0.31395076485947526
1ATGA,8.0,10,17,0.017839392313894746,0.9784462059988307
1ATGA,8.0,10,18,0.029644792568302627,0.8294190693063701
1ATGA,8.0,10,19,0.08063034265288177,0.8396917066228287
1ATGA,8.0,11,0,0.05129124598033676,0.9245901118634864
1ATGA,8.0,11,1,0.04636763394082257,0.8990436210597124
1ATGA,8.0,11,2,0.02796207012239808,0.9191247311787731
1ATGA,8.0,11,3,0.051555558501258196,0.9373617027054317
1ATGA,8.0,11,4,0.03221910307609656,0.9926021764381471
1ATGA,8.0,11,5,0.058088942588633036,0.8700913263157106
1ATGA,8.0,11,6,0.030329740317892255,0.9491985197138737
1ATGA,8.0,11,7,0.07556272165499954,0.8259600284485384
1ATGA,8.0,11,8,0.07992647980749437,0.7746610654597339
1ATGA,8.0,11,9,0.03455632494410077,0.9564711953314038
1ATGA,8.0,11,10,0.03465007528201394,0.9140390452551632
1ATGA,8.0,11,11,0.03012002140114682,0.8934264985009693
1ATGA,8.0,11,12,0.03901578224893486,0.9381997775480484
1ATGA,8.0,11,13,0.06700073710731391,0.8869883779073389
1ATGA,8.0,11,14,0.10418280721144185,0.8633750760562077
1ATGA,8.0,11,15,0.0515524588856245,0.7542654759542472
1ATGA,8.0,11,16,0.045393365377070435,0.9790666000542865
1ATGA,8.0,11,17,0.03967887146372282,0.919991628347203
1ATGA,8.0,11,18,0.0699800263060347,0.7839328201749084
1ATGA,8.0,11,19,0.037099199032031537,0.8844721123479377
1ATGA,8.0,12,0,0.005001094878064951,0.9960452041826937
1ATGA,8.0,12,1,0.0214779893892389,0.977866353465376
1ATGA,8.0,12,2,0.02353444147139158,0.9846984753269182
1ATGA,8.0,12,3,0.017698448805959967,0.9753913069516745
1ATGA,8.0,12,4,0.017232579727283696,0.9591454049493098
1ATGA,8.0,12,5,0.011188821419785732,0.9949802952108557
1ATGA,8.0,12,6,0.011986223022586609,0.951449194057791
1ATGA,8.0,12,7,0.03007677262705557,0.8959076505444591
1ATGA,8.0,12,8,0.028371143512335332,0.9513397481731445
1ATGA,8.0,12,9,0.02758500328677889,0.9464140933783961
1ATGA,8.0,12,10,0.016026602598453864,0.9869972971776281
1ATGA,8.0,12,11,0.0121150976307864,0.9795629900828289
1ATGA,8.0,12,12,0.012001515153956581,0.9923287263235063
1ATGA,8.0,12,13,0.025303787376981673,0.9552256491881113
1ATGA,8.0,12,14,0.019890001260862922,0.904410756583799
1ATGA,8.0,12,15,0.020627982230853673,0.9808790717280763
1ATGA,8.0,12,16,0.014050385636096344,0.9757394578780517
1ATGA,8.0,12,17,0.02186990646327477,0.9718056516611902
1ATGA,8.0,12,18,0.00842740175558244,0.9940709815057808
1ATGA,8.0,12,19,0.025493049994400694,0.9759187356463652
1ATGA,8.0,13,0,0.014477849775722371,0.983164097271384
1ATGA,8.0,13,1,0.0172553794291647,0.9702562319003463
1ATGA,8.0,13,2,0.01831423358660096,0.9793723767313242
1ATGA,8.0,13,3,0.02074918209493997,0.9796075512741849
1ATGA,8.0,13,4,0.01060629234341911,0.984640867196122
1ATGA,8.0,13,5,0.007594268967830725,0.996364847163059
1ATGA,8.0,13,6,0.019278368298129272,0.9327726733059801
1ATGA,8.0,13,7,0.0132950701837315,0.9947584642076871
1ATGA,8.0,13,8,0.023346006681000484,0.9911485396976483
1ATGA,8.0,13,9,0.0055300594505864435,0.9977202043468718
1ATGA,8.0,13,10,0.017418642360920514,0.9790848590203377
1ATGA,8.0,13,11,0.005286976095453138,0.997493772083159
1ATGA,8.0,13,12,0.02277433531883728,0.9584593211275299
1ATGA,8.0,13,13,0.011506665357911882,0.9676479139558729
1ATGA,8.0,13,14,0.012283761606913213,0.9901534530841083
1ATGA,8.0,13,15,0.024821268698993922,0.9658226446117034
1ATGA,8.0,13,16,0.026230362774993046,0.9481720690914048
1ATGA,8.0,13,17,0.020255610993164152,0.9661932041605603
1ATGA,8.0,13,18,0.026089469687389844,0.9707960367825637
1ATGA,8.0,13,19,0.015204059797025625,0.9880118816563577
1ATGA,8.0,14,0,0.016514147328383036,0.9787774617913714
1ATGA,8.0,14,1,0.010809326548724475,0.9951628518420749
1ATGA,8.0,14,2,0.011423072152153782,0.9810859595210165
1ATGA,8.0,14,3,0.012611926980211546,0.9842607882853907
1ATGA,8.0,14,4,0.014919707473091086,0.9397166638178895
1ATGA,8.0,14,5,0.006975011794307925,0.9949461926156272
1ATGA,8.0,14,6,0.006600886624081907,0.9967105493462971
1ATGA,8.0,14,7,0.015329131897175611,0.9470794725967348
1ATGA,8.0,14,8,0.012542862769095912,0.9532765726433299
1ATGA,8.0,14,9,0.017545866349841933,0.9829585187747647
1ATGA,8.0,14,10,0.027518764937452013,0.9438713684643014
1ATGA,8.0,14,11,0.013996521667810194,0.9826024354935533
1ATGA,8.0,14,12,0.014436587395108436,0.9860468057485505
1ATGA,8.0,14,13,0.012526981478153452,0.9769108879675407
1ATGA,8.0,14,14,0.009273027453246293,0.9897057209994521
1ATGA,8.0,14,15,0.007937708355411197,0.9930875454897221
1ATGA,8.0,14,16,0.024248311818994603,0.9302314758195455
1ATGA,8.0,14,17,0.016049819609829492,0.9687847235930429
1ATGA,8.0,14,18,0.008192411487999304,0.9812385534868981
1ATGA,8.0,14,19,0.014908263518581832,0.960838140950416
1ATGA,8.0,15,0,0.009854665493533903,0.939500153889271
1ATGA,8.0,15,1,0.017325464620891247,0.9519749804536707
1ATGA,8.0,15,2,0.013855315354121699,0.9652709922879686
1ATGA,8.0,15,3,0.01205499293010846,0.9785294515793538
1ATGA,8.0,15,4,0.011749269758113773,0.963523414753956
1ATGA,8.0,15,5,0.015669676943625026,0.9420946885078962
1ATGA,8.0,15,6,0.016915075711539912,0.983387997752979
1ATGA,8.0,15,7,0.016332994771908416,0.9629486881029772
1ATGA,8.0,15,8,0.013355663188567797,0.9805482720293768
1ATGA,8.0,15,9,0.006613174451390833,0.996749946779009
1ATGA,8.0,15,10,0.008948420423546419,0.9881411497750981
1ATGA,8.0,15,11,0.019261037284380413,0.9100559975076027
1ATGA,8.0,15,12,0.01627067137063466,0.963977060946988
1ATGA,8.0,15,13,0.016710953622174098,0.9797852512830793
1ATGA,8.0,15,14,0.0118584036426152,0.9872949765472808
1ATGA,8.0,15,15,0.013652511472885076,0.9558094028639232
1ATGA,8.0,15,16,0.013764379233691613,0.9824605798448593
1ATGA,8.0,15,17,0.021314375855163853,0.905168305130576
1ATGA,8.0,15,18,0.02050965247556629,0.966072334584748
1ATGA,8.0,15,19,0.014394632514104378,0.9580257027016997
1ATGA,8.0,16,0,0.014389801995805442,0.9779333437678008
1ATGA,8.0,16,1,0.01549396891862265,0.986172688962874
1ATGA,8.0,16,2,0.017283150640312443,0.9670569175178784
1ATGA,8.0,16,3,0.01163732267488408,0.981978182469408
1ATGA,8.0,16,4,0.012561331181973789,0.9821740054145256
1ATGA,8.0,16,5,0.011564753880774922,0.9764455264584903
1ATGA,8.0,16,6,0.0198412742344803,0.9126545250835331
1ATGA,8.0,16,7,0.017627706874369764,0.9878200623256034
1ATGA,8.0,16,8,0.012915929074586073,0.978394443644114
1ATGA,8.0,16,9,0.013917056182354514,0.9819407981404186
1ATGA,8.0,16,10,0.012331697524932001,0.9885106562193924
1ATGA,8.0,16,11,0.010383989808853014,0.9626950472013601
1ATGA,8.0,16,12,0.009544519314030246,0.9874581299770174
1ATGA,8.0,16,13,0.012674441913482003,0.9827497062243948
1ATGA,8.0,16,14,0.014770227192203434,0.9696421630971265
1ATGA,8.0,16,15,0.010830546552619925,0.9886653420849992
1ATGA,8.0,16,16,0.01283303111862736,0.9691277522692677
1ATGA,8.0,16,17,0.013584961868974031,0.9790316970509364
1ATGA,8.0,16,18,0.014497995704836711,0.9691604766097343
1ATGA,8.0,16,19,0.013132885841408929,0.9796602680656761
1ATGA,8.0,17,0,0.010217812422208223,0.9893586116824168
1ATGA,8.0,17,1,0.010224624087323367,0.9907555759418887
1ATGA,8.0,17,2,0.01598775616495809,0.9636508910029729
1ATGA,8.0,17,3,0.011909772042723298,0.9810014907125844
1ATGA,8.0,17,4,0.014711794944889453,0.9755175910645667
1ATGA,8.0,17,5,0.010986475061593066,0.9883771558835927
1ATGA,8.0,17,6,0.014080178806877022,0.966085020585206
1ATGA,8.0,17,7,0.011301160629825847,0.9871600742044212
1ATGA,8.0,17,8,0.013534776811884927,0.9831711502317139
1ATGA,8.0,17,9,0.015916376939921675,0.9698604399209316
1ATGA,8.0,17,10,0.01453395697049595,0.9805960898472693
1ATGA,8.0,17,11,0.011917809103017431,0.977664316490892
1ATGA,8.0,17,12,0.01567318304903406,0.9630446328065758
1ATGA,8.0,17,13,0.010803494448080042,0.976998607751698
1ATGA,8.0,17,14,0.011715268155007726,0.990097623303906
1ATGA,8.0,17,15,0.012358250437046315,0.9588431583681919
1ATGA,8.0,17,16,0.010259632235971853,0.9900392594397365
1ATGA,8.0,17,17,0.01168716655323221,0.9683843912071848
1ATGA,8.0,17,18,0.0184043649722681,0.9529244802458325
1ATGA,8.0,17,19,0.010963713372145346,0.9877233286303854
1ATGA,8.0,18,0,0.01628265041122124,0.9684160767959283
1ATGA,8.0,18,1,0.011682151641385941,0.9824418965917192
1ATGA,8.0,18,2,0.016148592394852394,0.9615475949610971
1ATGA,8.0,18,3,0.01719226990265054,0.979187567055707
1ATGA,8.0,18,4,0.010100558282419368,0.9895398911101048
1ATGA,8.0,18,5,0.009837147669016983,0.9916735119288811
1ATGA,8.0,18,6,0.0042051541960439285,0.9973903755213422
1ATGA,8.0,18,7,0.011847690378204294,0.9688162727300366
1ATGA,8.0,18,8,0.009337795884661246,0.9909309271117497
1ATGA,8.0,18,9,0.013711467165988414,0.9621032783726121
1ATGA,8.0,18,10,0.012797402035475691,0.9759153834596492
1ATGA,8.0,18,11,0.013288984331409832,0.9665806829328086
1ATGA,8.0,18,12,0.01257579673184122,0.9833145922687073
1ATGA,8.0,18,13,0.016260285305382795,0.9726722512800229
1ATGA,8.0,18,14,0.01761802711916497,0.9759036928050787
1ATGA,8.0,18,15,0.014456256855379143,0.9457724724764565
1ATGA,8.0,18,16,0.01500871297393523,0.9550638616117808
1ATGA,8.0,18,17,0.01817391201852899,0.9523623191093832
1ATGA,8.0,18,18,0.014005679141130684,0.981796052410766
1ATGA,8.0,18,19,0.011247711918102041,0.9683215152787299
1ATGA,8.0,19,0,0.005911155438345899,0.9946107879776401
1ATGA,8.0,19,1,0.015189534292440023,0.9624254040976612
1ATGA,8.0,19,2,0.012797822204038772,0.9684224922365963
1ATGA,8.0,19,3,0.009077038313668162,0.9914306114854603
1ATGA,8.0,19,4,0.01338459982373357,0.9863904397840743
1ATGA,8.0,19,5,0.018704977987026875,0.9343399248964046
1ATGA,8.0,19,6,0.012335220333529637,0.9600899739081742
1ATGA,8.0,19,7,0.011792677463409345,0.9783883731961728
1ATGA,8.0,19,8,0.012221597917544735,0.9664595388164094
1ATGA,8.0,19,9,0.01649527866491511,0.9830484820120233
1ATGA,8.0,19,10,0.017315583042951277,0.9849124924574318
1ATGA,8.0,19,11,0.013788236416373247,0.945788509587418
1ATGA,8.0,19,12,0.013341710995649975,0.9793792233092213
1ATGA,8.0,19,13,0.011140573196487407,0.9727352103360017
1ATGA,8.0,19,14,0.0063903039505315215,0.9953730463673615
1ATGA,8.0,19,15,0.011504270787118295,0.979499684791987
1ATGA,8.0,19,16,0.014948149567702582,0.9608285699254653
1ATGA,8.0,19,17,0.0064036716775058115,0.9923802698344594
1ATGA,8.0,19,18,0.010623769915813205,0.9738656598015902
1ATGA,8.0,19,19,0.015195217192538342,0.9679409276087966
1ATGA,8.0,20,0,0.014733881637081236,0.9795868669545631
1ATGA,8.0,20,1,0.01140164047505624,0.9862512898762699
1ATGA,8.0,20,2,0.011504274334533967,0.9785402983975249
1ATGA,8.0,20,3,0.007470797674570262,0.9916834657452704
1ATGA,8.0,20,4,0.010061978744623865,0.9895180139502273
1ATGA,8.0,20,5,0.011102657531026988,0.9798906711363389
1ATGA,8.0,20,6,0.015352318767045589,0.979576417977885
1ATGA,8.0,20,7,0.012182708095237475,0.9863127777155549
1ATGA,8.0,20,8,0.00998427968385476,0.9788006501148193
1ATGA,8.0,20,9,0.013671515540222112,0.9752213660958271
1ATGA,8.0,20,10,0.004647428478697914,0.9963615441995765
1ATGA,8.0,20,11,0.013465339759235095,0.9788770485149677
1ATGA,8.0,20,12,0.011421862623726617,0.9851948441024198
1ATGA,8.0,20,13,0.006923530909124733,0.995482797444903
1ATGA,8.0,20,14,0.015282416852696564,0.9669601536932371
1ATGA,8.0,20,15,0.006878473999656691,0.9939227490289525
1ATGA,8.0,20,16,0.014561397123816088,0.9835960404053566
1ATGA,8.0,20,17,0.019405390820555854,0.9531147786934285
1ATGA,8.0,20,18,0.014733832046255162,0.9670831936363165
1ATGA,8.0,20,19,0.00649892270033133,0.9932960253495017
1ATGA,8.0,21,0,0.011778065577484358,0.987914691187937
1ATGA,8.0,21,1,0.016197975888982818,0.9603710200889166
1ATGA,8.0,21,2,0.010348475189831965,0.9903445290428918
1ATGA,8.0,21,3,0.014843539842188303,0.9595563883767266
1ATGA,8.0,21,4,0.010226454133455007,0.9871483971916342
1ATGA,8.0,21,5,0.01154949231009118,0.9863118261124175
1ATGA,8.0,21,6,0.010262954411878751,0.9860652926844986
1ATGA,8.0,21,7,0.01598608617903635,0.9515495644774667
1ATGA,8.0,21,8,0.01658350572977644,0.9728060924094751
1ATGA,8.0,21,9,0.014586827558782293,0.9835080059967122
1ATGA,8.0,21,10,0.014296638749144167,0.9681570942850416
1ATGA,8.0,21,11,0.011325392780809903,0.9894663092258369
1ATGA,8.0,21,12,0.014830535332866723,0.9743536078119109
1ATGA,8.0,21,13,0.006878785310447764,0.9940898090746866
1ATGA,8.0,21,14,0.013960561421343718,0.9629526733947624
1ATGA,8.0,21,15,0.010087860864928385,0.991656663765505
1ATGA,8.0,21,16,0.01363881375705421,0.9760914972486597
1ATGA,8.0,21,17,0.01574099507379773,0.9823926887576655
1ATGA,8.0,21,18,0.011802134677238191,0.983995601285591
1ATGA,8.0,21,19,0.014103479001341946,0.9804582570763487
1ATGA,8.0,22,0,0.012338781867742184,0.9756257946955905
1ATGA,8.0,22,1,0.015680913792455124,0.9720909272645255
1ATGA,8.0,22,2,0.014069819562856257,0.9718410006342697
1ATGA,8.0,22,3,0.007682054880209753,0.9911365716610077
1ATGA,8.0,22,4,0.011230370205344236,0.9890139433279719
1ATGA,8.0,22,5,0.012379084136644333,0.978097414514412
1ATGA,8.0,22,6,0.010879267328171644,0.987886850075968
1ATGA,8.0,22,7,0.01344476685097314,0.980503574208102
1ATGA,8.0,22,8,0.008942443178844132,0.9888458649961793
1ATGA,8.0,22,9,0.013775198459367333,0.9767003452949723
1ATGA,8.0,22,10,0.012579193123958547,0.9787378194548949
1ATGA,8.0,22,11,0.010499186902587051,0.9851399364475852
1ATGA,8.0,22,12,0.01509962623097984,0.9701479401741733
1ATGA,8.0,22,13,0.014573985376250766,0.9659708349208893
1ATGA,8.0,22,14,0.013468103182637605,0.9825746436051493
1ATGA,8.0,22,15,0.007755777818062836,0.9920533148723916
1ATGA,8.0,22,16,0.006569499484935702,0.9943593782378026
1ATGA,8.0,22,17,0.009186409116369025,0.9919970546485418
1ATGA,8.0,22,18,0.014012047984004407,0.9856102183690877
1ATGA,8.0,22,19,0.010089810420192365,0.9863321286084464
1ATGA,8.0,23,0,0.007824926877471815,0.991753391286612
1ATGA,8.0,23,1,0.017567266839625617,0.9509824667758068
1ATGA,8.0,23,2,0.015742023364254305,0.9763937392172465
1ATGA,8.0,23,3,0.008706525900337334,0.9909851948443461
1ATGA,8.0,23,4,0.01569658977198906,0.9640316613632735
1ATGA,8.0,23,5,0.010942693969360769,0.9771880664347363
1ATGA,8.0,23,6,0.015276520261907749,0.9682694625236946
1ATGA,8.0,23,7,0.015900634265311377,0.9760988887467803
1ATGA,8.0,23,8,0.015052441740683337,0.9753190595251258
1ATGA,8.0,23,9,0.013362785669353958,0.9763305044243819
1ATGA,8.0,23,10,0.007811864310613358,0.9930939539501767
1ATGA,8.0,23,11,0.011425736231090677,0.9863102135389235
1ATGA,8.0,23,12,0.0139595396252864,0.9581899224495057
1ATGA,8.0,23,13,0.014966269437444288,0.9720492825568138
1ATGA,8.0,23,14,0.013915333220721984,0.9800565771682905
1ATGA,8.0,23,15,0.01284425934705645,0.9708408704424404
1ATGA,8.0,23,16,0.019665548519894747,0.9462983883730407
1ATGA,8.0,23,17,0.014164639005222301,0.9729246107244189
1ATGA,8.0,23,18,0.010694042071588073,0.9847147474184464
1ATGA,8.0,23,19,0.012462263478744384,0.9788515919437679
1ATGA,8.0,24,0,0.017858246965110104,0.9712784495849637
1ATGA,8.0,24,1,0.01012464305471921,0.9870572939067498
1ATGA,8.0,24,2,0.015127225706280728,0.9620588877584064
1ATGA,8.0,24,3,0.01602842836028352,0.9799439565398453
1ATGA,8.0,24,4,0.011762028865967505,0.9841701635775322
1ATGA,8.0,24,5,0.016904154320409554,0.9762115762388657
1ATGA,8.0,24,6,0.008431727075844695,0.9908834883158342
1ATGA,8.0,24,7,0.009139383071169469,0.990081861841543
1ATGA,8.0,24,8,0.01509027346641859,0.9767467612053916
1ATGA,8.0,24,9,0.016653464905618844,0.9762097827346577
1ATGA,8.0,24,10,0.015170093523433412,0.9777834956366163
1ATGA,8.0,24,11,0.018992535990815938,0.9702240872694083
1ATGA,8.0,24,12,0.010392040402768782,0.988652014458196
1ATGA,8.0,24,13,0.01700080246262096,0.975324953440831
1ATGA,8.0,24,14,0.01656102505003647,0.9703074738548968
1ATGA,8.0,24,15,0.019389418969043348,0.9506913757225202
1ATGA,8.0,24,16,0.012832629568647181,0.9810332939840325
1ATGA,8.0,24,17,0.017453433131011192,0.967444128951928
1ATGA,8.0,24,18,0.015795653425412923,0.9698366737528534
1ATGA,8.0,24,19,0.015308614642379401,0.9706862616808675
1ATGA,8.0,25,0,0.018367238204710045,0.9689349162203882
1ATGA,8.0,25,1,0.017648372511825276,0.9578083382155161
1ATGA,8.0,25,2,0.01583322726958921,0.9779635972619325
1ATGA,8.0,25,3,0.017669614666076427,0.9679756460293335
1ATGA,8.0,25,4,0.01756051204957692,0.9714592384094902
1ATGA,8.0,25,5,0.020050923511475686,0.9635629583711527
1ATGA,8.0,25,6,0.018387653937046364,0.9598739662119034
1ATGA,8.0,25,7,0.016382380250856116,0.9777484751415902
1ATGA,8.0,25,8,0.008460490808610008,0.9923200222177831
1ATGA,8.0,25,9,0.01614756987959433,0.9548745814528914
1ATGA,8.0,25,10,0.01568154287111004,0.9753862255609077
1ATGA,8.0,25,11,0.00861224509953794,0.9923135915472437
1ATGA,8.0,25,12,0.018923683222920717,0.9653778042081049
1ATGA,8.0,25,13,0.016185948685702913,0.9773163708273422
1ATGA,8.0,25,14,0.015578953126335175,0.9795145072255158
1ATGA,8.0,25,15,0.014514513405752688,0.9678194867715335
1ATGA,8.0,25,16,0.005797797355623634,0.995583978254763
1ATGA,8.0,25,17,0.01935950722593454,0.9597304998077338
1ATGA,8.0,25,18,0.01831600877761214,0.9660026437702444
1ATGA,8.0,25,19,0.018673739044299583,0.9611009198001889
1ATGA,8.0,26,0,0.018859205010520907,0.9617979846097741
1ATGA,8.0,26,1,0.018696831679201654,0.9552509471101656
1ATGA,8.0,26,2,0.01946377292169801,0.9637744495419343
1ATGA,8.0,26,3,0.009647582047883489,0.9887694606578654
1ATGA,8.0,26,4,0.006988677569600997,0.9962187775176947
1ATGA,8.0,26,5,0.00827741334206626,0.9918655266464146
1ATGA,8.0,26,6,0.004674276655427828,0.9968975810277911
1ATGA,8.0,26,7,0.019650766630363543,0.9464814277992049
1ATGA,8.0,26,8,0.019181117384751856,0.9689269176846201
1ATGA,8.0,26,9,0.017537984568479662,0.9658568509600971
1ATGA,8.0,26,10,0.015212885224620417,0.9820870186756765
1ATGA,8.0,26,11,0.009259262534564636,0.9897250879286402
1ATGA,8.0,26,12,0.019510034486620198,0.9710000500125922
1ATGA,8.0,26,13,0.019574146119006736,0.9727514367929593
1ATGA,8.0,26,14,0.005624292211573805,0.9963958690884298
1ATGA,8.0,26,15,0.01615733783952941,0.9720667931833779
1ATGA,8.0,26,16,0.019131047697832453,0.9724466185523647
1ATGA,8.0,26,17,0.017814254145344377,0.9793167712139411
1ATGA,8.0,26,18,0.019796645300656595,0.9449049701349131
1ATGA,8.0,26,19,0.020510709606865664,0.9567293069669006
1ATGA,8.0,27,0,0.019848097052788106,0.9565028599028194
1ATGA,8.0,27,1,0.015192638145486825,0.9791458674860601
1ATGA,8.0,27,2,0.01808239163495661,0.9731376643568413
1ATGA,8.0,27,3,0.012573324443269696,0.9850560284480273
1ATGA,8.0,27,4,0.01050416770457907,0.9877814927141131
1ATGA,8.0,27,5,0.014247941164839933,0.9862554678224604
1ATGA,8.0,27,6,0.016183609821462868,0.9775815499138899
1ATGA,8.0,27,7,0.008741826486009881,0.9918977029250249
1ATGA,8.0,27,8,0.012763765929981762,0.9816118807871609
1ATGA,8.0,27,9,0.021016312785563308,0.9634327003537231
1ATGA,8.0,27,10,0.00659220865325668,0.9948197187214354
1ATGA,8.0,27,11,0.01431665121979989,0.979224292696303
1ATGA,8.0,27,12,0.016743091069297306,0.974350489397119
1ATGA,8.0,27,13,0.018777063327537983,0.9621322185243519
1ATGA,8.0,27,14,0.019847123084655433,0.9748278323563783
1ATGA,8.0,27,15,0.017403148936652443,0.9679025575350737
1ATGA,8.0,27,16,0.01975212355304342,0.9592317105023245
1ATGA,8.0,27,17,0.018685465254645796,0.9714445711692743
1ATGA,8.0,27,18,0.010715530826424593,0.9886227365365152
1ATGA,8.0,27,19,0.01352415857339837,0.9802191879546003
1ATGA,8.0,28,0,0.01860906545145125,0.9739570498317509
1ATGA,8.0,28,1,0.016501349394780523,0.9777168476330597
1ATGA,8.0,28,2,0.008425600482989482,0.9911148573716433
1ATGA,8.0,28,3,0.018316092092574628,0.9740154987021467
1ATGA,8.0,28,4,0.010959317596186917,0.9883406190899605
1ATGA,8.0,28,5,0.014159786417997157,0.9746843968824179
1ATGA,8.0,28,6,0.017568978444650264,0.9765110364097465
1ATGA,8.0,28,7,0.02176378373067659,0.9613884615697288
1ATGA,8.0,28,8,0.014190678965949999,0.9818313146531508
1ATGA,8.0,28,9,0.02360308759822581,0.9614844446900187
1ATGA,8.0,28,10,0.007970207017168298,0.9943846156089489
1ATGA,8.0,28,11,0.012796487904981101,0.9802144332835072
1ATGA,8.0,28,12,0.01641356738763129,0.9808849432528837
1ATGA,8.0,28,13,0.015962588737967708,0.9892323007940139
1ATGA,8.0,28,14,0.014155663006855,0.9843013462388842
1ATGA,8.0,28,15,0.01755713193816274,0.9648055793740142
1ATGA,8.0,28,16,0.01711149637493116,0.9763409792957516
1ATGA,8.0,28,17,0.016252690315799977,0.9722545343276746
1ATGA,8.0,28,18,0.003312486905327809,0.998415948708924
1ATGA,8.0,28,19,0.022000575382788597,0.9699017784537729
1ATGA,8.0,29,0,0.0209787713543193,0.9602842707948083
1ATGA,8.0,29,1,0.012478199068757297,0.9627898405748612
1ATGA,8.0,29,2,0.014088058447356359,0.9758204070933817
1ATGA,8.0,29,3,0.01245926812812989,0.9900782660625751
1ATGA,8.0,29,4,0.009875033759890585,0.9895121652076513
1ATGA,8.0,29,5,0.013341979513567723,0.9893580542686222
1ATGA,8.0,29,6,0.01978037751045784,0.9604122988449771
1ATGA,8.0,29,7,0.01710582331540562,0.9813973830508418
1ATGA,8.0,29,8,0.018193809426650904,0.9737497377821461
1ATGA,8.0,29,9,0.009035278455136075,0.9911863880941256
1ATGA,8.0,29,10,0.01164111956124653,0.9901124930865536
1ATGA,8.0,29,11,0.011191912610638715,0.9894275271794674
1ATGA,8.0,29,12,0.02028789386680075,0.9683454246876173
1ATGA,8.0,29,13,0.02075007745318297,0.9591116365466402
1ATGA,8.0,29,14,0.01054103459191938,0.9724653149106948
1ATGA,8.0,29,15,0.013261634327105675,0.9661478568284216
1ATGA,8.0,29,16,0.018198382876309024,0.963014202199082
1ATGA,8.0,29,17,0.013089753183519265,0.9852657256345372
1ATGA,8.0,29,18,0.018383507175021477,0.9792772023300987
1ATGA,8.0,29,19,0.012395720194196297,0.9860247230834039
1ATGA,8.0,30,0,0.021408607574066634,0.9700091750579141
1ATGA,8.0,30,1,0.01988367503336801,0.9710442206760063
1ATGA,8.0,30,2,0.016141533420209044,0.9734831126129246
1ATGA,8.0,30,3,0.01779528288427143,0.9728959878789083
1ATGA,8.0,30,4,0.00833898479356532,0.9752847110374654
1ATGA,8.0,30,5,0.012764166888744127,0.9712136417737728
1ATGA,8.0,30,6,0.010138201663850792,0.9843284066069922
1ATGA,8.0,30,7,0.012584280032218167,0.9855183199254242
1ATGA,8.0,30,8,0.02090729224675826,0.9514009698171157
1ATGA,8.0,30,9,0.022559993127216064,0.9681056390480695
1ATGA,8.0,30,10,0.01884480507604355,0.9733592720643091
1ATGA,8.0,30,11,0.0147275491419485,0.9778838168594908
1ATGA,8.0,30,12,0.009220363022690251,0.9912529139805408
1ATGA,8.0,30,13,0.019062816335192186,0.9655267354211793
1ATGA,8.0,30,14,0.0067148685878275745,0.995743627711974
1ATGA,8.0,30,15,0.005594566002736217,0.9970607181112229
1ATGA,8.0,30,16,0.01830617708180895,0.971050890719126
1ATGA,8.0,30,17,0.00831466799693254,0.9934647192702826
1ATGA,8.0,30,18,0.013932344053980188,0.9630359777522342
1ATGA,8.0,30,19,0.011000614004864363,0.9908233676775529
1ATGA,8.0,31,0,0.023871819425484133,0.9517374541355054
1ATGA,8.0,31,1,0.015410259863658368,0.9792914626019653
1ATGA,8.0,31,2,0.012642312411413054,0.9814967404157903
1ATGA,8.0,31,3,0.001959553286630859,0.9994168721667919
1ATGA,8.0,31,4,0.01671693632485542,0.9555474080560419
1ATGA,8.0,31,5,0.007005843991418804,0.9954041450120283
1ATGA,8.0,31,6,0.013575726310259476,0.9863862835924497
1ATGA,8.0,31,7,0.008218260671723338,0.9777274571692921
1ATGA,8.0,31,8,0.014073867520890751,0.9912256582640125
1ATGA,8.0,31,9,0.015265320326205725,0.9847204706082149
1ATGA,8.0,31,10,0.01421357883336068,0.9741046959124987
1ATGA,8.0,31,11,0.0058221490471303105,0.9870158633065961
1ATGA,8.0,31,12,0.015211658798891848,0.9777679777682307
1ATGA,8.0,31,13,0.0022728321224990107,0.9991819664992975
1ATGA,8.0,31,14,0.01019891842322235,0.9911125515943554
1ATGA,8.0,31,15,0.012079727274720817,0.9913837011074832
1ATGA,8.0,31,16,0.011575502845203225,0.9881550041867497
1ATGA,8.0,31,17,0.01690903515185975,0.9714657107613576
1ATGA,8.0,31,18,0.015095879067904943,0.9873423329127213
1ATGA,8.0,31,19,0.020862139054335455,0.9548515627174363
1ATGA,8.0,32,0,0.017939722936433426,0.952128673749358
1ATGA,8.0,32,1,0.009512912668735123,0.9878369235565287
1ATGA,8.0,32,2,0.012910242037760136,0.9638001666665605
1ATGA,8.0,32,3,0.01747659865547373,0.9755888257149362
1ATGA,8.0,32,4,0.017253081059164798,0.9735720780423942
1ATGA,8.0,32,5,0.0028928801046733546,0.9934481072664436
1ATGA,8.0,32,6,0.014008313556009403,0.9723665914323592
1ATGA,8.0,32,7,0.01776768499816144,0.9765577961923054
1ATGA,8.0,32,8,0.005191483319956664,0.9824614175981464
1ATGA,8.0,32,9,0.0073450400202066495,0.9925145111563748
1ATGA,8.0,32,10,0.01434704403610121,0.9777438512974661
1ATGA,8.0,32,11,0.014348735351348464,0.9687905884816728
1ATGA,8.0,32,12,0.012530078103938892,0.982188315857695
1ATGA,8.0,32,13,0.018031794485320357,0.9760683889742211
1ATGA,8.0,32,14,0.021730044015598804,0.9652848260415023
1ATGA,8.0,32,15,0.011280537512296393,0.9921364534280682
1ATGA,8.0,32,16,0.006002646312026166,0.9881564669627135
1ATGA,8.0,32,17,0.015718023771121525,0.9626555018075819
1ATGA,8.0,32,18,0.017014508963652794,0.9729410147676542
1ATGA,8.0,32,19,0.023849464205397554,0.9478045426639247
1ATGA,10.0,0,0,0.0,1.0
1ATGA,10.0,0,1,0.0,1.0000000000000002
1ATGA,10.0,0,2,0.0,0.9999999999999998
1ATGA,10.0,0,3,0.0,1.0
1ATGA,10.0,0,4,0.0,0.9999999999999998
1ATGA,10.0,0,5,0.0,0.9999999999999999
1ATGA,10.0,0,6,0.0,1.0
1ATGA,10.0,0,7,0.0,1.0
1ATGA,10.0,0,8,0.0,0.9999999999999999
1ATGA,10.0,0,9,0.0,0.9999999999999999
1ATGA,10.0,0,10,0.0,0.9999999999999998
1ATGA,10.0,0,11,0.0,0.9999999999999999
1ATGA,10.0,0,12,0.0,0.9999999999999999
1ATGA,10.0,0,13,0.0,1.0000000000000002
1ATGA,10.0,0,14,0.0,0.9999999999999999
1ATGA,10.0,0,15,0.0,1.0
1ATGA,10.0,0,16,0.0,1.0000000000000002
1ATGA,10.0,0,17,0.0,1.0000000000000002
1ATGA,10.0,0,18,0.0,1.0000000000000002
1ATGA,10.0,0,19,0.0,0.9999999999999998
1ATGA,10.0,1,0,0.0,0.9999999999999998
1ATGA,10.0,1,1,0.0,1.0
1ATGA,10.0,1,2,0.0,1.0
1ATGA,10.0,1,3,0.0,1.0
1ATGA,10.0,1,4,0.0,1.0000000000000002
1ATGA,10.0,1,5,0.0,0.9999999999999999
1ATGA,10.0,1,6,0.0,1.0
1ATGA,10.0,1,7,0.0,0.9999999999999999
1ATGA,10.0,1,8,0.0,1.0000000000000002
1ATGA,10.0,1,9,0.0,1.0
1ATGA,10.0,1,10,0.0,1.0000000000000002
1ATGA,10.0,1,11,0.0,0.9999999999999999
1ATGA,10.0,1,12,0.0,1.0
1ATGA,10.0,1,13,0.0,1.0
1ATGA,10.0,1,14,0.0,0.9999999999999998
1ATGA,10.0,1,15,0.0,0.9999999999999999
1ATGA,10.0,1,16,0.0,0.9999999999999998
1ATGA,10.0,1,17,0.0,1.0
1ATGA,10.0,1,18,0.0,0.9999999999999999
1ATGA,10.0,1,19,0.0,0.9999999999999999
1ATGA,10.0,2,0,0.0,0.9999999999999999
1ATGA,10.0,2,1,0.0,1.0
1ATGA,10.0,2,2,0.0,0.9999999999999999
1ATGA,10.0,2,3,0.0,1.0000000000000002
1ATGA,10.0,2,4,0.0,1.0
1ATGA,10.0,2,5,0.0,1.0000000000000002
1ATGA,10.0,2,6,0.0,1.0
1ATGA,10.0,2,7,0.0,1.0
1ATGA,10.0,2,8,0.0,0.9999999999999999
1ATGA,10.0,2,9,0.0,1.0
1ATGA,10.0,2,10,0.0,1.0
1ATGA,10.0,2,11,0.0,1.0000000000000002
1ATGA,10.0,2,12,0.0,1.0
1ATGA,10.0,2,13,0.0,1.0
1ATGA,10.0,2,14,0.0,1.0
1ATGA,10.0,2,15,0.0,1.0
1ATGA,10.0,2,16,0.0,0.9999999999999998
1ATGA,10.0,2,17,0.0,1.0000000000000002
1ATGA,10.0,2,18,0.0,1.0000000000000002
1ATGA,10.0,2,19,0.0,1.0
1ATGA,10.0,3,0,0.0,1.0000000000000002
1ATGA,10.0,3,1,0.0,0.9999999999999999
1ATGA,10.0,3,2,0.0,1.0000000000000002
1ATGA,10.0,3,3,0.0,1.0
1ATGA,10.0,3,4,0.0,1.0000000000000002
1ATGA,10.0,3,5,0.0,0.9999999999999999
1ATGA,10.0,3,6,0.0,0.9999999999999998
1ATGA,10.0,3,7,0.0,1.0000000000000002
1ATGA,10.0,3,8,0.0,1.0
1ATGA,10.0,3,9,0.0,1.0000000000000002
1ATGA,10.0,3,10,0.0,1.0
1ATGA,10.0,3,11,0.0,1.0
1ATGA,10.0,3,12,0.0,1.0000000000000002
1ATGA,10.0,3,13,0.0,0.9999999999999998
1ATGA,10.0,3,14,0.0,1.0
1ATGA,10.0,3,15,0.0,0.9999999999999999
1ATGA,10.0,3,16,0.0,1.0
1ATGA,10.0,3,17,0.0,1.0000000000000002
1ATGA,10.0,3,18,0.0,1.0
1ATGA,10.0,3,19,0.0,1.0000000000000002
1ATGA,10.0,4,0,0.0,1.0
1ATGA,10.0,4,1,0.0,1.0000000000000002
1ATGA,10.0,4,2,0.0,1.0
1ATGA,10.0,4,3,0.0,1.0000000000000002
1ATGA,10.0,4,4,0.0,1.0
1ATGA,10.0,4,5,0.0,1.0
1ATGA,10.0,4,6,0.0,1.0
1ATGA,10.0,4,7,0.0,1.0000000000000002
1ATGA,10.0,4,8,0.0,0.9999999999999999
1ATGA,10.0,4,9,0.0,1.0
1ATGA,10.0,4,10,0.0,1.0
1ATGA,10.0,4,11,0.0,1.0
1ATGA,10.0,4,12,0.0,0.9999999999999998
1ATGA,10.0,4,13,0.0,1.0
1ATGA,10.0,4,14,0.0,1.0000000000000002
1ATGA,10.0,4,15,0.0,1.0
1ATGA,10.0,4,16,0.0,0.9999999999999998
1ATGA,10.0,4,17,0.0,0.9999999999999998
1ATGA,10.0,4,18,0.0,1.0
1ATGA,10.0,4,19,0.0,1.0
1ATGA,10.0,5,0,0.0,1.0000000000000002
1ATGA,10.0,5,1,0.0,1.0000000000000002
1ATGA,10.0,5,2,0.0,1.0
1ATGA,10.0,5,3,0.0,1.0
1ATGA,10.0,5,4,0.0,1.0
1ATGA,10.0,5,5,0.0,1.0
1ATGA,10.0,5,6,0.0,1.0000000000000002
1ATGA,10.0,5,7,0.0,0.9999999999999999
1ATGA,10.0,5,8,0.0,1.0
1ATGA,10.0,5,9,0.0,0.9999999999999998
1ATGA,10.0,5,10,0.0,1.0000000000000002
1ATGA,10.0,5,11,0.0,0.9999999999999998
1ATGA,10.0,5,12,0.0,1.0
1ATGA,10.0,5,13,0.0,0.9999999999999999
1ATGA,10.0,5,14,0.0,1.0
1ATGA,10.0,5,15,0.0,1.0
1ATGA,10.0,5,16,0.0,1.0
1ATGA,10.0,5,17,0.0,0.9999999999999999
1ATGA,10.0,5,18,0.0,1.0
1ATGA,10.0,5,19,0.0,0.9999999999999998
1ATGA,10.0,6,0,0.0,1.0000000000000002
1ATGA,10.0,6,1,0.0,1.0
1ATGA,10.0,6,2,0.0,1.0
1ATGA,10.0,6,3,0.0,1.0
1ATGA,10.0,6,4,0.0,1.0000000000000002
1ATGA,10.0,6,5,0.0,0.9999999999999999
1ATGA,10.0,6,6,0.0,0.9999999999999998
1ATGA,10.0,6,7,0.0,0.9999999999999999
1ATGA,10.0,6,8,0.0,1.0
1ATGA,10.0,6,9,0.0,1.0
1ATGA,10.0,6,10,0.0,1.0000000000000002
1ATGA,10.0,6,11,0.0,1.0
1ATGA,10.0,6,12,0.0,1.0000000000000002
1ATGA,10.0,6,13,0.0,1.0
1ATGA,10.0,6,14,0.0,1.0
1ATGA,10.0,6,15,0.0,1.0000000000000002
1ATGA,10.0,6,16,0.0,1.0000000000000002
1ATGA,10.0,6,17,0.0,1.0
1ATGA,10.0,6,18,0.0,1.0000000000000002
1ATGA,10.0,6,19,0.0,1.0
1ATGA,10.0,7,0,0.0,1.0000000000000002
1ATGA,10.0,7,1,0.0,1.0000000000000002
1ATGA,10.0,7,2,0.0,1.0
1ATGA,10.0,7,3,0.0,0.9999999999999999
1ATGA,10.0,7,4,0.0,1.0
1ATGA,10.0,7,5,0.0,1.0
1ATGA,10.0,7,6,0.0,1.0000000000000002
1ATGA,10.0,7,7,0.0,0.9999999999999999
1ATGA,10.0,7,8,0.0,1.0000000000000002
1ATGA,10.0,7,9,0.0,1.0
1ATGA,10.0,7,10,0.0,0.9999999999999998
1ATGA,10.0,7,11,0.0,1.0000000000000002
1ATGA,10.0,7,12,0.0,1.0000000000000002
1ATGA,10.0,7,13,0.0,0.9999999999999999
1ATGA,10.0,7,14,0.0,1.0000000000000002
1ATGA,10.0,7,15,0.0,1.0000000000000002
1ATGA,10.0,7,16,0.0,0.9999999999999998
1ATGA,10.0,7,17,0.0,1.0
1ATGA,10.0,7,18,0.0,1.0
1ATGA,10.0,7,19,0.0,0.9999999999999999
1ATGA,10.0,8,0,0.0,1.0
1ATGA,10.0,8,1,0.0,0.9999999999999999
1ATGA,10.0,8,2,0.0,0.9999999999999998
1ATGA,10.0,8,3,0.0,1.0000000000000002
1ATGA,10.0,8,4,0.0,1.0
1ATGA,10.0,8,5,0.0,1.0
1ATGA,10.0,8,6,0.0,0.9999999999999999
1ATGA,10.0,8,7,0.0,1.0
1ATGA,10.0,8,8,0.0,1.0000000000000002
1ATGA,10.0,8,9,0.0,0.9999999999999999
1ATGA,10.0,8,10,0.0,0.9999999999999998
1ATGA,10.0,8,11,0.0,1.0
1ATGA,10.0,8,12,0.0,1.0
1ATGA,10.0,8,13,0.0,0.9999999999999999
1ATGA,10.0,8,14,0.0,1.0
1ATGA,10.0,8,15,0.0,1.0000000000000002
1ATGA,10.0,8,16,0.0,1.0000000000000002
1ATGA,10.0,8,17,0.0,1.0
1ATGA,10.0,8,18,0.0,1.0
1ATGA,10.0,8,19,0.0,1.0000000000000002
1ATGA,10.0,9,0,0.0,1.0
1ATGA,10.0,9,1,0.0,0.9999999999999998
1ATGA,10.0,9,2,0.0,1.0
1ATGA,10.0,9,3,0.0,1.0
1ATGA,10.0,9,4,0.0,1.0000000000000002
1ATGA,10.0,9,5,0.0,0.9999999999999999
1ATGA,10.0,9,6,0.0,1.0
1ATGA,10.0,9,7,0.0,1.0
1ATGA,10.0,9,8,0.0,0.9999999999999998
1ATGA,10.0,9,9,0.0,1.0
1ATGA,10.0,9,10,0.0,1.0
1ATGA,10.0,9,11,0.0,1.0
1ATGA,10.0,9,12,0.0,1.0
1ATGA,10.0,9,13,0.0,1.0
1ATGA,10.0,9,14,0.0,1.0000000000000002
1ATGA,10.0,9,15,0.0,1.0000000000000002
1ATGA,10.0,9,16,0.0,1.0
1ATGA,10.0,9,17,0.0,1.0
1ATGA,10.0,9,18,0.0,1.0
1ATGA,10.0,9,19,0.0,1.0
1ATGA,10.0,10,0,0.2997539527060413,0.30341630791772184
1ATGA,10.0,10,1,0.025680344506484567,0.8161404368412385
1ATGA,10.0,10,2,0.1129677776690436,0.39247686600353315
1ATGA,10.0,10,3,0.025084408202484844,0.9730717062500388
1ATGA,10.0,10,4,0.040392386413693845,0.8269530208262056
1ATGA,10.0,10,5,0.020319456650368536,0.9830104107112672
1ATGA,10.0,10,6,0.10296758934324839,0.48358077740890637
1ATGA,10.0,10,7,0.01855737636326222,0.8572064001475563
1ATGA,10.0,10,8,0.09762069551836271,0.670224703718285
1ATGA,10.0,10,9,0.6078608037871296,0.09089526041226799
1ATGA,10.0,10,10,0.020790283042024845,0.8911423822761396
1ATGA,10.0,10,11,0.11537535972772058,0.5217634723024982
1ATGA,10.0,10,12,0.2603516674819761,0.3792112861447647
1ATGA,10.0,10,13,0.051197742581516194,0.5430936108399834
1ATGA,10.0,10,14,0.16179800511678014,0.3080551793328238
1ATGA,10.0,10,15,0.03749059961022725,0.8877957396263522
1ATGA,10.0,10,16,0.1659863278805571,0.31377572452927105
1ATGA,10.0,10,17,0.018660838757719025,0.9778610700803705
1ATGA,10.0,10,18,0.033646200735124886,0.7044671948317033
1ATGA,10.0,10,19,0.10840441896451572,0.785467011532814
1ATGA,10.0,11,0,0.15276125639052546,0.7787158004518848
1ATGA,10.0,11,1,0.09251472135722777,0.7862579829813962
1ATGA,10.0,11,2,0.3005283154023853,0.23773282988125274
1ATGA,10.0,11,3,0.09948030441232981,0.8682578949744432
1ATGA,10.0,11,4,0.10379409334484527,0.9458402746272401
1ATGA,10.0,11,5,0.3101502831993308,0.5518763834759178
1ATGA,10.0,11,6,0.07532668722165342,0.7870229323869662
1ATGA,10.0,11,7,0.14908991548518147,0.6743782754211707
1ATGA,10.0,11,8,0.21670384535754153,0.4321479723430183
1ATGA,10.0,11,9,0.12892838755314365,0.8434776322987197
1ATGA,10.0,11,10,0.09986643219218794,0.7107802085647349
1ATGA,10.0,11,11,0.07924777057128321,0.8153527584888267
1ATGA,10.0,11,12,0.10246217008024985,0.8570804252959792
1ATGA,10.0,11,13,0.18621516626617274,0.6913621338525006
1ATGA,10.0,11,14,0.2906101566520463,0.6266568430263384
1ATGA,10.0,11,15,0.11047349767374905,0.5022029204399189
1ATGA,10.0,11,16,0.31992093772368996,0.7243259801131867
1ATGA,10.0,11,17,0.10980683079075805,0.810113250399693
1ATGA,10.0,11,18,0.14283295050100098,0.5196082347519225
1ATGA,10.0,11,19,0.08894600556724454,0.7049972347744292
1ATGA,10.0,12,0,0.014733245358405306,0.9876143619475269
1ATGA,10.0,12,1,0.10716287175908794,0.8349648909241343
1ATGA,10.0,12,2,0.09417662638891047,0.9325585391377366
1ATGA,10.0,12,3,0.04877332996504395,0.9434779974771154
1ATGA,10.0,12,4,0.04706941556947735,0.817807961300552
1ATGA,10.0,12,5,0.04258185795424287,0.9756646836954168
1ATGA,10.0,12,6,0.1256604987244873,0.7433479219108583
1ATGA,10.0,12,7,0.08610291505742909,0.7330551397837626
1ATGA,10.0,12,8,0.09095684226837056,0.8313708743810154
1ATGA,10.0,12,9,0.07441555752496119,0.8762872289682994
1ATGA,10.0,12,10,0.052216824545105095,0.9386220121507018
1ATGA,10.0,12,11,0.03493261262181847,0.9291323624385014
1ATGA,10.0,12,12,0.0451364737217048,0.964643893538737
1ATGA,10.0,12,13,0.06227164411681111,0.8649231771984526
1ATGA,10.0,12,14,0.0738163682101567,0.7108904604237121
1ATGA,10.0,12,15,0.07143393858067602,0.8753292951093532
1ATGA,10.0,12,16,0.04162929110608412,0.7727413232218039
1ATGA,10.0,12,17,0.08055941566973496,0.8426073983978369
1ATGA,10.0,12,18,0.018884875059965504,0.9817648147632331
1ATGA,10.0,12,19,0.0743170706066707,0.8849732153859124
1ATGA,10.0,13,0,0.03991437439372175,0.957470982349345
1ATGA,10.0,13,1,0.05847643959093351,0.9038805916879589
1ATGA,10.0,13,2,0.05579460166097834,0.9513092706537912
1ATGA,10.0,13,3,0.062011807013330235,0.9376899210799208
1ATGA,10.0,13,4,0.03227435897919154,0.9616104676804713
1ATGA,10.0,13,5,0.030792723158635675,0.9890948851619934
1ATGA,10.0,13,6,0.05658441983219332,0.8069862716559789
1ATGA,10.0,13,7,0.0622122417083726,0.9414753170309997
1ATGA,10.0,13,8,0.08545575111582737,0.947936049253507
1ATGA,10.0,13,9,0.03199674930868307,0.987124013807607
1ATGA,10.0,13,10,0.06183632919110388,0.9133627500707007
1ATGA,10.0,13,11,0.025596105752199203,0.9896467810031027
1ATGA,10.0,13,12,0.05429009021817984,0.8905683742191227
1ATGA,10.0,13,13,0.0561762388498532,0.8660802087130378
1ATGA,10.0,13,14,0.061480382782211566,0.958720213078683
1ATGA,10.0,13,15,0.055311670298875154,0.9199602546828439
1ATGA,10.0,13,16,0.08251675715369618,0.8151321816350108
1ATGA,10.0,13,17,0.050760988201039095,0.9100611918824172
1ATGA,10.0,13,18,0.07427997955439279,0.9190909938269319
1ATGA,10.0,13,19,0.07856344391611213,0.9491507117064265
1ATGA,10.0,14,0,0.0748685176286833,0.8866254855903749
1ATGA,10.0,14,1,0.07604594044347505,0.9383142081933743
1ATGA,10.0,14,2,0.05155797630181171,0.9039734675414552
1ATGA,10.0,14,3,0.09652099859619798,0.8746370043747399
1ATGA,10.0,14,4,0.08200191086985666,0.5963764960926632
1ATGA,10.0,14,5,0.03695912780261288,0.9773003399412381
1ATGA,10.0,14,6,0.03746495121378509,0.9834181750738885
1ATGA,10.0,14,7,0.09457021532199691,0.6406712624020658
1ATGA,10.0,14,8,0.0437182283755439,0.867351897390921
1ATGA,10.0,14,9,0.09025626750075566,0.8382564088066906
1ATGA,10.0,14,10,0.06060508773506517,0.8410307688891346
1ATGA,10.0,14,11,0.06441859113662252,0.898612457907108
1ATGA,10.0,14,12,0.05374708888774688,0.9393989238374577
1ATGA,10.0,14,13,0.05961769169869094,0.9039195101320847
1ATGA,10.0,14,14,0.041533292930565076,0.956181409287112
1ATGA,10.0,14,15,0.040310250973414063,0.9648795115630546
1ATGA,10.0,14,16,0.11440911042884168,0.8265060026450838
1ATGA,10.0,14,17,0.06790419314181571,0.8086763013842154
1ATGA,10.0,14,18,0.02958031668381324,0.9338758417660165
1ATGA,10.0,14,19,0.060872554576248177,0.8648256445851489
1ATGA,10.0,15,0,0.07912431120430101,0.6173322521127254
1ATGA,10.0,15,1,0.07276842929797757,0.8955696840436208
1ATGA,10.0,15,2,0.09427877548321842,0.8033948653037684
1ATGA,10.0,15,3,0.04867782369748689,0.8769594889251421
1ATGA,10.0,15,4,0.0773913068096993,0.8018984515311223
1ATGA,10.0,15,5,0.10792859276157432,0.7747545076735539
1ATGA,10.0,15,6,0.09259403836273192,0.8808768149109508
1ATGA,10.0,15,7,0.09593789064623783,0.7808674222055115
1ATGA,10.0,15,8,0.07378158787556978,0.9142167833825808
1ATGA,10.0,15,9,0.041487598840778184,0.9774123399682465
1ATGA,10.0,15,10,0.04530211315776759,0.9459284585142195
1ATGA,10.0,15,11,0.08857304635907781,0.6321429845194824
1ATGA,10.0,15,12,0.10092366233048236,0.7842155231613496
1ATGA,10.0,15,13,0.09694836622043966,0.8701212985323169
1ATGA,10.0,15,14,0.06344922736803693,0.9289860636772316
1ATGA,10.0,15,15,0.07421475041951568,0.7536601154333687
1ATGA,10.0,15,16,0.08715862411956196,0.7930501558374019
1ATGA,10.0,15,17,0.11916184683437447,0.6808654622835439
1ATGA,10.0,15,18,0.07568328640337854,0.8578412177944109
1ATGA,10.0,15,19,0.10095077497401145,0.7487388268177905
1ATGA,10.0,16,0,0.07722944906547104,0.8637478997671367
1ATGA,10.0,16,1,0.08321848618223968,0.9084729744222091
1ATGA,10.0,16,2,0.11649457129271143,0.7776948130868189
1ATGA,10.0,16,3,0.06488821972570544,0.9128618385456095
1ATGA,10.0,16,4,0.09354659647711641,0.8474728784461371
1ATGA,10.0,16,5,0.08841285371568142,0.769277649535542
1ATGA,10.0,16,6,0.07074549635623892,0.7455249812607069
1ATGA,10.0,16,7,0.09982596338659609,0.9578644150526866
1ATGA,10.0,16,8,0.06084691114804827,0.9061189664706566
1ATGA,10.0,16,9,0.08511674101301533,0.8495548430537833
1ATGA,10.0,16,10,0.08767722661365175,0.8696595159682404
1ATGA,10.0,16,11,0.09367702136271619,0.7386565656579601
1ATGA,10.0,16,12,0.0669359256259594,0.9111144249100972
1ATGA,10.0,16,13,0.09822170042812388,0.8760207674686199
1ATGA,10.0,16,14,0.07757349523967152,0.8742587086758075
1ATGA,10.0,16,15,0.0884569319370682,0.855489876027697
1ATGA,10.0,16,16,0.10376244325576048,0.8038996833715877
1ATGA,10.0,16,17,0.1050490374070053,0.8472909228283416
1ATGA,10.0,16,18,0.10006111857967244,0.7566835699969009
1ATGA,10.0,16,19,0.09878226400674846,0.8416253581178974
1ATGA,10.0,17,0,0.04698049684365665,0.9454388325419475
1ATGA,10.0,17,1,0.06409623575030964,0.9280344527353356
1ATGA,10.0,17,2,0.07287579036382268,0.8573908484704565
1ATGA,10.0,17,3,0.07138064275459576,0.906771476748722
1ATGA,10.0,17,4,0.11780483014701797,0.74347019385026
1ATGA,10.0,17,5,0.09482864550462937,0.9005903638321502
1ATGA,10.0,17,6,0.10286987812555486,0.7739670483648314
1ATGA,10.0,17,7,0.0693290803144048,0.916794094179065
1ATGA,10.0,17,8,0.07961146136478282,0.861995499562184
1ATGA,10.0,17,9,0.0881042822038738,0.7876305631680826
1ATGA,10.0,17,10,0.09283473678097923,0.8482712551373698
1ATGA,10.0,17,11,0.06764997423676702,0.8759364796376966
1ATGA,10.0,17,12,0.07975167638698274,0.8308399706825782
1ATGA,10.0,17,13,0.06077918992447538,0.8826071980941079
1ATGA,10.0,17,14,0.062037706831851155,0.906106195060767
1ATGA,10.0,17,15,0.057110123702225166,0.8562050321517974
1ATGA,10.0,17,16,0.05630772814220676,0.9406295855938241
1ATGA,10.0,17,17,0.08909414058277851,0.8518246421315613
1ATGA,10.0,17,18,0.08681961808856196,0.7799492320375175
1ATGA,10.0,17,19,0.05921903185155865,0.927675264761631
1ATGA,10.0,18,0,0.09160145397973106,0.8416523565851582
1ATGA,10.0,18,1,0.08068651185584252,0.8919287715983354
1ATGA,10.0,18,2,0.06902442436834424,0.8628208043874285
1ATGA,10.0,18,3,0.08073470338162674,0.8982316168649387
1ATGA,10.0,18,4,0.053755710832807016,0.9345345836969393
1ATGA,10.0,18,5,0.06711927440267527,0.9342192943495569
1ATGA,10.0,18,6,0.02432531161421392,0.9839757420801145
1ATGA,10.0,18,7,0.08358875178863125,0.7867431191192724
1ATGA,10.0,18,8,0.04847213492632386,0.9490343277568891
1ATGA,10.0,18,9,0.07644789138578799,0.8235777455621339
1ATGA,10.0,18,10,0.06286454537347644,0.8809747969587925
1ATGA,10.0,18,11,0.0741618019366909,0.82668307705466
1ATGA,10.0,18,12,0.061270212169481295,0.9023603428071275
1ATGA,10.0,18,13,0.1089281960911814,0.8239355656536612
1ATGA,10.0,18,14,0.045282758169918995,0.9373837141082778
1ATGA,10.0,18,15,0.06591991307394275,0.7590274213819095
1ATGA,10.0,18,16,0.070173531813669,0.8409015637767229
1ATGA,10.0,18,17,0.08255829287239706,0.8704259514370277
1ATGA,10.0,18,18,0.07935775422287368,0.9064940538800651
1ATGA,10.0,18,19,0.06687210031411285,0.8797717811465423
1ATGA,10.0,19,0,0.03000188116074963,0.9748009483255092
1ATGA,10.0,19,1,0.07686431055007117,0.7254002078638314
1ATGA,10.0,19,2,0.06867048604640208,0.8380732538801073
1ATGA,10.0,19,3,0.049764402028859275,0.9470069097582886
1ATGA,10.0,19,4,0.05787253215235009,0.9439523386304701
1ATGA,10.0,19,5,0.0923767198350833,0.6549112442113211
1ATGA,10.0,19,6,0.06036278797081705,0.81823135248028
1ATGA,10.0,19,7,0.08375547485620262,0.8969292513898723
1ATGA,10.0,19,8,0.06193227468724905,0.8186023497174063
1ATGA,10.0,19,9,0.07083244611757208,0.9152097252232823
1ATGA,10.0,19,10,0.06846552998348153,0.9357259948032183
1ATGA,10.0,19,11,0.07316409400038397,0.802363038874725
1ATGA,10.0,19,12,0.06537214347617339,0.8963328777368218
1ATGA,10.0,19,13,0.05826750935854011,0.856022140284015
1ATGA,10.0,19,14,0.03067827804449993,0.9772904192986733
1ATGA,10.0,19,15,0.05129156233435699,0.8938682555858711
1ATGA,10.0,19,16,0.09519362200884599,0.8217422260196401
1ATGA,10.0,19,17,0.033033281291133046,0.960592601767534
1ATGA,10.0,19,18,0.062441634047228745,0.8585219731414235
1ATGA,10.0,19,19,0.06544434699305134,0.8705289530452753
1ATGA,10.0,20,0,0.05356004712095003,0.9311348016566816
1ATGA,10.0,20,1,0.07034233414818089,0.8958202976097086
1ATGA,10.0,20,2,0.05451034479827198,0.9053538684063305
1ATGA,10.0,20,3,0.03365213914886716,0.9628559638146417
1ATGA,10.0,20,4,0.06386559118842285,0.9320111595108342
1ATGA,10.0,20,5,0.05508057487768519,0.9227060914444349
1ATGA,10.0,20,6,0.07223313202067072,0.8932917752104873
1ATGA,10.0,20,7,0.0646327558428477,0.9129701894821332
1ATGA,10.0,20,8,0.09230524494901425,0.8920521044782891
1ATGA,10.0,20,9,0.07396954134595378,0.8596137510004261
1ATGA,10.0,20,10,0.020357480941811563,0.9829612487735799
1ATGA,10.0,20,11,0.0862612267847687,0.8357809288194294
1ATGA,10.0,20,12,0.06116680472273633,0.9326383256350393
1ATGA,10.0,20,13,0.03399459970327241,0.9749006299805897
1ATGA,10.0,20,14,0.08431660131371803,0.7566224066876324
1ATGA,10.0,20,15,0.03013896594453387,0.9754600758559858
1ATGA,10.0,20,16,0.056925437754483665,0.9323645739871719
1ATGA,10.0,20,17,0.09403973680758015,0.8031290904764782
1ATGA,10.0,20,18,0.07581499740990029,0.8472089550810077
1ATGA,10.0,20,19,0.03022647863293262,0.9698221711873916
1ATGA,10.0,21,0,0.06106163570012247,0.9401956497460205
1ATGA,10.0,21,1,0.09141249593241858,0.8499945902695252
1ATGA,10.0,21,2,0.05047589939059354,0.9494635643074707
1ATGA,10.0,21,3,0.07291201847293381,0.8066703649930052
1ATGA,10.0,21,4,0.054622118577114215,0.9266665317157802
1ATGA,10.0,21,5,0.06286360107989226,0.9416552410478534
1ATGA,10.0,21,6,0.04966473605955652,0.9335565361850953
1ATGA,10.0,21,7,0.06004147639384915,0.8135586390849755
1ATGA,10.0,21,8,0.10136130335986765,0.8249978402173196
1ATGA,10.0,21,9,0.06085677416819502,0.9320589802679965
1ATGA,10.0,21,10,0.06321325537291612,0.8717186364656268
1ATGA,10.0,21,11,0.07033994586733476,0.9043299696458559
1ATGA,10.0,21,12,0.07301899059100019,0.8346759854410843
1ATGA,10.0,21,13,0.032806420263406647,0.9686733239122993
1ATGA,10.0,21,14,0.06998099543272476,0.8477438321992765
1ATGA,10.0,21,15,0.04961916540221945,0.9569466794410983
1ATGA,10.0,21,16,0.07652143285784078,0.8444607683238355
1ATGA,10.0,21,17,0.07226313932184443,0.924173312108179
1ATGA,10.0,21,18,0.060663541351184,0.9370185263457489
1ATGA,10.0,21,19,0.06316247934891721,0.9046037956029532
1ATGA,10.0,22,0,0.05295912933164606,0.902179403015599
1ATGA,10.0,22,1,0.07572746387749153,0.8604405721334542
1ATGA,10.0,22,2,0.07212123164043763,0.8216782560912818
1ATGA,10.0,22,3,0.04020841099119072,0.9535605351192602
1ATGA,10.0,22,4,0.05692641289823521,0.9365540844985251
1ATGA,10.0,22,5,0.07643537666327244,0.8776368054441631
1ATGA,10.0,22,6,0.053201910788910074,0.9364521309271263
1ATGA,10.0,22,7,0.08080021320448541,0.9059825941988711
1ATGA,10.0,22,8,0.05215481193845075,0.9287955989164085
1ATGA,10.0,22,9,0.061896901821393596,0.8951317830710691
1ATGA,10.0,22,10,0.06413075159063067,0.8858238256635107
1ATGA,10.0,22,11,0.07085189573725427,0.8987428914954824
1ATGA,10.0,22,12,0.06592059501555987,0.8788798383410403
1ATGA,10.0,22,13,0.07182793442929526,0.8643959795969862
1ATGA,10.0,22,14,0.06670824693560395,0.9032954438701898
1ATGA,10.0,22,15,0.03902694710549355,0.9592346619102933
1ATGA,10.0,22,16,0.030808609019543926,0.9742403711778346
1ATGA,10.0,22,17,0.0723932108649022,0.9371603631067164
1ATGA,10.0,22,18,0.0601303536496628,0.9404686758851761
1ATGA,10.0,22,19,0.057290546991958305,0.9107802815761347
1ATGA,10.0,23,0,0.03597384229688656,0.966244812095982
1ATGA,10.0,23,1,0.10277518529875336,0.8054529209357096
1ATGA,10.0,23,2,0.0853722646998251,0.8339531814357602
1ATGA,10.0,23,3,0.04052288574504499,0.9623355735259418
1ATGA,10.0,23,4,0.07779390229486446,0.8031354078293106
1ATGA,10.0,23,5,0.05924154658072049,0.8967547310001577
1ATGA,10.0,23,6,0.07502308754119327,0.8342481954905022
1ATGA,10.0,23,7,0.08188472728552723,0.8424367817775502
1ATGA,10.0,23,8,0.0640810235375627,0.9007078620284897
1ATGA,10.0,23,9,0.06840463907463094,0.8839541171662546
1ATGA,10.0,23,10,0.034553784742432474,0.9698242368539872
1ATGA,10.0,23,11,0.06158293591557851,0.9136176259553781
1ATGA,10.0,23,12,0.06947754819886526,0.8141765586611246
1ATGA,10.0,23,13,0.0799718867077767,0.8705703040379306
1ATGA,10.0,23,14,0.0660462192797813,0.9014108080464384
1ATGA,10.0,23,15,0.062115706633428414,0.8508530976486589
1ATGA,10.0,23,16,0.09396568453674752,0.7833095208647997
1ATGA,10.0,23,17,0.0732700826517782,0.875253113756559
1ATGA,10.0,23,18,0.051618103008555516,0.9194177885717348
1ATGA,10.0,23,19,0.07180758659549734,0.8366347993711564
1ATGA,10.0,24,0,0.09157648123676412,0.8594321555318639
1ATGA,10.0,24,1,0.0530398090893038,0.9333292054187567
1ATGA,10.0,24,2,0.10899318415937126,0.8145907557539424
1ATGA,10.0,24,3,0.08086912840032152,0.8816756524072964
1ATGA,10.0,24,4,0.0633530076801794,0.9009660787958857
1ATGA,10.0,24,5,0.09192730642316717,0.8676179877494019
1ATGA,10.0,24,6,0.04040543853769,0.9611517658138582
1ATGA,10.0,24,7,0.04310751688405067,0.9557877352583625
1ATGA,10.0,24,8,0.07374686719045369,0.8771881360723401
1ATGA,10.0,24,9,0.07392108637842998,0.8955435928448006
1ATGA,10.0,24,10,0.07501048277015866,0.9018133800707335
1ATGA,10.0,24,11,0.0825194993471355,0.8734863903212265
1ATGA,10.0,24,12,0.04943120806423882,0.9474912638453745
1ATGA,10.0,24,13,0.0919700805325696,0.8539401711541817
1ATGA,10.0,24,14,0.08806126637785344,0.8159684549055239
1ATGA,10.0,24,15,0.1022484969247902,0.7940713445132692
1ATGA,10.0,24,16,0.06746293100929011,0.892510071233877
1ATGA,10.0,24,17,0.08866062547479542,0.7990773827995991
1ATGA,10.0,24,18,0.08373242689366177,0.820757598498279
1ATGA,10.0,24,19,0.08247789863838657,0.8134663436785273
1ATGA,10.0,25,0,0.0754198464263688,0.8835179635594506
1ATGA,10.0,25,1,0.09358571793129072,0.7756558519476542
1ATGA,10.0,25,2,0.07938545237126649,0.8906111018136392
1ATGA,10.0,25,3,0.0922660621241286,0.856307555034635
1ATGA,10.0,25,4,0.0977318569879175,0.847627500883956
1ATGA,10.0,25,5,0.10405180208224277,0.8073913340425802
1ATGA,10.0,25,6,0.08883222771769492,0.8227540177395125
1ATGA,10.0,25,7,0.08354319542437603,0.9006599404554325
1ATGA,10.0,25,8,0.04112015146923458,0.9620177906845434
1ATGA,10.0,25,9,0.08390365332043262,0.7906844218585333
1ATGA,10.0,25,10,0.07222754045573385,0.9000717181171256
1ATGA,10.0,25,11,0.0395980802788701,0.9632719238196792
1ATGA,10.0,25,12,0.10476152765115865,0.8010786465211448
1ATGA,10.0,25,13,0.07204691124698462,0.8990404069791732
1ATGA,10.0,25,14,0.06947752876995635,0.9138333508870264
1ATGA,10.0,25,15,0.07498862446981396,0.8158640167581966
1ATGA,10.0,25,16,0.027838767535274946,0.9775356680324222
1ATGA,10.0,25,17,0.10298725727979259,0.7734829730849274
1ATGA,10.0,25,18,0.0911500125304774,0.8309890399826321
1ATGA,10.0,25,19,0.08382843262082668,0.8245855312579816
1ATGA,10.0,26,0,0.10805952095739718,0.7750334214906244
1ATGA,10.0,26,1,0.08861921178384594,0.7876670708130101
1ATGA,10.0,26,2,0.079574556122781,0.8698989498537741
1ATGA,10.0,26,3,0.04748979086293338,0.9473223393876242
1ATGA,10.0,26,4,0.032047792209717894,0.9797434489209278
1ATGA,10.0,26,5,0.03776759944522891,0.9642884137121678
1ATGA,10.0,26,6,0.0204553371022791,0.985793431492964
1ATGA,10.0,26,7,0.0873089561800268,0.7929012769445893
1ATGA,10.0,26,8,0.08985903334803108,0.8545031865354707
1ATGA,10.0,26,9,0.09588366915424901,0.8269845527968676
1ATGA,10.0,26,10,0.0787657884148981,0.9002530462813585
1ATGA,10.0,26,11,0.042814392704161354,0.9512056880824857
1ATGA,10.0,26,12,0.0970383044409727,0.8462642367140738
1ATGA,10.0,26,13,0.09210767589199984,0.8689480680019145
1ATGA,10.0,26,14,0.02811770168730619,0.9804393450888412
1ATGA,10.0,26,15,0.0883085331283254,0.8433858240655895
1ATGA,10.0,26,16,0.10827117519706714,0.8296620282876976
1ATGA,10.0,26,17,0.0768026823192331,0.9236555607329893
1ATGA,10.0,26,18,0.08255045745634655,0.8427889023444567
1ATGA,10.0,26,19,0.0943943473456938,0.8145953648206739
1ATGA,10.0,27,0,0.09597867783864161,0.812582809896082
1ATGA,10.0,27,1,0.06733642144782119,0.9097937263137121
1ATGA,10.0,27,2,0.09028437247501189,0.849244712390596
1ATGA,10.0,27,3,0.059634291184766486,0.9200970424127414
1ATGA,10.0,27,4,0.04796278245795301,0.9381153334406727
1ATGA,10.0,27,5,0.0639920790718885,0.9415144762062434
1ATGA,10.0,27,6,0.07328546161779514,0.9066697949530178
1ATGA,10.0,27,7,0.04322928279696421,0.9545048780104535
1ATGA,10.0,27,8,0.062224706645608585,0.9085321254398158
1ATGA,10.0,27,9,0.09430867329605648,0.8354259811127877
1ATGA,10.0,27,10,0.03069989433067866,0.9749144091905316
1ATGA,10.0,27,11,0.06579772819810831,0.908966358356542
1ATGA,10.0,27,12,0.0815798925768558,0.8468023573014618
1ATGA,10.0,27,13,0.10084637418555949,0.790378742058534
1ATGA,10.0,27,14,0.08677132276121889,0.8829581170958178
1ATGA,10.0,27,15,0.0826071686075925,0.8674214012444714
1ATGA,10.0,27,16,0.10047007477649504,0.7865229195802619
1ATGA,10.0,27,17,0.08110344523153246,0.8829993091946734
1ATGA,10.0,27,18,0.05498540607954251,0.9308964238046754
1ATGA,10.0,27,19,0.06803169266336881,0.8906322234077276
1ATGA,10.0,28,0,0.09701521610170245,0.8598144390940693
1ATGA,10.0,28,1,0.1024692413443254,0.7462208422937084
1ATGA,10.0,28,2,0.040065461624017334,0.9602807461148108
1ATGA,10.0,28,3,0.09146138352975962,0.8795765426461872
1ATGA,10.0,28,4,0.05228031052554464,0.9392930841406864
1ATGA,10.0,28,5,0.06701041348455343,0.8789386059875305
1ATGA,10.0,28,6,0.09142378743638561,0.8597053061923227
1ATGA,10.0,28,7,0.0986972084389779,0.8196460298314869
1ATGA,10.0,28,8,0.07834761718132581,0.8881668906793632
1ATGA,10.0,28,9,0.10589031680041038,0.8260426299606257
1ATGA,10.0,28,10,0.039985086284863545,0.9709721319169768
1ATGA,10.0,28,11,0.05433452348646027,0.9222997151589423
1ATGA,10.0,28,12,0.08221912306678937,0.8969592429424127
1ATGA,10.0,28,13,0.07975987770571263,0.9395175650306731
1ATGA,10.0,28,14,0.06637679630907888,0.9283160859330255
1ATGA,10.0,28,15,0.08669623300553765,0.8100942624893562
1ATGA,10.0,28,16,0.07833178480016624,0.8855836577540811
1ATGA,10.0,28,17,0.07513143689749063,0.85951064986459
1ATGA,10.0,28,18,0.01515782489019276,0.9925262846445326
1ATGA,10.0,28,19,0.10109062678388026,0.8461315433915887
1ATGA,10.0,29,0,0.09502306471743799,0.8303362384446994
1ATGA,10.0,29,1,0.0476530867009979,0.7587238442504225
1ATGA,10.0,29,2,0.060105522760110636,0.9092349665217248
1ATGA,10.0,29,3,0.05784430595873771,0.9518654341885113
1ATGA,10.0,29,4,0.0474273440178047,0.9496000573503532
1ATGA,10.0,29,5,0.0625691263511874,0.9531810718380497
1ATGA,10.0,29,6,0.09598130984737918,0.778991198702004
1ATGA,10.0,29,7,0.08268039052682807,0.8935129973037962
1ATGA,10.0,29,8,0.08894360922494189,0.8716656225332369
1ATGA,10.0,29,9,0.04085713502681637,0.9586261815597964
1ATGA,10.0,29,10,0.05428447245725516,0.9537558858393804
1ATGA,10.0,29,11,0.05082275134125213,0.94823791441763
1ATGA,10.0,29,12,0.09054222666390552,0.8686307658577701
1ATGA,10.0,29,13,0.08978874623104743,0.8250414598813268
1ATGA,10.0,29,14,0.05312518648616543,0.8760883810195631
1ATGA,10.0,29,15,0.06545347169199835,0.8391972547174791
1ATGA,10.0,29,16,0.08269636355764812,0.8465342926205549
1ATGA,10.0,29,17,0.0629132060060001,0.9163410662730408
1ATGA,10.0,29,18,0.10363036109553926,0.8737865702197085
1ATGA,10.0,29,19,0.053110407858329496,0.9407132403859985
1ATGA,10.0,30,0,0.10633179776460978,0.8475419389859271
1ATGA,10.0,30,1,0.09533110606975873,0.8696766766066971
1ATGA,10.0,30,2,0.07197505207977312,0.8880239763011003
1ATGA,10.0,30,3,0.08186581333985175,0.8686760809031512
1ATGA,10.0,30,4,0.041076374752049456,0.9012365037203756
1ATGA,10.0,30,5,0.0585441846363431,0.8648747204865191
1ATGA,10.0,30,6,0.056754884636691955,0.9182473865846983
1ATGA,10.0,30,7,0.0608938383461836,0.9275606514914551
1ATGA,10.0,30,8,0.09314771471615757,0.7926602470300037
1ATGA,10.0,30,9,0.09394164089634705,0.8440750362615823
1ATGA,10.0,30,10,0.08214360362225169,0.8872213049931539
1ATGA,10.0,30,11,0.07172548227460153,0.8886974492162495
1ATGA,10.0,30,12,0.03913867589494904,0.9633273435747699
1ATGA,10.0,30,13,0.09688862375406904,0.8266837096589933
1ATGA,10.0,30,14,0.026737660166667516,0.9849171342039738
1ATGA,10.0,30,15,0.022445056528597213,0.9880562398362011
1ATGA,10.0,30,16,0.08324497091685168,0.8610442878285844
1ATGA,10.0,30,17,0.03833188170408358,0.9691012226556279
1ATGA,10.0,30,18,0.06756766954699651,0.8415158439282749
1ATGA,10.0,30,19,0.049768307616496386,0.957058352495296
1ATGA,10.0,31,0,0.10772135478864334,0.7942322697249714
1ATGA,10.0,31,1,0.06928748094786763,0.9152668896734969
1ATGA,10.0,31,2,0.05998447745606152,0.9021762739243239
1ATGA,10.0,31,3,0.008255046949806624,0.9978372959439069
1ATGA,10.0,31,4,0.08490915132973834,0.7763126655356101
1ATGA,10.0,31,5,0.029948931513643185,0.980342735168583
1ATGA,10.0,31,6,0.05580710804802915,0.9473516273432984
1ATGA,10.0,31,7,0.039007384861280345,0.906785512829756
1ATGA,10.0,31,8,0.061078099534948076,0.9587621239316465
1ATGA,10.0,31,9,0.06559478416389534,0.9299091171431105
1ATGA,10.0,31,10,0.06336368889262262,0.8761498026152426
1ATGA,10.0,31,11,0.025790323352326824,0.9458879374301212
1ATGA,10.0,31,12,0.06936120492191124,0.8925442628938903
1ATGA,10.0,31,13,0.00878384521578322,0.9971096897111242
1ATGA,10.0,31,14,0.04790471663606604,0.9572563445390937
1ATGA,10.0,31,15,0.055775757181569706,0.9591196048501264
1ATGA,10.0,31,16,0.052018568043745134,0.9478794582104257
1ATGA,10.0,31,17,0.09162141249181888,0.833181927109775
1ATGA,10.0,31,18,0.0723050139896156,0.9363463305190395
1ATGA,10.0,31,19,0.10666256600540361,0.8056828181115026
1ATGA,10.0,32,0,0.07814953209541864,0.807988082366545
1ATGA,10.0,32,1,0.04358916031398975,0.9392073770068253
1ATGA,10.0,32,2,0.055295900299103605,0.8357140369358991
1ATGA,10.0,32,3,0.07845427276592014,0.897879107735937
1ATGA,10.0,32,4,0.08355884519389889,0.8565491144060143
1ATGA,10.0,32,5,0.01387028998280804,0.9696424361465464
1ATGA,10.0,32,6,0.06610434143795392,0.8804922978876226
1ATGA,10.0,32,7,0.08019421263300108,0.8952236169604688
1ATGA,10.0,32,8,0.025588570336313267,0.9128255899275439
1ATGA,10.0,32,9,0.03349584804452245,0.9632545094425848
1ATGA,10.0,32,10,0.0642849096846983,0.9051277415933668
1ATGA,10.0,32,11,0.06844553919483308,0.8520479291166654
1ATGA,10.0,32,12,0.0611864270136887,0.9103291383228969
1ATGA,10.0,32,13,0.09667892228099438,0.8711104108224228
1ATGA,10.0,32,14,0.09068789821275058,0.8485563311194518
1ATGA,10.0,32,15,0.04696054002958076,0.9707393260198267
1ATGA,10.0,32,16,0.029292125321930262,0.9432742969394304
1ATGA,10.0,32,17,0.0654202269815987,0.8546002183424616
1ATGA,10.0,32,18,0.08660757689359519,0.8542573813866694
1ATGA,10.0,32,19,0.10535476820040586,0.7849692258991311
1ATGA,12.0,0,0,0.0,1.0
1ATGA,12.0,0,1,0.0,1.0000000000000002
1ATGA,12.0,0,2,0.0,0.9999999999999998
1ATGA,12.0,0,3,0.0,1.0
1ATGA,12.0,0,4,0.0,0.9999999999999998
1ATGA,12.0,0,5,0.0,0.9999999999999999
1ATGA,12.0,0,6,0.0,1.0
1ATGA,12.0,0,7,0.0,1.0
1ATGA,12.0,0,8,0.0,0.9999999999999999
1ATGA,12.0,0,9,0.0,0.9999999999999999
1ATGA,12.0,0,10,0.0,0.9999999999999998
1ATGA,12.0,0,11,0.0,0.9999999999999999
1ATGA,12.0,0,12,0.0,0.9999999999999999
1ATGA,12.0,0,13,0.0,1.0000000000000002
1ATGA,12.0,0,14,0.0,0.9999999999999999
1ATGA,12.0,0,15,0.0,1.0
1ATGA,12.0,0,16,0.0,1.0000000000000002
1ATGA,12.0,0,17,0.0,1.0000000000000002
1ATGA,12.0,0,18,0.0,1.0000000000000002
1ATGA,12.0,0,19,0.0,0.9999999999999998
1ATGA,12.0,1,0,0.0,0.9999999999999998
1ATGA,12.0,1,1,0.0,1.0
1ATGA,12.0,1,2,0.0,1.0
1ATGA,12.0,1,3,0.0,1.0
1ATGA,12.0,1,4,0.0,1.0000000000000002
1ATGA,12.0,1,5,0.0,0.9999999999999999
1ATGA,12.0,1,6,0.0,1.0
1ATGA,12.0,1,7,0.0,0.9999999999999999
1ATGA,12.0,1,8,0.0,1.0000000000000002
1ATGA,12.0,1,9,0.0,1.0
1ATGA,12.0,1,10,0.0,1.0000000000000002
1ATGA,12.0,1,11,0.0,0.9999999999999999
1ATGA,12.0,1,12,0.0,1.0
1ATGA,12.0,1,13,0.0,1.0
1ATGA,12.0,1,14,0.0,0.9999999999999998
1ATGA,12.0,1,15,0.0,0.9999999999999999
1ATGA,12.0,1,16,0.0,0.9999999999999998
1ATGA,12.0,1,17,0.0,1.0
1ATGA,12.0,1,18,0.0,0.9999999999999999
1ATGA,12.0,1,19,0.0,0.9999999999999999
1ATGA,12.0,2,0,0.0,0.9999999999999999
1ATGA,12.0,2,1,0.0,1.0
1ATGA,12.0,2,2,0.0,0.9999999999999999
1ATGA,12.0,2,3,0.0,1.0000000000000002
1ATGA,12.0,2,4,0.0,1.0
1ATGA,12.0,2,5,0.0,1.0000000000000002
1ATGA,12.0,2,6,0.0,1.0
1ATGA,12.0,2,7,0.0,1.0
1ATGA,12.0,2,8,0.0,0.9999999999999999
1ATGA,12.0,2,9,0.0,1.0
1ATGA,12.0,2,10,0.0,1.0
1ATGA,12.0,2,11,0.0,1.0000000000000002
1ATGA,12.0,2,12,0.0,1.0
1ATGA,12.0,2,13,0.0,1.0
1ATGA,12.0,2,14,0.0,1.0
1ATGA,12.0,2,15,0.0,1.0
1ATGA,12.0,2,16,0.0,0.9999999999999998
1ATGA,12.0,2,17,0.0,1.0000000000000002
1ATGA,12.0,2,18,0.0,1.0000000000000002
1ATGA,12.0,2,19,0.0,1.0
1ATGA,12.0,3,0,0.0,1.0000000000000002
1ATGA,12.0,3,1,0.0,0.9999999999999999
1ATGA,12.0,3,2,0.0,1.0000000000000002
1ATGA,12.0,3,3,0.0,1.0
1ATGA,12.0,3,4,0.0,1.0000000000000002
1ATGA,12.0,3,5,0.0,0.9999999999999999
1ATGA,12.0,3,6,0.0,0.9999999999999998
1ATGA,12.0,3,7,0.0,1.0000000000000002
1ATGA,12.0,3,8,0.0,1.0
1ATGA,12.0,3,9,0.0,1.0000000000000002
1ATGA,12.0,3,10,0.0,1.0
1ATGA,12.0,3,11,0.0,1.0
1ATGA,12.0,3,12,0.0,1.0000000000000002
1ATGA,12.0,3,13,0.0,0.9999999999999998
1ATGA,12.0,3,14,0.0,1.0
1ATGA,12.0,3,15,0.0,0.9999999999999999
1ATGA,12.0,3,16,0.0,1.0
1ATGA,12.0,3,17,0.0,1.0000000000000002
1ATGA,12.0,3,18,0.0,1.0
1ATGA,12.0,3,19,0.0,1.0000000000000002
1ATGA,12.0,4,0,0.0,1.0
1ATGA,12.0,4,1,0.0,1.0000000000000002
1ATGA,12.0,4,2,0.0,1.0
1ATGA,12.0,4,3,0.0,1.0000000000000002
1ATGA,12.0,4,4,0.0,1.0
1ATGA,12.0,4,5,0.0,1.0
1ATGA,12.0,4,6,0.0,1.0
1ATGA,12.0,4,7,0.0,1.0000000000000002
1ATGA,12.0,4,8,0.0,0.9999999999999999
1ATGA,12.0,4,9,0.0,1.0
1ATGA,12.0,4,10,0.0,1.0
1ATGA,12.0,4,11,0.0,1.0
1ATGA,12.0,4,12,0.0,0.9999999999999998
1ATGA,12.0,4,13,0.0,1.0
1ATGA,12.0,4,14,0.0,1.0000000000000002
1ATGA,12.0,4,15,0.0,1.0
1ATGA,12.0,4,16,0.0,0.9999999999999998
1ATGA,12.0,4,17,0.0,0.9999999999999998
1ATGA,12.0,4,18,0.0,1.0
1ATGA,12.0,4,19,0.0,1.0
1ATGA,12.0,5,0,0.0,1.0000000000000002
1ATGA,12.0,5,1,0.0,1.0000000000000002
1ATGA,12.0,5,2,0.0,1.0
1ATGA,12.0,5,3,0.0,1.0
1ATGA,12.0,5,4,0.0,1.0
1ATGA,12.0,5,5,0.0,1.0
1ATGA,12.0,5,6,0.0,1.0000000000000002
1ATGA,12.0,5,7,0.0,0.9999999999999999
1ATGA,12.0,5,8,0.0,1.0
1ATGA,12.0,5,9,0.0,0.9999999999999998
1ATGA,12.0,5,10,0.0,1.0000000000000002
1ATGA,12.0,5,11,0.0,0.9999999999999998
1ATGA,12.0,5,12,0.0,1.0
1ATGA,12.0,5,13,0.0,0.9999999999999999
1ATGA,12.0,5,14,0.0,1.0
1ATGA,12.0,5,15,0.0,1.0
1ATGA,12.0,5,16,0.0,1.0
1ATGA,12.0,5,17,0.0,0.9999999999999999
1ATGA,12.0,5,18,0.0,1.0
1ATGA,12.0,5,19,0.0,0.9999999999999998
1ATGA,12.0,6,0,0.0,1.0000000000000002
1ATGA,12.0,6,1,0.0,1.0
1ATGA,12.0,6,2,0.0,1.0
1ATGA,12.0,6,3,0.0,1.0
1ATGA,12.0,6,4,0.0,1.0000000000000002
1ATGA,12.0,6,5,0.0,0.9999999999999999
1ATGA,12.0,6,6,0.0,0.9999999999999998
1ATGA,12.0,6,7,0.0,0.9999999999999999
1ATGA,12.0,6,8,0.0,1.0
1ATGA,12.0,6,9,0.0,1.0
1ATGA,12.0,6,10,0.0,1.0000000000000002
1ATGA,12.0,6,11,0.0,1.0
1ATGA,12.0,6,12,0.0,1.0000000000000002
1ATGA,12.0,6,13,0.0,1.0
1ATGA,12.0,6,14,0.0,1.0
1ATGA,12.0,6,15,0.0,1.0000000000000002
1ATGA,12.0,6,16,0.0,1.0000000000000002
1ATGA,12.0,6,17,0.0,1.0
1ATGA,12.0,6,18,0.0,1.0000000000000002
1ATGA,12.0,6,19,0.0,1.0
1ATGA,12.0,7,0,0.0,1.0000000000000002
1ATGA,12.0,7,1,0.0,1.0000000000000002
1ATGA,12.0,7,2,0.0,1.0
1ATGA,12.0,7,3,0.0,0.9999999999999999
1ATGA,12.0,7,4,0.0,1.0
1ATGA,12.0,7,5,0.0,1.0
1ATGA,12.0,7,6,0.0,1.0000000000000002
1ATGA,12.0,7,7,0.0,0.9999999999999999
1ATGA,12.0,7,8,0.0,1.0000000000000002
1ATGA,12.0,7,9,0.0,1.0
1ATGA,12.0,7,10,0.0,0.9999999999999998
1ATGA,12.0,7,11,0.0,1.0000000000000002
1ATGA,12.0,7,12,0.0,1.0000000000000002
1ATGA,12.0,7,13,0.0,0.9999999999999999
1ATGA,12.0,7,14,0.0,1.0000000000000002
1ATGA,12.0,7,15,0.0,1.0000000000000002
1ATGA,12.0,7,16,0.0,0.9999999999999998
1ATGA,12.0,7,17,0.0,1.0
1ATGA,12.0,7,18,0.0,1.0
1ATGA,12.0,7,19,0.0,0.9999999999999999
1ATGA,12.0,8,0,0.0,1.0
1ATGA,12.0,8,1,0.0,0.9999999999999999
1ATGA,12.0,8,2,0.0,0.9999999999999998
1ATGA,12.0,8,3,0.0,1.0000000000000002
1ATGA,12.0,8,4,0.0,1.0
1ATGA,12.0,8,5,0.0,1.0
1ATGA,12.0,8,6,0.0,0.9999999999999999
1ATGA,12.0,8,7,0.0,1.0
1ATGA,12.0,8,8,0.0,1.0000000000000002
1ATGA,12.0,8,9,0.0,0.9999999999999999
1ATGA,12.0,8,10,0.0,0.9999999999999998
1ATGA,12.0,8,11,0.0,1.0
1ATGA,12.0,8,12,0.0,1.0
1ATGA,12.0,8,13,0.0,0.9999999999999999
1ATGA,12.0,8,14,0.0,1.0
1ATGA,12.0,8,15,0.0,1.0000000000000002
1ATGA,12.0,8,16,0.0,1.0000000000000002
1ATGA,12.0,8,17,0.0,1.0
1ATGA,12.0,8,18,0.0,1.0
1ATGA,12.0,8,19,0.0,1.0000000000000002
1ATGA,12.0,9,0,0.0,1.0
1ATGA,12.0,9,1,0.0,0.9999999999999998
1ATGA,12.0,9,2,0.0,1.0
1ATGA,12.0,9,3,0.0,1.0
1ATGA,12.0,9,4,0.0,1.0000000000000002
1ATGA,12.0,9,5,0.0,0.9999999999999999
1ATGA,12.0,9,6,0.0,1.0
1ATGA,12.0,9,7,0.0,1.0
1ATGA,12.0,9,8,0.0,0.9999999999999998
1ATGA,12.0,9,9,0.0,1.0
1ATGA,12.0,9,10,0.0,1.0
1ATGA,12.0,9,11,0.0,1.0
1ATGA,12.0,9,12,0.0,1.0
1ATGA,12.0,9,13,0.0,1.0
1ATGA,12.0,9,14,0.0,1.0000000000000002
1ATGA,12.0,9,15,0.0,1.0000000000000002
1ATGA,12.0,9,16,0.0,1.0
1ATGA,12.0,9,17,0.0,1.0
1ATGA,12.0,9,18,0.0,1.0
1ATGA,12.0,9,19,0.0,1.0
1ATGA,12.0,10,0,0.37134855338680156,0.21920646097735536
1ATGA,12.0,10,1,0.029332373058713487,0.7613466358359067
1ATGA,12.0,10,2,0.11441535117225865,0.3760761041341232
1ATGA,12.0,10,3,0.028681789094647542,0.9663455589762224
1ATGA,12.0,10,4,0.04447106071842067,0.7847806648455239
1ATGA,12.0,10,5,0.021257810841996422,0.9822575087151948
1ATGA,12.0,10,6,0.13537205060958418,0.36671302005931267
1ATGA,12.0,10,7,0.020297727782792634,0.8030921677425336
1ATGA,12.0,10,8,0.1420673912893338,0.544946615111666
1ATGA,12.0,10,9,0.6082942017817394,0.09057417955353265
1ATGA,12.0,10,10,0.02257553376259277,0.8792730562396632
1ATGA,12.0,10,11,0.11672963970194174,0.5126349269638691
1ATGA,12.0,10,12,0.2619484870166115,0.36340406016748245
1ATGA,12.0,10,13,0.054769930897407094,0.517218983330506
1ATGA,12.0,10,14,0.1643902064267658,0.287970071845439
1ATGA,12.0,10,15,0.03902762403222311,0.8839644902679197
1ATGA,12.0,10,16,0.16686763532441698,0.31362851691818694
1ATGA,12.0,10,17,0.019557582601354064,0.9773612379678156
1ATGA,12.0,10,18,0.0370740996610536,0.59352650722998
1ATGA,12.0,10,19,0.17018549618918427,0.6461158622850749
1ATGA,12.0,11,0,0.33758217233455284,0.542525292096838
1ATGA,12.0,11,1,0.22405125993701683,0.47882182492598707
1ATGA,12.0,11,2,0.4258228785813709,0.2927496689505104
1ATGA,12.0,11,3,0.21519811267132713,0.7286028538065618
1ATGA,12.0,11,4,0.3400124636780745,0.6919979741674819
1ATGA,12.0,11,5,0.4797472325406289,0.46447611372740555
1ATGA,12.0,11,6,0.13547097845587058,0.6446075885826533
1ATGA,12.0,11,7,0.3255168711031871,0.5255585834574374
1ATGA,12.0,11,8,0.3329449606735311,0.3023963887849688
1ATGA,12.0,11,9,0.35087017040424084,0.5219162583589319
1ATGA,12.0,11,10,0.18023127072984343,0.5780268301817248
1ATGA,12.0,11,11,0.17822156548258825,0.5807893830065339
1ATGA,12.0,11,12,0.2721651501232965,0.5881436337425026
1ATGA,12.0,11,13,0.4231249493216479,0.3768776113117473
1ATGA,12.0,11,14,0.4056699907783407,0.47289663210524546
1ATGA,12.0,11,15,0.1829333418839447,0.404516460471563
1ATGA,12.0,11,16,0.7200751613518436,0.17991319798430713
1ATGA,12.0,11,17,0.30600394647010565,0.436031040293869
1ATGA,12.0,11,18,0.24845561500042068,0.3715118251636609
1ATGA,12.0,11,19,0.18076298107955657,0.5570121662191679
1ATGA,12.0,12,0,0.023464871265308596,0.9846099477238257
1ATGA,12.0,12,1,0.2845910518706884,0.4562519108968702
1ATGA,12.0,12,2,0.28430944381462436,0.5427449430268491
1ATGA,12.0,12,3,0.14937784145662794,0.7949431356322001
1ATGA,12.0,12,4,0.09103820233152822,0.5718856868302769
1ATGA,12.0,12,5,0.10449489178889568,0.9235259742749239
1ATGA,12.0,12,6,0.32357901028732067,0.6661411332140219
1ATGA,12.0,12,7,0.15009315008592702,0.6089362613578443
1ATGA,12.0,12,8,0.20721904026658478,0.6446776296621094
1ATGA,12.0,12,9,0.15426934605690487,0.728577235411509
1ATGA,12.0,12,10,0.15080003286315466,0.7550946700260783
1ATGA,12.0,12,11,0.09199879487322517,0.8154080393929718
1ATGA,12.0,12,12,0.10104961092370845,0.9064707373031121
1ATGA,12.0,12,13,0.1537072664815733,0.6983253266871964
1ATGA,12.0,12,14,0.17438485906556356,0.49176171835503113
1ATGA,12.0,12,15,0.18994794672126097,0.5471532616641753
1ATGA,12.0,12,16,0.08884245236409893,0.5542975961641667
1ATGA,12.0,12,17,0.1868657979518437,0.6692368595711505
1ATGA,12.0,12,18,0.03146739827934765,0.9726613562514992
1ATGA,12.0,12,19,0.19400068809570795,0.5356260525458109
1ATGA,12.0,13,0,0.08250110682196014,0.8917034265602265
1ATGA,12.0,13,1,0.13958285577759447,0.6747589723991305
1ATGA,12.0,13,2,0.13732448118046794,0.7593524509653317
1ATGA,12.0,13,3,0.2024856666154172,0.642361396559721
1ATGA,12.0,13,4,0.08078840912509133,0.8717538714502687
1ATGA,12.0,13,5,0.052093549872206796,0.976784855307737
1ATGA,12.0,13,6,0.11594953292348027,0.7378517364500029
1ATGA,12.0,13,7,0.2146901561302904,0.4480966524004299
1ATGA,12.0,13,8,0.1836006200371445,0.8598908444312724
1ATGA,12.0,13,9,0.05922125393585536,0.9675647544020999
1ATGA,12.0,13,10,0.17281161596787237,0.5504524133552448
1ATGA,12.0,13,11,0.045829144659573044,0.9753623646198394
1ATGA,12.0,13,12,0.1668932924423056,0.8145098688520909
1ATGA,12.0,13,13,0.11600967103592444,0.6463046923015882
1ATGA,12.0,13,14,0.1618432753166758,0.7421375477477704
1ATGA,12.0,13,15,0.1580753556162266,0.7520933382230581
1ATGA,12.0,13,16,0.1886468104174722,0.5535198488841134
1ATGA,12.0,13,17,0.12318038545961814,0.7205535109038593
1ATGA,12.0,13,18,0.18990324662294625,0.7501144671590559
1ATGA,12.0,13,19,0.16281288169726682,0.8231450671994435
1ATGA,12.0,14,0,0.22150797919098045,0.5510701434483579
1ATGA,12.0,14,1,0.20859450546818492,0.6771217069861812
1ATGA,12.0,14,2,0.13475713110510623,0.7078741065059855
1ATGA,12.0,14,3,0.24016317034161996,0.46625534454091044
1ATGA,12.0,14,4,0.1328994706047667,0.5329027196785154
1ATGA,12.0,14,5,0.07462192499677948,0.9525167896414072
1ATGA,12.0,14,6,0.09867317528219985,0.9442470397912944
1ATGA,12.0,14,7,0.20738968741652883,0.37597875705911304
1ATGA,12.0,14,8,0.10920253181589468,0.6992283684481371
1ATGA,12.0,14,9,0.2804783823397736,0.4293018777784155
1ATGA,12.0,14,10,0.14928625883247018,0.7228514826542067
1ATGA,12.0,14,11,0.15788634601287907,0.6088483579176638
1ATGA,12.0,14,12,0.1770642878881543,0.6782849971335823
1ATGA,12.0,14,13,0.14239819925844774,0.7640208313561786
1ATGA,12.0,14,14,0.09327891984625568,0.88127817152308
1ATGA,12.0,14,15,0.08340070157587051,0.9237255949640567
1ATGA,12.0,14,16,0.2583883433609656,0.7306577483368382
1ATGA,12.0,14,17,0.1755882855042426,0.5183868750281659
1ATGA,12.0,14,18,0.06468828989788526,0.8342082106026885
1ATGA,12.0,14,19,0.14515632829854286,0.7130000118431381
1ATGA,12.0,15,0,0.42017288129897506,0.3020758847169075
1ATGA,12.0,15,1,0.27348495366753567,0.6375881870294178
1ATGA,12.0,15,2,0.25081117207262704,0.5390665109524941
1ATGA,12.0,15,3,0.14453559575337044,0.6708320011938335
1ATGA,12.0,15,4,0.27612674629259637,0.4885588541575936
1ATGA,12.0,15,5,0.2754083244685716,0.48500197060820993
1ATGA,12.0,15,6,0.3159971742016866,0.5575516857299093
1ATGA,12.0,15,7,0.23539356386049687,0.4898513230492634
1ATGA,12.0,15,8,0.2562197656824519,0.345486846042979
1ATGA,12.0,15,9,0.12949155057653208,0.932308477023041
1ATGA,12.0,15,10,0.1347307367789671,0.8168772653745874
1ATGA,12.0,15,11,0.27537429396534713,0.4054586666044154
1ATGA,12.0,15,12,0.2875752095431826,0.5018882540993711
1ATGA,12.0,15,13,0.29353486217725583,0.5277365284171875
1ATGA,12.0,15,14,0.1914351852852699,0.6557173450387778
1ATGA,12.0,15,15,0.19037932011779057,0.4716904311368929
1ATGA,12.0,15,16,0.23762951605297064,0.44849154940333824
1ATGA,12.0,15,17,0.23683255313992738,0.3935110101526737
1ATGA,12.0,15,18,0.20632240825716963,0.5250007665362658
1ATGA,12.0,15,19,0.2605929033861706,0.4667811209221089
1ATGA,12.0,16,0,0.2224361555922672,0.6032171071010547
1ATGA,12.0,16,1,0.23545353664401453,0.7361071517539508
1ATGA,12.0,16,2,0.4055356325577929,0.4392289066875367
1ATGA,12.0,16,3,0.17517414347701948,0.7099544295293317
1ATGA,12.0,16,4,0.29797389892802684,0.5592403352745486
1ATGA,12.0,16,5,0.25597571884319964,0.4865327504305468
1ATGA,12.0,16,6,0.2319634757901276,0.4224734289687903
1ATGA,12.0,16,7,0.5106775212699638,0.43649239027870745
1ATGA,12.0,16,8,0.19206474697529471,0.7145932954211355
1ATGA,12.0,16,9,0.2913441876228773,0.459966321554501
1ATGA,12.0,16,10,0.3146536818668136,0.542558849256023
1ATGA,12.0,16,11,0.2824993436091596,0.5332941110032312
1ATGA,12.0,16,12,0.16173639378149657,0.7533093522714815
1ATGA,12.0,16,13,0.3375259677251007,0.5526724484395559
1ATGA,12.0,16,14,0.21759988696404037,0.5751604971721592
1ATGA,12.0,16,15,0.22225723578226952,0.6218160011529571
1ATGA,12.0,16,16,0.19109903311798015,0.5614164185378445
1ATGA,12.0,16,17,0.2452750827562925,0.5527301184253798
1ATGA,12.0,16,18,0.26896851918478537,0.4698593362303963
1ATGA,12.0,16,19,0.31987332775609195,0.5969332710321131
1ATGA,12.0,17,0,0.1730631219405743,0.7901658090178318
1ATGA,12.0,17,1,0.3189583946719027,0.6325075145355608
1ATGA,12.0,17,2,0.3233852686429507,0.48510831235819496
1ATGA,12.0,17,3,0.29178201481800853,0.36153490359405793
1ATGA,12.0,17,4,0.3352004411850126,0.358154170686226
1ATGA,12.0,17,5,0.2949815818005148,0.6928559640174499
1ATGA,12.0,17,6,0.33548913989709367,0.30592056809654533
1ATGA,12.0,17,7,0.27345109429554937,0.6977269736560155
1ATGA,12.0,17,8,0.304748999827762,0.434542010945316
1ATGA,12.0,17,9,0.29727946722786347,0.4729295624115722
1ATGA,12.0,17,10,0.29411587985074955,0.48936132734920024
1ATGA,12.0,17,11,0.22552176709662136,0.3979203122946795
1ATGA,12.0,17,12,0.2555236804205781,0.5657411314464472
1ATGA,12.0,17,13,0.2675679595305875,0.5360431134415333
1ATGA,12.0,17,14,0.16902118965069785,0.7325251713975185
1ATGA,12.0,17,15,0.16590737465814728,0.5290790015225627
1ATGA,12.0,17,16,0.16884378430895253,0.7890209977912255
1ATGA,12.0,17,17,0.24537305785412947,0.6148091186166005
1ATGA,12.0,17,18,0.2708023959954115,0.4427098461367707
1ATGA,12.0,17,19,0.24313318656973965,0.691822776191936
1ATGA,12.0,18,0,0.29555991172237156,0.5101901935400769
1ATGA,12.0,18,1,0.33770876438626507,0.6115815592116047
1ATGA,12.0,18,2,0.2869248896120619,0.37606471407720715
1ATGA,12.0,18,3,0.29865697836944316,0.47238259254847215
1ATGA,12.0,18,4,0.28351011526533065,0.6287817036981298
1ATGA,12.0,18,5,0.2286087060051301,0.7657237943783276
1ATGA,12.0,18,6,0.08932154096362827,0.9246435812516031
1ATGA,12.0,18,7,0.2661551809034321,0.5100372001281288
1ATGA,12.0,18,8,0.19347004308123533,0.7854424937876688
1ATGA,12.0,18,9,0.22447879317027924,0.5301713866138584
1ATGA,12.0,18,10,0.24716669622158005,0.6184347561774364
1ATGA,12.0,18,11,0.27983195234978164,0.3553804107568997
1ATGA,12.0,18,12,0.24510967384564752,0.603896127170456
1ATGA,12.0,18,13,0.3427807729123675,0.42049579808265414
1ATGA,12.0,18,14,0.21777692658137077,0.8651178496566174
1ATGA,12.0,18,15,0.25479270467053605,0.4565978939541454
1ATGA,12.0,18,16,0.24215606631130937,0.44744381863941673
1ATGA,12.0,18,17,0.2856113303758899,0.531211269995182
1ATGA,12.0,18,18,0.30560352448562406,0.4584024404222173
1ATGA,12.0,18,19,0.3058896248473417,0.3883141272150991
1ATGA,12.0,19,0,0.1836231709761702,0.8052557964016308
1ATGA,12.0,19,1,0.3176592019609691,0.2826193210823339
1ATGA,12.0,19,2,0.2986606152745037,0.28173554311022764
1ATGA,12.0,19,3,0.21434023320088436,0.7321742141436134
1ATGA,12.0,19,4,0.22954516581567372,0.7376824699087546
1ATGA,12.0,19,5,0.30993363422380366,0.4243841479255929
1ATGA,12.0,19,6,0.15666870776963684,0.5901932384099037
1ATGA,12.0,19,7,0.2995077316159968,0.3042532379731945
1ATGA,12.0,19,8,0.19128057971735757,0.49713120771809916
1ATGA,12.0,19,9,0.2764595822374401,0.6730119621661242
1ATGA,12.0,19,10,0.2840092275611353,0.5810065939212801
1ATGA,12.0,19,11,0.1883199770527546,0.5312780278203943
1ATGA,12.0,19,12,0.2977492093015944,0.7293529857133811
1ATGA,12.0,19,13,0.23640363002024153,0.5262857293092809
1ATGA,12.0,19,14,0.12092913224312443,0.9070282048033714
1ATGA,12.0,19,15,0.2772170271581659,0.5022191571278666
1ATGA,12.0,19,16,0.24767589339134272,0.4797207243281655
1ATGA,12.0,19,17,0.17155989609937383,0.7528720973886223
1ATGA,12.0,19,18,0.18436149737204277,0.5652311193882863
1ATGA,12.0,19,19,0.30673924896473487,0.5266481900712497
1ATGA,12.0,20,0,0.3219673410900292,0.4660885696197974
1ATGA,12.0,20,1,0.3625012042787599,0.36760683246855225
1ATGA,12.0,20,2,0.24818956880103407,0.4445735296148242
1ATGA,12.0,20,3,0.16604685584135037,0.8202562293963085
1ATGA,12.0,20,4,0.3023669203451105,0.6067863923407584
1ATGA,12.0,20,5,0.25796199291340566,0.5359371570284657
1ATGA,12.0,20,6,0.3046620177606393,0.5087354053419778
1ATGA,12.0,20,7,0.30478109612956233,0.36770013555491554
1ATGA,12.0,20,8,0.20489712340586386,0.768706895807089
1ATGA,12.0,20,9,0.3103373842101426,0.3968525545697982
1ATGA,12.0,20,10,0.12673184384177621,0.884258870914296
1ATGA,12.0,20,11,0.35503088649419756,0.4395346321928118
1ATGA,12.0,20,12,0.3312790027031396,0.5371267461348891
1ATGA,12.0,20,13,0.15351238796374936,0.8574410379226483
1ATGA,12.0,20,14,0.30694541954742177,0.365729165245317
1ATGA,12.0,20,15,0.1579076612090909,0.839327095671549
1ATGA,12.0,20,16,0.26086103436233204,0.5518946127949448
1ATGA,12.0,20,17,0.3341898837595868,0.35810381952388093
1ATGA,12.0,20,18,0.34647666516654024,0.19673363770537
1ATGA,12.0,20,19,0.14866140654313137,0.8157832329783283
1ATGA,12.0,21,0,0.34780559185072546,0.5841634507412513
1ATGA,12.0,21,1,0.30924147415897824,0.25160308181947444
1ATGA,12.0,21,2,0.2865449702343127,0.5634818599454808
1ATGA,12.0,21,3,0.3839391074889709,0.20954821061444998
1ATGA,12.0,21,4,0.2851716071865457,0.44561791759729347
1ATGA,12.0,21,5,0.3231465953461757,0.6043210549237038
1ATGA,12.0,21,6,0.3018819555297011,0.4432304190783804
1ATGA,12.0,21,7,0.28545210070253796,0.2516425782548133
1ATGA,12.0,21,8,0.39764728181073006,0.3696009991181817
1ATGA,12.0,21,9,0.2798415581039989,0.553507600819151
1ATGA,12.0,21,10,0.3004487032270289,0.421071361618015
1ATGA,12.0,21,11,0.2838898656802926,0.5805989813078957
1ATGA,12.0,21,12,0.25854673033151593,0.40225086496244816
1ATGA,12.0,21,13,0.17375072757824542,0.7893687077103203
1ATGA,12.0,21,14,0.23192867494551725,0.5592745429800401
1ATGA,12.0,21,15,0.2716832082479847,0.673603717928056
1ATGA,12.0,21,16,0.2614344805075734,0.4829086014590123
1ATGA,12.0,21,17,0.2971785855883865,0.6216363127572244
1ATGA,12.0,21,18,0.3115851065392494,0.5224792182885687
1ATGA,12.0,21,19,0.2941760300372532,0.45033304198999097
1ATGA,12.0,22,0,0.2196174656560558,0.6024064163518726
1ATGA,12.0,22,1,0.3206151761348601,0.43717364458784896
1ATGA,12.0,22,2,0.3596643243794228,0.2967423147228622
1ATGA,12.0,22,3,0.18413225912139863,0.7746566012417011
1ATGA,12.0,22,4,0.25090297056023986,0.7198098910380528
1ATGA,12.0,22,5,0.37584314883237685,0.31206718980564185
1ATGA,12.0,22,6,0.23563127485426316,0.6158683917311942
1ATGA,12.0,22,7,0.33785327471957194,0.3330855941775402
1ATGA,12.0,22,8,0.2272926868669241,0.6447913538731803
1ATGA,12.0,22,9,0.28730353110986545,0.4327820925523744
1ATGA,12.0,22,10,0.317353580633532,0.3877673646337871
1ATGA,12.0,22,11,0.30189532415658116,0.4124466431058538
1ATGA,12.0,22,12,0.34683163205447126,0.3379832738642337
1ATGA,12.0,22,13,0.3722873404149787,0.3662056640386541
1ATGA,12.0,22,14,0.29528497269856563,0.4530890615575893
1ATGA,12.0,22,15,0.20576651132369533,0.6546685608789815
1ATGA,12.0,22,16,0.19566933028834768,0.7962893769164018
1ATGA,12.0,22,17,0.40338904661733016,0.49568028342432147
1ATGA,12.0,22,18,0.2403486716948979,0.5990156350092447
1ATGA,12.0,22,19,0.29652089304343554,0.5187323520505733
1ATGA,12.0,23,0,0.20363111333045783,0.7812827638044828
1ATGA,12.0,23,1,0.29492820465131336,0.37699871125609985
1ATGA,12.0,23,2,0.323551187032494,0.3461685702645195
1ATGA,12.0,23,3,0.23472767288946042,0.7595533092138911
1ATGA,12.0,23,4,0.2844792100502759,0.39243932887932625
1ATGA,12.0,23,5,0.2698163854169483,0.45727324213380766
1ATGA,12.0,23,6,0.24329447805116164,0.4784851014596822
1ATGA,12.0,23,7,0.3755500539895854,0.37436705920102303
1ATGA,12.0,23,8,0.2827410197835791,0.5713097043561306
1ATGA,12.0,23,9,0.3262867804108243,0.4049404057656152
1ATGA,12.0,23,10,0.173749682553877,0.8341700367032265
1ATGA,12.0,23,11,0.2319788162967755,0.6670656012492538
1ATGA,12.0,23,12,0.27929475903423234,0.2627418248143596
1ATGA,12.0,23,13,0.35705252526085307,0.29765897036507644
1ATGA,12.0,23,14,0.34424857103014767,0.3261509327005527
1ATGA,12.0,23,15,0.2725412012741291,0.37489975356582084
1ATGA,12.0,23,16,0.29633546798232724,0.35210265291308196
1ATGA,12.0,23,17,0.3286590460021466,0.3420773030050604
1ATGA,12.0,23,18,0.30564375051339654,0.45988310506109625
1ATGA,12.0,23,19,0.3427857580489552,0.3599489095697531
1ATGA,12.0,24,0,0.35785270487918813,0.4333462775581111
1ATGA,12.0,24,1,0.27219941955948596,0.5178331796470015
1ATGA,12.0,24,2,0.27323867428734977,0.46785492592827815
1ATGA,12.0,24,3,0.44179333667178416,0.23981837258851685
1ATGA,12.0,24,4,0.29435369420301005,0.3611262433631491
1ATGA,12.0,24,5,0.3759698535460132,0.34670302478055937
1ATGA,12.0,24,6,0.1955571018101752,0.802951579619395
1ATGA,12.0,24,7,0.17615015854557153,0.7935897040433639
1ATGA,12.0,24,8,0.3094980662005594,0.4004157279726401
1ATGA,12.0,24,9,0.2977972790706024,0.6151079787900539
1ATGA,12.0,24,10,0.3635011372514118,0.39232228019944043
1ATGA,12.0,24,11,0.3881599734925202,0.3180053797311666
1ATGA,12.0,24,12,0.2567996472733149,0.6677789137028749
1ATGA,12.0,24,13,0.38054360709627594,0.30618847802046584
1ATGA,12.0,24,14,0.36479162626009903,0.3202977221724841
1ATGA,12.0,24,15,0.36804904826892715,0.3617237527700425
1ATGA,12.0,24,16,0.28243999400553754,0.4643771517008746
1ATGA,12.0,24,17,0.32651435603667894,0.3865643061454331
1ATGA,12.0,24,18,0.3679068438938459,0.24998167459471327
1ATGA,12.0,24,19,0.33742773237251833,0.35965621457403446
1ATGA,12.0,25,0,0.3397020531703557,0.4398185094095684
1ATGA,12.0,25,1,0.252750555579344,0.4501534247536173
1ATGA,12.0,25,2,0.3335533754627283,0.3275777570593821
1ATGA,12.0,25,3,0.37598779966214463,0.35558677664958976
1ATGA,12.0,25,4,0.34302863384024884,0.38780226849359056
1ATGA,12.0,25,5,0.4054474099157359,0.2557519004782042
1ATGA,12.0,25,6,0.3098559567503187,0.29775292764774913
1ATGA,12.0,25,7,0.3296379219093982,0.467966768863724
1ATGA,12.0,25,8,0.18475071839844065,0.7800062524612893
1ATGA,12.0,25,9,0.23467094020077756,0.30840597712617984
1ATGA,12.0,25,10,0.3235455297498567,0.41822602001505926
1ATGA,12.0,25,11,0.20138215473190088,0.7742187654704817
1ATGA,12.0,25,12,0.44490464941491825,0.2744512444846465
1ATGA,12.0,25,13,0.35370579450905654,0.4408406260568671
1ATGA,12.0,25,14,0.31577926040645143,0.4638007895879861
1ATGA,12.0,25,15,0.32405965593426556,0.3565245516896076
1ATGA,12.0,25,16,0.11971606785328825,0.8876166341367423
1ATGA,12.0,25,17,0.2908802192065611,0.3890205233676196
1ATGA,12.0,25,18,0.3827542553516725,0.30019593968828995
1ATGA,12.0,25,19,0.36958741148014496,0.2709452415170213
1ATGA,12.0,26,0,0.37756582210751227,0.29744106626356875
1ATGA,12.0,26,1,0.32932665159856245,0.34661710505375704
1ATGA,12.0,26,2,0.2817428727554353,0.4799324797462178
1ATGA,12.0,26,3,0.2032154099679482,0.7284902165115745
1ATGA,12.0,26,4,0.12933512766715588,0.9186242944081141
1ATGA,12.0,26,5,0.15726920703978772,0.8521902825690186
1ATGA,12.0,26,6,0.12004248093548273,0.8799288728988902
1ATGA,12.0,26,7,0.2939427950432996,0.38300087248451675
1ATGA,12.0,26,8,0.3524900555153499,0.3564976704371234
1ATGA,12.0,26,9,0.3744304895838677,0.3025974610422516
1ATGA,12.0,26,10,0.28912645177268753,0.6038207410383284
1ATGA,12.0,26,11,0.16894426884750754,0.8220172154581251
1ATGA,12.0,26,12,0.34457104396315535,0.31426917781610536
1ATGA,12.0,26,13,0.3380694549578796,0.5729959721303821
1ATGA,12.0,26,14,0.08532055646484335,0.9384955551386845
1ATGA,12.0,26,15,0.31054311667321416,0.2918299535726149
1ATGA,12.0,26,16,0.43017536105501925,0.3918030501997535
1ATGA,12.0,26,17,0.3346175040133539,0.5777777494751755
1ATGA,12.0,26,18,0.2818733050387038,0.4264379089728814
1ATGA,12.0,26,19,0.3233109893766575,0.25869394502666987
1ATGA,12.0,27,0,0.3412604601198892,0.31971084189445415
1ATGA,12.0,27,1,0.24798050612730538,0.6553550493305046
1ATGA,12.0,27,2,0.30879641833217686,0.43808716205038994
1ATGA,12.0,27,3,0.1969272751438886,0.7464519700525303
1ATGA,12.0,27,4,0.20051937872755043,0.6943523894824211
1ATGA,12.0,27,5,0.2700745600601319,0.6739634026676078
1ATGA,12.0,27,6,0.28121028615517063,0.5747738217794605
1ATGA,12.0,27,7,0.1525383340598561,0.8236366703554342
1ATGA,12.0,27,8,0.22198438939911075,0.6752711661041501
1ATGA,12.0,27,9,0.33229716463205816,0.3181217002671195
1ATGA,12.0,27,10,0.14217124524814237,0.8672705842041242
1ATGA,12.0,27,11,0.24289222366933083,0.6327550532814059
1ATGA,12.0,27,12,0.29880725768305516,0.4674725626548367
1ATGA,12.0,27,13,0.3289999827895069,0.38697016394990985
1ATGA,12.0,27,14,0.3617602968968316,0.4397658233926826
1ATGA,12.0,27,15,0.39749204318960074,0.31556307343898665
1ATGA,12.0,27,16,0.36816704789295934,0.2971013704233937
1ATGA,12.0,27,17,0.34281451621171993,0.4280224461624018
1ATGA,12.0,27,18,0.24289881053636075,0.6104862614370057
1ATGA,12.0,27,19,0.36059043217661857,0.41161259587411975
1ATGA,12.0,28,0,0.38764850855945904,0.39988888337233836
1ATGA,12.0,28,1,0.2419765723261124,0.6150035566609519
1ATGA,12.0,28,2,0.13481615929697247,0.8517093433062839
1ATGA,12.0,28,3,0.37842592516286266,0.31008563998809285
1ATGA,12.0,28,4,0.21211145112779822,0.737987364457233
1ATGA,12.0,28,5,0.26594525290012866,0.5375629855761811
1ATGA,12.0,28,6,0.33563575241391075,0.44339053693014846
1ATGA,12.0,28,7,0.3508085312364998,0.3448034237995329
1ATGA,12.0,28,8,0.31418521261396926,0.4826878584795233
1ATGA,12.0,28,9,0.38533468005266625,0.26471778097998305
1ATGA,12.0,28,10,0.14338424891327442,0.8810717436025606
1ATGA,12.0,28,11,0.18108817818206707,0.7223030107567108
1ATGA,12.0,28,12,0.2839201725339641,0.6118764673017776
1ATGA,12.0,28,13,0.5252127952622642,0.10847032056686287
1ATGA,12.0,28,14,0.3636699040686308,0.24916953753823218
1ATGA,12.0,28,15,0.299859017653747,0.41533678593781553
1ATGA,12.0,28,16,0.2753937723445163,0.6234703449381225
1ATGA,12.0,28,17,0.2881585510969705,0.4139392763666033
1ATGA,12.0,28,18,0.03756936192446145,0.9840345307838957
1ATGA,12.0,28,19,0.35487628855223413,0.3793984560911248
1ATGA,12.0,29,0,0.36832214949564485,0.3700882230507388
1ATGA,12.0,29,1,0.37932246537029496,0.16717769919005762
1ATGA,12.0,29,2,0.22689279189251774,0.6281417385713712
1ATGA,12.0,29,3,0.23457167179416416,0.7491971952627041
1ATGA,12.0,29,4,0.15594771171807903,0.8295286038202195
1ATGA,12.0,29,5,0.2512059729503241,0.7588326613089765
1ATGA,12.0,29,6,0.3973736453513503,0.26115170721371656
1ATGA,12.0,29,7,0.2990780463685841,0.6299879209772609
1ATGA,12.0,29,8,0.4956054946046337,0.2568415272884542
1ATGA,12.0,29,9,0.154401075953817,0.8306537457887696
1ATGA,12.0,29,10,0.19451607802611118,0.8105603358979248
1ATGA,12.0,29,11,0.2002825485916915,0.764906472294138
1ATGA,12.0,29,12,0.4201907881133416,0.3396382405305619
1ATGA,12.0,29,13,0.3664033048326479,0.31968929145469704
1ATGA,12.0,29,14,0.2396730589169454,0.4813943571031976
1ATGA,12.0,29,15,0.2641125043195154,0.46867749542179027
1ATGA,12.0,29,16,0.346172116729258,0.43436194729213784
1ATGA,12.0,29,17,0.2242586253887313,0.7129663878883085
1ATGA,12.0,29,18,0.5500893756845624,0.27247058463680474
1ATGA,12.0,29,19,0.18505533201985253,0.7926954155643503
1ATGA,12.0,30,0,0.4996024275178585,0.31647463240137585
1ATGA,12.0,30,1,0.3820901374883797,0.29307780650418336
1ATGA,12.0,30,2,0.2461798008629717,0.6574269595474159
1ATGA,12.0,30,3,0.27232547564013027,0.5910210099486584
1ATGA,12.0,30,4,0.20984052483135135,0.5879243495547319
1ATGA,12.0,30,5,0.21281472785589436,0.5874582093268865
1ATGA,12.0,30,6,0.24114158947162959,0.6387621794668469
1ATGA,12.0,30,7,0.23828735942284965,0.6965952700873009
1ATGA,12.0,30,8,0.3001799334569264,0.4074430422082807
1ATGA,12.0,30,9,0.411071793015879,0.23077932973721282
1ATGA,12.0,30,10,0.28143262887651754,0.6157955004244319
1ATGA,12.0,30,11,0.2574416519872105,0.619222734321579
1ATGA,12.0,30,12,0.17742495437963798,0.8029215352274933
1ATGA,12.0,30,13,0.4751016223627305,0.2704898755863642
1ATGA,12.0,30,14,0.08645646238984267,0.9545587380361541
1ATGA,12.0,30,15,0.06895939675554426,0.9641779243791295
1ATGA,12.0,30,16,0.3643113682633473,0.3690898542670743
1ATGA,12.0,30,17,0.1332971555716617,0.8834275985335692
1ATGA,12.0,30,18,0.22048114756384637,0.5294654940548901
1ATGA,12.0,30,19,0.19011615782265076,0.8013861474869814
1ATGA,12.0,31,0,0.38471849475703346,0.29225060607912645
1ATGA,12.0,31,1,0.32202030028027145,0.576577441395369
1ATGA,12.0,31,2,0.24622131914032813,0.6104990528958548
1ATGA,12.0,31,3,0.023422365526384808,0.9938806164498524
1ATGA,12.0,31,4,0.3300028980170874,0.37281809884813494
1ATGA,12.0,31,5,0.111224904284494,0.9337365038732264
1ATGA,12.0,31,6,0.22863191182710887,0.7409380077252985
1ATGA,12.0,31,7,0.19035263927226959,0.6000848395808699
1ATGA,12.0,31,8,0.29584840913812077,0.7616022270265299
1ATGA,12.0,31,9,0.2404082971757855,0.7606819158312775
1ATGA,12.0,31,10,0.22661948293776304,0.595443956740945
1ATGA,12.0,31,11,0.08455836159493246,0.8259402514603895
1ATGA,12.0,31,12,0.2680553769102442,0.5657168140062893
1ATGA,12.0,31,13,0.022549355225917903,0.992373654600553
1ATGA,12.0,31,14,0.17126438364554739,0.8562611938206462
1ATGA,12.0,31,15,0.20219994449801823,0.8402771683357927
1ATGA,12.0,31,16,0.21708317082176082,0.7562555475603114
1ATGA,12.0,31,17,0.4366981529819619,0.24017576619473668
1ATGA,12.0,31,18,0.32205406793295466,0.6783142615292678
1ATGA,12.0,31,19,0.34778602468293596,0.2910713271837617
1ATGA,12.0,32,0,0.30637799038675984,0.36221471554580686
1ATGA,12.0,32,1,0.15629010364144025,0.791137109230474
1ATGA,12.0,32,2,0.19559925271219533,0.4137309486492194
1ATGA,12.0,32,3,0.2616314711134108,0.6990733985852213
1ATGA,12.0,32,4,0.3591673918322072,0.5224209352246187
1ATGA,12.0,32,5,0.07747394798897252,0.8471968115751074
1ATGA,12.0,32,6,0.29146292873211854,0.5719999608597953
1ATGA,12.0,32,7,0.30476617124797756,0.6977076715695343
1ATGA,12.0,32,8,0.12144953205757741,0.6538229181222038
1ATGA,12.0,32,9,0.1517177344414507,0.8511391061976835
1ATGA,12.0,32,10,0.2316907227193668,0.6607695686285288
1ATGA,12.0,32,11,0.3040304131384575,0.43068277064627175
1ATGA,12.0,32,12,0.25627785861354163,0.6296713290069132
1ATGA,12.0,32,13,0.5445321524267442,0.28316842638987944
1ATGA,12.0,32,14,0.32053469032566706,0.5495165944841622
1ATGA,12.0,32,15,0.20979515504055166,0.8153964153346231
1ATGA,12.0,32,16,0.11929239582120901,0.8034452030523253
1ATGA,12.0,32,17,0.1950072141456105,0.5943313298800085
1ATGA,12.0,32,18,0.43832133951204943,0.38375466663369195
1ATGA,12.0,32,19,0.4798604462646453,0.1606780828570032
1ATGA,14.0,0,0,0.0,1.0
1ATGA,14.0,0,1,0.0,1.0000000000000002
1ATGA,14.0,0,2,0.0,0.9999999999999998
1ATGA,14.0,0,3,0.0,1.0
1ATGA,14.0,0,4,0.0,0.9999999999999998
1ATGA,14.0,0,5,0.0,0.9999999999999999
1ATGA,14.0,0,6,0.0,1.0
1ATGA,14.0,0,7,0.0,1.0
1ATGA,14.0,0,8,0.0,0.9999999999999999
1ATGA,14.0,0,9,0.0,0.9999999999999999
1ATGA,14.0,0,10,0.0,0.9999999999999998
1ATGA,14.0,0,11,0.0,0.9999999999999999
1ATGA,14.0,0,12,0.0,0.9999999999999999
1ATGA,14.0,0,13,0.0,1.0000000000000002
1ATGA,14.0,0,14,0.0,0.9999999999999999
1ATGA,14.0,0,15,0.0,1.0
1ATGA,14.0,0,16,0.0,1.0000000000000002
1ATGA,14.0,0,17,0.0,1.0000000000000002
1ATGA,14.0,0,18,0.0,1.0000000000000002
1ATGA,14.0,0,19,0.0,0.9999999999999998
1ATGA,14.0,1,0,0.0,0.9999999999999998
1ATGA,14.0,1,1,0.0,1.0
1ATGA,14.0,1,2,0.0,1.0
1ATGA,14.0,1,3,0.0,1.0
1ATGA,14.0,1,4,0.0,1.0000000000000002
1ATGA,14.0,1,5,0.0,0.9999999999999999
1ATGA,14.0,1,6,0.0,1.0
1ATGA,14.0,1,7,0.0,0.9999999999999999
1ATGA,14.0,1,8,0.0,1.0000000000000002
1ATGA,14.0,1,9,0.0,1.0
1ATGA,14.0,1,10,0.0,1.0000000000000002
1ATGA,14.0,1,11,0.0,0.9999999999999999
1ATGA,14.0,1,12,0.0,1.0
1ATGA,14.0,1,13,0.0,1.0
1ATGA,14.0,1,14,0.0,0.9999999999999998
1ATGA,14.0,1,15,0.0,0.9999999999999999
1ATGA,14.0,1,16,0.0,0.9999999999999998
1ATGA,14.0,1,17,0.0,1.0
1ATGA,14.0,1,18,0.0,0.9999999999999999
1ATGA,14.0,1,19,0.0,0.9999999999999999
1ATGA,14.0,2,0,0.0,0.9999999999999999
1ATGA,14.0,2,1,0.0,1.0
1ATGA,14.0,2,2,0.0,0.9999999999999999
1ATGA,14.0,2,3,0.0,1.0000000000000002
1ATGA,14.0,2,4,0.0,1.0
1ATGA,14.0,2,5,0.0,1.0000000000000002
1ATGA,14.0,2,6,0.0,1.0
1ATGA,14.0,2,7,0.0,1.0
1ATGA,14.0,2,8,0.0,0.9999999999999999
1ATGA,14.0,2,9,0.0,1.0
1ATGA,14.0,2,10,0.0,1.0
1ATGA,14.0,2,11,0.0,1.0000000000000002
1ATGA,14.0,2,12,0.0,1.0
1ATGA,14.0,2,13,0.0,1.0
1ATGA,14.0,2,14,0.0,1.0
1ATGA,14.0,2,15,0.0,1.0
1ATGA,14.0,2,16,0.0,0.9999999999999998
1ATGA,14.0,2,17,0.0,1.0000000000000002
1ATGA,14.0,2,18,0.0,1.0000000000000002
1ATGA,14.0,2,19,0.0,1.0
1ATGA,14.0,3,0,0.0,1.0000000000000002
1ATGA,14.0,3,1,0.0,0.9999999999999999
1ATGA,14.0,3,2,0.0,1.0000000000000002
1ATGA,14.0,3,3,0.0,1.0
1ATGA,14.0,3,4,0.0,1.0000000000000002
1ATGA,14.0,3,5,0.0,0.9999999999999999
1ATGA,14.0,3,6,0.0,0.9999999999999998
1ATGA,14.0,3,7,0.0,1.0000000000000002
1ATGA,14.0,3,8,0.0,1.0
1ATGA,14.0,3,9,0.0,1.0000000000000002
1ATGA,14.0,3,10,0.0,1.0
1ATGA,14.0,3,11,0.0,1.0
1ATGA,14.0,3,12,0.0,1.0000000000000002
1ATGA,14.0,3,13,0.0,0.9999999999999998
1ATGA,14.0,3,14,0.0,1.0
1ATGA,14.0,3,15,0.0,0.9999999999999999
1ATGA,14.0,3,16,0.0,1.0
1ATGA,14.0,3,17,0.0,1.0000000000000002
1ATGA,14.0,3,18,0.0,1.0
1ATGA,14.0,3,19,0.0,1.0000000000000002
1ATGA,14.0,4,0,0.0,1.0
1ATGA,14.0,4,1,0.0,1.0000000000000002
1ATGA,14.0,4,2,0.0,1.0
1ATGA,14.0,4,3,0.0,1.0000000000000002
1ATGA,14.0,4,4,0.0,1.0
1ATGA,14.0,4,5,0.0,1.0
1ATGA,14.0,4,6,0.0,1.0
1ATGA,14.0,4,7,0.0,1.0000000000000002
1ATGA,14.0,4,8,0.0,0.9999999999999999
1ATGA,14.0,4,9,0.0,1.0
1ATGA,14.0,4,10,0.0,1.0
1ATGA,14.0,4,11,0.0,1.0
1ATGA,14.0,4,12,0.0,0.9999999999999998
1ATGA,14.0,4,13,0.0,1.0
1ATGA,14.0,4,14,0.0,1.0000000000000002
1ATGA,14.0,4,15,0.0,1.0
1ATGA,14.0,4,16,0.0,0.9999999999999998
1ATGA,14.0,4,17,0.0,0.9999999999999998
1ATGA,14.0,4,18,0.0,1.0
1ATGA,14.0,4,19,0.0,1.0
1ATGA,14.0,5,0,0.0,1.0000000000000002
1ATGA,14.0,5,1,0.0,1.0000000000000002
1ATGA,14.0,5,2,0.0,1.0
1ATGA,14.0,5,3,0.0,1.0
1ATGA,14.0,5,4,0.0,1.0
1ATGA,14.0,5,5,0.0,1.0
1ATGA,14.0,5,6,0.0,1.0000000000000002
1ATGA,14.0,5,7,0.0,0.9999999999999999
1ATGA,14.0,5,8,0.0,1.0
1ATGA,14.0,5,9,0.0,0.9999999999999998
1ATGA,14.0,5,10,0.0,1.0000000000000002
1ATGA,14.0,5,11,0.0,0.9999999999999998
1ATGA,14.0,5,12,0.0,1.0
1ATGA,14.0,5,13,0.0,0.9999999999999999
1ATGA,14.0,5,14,0.0,1.0
1ATGA,14.0,5,15,0.0,1.0
1ATGA,14.0,5,16,0.0,1.0
1ATGA,14.0,5,17,0.0,0.9999999999999999
1ATGA,14.0,5,18,0.0,1.0
1ATGA,14.0,5,19,0.0,0.9999999999999998
1ATGA,14.0,6,0,0.0,1.0000000000000002
1ATGA,14.0,6,1,0.0,1.0
1ATGA,14.0,6,2,0.0,1.0
1ATGA,14.0,6,3,0.0,1.0
1ATGA,14.0,6,4,0.0,1.0000000000000002
1ATGA,14.0,6,5,0.0,0.9999999999999999
1ATGA,14.0,6,6,0.0,0.9999999999999998
1ATGA,14.0,6,7,0.0,0.9999999999999999
1ATGA,14.0,6,8,0.0,1.0
1ATGA,14.0,6,9,0.0,1.0
1ATGA,14.0,6,10,0.0,1.0000000000000002
1ATGA,14.0,6,11,0.0,1.0
1ATGA,14.0,6,12,0.0,1.0000000000000002
1ATGA,14.0,6,13,0.0,1.0
1ATGA,14.0,6,14,0.0,1.0
1ATGA,14.0,6,15,0.0,1.0000000000000002
1ATGA,14.0,6,16,0.0,1.0000000000000002
1ATGA,14.0,6,17,0.0,1.0
1ATGA,14.0,6,18,0.0,1.0000000000000002
1ATGA,14.0,6,19,0.0,1.0
1ATGA,14.0,7,0,0.0,1.0000000000000002
1ATGA,14.0,7,1,0.0,1.0000000000000002
1ATGA,14.0,7,2,0.0,1.0
1ATGA,14.0,7,3,0.0,0.9999999999999999
1ATGA,14.0,7,4,0.0,1.0
1ATGA,14.0,7,5,0.0,1.0
1ATGA,14.0,7,6,0.0,1.0000000000000002
1ATGA,14.0,7,7,0.0,0.9999999999999999
1ATGA,14.0,7,8,0.0,1.0000000000000002
1ATGA,14.0,7,9,0.0,1.0
1ATGA,14.0,7,10,0.0,0.9999999999999998
1ATGA,14.0,7,11,0.0,1.0000000000000002
1ATGA,14.0,7,12,0.0,1.0000000000000002
1ATGA,14.0,7,13,0.0,0.9999999999999999
1ATGA,14.0,7,14,0.0,1.0000000000000002
1ATGA,14.0,7,15,0.0,1.0000000000000002
1ATGA,14.0,7,16,0.0,0.9999999999999998
1ATGA,14.0,7,17,0.0,1.0
1ATGA,14.0,7,18,0.0,1.0
1ATGA,14.0,7,19,0.0,0.9999999999999999
1ATGA,14.0,8,0,0.0,1.0
1ATGA,14.0,8,1,0.0,0.9999999999999999
1ATGA,14.0,8,2,0.0,0.9999999999999998
1ATGA,14.0,8,3,0.0,1.0000000000000002
1ATGA,14.0,8,4,0.0,1.0
1ATGA,14.0,8,5,0.0,1.0
1ATGA,14.0,8,6,0.0,0.9999999999999999
1ATGA,14.0,8,7,0.0,1.0
1ATGA,14.0,8,8,0.0,1.0000000000000002
1ATGA,14.0,8,9,0.0,0.9999999999999999
1ATGA,14.0,8,10,0.0,0.9999999999999998
1ATGA,14.0,8,11,0.0,1.0
1ATGA,14.0,8,12,0.0,1.0
1ATGA,14.0,8,13,0.0,0.9999999999999999
1ATGA,14.0,8,14,0.0,1.0
1ATGA,14.0,8,15,0.0,1.0000000000000002
1ATGA,14.0,8,16,0.0,1.0000000000000002
1ATGA,14.0,8,17,0.0,1.0
1ATGA,14.0,8,18,0.0,1.0
1ATGA,14.0,8,19,0.0,1.0000000000000002
1ATGA,14.0,9,0,0.0,1.0
1ATGA,14.0,9,1,0.0,0.9999999999999998
1ATGA,14.0,9,2,0.0,1.0
1ATGA,14.0,9,3,0.0,1.0
1ATGA,14.0,9,4,0.0,1.0000000000000002
1ATGA,14.0,9,5,0.0,0.9999999999999999
1ATGA,14.0,9,6,0.0,1.0
1ATGA,14.0,9,7,0.0,1.0
1ATGA,14.0,9,8,0.0,0.9999999999999998
1ATGA,14.0,9,9,0.0,1.0
1ATGA,14.0,9,10,0.0,1.0
1ATGA,14.0,9,11,0.0,1.0
1ATGA,14.0,9,12,0.0,1.0
1ATGA,14.0,9,13,0.0,1.0
1ATGA,14.0,9,14,0.0,1.0000000000000002
1ATGA,14.0,9,15,0.0,1.0000000000000002
1ATGA,14.0,9,16,0.0,1.0
1ATGA,14.0,9,17,0.0,1.0
1ATGA,14.0,9,18,0.0,1.0
1ATGA,14.0,9,19,0.0,1.0
1ATGA,14.0,10,0,0.4410626000566669,0.1715137199965778
1ATGA,14.0,10,1,0.03129394223274248,0.7500720177609742
1ATGA,14.0,10,2,0.11451870068007733,0.37554725341922013
1ATGA,14.0,10,3,0.03053624252520508,0.965825212609287
1ATGA,14.0,10,4,0.049853454298126224,0.7262977345217351
1ATGA,14.0,10,5,0.023044234515850043,0.9813236571751072
1ATGA,14.0,10,6,0.17933942928045105,0.2768214162203897
1ATGA,14.0,10,7,0.021731271131846565,0.7566104284300764
1ATGA,14.0,10,8,0.19801995518717444,0.43347027035605606
1ATGA,14.0,10,9,0.6086397803255774,0.09031928569817639
1ATGA,14.0,10,10,0.025350768423130814,0.844713804549391
1ATGA,14.0,10,11,0.11793739514415989,0.48996349769528
1ATGA,14.0,10,12,0.26390902568529556,0.34114074491798907
1ATGA,14.0,10,13,0.060723645978790326,0.4443223621866326
1ATGA,14.0,10,14,0.16470124264181377,0.2820770324043085
1ATGA,14.0,10,15,0.045310732209523884,0.8202384834245265
1ATGA,14.0,10,16,0.1677911005335438,0.31349087088993244
1ATGA,14.0,10,17,0.021077361276483027,0.9763693433831423
1ATGA,14.0,10,18,0.03787866151048687,0.5843288558129436
1ATGA,14.0,10,19,0.2570443010525619,0.494051256687428
1ATGA,14.0,11,0,0.49756028410908393,0.3811719195766024
1ATGA,14.0,11,1,0.354205186774763,0.2879623613405904
1ATGA,14.0,11,2,0.3885311731886544,0.3665504411067912
1ATGA,14.0,11,3,0.3129288921829611,0.586526650970137
1ATGA,14.0,11,4,0.45733328320543065,0.5927085800697065
1ATGA,14.0,11,5,0.47267276471354813,0.4436710246908216
1ATGA,14.0,11,6,0.1827391658638498,0.557497183723115
1ATGA,14.0,11,7,0.39072077616529277,0.45568361411522135
1ATGA,14.0,11,8,0.3350369897233015,0.3545602454666064
1ATGA,14.0,11,9,0.4931746864156647,0.35901186201231866
1ATGA,14.0,11,10,0.22867545158373068,0.49693843225026113
1ATGA,14.0,11,11,0.2679500990894264,0.4484776971009364
1ATGA,14.0,11,12,0.41398939560509307,0.4142989005012395
1ATGA,14.0,11,13,0.5637834101788062,0.27739913357228074
1ATGA,14.0,11,14,0.4269018917889208,0.37330926275368786
1ATGA,14.0,11,15,0.23978528997924892,0.4027226111072952
1ATGA,14.0,11,16,0.7980252094169605,0.06739762519385277
1ATGA,14.0,11,17,0.37450193849785923,0.320133276409185
1ATGA,14.0,11,18,0.33060437871498544,0.3034591126816845
1ATGA,14.0,11,19,0.23513473794781642,0.4935705392013031
1ATGA,14.0,12,0,0.0319972224710237,0.9796559257278477
1ATGA,14.0,12,1,0.4434674423787572,0.23412972489818556
1ATGA,14.0,12,2,0.4325951930882091,0.3209347676582172
1ATGA,14.0,12,3,0.2077105738537967,0.7203489286322936
1ATGA,14.0,12,4,0.1542885607612674,0.4066975825744661
1ATGA,14.0,12,5,0.14558207814678095,0.8794079207187623
1ATGA,14.0,12,6,0.50618655711182,0.709772946940535
1ATGA,14.0,12,7,0.24137552309527935,0.41423942280563975
1ATGA,14.0,12,8,0.3252851677257455,0.4239356908111208
1ATGA,14.0,12,9,0.23253818621605318,0.5926835979396552
1ATGA,14.0,12,10,0.21748221148503635,0.6617750134193638
1ATGA,14.0,12,11,0.133933646985006,0.749951139432023
1ATGA,14.0,12,12,0.12906217699184505,0.8710204682614592
1ATGA,14.0,12,13,0.2456483842758306,0.6240132412079035
1ATGA,14.0,12,14,0.2634647952689492,0.4824012891389711
1ATGA,14.0,12,15,0.2714832052616861,0.4617090866487794
1ATGA,14.0,12,16,0.11819361577454199,0.4877063836485117
1ATGA,14.0,12,17,0.2551271813872061,0.6233748282026077
1ATGA,14.0,12,18,0.04632752342892892,0.9607590741714307
1ATGA,14.0,12,19,0.3020848530102006,0.39138049083173115
1ATGA,14.0,13,0,0.125703254395372,0.8298295295151256
1ATGA,14.0,13,1,0.17374228883193069,0.5971404758037907
1ATGA,14.0,13,2,0.1674184955233528,0.7210435165816013
1ATGA,14.0,13,3,0.2461037680096926,0.5569221260886089
1ATGA,14.0,13,4,0.1236213078893999,0.7977980569396167
1ATGA,14.0,13,5,0.06570346173213237,0.9671315011405652
1ATGA,14.0,13,6,0.16012715284829807,0.6542403816655074
1ATGA,14.0,13,7,0.2625216296901428,0.28122155610494964
1ATGA,14.0,13,8,0.21954921542281983,0.8750415142831718
1ATGA,14.0,13,9,0.07037979911595388,0.9579372505485418
1ATGA,14.0,13,10,0.21384230611717264,0.41324871465204405
1ATGA,14.0,13,11,0.049971963281816426,0.9716193009956311
1ATGA,14.0,13,12,0.2273000282279005,0.7439353119272433
1ATGA,14.0,13,13,0.1489712646942592,0.5570355219809849
1ATGA,14.0,13,14,0.21640976695528588,0.6159208281278943
1ATGA,14.0,13,15,0.21235891170631266,0.6055336125523585
1ATGA,14.0,13,16,0.23861813175940816,0.4576925069328766
1ATGA,14.0,13,17,0.18236130711344967,0.5460995379164647
1ATGA,14.0,13,18,0.21956081192127982,0.730184138396931
1ATGA,14.0,13,19,0.18642607450999474,0.7998095968437264
1ATGA,14.0,14,0,0.24361643016826603,0.5157874595211781
1ATGA,14.0,14,1,0.2339179123438406,0.5577853210278713
1ATGA,14.0,14,2,0.1712876051064502,0.6593161007616518
1ATGA,14.0,14,3,0.23244185449685426,0.414392646048205
1ATGA,14.0,14,4,0.13523649792914488,0.5917526685548
1ATGA,14.0,14,5,0.08008806075986777,0.9452650210269178
1ATGA,14.0,14,6,0.11227326219081574,0.9269552983935797
1ATGA,14.0,14,7,0.22337542396505167,0.3469559238081956
1ATGA,14.0,14,8,0.10651747528264996,0.6715171706177517
1ATGA,14.0,14,9,0.2775315408767728,0.4460584095615215
1ATGA,14.0,14,10,0.19637914693335345,0.6776459775391682
1ATGA,14.0,14,11,0.19162324481123266,0.5143908225715697
1ATGA,14.0,14,12,0.2266407302499891,0.5895591525117474
1ATGA,14.0,14,13,0.18010004864802268,0.668366986743397
1ATGA,14.0,14,14,0.11047100235044209,0.8568931282946631
1ATGA,14.0,14,15,0.09944520845487637,0.901582220998718
1ATGA,14.0,14,16,0.29347495310290744,0.660654736813593
1ATGA,14.0,14,17,0.18828321864064246,0.4934538972796441
1ATGA,14.0,14,18,0.0783912213021839,0.8052113068849005
1ATGA,14.0,14,19,0.1697090440352223,0.6583676687184067
1ATGA,14.0,15,0,0.41720146817481696,0.26873658702185205
1ATGA,14.0,15,1,0.3519737901245445,0.5407039389736569
1ATGA,14.0,15,2,0.2540710067950048,0.44192582738210906
1ATGA,14.0,15,3,0.19214154488816587,0.5857318000032462
1ATGA,14.0,15,4,0.28556266149549575,0.3999745084495979
1ATGA,14.0,15,5,0.26627918952910296,0.43847176644845476
1ATGA,14.0,15,6,0.34623224491987276,0.5047447365106729
1ATGA,14.0,15,7,0.2593674779768499,0.4157219895584349
1ATGA,14.0,15,8,0.3008010560670412,0.27501064742991754
1ATGA,14.0,15,9,0.16976918176593653,0.897341031994913
1ATGA,14.0,15,10,0.1472361592465818,0.7975425790017218
1ATGA,14.0,15,11,0.30434714111177874,0.34548203303351455
1ATGA,14.0,15,12,0.3203053057079749,0.4115395226068988
1ATGA,14.0,15,13,0.34142993385183895,0.44464641204741945
1ATGA,14.0,15,14,0.2331989171513414,0.5531645699643634
1ATGA,14.0,15,15,0.21993344449070473,0.4093476129735787
1ATGA,14.0,15,16,0.2639424741821455,0.3241272036805414
1ATGA,14.0,15,17,0.25162206343008553,0.375934014871236
1ATGA,14.0,15,18,0.25346380025001136,0.4488130524995384
1ATGA,14.0,15,19,0.2664951272312298,0.47571771453929135
1ATGA,14.0,16,0,0.2734464838752189,0.4896233671853776
1ATGA,14.0,16,1,0.31508876202790076,0.5528165531731382
1ATGA,14.0,16,2,0.36850458933941993,0.3652591667353242
1ATGA,14.0,16,3,0.21669277894938582,0.6112445247556059
1ATGA,14.0,16,4,0.3117726187906766,0.55611826914944
1ATGA,14.0,16,5,0.2803763042416173,0.4525259861171795
1ATGA,14.0,16,6,0.2376235442370089,0.3828155426758492
1ATGA,14.0,16,7,0.4886432582340459,0.39818548553132227
1ATGA,14.0,16,8,0.22467320120350445,0.6516521979816504
1ATGA,14.0,16,9,0.3349248206476226,0.3933346675414503
1ATGA,14.0,16,10,0.35132796039862985,0.4908762123476744
1ATGA,14.0,16,11,0.2932851585751564,0.4714352136899926
1ATGA,14.0,16,12,0.19309104240972425,0.6843640511346376
1ATGA,14.0,16,13,0.34855345124559983,0.4242448682890948
1ATGA,14.0,16,14,0.272781552025926,0.3736605513915909
1ATGA,14.0,16,15,0.25748247584323264,0.5601987645353614
1ATGA,14.0,16,16,0.23855673822915396,0.4690604301463401
1ATGA,14.0,16,17,0.31737607120836864,0.42464157275313386
1ATGA,14.0,16,18,0.30819118181955096,0.4339034950066087
1ATGA,14.0,16,19,0.291376582208145,0.6096202651946933
1ATGA,14.0,17,0,0.22278313607811945,0.7175586507988907
1ATGA,14.0,17,1,0.37644332489366183,0.5564719005173516
1ATGA,14.0,17,2,0.385445961209924,0.40405389804743613
1ATGA,14.0,17,3,0.3029585960071241,0.2786258367436757
1ATGA,14.0,17,4,0.3214726405797729,0.3228156035978387
1ATGA,14.0,17,5,0.3004770334411261,0.3975748492084649
1ATGA,14.0,17,6,0.33049461550981396,0.27312865000604847
1ATGA,14.0,17,7,0.31667297891905377,0.6165553900577824
1ATGA,14.0,17,8,0.33659752855587105,0.35357628100978505
1ATGA,14.0,17,9,0.35400672303972364,0.35505857207402713
1ATGA,14.0,17,10,0.33707322870337614,0.441971858280627
1ATGA,14.0,17,11,0.28291347419022334,0.330527189371852
1ATGA,14.0,17,12,0.31060519465868774,0.3630086253199006
1ATGA,14.0,17,13,0.26773946090910106,0.4025087889833084
1ATGA,14.0,17,14,0.2239077902829162,0.48900361949820037
1ATGA,14.0,17,15,0.1842775711588698,0.48093907381644657
1ATGA,14.0,17,16,0.21514835054238118,0.7284600528193962
1ATGA,14.0,17,17,0.28324444835096085,0.43674730425616604
1ATGA,14.0,17,18,0.3032304755514536,0.31099861634736686
1ATGA,14.0,17,19,0.29177842511440305,0.5961734151776827
1ATGA,14.0,18,0,0.333904486350128,0.393390336352982
1ATGA,14.0,18,1,0.3842757798044736,0.524366606236235
1ATGA,14.0,18,2,0.32200714226995514,0.31618672035876555
1ATGA,14.0,18,3,0.36885444378236304,0.31130211926469786
1ATGA,14.0,18,4,0.3924372494675861,0.5026997149005515
1ATGA,14.0,18,5,0.2992411042389633,0.6837493951018122
1ATGA,14.0,18,6,0.11812255877887824,0.8944228445377699
1ATGA,14.0,18,7,0.26577075626897473,0.4636056287589022
1ATGA,14.0,18,8,0.24776806194551898,0.7055253936463306
1ATGA,14.0,18,9,0.27400782431450876,0.4038560145848028
1ATGA,14.0,18,10,0.25267594613722394,0.641751644677126
1ATGA,14.0,18,11,0.32998673521706046,0.3131493884020119
1ATGA,14.0,18,12,0.2998355138150196,0.5005062487174142
1ATGA,14.0,18,13,0.3905473349348636,0.2931034937350042
1ATGA,14.0,18,14,0.2973893887940272,0.8006425661452414
1ATGA,14.0,18,15,0.2845786253812636,0.4131724888207856
1ATGA,14.0,18,16,0.2920420813781995,0.3685405879293308
1ATGA,14.0,18,17,0.31857811797441865,0.4022449657856732
1ATGA,14.0,18,18,0.36938581752208133,0.36405300564398213
1ATGA,14.0,18,19,0.31755086817002154,0.3599511965760493
1ATGA,14.0,19,0,0.2278999162111598,0.7559288090236523
1ATGA,14.0,19,1,0.3522319388078846,0.23764683347395085
1ATGA,14.0,19,2,0.3655699968732012,0.2402057255944576
1ATGA,14.0,19,3,0.265852518503059,0.6565208071520899
1ATGA,14.0,19,4,0.2849501261285265,0.6293523359492025
1ATGA,14.0,19,5,0.3218718475124906,0.3544653891377284
1ATGA,14.0,19,6,0.1887401410701334,0.524081690482893
1ATGA,14.0,19,7,0.3955120195115126,0.18031385463613744
1ATGA,14.0,19,8,0.2239438782238,0.44270332942190194
1ATGA,14.0,19,9,0.3097514688566103,0.6151242151794492
1ATGA,14.0,19,10,0.355751040323191,0.44517503188914476
1ATGA,14.0,19,11,0.21846490605362073,0.4484064643318994
1ATGA,14.0,19,12,0.33608253719316117,0.6584253016602964
1ATGA,14.0,19,13,0.2766720300495958,0.45227599761765075
1ATGA,14.0,19,14,0.15178830914797029,0.8813624114149464
1ATGA,14.0,19,15,0.3108331020103086,0.42846845053808547
1ATGA,14.0,19,16,0.2679738065388384,0.4930639913566298
1ATGA,14.0,19,17,0.21312736679570163,0.682922779572467
1ATGA,14.0,19,18,0.25263091934741905,0.4383706325087908
1ATGA,14.0,19,19,0.33419320935510066,0.4911982920104149
1ATGA,14.0,20,0,0.36970221143216975,0.4402872905277188
1ATGA,14.0,20,1,0.4513930971009039,0.2803332601264224
1ATGA,14.0,20,2,0.2965901776037855,0.37869264245124884
1ATGA,14.0,20,3,0.1998162548757449,0.7709501024364036
1ATGA,14.0,20,4,0.3518473644575161,0.5294369055772429
1ATGA,14.0,20,5,0.3189481324332669,0.4517077211826926
1ATGA,14.0,20,6,0.36421791893750016,0.35423100337119023
1ATGA,14.0,20,7,0.33073966982834135,0.34107531801817836
1ATGA,14.0,20,8,0.2607501858111805,0.7054332677087134
1ATGA,14.0,20,9,0.37597365579387904,0.30451992340031037
1ATGA,14.0,20,10,0.14605429010131224,0.8618268084963461
1ATGA,14.0,20,11,0.4630719158047866,0.2909760501401446
1ATGA,14.0,20,12,0.39471374447805607,0.47519180665155997
1ATGA,14.0,20,13,0.17729111072643985,0.8315009710766543
1ATGA,14.0,20,14,0.36360980201816784,0.29475283502057925
1ATGA,14.0,20,15,0.20357904468282165,0.7748075821267412
1ATGA,14.0,20,16,0.34617122792526533,0.42448307306609784
1ATGA,14.0,20,17,0.40315504255415613,0.2831733457808328
1ATGA,14.0,20,18,0.4116838860782987,0.13864648882965616
1ATGA,14.0,20,19,0.1925502255056979,0.7514212766616657
1ATGA,14.0,21,0,0.4557514313649748,0.4201618749077357
1ATGA,14.0,21,1,0.3584033398650684,0.1871647757114295
1ATGA,14.0,21,2,0.36222507965606315,0.45937215700691647
1ATGA,14.0,21,3,0.46037174503488454,0.14601352291046282
1ATGA,14.0,21,4,0.3231914578236558,0.4253227509651781
1ATGA,14.0,21,5,0.3941489242252247,0.503375180513947
1ATGA,14.0,21,6,0.37085912982317537,0.34960708409134855
1ATGA,14.0,21,7,0.38037151600695496,0.18517253575706719
1ATGA,14.0,21,8,0.464540256558094,0.314397725166803
1ATGA,14.0,21,9,0.3420274320604244,0.42958926595537494
1ATGA,14.0,21,10,0.3804154533055581,0.33372457237447894
1ATGA,14.0,21,11,0.35103212856967564,0.40449715610861087
1ATGA,14.0,21,12,0.3006918767920854,0.3408318227800736
1ATGA,14.0,21,13,0.21789817901834324,0.7177450013582551
1ATGA,14.0,21,14,0.26781105415195966,0.4592199292921575
1ATGA,14.0,21,15,0.35296398786110683,0.5309231713224353
1ATGA,14.0,21,16,0.2958815547829372,0.45775696516031933
1ATGA,14.0,21,17,0.3458735186088269,0.4491532720731785
1ATGA,14.0,21,18,0.3895826486119854,0.31620573292321563
1ATGA,14.0,21,19,0.3260480747107098,0.42712179222378427
1ATGA,14.0,22,0,0.281102338966891,0.47857566493205467
1ATGA,14.0,22,1,0.3770614912771301,0.34878419451513065
1ATGA,14.0,22,2,0.3780822094467221,0.2529702509689564
1ATGA,14.0,22,3,0.2113485768177123,0.7373170426760424
1ATGA,14.0,22,4,0.30672447915461565,0.642077335429836
1ATGA,14.0,22,5,0.4459258108013182,0.21600455001517807
1ATGA,14.0,22,6,0.28927971428271476,0.5121021015452107
1ATGA,14.0,22,7,0.3942964948992599,0.25565526661405774
1ATGA,14.0,22,8,0.29216861265504884,0.5084982592486434
1ATGA,14.0,22,9,0.35441643217235697,0.3219163521341434
1ATGA,14.0,22,10,0.40643065740521545,0.2645922057829799
1ATGA,14.0,22,11,0.3578294373292453,0.3311326962743002
1ATGA,14.0,22,12,0.39140542621874697,0.2482379542671062
1ATGA,14.0,22,13,0.4403834256462914,0.25647198717529873
1ATGA,14.0,22,14,0.3550178413660081,0.2835942626769175
1ATGA,14.0,22,15,0.24611951352518874,0.5696758314584447
1ATGA,14.0,22,16,0.23198024801628106,0.7556548216416659
1ATGA,14.0,22,17,0.4714412036373471,0.5166777118832134
1ATGA,14.0,22,18,0.30240612917420145,0.3928873489653973
1ATGA,14.0,22,19,0.35674260023552273,0.42660186608911366
1ATGA,14.0,23,0,0.24432932233901056,0.7147504262889663
1ATGA,14.0,23,1,0.35476412904512883,0.20397454581427474
1ATGA,14.0,23,2,0.3730404267286017,0.2772755904370809
1ATGA,14.0,23,3,0.27648005012176796,0.6965916904020746
1ATGA,14.0,23,4,0.3392411213540351,0.35451705352700114
1ATGA,14.0,23,5,0.30883666472620575,0.4065362009547895
1ATGA,14.0,23,6,0.2852242423323678,0.3878888922880368
1ATGA,14.0,23,7,0.46389298734391693,0.2933468141441972
1ATGA,14.0,23,8,0.3470655144694196,0.47031518845682385
1ATGA,14.0,23,9,0.3948722409921994,0.27753152558047584
1ATGA,14.0,23,10,0.1911433924494892,0.805523271013307
1ATGA,14.0,23,11,0.2857257904334993,0.5511698792843058
1ATGA,14.0,23,12,0.37826056255090895,0.17209853101403194
1ATGA,14.0,23,13,0.4629951097208423,0.18668265353597271
1ATGA,14.0,23,14,0.37744050899184306,0.27392081050818007
1ATGA,14.0,23,15,0.3238450148237835,0.24723857991977136
1ATGA,14.0,23,16,0.3161424840464993,0.2771599270101405
1ATGA,14.0,23,17,0.3727528535383089,0.28593838338902083
1ATGA,14.0,23,18,0.3758996665845421,0.36738851558434515
1ATGA,14.0,23,19,0.3955870350426181,0.291315236307745
1ATGA,14.0,24,0,0.4266394618553201,0.29140439382438943
1ATGA,14.0,24,1,0.3130228467169726,0.4563380962005243
1ATGA,14.0,24,2,0.2902231085051041,0.3866875814189775
1ATGA,14.0,24,3,0.5021838337218855,0.1615809914545017
1ATGA,14.0,24,4,0.34195608528202126,0.285729952973271
1ATGA,14.0,24,5,0.44035347953462656,0.22661069800508085
1ATGA,14.0,24,6,0.23656810579757717,0.7539614422019594
1ATGA,14.0,24,7,0.19877717992184646,0.7653301686075523
1ATGA,14.0,24,8,0.3697366801427118,0.3298400172616251
1ATGA,14.0,24,9,0.3563935378410928,0.4520674458116385
1ATGA,14.0,24,10,0.41232172588266075,0.3267836285134481
1ATGA,14.0,24,11,0.45349798561722415,0.23591623756227384
1ATGA,14.0,24,12,0.3032724480176209,0.5808812659183242
1ATGA,14.0,24,13,0.422482305915401,0.26671544570037653
1ATGA,14.0,24,14,0.4413102026174642,0.2638300609361554
1ATGA,14.0,24,15,0.40943320544988543,0.2960590433253377
1ATGA,14.0,24,16,0.3493349181999958,0.34229664539424165
1ATGA,14.0,24,17,0.3822959831207725,0.29200453978568014
1ATGA,14.0,24,18,0.40124100922172773,0.24238298479821818
1ATGA,14.0,24,19,0.4033868384936777,0.25713122519287596
1ATGA,14.0,25,0,0.4033018545378956,0.3590751523960281
1ATGA,14.0,25,1,0.3043779177994838,0.36558380867975165
1ATGA,14.0,25,2,0.38856622870266944,0.20883887863134235
1ATGA,14.0,25,3,0.44462356395227814,0.21694420924064306
1ATGA,14.0,25,4,0.4222637004061532,0.2168429872267186
1ATGA,14.0,25,5,0.4864538664675057,0.16532111365286242
1ATGA,14.0,25,6,0.3675655860897183,0.2189942093576985
1ATGA,14.0,25,7,0.40192026480088594,0.30873984974109986
1ATGA,14.0,25,8,0.22714590702665924,0.7208410202055581
1ATGA,14.0,25,9,0.26813342976602117,0.251766012569884
1ATGA,14.0,25,10,0.387203608810767,0.34391486093479995
1ATGA,14.0,25,11,0.2381017107033921,0.7205365469134858
1ATGA,14.0,25,12,0.5219023332771514,0.16325515912931257
1ATGA,14.0,25,13,0.41344151336543855,0.2921403870166626
1ATGA,14.0,25,14,0.3675729591556642,0.36698220297393336
1ATGA,14.0,25,15,0.3667467254210732,0.28723139120325963
1ATGA,14.0,25,16,0.13859682749330932,0.86433505521579
1ATGA,14.0,25,17,0.3305612132362764,0.31213109204800055
1ATGA,14.0,25,18,0.4424200979088585,0.22196049924953093
1ATGA,14.0,25,19,0.4262837500946914,0.2016190453438155
1ATGA,14.0,26,0,0.4033537670644167,0.24432962846470596
1ATGA,14.0,26,1,0.35988572098652977,0.29657907458141847
1ATGA,14.0,26,2,0.3274988600303267,0.4089010614946652
1ATGA,14.0,26,3,0.22636416966869852,0.6991098710469402
1ATGA,14.0,26,4,0.1511747144237333,0.899450608235115
1ATGA,14.0,26,5,0.17900959086834148,0.8233560223878826
1ATGA,14.0,26,6,0.15571772119465568,0.8273448907288703
1ATGA,14.0,26,7,0.33093129140022015,0.31143877500909206
1ATGA,14.0,26,8,0.3831168576603915,0.29161472534854277
1ATGA,14.0,26,9,0.45087514085630476,0.16492674085131928
1ATGA,14.0,26,10,0.3402208883765264,0.5236057367589659
1ATGA,14.0,26,11,0.21058807317666986,0.7727578762760381
1ATGA,14.0,26,12,0.4100388901654547,0.22371896042254596
1ATGA,14.0,26,13,0.4199055184042171,0.4253716351803496
1ATGA,14.0,26,14,0.09228952716318554,0.9332041037117208
1ATGA,14.0,26,15,0.3491069342253635,0.21774648764253654
1ATGA,14.0,26,16,0.48217050302130726,0.23012689465660488
1ATGA,14.0,26,17,0.3750184554126493,0.5399471092608225
1ATGA,14.0,26,18,0.3189583508543383,0.3251653282428912
1ATGA,14.0,26,19,0.3741676136630848,0.19149821025316782
1ATGA,14.0,27,0,0.383320637856213,0.2333738803383329
1ATGA,14.0,27,1,0.2862280938912384,0.6112626934256318
1ATGA,14.0,27,2,0.34764958560980763,0.3785726786643394
1ATGA,14.0,27,3,0.23325177995426094,0.7013114139946064
1ATGA,14.0,27,4,0.22937651243821439,0.6573628070380622
1ATGA,14.0,27,5,0.3174726903211465,0.594848100519096
1ATGA,14.0,27,6,0.3334453395699789,0.45483341357046103
1ATGA,14.0,27,7,0.17208905133600508,0.8004709348513996
1ATGA,14.0,27,8,0.2434895667871041,0.6392817444469863
1ATGA,14.0,27,9,0.39278849252495296,0.2010217471342918
1ATGA,14.0,27,10,0.1764470448483554,0.8160592424183508
1ATGA,14.0,27,11,0.2854628940941587,0.5690178057993499
1ATGA,14.0,27,12,0.3384054145730828,0.3475054868161865
1ATGA,14.0,27,13,0.3554190923866203,0.31538176955910535
1ATGA,14.0,27,14,0.4179003501209038,0.3628167593946795
1ATGA,14.0,27,15,0.44793765940010827,0.19192081879350825
1ATGA,14.0,27,16,0.4433381441157629,0.1944765550114277
1ATGA,14.0,27,17,0.4071579261988596,0.3377778339684555
1ATGA,14.0,27,18,0.2952158005757963,0.491363500502511
1ATGA,14.0,27,19,0.4185188364788968,0.2938854549300401
1ATGA,14.0,28,0,0.42994188087993224,0.3608737491836646
1ATGA,14.0,28,1,0.27555857606331174,0.577685024080788
1ATGA,14.0,28,2,0.17955268883567094,0.7773363751646477
1ATGA,14.0,28,3,0.41798777774928264,0.2333262349855338
1ATGA,14.0,28,4,0.2673672429584309,0.6439828709265347
1ATGA,14.0,28,5,0.3135337396598503,0.41413418302142196
1ATGA,14.0,28,6,0.3874606928279202,0.3480709494718043
1ATGA,14.0,28,7,0.4030002171523701,0.24955405276528156
1ATGA,14.0,28,8,0.3568858502395784,0.3948639033313439
1ATGA,14.0,28,9,0.41861314182439735,0.23580551518854212
1ATGA,14.0,28,10,0.16489496281589833,0.8590999744840542
1ATGA,14.0,28,11,0.2123774137308461,0.6746033134503588
1ATGA,14.0,28,12,0.3294372515936141,0.5459826875388564
1ATGA,14.0,28,13,0.5903889243667363,0.05530030051522937
1ATGA,14.0,28,14,0.3903214651944754,0.24633805561279357
1ATGA,14.0,28,15,0.3275882630002344,0.3394531458135517
1ATGA,14.0,28,16,0.3166345040043803,0.5766583930933272
1ATGA,14.0,28,17,0.3142729764428315,0.35680001574411974
1ATGA,14.0,28,18,0.042582947926312315,0.9823003001989938
1ATGA,14.0,28,19,0.42872862185708505,0.18093796203901766
1ATGA,14.0,29,0,0.4166933371195051,0.25609895833583834
1ATGA,14.0,29,1,0.516774382876953,0.13278878571096434
1ATGA,14.0,29,2,0.2716593734339115,0.5273859131885114
1ATGA,14.0,29,3,0.3092223420367724,0.6567147135128312
1ATGA,14.0,29,4,0.17991696018809092,0.8120913379723144
1ATGA,14.0,29,5,0.3175549182681846,0.6597381692987982
1ATGA,14.0,29,6,0.44703587037379716,0.25892610209304806
1ATGA,14.0,29,7,0.3261255816710043,0.6296761682936998
1ATGA,14.0,29,8,0.5752357083351157,0.14431722109442938
1ATGA,14.0,29,9,0.17993215836795826,0.8130277044675476
1ATGA,14.0,29,10,0.23386002490881727,0.7604476022600728
1ATGA,14.0,29,11,0.2530293158714271,0.7060060379772253
1ATGA,14.0,29,12,0.4696421779863366,0.2500852289471281
1ATGA,14.0,29,13,0.4260715059873627,0.25573712653658404
1ATGA,14.0,29,14,0.26481146505833625,0.4254485887517698
1ATGA,14.0,29,15,0.2852355520610473,0.423978079732525
1ATGA,14.0,29,16,0.3916189375624707,0.34285462890399543
1ATGA,14.0,29,17,0.2580704049830305,0.6577210643973571
1ATGA,14.0,29,18,0.6074238330351568,0.16869660594955038
1ATGA,14.0,29,19,0.20764067831913416,0.7817891513746444
1ATGA,14.0,30,0,0.5629354477776097,0.2135776552836563
1ATGA,14.0,30,1,0.4255735136044207,0.19097927496636716
1ATGA,14.0,30,2,0.2950259878903181,0.6187606931047136
1ATGA,14.0,30,3,0.3168925899912085,0.5243364648456224
1ATGA,14.0,30,4,0.21758594656349176,0.5628853612797848
1ATGA,14.0,30,5,0.254431102668334,0.533335170922468
1ATGA,14.0,30,6,0.2456955606319392,0.6467933584987247
1ATGA,14.0,30,7,0.2987403865804928,0.5969302260845848
1ATGA,14.0,30,8,0.351377893796276,0.3353553745123275
1ATGA,14.0,30,9,0.5009025154859248,0.1551846338432221
1ATGA,14.0,30,10,0.3219584185464338,0.5870003140657926
1ATGA,14.0,30,11,0.29237305986943174,0.5838188420648364
1ATGA,14.0,30,12,0.23722890136671412,0.7399544848017089
1ATGA,14.0,30,13,0.5390399456793801,0.20451075607112082
1ATGA,14.0,30,14,0.10025132343789651,0.9497849676014171
1ATGA,14.0,30,15,0.0830960155131881,0.9605952403399914
1ATGA,14.0,30,16,0.41720016515438607,0.28308530186734376
1ATGA,14.0,30,17,0.15484226478705815,0.8730163305196293
1ATGA,14.0,30,18,0.230012670701824,0.5104827204611273
1ATGA,14.0,30,19,0.2384206860168871,0.746757294537688
1ATGA,14.0,31,0,0.474838075119967,0.2640503767329676
1ATGA,14.0,31,1,0.3912775747820783,0.449043160931216
1ATGA,14.0,31,2,0.3603999771101468,0.45663754361286724
1ATGA,14.0,31,3,0.02579901830161137,0.9929723787103127
1ATGA,14.0,31,4,0.4101056644183336,0.2836987298767667
1ATGA,14.0,31,5,0.1404340782049614,0.9285728612851439
1ATGA,14.0,31,6,0.28559454483952723,0.691797788542571
1ATGA,14.0,31,7,0.21653533827067617,0.5506725892152792
1ATGA,14.0,31,8,0.39492094251240806,0.6782606609639408
1ATGA,14.0,31,9,0.2922418296317056,0.7278734149900234
1ATGA,14.0,31,10,0.2535348209871809,0.5551486313470492
1ATGA,14.0,31,11,0.09217442544354809,0.8002213783914951
1ATGA,14.0,31,12,0.3267915285160088,0.48246821433063375
1ATGA,14.0,31,13,0.025580642269653325,0.9917442234631416
1ATGA,14.0,31,14,0.22532421756837334,0.8351546769021962
1ATGA,14.0,31,15,0.2571118353832769,0.8120632527754087
1ATGA,14.0,31,16,0.27225882882552493,0.7205408384575797
1ATGA,14.0,31,17,0.4746163360388649,0.16301876212391497
1ATGA,14.0,31,18,0.43099598439007475,0.5971286198317041
1ATGA,14.0,31,19,0.37659059069624257,0.26061377082966375
1ATGA,14.0,32,0,0.3375590497080258,0.30456630870884294
1ATGA,14.0,32,1,0.18911609031130108,0.7599417122725907
1ATGA,14.0,32,2,0.22552439617946612,0.36698991755945903
1ATGA,14.0,32,3,0.3200715076774373,0.6316248670683318
1ATGA,14.0,32,4,0.4190951104198705,0.47830776396306646
1ATGA,14.0,32,5,0.08273778160946166,0.8296459022219205
1ATGA,14.0,32,6,0.3471629762797513,0.45309341560033456
1ATGA,14.0,32,7,0.3447138098997231,0.6532159233916588
1ATGA,14.0,32,8,0.13436482321526655,0.6232682144043946
1ATGA,14.0,32,9,0.1948883114117631,0.8159398550259657
1ATGA,14.0,32,10,0.2962974625729678,0.6066765145435354
1ATGA,14.0,32,11,0.32927309737408444,0.352628440843096
1ATGA,14.0,32,12,0.30206946461817596,0.5545594952986604
1ATGA,14.0,32,13,0.6084835590596958,0.16951783079102883
1ATGA,14.0,32,14,0.3836748760205917,0.49718920239475867
1ATGA,14.0,32,15,0.26445635872082435,0.7535950822303308
1ATGA,14.0,32,16,0.12619771440019517,0.7834176749209505
1ATGA,14.0,32,17,0.22259968107208938,0.5458528652351143
1ATGA,14.0,32,18,0.5033694704628674,0.2890765282350195
1ATGA,14.0,32,19,0.5422140511003047,0.1306545337048408
1ATGA,16.0,0,0,0.0,1.0
1ATGA,16.0,0,1,0.0,1.0000000000000002
1ATGA,16.0,0,2,0.0,0.9999999999999998
1ATGA,16.0,0,3,0.0,1.0
1ATGA,16.0,0,4,0.0,0.9999999999999998
1ATGA,16.0,0,5,0.0,0.9999999999999999
1ATGA,16.0,0,6,0.0,1.0
1ATGA,16.0,0,7,0.0,1.0
1ATGA,16.0,0,8,0.0,0.9999999999999999
1ATGA,16.0,0,9,0.0,0.9999999999999999
1ATGA,16.0,0,10,0.0,0.9999999999999998
1ATGA,16.0,0,11,0.0,0.9999999999999999
1ATGA,16.0,0,12,0.0,0.9999999999999999
1ATGA,16.0,0,13,0.0,1.0000000000000002
1ATGA,16.0,0,14,0.0,0.9999999999999999
1ATGA,16.0,0,15,0.0,1.0
1ATGA,16.0,0,16,0.0,1.0000000000000002
1ATGA,16.0,0,17,0.0,1.0000000000000002
1ATGA,16.0,0,18,0.0,1.0000000000000002
1ATGA,16.0,0,19,0.0,0.9999999999999998
1ATGA,16.0,1,0,0.0,0.9999999999999998
1ATGA,16.0,1,1,0.0,1.0
1ATGA,16.0,1,2,0.0,1.0
1ATGA,16.0,1,3,0.0,1.0
1ATGA,16.0,1,4,0.0,1.0000000000000002
1ATGA,16.0,1,5,0.0,0.9999999999999999
1ATGA,16.0,1,6,0.0,1.0
1ATGA,16.0,1,7,0.0,0.9999999999999999
1ATGA,16.0,1,8,0.0,1.0000000000000002
1ATGA,16.0,1,9,0.0,1.0
1ATGA,16.0,1,10,0.0,1.0000000000000002
1ATGA,16.0,1,11,0.0,0.9999999999999999
1ATGA,16.0,1,12,0.0,1.0
1ATGA,16.0,1,13,0.0,1.0
1ATGA,16.0,1,14,0.0,0.9999999999999998
1ATGA,16.0,1,15,0.0,0.9999999999999999
1ATGA,16.0,1,16,0.0,0.9999999999999998
1ATGA,16.0,1,17,0.0,1.0
1ATGA,16.0,1,18,0.0,0.9999999999999999
1ATGA,16.0,1,19,0.0,0.9999999999999999
1ATGA,16.0,2,0,0.0,0.9999999999999999
1ATGA,16.0,2,1,0.0,1.0
1ATGA,16.0,2,2,0.0,0.9999999999999999
1ATGA,16.0,2,3,0.0,1.0000000000000002
1ATGA,16.0,2,4,0.0,1.0
1ATGA,16.0,2,5,0.0,1.0000000000000002
1ATGA,16.0,2,6,0.0,1.0
1ATGA,16.0,2,7,0.0,1.0
1ATGA,16.0,2,8,0.0,0.9999999999999999
1ATGA,16.0,2,9,0.0,1.0
1ATGA,16.0,2,10,0.0,1.0
1ATGA,16.0,2,11,0.0,1.0000000000000002
1ATGA,16.0,2,12,0.0,1.0
1ATGA,16.0,2,13,0.0,1.0
1ATGA,16.0,2,14,0.0,1.0
1ATGA,16.0,2,15,0.0,1.0
1ATGA,16.0,2,16,0.0,0.9999999999999998
1ATGA,16.0,2,17,0.0,1.0000000000000002
1ATGA,16.0,2,18,0.0,1.0000000000000002
1ATGA,16.0,2,19,0.0,1.0
1ATGA,16.0,3,0,0.0,1.0000000000000002
1ATGA,16.0,3,1,0.0,0.9999999999999999
1ATGA,16.0,3,2,0.0,1.0000000000000002
1ATGA,16.0,3,3,0.0,1.0
1ATGA,16.0,3,4,0.0,1.0000000000000002
1ATGA,16.0,3,5,0.0,0.9999999999999999
1ATGA,16.0,3,6,0.0,0.9999999999999998
1ATGA,16.0,3,7,0.0,1.0000000000000002
1ATGA,16.0,3,8,0.0,1.0
1ATGA,16.0,3,9,0.0,1.0000000000000002
1ATGA,16.0,3,10,0.0,1.0
1ATGA,16.0,3,11,0.0,1.0
1ATGA,16.0,3,12,0.0,1.0000000000000002
1ATGA,16.0,3,13,0.0,0.9999999999999998
1ATGA,16.0,3,14,0.0,1.0
1ATGA,16.0,3,15,0.0,0.9999999999999999
1ATGA,16.0,3,16,0.0,1.0
1ATGA,16.0,3,17,0.0,1.0000000000000002
1ATGA,16.0,3,18,0.0,1.0
1ATGA,16.0,3,19,0.0,1.0000000000000002
1ATGA,16.0,4,0,0.0,1.0
1ATGA,16.0,4,1,0.0,1.0000000000000002
1ATGA,16.0,4,2,0.0,1.0
1ATGA,16.0,4,3,0.0,1.0000000000000002
1ATGA,16.0,4,4,0.0,1.0
1ATGA,16.0,4,5,0.0,1.0
1ATGA,16.0,4,6,0.0,1.0
1ATGA,16.0,4,7,0.0,1.0000000000000002
1ATGA,16.0,4,8,0.0,0.9999999999999999
1ATGA,16.0,4,9,0.0,1.0
1ATGA,16.0,4,10,0.0,1.0
1ATGA,16.0,4,11,0.0,1.0
1ATGA,16.0,4,12,0.0,0.9999999999999998
1ATGA,16.0,4,13,0.0,1.0
1ATGA,16.0,4,14,0.0,1.0000000000000002
1ATGA,16.0,4,15,0.0,1.0
1ATGA,16.0,4,16,0.0,0.9999999999999998
1ATGA,16.0,4,17,0.0,0.9999999999999998
1ATGA,16.0,4,18,0.0,1.0
1ATGA,16.0,4,19,0.0,1.0
1ATGA,16.0,5,0,0.0,1.0000000000000002
1ATGA,16.0,5,1,0.0,1.0000000000000002
1ATGA,16.0,5,2,0.0,1.0
1ATGA,16.0,5,3,0.0,1.0
1ATGA,16.0,5,4,0.0,1.0
1ATGA,16.0,5,5,0.0,1.0
1ATGA,16.0,5,6,0.0,1.0000000000000002
1ATGA,16.0,5,7,0.0,0.9999999999999999
1ATGA,16.0,5,8,0.0,1.0
1ATGA,16.0,5,9,0.0,0.9999999999999998
1ATGA,16.0,5,10,0.0,1.0000000000000002
1ATGA,16.0,5,11,0.0,0.9999999999999998
1ATGA,16.0,5,12,0.0,1.0
1ATGA,16.0,5,13,0.0,0.9999999999999999
1ATGA,16.0,5,14,0.0,1.0
1ATGA,16.0,5,15,0.0,1.0
1ATGA,16.0,5,16,0.0,1.0
1ATGA,16.0,5,17,0.0,0.9999999999999999
1ATGA,16.0,5,18,0.0,1.0
1ATGA,16.0,5,19,0.0,0.9999999999999998
1ATGA,16.0,6,0,0.0,1.0000000000000002
1ATGA,16.0,6,1,0.0,1.0
1ATGA,16.0,6,2,0.0,1.0
1ATGA,16.0,6,3,0.0,1.0
1ATGA,16.0,6,4,0.0,1.0000000000000002
1ATGA,16.0,6,5,0.0,0.9999999999999999
1ATGA,16.0,6,6,0.0,0.9999999999999998
1ATGA,16.0,6,7,0.0,0.9999999999999999
1ATGA,16.0,6,8,0.0,1.0
1ATGA,16.0,6,9,0.0,1.0
1ATGA,16.0,6,10,0.0,1.0000000000000002
1ATGA,16.0,6,11,0.0,1.0
1ATGA,16.0,6,12,0.0,1.0000000000000002
1ATGA,16.0,6,13,0.0,1.0
1ATGA,16.0,6,14,0.0,1.0
1ATGA,16.0,6,15,0.0,1.0000000000000002
1ATGA,16.0,6,16,0.0,1.0000000000000002
1ATGA,16.0,6,17,0.0,1.0
1ATGA,16.0,6,18,0.0,1.0000000000000002
1ATGA,16.0,6,19,0.0,1.0
1ATGA,16.0,7,0,0.0,1.0000000000000002
1ATGA,16.0,7,1,0.0,1.0000000000000002
1ATGA,16.0,7,2,0.0,1.0
1ATGA,16.0,7,3,0.0,0.9999999999999999
1ATGA,16.0,7,4,0.0,1.0
1ATGA,16.0,7,5,0.0,1.0
1ATGA,16.0,7,6,0.0,1.0000000000000002
1ATGA,16.0,7,7,0.0,0.9999999999999999
1ATGA,16.0,7,8,0.0,1.0000000000000002
1ATGA,16.0,7,9,0.0,1.0
1ATGA,16.0,7,10,0.0,0.9999999999999998
1ATGA,16.0,7,11,0.0,1.0000000000000002
1ATGA,16.0,7,12,0.0,1.0000000000000002
1ATGA,16.0,7,13,0.0,0.9999999999999999
1ATGA,16.0,7,14,0.0,1.0000000000000002
1ATGA,16.0,7,15,0.0,1.0000000000000002
1ATGA,16.0,7,16,0.0,0.9999999999999998
1ATGA,16.0,7,17,0.0,1.0
1ATGA,16.0,7,18,0.0,1.0
1ATGA,16.0,7,19,0.0,0.9999999999999999
1ATGA,16.0,8,0,0.0,1.0
1ATGA,16.0,8,1,0.0,0.9999999999999999
1ATGA,16.0,8,2,0.0,0.9999999999999998
1ATGA,16.0,8,3,0.0,1.0000000000000002
1ATGA,16.0,8,4,0.0,1.0
1ATGA,16.0,8,5,0.0,1.0
1ATGA,16.0,8,6,0.0,0.9999999999999999
1ATGA,16.0,8,7,0.0,1.0
1ATGA,16.0,8,8,0.0,1.0000000000000002
1ATGA,16.0,8,9,0.0,0.9999999999999999
1ATGA,16.0,8,10,0.0,0.9999999999999998
1ATGA,16.0,8,11,0.0,1.0
1ATGA,16.0,8,12,0.0,1.0
1ATGA,16.0,8,13,0.0,0.9999999999999999
1ATGA,16.0,8,14,0.0,1.0
1ATGA,16.0,8,15,0.0,1.0000000000000002
1ATGA,16.0,8,16,0.0,1.0000000000000002
1ATGA,16.0,8,17,0.0,1.0
1ATGA,16.0,8,18,0.0,1.0
1ATGA,16.0,8,19,0.0,1.0000000000000002
1ATGA,16.0,9,0,0.0,1.0
1ATGA,16.0,9,1,0.0,0.9999999999999998
1ATGA,16.0,9,2,0.0,1.0
1ATGA,16.0,9,3,0.0,1.0
1ATGA,16.0,9,4,0.0,1.0000000000000002
1ATGA,16.0,9,5,0.0,0.9999999999999999
1ATGA,16.0,9,6,0.0,1.0
1ATGA,16.0,9,7,0.0,1.0
1ATGA,16.0,9,8,0.0,0.9999999999999998
1ATGA,16.0,9,9,0.0,1.0
1ATGA,16.0,9,10,0.0,1.0
1ATGA,16.0,9,11,0.0,1.0
1ATGA,16.0,9,12,0.0,1.0
1ATGA,16.0,9,13,0.0,1.0
1ATGA,16.0,9,14,0.0,1.0000000000000002
1ATGA,16.0,9,15,0.0,1.0000000000000002
1ATGA,16.0,9,16,0.0,1.0
1ATGA,16.0,9,17,0.0,1.0
1ATGA,16.0,9,18,0.0,1.0
1ATGA,16.0,9,19,0.0,1.0
1ATGA,16.0,10,0,0.5035930399525669,0.13418578423850872
1ATGA,16.0,10,1,0.03307564005016169,0.7399556534626744
1ATGA,16.0,10,2,0.11453034399442588,0.3754744134485457
1ATGA,16.0,10,3,0.03751586806930391,0.9596931034477156
1ATGA,16.0,10,4,0.05680170190683792,0.6661143458666527
1ATGA,16.0,10,5,0.03187941154842878,0.9758153435373446
1ATGA,16.0,10,6,0.22859308072379125,0.22087739971421397
1ATGA,16.0,10,7,0.022877913437347557,0.7190035661604488
1ATGA,16.0,10,8,0.2601364646686104,0.3470533261576565
1ATGA,16.0,10,9,0.6089127296652643,0.09011288582823686
1ATGA,16.0,10,10,0.028359334244986694,0.8273737351854288
1ATGA,16.0,10,11,0.11872166273253631,0.4800745305548497
1ATGA,16.0,10,12,0.2662997449951758,0.3203440889644049
1ATGA,16.0,10,13,0.06919662823654807,0.36937229353651463
1ATGA,16.0,10,14,0.16477717787659352,0.2807573261709526
1ATGA,16.0,10,15,0.04857726913341424,0.8077614419166831
1ATGA,16.0,10,16,0.1686943376681308,0.3133692438558599
1ATGA,16.0,10,17,0.024172566939527802,0.9727843894692567
1ATGA,16.0,10,18,0.03805962874192917,0.58407274807103
1ATGA,16.0,10,19,0.350001694961209,0.37714882435350117
1ATGA,16.0,11,0,0.5841690543609045,0.30030987632982226
1ATGA,16.0,11,1,0.4106236568385491,0.21282783899479113
1ATGA,16.0,11,2,0.34150519384932176,0.4172278254963063
1ATGA,16.0,11,3,0.3586618821799086,0.5429766815956059
1ATGA,16.0,11,4,0.45521785254625324,0.652542974421988
1ATGA,16.0,11,5,0.45988193376033637,0.3847420910932877
1ATGA,16.0,11,6,0.22007132542522634,0.46215712572488576
1ATGA,16.0,11,7,0.42329200041069487,0.4186332573273578
1ATGA,16.0,11,8,0.317726800413652,0.39612829182924975
1ATGA,16.0,11,9,0.5636842516353718,0.2980224214909435
1ATGA,16.0,11,10,0.27549319458963617,0.44793477107880547
1ATGA,16.0,11,11,0.3125620425812959,0.4289218173811317
1ATGA,16.0,11,12,0.47698823356435904,0.28777691570120095
1ATGA,16.0,11,13,0.6242303117898481,0.2349808734057088
1ATGA,16.0,11,14,0.44100056299956647,0.2900627927732055
1ATGA,16.0,11,15,0.2736612080325067,0.4058821770089719
1ATGA,16.0,11,16,0.7894889294922526,0.08805549825096208
1ATGA,16.0,11,17,0.37411349417359874,0.3168929346466411
1ATGA,16.0,11,18,0.38689706620493747,0.26079705254969665
1ATGA,16.0,11,19,0.26007557382351637,0.42257462291899556
1ATGA,16.0,12,0,0.04113187750519399,0.9717810339681505
1ATGA,16.0,12,1,0.5082401607918452,0.19089177290707351
1ATGA,16.0,12,2,0.4750746016760207,0.30215543515774435
1ATGA,16.0,12,3,0.2307258006840947,0.7062700937449461
1ATGA,16.0,12,4,0.18705960277727332,0.3358331283686637
1ATGA,16.0,12,5,0.15347240349752575,0.8715201552452995
1ATGA,16.0,12,6,0.566391408658181,0.7069452314174748
1ATGA,16.0,12,7,0.2897642093039467,0.3899988251438575
1ATGA,16.0,12,8,0.3816009493234235,0.3593948957710659
1ATGA,16.0,12,9,0.2878849399544574,0.5275596753125444
1ATGA,16.0,12,10,0.2623387686749215,0.6175026324376932
1ATGA,16.0,12,11,0.1600763554946193,0.7444660266916837
1ATGA,16.0,12,12,0.14450447537891517,0.8512515018875345
1ATGA,16.0,12,13,0.29936957048458607,0.6142120912091571
1ATGA,16.0,12,14,0.32033974425230316,0.5006295499819622
1ATGA,16.0,12,15,0.3332344212915183,0.4279592447873702
1ATGA,16.0,12,16,0.14122179670379836,0.4573950253140587
1ATGA,16.0,12,17,0.3028668187754822,0.6076028575053289
1ATGA,16.0,12,18,0.06177759981603144,0.9460730697174727
1ATGA,16.0,12,19,0.3545432525833761,0.35460790737475245
1ATGA,16.0,13,0,0.1587112898015102,0.7922166849450185
1ATGA,16.0,13,1,0.19328059729363567,0.5649012988380364
1ATGA,16.0,13,2,0.20333684331837676,0.6829247361588724
1ATGA,16.0,13,3,0.25022836950897653,0.5887191385326715
1ATGA,16.0,13,4,0.15760891865317125,0.7356380890604254
1ATGA,16.0,13,5,0.07625212087986744,0.9583909975453712
1ATGA,16.0,13,6,0.19251961540022594,0.6076368442422655
1ATGA,16.0,13,7,0.2706888508621963,0.2908743269947437
1ATGA,16.0,13,8,0.2445261194764374,0.9080705862209864
1ATGA,16.0,13,9,0.07639132206438538,0.9519075883874448
1ATGA,16.0,13,10,0.24282850358514532,0.3992971459830935
1ATGA,16.0,13,11,0.052792825849281556,0.9729080749556223
1ATGA,16.0,13,12,0.26224399813256305,0.7007804660146942
1ATGA,16.0,13,13,0.17357868697582324,0.4914216030161576
1ATGA,16.0,13,14,0.24760215810031053,0.5823164780110434
1ATGA,16.0,13,15,0.23982037798688136,0.5554337150117217
1ATGA,16.0,13,16,0.27865294146050373,0.4475902476943423
1ATGA,16.0,13,17,0.22190636116249945,0.46017960427124166
1ATGA,16.0,13,18,0.22953597173067147,0.7358723246510044
1ATGA,16.0,13,19,0.2137362810743571,0.783143252981426
1ATGA,16.0,14,0,0.2592296477593106,0.5105084892500403
1ATGA,16.0,14,1,0.2556392959423552,0.5393311400790627
1ATGA,16.0,14,2,0.19869154379738427,0.6325274546757478
1ATGA,16.0,14,3,0.253027897059939,0.4132079514808172
1ATGA,16.0,14,4,0.16314613899722877,0.5686424311091112
1ATGA,16.0,14,5,0.08640587762714251,0.9419922214644793
1ATGA,16.0,14,6,0.11140004838540246,0.9298419414993803
1ATGA,16.0,14,7,0.24336621331960065,0.3430883249823686
1ATGA,16.0,14,8,0.14155676483275603,0.6335275269744627
1ATGA,16.0,14,9,0.29367401315470465,0.491333290733185
1ATGA,16.0,14,10,0.22501491654635902,0.6552425194208075
1ATGA,16.0,14,11,0.2270787300224721,0.4681316343806793
1ATGA,16.0,14,12,0.2502472963586905,0.5685553707950132
1ATGA,16.0,14,13,0.2112940555960576,0.6197031307329421
1ATGA,16.0,14,14,0.12168146873329001,0.8498372024714056
1ATGA,16.0,14,15,0.11124788437546701,0.892832232101905
1ATGA,16.0,14,16,0.3201579193021381,0.5891321362115572
1ATGA,16.0,14,17,0.20792604576497364,0.47549043954350445
1ATGA,16.0,14,18,0.09524984556197319,0.7749432078747824
1ATGA,16.0,14,19,0.18411236566946065,0.629660761601975
1ATGA,16.0,15,0,0.49842936535910665,0.2770113580112031
1ATGA,16.0,15,1,0.3709674296448047,0.5087112824965795
1ATGA,16.0,15,2,0.2659877375838686,0.3545497456613901
1ATGA,16.0,15,3,0.2043509032389726,0.5641231105623671
1ATGA,16.0,15,4,0.32947288476259534,0.36921908960917
1ATGA,16.0,15,5,0.27700228713361735,0.40703069124528696
1ATGA,16.0,15,6,0.34509352757313944,0.5160465448146728
1ATGA,16.0,15,7,0.2721071156749359,0.3774880663380905
1ATGA,16.0,15,8,0.3369669578660554,0.2441794890066886
1ATGA,16.0,15,9,0.17887558525402647,0.8858060578854782
1ATGA,16.0,15,10,0.14639693049199629,0.7995904925019678
1ATGA,16.0,15,11,0.30170196478936456,0.32797019531960203
1ATGA,16.0,15,12,0.31013105430781546,0.3910353583113226
1ATGA,16.0,15,13,0.3438071065988421,0.4516005595003555
1ATGA,16.0,15,14,0.23795174682256162,0.5533086202971166
1ATGA,16.0,15,15,0.25872844789466365,0.37751142352583106
1ATGA,16.0,15,16,0.27065454327956806,0.30619511698103813
1ATGA,16.0,15,17,0.26949901380089863,0.3866669105108119
1ATGA,16.0,15,18,0.2723735986403318,0.4212342621842033
1ATGA,16.0,15,19,0.2948341325188762,0.44988912328383945
1ATGA,16.0,16,0,0.29752408660283963,0.4678896558326802
1ATGA,16.0,16,1,0.35001904561545316,0.39335743023909986
1ATGA,16.0,16,2,0.36233425083669146,0.3533875177842978
1ATGA,16.0,16,3,0.24916746203970996,0.5721072951672849
1ATGA,16.0,16,4,0.29990224838603263,0.5764175803799133
1ATGA,16.0,16,5,0.2783413261023213,0.42874021932413964
1ATGA,16.0,16,6,0.25307974026522917,0.3674791615828533
1ATGA,16.0,16,7,0.5034579187014669,0.38190950733692475
1ATGA,16.0,16,8,0.25144153615414033,0.6139885715594132
1ATGA,16.0,16,9,0.33448110750856,0.3929450612712993
1ATGA,16.0,16,10,0.35001569696571605,0.4837230183283762
1ATGA,16.0,16,11,0.2825529706119552,0.494611859975758
1ATGA,16.0,16,12,0.19912050075251664,0.6720328630720614
1ATGA,16.0,16,13,0.34597646987999214,0.45622529627538594
1ATGA,16.0,16,14,0.30536566991652786,0.3040197492480761
1ATGA,16.0,16,15,0.26644393879066364,0.5244788048339847
1ATGA,16.0,16,16,0.3084915855107841,0.4118187320802146
1ATGA,16.0,16,17,0.3195884949107351,0.40835919028953804
1ATGA,16.0,16,18,0.33309135877686347,0.4223899378060477
1ATGA,16.0,16,19,0.29866221030740475,0.6415095834534378
1ATGA,16.0,17,0,0.24127375825401087,0.6901908237215203
1ATGA,16.0,17,1,0.3810951586511923,0.5385848160219573
1ATGA,16.0,17,2,0.3965539886491002,0.36797991844536593
1ATGA,16.0,17,3,0.2977582920733865,0.3281168646619028
1ATGA,16.0,17,4,0.30742944060608,0.29515449919691783
1ATGA,16.0,17,5,0.2869276214795502,0.33711069626919493
1ATGA,16.0,17,6,0.3412309819075333,0.25620522173392024
1ATGA,16.0,17,7,0.3386417176628477,0.5025139170546838
1ATGA,16.0,17,8,0.3481435766218775,0.34066291913853264
1ATGA,16.0,17,9,0.3582484145738993,0.33185425821407294
1ATGA,16.0,17,10,0.36300879963802063,0.41981946494964784
1ATGA,16.0,17,11,0.3070201708580087,0.32085347662635627
1ATGA,16.0,17,12,0.3143154970593985,0.3693337826460859
1ATGA,16.0,17,13,0.25717225657412063,0.3803081051727933
1ATGA,16.0,17,14,0.25018037536177307,0.33483631273764924
1ATGA,16.0,17,15,0.1935363989158056,0.4703973267401837
1ATGA,16.0,17,16,0.23975347700798558,0.6903615385742113
1ATGA,16.0,17,17,0.2536644956862426,0.42337046738882395
1ATGA,16.0,17,18,0.3038735637997079,0.25982374753154563
1ATGA,16.0,17,19,0.29372626424740944,0.584851610454604
1ATGA,16.0,18,0,0.3501478103053675,0.3427253155860117
1ATGA,16.0,18,1,0.40655311466128274,0.5752141854884888
1ATGA,16.0,18,2,0.32329557200125214,0.3372427318440491
1ATGA,16.0,18,3,0.39684842631240125,0.21209685107087076
1ATGA,16.0,18,4,0.42638957214907636,0.4192447174551368
1ATGA,16.0,18,5,0.31217289816006005,0.6643486595510136
1ATGA,16.0,18,6,0.14360816083558506,0.8630477008682734
1ATGA,16.0,18,7,0.26826815209192584,0.46159050247818734
1ATGA,16.0,18,8,0.27353073807186834,0.6559830079160561
1ATGA,16.0,18,9,0.30044589624063106,0.38122167500040033
1ATGA,16.0,18,10,0.2625226021344458,0.635991900339177
1ATGA,16.0,18,11,0.3496216909490637,0.25933598554247167
1ATGA,16.0,18,12,0.34351973454150697,0.43620342074826984
1ATGA,16.0,18,13,0.3957662771872328,0.26787731400230125
1ATGA,16.0,18,14,0.494455802890049,0.6833749879062269
1ATGA,16.0,18,15,0.28474303200121187,0.40673790050171804
1ATGA,16.0,18,16,0.3006909275807016,0.3324271434748252
1ATGA,16.0,18,17,0.3079706427214567,0.3875333144767205
1ATGA,16.0,18,18,0.3991313542887594,0.3440978997773293
1ATGA,16.0,18,19,0.3216519918873182,0.35860316137719417
1ATGA,16.0,19,0,0.25315552512848205,0.7229227932469386
1ATGA,16.0,19,1,0.42176879391350885,0.14205705300684426
1ATGA,16.0,19,2,0.3762766031749906,0.2396686569912957
1ATGA,16.0,19,3,0.2891272544032148,0.6203330873519657
1ATGA,16.0,19,4,0.31644184850216633,0.5384589936144225
1ATGA,16.0,19,5,0.35688115363256767,0.28526503208329546
1ATGA,16.0,19,6,0.20038705068568285,0.4798616683616306
1ATGA,16.0,19,7,0.4383135509057359,0.14303315709218067
1ATGA,16.0,19,8,0.2182982144927363,0.42092344142255395
1ATGA,16.0,19,9,0.31110140765362776,0.6021433806301668
1ATGA,16.0,19,10,0.3730716621944153,0.40425817497674615
1ATGA,16.0,19,11,0.2449444431386101,0.3950937993838355
1ATGA,16.0,19,12,0.36657646764364804,0.5486243321159835
1ATGA,16.0,19,13,0.2890882703808734,0.3725450194162769
1ATGA,16.0,19,14,0.15858800272236834,0.873421832893055
1ATGA,16.0,19,15,0.32743740316163955,0.41981638842155816
1ATGA,16.0,19,16,0.2831166180625421,0.47956087634136413
1ATGA,16.0,19,17,0.22984105595750445,0.6449767586689608
1ATGA,16.0,19,18,0.2653184232403435,0.42468004478503957
1ATGA,16.0,19,19,0.3204471049501992,0.46912260621014507
1ATGA,16.0,20,0,0.3962016967686725,0.39775511486657367
1ATGA,16.0,20,1,0.47916346628686024,0.24525084100226935
1ATGA,16.0,20,2,0.29654916725185443,0.36616423008124716
1ATGA,16.0,20,3,0.21394788335347106,0.748954478689462
1ATGA,16.0,20,4,0.37569432946977216,0.46956011580253054
1ATGA,16.0,20,5,0.3327362884002781,0.4354307497972102
1ATGA,16.0,20,6,0.3963589417102213,0.35692212453992683
1ATGA,16.0,20,7,0.3224109634414467,0.3314492310589542
1ATGA,16.0,20,8,0.3124815347891059,0.4714598922031883
1ATGA,16.0,20,9,0.4006290707354007,0.2640572048119531
1ATGA,16.0,20,10,0.15229737315372494,0.8579056221332012
1ATGA,16.0,20,11,0.46697980392973926,0.2503515340319801
1ATGA,16.0,20,12,0.38670025030847305,0.4645749248499184
1ATGA,16.0,20,13,0.19657830017513925,0.8084662320813667
1ATGA,16.0,20,14,0.35898152252466947,0.2672904126747837
1ATGA,16.0,20,15,0.22380010232590458,0.7518694087359817
1ATGA,16.0,20,16,0.36388282350948714,0.382907908572062
1ATGA,16.0,20,17,0.40997850424206334,0.26437401667403315
1ATGA,16.0,20,18,0.4307603197400046,0.13803441561634133
1ATGA,16.0,20,19,0.21984131422057243,0.7109342642055579
1ATGA,16.0,21,0,0.47330697362261315,0.38836268773857
1ATGA,16.0,21,1,0.36234554730061574,0.18878261037868477
1ATGA,16.0,21,2,0.3706176136775027,0.4329360497764086
1ATGA,16.0,21,3,0.4394406677533815,0.21089935822711775
1ATGA,16.0,21,4,0.3297055092404371,0.42088906036802115
1ATGA,16.0,21,5,0.4035390855716838,0.412644233588729
1ATGA,16.0,21,6,0.39181629444767463,0.32994974045435504
1ATGA,16.0,21,7,0.40100346549242677,0.17551955753156467
1ATGA,16.0,21,8,0.44839113095079913,0.30478447650868007
1ATGA,16.0,21,9,0.3746180118171959,0.36854230652212006
1ATGA,16.0,21,10,0.38072272292351644,0.3197999106807451
1ATGA,16.0,21,11,0.35522305053765646,0.3910839193151415
1ATGA,16.0,21,12,0.3018282274721667,0.32370228762893816
1ATGA,16.0,21,13,0.23492335028404998,0.6820002807334483
1ATGA,16.0,21,14,0.25392006351446417,0.4544445476251117
1ATGA,16.0,21,15,0.37459501803930395,0.49286450852931085
1ATGA,16.0,21,16,0.2914050901071994,0.45858940666096526
1ATGA,16.0,21,17,0.35045193009915104,0.3897344979910576
1ATGA,16.0,21,18,0.4021577678853765,0.24156075820226797
1ATGA,16.0,21,19,0.3466747059912857,0.40025007515151106
1ATGA,16.0,22,0,0.30728059213941594,0.43936000902932
1ATGA,16.0,22,1,0.3971663008326766,0.32450010686550496
1ATGA,16.0,22,2,0.3447489993968359,0.2968096473508605
1ATGA,16.0,22,3,0.22825271739188643,0.7035684538849993
1ATGA,16.0,22,4,0.34005623390597506,0.5880546117888996
1ATGA,16.0,22,5,0.4282047779747971,0.22209403630555696
1ATGA,16.0,22,6,0.2965457629204406,0.4870621561921844
1ATGA,16.0,22,7,0.4021544930479725,0.24490155232693336
1ATGA,16.0,22,8,0.30502702620596384,0.49218349522125737
1ATGA,16.0,22,9,0.3700603931463985,0.30772910630848893
1ATGA,16.0,22,10,0.40870391150171737,0.272094217612717
1ATGA,16.0,22,11,0.3669461205481932,0.3025185598286618
1ATGA,16.0,22,12,0.40384116479575743,0.22048962908183056
1ATGA,16.0,22,13,0.4448299772261546,0.20876532220006708
1ATGA,16.0,22,14,0.35724428108099265,0.24307254311108767
1ATGA,16.0,22,15,0.2603752502367656,0.5500058640924469
1ATGA,16.0,22,16,0.24666695682677944,0.7346440407395294
1ATGA,16.0,22,17,0.5098645238755277,0.2969246568445961
1ATGA,16.0,22,18,0.32550114296464133,0.3229841168002446
1ATGA,16.0,22,19,0.37626195287896824,0.3980725122870544
1ATGA,16.0,23,0,0.24296555192921293,0.7107704229800823
1ATGA,16.0,23,1,0.3669848017130248,0.2183179322572655
1ATGA,16.0,23,2,0.38223450705526635,0.2559624611679634
1ATGA,16.0,23,3,0.27622263689301124,0.69816855021986
1ATGA,16.0,23,4,0.3556870828458796,0.32811161985450493
1ATGA,16.0,23,5,0.3025942966781947,0.409617296893357
1ATGA,16.0,23,6,0.29410566872443267,0.380412857481509
1ATGA,16.0,23,7,0.46466408470880105,0.2751585350200789
1ATGA,16.0,23,8,0.38107898677038304,0.38937973826439504
1ATGA,16.0,23,9,0.39908930445496665,0.24350258243973097
1ATGA,16.0,23,10,0.19494883390016263,0.7919620808986007
1ATGA,16.0,23,11,0.2965591528346052,0.5433640573970531
1ATGA,16.0,23,12,0.47005253465608465,0.15098747957285244
1ATGA,16.0,23,13,0.4783659495813132,0.18429692336536058
1ATGA,16.0,23,14,0.3898598334143511,0.2688394012127754
1ATGA,16.0,23,15,0.33535043633756,0.2640335981883531
1ATGA,16.0,23,16,0.3314820267653079,0.2760910312051069
1ATGA,16.0,23,17,0.39504743583518315,0.24444005445224432
1ATGA,16.0,23,18,0.3763661476038506,0.36548972072301295
1ATGA,16.0,23,19,0.4234182844614333,0.24621342089574705
1ATGA,16.0,24,0,0.4290873614596206,0.2545539155873616
1ATGA,16.0,24,1,0.31873058921944697,0.44312542069922284
1ATGA,16.0,24,2,0.28868424124775416,0.3958680922795112
1ATGA,16.0,24,3,0.4786086723931074,0.17701854166528094
1ATGA,16.0,24,4,0.35653835360946623,0.2822551694204157
1ATGA,16.0,24,5,0.4421751502185706,0.20181589413688117
1ATGA,16.0,24,6,0.23793246794311482,0.7510731017818625
1ATGA,16.0,24,7,0.19822564246464217,0.7658819483452888
1ATGA,16.0,24,8,0.3791732729793505,0.3337041922948207
1ATGA,16.0,24,9,0.36529211547146034,0.43035626090821033
1ATGA,16.0,24,10,0.3965352683897326,0.3415668713514132
1ATGA,16.0,24,11,0.4537917665857096,0.22769768777095853
1ATGA,16.0,24,12,0.32532773027507883,0.5394689018457126
1ATGA,16.0,24,13,0.41658510181730884,0.2857568441793563
1ATGA,16.0,24,14,0.4309331080972058,0.29675115455811435
1ATGA,16.0,24,15,0.4011765677761722,0.2863522336258425
1ATGA,16.0,24,16,0.3501900808905069,0.3321283704066456
1ATGA,16.0,24,17,0.3958619580556556,0.26856036880679857
1ATGA,16.0,24,18,0.40412704063761723,0.2590527307057656
1ATGA,16.0,24,19,0.4111298269175426,0.24964115782178
1ATGA,16.0,25,0,0.4092467934508793,0.34874957899263137
1ATGA,16.0,25,1,0.3368510181578163,0.336695133220102
1ATGA,16.0,25,2,0.3742874078086961,0.21964875028860598
1ATGA,16.0,25,3,0.43275939000924674,0.21613744182433794
1ATGA,16.0,25,4,0.4241912542202078,0.21853935290636897
1ATGA,16.0,25,5,0.47783643487065736,0.1632752430223324
1ATGA,16.0,25,6,0.3735371949179645,0.21482147312246794
1ATGA,16.0,25,7,0.4099049284310998,0.2602792541810938
1ATGA,16.0,25,8,0.25695981464240025,0.6425285023074128
1ATGA,16.0,25,9,0.3189023942576506,0.24722426085144722
1ATGA,16.0,25,10,0.40862744059013134,0.34260940593507466
1ATGA,16.0,25,11,0.2479377598896374,0.7082458676621436
1ATGA,16.0,25,12,0.5093605624481697,0.15492120129988213
1ATGA,16.0,25,13,0.41661295186701824,0.2706478238917443
1ATGA,16.0,25,14,0.3801800425384773,0.33881927787619454
1ATGA,16.0,25,15,0.36857951860428007,0.27902267410440373
1ATGA,16.0,25,16,0.14718475023036198,0.8506645044818414
1ATGA,16.0,25,17,0.3562830663006769,0.2665689074696175
1ATGA,16.0,25,18,0.44867069489697836,0.22351935814261217
1ATGA,16.0,25,19,0.4032193981613956,0.22105770081571213
1ATGA,16.0,26,0,0.39344011235183246,0.2582892694628672
1ATGA,16.0,26,1,0.37963276390045636,0.2628840001286053
1ATGA,16.0,26,2,0.3486842329247063,0.38647654703343254
1ATGA,16.0,26,3,0.2365589073040482,0.6812759911101351
1ATGA,16.0,26,4,0.16524542337596224,0.8867256467860611
1ATGA,16.0,26,5,0.18555311293584964,0.8170991642416617
1ATGA,16.0,26,6,0.16693224837362086,0.8061104713312464
1ATGA,16.0,26,7,0.33658971919075253,0.2941930557637787
1ATGA,16.0,26,8,0.37628001146792694,0.28808629105444256
1ATGA,16.0,26,9,0.46387431903099535,0.13672842624510903
1ATGA,16.0,26,10,0.3603945967760591,0.5009999652130515
1ATGA,16.0,26,11,0.2235881199405974,0.7539269809951576
1ATGA,16.0,26,12,0.4295296224643387,0.17759236792411306
1ATGA,16.0,26,13,0.43349235210035186,0.33805940098373816
1ATGA,16.0,26,14,0.09508088541945542,0.9306659931937669
1ATGA,16.0,26,15,0.35923447973141115,0.21298787230245747
1ATGA,16.0,26,16,0.49727857168483514,0.19017625786881975
1ATGA,16.0,26,17,0.4221337604539103,0.41404477397831524
1ATGA,16.0,26,18,0.3283564094508724,0.30592366983291275
1ATGA,16.0,26,19,0.3842610985918627,0.18114853399145517
1ATGA,16.0,27,0,0.3924686172013542,0.2196214386219387
1ATGA,16.0,27,1,0.2983871443915655,0.5891555662162469
1ATGA,16.0,27,2,0.3652056819768097,0.35303299094400825
1ATGA,16.0,27,3,0.24232951292970262,0.684744400539344
1ATGA,16.0,27,4,0.24405537926864862,0.6329814730628598
1ATGA,16.0,27,5,0.3426033199746245,0.5472115524687845
1ATGA,16.0,27,6,0.3424109710189275,0.4380919386244535
1ATGA,16.0,27,7,0.17670123698655646,0.7967731223703467
1ATGA,16.0,27,8,0.2616455041984641,0.6040030237664773
1ATGA,16.0,27,9,0.40040839389224786,0.20026172594476593
1ATGA,16.0,27,10,0.1869649973729767,0.801725522091082
1ATGA,16.0,27,11,0.3013925757893584,0.5419962115036647
1ATGA,16.0,27,12,0.35295043290093464,0.318621162450562
1ATGA,16.0,27,13,0.3652974105351002,0.27978458291322256
1ATGA,16.0,27,14,0.4592514605225673,0.2883855726883707
1ATGA,16.0,27,15,0.4590355502330435,0.15795649399583192
1ATGA,16.0,27,16,0.43627162213362375,0.1977081249510219
1ATGA,16.0,27,17,0.4356427678897413,0.3049759728514706
1ATGA,16.0,27,18,0.31061197412839536,0.45806422255389523
1ATGA,16.0,27,19,0.4047150042583549,0.28519934417414583
1ATGA,16.0,28,0,0.4386663144102493,0.3371948391421379
1ATGA,16.0,28,1,0.30622638847860756,0.5115212665558424
1ATGA,16.0,28,2,0.18895721258964818,0.762659090373762
1ATGA,16.0,28,3,0.4210843862751819,0.23350107378210783
1ATGA,16.0,28,4,0.28677216534479305,0.6009876920804146
1ATGA,16.0,28,5,0.30697758718168927,0.4185454758627998
1ATGA,16.0,28,6,0.414485542972556,0.3014959493476621
1ATGA,16.0,28,7,0.39846035605407304,0.26122115412602664
1ATGA,16.0,28,8,0.3671766110896822,0.37958646792995804
1ATGA,16.0,28,9,0.4181347405387545,0.22300374886625746
1ATGA,16.0,28,10,0.17348217128619878,0.8474268390188012
1ATGA,16.0,28,11,0.22219710066157322,0.6599513799248385
1ATGA,16.0,28,12,0.3476838234551567,0.5225186786258108
1ATGA,16.0,28,13,0.5879013431939942,0.06205620637007282
1ATGA,16.0,28,14,0.42149729571152894,0.206766384106404
1ATGA,16.0,28,15,0.33680055674862963,0.31281772150041276
1ATGA,16.0,28,16,0.33129965274887335,0.5549327968385829
1ATGA,16.0,28,17,0.3242432848399279,0.33687659200289455
1ATGA,16.0,28,18,0.04363116521326229,0.9832202553990571
1ATGA,16.0,28,19,0.4360352693936806,0.1650136399008915
1ATGA,16.0,29,0,0.4272496545403319,0.22760061087531525
1ATGA,16.0,29,1,0.555718307838819,0.127472728748517
1ATGA,16.0,29,2,0.2813308528166555,0.5315711011827924
1ATGA,16.0,29,3,0.31570142452823285,0.6468900072786563
1ATGA,16.0,29,4,0.18696743047331002,0.8161155715640586
1ATGA,16.0,29,5,0.3393823800385977,0.6209357998108826
1ATGA,16.0,29,6,0.44745116527011775,0.25931037955476255
1ATGA,16.0,29,7,0.3465028025725256,0.6126606829972844
1ATGA,16.0,29,8,0.5748606749128458,0.12299879673704289
1ATGA,16.0,29,9,0.19287871608777424,0.7934547598703162
1ATGA,16.0,29,10,0.24670285751359147,0.75235802000843
1ATGA,16.0,29,11,0.26405684420319214,0.6937732434145133
1ATGA,16.0,29,12,0.4907049245159198,0.214124030860592
1ATGA,16.0,29,13,0.42740875468804485,0.23893474332172415
1ATGA,16.0,29,14,0.26891092693728885,0.42067675804323357
1ATGA,16.0,29,15,0.28860044697549675,0.4154520941131309
1ATGA,16.0,29,16,0.40035276700757494,0.337229442093977
1ATGA,16.0,29,17,0.28272865090221205,0.6137205354572925
1ATGA,16.0,29,18,0.6280370317430116,0.12662107341242246
1ATGA,16.0,29,19,0.21517090582792603,0.774681346522191
1ATGA,16.0,30,0,0.5831307592931004,0.1803990662938477
1ATGA,16.0,30,1,0.4315136002140439,0.18918586412295746
1ATGA,16.0,30,2,0.30730551183617033,0.6047272910229348
1ATGA,16.0,30,3,0.32865015225032923,0.5052294772203956
1ATGA,16.0,30,4,0.21617309196190118,0.5492922012633775
1ATGA,16.0,30,5,0.279639552247875,0.4924667498337792
1ATGA,16.0,30,6,0.2448945712468331,0.6589452421714379
1ATGA,16.0,30,7,0.31792992865783626,0.5766020279200381
1ATGA,16.0,30,8,0.38080930470658947,0.2895986757936147
1ATGA,16.0,30,9,0.5091687237856556,0.14364245276701354
1ATGA,16.0,30,10,0.3339214843425922,0.5777489690425505
1ATGA,16.0,30,11,0.29955563386370976,0.5760233149766528
1ATGA,16.0,30,12,0.2581108611584341,0.7168675336386204
1ATGA,16.0,30,13,0.5529270910274202,0.1875527006676227
1ATGA,16.0,30,14,0.10519492856042875,0.9490161154140597
1ATGA,16.0,30,15,0.0895374478571493,0.9590903854005277
1ATGA,16.0,30,16,0.4134483322572354,0.2835951531390516
1ATGA,16.0,30,17,0.16419063233951184,0.8700817124886762
1ATGA,16.0,30,18,0.23150217207845572,0.5052295894850338
1ATGA,16.0,30,19,0.2601882220476895,0.7254491952478924
1ATGA,16.0,31,0,0.524988251141956,0.2518033081624624
1ATGA,16.0,31,1,0.42607644603704775,0.4057804436124422
1ATGA,16.0,31,2,0.4363964525521255,0.38826050076790497
1ATGA,16.0,31,3,0.02689986689343804,0.9922256227926498
1ATGA,16.0,31,4,0.45190499283127333,0.25333873473249335
1ATGA,16.0,31,5,0.15559645084838417,0.9267481123954291
1ATGA,16.0,31,6,0.32491894756948003,0.6626617898448767
1ATGA,16.0,31,7,0.24273172715688668,0.5078835131415224
1ATGA,16.0,31,8,0.4389759941751025,0.6502615662919733
1ATGA,16.0,31,9,0.3171042035582098,0.7105575973762462
1ATGA,16.0,31,10,0.27715942539590344,0.5397756167695787
1ATGA,16.0,31,11,0.09679430136305628,0.7925570139722086
1ATGA,16.0,31,12,0.357873358873823,0.43279371862321303
1ATGA,16.0,31,13,0.02943029372878345,0.9906799088985505
1ATGA,16.0,31,14,0.24994169871689967,0.8306434853191721
1ATGA,16.0,31,15,0.2883101529078851,0.805121212755295
1ATGA,16.0,31,16,0.29803181984135185,0.7045824333584053
1ATGA,16.0,31,17,0.4858115870016621,0.14270171144737823
1ATGA,16.0,31,18,0.4864557617536799,0.5704785412815639
1ATGA,16.0,31,19,0.41451256682303156,0.21797936065828225
1ATGA,16.0,32,0,0.36036196440854246,0.28187886916880484
1ATGA,16.0,32,1,0.20896992466334532,0.7397384377228011
1ATGA,16.0,32,2,0.24561550410877026,0.35953020965903404
1ATGA,16.0,32,3,0.3598497352730347,0.6341199872829075
1ATGA,16.0,32,4,0.43809676650297696,0.45802644504806317
1ATGA,16.0,32,5,0.09113231201525673,0.8033267950623303
1ATGA,16.0,32,6,0.37358835648183303,0.4154168101760664
1ATGA,16.0,32,7,0.37578036857414115,0.6051458685904512
1ATGA,16.0,32,8,0.1527036658408273,0.6187367554277285
1ATGA,16.0,32,9,0.22375134500699936,0.7917849622644021
1ATGA,16.0,32,10,0.33920725531292406,0.5793401990653133
1ATGA,16.0,32,11,0.3406751353856228,0.3070346798519407
1ATGA,16.0,32,12,0.32720863087893676,0.5219351590538754
1ATGA,16.0,32,13,0.6254917735127096,0.14327687084391236
1ATGA,16.0,32,14,0.43393261273868283,0.4496719505273975
1ATGA,16.0,32,15,0.2914756395474111,0.7346176166698314
1ATGA,16.0,32,16,0.132297291267537,0.7631692612609456
1ATGA,16.0,32,17,0.23399450907257863,0.5302030945834234
1ATGA,16.0,32,18,0.5233019268623876,0.27766809376026763
1ATGA,16.0,32,19,0.6021056347527183,0.13022792740830982
1ATGA,32.0,0,0,0.0,1.0
1ATGA,32.0,0,1,0.0,1.0000000000000002
1ATGA,32.0,0,2,0.0,0.9999999999999998
1ATGA,32.0,0,3,0.0,1.0
1ATGA,32.0,0,4,0.0,0.9999999999999998
1ATGA,32.0,0,5,0.0,0.9999999999999999
1ATGA,32.0,0,6,0.0,1.0
1ATGA,32.0,0,7,0.0,1.0
1ATGA,32.0,0,8,0.0,0.9999999999999999
1ATGA,32.0,0,9,0.0,0.9999999999999999
1ATGA,32.0,0,10,0.0,0.9999999999999998
1ATGA,32.0,0,11,0.0,0.9999999999999999
1ATGA,32.0,0,12,0.0,0.9999999999999999
1ATGA,32.0,0,13,0.0,1.0000000000000002
1ATGA,32.0,0,14,0.0,0.9999999999999999
1ATGA,32.0,0,15,0.0,1.0
1ATGA,32.0,0,16,0.0,1.0000000000000002
1ATGA,32.0,0,17,0.0,1.0000000000000002
1ATGA,32.0,0,18,0.0,1.0000000000000002
1ATGA,32.0,0,19,0.0,0.9999999999999998
1ATGA,32.0,1,0,0.0,0.9999999999999998
1ATGA,32.0,1,1,0.0,1.0
1ATGA,32.0,1,2,0.0,1.0
1ATGA,32.0,1,3,0.0,1.0
1ATGA,32.0,1,4,0.0,1.0000000000000002
1ATGA,32.0,1,5,0.0,0.9999999999999999
1ATGA,32.0,1,6,0.0,1.0
1ATGA,32.0,1,7,0.0,0.9999999999999999
1ATGA,32.0,1,8,0.0,1.0000000000000002
1ATGA,32.0,1,9,0.0,1.0
1ATGA,32.0,1,10,0.0,1.0000000000000002
1ATGA,32.0,1,11,0.0,0.9999999999999999
1ATGA,32.0,1,12,0.0,1.0
1ATGA,32.0,1,13,0.0,1.0
1ATGA,32.0,1,14,0.0,0.9999999999999998
1ATGA,32.0,1,15,0.0,0.9999999999999999
1ATGA,32.0,1,16,0.0,0.9999999999999998
1ATGA,32.0,1,17,0.0,1.0
1ATGA,32.0,1,18,0.0,0.9999999999999999
1ATGA,32.0,1,19,0.0,0.9999999999999999
1ATGA,32.0,2,0,0.0,0.9999999999999999
1ATGA,32.0,2,1,0.0,1.0
1ATGA,32.0,2,2,0.0,0.9999999999999999
1ATGA,32.0,2,3,0.0,1.0000000000000002
1ATGA,32.0,2,4,0.0,1.0
1ATGA,32.0,2,5,0.0,1.0000000000000002
1ATGA,32.0,2,6,0.0,1.0
1ATGA,32.0,2,7,0.0,1.0
1ATGA,32.0,2,8,0.0,0.9999999999999999
1ATGA,32.0,2,9,0.0,1.0
1ATGA,32.0,2,10,0.0,1.0
1ATGA,32.0,2,11,0.0,1.0000000000000002
1ATGA,32.0,2,12,0.0,1.0
1ATGA,32.0,2,13,0.0,1.0
1ATGA,32.0,2,14,0.0,1.0
1ATGA,32.0,2,15,0.0,1.0
1ATGA,32.0,2,16,0.0,0.9999999999999998
1ATGA,32.0,2,17,0.0,1.0000000000000002
1ATGA,32.0,2,18,0.0,1.0000000000000002
1ATGA,32.0,2,19,0.0,1.0
1ATGA,32.0,3,0,0.0,1.0000000000000002
1ATGA,32.0,3,1,0.0,0.9999999999999999
1ATGA,32.0,3,2,0.0,1.0000000000000002
1ATGA,32.0,3,3,0.0,1.0
1ATGA,32.0,3,4,0.0,1.0000000000000002
1ATGA,32.0,3,5,0.0,0.9999999999999999
1ATGA,32.0,3,6,0.0,0.9999999999999998
1ATGA,32.0,3,7,0.0,1.0000000000000002
1ATGA,32.0,3,8,0.0,1.0
1ATGA,32.0,3,9,0.0,1.0000000000000002
1ATGA,32.0,3,10,0.0,1.0
1ATGA,32.0,3,11,0.0,1.0
1ATGA,32.0,3,12,0.0,1.0000000000000002
1ATGA,32.0,3,13,0.0,0.9999999999999998
1ATGA,32.0,3,14,0.0,1.0
1ATGA,32.0,3,15,0.0,0.9999999999999999
1ATGA,32.0,3,16,0.0,1.0
1ATGA,32.0,3,17,0.0,1.0000000000000002
1ATGA,32.0,3,18,0.0,1.0
1ATGA,32.0,3,19,0.0,1.0000000000000002
1ATGA,32.0,4,0,0.0,1.0
1ATGA,32.0,4,1,0.0,1.0000000000000002
1ATGA,32.0,4,2,0.0,1.0
1ATGA,32.0,4,3,0.0,1.0000000000000002
1ATGA,32.0,4,4,0.0,1.0
1ATGA,32.0,4,5,0.0,1.0
1ATGA,32.0,4,6,0.0,1.0
1ATGA,32.0,4,7,0.0,1.0000000000000002
1ATGA,32.0,4,8,0.0,0.9999999999999999
1ATGA,32.0,4,9,0.0,1.0
1ATGA,32.0,4,10,0.0,1.0
1ATGA,32.0,4,11,0.0,1.0
1ATGA,32.0,4,12,0.0,0.9999999999999998
1ATGA,32.0,4,13,0.0,1.0
1ATGA,32.0,4,14,0.0,1.0000000000000002
1ATGA,32.0,4,15,0.0,1.0
1ATGA,32.0,4,16,0.0,0.9999999999999998
1ATGA,32.0,4,17,0.0,0.9999999999999998
1ATGA,32.0,4,18,0.0,1.0
1ATGA,32.0,4,19,0.0,1.0
1ATGA,32.0,5,0,0.0,1.0000000000000002
1ATGA,32.0,5,1,0.0,1.0000000000000002
1ATGA,32.0,5,2,0.0,1.0
1ATGA,32.0,5,3,0.0,1.0
1ATGA,32.0,5,4,0.0,1.0
1ATGA,32.0,5,5,0.0,1.0
1ATGA,32.0,5,6,0.0,1.0000000000000002
1ATGA,32.0,5,7,0.0,0.9999999999999999
1ATGA,32.0,5,8,0.0,1.0
1ATGA,32.0,5,9,0.0,0.9999999999999998
1ATGA,32.0,5,10,0.0,1.0000000000000002
1ATGA,32.0,5,11,0.0,0.9999999999999998
1ATGA,32.0,5,12,0.0,1.0
1ATGA,32.0,5,13,0.0,0.9999999999999999
1ATGA,32.0,5,14,0.0,1.0
1ATGA,32.0,5,15,0.0,1.0
1ATGA,32.0,5,16,0.0,1.0
1ATGA,32.0,5,17,0.0,0.9999999999999999
1ATGA,32.0,5,18,0.0,1.0
1ATGA,32.0,5,19,0.0,0.9999999999999998
1ATGA,32.0,6,0,0.0,1.0000000000000002
1ATGA,32.0,6,1,0.0,1.0
1ATGA,32.0,6,2,0.0,1.0
1ATGA,32.0,6,3,0.0,1.0
1ATGA,32.0,6,4,0.0,1.0000000000000002
1ATGA,32.0,6,5,0.0,0.9999999999999999
1ATGA,32.0,6,6,0.0,0.9999999999999998
1ATGA,32.0,6,7,0.0,0.9999999999999999
1ATGA,32.0,6,8,0.0,1.0
1ATGA,32.0,6,9,0.0,1.0
1ATGA,32.0,6,10,0.0,1.0000000000000002
1ATGA,32.0,6,11,0.0,1.0
1ATGA,32.0,6,12,0.0,1.0000000000000002
1ATGA,32.0,6,13,0.0,1.0
1ATGA,32.0,6,14,0.0,1.0
1ATGA,32.0,6,15,0.0,1.0000000000000002
1ATGA,32.0,6,16,0.0,1.0000000000000002
1ATGA,32.0,6,17,0.0,1.0
1ATGA,32.0,6,18,0.0,1.0000000000000002
1ATGA,32.0,6,19,0.0,1.0
1ATGA,32.0,7,0,0.0,1.0000000000000002
1ATGA,32.0,7,1,0.0,1.0000000000000002
1ATGA,32.0,7,2,0.0,1.0
1ATGA,32.0,7,3,0.0,0.9999999999999999
1ATGA,32.0,7,4,0.0,1.0
1ATGA,32.0,7,5,0.0,1.0
1ATGA,32.0,7,6,0.0,1.0000000000000002
1ATGA,32.0,7,7,0.0,0.9999999999999999
1ATGA,32.0,7,8,0.0,1.0000000000000002
1ATGA,32.0,7,9,0.0,1.0
1ATGA,32.0,7,10,0.0,0.9999999999999998
1ATGA,32.0,7,11,0.0,1.0000000000000002
1ATGA,32.0,7,12,0.0,1.0000000000000002
1ATGA,32.0,7,13,0.0,0.9999999999999999
1ATGA,32.0,7,14,0.0,1.0000000000000002
1ATGA,32.0,7,15,0.0,1.0000000000000002
1ATGA,32.0,7,16,0.0,0.9999999999999998
1ATGA,32.0,7,17,0.0,1.0
1ATGA,32.0,7,18,0.0,1.0
1ATGA,32.0,7,19,0.0,0.9999999999999999
1ATGA,32.0,8,0,0.0,1.0
1ATGA,32.0,8,1,0.0,0.9999999999999999
1ATGA,32.0,8,2,0.0,0.9999999999999998
1ATGA,32.0,8,3,0.0,1.0000000000000002
1ATGA,32.0,8,4,0.0,1.0
1ATGA,32.0,8,5,0.0,1.0
1ATGA,32.0,8,6,0.0,0.9999999999999999
1ATGA,32.0,8,7,0.0,1.0
1ATGA,32.0,8,8,0.0,1.0000000000000002
1ATGA,32.0,8,9,0.0,0.9999999999999999
1ATGA,32.0,8,10,0.0,0.9999999999999998
1ATGA,32.0,8,11,0.0,1.0
1ATGA,32.0,8,12,0.0,1.0
1ATGA,32.0,8,13,0.0,0.9999999999999999
1ATGA,32.0,8,14,0.0,1.0
1ATGA,32.0,8,15,0.0,1.0000000000000002
1ATGA,32.0,8,16,0.0,1.0000000000000002
1ATGA,32.0,8,17,0.0,1.0
1ATGA,32.0,8,18,0.0,1.0
1ATGA,32.0,8,19,0.0,1.0000000000000002
1ATGA,32.0,9,0,0.0,1.0
1ATGA,32.0,9,1,0.0,0.9999999999999998
1ATGA,32.0,9,2,0.0,1.0
1ATGA,32.0,9,3,0.0,1.0
1ATGA,32.0,9,4,0.0,1.0000000000000002
1ATGA,32.0,9,5,0.0,0.9999999999999999
1ATGA,32.0,9,6,0.0,1.0
1ATGA,32.0,9,7,0.0,1.0
1ATGA,32.0,9,8,0.0,0.9999999999999998
1ATGA,32.0,9,9,0.0,1.0
1ATGA,32.0,9,10,0.0,1.0
1ATGA,32.0,9,11,0.0,1.0
1ATGA,32.0,9,12,0.0,1.0
1ATGA,32.0,9,13,0.0,1.0
1ATGA,32.0,9,14,0.0,1.0000000000000002
1ATGA,32.0,9,15,0.0,1.0000000000000002
1ATGA,32.0,9,16,0.0,1.0
1ATGA,32.0,9,17,0.0,1.0
1ATGA,32.0,9,18,0.0,1.0
1ATGA,32.0,9,19,0.0,1.0
1ATGA,32.0,10,0,0.7483029628553065,0.05168456556031004
1ATGA,32.0,10,1,0.05487529404123849,0.6009978697266474
1ATGA,32.0,10,2,0.11844046193051541,0.2608533890650178
1ATGA,32.0,10,3,0.35315121795985577,0.5147605820780213
1ATGA,32.0,10,4,0.13359925379516183,0.40103681678553055
1ATGA,32.0,10,5,0.5227710834347971,0.37470469688085506
1ATGA,32.0,10,6,0.5554351786045474,0.07391056641398881
1ATGA,32.0,10,7,0.026150443974779978,0.6063825238868058
1ATGA,32.0,10,8,0.6035200310914943,0.1153716349082319
1ATGA,32.0,10,9,0.6098613061432068,0.08928002082631033
1ATGA,32.0,10,10,0.18192171677810023,0.27219071341514256
1ATGA,32.0,10,11,0.1212768925597296,0.4576600958448456
1ATGA,32.0,10,12,0.2917024686279277,0.25595336702910465
1ATGA,32.0,10,13,0.20493120201938017,0.11764218972148402
1ATGA,32.0,10,14,0.1648668725595726,0.280691301424892
1ATGA,32.0,10,15,0.12686423743539446,0.5552437554815569
1ATGA,32.0,10,16,0.17291772991712662,0.3130768547757383
1ATGA,32.0,10,17,0.1582981069868611,0.7646948541109109
1ATGA,32.0,10,18,0.03847317516712231,0.5819941404907631
1ATGA,32.0,10,19,0.7169258243815569,0.12070227243227899
1ATGA,32.0,11,0,0.7873273520220702,0.14210174470662665
1ATGA,32.0,11,1,0.5537797765486209,0.19106417885560673
1ATGA,32.0,11,2,0.335505792932184,0.5650841133795628
1ATGA,32.0,11,3,0.5191718978288516,0.2462163608748237
1ATGA,32.0,11,4,0.6852767507432084,0.14716095601848667
1ATGA,32.0,11,5,0.5879846951007349,0.26292459723464245
1ATGA,32.0,11,6,0.349088499753537,0.23872483577835435
1ATGA,32.0,11,7,0.42232400137527143,0.3070554697596038
1ATGA,32.0,11,8,0.30498865419831284,0.2581194720801935
1ATGA,32.0,11,9,0.7503972305526645,0.11970469351543601
1ATGA,32.0,11,10,0.5663512015056577,0.2068238726783755
1ATGA,32.0,11,11,0.5660473672842904,0.3679255908337778
1ATGA,32.0,11,12,0.6450070515235076,0.10562359101642345
1ATGA,32.0,11,13,0.6905108228858894,0.16101087568961217
1ATGA,32.0,11,14,0.4784286319969619,0.28877472082205846
1ATGA,32.0,11,15,0.3658501924654003,0.2682928678708522
1ATGA,32.0,11,16,0.586528790054472,0.4041958852748756
1ATGA,32.0,11,17,0.4047376773705385,0.18206406277821097
1ATGA,32.0,11,18,0.6897759299338231,0.11513820180991834
1ATGA,32.0,11,19,0.35775990292466053,0.29233744670038536
1ATGA,32.0,12,0,0.1575900366630478,0.880042467583649
1ATGA,32.0,12,1,0.4623840540869104,0.36949940359240047
1ATGA,32.0,12,2,0.5415291258120282,0.11773197528860847
1ATGA,32.0,12,3,0.3514999375905296,0.5998833423080081
1ATGA,32.0,12,4,0.2718008051194456,0.2922256826284456
1ATGA,32.0,12,5,0.18857034809968,0.8618869832552511
1ATGA,32.0,12,6,0.6863373213015248,0.5421636431014452
1ATGA,32.0,12,7,0.3885835615284021,0.24673046599426002
1ATGA,32.0,12,8,0.41333823729189434,0.2989212305902257
1ATGA,32.0,12,9,0.4658167939479835,0.4641779315416509
1ATGA,32.0,12,10,0.5214252630456948,0.39032728165121516
1ATGA,32.0,12,11,0.34693553512673214,0.6038418607724994
1ATGA,32.0,12,12,0.19520207701823125,0.8449462595959961
1ATGA,32.0,12,13,0.4401760009747908,0.31951841360088784
1ATGA,32.0,12,14,0.37210576382954863,0.41178598511261416
1ATGA,32.0,12,15,0.5949528776997123,0.27097182178436674
1ATGA,32.0,12,16,0.1972691715900174,0.37039678253773367
1ATGA,32.0,12,17,0.47292518097263286,0.5200979694233095
1ATGA,32.0,12,18,0.3080914278074225,0.6804890574245407
1ATGA,32.0,12,19,0.4839216212072392,0.22469922997743355
1ATGA,32.0,13,0,0.2810617201228537,0.7005134163595294
1ATGA,32.0,13,1,0.32189585685702027,0.2885549263515427
1ATGA,32.0,13,2,0.38992533555709374,0.48928136097152036
1ATGA,32.0,13,3,0.48100177792476373,0.3356355993219988
1ATGA,32.0,13,4,0.3622777711353093,0.5297838223548448
1ATGA,32.0,13,5,0.18517451893262704,0.8596277251785448
1ATGA,32.0,13,6,0.2693436504072741,0.4661465608831476
1ATGA,32.0,13,7,0.41085373574982764,0.13088111205598466
1ATGA,32.0,13,8,0.39373480067325706,0.3216201558295212
1ATGA,32.0,13,9,0.22269906337790127,0.8064624237464681
1ATGA,32.0,13,10,0.30079044132368826,0.2735429215163965
1ATGA,32.0,13,11,0.10615902761742207,0.9565885364879155
1ATGA,32.0,13,12,0.25711121421631183,0.6553713103973371
1ATGA,32.0,13,13,0.3440041496841099,0.24610954098811427
1ATGA,32.0,13,14,0.3867891745774416,0.43670001120339724
1ATGA,32.0,13,15,0.40077711577001757,0.4232976101448742
1ATGA,32.0,13,16,0.38623726478934806,0.3538845410913132
1ATGA,32.0,13,17,0.32960740152664775,0.34902587535790636
1ATGA,32.0,13,18,0.3418536399790003,0.5325604875202605
1ATGA,32.0,13,19,0.3727233354870215,0.34753879220335415
1ATGA,32.0,14,0,0.411084647527968,0.3011897623500421
1ATGA,32.0,14,1,0.3561127288876312,0.26952863269927335
1ATGA,32.0,14,2,0.401254824748919,0.4451387057886996
1ATGA,32.0,14,3,0.44993783947599475,0.18424999738291312
1ATGA,32.0,14,4,0.22255578304485926,0.486846433253768
1ATGA,32.0,14,5,0.156772417043988,0.8737489677693134
1ATGA,32.0,14,6,0.1865212736916039,0.8614393994166194
1ATGA,32.0,14,7,0.32050686119796956,0.29324781862776955
1ATGA,32.0,14,8,0.35534002974338513,0.383584835046634
1ATGA,32.0,14,9,0.41059208650531875,0.19402303702339516
1ATGA,32.0,14,10,0.288549352454717,0.42878187238684773
1ATGA,32.0,14,11,0.2880018702920502,0.27090286254195517
1ATGA,32.0,14,12,0.4268688389412919,0.3986967515039897
1ATGA,32.0,14,13,0.32769267798633256,0.48138263631504075
1ATGA,32.0,14,14,0.22743877321850411,0.7641949211685799
1ATGA,32.0,14,15,0.20711130712493508,0.787137324908786
1ATGA,32.0,14,16,0.4075407591273954,0.3838810822211995
1ATGA,32.0,14,17,0.36856890582591795,0.23261456230029706
1ATGA,32.0,14,18,0.1971784096542803,0.6336520774986067
1ATGA,32.0,14,19,0.26553416036911903,0.5540941846903567
1ATGA,32.0,15,0,0.7293148438796145,0.15309264759813848
1ATGA,32.0,15,1,0.4196072228645013,0.403728713802883
1ATGA,32.0,15,2,0.33524489981103817,0.3062628451481166
1ATGA,32.0,15,3,0.29232843366262484,0.441513015246382
1ATGA,32.0,15,4,0.2755368621498469,0.3814017951290079
1ATGA,32.0,15,5,0.29385295385547716,0.4250447849290524
1ATGA,32.0,15,6,0.4162108921881156,0.38290120165673475
1ATGA,32.0,15,7,0.4048316322637408,0.2572716936077763
1ATGA,32.0,15,8,0.3415561316541998,0.19997600812678554
1ATGA,32.0,15,9,0.2001182352375022,0.8548690842046166
1ATGA,32.0,15,10,0.2269034382920491,0.7189524890577323
1ATGA,32.0,15,11,0.46144759323729695,0.30893087897846083
1ATGA,32.0,15,12,0.3333222690475062,0.347692667808826
1ATGA,32.0,15,13,0.45511772042847914,0.2944921774961729
1ATGA,32.0,15,14,0.3194110359027507,0.4612449552002441
1ATGA,32.0,15,15,0.2770781393135808,0.40440740113045315
1ATGA,32.0,15,16,0.3869830446159009,0.18375321491360871
1ATGA,32.0,15,17,0.3326723266000389,0.3171895260151976
1ATGA,32.0,15,18,0.3476865662474595,0.3349287575685492
1ATGA,32.0,15,19,0.30291340406107287,0.37452474258927165
1ATGA,32.0,16,0,0.3231684912831068,0.45247501304937526
1ATGA,32.0,16,1,0.4265522057795696,0.19991201811668174
1ATGA,32.0,16,2,0.38588270713141665,0.2795348920226065
1ATGA,32.0,16,3,0.33654288592623666,0.4565231284987597
1ATGA,32.0,16,4,0.38586348445920354,0.5087797585115199
1ATGA,32.0,16,5,0.25398460033599113,0.42833345547621104
1ATGA,32.0,16,6,0.4206181806744776,0.2423930541120656
1ATGA,32.0,16,7,0.4395536744143799,0.6187444365430204
1ATGA,32.0,16,8,0.34387897054101363,0.4004021728860952
1ATGA,32.0,16,9,0.3880531451818614,0.31169897435252625
1ATGA,32.0,16,10,0.3734425314221472,0.38223003087414686
1ATGA,32.0,16,11,0.24332263932199608,0.457530234458971
1ATGA,32.0,16,12,0.24827098284137256,0.6059919848980635
1ATGA,32.0,16,13,0.36853575578160624,0.27842914660724416
1ATGA,32.0,16,14,0.38926818761065785,0.2511754235730445
1ATGA,32.0,16,15,0.3109720297791675,0.46819606036371364
1ATGA,32.0,16,16,0.4317664467319497,0.18237186041857376
1ATGA,32.0,16,17,0.3620255140853499,0.298313546315419
1ATGA,32.0,16,18,0.3580892454827649,0.45790108505639737
1ATGA,32.0,16,19,0.3155780633403332,0.272795426436767
1ATGA,32.0,17,0,0.3169944417602781,0.5989311912845715
1ATGA,32.0,17,1,0.3967103255597336,0.45235592542198905
1ATGA,32.0,17,2,0.35419447763662176,0.34906738901652395
1ATGA,32.0,17,3,0.3683328243271781,0.16646718689595313
1ATGA,32.0,17,4,0.38203404334785734,0.19287368369808822
1ATGA,32.0,17,5,0.44593687601807785,0.15454679477716535
1ATGA,32.0,17,6,0.44442840463406763,0.14427623796202474
1ATGA,32.0,17,7,0.3882210306362607,0.31957725469107257
1ATGA,32.0,17,8,0.42501924392528695,0.2680386320876875
1ATGA,32.0,17,9,0.38313627958968394,0.2583455178913341
1ATGA,32.0,17,10,0.38499971231303026,0.38808046488572645
1ATGA,32.0,17,11,0.27951607331491063,0.30932930945453996
1ATGA,32.0,17,12,0.3295701963151482,0.3435784963998778
1ATGA,32.0,17,13,0.3008274132022418,0.3082499345462171
1ATGA,32.0,17,14,0.3096569104493482,0.17484058266581218
1ATGA,32.0,17,15,0.323751105935839,0.29291172170078617
1ATGA,32.0,17,16,0.3666215902554109,0.46813202611048205
1ATGA,32.0,17,17,0.3307116692009114,0.2790303472064777
1ATGA,32.0,17,18,0.4153348730139727,0.15844279541579798
1ATGA,32.0,17,19,0.31981251891175955,0.5349251168364793
1ATGA,32.0,18,0,0.41509963680147044,0.2122985662056848
1ATGA,32.0,18,1,0.4388797033017575,0.26596313913722835
1ATGA,32.0,18,2,0.33584704239676744,0.28828710468845953
1ATGA,32.0,18,3,0.4512916060928473,0.14140702467105698
1ATGA,32.0,18,4,0.45056930527043737,0.2771417572511295
1ATGA,32.0,18,5,0.4030559463407406,0.5347787898368123
1ATGA,32.0,18,6,0.20333020100500196,0.817062063703633
1ATGA,32.0,18,7,0.2973658322237012,0.36010556259176923
1ATGA,32.0,18,8,0.353364975891545,0.5167825636013084
1ATGA,32.0,18,9,0.3200829433334927,0.3963992954770325
1ATGA,32.0,18,10,0.28402036677125175,0.49187889487095776
1ATGA,32.0,18,11,0.39063388806064675,0.22585849805342695
1ATGA,32.0,18,12,0.3693024936963345,0.3494361836025518
1ATGA,32.0,18,13,0.3590599632143403,0.2525521107851961
1ATGA,32.0,18,14,0.8478226173159519,0.4757382602908978
1ATGA,32.0,18,15,0.3536522345566666,0.32401480482837514
1ATGA,32.0,18,16,0.3461802098071312,0.27163829025894387
1ATGA,32.0,18,17,0.3497864083460468,0.3190575976245568
1ATGA,32.0,18,18,0.3916541303666782,0.3876860210175715
1ATGA,32.0,18,19,0.33843875981765426,0.30431971931915375
1ATGA,32.0,19,0,0.29244757819940687,0.6596020325753917
1ATGA,32.0,19,1,0.4052295345521158,0.25056594697570655
1ATGA,32.0,19,2,0.40001209033492724,0.25992796082672787
1ATGA,32.0,19,3,0.31510991913520164,0.5660421557337486
1ATGA,32.0,19,4,0.3809463353920319,0.45823041412184345
1ATGA,32.0,19,5,0.37914456917493666,0.23711772923894833
1ATGA,32.0,19,6,0.30501942499760737,0.33136108561011135
1ATGA,32.0,19,7,0.4854960218441261,0.12655101009363093
1ATGA,32.0,19,8,0.36100962610012705,0.3024771445665881
1ATGA,32.0,19,9,0.335732621339647,0.47561320830865017
1ATGA,32.0,19,10,0.3842745426007732,0.24537401821543212
1ATGA,32.0,19,11,0.29032402666750173,0.393590497485225
1ATGA,32.0,19,12,0.38126146334498606,0.5224417875198728
1ATGA,32.0,19,13,0.28341467495688005,0.43103825183153843
1ATGA,32.0,19,14,0.19714414073217934,0.8267972047329604
1ATGA,32.0,19,15,0.3420158024118145,0.3861133354156058
1ATGA,32.0,19,16,0.26140155134375004,0.42365097193200346
1ATGA,32.0,19,17,0.239386827885448,0.6422509313506757
1ATGA,32.0,19,18,0.3421864523564989,0.4009115140810066
1ATGA,32.0,19,19,0.31659253138649435,0.3790172489584113
1ATGA,32.0,20,0,0.42410581511788475,0.32182252986830245
1ATGA,32.0,20,1,0.46615872854358953,0.2388589977395373
1ATGA,32.0,20,2,0.34411268180219007,0.34866425594286754
1ATGA,32.0,20,3,0.2870999243212302,0.634190005636332
1ATGA,32.0,20,4,0.3869226890571492,0.45506765292684714
1ATGA,32.0,20,5,0.3632112447034371,0.4207029658678951
1ATGA,32.0,20,6,0.4042692903444964,0.32886443042422586
1ATGA,32.0,20,7,0.3838288649906426,0.34244074758492943
1ATGA,32.0,20,8,0.4571572633278096,0.1271578422327934
1ATGA,32.0,20,9,0.48366775545758095,0.238526623018805
1ATGA,32.0,20,10,0.17478885541803577,0.8394165988197907
1ATGA,32.0,20,11,0.4707304493917244,0.1980726977589047
1ATGA,32.0,20,12,0.386590686084273,0.42504610698127604
1ATGA,32.0,20,13,0.23348541846397688,0.7577708309850616
1ATGA,32.0,20,14,0.37788850357097126,0.24931213623400575
1ATGA,32.0,20,15,0.2630779378821445,0.6897816498406274
1ATGA,32.0,20,16,0.38704290203414743,0.40305335879397436
1ATGA,32.0,20,17,0.4003589399038825,0.26428135628913213
1ATGA,32.0,20,18,0.4362086231631957,0.1382157652120863
1ATGA,32.0,20,19,0.24842264900384697,0.6841761617033922
1ATGA,32.0,21,0,0.4579889993463926,0.3734291503351194
1ATGA,32.0,21,1,0.46812635955890963,0.1142970270945998
1ATGA,32.0,21,2,0.42248506677306813,0.3906573718966975
1ATGA,32.0,21,3,0.47413467425429123,0.19487232090649884
1ATGA,32.0,21,4,0.3872940149890363,0.3702536513551992
1ATGA,32.0,21,5,0.4480274692150932,0.26021915344475527
1ATGA,32.0,21,6,0.38918879385864424,0.3309529557669561
1ATGA,32.0,21,7,0.47354915061432085,0.20024629028070007
1ATGA,32.0,21,8,0.44589812237609316,0.22825194614469946
1ATGA,32.0,21,9,0.44398297416657845,0.2511812156137338
1ATGA,32.0,21,10,0.4327433486846384,0.26483158850643196
1ATGA,32.0,21,11,0.4437367295528242,0.22841859897607947
1ATGA,32.0,21,12,0.3387404336655949,0.24961375444802741
1ATGA,32.0,21,13,0.29601322581485384,0.583802297128364
1ATGA,32.0,21,14,0.27234977223039003,0.3802602635268438
1ATGA,32.0,21,15,0.39820148955339546,0.4361672623162255
1ATGA,32.0,21,16,0.38080255403603086,0.32920905675530543
1ATGA,32.0,21,17,0.4330431464358783,0.1633975661778118
1ATGA,32.0,21,18,0.39025830248644405,0.25624060679173805
1ATGA,32.0,21,19,0.39297827587722745,0.36007403121154524
1ATGA,32.0,22,0,0.36103777633035355,0.39080235875239605
1ATGA,32.0,22,1,0.42489439409168345,0.3189321013369809
1ATGA,32.0,22,2,0.3949521890673774,0.2051731060573993
1ATGA,32.0,22,3,0.27597357230129427,0.6573970685852593
1ATGA,32.0,22,4,0.4212377154766578,0.42280633920647354
1ATGA,32.0,22,5,0.4750345281538434,0.16251432923198517
1ATGA,32.0,22,6,0.3345986757755587,0.36120109833059805
1ATGA,32.0,22,7,0.45152045178930345,0.20097007449798077
1ATGA,32.0,22,8,0.33125676019736816,0.45843705593705897
1ATGA,32.0,22,9,0.4494231904182686,0.24773349637012765
1ATGA,32.0,22,10,0.39901391282037424,0.2616203819614562
1ATGA,32.0,22,11,0.4234692420401982,0.25799280766445065
1ATGA,32.0,22,12,0.39600300065487337,0.19086811517861568
1ATGA,32.0,22,13,0.37678213675141176,0.26724367348551803
1ATGA,32.0,22,14,0.4103261875923372,0.20409428233539229
1ATGA,32.0,22,15,0.30837099295342923,0.46916577981482754
1ATGA,32.0,22,16,0.28817498526659147,0.66633568065959
1ATGA,32.0,22,17,0.60686008075103,0.1710103288812582
1ATGA,32.0,22,18,0.3609985049535112,0.3458505817142543
1ATGA,32.0,22,19,0.42487655200208746,0.385840886113955
1ATGA,32.0,23,0,0.26610072137772,0.6649871041770786
1ATGA,32.0,23,1,0.41304830851100066,0.21286983387357725
1ATGA,32.0,23,2,0.4741159174458463,0.16887871797286852
1ATGA,32.0,23,3,0.3126560759063152,0.652064280534792
1ATGA,32.0,23,4,0.43770973482648445,0.28583616914980975
1ATGA,32.0,23,5,0.37466883238278326,0.3339012224312803
1ATGA,32.0,23,6,0.34403706620904917,0.31414410146137917
1ATGA,32.0,23,7,0.48037510832218877,0.24350265856572625
1ATGA,32.0,23,8,0.43255444308216406,0.3162328429802058
1ATGA,32.0,23,9,0.39784148085185966,0.2951391395349049
1ATGA,32.0,23,10,0.26069030784013325,0.692479980599609
1ATGA,32.0,23,11,0.3522509269564399,0.47355985632094444
1ATGA,32.0,23,12,0.5606599823651336,0.12600856705993244
1ATGA,32.0,23,13,0.4688131767961409,0.15099951331632
1ATGA,32.0,23,14,0.4105407663254245,0.22524280793969725
1ATGA,32.0,23,15,0.36687311710231424,0.30877678849031664
1ATGA,32.0,23,16,0.39253320396894853,0.20197801553152356
1ATGA,32.0,23,17,0.44887666733550496,0.1727815649115679
1ATGA,32.0,23,18,0.41183585254328126,0.3222663695844117
1ATGA,32.0,23,19,0.48390449926708134,0.18149496412236124
1ATGA,32.0,24,0,0.45573118031336274,0.21089983699647827
1ATGA,32.0,24,1,0.3576224208135726,0.3962014594809741
1ATGA,32.0,24,2,0.33035229769671215,0.3511775886540339
1ATGA,32.0,24,3,0.47963477452033626,0.19353849319853278
1ATGA,32.0,24,4,0.41019885442827464,0.2580539525745718
1ATGA,32.0,24,5,0.5050788237858908,0.1891668680059643
1ATGA,32.0,24,6,0.27213478608256464,0.6887157090894611
1ATGA,32.0,24,7,0.2348213782841964,0.7173977613682695
1ATGA,32.0,24,8,0.4159448456324974,0.3324836311395945
1ATGA,32.0,24,9,0.44522964468962317,0.2594610465097802
1ATGA,32.0,24,10,0.3873605921378659,0.4410905688278686
1ATGA,32.0,24,11,0.4599942943102901,0.22495172389855397
1ATGA,32.0,24,12,0.35501978078242136,0.5001925481086028
1ATGA,32.0,24,13,0.4942997431028162,0.2086007858511612
1ATGA,32.0,24,14,0.4311358872726089,0.26649839638968137
1ATGA,32.0,24,15,0.43171841678224165,0.22985897320255705
1ATGA,32.0,24,16,0.3834845702845334,0.30782142976752236
1ATGA,32.0,24,17,0.44468964484072393,0.22802488749493727
1ATGA,32.0,24,18,0.49960070112349725,0.14386858759321752
1ATGA,32.0,24,19,0.43421100817066316,0.17840008397967194
1ATGA,32.0,25,0,0.43811653236854364,0.2810144972632813
1ATGA,32.0,25,1,0.32277746722735345,0.335638880711559
1ATGA,32.0,25,2,0.3881908984701906,0.22474368824746008
1ATGA,32.0,25,3,0.4684099344718429,0.16420610669037003
1ATGA,32.0,25,4,0.4544377377523669,0.1959276920095658
1ATGA,32.0,25,5,0.403484059015181,0.1830535825036821
1ATGA,32.0,25,6,0.3748091731154232,0.22487133337773968
1ATGA,32.0,25,7,0.46733370180163536,0.19443867720641742
1ATGA,32.0,25,8,0.31771656356510586,0.5035042048609559
1ATGA,32.0,25,9,0.45596337238504925,0.23640905568079135
1ATGA,32.0,25,10,0.47319489482078314,0.2458371030180114
1ATGA,32.0,25,11,0.2889495492043036,0.6334233409938939
1ATGA,32.0,25,12,0.4616483629101198,0.2021570712882305
1ATGA,32.0,25,13,0.4707047673936355,0.19910149016943673
1ATGA,32.0,25,14,0.45007234965671294,0.2657978290332616
1ATGA,32.0,25,15,0.37500353840823936,0.27676051450246303
1ATGA,32.0,25,16,0.19107789077216208,0.8008644446115395
1ATGA,32.0,25,17,0.390270773738463,0.2537210644870848
1ATGA,32.0,25,18,0.46286543515044853,0.16670067865024654
1ATGA,32.0,25,19,0.41742844584793115,0.21760063112129308
1ATGA,32.0,26,0,0.41221392459292555,0.23125424984167264
1ATGA,32.0,26,1,0.4389051022387363,0.22377607342865052
1ATGA,32.0,26,2,0.42355356754945944,0.2968112426372072
1ATGA,32.0,26,3,0.30270179696272304,0.5832814147737735
1ATGA,32.0,26,4,0.20220448722400752,0.8454120307739436
1ATGA,32.0,26,5,0.23521091169024297,0.7582368800558785
1ATGA,32.0,26,6,0.22613846357321404,0.7203688987428615
1ATGA,32.0,26,7,0.3686951990976104,0.2415838057410552
1ATGA,32.0,26,8,0.41881270965597334,0.24969854423010593
1ATGA,32.0,26,9,0.43716250583951377,0.20495867837015339
1ATGA,32.0,26,10,0.41095302273211876,0.42145200362048924
1ATGA,32.0,26,11,0.2516082514202997,0.6789520564606955
1ATGA,32.0,26,12,0.46267661403828636,0.18452564657707993
1ATGA,32.0,26,13,0.4546656690278536,0.24338511904571333
1ATGA,32.0,26,14,0.13142099231287133,0.8967832835902302
1ATGA,32.0,26,15,0.38372824661435695,0.19960240305598648
1ATGA,32.0,26,16,0.5418166501420936,0.14255866553281887
1ATGA,32.0,26,17,0.540615049449628,0.18961857188140724
1ATGA,32.0,26,18,0.3909026811387427,0.24661669570796235
1ATGA,32.0,26,19,0.4191404233456882,0.22783142405421297
1ATGA,32.0,27,0,0.4186303338674826,0.21639484063403958
1ATGA,32.0,27,1,0.3514642537230412,0.48218212275900163
1ATGA,32.0,27,2,0.4360669420500149,0.25268145698213357
1ATGA,32.0,27,3,0.2746754946890008,0.6275119598293255
1ATGA,32.0,27,4,0.2641432945338925,0.6098193245474636
1ATGA,32.0,27,5,0.40903275499004427,0.4199981260702333
1ATGA,32.0,27,6,0.38428183725146237,0.37461697736607064
1ATGA,32.0,27,7,0.19997590453777814,0.7739979257484314
1ATGA,32.0,27,8,0.29638540681539916,0.5505967809997895
1ATGA,32.0,27,9,0.40995126876093974,0.2070336184176693
1ATGA,32.0,27,10,0.25770474906431895,0.7073707081071376
1ATGA,32.0,27,11,0.34465941175920756,0.4734077533496401
1ATGA,32.0,27,12,0.3906960806237037,0.30161577842080856
1ATGA,32.0,27,13,0.42204568692008604,0.26968406802126327
1ATGA,32.0,27,14,0.5143246071891955,0.193730345734728
1ATGA,32.0,27,15,0.4675209217342503,0.15694882408814845
1ATGA,32.0,27,16,0.41120279532726006,0.22659559720945227
1ATGA,32.0,27,17,0.4781248526023398,0.23587672111722516
1ATGA,32.0,27,18,0.35667042271159094,0.35256800083386175
1ATGA,32.0,27,19,0.40949511132662086,0.2769464075806381
1ATGA,32.0,28,0,0.4691634647530601,0.26264695466765164
1ATGA,32.0,28,1,0.5202001100851541,0.12015060419118749
1ATGA,32.0,28,2,0.21332143731961206,0.7156303963542083
1ATGA,32.0,28,3,0.42192842644246314,0.22521133720411401
1ATGA,32.0,28,4,0.34922697244780043,0.46968157357304335
1ATGA,32.0,28,5,0.35331252425501225,0.35629581108439906
1ATGA,32.0,28,6,0.4420492293877384,0.25974780297259203
1ATGA,32.0,28,7,0.4404725719871694,0.19498496221477082
1ATGA,32.0,28,8,0.4243104558107294,0.2799415287812223
1ATGA,32.0,28,9,0.4374092109008073,0.20570059151713702
1ATGA,32.0,28,10,0.21340662089255888,0.799947594455499
1ATGA,32.0,28,11,0.26169675815103455,0.5992277980172048
1ATGA,32.0,28,12,0.4029874106187566,0.37647030903233697
1ATGA,32.0,28,13,0.5358172104779615,0.1093349028805941
1ATGA,32.0,28,14,0.5344387751056218,0.1253454715159383
1ATGA,32.0,28,15,0.3683868624358071,0.29921416916761184
1ATGA,32.0,28,16,0.37422188376860105,0.4445556499116629
1ATGA,32.0,28,17,0.39385219194302357,0.26803643092804663
1ATGA,32.0,28,18,0.05506644571238205,0.9761633730887505
1ATGA,32.0,28,19,0.44954359009080336,0.14575104344834697
1ATGA,32.0,29,0,0.44460241339891493,0.2410937225561409
1ATGA,32.0,29,1,0.6387055071287792,0.13225151213033712
1ATGA,32.0,29,2,0.301356318710246,0.4806702643109626
1ATGA,32.0,29,3,0.3550859298906858,0.5340554919503365
1ATGA,32.0,29,4,0.20899440888596182,0.7621629019280645
1ATGA,32.0,29,5,0.35806667575018536,0.5536170781870311
1ATGA,32.0,29,6,0.4222992189849431,0.23897328213618263
1ATGA,32.0,29,7,0.4395261231587682,0.41070876053963573
1ATGA,32.0,29,8,0.4661502050594614,0.19206583762937735
1ATGA,32.0,29,9,0.23393580341770034,0.7102124405447295
1ATGA,32.0,29,10,0.2831999410287244,0.6806386435490707
1ATGA,32.0,29,11,0.2856226240243456,0.6380572415411452
1ATGA,32.0,29,12,0.5030225306807806,0.19460969763594718
1ATGA,32.0,29,13,0.4054211878530105,0.23462460302543267
1ATGA,32.0,29,14,0.3044586331911965,0.3826280701170318
1ATGA,32.0,29,15,0.31729997577316604,0.3731022010792737
1ATGA,32.0,29,16,0.4279741112839616,0.28907024610115767
1ATGA,32.0,29,17,0.32251444049548855,0.5352691054937073
1ATGA,32.0,29,18,0.6776004923641765,0.10647923895403334
1ATGA,32.0,29,19,0.23746988088784354,0.7222274326081543
1ATGA,32.0,30,0,0.5826346054738102,0.17019159286338514
1ATGA,32.0,30,1,0.48912341069015053,0.13038333053012557
1ATGA,32.0,30,2,0.32511652207025415,0.553129037332764
1ATGA,32.0,30,3,0.3675091271382193,0.4230015431777476
1ATGA,32.0,30,4,0.27310179775899396,0.4529477474233868
1ATGA,32.0,30,5,0.3236236916376628,0.41169083634069203
1ATGA,32.0,30,6,0.27790272081937495,0.5948450884633985
1ATGA,32.0,30,7,0.36028216679269326,0.49054771326801244
1ATGA,32.0,30,8,0.4045048220542548,0.2628792421230992
1ATGA,32.0,30,9,0.451785505410406,0.16011722000886314
1ATGA,32.0,30,10,0.357454884915254,0.5140076825228115
1ATGA,32.0,30,11,0.3226774700040128,0.4813695751795277
1ATGA,32.0,30,12,0.272405780356551,0.6785802672983087
1ATGA,32.0,30,13,0.5546183209668607,0.13932299689591582
1ATGA,32.0,30,14,0.10872126260882521,0.9450592146878328
1ATGA,32.0,30,15,0.10206475660960572,0.9410318771391746
1ATGA,32.0,30,16,0.41490868153609106,0.2775492047597238
1ATGA,32.0,30,17,0.18613881947474886,0.8359357068070299
1ATGA,32.0,30,18,0.2962058841879462,0.4081712601364934
1ATGA,32.0,30,19,0.293269365510037,0.6716078521193368
1ATGA,32.0,31,0,0.5124673039950498,0.22173234551831544
1ATGA,32.0,31,1,0.49664684478846394,0.2832549153763865
1ATGA,32.0,31,2,0.46962882259728633,0.32511276696805264
1ATGA,32.0,31,3,0.026780547254894854,0.9940896990905193
1ATGA,32.0,31,4,0.43766586354129233,0.20149441482480396
1ATGA,32.0,31,5,0.15189605819656293,0.9253367858362438
1ATGA,32.0,31,6,0.32486089512472127,0.643682387053086
1ATGA,32.0,31,7,0.2725361228080022,0.45924685620174904
1ATGA,32.0,31,8,0.4468255236565181,0.5959051565092744
1ATGA,32.0,31,9,0.33247414181263196,0.7013072578416809
1ATGA,32.0,31,10,0.3426073766771968,0.407869403875258
1ATGA,32.0,31,11,0.12386347768246127,0.7465763055258949
1ATGA,32.0,31,12,0.3894864924715199,0.3731723305200197
1ATGA,32.0,31,13,0.031417493155497266,0.9918870260006857
1ATGA,32.0,31,14,0.26426427632683913,0.8167453728323057
1ATGA,32.0,31,15,0.2956585477818062,0.8034565106320466
1ATGA,32.0,31,16,0.2929613441598366,0.6907783313650205
1ATGA,32.0,31,17,0.6063693352451368,0.12788566550332167
1ATGA,32.0,31,18,0.5015586843623351,0.5104620839149138
1ATGA,32.0,31,19,0.4818712783052517,0.15268617587431144
1ATGA,32.0,32,0,0.3787407120256406,0.2925334011296243
1ATGA,32.0,32,1,0.20366429270380962,0.7343351675527665
1ATGA,32.0,32,2,0.3168972385323662,0.32022645828187357
1ATGA,32.0,32,3,0.45584022367168014,0.45634902845754416
1ATGA,32.0,32,4,0.4207938906610931,0.354631674997614
1ATGA,32.0,32,5,0.12882111659279114,0.7565301584521904
1ATGA,32.0,32,6,0.3848461126208592,0.3895142292718985
1ATGA,32.0,32,7,0.43928880390456704,0.3773488144945201
1ATGA,32.0,32,8,0.26175458465653834,0.5439998627100702
1ATGA,32.0,32,9,0.2185728428745596,0.76606221767467
1ATGA,32.0,32,10,0.37057708539792944,0.5331022744291328
1ATGA,32.0,32,11,0.3947837565602544,0.24781242769057535
1ATGA,32.0,32,12,0.35116808094197,0.4517764687440311
1ATGA,32.0,32,13,0.6609481440827688,0.11846213796517434
1ATGA,32.0,32,14,0.5110321065691997,0.3122470945161158
1ATGA,32.0,32,15,0.30525916498205824,0.6848180437050249
1ATGA,32.0,32,16,0.13740987139018265,0.7670045707935628
1ATGA,32.0,32,17,0.25887652888830526,0.47087285249148636
1ATGA,32.0,32,18,0.5478574697874332,0.213977887567228
1ATGA,32.0,32,19,0.5478144150162206,0.11717398565141736
