protein,pair_index,contact_pair,sequence_length,segment_radius,flank,contact_metric
1BRTA,0,"[119, 221]",277,5,0,0.004184402991086245
1BRTA,0,"[119, 221]",277,5,1,0.004316117614507675
1BRTA,0,"[119, 221]",277,5,2,0.004968169145286083
1BRTA,0,"[119, 221]",277,5,3,0.00463351234793663
1BRTA,0,"[119, 221]",277,5,4,0.004660109058022499
1BRTA,0,"[119, 221]",277,5,5,0.004525980446487665
1BRTA,0,"[119, 221]",277,5,6,0.0046518160961568356
1BRTA,0,"[119, 221]",277,5,7,0.004238964058458805
1BRTA,0,"[119, 221]",277,5,8,0.004539178218692541
1BRTA,0,"[119, 221]",277,5,9,0.0040530250407755375
1BRTA,0,"[119, 221]",277,5,10,0.004142285790294409
1BRTA,0,"[119, 221]",277,5,11,0.005575193092226982
1BRTA,0,"[119, 221]",277,5,12,0.005389526952058077
1BRTA,0,"[119, 221]",277,5,13,0.005181494168937206
1BRTA,0,"[119, 221]",277,5,14,0.006700822152197361
1BRTA,0,"[119, 221]",277,5,15,0.005164876580238342
1BRTA,0,"[119, 221]",277,5,16,0.005078289192169905
1BRTA,0,"[119, 221]",277,5,17,0.005134620238095522
1BRTA,0,"[119, 221]",277,5,18,0.005115581210702658
1BRTA,0,"[119, 221]",277,5,19,0.004877796862274408
1BRTA,0,"[119, 221]",277,5,20,0.005119699519127607
1BRTA,0,"[119, 221]",277,5,21,0.0052572512067854404
1BRTA,0,"[119, 221]",277,5,22,0.9230204820632935
1BRTA,0,"[119, 221]",277,5,23,0.9182438850402832
1BRTA,0,"[119, 221]",277,5,24,0.9119857549667358
1BRTA,0,"[119, 221]",277,5,25,0.9128187298774719
1BRTA,0,"[119, 221]",277,5,26,0.8981655240058899
1BRTA,0,"[119, 221]",277,5,27,0.9014092087745667
1BS0A,0,"[90, 276]",384,5,0,0.006277988199144602
1BS0A,0,"[90, 276]",384,5,1,0.0053253876976668835
1BS0A,0,"[90, 276]",384,5,2,0.005847957916557789
1BS0A,0,"[90, 276]",384,5,3,0.004965958651155233
1BS0A,0,"[90, 276]",384,5,4,0.005341877695173025
1BS0A,0,"[90, 276]",384,5,5,0.0051305354572832584
1BS0A,0,"[90, 276]",384,5,6,0.005367792211472988
1BS0A,0,"[90, 276]",384,5,7,0.00461194384843111
1BS0A,0,"[90, 276]",384,5,8,0.0050106048583984375
1BS0A,0,"[90, 276]",384,5,9,0.0063500842079520226
1BS0A,0,"[90, 276]",384,5,10,0.005936475936323404
1BS0A,0,"[90, 276]",384,5,11,0.006840575486421585
1BS0A,0,"[90, 276]",384,5,12,0.006012532394379377
1BS0A,0,"[90, 276]",384,5,13,0.006018459796905518
1BS0A,0,"[90, 276]",384,5,14,0.0049645863473415375
1BS0A,0,"[90, 276]",384,5,15,0.004836536943912506
1BS0A,0,"[90, 276]",384,5,16,0.005029798019677401
1BS0A,0,"[90, 276]",384,5,17,0.0046209245920181274
1BS0A,0,"[90, 276]",384,5,18,0.004803643561899662
1BS0A,0,"[90, 276]",384,5,19,0.004827345721423626
1BS0A,0,"[90, 276]",384,5,20,0.004431796260178089
1BS0A,0,"[90, 276]",384,5,21,0.0047987401485443115
1BS0A,0,"[90, 276]",384,5,22,0.0043676020577549934
1BS0A,0,"[90, 276]",384,5,23,0.004586061928421259
1BS0A,0,"[90, 276]",384,5,24,0.004272846970707178
1BS0A,0,"[90, 276]",384,5,25,0.004271977115422487
1BS0A,0,"[90, 276]",384,5,26,0.004642517305910587
1BS0A,0,"[90, 276]",384,5,27,0.004566080402582884
1BS0A,0,"[90, 276]",384,5,28,0.004715945105999708
1BS0A,0,"[90, 276]",384,5,29,0.0049839625135064125
1BS0A,0,"[90, 276]",384,5,30,0.005086906254291534
1BS0A,0,"[90, 276]",384,5,31,0.005430252756923437
1BS0A,0,"[90, 276]",384,5,32,0.00617540767416358
1BS0A,0,"[90, 276]",384,5,33,0.00850541703402996
1BS0A,0,"[90, 276]",384,5,34,0.009129702113568783
1BS0A,0,"[90, 276]",384,5,35,0.5097801089286804
1BS0A,0,"[90, 276]",384,5,36,0.7240391373634338
1BS0A,0,"[90, 276]",384,5,37,0.7296249270439148
1BS0A,0,"[90, 276]",384,5,38,0.6828820705413818
1BS0A,0,"[90, 276]",384,5,39,0.6823639273643494
1DYPA,0,"[116, 228]",271,5,0,0.007075891364365816
1DYPA,0,"[116, 228]",271,5,1,0.006996131502091885
1DYPA,0,"[116, 228]",271,5,2,0.007361317984759808
1DYPA,0,"[116, 228]",271,5,3,0.007329161744564772
1DYPA,0,"[116, 228]",271,5,4,0.006996348034590483
1DYPA,0,"[116, 228]",271,5,5,0.007100789342075586
1DYPA,0,"[116, 228]",271,5,6,0.007063296157866716
1DYPA,0,"[116, 228]",271,5,7,0.007396952249109745
1DYPA,0,"[116, 228]",271,5,8,0.007797127589583397
1DYPA,0,"[116, 228]",271,5,9,0.007542599458247423
1DYPA,0,"[116, 228]",271,5,10,0.007347641978412867
1DYPA,0,"[116, 228]",271,5,11,0.0073820739053189754
1DYPA,0,"[116, 228]",271,5,12,0.007487962953746319
1DYPA,0,"[116, 228]",271,5,13,0.007086865603923798
1DYPA,0,"[116, 228]",271,5,14,0.007375567685812712
1DYPA,0,"[116, 228]",271,5,15,0.007529124151915312
1DYPA,0,"[116, 228]",271,5,16,0.007430433761328459
1DYPA,0,"[116, 228]",271,5,17,0.007162312511354685
1DYPA,0,"[116, 228]",271,5,18,0.00742375897243619
1DYPA,0,"[116, 228]",271,5,19,0.006889546290040016
1DYPA,0,"[116, 228]",271,5,20,0.006742609664797783
1DYPA,0,"[116, 228]",271,5,21,0.0067993151023983955
1DYPA,0,"[116, 228]",271,5,22,0.005444689653813839
1DYPA,0,"[116, 228]",271,5,23,0.055349498987197876
1DYPA,0,"[116, 228]",271,5,24,0.05753524228930473
1DYPA,0,"[116, 228]",271,5,25,0.05600560083985329
1DYPA,0,"[116, 228]",271,5,26,0.14425569772720337
1DYPA,0,"[116, 228]",271,5,27,0.10824618488550186
1DYPA,0,"[116, 228]",271,5,28,0.3285925090312958
1DYPA,0,"[116, 228]",271,5,29,0.6279264688491821
1DYPA,0,"[116, 228]",271,5,30,0.6557177305221558
1DYPA,0,"[116, 228]",271,5,31,0.603448748588562
1DYPA,0,"[116, 228]",271,5,32,0.5801237225532532
1DYPA,0,"[116, 228]",271,5,33,0.6026800870895386
1DYPA,0,"[116, 228]",271,5,34,0.5685044527053833
1DYPA,0,"[116, 228]",271,5,35,0.5896048545837402
1DYPA,0,"[116, 228]",271,5,36,0.5806285738945007
1DYPA,0,"[116, 228]",271,5,37,0.6037888526916504
1DYPA,0,"[116, 228]",271,5,38,0.602185070514679
1DYPA,0,"[116, 228]",271,5,39,0.619083821773529
1DYPA,0,"[116, 228]",271,5,40,0.6336482167243958
1DYPA,0,"[116, 228]",271,5,41,0.632282018661499
1DYPA,0,"[116, 228]",271,5,42,0.6033644676208496
1DYPA,0,"[116, 228]",271,5,43,0.6108986139297485
1DYPA,0,"[116, 228]",271,5,44,0.6331761479377747
1DYPA,0,"[116, 228]",271,5,45,0.6440533399581909
1DYPA,0,"[116, 228]",271,5,46,0.652738630771637
1DYPA,0,"[116, 228]",271,5,47,0.6603133678436279
1DYPA,0,"[116, 228]",271,5,48,0.6494702696800232
1DYPA,0,"[116, 228]",271,5,49,0.6554893255233765
1DYPA,0,"[116, 228]",271,5,50,0.6610475778579712
1DYPA,0,"[116, 228]",271,5,51,0.6497506499290466
1DYPA,0,"[116, 228]",271,5,52,0.6456576585769653
1DYPA,0,"[116, 228]",271,5,53,0.6487983465194702
1DYPA,0,"[116, 228]",271,5,54,0.6595330834388733
1DYPA,0,"[116, 228]",271,5,55,0.6576139330863953
1DYPA,0,"[116, 228]",271,5,56,0.6536170840263367
1DYPA,0,"[116, 228]",271,5,57,0.6313321590423584
1DYPA,0,"[116, 228]",271,5,58,0.6320090889930725
1DYPA,0,"[116, 228]",271,5,59,0.6454702615737915
1DYPA,0,"[116, 228]",271,5,60,0.6412459015846252
1E6UA,0,"[19, 219]",321,5,0,0.006030321586877108
1E6UA,0,"[19, 219]",321,5,1,0.004422043915838003
1E6UA,0,"[19, 219]",321,5,2,0.005116067826747894
1E6UA,0,"[19, 219]",321,5,3,0.005631349049508572
1E6UA,0,"[19, 219]",321,5,4,0.005783362779766321
1E6UA,0,"[19, 219]",321,5,5,0.006071627605706453
1E6UA,0,"[19, 219]",321,5,6,0.005488259252160788
1E6UA,0,"[19, 219]",321,5,7,0.005377618595957756
1E6UA,0,"[19, 219]",321,5,8,0.00532277999445796
1E6UA,0,"[19, 219]",321,5,9,0.004697738215327263
1E6UA,0,"[19, 219]",321,5,10,0.005291620269417763
1E6UA,0,"[19, 219]",321,5,11,0.005358636844903231
1E6UA,0,"[19, 219]",321,5,12,0.00528633501380682
1E6UA,0,"[19, 219]",321,5,13,0.0055636512115597725
1E6UA,0,"[19, 219]",321,5,14,0.005018614698201418
1E6UA,0,"[19, 219]",321,5,15,0.004985498264431953
1E6UA,0,"[19, 219]",321,5,16,0.0049805836752057076
1E6UA,0,"[19, 219]",321,5,17,0.004884130321443081
1E6UA,0,"[19, 219]",321,5,18,0.004771939013153315
1E6UA,0,"[19, 219]",321,5,19,0.004925910849124193
1E6UA,0,"[19, 219]",321,5,20,0.004988484084606171
1E6UA,0,"[19, 219]",321,5,21,0.005463223904371262
1E6UA,0,"[19, 219]",321,5,22,0.005863548722118139
1E6UA,0,"[19, 219]",321,5,23,0.006134888157248497
1E6UA,0,"[19, 219]",321,5,24,0.0064535546116530895
1E6UA,0,"[19, 219]",321,5,25,0.006417219527065754
1E6UA,0,"[19, 219]",321,5,26,0.00717870844528079
1E6UA,0,"[19, 219]",321,5,27,0.006848553661257029
1E6UA,0,"[19, 219]",321,5,28,0.00531001016497612
1E6UA,0,"[19, 219]",321,5,29,0.026052141562104225
1E6UA,0,"[19, 219]",321,5,30,0.02155722677707672
1E6UA,0,"[19, 219]",321,5,31,0.02782091312110424
1E6UA,0,"[19, 219]",321,5,32,0.8365703225135803
1E6UA,0,"[19, 219]",321,5,33,0.959758996963501
1E6UA,0,"[19, 219]",321,5,34,0.9318370819091797
1E6UA,0,"[19, 219]",321,5,35,0.9992882609367371
1ELUA,0,"[61, 281]",390,5,0,0.004531066864728928
1ELUA,0,"[61, 281]",390,5,1,0.00560206500813365
1ELUA,0,"[61, 281]",390,5,2,0.005019511096179485
1ELUA,0,"[61, 281]",390,5,3,0.0058001261204481125
1ELUA,0,"[61, 281]",390,5,4,0.005939117632806301
1ELUA,0,"[61, 281]",390,5,5,0.006213746499270201
1ELUA,0,"[61, 281]",390,5,6,0.006306352559477091
1ELUA,0,"[61, 281]",390,5,7,0.006643290631473064
1ELUA,0,"[61, 281]",390,5,8,0.006914416328072548
1ELUA,0,"[61, 281]",390,5,9,0.004677081014961004
1ELUA,0,"[61, 281]",390,5,10,0.006358673796057701
1ELUA,0,"[61, 281]",390,5,11,0.006216805893927813
1ELUA,0,"[61, 281]",390,5,12,0.004820806905627251
1ELUA,0,"[61, 281]",390,5,13,0.004532251041382551
1ELUA,0,"[61, 281]",390,5,14,0.004961873404681683
1ELUA,0,"[61, 281]",390,5,15,0.004641737323254347
1ELUA,0,"[61, 281]",390,5,16,0.005612552165985107
1ELUA,0,"[61, 281]",390,5,17,0.006842803210020065
1ELUA,0,"[61, 281]",390,5,18,0.007227729540318251
1ELUA,0,"[61, 281]",390,5,19,0.005249124951660633
1ELUA,0,"[61, 281]",390,5,20,0.005312909837812185
1ELUA,0,"[61, 281]",390,5,21,0.004311603028327227
1ELUA,0,"[61, 281]",390,5,22,0.004439786542207003
1ELUA,0,"[61, 281]",390,5,23,0.005010426975786686
1ELUA,0,"[61, 281]",390,5,24,0.005006034858524799
1ELUA,0,"[61, 281]",390,5,25,0.005136266816407442
1ELUA,0,"[61, 281]",390,5,26,0.00556397857144475
1ELUA,0,"[61, 281]",390,5,27,0.005765104666352272
1ELUA,0,"[61, 281]",390,5,28,0.006877779494971037
1ELUA,0,"[61, 281]",390,5,29,0.007081551011651754
1ELUA,0,"[61, 281]",390,5,30,0.006969862151890993
1ELUA,0,"[61, 281]",390,5,31,0.0069688353687524796
1ELUA,0,"[61, 281]",390,5,32,0.006854812148958445
1ELUA,0,"[61, 281]",390,5,33,0.006777735892683268
1ELUA,0,"[61, 281]",390,5,34,0.0069649131037294865
1ELUA,0,"[61, 281]",390,5,35,0.0068638138473033905
1ELUA,0,"[61, 281]",390,5,36,0.006535246502608061
1ELUA,0,"[61, 281]",390,5,37,0.03786499798297882
1ELUA,0,"[61, 281]",390,5,38,0.6876131296157837
1ELUA,0,"[61, 281]",390,5,39,0.6737741231918335
1ELUA,0,"[61, 281]",390,5,40,0.7301547527313232
1ELUA,0,"[61, 281]",390,5,41,0.6183506846427917
1ELUA,0,"[61, 281]",390,5,42,0.6846619844436646
1ELUA,0,"[61, 281]",390,5,43,0.7289187908172607
1EU8A,0,"[21, 322]",409,5,0,0.006403811741620302
1EU8A,0,"[21, 322]",409,5,1,0.007972578518092632
1EU8A,0,"[21, 322]",409,5,2,0.00748757878318429
1EU8A,0,"[21, 322]",409,5,3,0.006492647808045149
1EU8A,0,"[21, 322]",409,5,4,0.0074951970018446445
1EU8A,0,"[21, 322]",409,5,5,0.00913406815379858
1EU8A,0,"[21, 322]",409,5,6,0.008251310326159
1EU8A,0,"[21, 322]",409,5,7,0.007435103878378868
1EU8A,0,"[21, 322]",409,5,8,0.007437925320118666
1EU8A,0,"[21, 322]",409,5,9,0.007402434945106506
1EU8A,0,"[21, 322]",409,5,10,0.006940586492419243
1EU8A,0,"[21, 322]",409,5,11,0.0071159545332193375
1EU8A,0,"[21, 322]",409,5,12,0.006759205367416143
1EU8A,0,"[21, 322]",409,5,13,0.006709889974445105
1EU8A,0,"[21, 322]",409,5,14,0.006354418117552996
1EU8A,0,"[21, 322]",409,5,15,0.006264303810894489
1EU8A,0,"[21, 322]",409,5,16,0.006507156882435083
1EU8A,0,"[21, 322]",409,5,17,0.00594920152798295
1EU8A,0,"[21, 322]",409,5,18,0.0057374536991119385
1EU8A,0,"[21, 322]",409,5,19,0.005901962053030729
1EU8A,0,"[21, 322]",409,5,20,0.005688300356268883
1EU8A,0,"[21, 322]",409,5,21,0.0057393284514546394
1EU8A,0,"[21, 322]",409,5,22,0.006194807589054108
1EU8A,0,"[21, 322]",409,5,23,0.006383479107171297
1EU8A,0,"[21, 322]",409,5,24,0.00609586900100112
1EU8A,0,"[21, 322]",409,5,25,0.006695060525089502
1EU8A,0,"[21, 322]",409,5,26,0.007108770310878754
1EU8A,0,"[21, 322]",409,5,27,0.006819968577474356
1EU8A,0,"[21, 322]",409,5,28,0.00678520742803812
1EU8A,0,"[21, 322]",409,5,29,0.007168195676058531
1EU8A,0,"[21, 322]",409,5,30,0.007075127679854631
1EU8A,0,"[21, 322]",409,5,31,0.007233078125864267
1EU8A,0,"[21, 322]",409,5,32,0.0067381300032138824
1EU8A,0,"[21, 322]",409,5,33,0.006516065448522568
1EU8A,0,"[21, 322]",409,5,34,0.007168401964008808
1EU8A,0,"[21, 322]",409,5,35,0.007166505791246891
1EU8A,0,"[21, 322]",409,5,36,0.007408566307276487
1EU8A,0,"[21, 322]",409,5,37,0.00751632871106267
1EU8A,0,"[21, 322]",409,5,38,0.007689063902944326
1EU8A,0,"[21, 322]",409,5,39,0.007731958758085966
1EU8A,0,"[21, 322]",409,5,40,0.007798057980835438
1EU8A,0,"[21, 322]",409,5,41,0.007929600775241852
1EU8A,0,"[21, 322]",409,5,42,0.007877719588577747
1EU8A,0,"[21, 322]",409,5,43,0.007832003757357597
1EU8A,0,"[21, 322]",409,5,44,0.007858472876250744
1EU8A,0,"[21, 322]",409,5,45,0.007816629484295845
1EU8A,0,"[21, 322]",409,5,46,0.007869374938309193
1EU8A,0,"[21, 322]",409,5,47,0.007811413146555424
1EU8A,0,"[21, 322]",409,5,48,0.007853930816054344
1EU8A,0,"[21, 322]",409,5,49,0.007792288903146982
1EU8A,0,"[21, 322]",409,5,50,0.007642763201147318
1EU8A,0,"[21, 322]",409,5,51,0.007698265835642815
1EU8A,0,"[21, 322]",409,5,52,0.013646761886775494
1EU8A,0,"[21, 322]",409,5,53,0.025505011901259422
1EU8A,0,"[21, 322]",409,5,54,0.03231102228164673
1EU8A,0,"[21, 322]",409,5,55,0.03578193113207817
1EU8A,0,"[21, 322]",409,5,56,0.05902579426765442
1EU8A,0,"[21, 322]",409,5,57,0.10039323568344116
1EU8A,0,"[21, 322]",409,5,58,0.1051281988620758
1EU8A,0,"[21, 322]",409,5,59,0.2709408402442932
1EU8A,0,"[21, 322]",409,5,60,0.1551438421010971
1F0KA,0,"[203, 315]",364,5,0,0.004432188346982002
1F0KA,0,"[203, 315]",364,5,1,0.004272982943803072
1F0KA,0,"[203, 315]",364,5,2,0.004530547186732292
1F0KA,0,"[203, 315]",364,5,3,0.00512316171079874
1F0KA,0,"[203, 315]",364,5,4,0.004740394186228514
1F0KA,0,"[203, 315]",364,5,5,0.005053155589848757
1F0KA,0,"[203, 315]",364,5,6,0.004825559910386801
1F0KA,0,"[203, 315]",364,5,7,0.005231956019997597
1F0KA,0,"[203, 315]",364,5,8,0.00539562338963151
1F0KA,0,"[203, 315]",364,5,9,0.004802423529326916
1F0KA,0,"[203, 315]",364,5,10,0.006662007421255112
1F0KA,0,"[203, 315]",364,5,11,0.006272722501307726
1F0KA,0,"[203, 315]",364,5,12,0.004593337886035442
1F0KA,0,"[203, 315]",364,5,13,0.004618215840309858
1F0KA,0,"[203, 315]",364,5,14,0.006513088010251522
1F0KA,0,"[203, 315]",364,5,15,0.006498763803392649
1F0KA,0,"[203, 315]",364,5,16,0.0070255654864013195
1F0KA,0,"[203, 315]",364,5,17,0.006473649758845568
1F0KA,0,"[203, 315]",364,5,18,0.006077369209378958
1F0KA,0,"[203, 315]",364,5,19,0.005212490912526846
1F0KA,0,"[203, 315]",364,5,20,0.005162155721336603
1F0KA,0,"[203, 315]",364,5,21,0.0047410703264176846
1F0KA,0,"[203, 315]",364,5,22,0.00439632311463356
1F0KA,0,"[203, 315]",364,5,23,0.005139040295034647
1F0KA,0,"[203, 315]",364,5,24,0.005299215670675039
1F0KA,0,"[203, 315]",364,5,25,0.004833489190787077
1F0KA,0,"[203, 315]",364,5,26,0.005039030686020851
1F0KA,0,"[203, 315]",364,5,27,0.005172483157366514
1F0KA,0,"[203, 315]",364,5,28,0.005135793704539537
1F0KA,0,"[203, 315]",364,5,29,0.005241521634161472
1F0KA,0,"[203, 315]",364,5,30,0.005801694933325052
1F0KA,0,"[203, 315]",364,5,31,0.00590885616838932
1F0KA,0,"[203, 315]",364,5,32,0.006227174773812294
1F0KA,0,"[203, 315]",364,5,33,0.006113480310887098
1F0KA,0,"[203, 315]",364,5,34,0.005294010043144226
1F0KA,0,"[203, 315]",364,5,35,0.8165996670722961
1F0KA,0,"[203, 315]",364,5,36,0.874622106552124
1F0KA,0,"[203, 315]",364,5,37,0.8656697273254395
1F0KA,0,"[203, 315]",364,5,38,0.883872389793396
1F0KA,0,"[203, 315]",364,5,39,0.9107640981674194
1FNNA,0,"[48, 162]",389,5,0,0.007843167521059513
1FNNA,0,"[48, 162]",389,5,1,0.0080873379483819
1FNNA,0,"[48, 162]",389,5,2,0.008999774232506752
1FNNA,0,"[48, 162]",389,5,3,0.009897545911371708
1FNNA,0,"[48, 162]",389,5,4,0.009450073353946209
1FNNA,0,"[48, 162]",389,5,5,0.009572726674377918
1FNNA,0,"[48, 162]",389,5,6,0.009599735029041767
1FNNA,0,"[48, 162]",389,5,7,0.01009584590792656
1FNNA,0,"[48, 162]",389,5,8,0.009749328717589378
1FNNA,0,"[48, 162]",389,5,9,0.010906628333032131
1FNNA,0,"[48, 162]",389,5,10,0.009426286444067955
1FNNA,0,"[48, 162]",389,5,11,0.010425051674246788
1FNNA,0,"[48, 162]",389,5,12,0.01079823262989521
1FNNA,0,"[48, 162]",389,5,13,0.011704832315444946
1FNNA,0,"[48, 162]",389,5,14,0.011459168046712875
1FNNA,0,"[48, 162]",389,5,15,0.016632387414574623
1FNNA,0,"[48, 162]",389,5,16,0.011818465776741505
1FNNA,0,"[48, 162]",389,5,17,0.01044095866382122
1FNNA,0,"[48, 162]",389,5,18,0.011803729459643364
1FNNA,0,"[48, 162]",389,5,19,0.011532241478562355
1FNNA,0,"[48, 162]",389,5,20,0.010276075452566147
1FNNA,0,"[48, 162]",389,5,21,0.010065087117254734
1FNNA,0,"[48, 162]",389,5,22,0.009799844585359097
1FNNA,0,"[48, 162]",389,5,23,0.009357809089124203
1FNNA,0,"[48, 162]",389,5,24,0.008915155194699764
1FNNA,0,"[48, 162]",389,5,25,0.008218549191951752
1FNNA,0,"[48, 162]",389,5,26,0.008136643096804619
1FNNA,0,"[48, 162]",389,5,27,0.0218542218208313
1FNNA,0,"[48, 162]",389,5,28,0.02059820480644703
1FNNA,0,"[48, 162]",389,5,29,0.022702481597661972
1FNNA,0,"[48, 162]",389,5,30,0.023142658174037933
1FNNA,0,"[48, 162]",389,5,31,0.02242259308695793
1FNNA,0,"[48, 162]",389,5,32,0.01992073841392994
1FNNA,0,"[48, 162]",389,5,33,0.018000228330492973
1FNNA,0,"[48, 162]",389,5,34,0.3461359143257141
1FNNA,0,"[48, 162]",389,5,35,0.034512605518102646
1FNNA,0,"[48, 162]",389,5,36,0.03726590424776077
1FNNA,0,"[48, 162]",389,5,37,0.7151103615760803
1FNNA,0,"[48, 162]",389,5,38,1.2307963371276855
1FNNA,0,"[48, 162]",389,5,39,1.0661325454711914
1FVIA,0,"[23, 163]",297,5,0,0.006345158908516169
1FVIA,0,"[23, 163]",297,5,1,0.006659568753093481
1FVIA,0,"[23, 163]",297,5,2,0.006778489798307419
1FVIA,0,"[23, 163]",297,5,3,0.007230465766042471
1FVIA,0,"[23, 163]",297,5,4,0.008199155330657959
1FVIA,0,"[23, 163]",297,5,5,0.006287485361099243
1FVIA,0,"[23, 163]",297,5,6,0.006899244152009487
1FVIA,0,"[23, 163]",297,5,7,0.007080911658704281
1FVIA,0,"[23, 163]",297,5,8,0.007977739907801151
1FVIA,0,"[23, 163]",297,5,9,0.007455755490809679
1FVIA,0,"[23, 163]",297,5,10,0.007613060064613819
1FVIA,0,"[23, 163]",297,5,11,0.007410569582134485
1FVIA,0,"[23, 163]",297,5,12,0.007548521272838116
1FVIA,0,"[23, 163]",297,5,13,0.0072049908339977264
1FVIA,0,"[23, 163]",297,5,14,0.0076783220283687115
1FVIA,0,"[23, 163]",297,5,15,0.00749152060598135
1FVIA,0,"[23, 163]",297,5,16,0.472822368144989
1FVIA,0,"[23, 163]",297,5,17,0.7240985035896301
1FVIA,0,"[23, 163]",297,5,18,0.605194091796875
1FVIA,0,"[23, 163]",297,5,19,0.5626688003540039
1FVIA,0,"[23, 163]",297,5,20,0.627442479133606
1FVIA,0,"[23, 163]",297,5,21,0.6536735892295837
1FVIA,0,"[23, 163]",297,5,22,0.8106225728988647
1FVIA,0,"[23, 163]",297,5,23,0.8026853203773499
1FVIA,0,"[23, 163]",297,5,24,0.7759675979614258
1FVIA,0,"[23, 163]",297,5,25,0.7261161804199219
1FVIA,0,"[23, 163]",297,5,26,0.7521063685417175
1FVIA,0,"[23, 163]",297,5,27,0.7882777452468872
1FVIA,0,"[23, 163]",297,5,28,0.7881179451942444
1FVIA,0,"[23, 163]",297,5,29,0.7630718946456909
1FVIA,0,"[23, 163]",297,5,30,0.7772307395935059
1FVIA,0,"[23, 163]",297,5,31,0.7929158806800842
1FVIA,0,"[23, 163]",297,5,32,0.7729169726371765
1FVIA,0,"[23, 163]",297,5,33,0.7600253224372864
1FVIA,0,"[23, 163]",297,5,34,0.8048327565193176
1FVIA,0,"[23, 163]",297,5,35,0.7404192090034485
1FVIA,0,"[23, 163]",297,5,36,0.7654286623001099
1FVIA,0,"[23, 163]",297,5,37,0.7614030241966248
1FVIA,0,"[23, 163]",297,5,38,0.7888518571853638
1FVIA,0,"[23, 163]",297,5,39,0.7931299805641174
1FVIA,0,"[23, 163]",297,5,40,0.7631796598434448
1FVIA,0,"[23, 163]",297,5,41,0.7581270337104797
1FVIA,0,"[23, 163]",297,5,42,0.7117956280708313
1FVIA,0,"[23, 163]",297,5,43,0.7326080203056335
1FVIA,0,"[23, 163]",297,5,44,0.7162599563598633
1FVIA,0,"[23, 163]",297,5,45,0.7245665788650513
1FVIA,0,"[23, 163]",297,5,46,0.7126294374465942
1FVIA,0,"[23, 163]",297,5,47,0.8082806468009949
1FVIA,0,"[23, 163]",297,5,48,0.7313146591186523
1FVIA,0,"[23, 163]",297,5,49,0.6975498199462891
1FVIA,0,"[23, 163]",297,5,50,0.7240519523620605
1FVIA,0,"[23, 163]",297,5,51,0.7302294373512268
1FVIA,0,"[23, 163]",297,5,52,0.743738055229187
1FVIA,0,"[23, 163]",297,5,53,0.7749055624008179
1FVIA,0,"[23, 163]",297,5,54,0.7454449534416199
1FVIA,0,"[23, 163]",297,5,55,0.767646312713623
1FVIA,0,"[23, 163]",297,5,56,0.7747651934623718
1FVIA,0,"[23, 163]",297,5,57,0.7349518537521362
1FVIA,0,"[23, 163]",297,5,58,0.7531741261482239
1FVIA,0,"[23, 163]",297,5,59,0.7698673009872437
1FVIA,0,"[23, 163]",297,5,60,0.7771065831184387
1GA8A,0,"[16, 265]",311,5,0,0.005805658176541328
1GA8A,0,"[16, 265]",311,5,1,0.007086014840751886
1GA8A,0,"[16, 265]",311,5,2,0.006315735634416342
1GA8A,0,"[16, 265]",311,5,3,0.006537163630127907
1GA8A,0,"[16, 265]",311,5,4,0.006669805850833654
1GA8A,0,"[16, 265]",311,5,5,0.006466465070843697
1GA8A,0,"[16, 265]",311,5,6,0.00648641400039196
1GA8A,0,"[16, 265]",311,5,7,0.00657647242769599
1GA8A,0,"[16, 265]",311,5,8,0.006877829320728779
1GA8A,0,"[16, 265]",311,5,9,0.004767084494233131
1GA8A,0,"[16, 265]",311,5,10,0.005631470121443272
1GA8A,0,"[16, 265]",311,5,11,0.0055509754456579685
1GA8A,0,"[16, 265]",311,5,12,0.0057375445030629635
1GA8A,0,"[16, 265]",311,5,13,0.005807857494801283
1GA8A,0,"[16, 265]",311,5,14,0.005958521272987127
1GA8A,0,"[16, 265]",311,5,15,0.006058237515389919
1GA8A,0,"[16, 265]",311,5,16,0.005883254110813141
1GA8A,0,"[16, 265]",311,5,17,0.006025325041264296
1GA8A,0,"[16, 265]",311,5,18,0.006009290926158428
1GA8A,0,"[16, 265]",311,5,19,0.006343575194478035
1GA8A,0,"[16, 265]",311,5,20,0.006530460435897112
1GA8A,0,"[16, 265]",311,5,21,0.006188136991113424
1GA8A,0,"[16, 265]",311,5,22,0.006290138233453035
1GA8A,0,"[16, 265]",311,5,23,0.006901898887008429
1GA8A,0,"[16, 265]",311,5,24,0.006695046089589596
1GA8A,0,"[16, 265]",311,5,25,0.006624055095016956
1GA8A,0,"[16, 265]",311,5,26,0.008264720439910889
1GA8A,0,"[16, 265]",311,5,27,0.009180917404592037
1GA8A,0,"[16, 265]",311,5,28,0.009148653596639633
1GA8A,0,"[16, 265]",311,5,29,0.009647136554121971
1GA8A,0,"[16, 265]",311,5,30,0.009033109061419964
1GA8A,0,"[16, 265]",311,5,31,0.009236481972038746
1GA8A,0,"[16, 265]",311,5,32,0.00905108917504549
1GA8A,0,"[16, 265]",311,5,33,0.008940034545958042
1GA8A,0,"[16, 265]",311,5,34,0.008841774426400661
1GA8A,0,"[16, 265]",311,5,35,0.008639097213745117
1GA8A,0,"[16, 265]",311,5,36,0.008686964400112629
1GA8A,0,"[16, 265]",311,5,37,0.008729251101613045
1GA8A,0,"[16, 265]",311,5,38,0.008798584342002869
1GA8A,0,"[16, 265]",311,5,39,0.00870079267770052
1GA8A,0,"[16, 265]",311,5,40,0.00876612775027752
1GA8A,0,"[16, 265]",311,5,41,0.00876612775027752
1GA8A,0,"[16, 265]",311,5,42,0.00876612775027752
1GA8A,0,"[16, 265]",311,5,43,0.00876612775027752
1GA8A,0,"[16, 265]",311,5,44,0.00876612775027752
1GA8A,0,"[16, 265]",311,5,45,0.00876612775027752
1GA8A,0,"[16, 265]",311,5,46,0.00876612775027752
1GA8A,0,"[16, 265]",311,5,47,0.00876612775027752
1GA8A,0,"[16, 265]",311,5,48,0.00876612775027752
1GA8A,0,"[16, 265]",311,5,49,0.00876612775027752
1GA8A,0,"[16, 265]",311,5,50,0.00876612775027752
1GA8A,0,"[16, 265]",311,5,51,0.00876612775027752
1GA8A,0,"[16, 265]",311,5,52,0.00876612775027752
1GA8A,0,"[16, 265]",311,5,53,0.00876612775027752
1GA8A,0,"[16, 265]",311,5,54,0.00876612775027752
1GA8A,0,"[16, 265]",311,5,55,0.00876612775027752
1GA8A,0,"[16, 265]",311,5,56,0.00876612775027752
1GA8A,0,"[16, 265]",311,5,57,0.00876612775027752
1GA8A,0,"[16, 265]",311,5,58,0.00876612775027752
1GA8A,0,"[16, 265]",311,5,59,0.00876612775027752
1GA8A,0,"[16, 265]",311,5,60,0.00876612775027752
1GVFA,0,"[33, 266]",286,5,0,0.005823713727295399
1GVFA,0,"[33, 266]",286,5,1,0.0054444679990410805
1GVFA,0,"[33, 266]",286,5,2,0.0052105821669101715
1GVFA,0,"[33, 266]",286,5,3,0.005917516071349382
1GVFA,0,"[33, 266]",286,5,4,0.0053586699068546295
1GVFA,0,"[33, 266]",286,5,5,0.006056356243789196
1GVFA,0,"[33, 266]",286,5,6,0.005147798918187618
1GVFA,0,"[33, 266]",286,5,7,0.005952475126832724
1GVFA,0,"[33, 266]",286,5,8,0.004620115272700787
1GVFA,0,"[33, 266]",286,5,9,0.005833366420120001
1GVFA,0,"[33, 266]",286,5,10,0.006004299037158489
1GVFA,0,"[33, 266]",286,5,11,0.005288917105644941
1GVFA,0,"[33, 266]",286,5,12,0.005541607271879911
1GVFA,0,"[33, 266]",286,5,13,0.005260299425572157
1GVFA,0,"[33, 266]",286,5,14,0.005357563961297274
1GVFA,0,"[33, 266]",286,5,15,0.005391429644078016
1GVFA,0,"[33, 266]",286,5,16,0.0055547752417624
1GVFA,0,"[33, 266]",286,5,17,0.005756459664553404
1GVFA,0,"[33, 266]",286,5,18,0.005598015151917934
1GVFA,0,"[33, 266]",286,5,19,0.0057318187318742275
1GVFA,0,"[33, 266]",286,5,20,0.00601203553378582
1GVFA,0,"[33, 266]",286,5,21,0.3557095229625702
1GVFA,0,"[33, 266]",286,5,22,0.3926297426223755
1GVFA,0,"[33, 266]",286,5,23,0.4539039134979248
1GVFA,0,"[33, 266]",286,5,24,0.4697105586528778
1GVFA,0,"[33, 266]",286,5,25,0.44044029712677
1GVFA,0,"[33, 266]",286,5,26,0.35610494017601013
1GVFA,0,"[33, 266]",286,5,27,0.4114667475223541
1GVFA,0,"[33, 266]",286,5,28,0.41977930068969727
1GVFA,0,"[33, 266]",286,5,29,0.41977930068969727
1GVFA,0,"[33, 266]",286,5,30,0.41977930068969727
1GVFA,0,"[33, 266]",286,5,31,0.41977930068969727
1GVFA,0,"[33, 266]",286,5,32,0.41977930068969727
1GVFA,0,"[33, 266]",286,5,33,0.41977930068969727
1GVFA,0,"[33, 266]",286,5,34,0.41977930068969727
1GVFA,0,"[33, 266]",286,5,35,0.41977930068969727
1GVFA,0,"[33, 266]",286,5,36,0.41977930068969727
1GVFA,0,"[33, 266]",286,5,37,0.41977930068969727
1GVFA,0,"[33, 266]",286,5,38,0.41977930068969727
1GVFA,0,"[33, 266]",286,5,39,0.41977930068969727
1GVFA,0,"[33, 266]",286,5,40,0.41977930068969727
1GVFA,0,"[33, 266]",286,5,41,0.41977930068969727
1GVFA,0,"[33, 266]",286,5,42,0.41977930068969727
1GVFA,0,"[33, 266]",286,5,43,0.41977930068969727
1GVFA,0,"[33, 266]",286,5,44,0.41977930068969727
1GVFA,0,"[33, 266]",286,5,45,0.41977930068969727
1GVFA,0,"[33, 266]",286,5,46,0.41977930068969727
1GVFA,0,"[33, 266]",286,5,47,0.41977930068969727
1GVFA,0,"[33, 266]",286,5,48,0.41977930068969727
1GVFA,0,"[33, 266]",286,5,49,0.41977930068969727
1GVFA,0,"[33, 266]",286,5,50,0.41977930068969727
1GVFA,0,"[33, 266]",286,5,51,0.41977930068969727
1GVFA,0,"[33, 266]",286,5,52,0.41977930068969727
1GVFA,0,"[33, 266]",286,5,53,0.41977930068969727
1GVFA,0,"[33, 266]",286,5,54,0.41977930068969727
1GVFA,0,"[33, 266]",286,5,55,0.41977930068969727
1GVFA,0,"[33, 266]",286,5,56,0.41977930068969727
1GVFA,0,"[33, 266]",286,5,57,0.41977930068969727
1GVFA,0,"[33, 266]",286,5,58,0.41977930068969727
1GVFA,0,"[33, 266]",286,5,59,0.41977930068969727
1GVFA,0,"[33, 266]",286,5,60,0.41977933049201965
1IN4A,0,"[55, 174]",334,5,0,0.006089090369641781
1IN4A,0,"[55, 174]",334,5,1,0.0064613912254571915
1IN4A,0,"[55, 174]",334,5,2,0.007023070473223925
1IN4A,0,"[55, 174]",334,5,3,0.0076754214242100716
1IN4A,0,"[55, 174]",334,5,4,0.005757172126322985
1IN4A,0,"[55, 174]",334,5,5,0.00675986660644412
1IN4A,0,"[55, 174]",334,5,6,0.005857411772012711
1IN4A,0,"[55, 174]",334,5,7,0.0060357297770679
1IN4A,0,"[55, 174]",334,5,8,0.004944649990648031
1IN4A,0,"[55, 174]",334,5,9,0.005874451249837875
1IN4A,0,"[55, 174]",334,5,10,0.007303523365408182
1IN4A,0,"[55, 174]",334,5,11,0.007030555047094822
1IN4A,0,"[55, 174]",334,5,12,0.006531680468469858
1IN4A,0,"[55, 174]",334,5,13,0.0065414938144385815
1IN4A,0,"[55, 174]",334,5,14,0.006571108940988779
1IN4A,0,"[55, 174]",334,5,15,0.006895642727613449
1IN4A,0,"[55, 174]",334,5,16,0.00595366396009922
1IN4A,0,"[55, 174]",334,5,17,0.005929508712142706
1IN4A,0,"[55, 174]",334,5,18,0.005437655374407768
1IN4A,0,"[55, 174]",334,5,19,0.00621219864115119
1IN4A,0,"[55, 174]",334,5,20,0.8045094609260559
1IN4A,0,"[55, 174]",334,5,21,0.8065665364265442
1IN4A,0,"[55, 174]",334,5,22,0.766442596912384
1IN4A,0,"[55, 174]",334,5,23,0.7821371555328369
1JX6A,0,"[64, 296]",342,5,0,0.005538771394640207
1JX6A,0,"[64, 296]",342,5,1,0.006244955118745565
1JX6A,0,"[64, 296]",342,5,2,0.0053931535221636295
1JX6A,0,"[64, 296]",342,5,3,0.005969445686787367
1JX6A,0,"[64, 296]",342,5,4,0.005843643564730883
1JX6A,0,"[64, 296]",342,5,5,0.005998529959470034
1JX6A,0,"[64, 296]",342,5,6,0.006455972790718079
1JX6A,0,"[64, 296]",342,5,7,0.006612821016460657
1JX6A,0,"[64, 296]",342,5,8,0.005312350578606129
1JX6A,0,"[64, 296]",342,5,9,0.005669000092893839
1JX6A,0,"[64, 296]",342,5,10,0.006814478896558285
1JX6A,0,"[64, 296]",342,5,11,0.008209018968045712
1JX6A,0,"[64, 296]",342,5,12,0.0054236059077084064
1JX6A,0,"[64, 296]",342,5,13,0.00548009155318141
1JX6A,0,"[64, 296]",342,5,14,0.006319169886410236
1JX6A,0,"[64, 296]",342,5,15,0.00868204515427351
1JX6A,0,"[64, 296]",342,5,16,0.006618618033826351
1JX6A,0,"[64, 296]",342,5,17,0.005251859314739704
1JX6A,0,"[64, 296]",342,5,18,0.004957905970513821
1JX6A,0,"[64, 296]",342,5,19,0.004905181471258402
1JX6A,0,"[64, 296]",342,5,20,0.004898242652416229
1JX6A,0,"[64, 296]",342,5,21,0.004941652528941631
1JX6A,0,"[64, 296]",342,5,22,0.0056284284219145775
1JX6A,0,"[64, 296]",342,5,23,0.005734434351325035
1JX6A,0,"[64, 296]",342,5,24,0.006046426948159933
1JX6A,0,"[64, 296]",342,5,25,0.008486763574182987
1JX6A,0,"[64, 296]",342,5,26,0.01042431965470314
1JX6A,0,"[64, 296]",342,5,27,0.01173401065170765
1JX6A,0,"[64, 296]",342,5,28,0.011067398823797703
1JX6A,0,"[64, 296]",342,5,29,0.009658820927143097
1JX6A,0,"[64, 296]",342,5,30,0.009842101484537125
1JX6A,0,"[64, 296]",342,5,31,0.009098170325160027
1JX6A,0,"[64, 296]",342,5,32,0.008954108692705631
1JX6A,0,"[64, 296]",342,5,33,0.010207808576524258
1JX6A,0,"[64, 296]",342,5,34,0.010155925527215004
1JX6A,0,"[64, 296]",342,5,35,0.00936061330139637
1JX6A,0,"[64, 296]",342,5,36,0.010110855102539062
1JX6A,0,"[64, 296]",342,5,37,0.00993164163082838
1JX6A,0,"[64, 296]",342,5,38,0.010919884778559208
1JX6A,0,"[64, 296]",342,5,39,0.00918995775282383
1JX6A,0,"[64, 296]",342,5,40,0.009685995988547802
1JX6A,0,"[64, 296]",342,5,41,0.009355232119560242
1JX6A,0,"[64, 296]",342,5,42,0.0090824319049716
1JX6A,0,"[64, 296]",342,5,43,0.009199473075568676
1JX6A,0,"[64, 296]",342,5,44,0.01014039758592844
1JX6A,0,"[64, 296]",342,5,45,0.010323617607355118
1JX6A,0,"[64, 296]",342,5,46,0.00972690898925066
1JX6A,0,"[64, 296]",342,5,47,0.010300282388925552
1JX6A,0,"[64, 296]",342,5,48,0.010894972831010818
1JX6A,0,"[64, 296]",342,5,49,0.011175788007676601
1JX6A,0,"[64, 296]",342,5,50,0.010525072924792767
1JX6A,0,"[64, 296]",342,5,51,0.011617709882557392
1JX6A,0,"[64, 296]",342,5,52,0.011281408369541168
1JX6A,0,"[64, 296]",342,5,53,0.011647158302366734
1JX6A,0,"[64, 296]",342,5,54,0.011207429692149162
1JX6A,0,"[64, 296]",342,5,55,0.01123625598847866
1JX6A,0,"[64, 296]",342,5,56,0.015267499722540379
1JX6A,0,"[64, 296]",342,5,57,0.01298868004232645
1JX6A,0,"[64, 296]",342,5,58,0.021596215665340424
1JX6A,0,"[64, 296]",342,5,59,0.018610946834087372
1JX6A,0,"[64, 296]",342,5,60,0.018610943108797073
1K7JA,0,"[19, 131]",206,5,0,0.005129585973918438
1K7JA,0,"[19, 131]",206,5,1,0.00502038886770606
1K7JA,0,"[19, 131]",206,5,2,0.005403979681432247
1K7JA,0,"[19, 131]",206,5,3,0.004965296480804682
1K7JA,0,"[19, 131]",206,5,4,0.004805967211723328
1K7JA,0,"[19, 131]",206,5,5,0.00469822296872735
1K7JA,0,"[19, 131]",206,5,6,0.004328608047217131
1K7JA,0,"[19, 131]",206,5,7,0.004368642810732126
1K7JA,0,"[19, 131]",206,5,8,0.009161045774817467
1K7JA,0,"[19, 131]",206,5,9,0.0711512491106987
1K7JA,0,"[19, 131]",206,5,10,0.04237600788474083
1K7JA,0,"[19, 131]",206,5,11,0.08326219022274017
1K7JA,0,"[19, 131]",206,5,12,0.123714379966259
1K7JA,0,"[19, 131]",206,5,13,0.19811828434467316
1K7JA,0,"[19, 131]",206,5,14,0.19646994769573212
1K7JA,0,"[19, 131]",206,5,15,0.20332162082195282
1K7JA,0,"[19, 131]",206,5,16,0.2314506322145462
1K7JA,0,"[19, 131]",206,5,17,0.23967526853084564
1K7JA,0,"[19, 131]",206,5,18,0.15806134045124054
1K7JA,0,"[19, 131]",206,5,19,0.0732024759054184
1K7JA,0,"[19, 131]",206,5,20,0.07202379405498505
1K7JA,0,"[19, 131]",206,5,21,0.05061507225036621
1K7JA,0,"[19, 131]",206,5,22,0.047278523445129395
1K7JA,0,"[19, 131]",206,5,23,0.02973427250981331
1K7JA,0,"[19, 131]",206,5,24,0.033165015280246735
1K7JA,0,"[19, 131]",206,5,25,0.030017871409654617
1K7JA,0,"[19, 131]",206,5,26,0.45507049560546875
1K7JA,0,"[19, 131]",206,5,27,0.9818600416183472
1K7JA,0,"[19, 131]",206,5,28,0.9941718578338623
1K7JA,0,"[19, 131]",206,5,29,0.9847992658615112
1K7JA,0,"[19, 131]",206,5,30,0.9928523898124695
1K7JA,0,"[19, 131]",206,5,31,0.9847198128700256
1MJ5A,0,"[128, 240]",302,5,0,0.005145691800862551
1MJ5A,0,"[128, 240]",302,5,1,0.005102346185594797
1MJ5A,0,"[128, 240]",302,5,2,0.006029472686350346
1MJ5A,0,"[128, 240]",302,5,3,0.00617249496281147
1MJ5A,0,"[128, 240]",302,5,4,0.005742957349866629
1MJ5A,0,"[128, 240]",302,5,5,0.006269287317991257
1MJ5A,0,"[128, 240]",302,5,6,0.006158196832984686
1MJ5A,0,"[128, 240]",302,5,7,0.005932800006121397
1MJ5A,0,"[128, 240]",302,5,8,0.005858500488102436
1MJ5A,0,"[128, 240]",302,5,9,0.006122825667262077
1MJ5A,0,"[128, 240]",302,5,10,0.005904102697968483
1MJ5A,0,"[128, 240]",302,5,11,0.006022314541041851
1MJ5A,0,"[128, 240]",302,5,12,0.0064560468308627605
1MJ5A,0,"[128, 240]",302,5,13,0.006553742568939924
1MJ5A,0,"[128, 240]",302,5,14,0.006974187213927507
1MJ5A,0,"[128, 240]",302,5,15,0.006870070472359657
1MJ5A,0,"[128, 240]",302,5,16,0.006376455072313547
1MJ5A,0,"[128, 240]",302,5,17,0.006162698846310377
1MJ5A,0,"[128, 240]",302,5,18,0.006354902405291796
1MJ5A,0,"[128, 240]",302,5,19,0.006325239781290293
1MJ5A,0,"[128, 240]",302,5,20,0.006721110083162785
1MJ5A,0,"[128, 240]",302,5,21,0.005824081599712372
1MJ5A,0,"[128, 240]",302,5,22,0.0063199675641953945
1MJ5A,0,"[128, 240]",302,5,23,0.005879539996385574
1MJ5A,0,"[128, 240]",302,5,24,1.0428197383880615
1MJ5A,0,"[128, 240]",302,5,25,1.0368081331253052
1MJ5A,0,"[128, 240]",302,5,26,1.0395731925964355
1MJ5A,0,"[128, 240]",302,5,27,1.0405312776565552
1MO9A,0,"[47, 172]",523,5,0,0.008515958674252033
1MO9A,0,"[47, 172]",523,5,1,0.007840321399271488
1MO9A,0,"[47, 172]",523,5,2,0.007331379689276218
1MO9A,0,"[47, 172]",523,5,3,0.008216735906898975
1MO9A,0,"[47, 172]",523,5,4,0.008531277999281883
1MO9A,0,"[47, 172]",523,5,5,0.010436697863042355
1MO9A,0,"[47, 172]",523,5,6,0.01025625504553318
1MO9A,0,"[47, 172]",523,5,7,0.010311620309948921
1MO9A,0,"[47, 172]",523,5,8,0.008961543440818787
1MO9A,0,"[47, 172]",523,5,9,0.008985727094113827
1MO9A,0,"[47, 172]",523,5,10,0.01042521558701992
1MO9A,0,"[47, 172]",523,5,11,0.009369219653308392
1MO9A,0,"[47, 172]",523,5,12,0.009700259193778038
1MO9A,0,"[47, 172]",523,5,13,0.010435712523758411
1MO9A,0,"[47, 172]",523,5,14,0.009982064366340637
1MO9A,0,"[47, 172]",523,5,15,0.011165841482579708
1MO9A,0,"[47, 172]",523,5,16,0.010594028048217297
1MO9A,0,"[47, 172]",523,5,17,0.009007603861391544
1MO9A,0,"[47, 172]",523,5,18,0.008997307159006596
1MO9A,0,"[47, 172]",523,5,19,0.008483512327075005
1MO9A,0,"[47, 172]",523,5,20,0.008505458943545818
1MO9A,0,"[47, 172]",523,5,21,0.008577173575758934
1MO9A,0,"[47, 172]",523,5,22,0.008170279674232006
1MO9A,0,"[47, 172]",523,5,23,0.00849971454590559
1MO9A,0,"[47, 172]",523,5,24,0.009224576875567436
1MO9A,0,"[47, 172]",523,5,25,0.007692535407841206
1MO9A,0,"[47, 172]",523,5,26,0.008059750311076641
1MO9A,0,"[47, 172]",523,5,27,0.007054788991808891
1MO9A,0,"[47, 172]",523,5,28,0.006382521707564592
1MO9A,0,"[47, 172]",523,5,29,0.006318958010524511
1MO9A,0,"[47, 172]",523,5,30,0.00651010125875473
1MO9A,0,"[47, 172]",523,5,31,0.00635382067412138
1MO9A,0,"[47, 172]",523,5,32,0.006703944411128759
1MO9A,0,"[47, 172]",523,5,33,0.00758019695058465
1MO9A,0,"[47, 172]",523,5,34,0.00777068454772234
1MO9A,0,"[47, 172]",523,5,35,0.008099398575723171
1MO9A,0,"[47, 172]",523,5,36,0.008423789404332638
1MO9A,0,"[47, 172]",523,5,37,0.007887725718319416
1MO9A,0,"[47, 172]",523,5,38,0.9665228128433228
1MO9A,0,"[47, 172]",523,5,39,0.9320387840270996
1MO9A,0,"[47, 172]",523,5,40,0.9307681918144226
1MO9A,0,"[47, 172]",523,5,41,0.918678879737854
1MO9A,0,"[47, 172]",523,5,42,0.9274716973304749
1MO9A,0,"[47, 172]",523,5,43,0.9321061372756958
1NNLA,0,"[17, 175]",225,5,0,0.005804657470434904
1NNLA,0,"[17, 175]",225,5,1,0.0060996259562671185
1NNLA,0,"[17, 175]",225,5,2,0.005844444502145052
1NNLA,0,"[17, 175]",225,5,3,0.006059001665562391
1NNLA,0,"[17, 175]",225,5,4,0.006234847474843264
1NNLA,0,"[17, 175]",225,5,5,0.006582542788237333
1NNLA,0,"[17, 175]",225,5,6,0.006564874667674303
1NNLA,0,"[17, 175]",225,5,7,0.006539425812661648
1NNLA,0,"[17, 175]",225,5,8,0.006253900472074747
1NNLA,0,"[17, 175]",225,5,9,0.006366688758134842
1NNLA,0,"[17, 175]",225,5,10,0.7254877686500549
1NNLA,0,"[17, 175]",225,5,11,0.706597089767456
1NNLA,0,"[17, 175]",225,5,12,0.7098841071128845
1NNLA,0,"[17, 175]",225,5,13,0.7569329142570496
1NNLA,0,"[17, 175]",225,5,14,0.7334737777709961
1NNLA,0,"[17, 175]",225,5,15,0.7801510095596313
1NOXA,0,"[64, 165]",205,5,0,0.005338829942047596
1NOXA,0,"[64, 165]",205,5,1,0.004549793433398008
1NOXA,0,"[64, 165]",205,5,2,0.006546574644744396
1NOXA,0,"[64, 165]",205,5,3,0.006734526716172695
1NOXA,0,"[64, 165]",205,5,4,0.0064908042550086975
1NOXA,0,"[64, 165]",205,5,5,0.00446405541151762
1NOXA,0,"[64, 165]",205,5,6,0.005556883756071329
1NOXA,0,"[64, 165]",205,5,7,0.0047292388044297695
1NOXA,0,"[64, 165]",205,5,8,0.006608570925891399
1NOXA,0,"[64, 165]",205,5,9,0.005889025516808033
1NOXA,0,"[64, 165]",205,5,10,0.009720634669065475
1NOXA,0,"[64, 165]",205,5,11,0.9017406105995178
1NOXA,0,"[64, 165]",205,5,12,0.8245540261268616
1NOXA,0,"[64, 165]",205,5,13,0.9006062746047974
1NOXA,0,"[64, 165]",205,5,14,0.8999493718147278
1NOXA,0,"[64, 165]",205,5,15,0.8995314240455627
1NZYA,0,"[84, 232]",269,5,0,0.005435708910226822
1NZYA,0,"[84, 232]",269,5,1,0.005589449778199196
1NZYA,0,"[84, 232]",269,5,2,0.0054627456702291965
1NZYA,0,"[84, 232]",269,5,3,0.006081841886043549
1NZYA,0,"[84, 232]",269,5,4,0.006191750522702932
1NZYA,0,"[84, 232]",269,5,5,0.005696124397218227
1NZYA,0,"[84, 232]",269,5,6,0.006099667865782976
1NZYA,0,"[84, 232]",269,5,7,0.006595429498702288
1NZYA,0,"[84, 232]",269,5,8,0.00642455043271184
1NZYA,0,"[84, 232]",269,5,9,0.005661589093506336
1NZYA,0,"[84, 232]",269,5,10,0.00550595298409462
1NZYA,0,"[84, 232]",269,5,11,0.005857566371560097
1NZYA,0,"[84, 232]",269,5,12,0.005113840568810701
1NZYA,0,"[84, 232]",269,5,13,0.004425219725817442
1NZYA,0,"[84, 232]",269,5,14,0.004967225715517998
1NZYA,0,"[84, 232]",269,5,15,0.005035997834056616
1NZYA,0,"[84, 232]",269,5,16,0.005255962256342173
1NZYA,0,"[84, 232]",269,5,17,0.004807132296264172
1NZYA,0,"[84, 232]",269,5,18,0.006249588448554277
1NZYA,0,"[84, 232]",269,5,19,0.016394639387726784
1NZYA,0,"[84, 232]",269,5,20,0.015588383190333843
1NZYA,0,"[84, 232]",269,5,21,0.012091990560293198
1NZYA,0,"[84, 232]",269,5,22,0.010919949971139431
1NZYA,0,"[84, 232]",269,5,23,0.009379273280501366
1NZYA,0,"[84, 232]",269,5,24,0.014125913381576538
1NZYA,0,"[84, 232]",269,5,25,0.01635235920548439
1NZYA,0,"[84, 232]",269,5,26,0.01797473430633545
1NZYA,0,"[84, 232]",269,5,27,0.01970875822007656
1NZYA,0,"[84, 232]",269,5,28,0.02638588659465313
1NZYA,0,"[84, 232]",269,5,29,0.030800357460975647
1NZYA,0,"[84, 232]",269,5,30,0.01753326505422592
1NZYA,0,"[84, 232]",269,5,31,0.0274435356259346
1NZYA,0,"[84, 232]",269,5,32,0.014003890566527843
1NZYA,0,"[84, 232]",269,5,33,0.014967742376029491
1NZYA,0,"[84, 232]",269,5,34,0.013100196607410908
1NZYA,0,"[84, 232]",269,5,35,0.011768843047320843
1NZYA,0,"[84, 232]",269,5,36,0.010394222103059292
1NZYA,0,"[84, 232]",269,5,37,0.009784375317394733
1NZYA,0,"[84, 232]",269,5,38,0.009503633715212345
1NZYA,0,"[84, 232]",269,5,39,0.009175941348075867
1NZYA,0,"[84, 232]",269,5,40,0.009352030232548714
1NZYA,0,"[84, 232]",269,5,41,0.008760087192058563
1NZYA,0,"[84, 232]",269,5,42,0.008631558157503605
1NZYA,0,"[84, 232]",269,5,43,0.009204961359500885
1NZYA,0,"[84, 232]",269,5,44,0.009285222738981247
1NZYA,0,"[84, 232]",269,5,45,0.009273292496800423
1NZYA,0,"[84, 232]",269,5,46,0.010094462893903255
1NZYA,0,"[84, 232]",269,5,47,0.011331691406667233
1NZYA,0,"[84, 232]",269,5,48,0.011281219311058521
1NZYA,0,"[84, 232]",269,5,49,0.011629066430032253
1NZYA,0,"[84, 232]",269,5,50,0.01209222711622715
1NZYA,0,"[84, 232]",269,5,51,0.011838880367577076
1NZYA,0,"[84, 232]",269,5,52,0.011318962089717388
1NZYA,0,"[84, 232]",269,5,53,0.011006912216544151
1NZYA,0,"[84, 232]",269,5,54,0.011882999911904335
1NZYA,0,"[84, 232]",269,5,55,0.012023438699543476
1NZYA,0,"[84, 232]",269,5,56,0.012531816028058529
1NZYA,0,"[84, 232]",269,5,57,0.012895600870251656
1NZYA,0,"[84, 232]",269,5,58,0.014332263730466366
1NZYA,0,"[84, 232]",269,5,59,0.013163802213966846
1NZYA,0,"[84, 232]",269,5,60,0.012199032120406628
1O97D,0,"[61, 172]",320,5,0,0.007157249376177788
1O97D,0,"[61, 172]",320,5,1,0.008598440326750278
1O97D,0,"[61, 172]",320,5,2,0.007769167423248291
1O97D,0,"[61, 172]",320,5,3,0.009474228136241436
1O97D,0,"[61, 172]",320,5,4,0.007169491145759821
1O97D,0,"[61, 172]",320,5,5,0.007589313201606274
1O97D,0,"[61, 172]",320,5,6,0.007717030122876167
1O97D,0,"[61, 172]",320,5,7,0.0075718993321061134
1O97D,0,"[61, 172]",320,5,8,0.006415956187993288
1O97D,0,"[61, 172]",320,5,9,0.0068492647260427475
1O97D,0,"[61, 172]",320,5,10,0.0064526330679655075
1O97D,0,"[61, 172]",320,5,11,0.0069061871618032455
1O97D,0,"[61, 172]",320,5,12,0.007134112063795328
1O97D,0,"[61, 172]",320,5,13,0.007214125245809555
1O97D,0,"[61, 172]",320,5,14,0.006501700729131699
1O97D,0,"[61, 172]",320,5,15,0.007379789836704731
1O97D,0,"[61, 172]",320,5,16,0.006329112220555544
1O97D,0,"[61, 172]",320,5,17,0.007175677455961704
1O97D,0,"[61, 172]",320,5,18,0.007236796896904707
1O97D,0,"[61, 172]",320,5,19,0.006869916338473558
1O97D,0,"[61, 172]",320,5,20,0.007922091521322727
1O97D,0,"[61, 172]",320,5,21,0.011700858362019062
1O97D,0,"[61, 172]",320,5,22,0.011601142585277557
1O97D,0,"[61, 172]",320,5,23,0.011023390106856823
1O97D,0,"[61, 172]",320,5,24,0.011127179488539696
1O97D,0,"[61, 172]",320,5,25,0.010781853459775448
1O97D,0,"[61, 172]",320,5,26,0.011036938987672329
1O97D,0,"[61, 172]",320,5,27,0.010838553309440613
1O97D,0,"[61, 172]",320,5,28,0.010643060319125652
1O97D,0,"[61, 172]",320,5,29,0.010863992385566235
1O97D,0,"[61, 172]",320,5,30,0.010829269886016846
1O97D,0,"[61, 172]",320,5,31,0.010770699940621853
1O97D,0,"[61, 172]",320,5,32,0.010468516498804092
1O97D,0,"[61, 172]",320,5,33,0.010515464469790459
1O97D,0,"[61, 172]",320,5,34,0.010605283081531525
1O97D,0,"[61, 172]",320,5,35,0.011067706160247326
1O97D,0,"[61, 172]",320,5,36,0.006977925077080727
1O97D,0,"[61, 172]",320,5,37,0.00674122991040349
1O97D,0,"[61, 172]",320,5,38,0.0065975552424788475
1O97D,0,"[61, 172]",320,5,39,0.006532120052725077
1O97D,0,"[61, 172]",320,5,40,0.010062920860946178
1O97D,0,"[61, 172]",320,5,41,0.010222602635622025
1O97D,0,"[61, 172]",320,5,42,0.006536849308758974
1O97D,0,"[61, 172]",320,5,43,0.009598623029887676
1O97D,0,"[61, 172]",320,5,44,0.051908064633607864
1O97D,0,"[61, 172]",320,5,45,0.10750089585781097
1O97D,0,"[61, 172]",320,5,46,0.02843514457345009
1O97D,0,"[61, 172]",320,5,47,0.013324380852282047
1O97D,0,"[61, 172]",320,5,48,0.01799297146499157
1O97D,0,"[61, 172]",320,5,49,0.018374595791101456
1O97D,0,"[61, 172]",320,5,50,0.012156716547906399
1O97D,0,"[61, 172]",320,5,51,0.06559006869792938
1O97D,0,"[61, 172]",320,5,52,0.08973658829927444
1O97D,0,"[61, 172]",320,5,53,0.19649532437324524
1O97D,0,"[61, 172]",320,5,54,0.21408423781394958
1O97D,0,"[61, 172]",320,5,55,0.1688196361064911
1O97D,0,"[61, 172]",320,5,56,0.05126538127660751
1O97D,0,"[61, 172]",320,5,57,0.048083432018756866
1O97D,0,"[61, 172]",320,5,58,0.05346151068806648
1O97D,0,"[61, 172]",320,5,59,0.05766017362475395
1O97D,0,"[61, 172]",320,5,60,0.049501948058605194
1OOEA,0,"[19, 203]",236,5,0,0.004786141216754913
1OOEA,0,"[19, 203]",236,5,1,0.004546262323856354
1OOEA,0,"[19, 203]",236,5,2,0.0039480626583099365
1OOEA,0,"[19, 203]",236,5,3,0.004514710977673531
1OOEA,0,"[19, 203]",236,5,4,0.003736174898222089
1OOEA,0,"[19, 203]",236,5,5,0.0050589251331985
1OOEA,0,"[19, 203]",236,5,6,0.00613983441144228
1OOEA,0,"[19, 203]",236,5,7,0.00440192548558116
1OOEA,0,"[19, 203]",236,5,8,0.004045566078275442
1OOEA,0,"[19, 203]",236,5,9,0.005330021493136883
1OOEA,0,"[19, 203]",236,5,10,0.006621102802455425
1OOEA,0,"[19, 203]",236,5,11,0.009747479110956192
1OOEA,0,"[19, 203]",236,5,12,0.01227202545851469
1OOEA,0,"[19, 203]",236,5,13,0.009251232258975506
1OOEA,0,"[19, 203]",236,5,14,0.010435490868985653
1OOEA,0,"[19, 203]",236,5,15,0.011232208460569382
1OOEA,0,"[19, 203]",236,5,16,0.01046689972281456
1OOEA,0,"[19, 203]",236,5,17,0.008182347752153873
1OOEA,0,"[19, 203]",236,5,18,0.0062244003638625145
1OOEA,0,"[19, 203]",236,5,19,0.007750386372208595
1OOEA,0,"[19, 203]",236,5,20,0.011250591836869717
1OOEA,0,"[19, 203]",236,5,21,0.011179076507687569
1OOEA,0,"[19, 203]",236,5,22,0.01156481821089983
1OOEA,0,"[19, 203]",236,5,23,0.011825363151729107
1OOEA,0,"[19, 203]",236,5,24,0.012277343310415745
1OOEA,0,"[19, 203]",236,5,25,0.012814454734325409
1OOEA,0,"[19, 203]",236,5,26,0.01481461152434349
1OOEA,0,"[19, 203]",236,5,27,0.022248800843954086
1OOEA,0,"[19, 203]",236,5,28,0.022248800843954086
1OOEA,0,"[19, 203]",236,5,29,0.022248800843954086
1OOEA,0,"[19, 203]",236,5,30,0.022248800843954086
1OOEA,0,"[19, 203]",236,5,31,0.022248800843954086
1OOEA,0,"[19, 203]",236,5,32,0.022248800843954086
1OOEA,0,"[19, 203]",236,5,33,0.022248800843954086
1OOEA,0,"[19, 203]",236,5,34,0.022248800843954086
1OOEA,0,"[19, 203]",236,5,35,0.022248800843954086
1OOEA,0,"[19, 203]",236,5,36,0.022248800843954086
1OOEA,0,"[19, 203]",236,5,37,0.022248800843954086
1OOEA,0,"[19, 203]",236,5,38,0.022248800843954086
1OOEA,0,"[19, 203]",236,5,39,0.022248800843954086
1OOEA,0,"[19, 203]",236,5,40,0.022248800843954086
1OOEA,0,"[19, 203]",236,5,41,0.022248800843954086
1OOEA,0,"[19, 203]",236,5,42,0.022248800843954086
1OOEA,0,"[19, 203]",236,5,43,0.022248800843954086
1OOEA,0,"[19, 203]",236,5,44,0.022248800843954086
1OOEA,0,"[19, 203]",236,5,45,0.022248800843954086
1OOEA,0,"[19, 203]",236,5,46,0.022248800843954086
1OOEA,0,"[19, 203]",236,5,47,0.022248800843954086
1OOEA,0,"[19, 203]",236,5,48,0.022248800843954086
1OOEA,0,"[19, 203]",236,5,49,0.022248800843954086
1OOEA,0,"[19, 203]",236,5,50,0.022248800843954086
1OOEA,0,"[19, 203]",236,5,51,0.022248800843954086
1OOEA,0,"[19, 203]",236,5,52,0.022248800843954086
1OOEA,0,"[19, 203]",236,5,53,0.022248800843954086
1OOEA,0,"[19, 203]",236,5,54,0.022248800843954086
1OOEA,0,"[19, 203]",236,5,55,0.022248800843954086
1OOEA,0,"[19, 203]",236,5,56,0.022248800843954086
1OOEA,0,"[19, 203]",236,5,57,0.022248800843954086
1OOEA,0,"[19, 203]",236,5,58,0.022248800843954086
1OOEA,0,"[19, 203]",236,5,59,0.022248800843954086
1OOEA,0,"[19, 203]",236,5,60,0.022249195724725723
1OZHA,0,"[227, 328]",566,5,0,0.007261124439537525
1OZHA,0,"[227, 328]",566,5,1,0.00742834759876132
1OZHA,0,"[227, 328]",566,5,2,0.007064394187182188
1OZHA,0,"[227, 328]",566,5,3,0.006575325969606638
1OZHA,0,"[227, 328]",566,5,4,0.007188030984252691
1OZHA,0,"[227, 328]",566,5,5,0.006482494994997978
1OZHA,0,"[227, 328]",566,5,6,0.007699016481637955
1OZHA,0,"[227, 328]",566,5,7,0.007564495783299208
1OZHA,0,"[227, 328]",566,5,8,0.007272075396031141
1OZHA,0,"[227, 328]",566,5,9,0.007690446451306343
1OZHA,0,"[227, 328]",566,5,10,0.00827796384692192
1OZHA,0,"[227, 328]",566,5,11,0.007421295158565044
1OZHA,0,"[227, 328]",566,5,12,0.007651770021766424
1OZHA,0,"[227, 328]",566,5,13,0.007883680053055286
1OZHA,0,"[227, 328]",566,5,14,0.007920839823782444
1OZHA,0,"[227, 328]",566,5,15,0.007957757450640202
1OZHA,0,"[227, 328]",566,5,16,0.0076585435308516026
1OZHA,0,"[227, 328]",566,5,17,0.007562823593616486
1OZHA,0,"[227, 328]",566,5,18,0.007365713361650705
1OZHA,0,"[227, 328]",566,5,19,0.007791210897266865
1OZHA,0,"[227, 328]",566,5,20,0.007872688584029675
1OZHA,0,"[227, 328]",566,5,21,0.007569768466055393
1OZHA,0,"[227, 328]",566,5,22,0.007719138171523809
1OZHA,0,"[227, 328]",566,5,23,0.007740813307464123
1OZHA,0,"[227, 328]",566,5,24,0.007725515868514776
1OZHA,0,"[227, 328]",566,5,25,0.0076991356909275055
1OZHA,0,"[227, 328]",566,5,26,0.007863330654799938
1OZHA,0,"[227, 328]",566,5,27,0.007908779196441174
1OZHA,0,"[227, 328]",566,5,28,0.007919826544821262
1OZHA,0,"[227, 328]",566,5,29,0.007890338078141212
1OZHA,0,"[227, 328]",566,5,30,0.007906870916485786
1OZHA,0,"[227, 328]",566,5,31,0.00791595596820116
1OZHA,0,"[227, 328]",566,5,32,0.00787330698221922
1OZHA,0,"[227, 328]",566,5,33,0.0080600306391716
1OZHA,0,"[227, 328]",566,5,34,0.007664594333618879
1OZHA,0,"[227, 328]",566,5,35,0.0074397120624780655
1OZHA,0,"[227, 328]",566,5,36,0.007241355255246162
1OZHA,0,"[227, 328]",566,5,37,0.0076772975735366344
1OZHA,0,"[227, 328]",566,5,38,0.007555859163403511
1OZHA,0,"[227, 328]",566,5,39,0.007625860162079334
1OZHA,0,"[227, 328]",566,5,40,0.007278348784893751
1OZHA,0,"[227, 328]",566,5,41,0.008465223014354706
1OZHA,0,"[227, 328]",566,5,42,0.007973144762217999
1OZHA,0,"[227, 328]",566,5,43,0.007804990746080875
1OZHA,0,"[227, 328]",566,5,44,0.00821751356124878
1OZHA,0,"[227, 328]",566,5,45,0.010023587383329868
1OZHA,0,"[227, 328]",566,5,46,0.006633678916841745
1OZHA,0,"[227, 328]",566,5,47,0.0066079976968467236
1OZHA,0,"[227, 328]",566,5,48,0.006327987648546696
1OZHA,0,"[227, 328]",566,5,49,0.006583870854228735
1OZHA,0,"[227, 328]",566,5,50,0.006323699839413166
1OZHA,0,"[227, 328]",566,5,51,0.00693237641826272
1OZHA,0,"[227, 328]",566,5,52,0.007018516771495342
1OZHA,0,"[227, 328]",566,5,53,0.006999591365456581
1OZHA,0,"[227, 328]",566,5,54,0.00696432963013649
1OZHA,0,"[227, 328]",566,5,55,0.006213728338479996
1OZHA,0,"[227, 328]",566,5,56,0.007278158329427242
1OZHA,0,"[227, 328]",566,5,57,0.006887592375278473
1OZHA,0,"[227, 328]",566,5,58,0.006900577340275049
1OZHA,0,"[227, 328]",566,5,59,0.007413206156343222
1OZHA,0,"[227, 328]",566,5,60,0.0071678864769637585
1P3DA,0,"[341, 455]",475,5,0,0.008044050075113773
1P3DA,0,"[341, 455]",475,5,1,0.00847663078457117
1P3DA,0,"[341, 455]",475,5,2,0.009123087860643864
1P3DA,0,"[341, 455]",475,5,3,0.008041792549192905
1P3DA,0,"[341, 455]",475,5,4,0.00844567734748125
1P3DA,0,"[341, 455]",475,5,5,0.008992110379040241
1P3DA,0,"[341, 455]",475,5,6,0.008955557830631733
1P3DA,0,"[341, 455]",475,5,7,0.008025452494621277
1P3DA,0,"[341, 455]",475,5,8,0.00791323371231556
1P3DA,0,"[341, 455]",475,5,9,0.009645613841712475
1P3DA,0,"[341, 455]",475,5,10,0.009861473925411701
1P3DA,0,"[341, 455]",475,5,11,0.01044288370758295
1P3DA,0,"[341, 455]",475,5,12,0.009059246629476547
1P3DA,0,"[341, 455]",475,5,13,0.008731300011277199
1P3DA,0,"[341, 455]",475,5,14,0.008230742067098618
1P3DA,0,"[341, 455]",475,5,15,0.008408802561461926
1P3DA,0,"[341, 455]",475,5,16,0.008636961691081524
1P3DA,0,"[341, 455]",475,5,17,0.0093076191842556
1P3DA,0,"[341, 455]",475,5,18,0.008142170496284962
1P3DA,0,"[341, 455]",475,5,19,0.008897852152585983
1P3DA,0,"[341, 455]",475,5,20,0.009040050208568573
1P3DA,0,"[341, 455]",475,5,21,0.007607036270201206
1P3DA,0,"[341, 455]",475,5,22,0.008407354354858398
1P3DA,0,"[341, 455]",475,5,23,0.007907481864094734
1P3DA,0,"[341, 455]",475,5,24,0.00790238194167614
1P3DA,0,"[341, 455]",475,5,25,0.008347426541149616
1P3DA,0,"[341, 455]",475,5,26,0.007360084913671017
1P3DA,0,"[341, 455]",475,5,27,0.008255465887486935
1P3DA,0,"[341, 455]",475,5,28,0.008761044591665268
1P3DA,0,"[341, 455]",475,5,29,0.00868584867566824
1P3DA,0,"[341, 455]",475,5,30,0.008500246331095695
1P3DA,0,"[341, 455]",475,5,31,0.008322326466441154
1P3DA,0,"[341, 455]",475,5,32,0.008103999309241772
1P3DA,0,"[341, 455]",475,5,33,0.008210502564907074
1P3DA,0,"[341, 455]",475,5,34,0.008843256160616875
1P3DA,0,"[341, 455]",475,5,35,0.008466517552733421
1P3DA,0,"[341, 455]",475,5,36,0.008298643864691257
1P3DA,0,"[341, 455]",475,5,37,0.007771444972604513
1P3DA,0,"[341, 455]",475,5,38,0.007739332504570484
1P3DA,0,"[341, 455]",475,5,39,0.007834860123693943
1P3DA,0,"[341, 455]",475,5,40,0.007983373478055
1P3DA,0,"[341, 455]",475,5,41,0.0074668084271252155
1P3DA,0,"[341, 455]",475,5,42,0.00889117643237114
1P3DA,0,"[341, 455]",475,5,43,0.009160231798887253
1P3DA,0,"[341, 455]",475,5,44,0.007745454087853432
1P3DA,0,"[341, 455]",475,5,45,0.008405488915741444
1P3DA,0,"[341, 455]",475,5,46,0.008352318778634071
1P3DA,0,"[341, 455]",475,5,47,0.007966335862874985
1P3DA,0,"[341, 455]",475,5,48,0.008219052106142044
1P3DA,0,"[341, 455]",475,5,49,0.007747182156890631
1P3DA,0,"[341, 455]",475,5,50,0.007546920329332352
1P3DA,0,"[341, 455]",475,5,51,0.007522227242588997
1P3DA,0,"[341, 455]",475,5,52,0.007742943707853556
1P3DA,0,"[341, 455]",475,5,53,0.007381636183708906
1P3DA,0,"[341, 455]",475,5,54,0.0073793744668364525
1P3DA,0,"[341, 455]",475,5,55,0.0072347852401435375
1P3DA,0,"[341, 455]",475,5,56,0.007592716719955206
1P3DA,0,"[341, 455]",475,5,57,0.0072359056212008
1P3DA,0,"[341, 455]",475,5,58,0.007481907494366169
1P3DA,0,"[341, 455]",475,5,59,0.008589155040681362
1P3DA,0,"[341, 455]",475,5,60,0.007518337108194828
1PVGA,0,"[101, 202]",418,5,0,0.0068085384555161
1PVGA,0,"[101, 202]",418,5,1,0.00750593701377511
1PVGA,0,"[101, 202]",418,5,2,0.006444545928388834
1PVGA,0,"[101, 202]",418,5,3,0.006990497000515461
1PVGA,0,"[101, 202]",418,5,4,0.006351332180202007
1PVGA,0,"[101, 202]",418,5,5,0.006617952603846788
1PVGA,0,"[101, 202]",418,5,6,0.006590188946574926
1PVGA,0,"[101, 202]",418,5,7,0.007104957941919565
1PVGA,0,"[101, 202]",418,5,8,0.007202508859336376
1PVGA,0,"[101, 202]",418,5,9,0.006990957539528608
1PVGA,0,"[101, 202]",418,5,10,0.006993141956627369
1PVGA,0,"[101, 202]",418,5,11,0.006663089152425528
1PVGA,0,"[101, 202]",418,5,12,0.007745814044028521
1PVGA,0,"[101, 202]",418,5,13,0.006486872676759958
1PVGA,0,"[101, 202]",418,5,14,0.006714842282235622
1PVGA,0,"[101, 202]",418,5,15,0.006898433435708284
1PVGA,0,"[101, 202]",418,5,16,0.006925053894519806
1PVGA,0,"[101, 202]",418,5,17,0.00743141071870923
1PVGA,0,"[101, 202]",418,5,18,0.007212298922240734
1PVGA,0,"[101, 202]",418,5,19,0.00748778460547328
1PVGA,0,"[101, 202]",418,5,20,0.007457020692527294
1PVGA,0,"[101, 202]",418,5,21,0.007681738585233688
1PVGA,0,"[101, 202]",418,5,22,0.007022783160209656
1PVGA,0,"[101, 202]",418,5,23,0.006737627554684877
1PVGA,0,"[101, 202]",418,5,24,0.006770185194909573
1PVGA,0,"[101, 202]",418,5,25,0.006507712882012129
1PVGA,0,"[101, 202]",418,5,26,0.006139673758298159
1PVGA,0,"[101, 202]",418,5,27,0.005342625547200441
1PVGA,0,"[101, 202]",418,5,28,0.005586322396993637
1PVGA,0,"[101, 202]",418,5,29,0.006031020078808069
1PVGA,0,"[101, 202]",418,5,30,0.006275494117289782
1PVGA,0,"[101, 202]",418,5,31,0.005868824198842049
1PVGA,0,"[101, 202]",418,5,32,0.006330742035061121
1PVGA,0,"[101, 202]",418,5,33,0.006943976506590843
1PVGA,0,"[101, 202]",418,5,34,0.006885206326842308
1PVGA,0,"[101, 202]",418,5,35,0.9922766089439392
1PVGA,0,"[101, 202]",418,5,36,0.9679991006851196
1PVGA,0,"[101, 202]",418,5,37,0.9602999091148376
1PVGA,0,"[101, 202]",418,5,38,0.9652367234230042
1PVGA,0,"[101, 202]",418,5,39,0.9777817130088806
1Q0RA,0,"[122, 242]",298,5,0,0.0066511062905192375
1Q0RA,0,"[122, 242]",298,5,1,0.006342774722725153
1Q0RA,0,"[122, 242]",298,5,2,0.006017092615365982
1Q0RA,0,"[122, 242]",298,5,3,0.005212601739913225
1Q0RA,0,"[122, 242]",298,5,4,0.006143458187580109
1Q0RA,0,"[122, 242]",298,5,5,0.004811734892427921
1Q0RA,0,"[122, 242]",298,5,6,0.0044288020581007
1Q0RA,0,"[122, 242]",298,5,7,0.005664076656103134
1Q0RA,0,"[122, 242]",298,5,8,0.005883496720343828
1Q0RA,0,"[122, 242]",298,5,9,0.005705588031560183
1Q0RA,0,"[122, 242]",298,5,10,0.0057519953697919846
1Q0RA,0,"[122, 242]",298,5,11,0.005451233591884375
1Q0RA,0,"[122, 242]",298,5,12,0.00526626268401742
1Q0RA,0,"[122, 242]",298,5,13,0.005109529010951519
1Q0RA,0,"[122, 242]",298,5,14,0.005449460819363594
1Q0RA,0,"[122, 242]",298,5,15,0.005478410981595516
1Q0RA,0,"[122, 242]",298,5,16,0.00483486894518137
1Q0RA,0,"[122, 242]",298,5,17,0.00509864604100585
1Q0RA,0,"[122, 242]",298,5,18,0.005315212067216635
1Q0RA,0,"[122, 242]",298,5,19,0.0052201650105416775
1Q0RA,0,"[122, 242]",298,5,20,0.006605775095522404
1Q0RA,0,"[122, 242]",298,5,21,0.006728934124112129
1Q0RA,0,"[122, 242]",298,5,22,0.006360983941704035
1Q0RA,0,"[122, 242]",298,5,23,0.00609884737059474
1Q0RA,0,"[122, 242]",298,5,24,0.9465105533599854
1Q0RA,0,"[122, 242]",298,5,25,0.9393158555030823
1Q0RA,0,"[122, 242]",298,5,26,0.9397985935211182
1Q0RA,0,"[122, 242]",298,5,27,0.9504746794700623
1Q6ZA,0,"[221, 322]",528,5,0,0.006188315339386463
1Q6ZA,0,"[221, 322]",528,5,1,0.006104236468672752
1Q6ZA,0,"[221, 322]",528,5,2,0.006113107781857252
1Q6ZA,0,"[221, 322]",528,5,3,0.006102452054619789
1Q6ZA,0,"[221, 322]",528,5,4,0.006064292974770069
1Q6ZA,0,"[221, 322]",528,5,5,0.0073804063722491264
1Q6ZA,0,"[221, 322]",528,5,6,0.006617389153689146
1Q6ZA,0,"[221, 322]",528,5,7,0.006738713476806879
1Q6ZA,0,"[221, 322]",528,5,8,0.006253731437027454
1Q6ZA,0,"[221, 322]",528,5,9,0.006851079408079386
1Q6ZA,0,"[221, 322]",528,5,10,0.006725797429680824
1Q6ZA,0,"[221, 322]",528,5,11,0.006779804825782776
1Q6ZA,0,"[221, 322]",528,5,12,0.006761584430932999
1Q6ZA,0,"[221, 322]",528,5,13,0.006651338655501604
1Q6ZA,0,"[221, 322]",528,5,14,0.006670188624411821
1Q6ZA,0,"[221, 322]",528,5,15,0.006726145278662443
1Q6ZA,0,"[221, 322]",528,5,16,0.0067519694566726685
1Q6ZA,0,"[221, 322]",528,5,17,0.006779438350349665
1Q6ZA,0,"[221, 322]",528,5,18,0.006649527698755264
1Q6ZA,0,"[221, 322]",528,5,19,0.006604069843888283
1Q6ZA,0,"[221, 322]",528,5,20,0.006786800455302
1Q6ZA,0,"[221, 322]",528,5,21,0.0071533177979290485
1Q6ZA,0,"[221, 322]",528,5,22,0.006867157761007547
1Q6ZA,0,"[221, 322]",528,5,23,0.006826961413025856
1Q6ZA,0,"[221, 322]",528,5,24,0.006824063137173653
1Q6ZA,0,"[221, 322]",528,5,25,0.007242046296596527
1Q6ZA,0,"[221, 322]",528,5,26,0.006549714133143425
1Q6ZA,0,"[221, 322]",528,5,27,0.006476984824985266
1Q6ZA,0,"[221, 322]",528,5,28,0.0066039725206792355
1Q6ZA,0,"[221, 322]",528,5,29,0.006476911250501871
1Q6ZA,0,"[221, 322]",528,5,30,0.006795260589569807
1Q6ZA,0,"[221, 322]",528,5,31,0.006660638842731714
1Q6ZA,0,"[221, 322]",528,5,32,0.007235230412334204
1Q6ZA,0,"[221, 322]",528,5,33,0.008728357031941414
1Q6ZA,0,"[221, 322]",528,5,34,0.0077710528858006
1Q6ZA,0,"[221, 322]",528,5,35,0.007343546021729708
1Q6ZA,0,"[221, 322]",528,5,36,0.006793707609176636
1Q6ZA,0,"[221, 322]",528,5,37,0.0067036570981144905
1Q6ZA,0,"[221, 322]",528,5,38,0.00663603562861681
1Q6ZA,0,"[221, 322]",528,5,39,0.0066920253448188305
1Q6ZA,0,"[221, 322]",528,5,40,0.0065102241933345795
1Q6ZA,0,"[221, 322]",528,5,41,0.0066068219020962715
1Q6ZA,0,"[221, 322]",528,5,42,0.006334327161312103
1Q6ZA,0,"[221, 322]",528,5,43,0.0065878587774932384
1Q6ZA,0,"[221, 322]",528,5,44,0.006555849686264992
1Q6ZA,0,"[221, 322]",528,5,45,0.006573969963937998
1Q6ZA,0,"[221, 322]",528,5,46,0.006692240014672279
1Q6ZA,0,"[221, 322]",528,5,47,0.0061890375800430775
1Q6ZA,0,"[221, 322]",528,5,48,0.00667503522709012
1Q6ZA,0,"[221, 322]",528,5,49,0.00903143361210823
1Q6ZA,0,"[221, 322]",528,5,50,0.006935163401067257
1Q6ZA,0,"[221, 322]",528,5,51,0.00881904549896717
1Q6ZA,0,"[221, 322]",528,5,52,0.007924902252852917
1Q6ZA,0,"[221, 322]",528,5,53,0.008197239600121975
1Q6ZA,0,"[221, 322]",528,5,54,0.00841714907437563
1Q6ZA,0,"[221, 322]",528,5,55,0.006550537887960672
1Q6ZA,0,"[221, 322]",528,5,56,0.007087807171046734
1Q6ZA,0,"[221, 322]",528,5,57,0.6966611742973328
1Q6ZA,0,"[221, 322]",528,5,58,0.7603315114974976
1Q6ZA,0,"[221, 322]",528,5,59,0.7584546208381653
1RKQA,0,"[30, 264]",282,5,0,0.005109297577291727
1RKQA,0,"[30, 264]",282,5,1,0.0055456217378377914
1RKQA,0,"[30, 264]",282,5,2,0.005442542489618063
1RKQA,0,"[30, 264]",282,5,3,0.0057011740282177925
1RKQA,0,"[30, 264]",282,5,4,0.006816080305725336
1RKQA,0,"[30, 264]",282,5,5,0.0054083759896457195
1RKQA,0,"[30, 264]",282,5,6,0.005240699741989374
1RKQA,0,"[30, 264]",282,5,7,0.005218192003667355
1RKQA,0,"[30, 264]",282,5,8,0.00466042710468173
1RKQA,0,"[30, 264]",282,5,9,0.006236121524125338
1RKQA,0,"[30, 264]",282,5,10,0.004507096484303474
1RKQA,0,"[30, 264]",282,5,11,0.004773290362209082
1RKQA,0,"[30, 264]",282,5,12,0.004945517051964998
1RKQA,0,"[30, 264]",282,5,13,0.005128835327923298
1RKQA,0,"[30, 264]",282,5,14,0.005617036949843168
1RKQA,0,"[30, 264]",282,5,15,0.005972942337393761
1RKQA,0,"[30, 264]",282,5,16,0.006666926667094231
1RKQA,0,"[30, 264]",282,5,17,0.005353307351469994
1RKQA,0,"[30, 264]",282,5,18,0.0050149825401604176
1RKQA,0,"[30, 264]",282,5,19,0.43948298692703247
1RKQA,0,"[30, 264]",282,5,20,0.456494003534317
1RKQA,0,"[30, 264]",282,5,21,0.5264445543289185
1RKQA,0,"[30, 264]",282,5,22,0.5145914554595947
1RKQA,0,"[30, 264]",282,5,23,0.5091809630393982
1RKQA,0,"[30, 264]",282,5,24,0.5339115262031555
1RKQA,0,"[30, 264]",282,5,25,0.5407841205596924
1RKQA,0,"[30, 264]",282,5,26,0.5407841205596924
1RKQA,0,"[30, 264]",282,5,27,0.5407841205596924
1RKQA,0,"[30, 264]",282,5,28,0.5407841205596924
1RKQA,0,"[30, 264]",282,5,29,0.5407841205596924
1RKQA,0,"[30, 264]",282,5,30,0.5407841205596924
1RKQA,0,"[30, 264]",282,5,31,0.5407841205596924
1RKQA,0,"[30, 264]",282,5,32,0.5407841205596924
1RKQA,0,"[30, 264]",282,5,33,0.5407841205596924
1RKQA,0,"[30, 264]",282,5,34,0.5407841205596924
1RKQA,0,"[30, 264]",282,5,35,0.5407841205596924
1RKQA,0,"[30, 264]",282,5,36,0.5407841205596924
1RKQA,0,"[30, 264]",282,5,37,0.5407841205596924
1RKQA,0,"[30, 264]",282,5,38,0.5407841205596924
1RKQA,0,"[30, 264]",282,5,39,0.5407841205596924
1RKQA,0,"[30, 264]",282,5,40,0.5407841205596924
1RKQA,0,"[30, 264]",282,5,41,0.5407841205596924
1RKQA,0,"[30, 264]",282,5,42,0.5407841205596924
1RKQA,0,"[30, 264]",282,5,43,0.5407841205596924
1RKQA,0,"[30, 264]",282,5,44,0.5407841205596924
1RKQA,0,"[30, 264]",282,5,45,0.5407841205596924
1RKQA,0,"[30, 264]",282,5,46,0.5407841205596924
1RKQA,0,"[30, 264]",282,5,47,0.5407841205596924
1RKQA,0,"[30, 264]",282,5,48,0.5407841205596924
1RKQA,0,"[30, 264]",282,5,49,0.5407841205596924
1RKQA,0,"[30, 264]",282,5,50,0.5407841205596924
1RKQA,0,"[30, 264]",282,5,51,0.5407841205596924
1RKQA,0,"[30, 264]",282,5,52,0.5407841205596924
1RKQA,0,"[30, 264]",282,5,53,0.5407841205596924
1RKQA,0,"[30, 264]",282,5,54,0.5407841205596924
1RKQA,0,"[30, 264]",282,5,55,0.5407841205596924
1RKQA,0,"[30, 264]",282,5,56,0.5407841205596924
1RKQA,0,"[30, 264]",282,5,57,0.5407841205596924
1RKQA,0,"[30, 264]",282,5,58,0.5407841205596924
1RKQA,0,"[30, 264]",282,5,59,0.5407841205596924
1RKQA,0,"[30, 264]",282,5,60,0.5407841205596924
1RM6B,0,"[71, 210]",324,5,0,0.005857688374817371
1RM6B,0,"[71, 210]",324,5,1,0.0058955298736691475
1RM6B,0,"[71, 210]",324,5,2,0.005515978671610355
1RM6B,0,"[71, 210]",324,5,3,0.005420308094471693
1RM6B,0,"[71, 210]",324,5,4,0.006465751212090254
1RM6B,0,"[71, 210]",324,5,5,0.00503202760592103
1RM6B,0,"[71, 210]",324,5,6,0.005533228628337383
1RM6B,0,"[71, 210]",324,5,7,0.005669017788022757
1RM6B,0,"[71, 210]",324,5,8,0.005634901113808155
1RM6B,0,"[71, 210]",324,5,9,0.005745382979512215
1RM6B,0,"[71, 210]",324,5,10,0.005395350977778435
1RM6B,0,"[71, 210]",324,5,11,0.005536191631108522
1RM6B,0,"[71, 210]",324,5,12,0.005044280085712671
1RM6B,0,"[71, 210]",324,5,13,0.0048915003426373005
1RM6B,0,"[71, 210]",324,5,14,0.00452546076849103
1RM6B,0,"[71, 210]",324,5,15,0.005228869616985321
1RM6B,0,"[71, 210]",324,5,16,0.0057489522732794285
1RM6B,0,"[71, 210]",324,5,17,0.005500981584191322
1RM6B,0,"[71, 210]",324,5,18,0.005569086875766516
1RM6B,0,"[71, 210]",324,5,19,0.00539747579023242
1RM6B,0,"[71, 210]",324,5,20,0.005904740653932095
1RM6B,0,"[71, 210]",324,5,21,0.00570079917088151
1RM6B,0,"[71, 210]",324,5,22,0.0053237867541611195
1RM6B,0,"[71, 210]",324,5,23,0.005975047126412392
1RM6B,0,"[71, 210]",324,5,24,0.011624067090451717
1RM6B,0,"[71, 210]",324,5,25,0.01203625462949276
1RM6B,0,"[71, 210]",324,5,26,0.012470553629100323
1RM6B,0,"[71, 210]",324,5,27,0.012302948161959648
1RM6B,0,"[71, 210]",324,5,28,0.011532005853950977
1RM6B,0,"[71, 210]",324,5,29,0.0121392160654068
1RM6B,0,"[71, 210]",324,5,30,0.012337966822087765
1RM6B,0,"[71, 210]",324,5,31,0.012539278715848923
1RM6B,0,"[71, 210]",324,5,32,0.011495182290673256
1RM6B,0,"[71, 210]",324,5,33,0.011379990726709366
1RM6B,0,"[71, 210]",324,5,34,0.011220147833228111
1RM6B,0,"[71, 210]",324,5,35,0.011225051246583462
1RM6B,0,"[71, 210]",324,5,36,0.011301139369606972
1RM6B,0,"[71, 210]",324,5,37,0.011138315312564373
1RM6B,0,"[71, 210]",324,5,38,0.010969155468046665
1RM6B,0,"[71, 210]",324,5,39,0.011096581816673279
1RM6B,0,"[71, 210]",324,5,40,0.010860556736588478
1RM6B,0,"[71, 210]",324,5,41,0.010941404849290848
1RM6B,0,"[71, 210]",324,5,42,0.010951570235192776
1RM6B,0,"[71, 210]",324,5,43,0.011074248701334
1RM6B,0,"[71, 210]",324,5,44,0.010902890004217625
1RM6B,0,"[71, 210]",324,5,45,0.010925340466201305
1RM6B,0,"[71, 210]",324,5,46,0.010755611583590508
1RM6B,0,"[71, 210]",324,5,47,0.010578813031315804
1RM6B,0,"[71, 210]",324,5,48,0.010568810626864433
1RM6B,0,"[71, 210]",324,5,49,0.010644834488630295
1RM6B,0,"[71, 210]",324,5,50,0.010348495095968246
1RM6B,0,"[71, 210]",324,5,51,0.009982025250792503
1RM6B,0,"[71, 210]",324,5,52,0.009688887745141983
1RM6B,0,"[71, 210]",324,5,53,0.00965591799467802
1RM6B,0,"[71, 210]",324,5,54,0.009539096616208553
1RM6B,0,"[71, 210]",324,5,55,0.009105485863983631
1RM6B,0,"[71, 210]",324,5,56,0.6291894912719727
1RM6B,0,"[71, 210]",324,5,57,0.8864932656288147
1RM6B,0,"[71, 210]",324,5,58,0.9044836759567261
1RM6B,0,"[71, 210]",324,5,59,0.9177616238594055
1S0AA,0,"[67, 321]",429,5,0,0.006989044602960348
1S0AA,0,"[67, 321]",429,5,1,0.005866605788469315
1S0AA,0,"[67, 321]",429,5,2,0.005999951157718897
1S0AA,0,"[67, 321]",429,5,3,0.007279940415173769
1S0AA,0,"[67, 321]",429,5,4,0.006212304346263409
1S0AA,0,"[67, 321]",429,5,5,0.006282793823629618
1S0AA,0,"[67, 321]",429,5,6,0.006181678734719753
1S0AA,0,"[67, 321]",429,5,7,0.006097470410168171
1S0AA,0,"[67, 321]",429,5,8,0.006241959519684315
1S0AA,0,"[67, 321]",429,5,9,0.006570546422153711
1S0AA,0,"[67, 321]",429,5,10,0.006177075207233429
1S0AA,0,"[67, 321]",429,5,11,0.00656713405624032
1S0AA,0,"[67, 321]",429,5,12,0.0066763972863554955
1S0AA,0,"[67, 321]",429,5,13,0.006378795485943556
1S0AA,0,"[67, 321]",429,5,14,0.006074110046029091
1S0AA,0,"[67, 321]",429,5,15,0.006591196171939373
1S0AA,0,"[67, 321]",429,5,16,0.006850712466984987
1S0AA,0,"[67, 321]",429,5,17,0.006859139073640108
1S0AA,0,"[67, 321]",429,5,18,0.0072353375144302845
1S0AA,0,"[67, 321]",429,5,19,0.0069288332015275955
1S0AA,0,"[67, 321]",429,5,20,0.006968912668526173
1S0AA,0,"[67, 321]",429,5,21,0.006709744222462177
1S0AA,0,"[67, 321]",429,5,22,0.008210982196033001
1S0AA,0,"[67, 321]",429,5,23,0.007967286743223667
1S0AA,0,"[67, 321]",429,5,24,0.009894896298646927
1S0AA,0,"[67, 321]",429,5,25,0.007197846192866564
1S0AA,0,"[67, 321]",429,5,26,0.005785499699413776
1S0AA,0,"[67, 321]",429,5,27,0.005568690598011017
1S0AA,0,"[67, 321]",429,5,28,0.005594425834715366
1S0AA,0,"[67, 321]",429,5,29,0.005739542655646801
1S0AA,0,"[67, 321]",429,5,30,0.00594548974186182
1S0AA,0,"[67, 321]",429,5,31,0.0061995284631848335
1S0AA,0,"[67, 321]",429,5,32,0.006331732030957937
1S0AA,0,"[67, 321]",429,5,33,0.006728142499923706
1S0AA,0,"[67, 321]",429,5,34,0.9608903527259827
1S0AA,0,"[67, 321]",429,5,35,0.9765573143959045
1S0AA,0,"[67, 321]",429,5,36,0.9912692904472351
1S0AA,0,"[67, 321]",429,5,37,0.9939669370651245
1S0AA,0,"[67, 321]",429,5,38,0.9963973164558411
1S0AA,0,"[67, 321]",429,5,39,0.9929246306419373
1SZWA,0,"[153, 343]",379,5,0,0.005775978788733482
1SZWA,0,"[153, 343]",379,5,1,0.006205916870385408
1SZWA,0,"[153, 343]",379,5,2,0.006254878826439381
1SZWA,0,"[153, 343]",379,5,3,0.004667694680392742
1SZWA,0,"[153, 343]",379,5,4,0.004854327533394098
1SZWA,0,"[153, 343]",379,5,5,0.005438510328531265
1SZWA,0,"[153, 343]",379,5,6,0.005907588172703981
1SZWA,0,"[153, 343]",379,5,7,0.006098342593759298
1SZWA,0,"[153, 343]",379,5,8,0.006565573159605265
1SZWA,0,"[153, 343]",379,5,9,0.006576452869921923
1SZWA,0,"[153, 343]",379,5,10,0.005970978178083897
1SZWA,0,"[153, 343]",379,5,11,0.0058783432468771935
1SZWA,0,"[153, 343]",379,5,12,0.0052297236397862434
1SZWA,0,"[153, 343]",379,5,13,0.005780529696494341
1SZWA,0,"[153, 343]",379,5,14,0.005524822510778904
1SZWA,0,"[153, 343]",379,5,15,0.005495789460837841
1SZWA,0,"[153, 343]",379,5,16,0.005842969752848148
1SZWA,0,"[153, 343]",379,5,17,0.005789846181869507
1SZWA,0,"[153, 343]",379,5,18,0.004997226409614086
1SZWA,0,"[153, 343]",379,5,19,0.006567822769284248
1SZWA,0,"[153, 343]",379,5,20,0.005714409984648228
1SZWA,0,"[153, 343]",379,5,21,0.005506609566509724
1SZWA,0,"[153, 343]",379,5,22,0.006093417759984732
1SZWA,0,"[153, 343]",379,5,23,0.005863163620233536
1SZWA,0,"[153, 343]",379,5,24,0.005482623819261789
1SZWA,0,"[153, 343]",379,5,25,0.005374168045818806
1SZWA,0,"[153, 343]",379,5,26,0.005106144584715366
1SZWA,0,"[153, 343]",379,5,27,0.004787698853760958
1SZWA,0,"[153, 343]",379,5,28,0.0049141775816679
1SZWA,0,"[153, 343]",379,5,29,0.004928982350975275
1SZWA,0,"[153, 343]",379,5,30,0.004787155892699957
1SZWA,0,"[153, 343]",379,5,31,0.005189959425479174
1SZWA,0,"[153, 343]",379,5,32,0.005686346907168627
1SZWA,0,"[153, 343]",379,5,33,0.005686599761247635
1SZWA,0,"[153, 343]",379,5,34,0.005291111301630735
1SZWA,0,"[153, 343]",379,5,35,0.005263079423457384
1SZWA,0,"[153, 343]",379,5,36,0.005585846956819296
1SZWA,0,"[153, 343]",379,5,37,0.005266347900032997
1SZWA,0,"[153, 343]",379,5,38,0.005339537747204304
1SZWA,0,"[153, 343]",379,5,39,0.005306371487677097
1SZWA,0,"[153, 343]",379,5,40,0.9286355972290039
1SZWA,0,"[153, 343]",379,5,41,0.05951622501015663
1SZWA,0,"[153, 343]",379,5,42,0.9023374915122986
1SZWA,0,"[153, 343]",379,5,43,0.9993082284927368
1UJ2A,0,"[25, 135]",252,5,0,0.00968999695032835
1UJ2A,0,"[25, 135]",252,5,1,0.009492181241512299
1UJ2A,0,"[25, 135]",252,5,2,0.009147721342742443
1UJ2A,0,"[25, 135]",252,5,3,0.008325391449034214
1UJ2A,0,"[25, 135]",252,5,4,0.0060868654400110245
1UJ2A,0,"[25, 135]",252,5,5,0.007554827257990837
1UJ2A,0,"[25, 135]",252,5,6,0.006925116293132305
1UJ2A,0,"[25, 135]",252,5,7,0.006796612404286861
1UJ2A,0,"[25, 135]",252,5,8,0.00717677129432559
1UJ2A,0,"[25, 135]",252,5,9,0.006615512538701296
1UJ2A,0,"[25, 135]",252,5,10,0.006960797589272261
1UJ2A,0,"[25, 135]",252,5,11,0.006390025373548269
1UJ2A,0,"[25, 135]",252,5,12,0.008651179261505604
1UJ2A,0,"[25, 135]",252,5,13,0.6798723340034485
1UJ2A,0,"[25, 135]",252,5,14,0.608063280582428
1UJ2A,0,"[25, 135]",252,5,15,0.48108044266700745
1URSA,0,"[145, 268]",402,5,0,0.006602655630558729
1URSA,0,"[145, 268]",402,5,1,0.006888268049806356
1URSA,0,"[145, 268]",402,5,2,0.00608194712549448
1URSA,0,"[145, 268]",402,5,3,0.006096658296883106
1URSA,0,"[145, 268]",402,5,4,0.006925469264388084
1URSA,0,"[145, 268]",402,5,5,0.005631260573863983
1URSA,0,"[145, 268]",402,5,6,0.007528417278081179
1URSA,0,"[145, 268]",402,5,7,0.007938378490507603
1URSA,0,"[145, 268]",402,5,8,0.007657462731003761
1URSA,0,"[145, 268]",402,5,9,0.007959895767271519
1URSA,0,"[145, 268]",402,5,10,0.007644968573004007
1URSA,0,"[145, 268]",402,5,11,0.007750336080789566
1URSA,0,"[145, 268]",402,5,12,0.0065246643498539925
1URSA,0,"[145, 268]",402,5,13,0.00645226426422596
1URSA,0,"[145, 268]",402,5,14,0.006946760229766369
1URSA,0,"[145, 268]",402,5,15,0.006154139060527086
1URSA,0,"[145, 268]",402,5,16,0.006281404290348291
1URSA,0,"[145, 268]",402,5,17,0.006403693463653326
1URSA,0,"[145, 268]",402,5,18,0.006143493577837944
1URSA,0,"[145, 268]",402,5,19,0.0062194629572331905
1URSA,0,"[145, 268]",402,5,20,0.006072680000215769
1URSA,0,"[145, 268]",402,5,21,0.0061323936097323895
1URSA,0,"[145, 268]",402,5,22,0.005946035031229258
1URSA,0,"[145, 268]",402,5,23,0.00575832137838006
1URSA,0,"[145, 268]",402,5,24,0.006200145464390516
1URSA,0,"[145, 268]",402,5,25,0.00624878192320466
1URSA,0,"[145, 268]",402,5,26,0.005726237315684557
1URSA,0,"[145, 268]",402,5,27,0.005745127331465483
1URSA,0,"[145, 268]",402,5,28,0.005963845178484917
1URSA,0,"[145, 268]",402,5,29,0.005673951935023069
1URSA,0,"[145, 268]",402,5,30,0.005664358846843243
1URSA,0,"[145, 268]",402,5,31,0.006019629072397947
1URSA,0,"[145, 268]",402,5,32,0.006684070453047752
1URSA,0,"[145, 268]",402,5,33,0.006778784096240997
1URSA,0,"[145, 268]",402,5,34,0.007064493838697672
1URSA,0,"[145, 268]",402,5,35,0.007151783909648657
1URSA,0,"[145, 268]",402,5,36,0.006671646144241095
1URSA,0,"[145, 268]",402,5,37,0.7825183272361755
1URSA,0,"[145, 268]",402,5,38,0.9143702983856201
1URSA,0,"[145, 268]",402,5,39,0.934899628162384
1YARA,0,"[47, 213]",233,5,0,0.006256033666431904
1YARA,0,"[47, 213]",233,5,1,0.006650410592556
1YARA,0,"[47, 213]",233,5,2,0.00674044992774725
1YARA,0,"[47, 213]",233,5,3,0.0071759638376533985
1YARA,0,"[47, 213]",233,5,4,0.006568714510649443
1YARA,0,"[47, 213]",233,5,5,0.005842176731675863
1YARA,0,"[47, 213]",233,5,6,0.006440845318138599
1YARA,0,"[47, 213]",233,5,7,0.006199494004249573
1YARA,0,"[47, 213]",233,5,8,0.00535962451249361
1YARA,0,"[47, 213]",233,5,9,0.005894631613045931
1YARA,0,"[47, 213]",233,5,10,0.006551971193403006
1YARA,0,"[47, 213]",233,5,11,0.007181622553616762
1YARA,0,"[47, 213]",233,5,12,0.006879906170070171
1YARA,0,"[47, 213]",233,5,13,0.13093289732933044
1YARA,0,"[47, 213]",233,5,14,0.059733133763074875
1YARA,0,"[47, 213]",233,5,15,0.027603402733802795
1YARA,0,"[47, 213]",233,5,16,0.06720279157161713
1YARA,0,"[47, 213]",233,5,17,0.02107718586921692
1YARA,0,"[47, 213]",233,5,18,0.03368489071726799
1YARA,0,"[47, 213]",233,5,19,0.02653864026069641
1YARA,0,"[47, 213]",233,5,20,0.027235686779022217
1YARA,0,"[47, 213]",233,5,21,0.013055337592959404
1YARA,0,"[47, 213]",233,5,22,0.013348069973289967
1YARA,0,"[47, 213]",233,5,23,0.01565817929804325
1YARA,0,"[47, 213]",233,5,24,0.015224901959300041
1YARA,0,"[47, 213]",233,5,25,0.01491926982998848
1YARA,0,"[47, 213]",233,5,26,0.018461083993315697
1YARA,0,"[47, 213]",233,5,27,0.015270106494426727
1YARA,0,"[47, 213]",233,5,28,0.012194637209177017
1YARA,0,"[47, 213]",233,5,29,0.012038081884384155
1YARA,0,"[47, 213]",233,5,30,0.013225692324340343
1YARA,0,"[47, 213]",233,5,31,0.014254936948418617
1YARA,0,"[47, 213]",233,5,32,0.013835452497005463
1YARA,0,"[47, 213]",233,5,33,0.0152290603145957
1YARA,0,"[47, 213]",233,5,34,0.01574603095650673
1YARA,0,"[47, 213]",233,5,35,0.015104133635759354
1YARA,0,"[47, 213]",233,5,36,0.016489723697304726
1YARA,0,"[47, 213]",233,5,37,0.017583968117833138
1YARA,0,"[47, 213]",233,5,38,0.01930423639714718
1YARA,0,"[47, 213]",233,5,39,0.02000916376709938
1YARA,0,"[47, 213]",233,5,40,0.020593639463186264
1YARA,0,"[47, 213]",233,5,41,0.022619599476456642
1YARA,0,"[47, 213]",233,5,42,0.023704294115304947
1YARA,0,"[47, 213]",233,5,43,0.023704294115304947
1YARA,0,"[47, 213]",233,5,44,0.023704294115304947
1YARA,0,"[47, 213]",233,5,45,0.023704294115304947
1YARA,0,"[47, 213]",233,5,46,0.023704294115304947
1YARA,0,"[47, 213]",233,5,47,0.023704294115304947
1YARA,0,"[47, 213]",233,5,48,0.023704294115304947
1YARA,0,"[47, 213]",233,5,49,0.023704294115304947
1YARA,0,"[47, 213]",233,5,50,0.023704294115304947
1YARA,0,"[47, 213]",233,5,51,0.023704294115304947
1YARA,0,"[47, 213]",233,5,52,0.023704294115304947
1YARA,0,"[47, 213]",233,5,53,0.023704294115304947
1YARA,0,"[47, 213]",233,5,54,0.023704294115304947
1YARA,0,"[47, 213]",233,5,55,0.023704294115304947
1YARA,0,"[47, 213]",233,5,56,0.023704294115304947
1YARA,0,"[47, 213]",233,5,57,0.023704294115304947
1YARA,0,"[47, 213]",233,5,58,0.023704294115304947
1YARA,0,"[47, 213]",233,5,59,0.023704294115304947
1YARA,0,"[47, 213]",233,5,60,0.023704221472144127
1YFQA,0,"[17, 300]",342,5,0,0.007367969024926424
1YFQA,0,"[17, 300]",342,5,1,0.00736278248950839
1YFQA,0,"[17, 300]",342,5,2,0.007640494033694267
1YFQA,0,"[17, 300]",342,5,3,0.00681003462523222
1YFQA,0,"[17, 300]",342,5,4,0.007384142372757196
1YFQA,0,"[17, 300]",342,5,5,0.00707474397495389
1YFQA,0,"[17, 300]",342,5,6,0.007060592994093895
1YFQA,0,"[17, 300]",342,5,7,0.006778938230127096
1YFQA,0,"[17, 300]",342,5,8,0.006377978716045618
1YFQA,0,"[17, 300]",342,5,9,0.006726859603077173
1YFQA,0,"[17, 300]",342,5,10,0.007037699222564697
1YFQA,0,"[17, 300]",342,5,11,0.005994646344333887
1YFQA,0,"[17, 300]",342,5,12,0.0069673736579716206
1YFQA,0,"[17, 300]",342,5,13,0.006941060069948435
1YFQA,0,"[17, 300]",342,5,14,0.006912807933986187
1YFQA,0,"[17, 300]",342,5,15,0.006472005043178797
1YFQA,0,"[17, 300]",342,5,16,0.006283226888626814
1YFQA,0,"[17, 300]",342,5,17,0.006342262029647827
1YFQA,0,"[17, 300]",342,5,18,0.006392588838934898
1YFQA,0,"[17, 300]",342,5,19,0.006232747808098793
1YFQA,0,"[17, 300]",342,5,20,0.006465922109782696
1YFQA,0,"[17, 300]",342,5,21,0.00664557795971632
1YFQA,0,"[17, 300]",342,5,22,0.00668268883600831
1YFQA,0,"[17, 300]",342,5,23,0.006488020531833172
1YFQA,0,"[17, 300]",342,5,24,0.006409685593098402
1YFQA,0,"[17, 300]",342,5,25,0.006412359420210123
1YFQA,0,"[17, 300]",342,5,26,0.006420147139579058
1YFQA,0,"[17, 300]",342,5,27,0.006679894868284464
1YFQA,0,"[17, 300]",342,5,28,0.007020329125225544
1YFQA,0,"[17, 300]",342,5,29,0.0067866952158510685
1YFQA,0,"[17, 300]",342,5,30,0.007111208979040384
1YFQA,0,"[17, 300]",342,5,31,0.007262012455612421
1YFQA,0,"[17, 300]",342,5,32,0.008788195438683033
1YFQA,0,"[17, 300]",342,5,33,0.009198901243507862
1YFQA,0,"[17, 300]",342,5,34,0.00943095050752163
1YFQA,0,"[17, 300]",342,5,35,0.00941666029393673
1YFQA,0,"[17, 300]",342,5,36,0.009373006410896778
1YFQA,0,"[17, 300]",342,5,37,0.009373006410896778
1YFQA,0,"[17, 300]",342,5,38,0.009373006410896778
1YFQA,0,"[17, 300]",342,5,39,0.009373006410896778
1YFQA,0,"[17, 300]",342,5,40,0.009373006410896778
1YFQA,0,"[17, 300]",342,5,41,0.009373006410896778
1YFQA,0,"[17, 300]",342,5,42,0.009373006410896778
1YFQA,0,"[17, 300]",342,5,43,0.009373006410896778
1YFQA,0,"[17, 300]",342,5,44,0.009373006410896778
1YFQA,0,"[17, 300]",342,5,45,0.009373006410896778
1YFQA,0,"[17, 300]",342,5,46,0.009373006410896778
1YFQA,0,"[17, 300]",342,5,47,0.009373006410896778
1YFQA,0,"[17, 300]",342,5,48,0.009373006410896778
1YFQA,0,"[17, 300]",342,5,49,0.009373006410896778
1YFQA,0,"[17, 300]",342,5,50,0.009373006410896778
1YFQA,0,"[17, 300]",342,5,51,0.009373006410896778
1YFQA,0,"[17, 300]",342,5,52,0.009373006410896778
1YFQA,0,"[17, 300]",342,5,53,0.009373006410896778
1YFQA,0,"[17, 300]",342,5,54,0.009373006410896778
1YFQA,0,"[17, 300]",342,5,55,0.009373006410896778
1YFQA,0,"[17, 300]",342,5,56,0.009373006410896778
1YFQA,0,"[17, 300]",342,5,57,0.009373006410896778
1YFQA,0,"[17, 300]",342,5,58,0.009373006410896778
1YFQA,0,"[17, 300]",342,5,59,0.009373006410896778
1YFQA,0,"[17, 300]",342,5,60,0.009373004548251629
1YKIA,0,"[83, 189]",217,5,0,0.00538703054189682
1YKIA,0,"[83, 189]",217,5,1,0.005229280795902014
1YKIA,0,"[83, 189]",217,5,2,0.0057415287010371685
1YKIA,0,"[83, 189]",217,5,3,0.006072590593248606
1YKIA,0,"[83, 189]",217,5,4,0.005335834342986345
1YKIA,0,"[83, 189]",217,5,5,0.0056612202897667885
1YKIA,0,"[83, 189]",217,5,6,0.005211468320339918
1YKIA,0,"[83, 189]",217,5,7,0.005282964091747999
1YKIA,0,"[83, 189]",217,5,8,0.005487699527293444
1YKIA,0,"[83, 189]",217,5,9,0.004887232556939125
1YKIA,0,"[83, 189]",217,5,10,0.005050459876656532
1YKIA,0,"[83, 189]",217,5,11,0.004973539151251316
1YKIA,0,"[83, 189]",217,5,12,0.004294925834983587
1YKIA,0,"[83, 189]",217,5,13,0.004515813197940588
1YKIA,0,"[83, 189]",217,5,14,0.015376243740320206
1YKIA,0,"[83, 189]",217,5,15,0.019693365320563316
1YKIA,0,"[83, 189]",217,5,16,0.01940559223294258
1YKIA,0,"[83, 189]",217,5,17,0.02398078888654709
1YKIA,0,"[83, 189]",217,5,18,0.019173208624124527
1YKIA,0,"[83, 189]",217,5,19,0.028604576364159584
1YKIA,0,"[83, 189]",217,5,20,0.031126176938414574
1YKIA,0,"[83, 189]",217,5,21,0.025844132527709007
1YKIA,0,"[83, 189]",217,5,22,0.04461824893951416
1YKIA,0,"[83, 189]",217,5,23,0.0748065933585167
1YKIA,0,"[83, 189]",217,5,24,0.06374423950910568
1YKIA,0,"[83, 189]",217,5,25,0.05200803652405739
1YKIA,0,"[83, 189]",217,5,26,0.0518258772790432
1YKIA,0,"[83, 189]",217,5,27,0.06879419088363647
1YKIA,0,"[83, 189]",217,5,28,0.029432861134409904
1YKIA,0,"[83, 189]",217,5,29,0.04191393032670021
1YKIA,0,"[83, 189]",217,5,30,0.024507325142621994
1YKIA,0,"[83, 189]",217,5,31,0.07999711483716965
1YKIA,0,"[83, 189]",217,5,32,0.09110864251852036
1YKIA,0,"[83, 189]",217,5,33,0.7991612553596497
1YKIA,0,"[83, 189]",217,5,34,0.958794891834259
1YKIA,0,"[83, 189]",217,5,35,0.9854175448417664
1Z0SA,0,"[127, 259]",278,5,0,0.008752780966460705
1Z0SA,0,"[127, 259]",278,5,1,0.008836019784212112
1Z0SA,0,"[127, 259]",278,5,2,0.009790481999516487
1Z0SA,0,"[127, 259]",278,5,3,0.008059609681367874
1Z0SA,0,"[127, 259]",278,5,4,0.007560155354440212
1Z0SA,0,"[127, 259]",278,5,5,0.007404322270303965
1Z0SA,0,"[127, 259]",278,5,6,0.005146400071680546
1Z0SA,0,"[127, 259]",278,5,7,0.005611888132989407
1Z0SA,0,"[127, 259]",278,5,8,0.0063279857859015465
1Z0SA,0,"[127, 259]",278,5,9,0.00748468330129981
1Z0SA,0,"[127, 259]",278,5,10,0.0073058768175542355
1Z0SA,0,"[127, 259]",278,5,11,0.0075120567344129086
1Z0SA,0,"[127, 259]",278,5,12,0.008521904237568378
1Z0SA,0,"[127, 259]",278,5,13,0.008686726912856102
1Z0SA,0,"[127, 259]",278,5,14,0.007869942113757133
1Z0SA,0,"[127, 259]",278,5,15,0.007903607562184334
1Z0SA,0,"[127, 259]",278,5,16,0.007758411578834057
1Z0SA,0,"[127, 259]",278,5,17,0.007651858031749725
1Z0SA,0,"[127, 259]",278,5,18,0.007326036691665649
1Z0SA,0,"[127, 259]",278,5,19,0.007158821914345026
1Z0SA,0,"[127, 259]",278,5,20,0.007314835675060749
1Z0SA,0,"[127, 259]",278,5,21,0.007854561321437359
1Z0SA,0,"[127, 259]",278,5,22,0.008344092406332493
1Z0SA,0,"[127, 259]",278,5,23,0.007921160198748112
1Z0SA,0,"[127, 259]",278,5,24,0.00748665165156126
1Z0SA,0,"[127, 259]",278,5,25,0.007509519346058369
1Z0SA,0,"[127, 259]",278,5,26,0.007619861513376236
1Z0SA,0,"[127, 259]",278,5,27,0.007194860838353634
1Z0SA,0,"[127, 259]",278,5,28,0.011295659467577934
1Z0SA,0,"[127, 259]",278,5,29,0.011890329420566559
1Z0SA,0,"[127, 259]",278,5,30,0.01207916159182787
1Z0SA,0,"[127, 259]",278,5,31,0.011907643638551235
1Z0SA,0,"[127, 259]",278,5,32,0.012031066231429577
1Z0SA,0,"[127, 259]",278,5,33,0.011792613193392754
1Z0SA,0,"[127, 259]",278,5,34,0.011432615108788013
1Z0SA,0,"[127, 259]",278,5,35,0.01153541449457407
1Z0SA,0,"[127, 259]",278,5,36,0.011054049246013165
1Z0SA,0,"[127, 259]",278,5,37,0.01068017166107893
1Z0SA,0,"[127, 259]",278,5,38,0.010319900698959827
1Z0SA,0,"[127, 259]",278,5,39,0.009985050186514854
1Z0SA,0,"[127, 259]",278,5,40,0.009495244361460209
1Z0SA,0,"[127, 259]",278,5,41,0.0095022888854146
1Z0SA,0,"[127, 259]",278,5,42,0.00910451915115118
1Z0SA,0,"[127, 259]",278,5,43,0.00923631526529789
1Z0SA,0,"[127, 259]",278,5,44,0.013148644007742405
1Z0SA,0,"[127, 259]",278,5,45,0.013774331659078598
1Z0SA,0,"[127, 259]",278,5,46,0.040439456701278687
1Z0SA,0,"[127, 259]",278,5,47,0.04743313044309616
1Z0SA,0,"[127, 259]",278,5,48,0.046944670379161835
1Z0SA,0,"[127, 259]",278,5,49,0.028901461511850357
1Z0SA,0,"[127, 259]",278,5,50,0.03388797119259834
1Z0SA,0,"[127, 259]",278,5,51,0.04769724979996681
1Z0SA,0,"[127, 259]",278,5,52,0.02984604984521866
1Z0SA,0,"[127, 259]",278,5,53,0.013900858350098133
1Z0SA,0,"[127, 259]",278,5,54,0.012892724014818668
1Z0SA,0,"[127, 259]",278,5,55,0.01648501493036747
1Z0SA,0,"[127, 259]",278,5,56,0.01756182499229908
1Z0SA,0,"[127, 259]",278,5,57,0.012598722241818905
1Z0SA,0,"[127, 259]",278,5,58,0.011358257383108139
1Z0SA,0,"[127, 259]",278,5,59,0.010722956620156765
1Z0SA,0,"[127, 259]",278,5,60,0.010541539639234543
1Z5ZA,0,"[31, 218]",271,5,0,0.009054908528923988
1Z5ZA,0,"[31, 218]",271,5,1,0.006391084752976894
1Z5ZA,0,"[31, 218]",271,5,2,0.006492018699645996
1Z5ZA,0,"[31, 218]",271,5,3,0.007336976006627083
1Z5ZA,0,"[31, 218]",271,5,4,0.006907970178872347
1Z5ZA,0,"[31, 218]",271,5,5,0.006799951661378145
1Z5ZA,0,"[31, 218]",271,5,6,0.006389060523360968
1Z5ZA,0,"[31, 218]",271,5,7,0.006086056586354971
1Z5ZA,0,"[31, 218]",271,5,8,0.006126834079623222
1Z5ZA,0,"[31, 218]",271,5,9,0.006020988337695599
1Z5ZA,0,"[31, 218]",271,5,10,0.00582547765225172
1Z5ZA,0,"[31, 218]",271,5,11,0.0058117033913731575
1Z5ZA,0,"[31, 218]",271,5,12,0.006169231608510017
1Z5ZA,0,"[31, 218]",271,5,13,0.006820733658969402
1Z5ZA,0,"[31, 218]",271,5,14,0.006710509769618511
1Z5ZA,0,"[31, 218]",271,5,15,0.006764762103557587
1Z5ZA,0,"[31, 218]",271,5,16,0.008726401254534721
1Z5ZA,0,"[31, 218]",271,5,17,0.00950029119849205
1Z5ZA,0,"[31, 218]",271,5,18,0.010032652877271175
1Z5ZA,0,"[31, 218]",271,5,19,0.009002668783068657
1Z5ZA,0,"[31, 218]",271,5,20,0.009256502613425255
1Z5ZA,0,"[31, 218]",271,5,21,0.009089394472539425
1Z5ZA,0,"[31, 218]",271,5,22,0.008519791066646576
1Z5ZA,0,"[31, 218]",271,5,23,0.009101614356040955
1Z5ZA,0,"[31, 218]",271,5,24,0.009301899932324886
1Z5ZA,0,"[31, 218]",271,5,25,0.009516390971839428
1Z5ZA,0,"[31, 218]",271,5,26,0.009388208389282227
1Z5ZA,0,"[31, 218]",271,5,27,0.008670942857861519
1Z5ZA,0,"[31, 218]",271,5,28,0.008580509573221207
1Z5ZA,0,"[31, 218]",271,5,29,0.008444629609584808
1Z5ZA,0,"[31, 218]",271,5,30,0.008450789377093315
1Z5ZA,0,"[31, 218]",271,5,31,0.008298655040562153
1Z5ZA,0,"[31, 218]",271,5,32,0.008305980823934078
1Z5ZA,0,"[31, 218]",271,5,33,0.008308828808367252
1Z5ZA,0,"[31, 218]",271,5,34,0.008390757255256176
1Z5ZA,0,"[31, 218]",271,5,35,0.00855027325451374
1Z5ZA,0,"[31, 218]",271,5,36,0.008334895595908165
1Z5ZA,0,"[31, 218]",271,5,37,0.008148309774696827
1Z5ZA,0,"[31, 218]",271,5,38,0.00807930901646614
1Z5ZA,0,"[31, 218]",271,5,39,0.008021936751902103
1Z5ZA,0,"[31, 218]",271,5,40,0.007745601236820221
1Z5ZA,0,"[31, 218]",271,5,41,0.007635490037500858
1Z5ZA,0,"[31, 218]",271,5,42,0.007467400748282671
1Z5ZA,0,"[31, 218]",271,5,43,0.007532778196036816
1Z5ZA,0,"[31, 218]",271,5,44,0.0075140767730772495
1Z5ZA,0,"[31, 218]",271,5,45,0.007529252674430609
1Z5ZA,0,"[31, 218]",271,5,46,0.007523291744291782
1Z5ZA,0,"[31, 218]",271,5,47,0.00739885913208127
1Z5ZA,0,"[31, 218]",271,5,48,0.00739885913208127
1Z5ZA,0,"[31, 218]",271,5,49,0.00739885913208127
1Z5ZA,0,"[31, 218]",271,5,50,0.00739885913208127
1Z5ZA,0,"[31, 218]",271,5,51,0.00739885913208127
1Z5ZA,0,"[31, 218]",271,5,52,0.00739885913208127
1Z5ZA,0,"[31, 218]",271,5,53,0.00739885913208127
1Z5ZA,0,"[31, 218]",271,5,54,0.00739885913208127
1Z5ZA,0,"[31, 218]",271,5,55,0.00739885913208127
1Z5ZA,0,"[31, 218]",271,5,56,0.00739885913208127
1Z5ZA,0,"[31, 218]",271,5,57,0.00739885913208127
1Z5ZA,0,"[31, 218]",271,5,58,0.00739885913208127
1Z5ZA,0,"[31, 218]",271,5,59,0.00739885913208127
1Z5ZA,0,"[31, 218]",271,5,60,0.00739885913208127
1ZMTA,0,"[18, 219]",254,5,0,0.004838598892092705
1ZMTA,0,"[18, 219]",254,5,1,0.004441219847649336
1ZMTA,0,"[18, 219]",254,5,2,0.0037531289272010326
1ZMTA,0,"[18, 219]",254,5,3,0.004834826570004225
1ZMTA,0,"[18, 219]",254,5,4,0.004403719212859869
1ZMTA,0,"[18, 219]",254,5,5,0.004897610750049353
1ZMTA,0,"[18, 219]",254,5,6,0.004124886356294155
1ZMTA,0,"[18, 219]",254,5,7,0.005176432430744171
1ZMTA,0,"[18, 219]",254,5,8,0.00513087073341012
1ZMTA,0,"[18, 219]",254,5,9,0.00516653573140502
1ZMTA,0,"[18, 219]",254,5,10,0.004108624067157507
1ZMTA,0,"[18, 219]",254,5,11,0.004858330823481083
1ZMTA,0,"[18, 219]",254,5,12,0.0050109513103961945
1ZMTA,0,"[18, 219]",254,5,13,0.005450033582746983
1ZMTA,0,"[18, 219]",254,5,14,0.00553398160263896
1ZMTA,0,"[18, 219]",254,5,15,0.005524660926312208
1ZMTA,0,"[18, 219]",254,5,16,0.005545684602111578
1ZMTA,0,"[18, 219]",254,5,17,0.005291149951517582
1ZMTA,0,"[18, 219]",254,5,18,0.0169901791960001
1ZMTA,0,"[18, 219]",254,5,19,0.014254217967391014
1ZMTA,0,"[18, 219]",254,5,20,0.012761320918798447
1ZMTA,0,"[18, 219]",254,5,21,0.012107471004128456
1ZMTA,0,"[18, 219]",254,5,22,0.012852202169597149
1ZMTA,0,"[18, 219]",254,5,23,0.01246116403490305
1ZMTA,0,"[18, 219]",254,5,24,0.013483069837093353
1ZMTA,0,"[18, 219]",254,5,25,0.014277619309723377
1ZMTA,0,"[18, 219]",254,5,26,0.014196174219250679
1ZMTA,0,"[18, 219]",254,5,27,0.013884268701076508
1ZMTA,0,"[18, 219]",254,5,28,0.014085308648645878
1ZMTA,0,"[18, 219]",254,5,29,0.015279514715075493
1ZMTA,0,"[18, 219]",254,5,30,0.015279514715075493
1ZMTA,0,"[18, 219]",254,5,31,0.015279514715075493
1ZMTA,0,"[18, 219]",254,5,32,0.015279514715075493
1ZMTA,0,"[18, 219]",254,5,33,0.015279514715075493
1ZMTA,0,"[18, 219]",254,5,34,0.015279514715075493
1ZMTA,0,"[18, 219]",254,5,35,0.015279514715075493
1ZMTA,0,"[18, 219]",254,5,36,0.015279514715075493
1ZMTA,0,"[18, 219]",254,5,37,0.015279514715075493
1ZMTA,0,"[18, 219]",254,5,38,0.015279514715075493
1ZMTA,0,"[18, 219]",254,5,39,0.015279514715075493
1ZMTA,0,"[18, 219]",254,5,40,0.015279514715075493
1ZMTA,0,"[18, 219]",254,5,41,0.015279514715075493
1ZMTA,0,"[18, 219]",254,5,42,0.015279514715075493
1ZMTA,0,"[18, 219]",254,5,43,0.015279514715075493
1ZMTA,0,"[18, 219]",254,5,44,0.015279514715075493
1ZMTA,0,"[18, 219]",254,5,45,0.015279514715075493
1ZMTA,0,"[18, 219]",254,5,46,0.015279514715075493
1ZMTA,0,"[18, 219]",254,5,47,0.015279514715075493
1ZMTA,0,"[18, 219]",254,5,48,0.015279514715075493
1ZMTA,0,"[18, 219]",254,5,49,0.015279514715075493
1ZMTA,0,"[18, 219]",254,5,50,0.015279514715075493
1ZMTA,0,"[18, 219]",254,5,51,0.015279514715075493
1ZMTA,0,"[18, 219]",254,5,52,0.015279514715075493
1ZMTA,0,"[18, 219]",254,5,53,0.015279514715075493
1ZMTA,0,"[18, 219]",254,5,54,0.015279514715075493
1ZMTA,0,"[18, 219]",254,5,55,0.015279514715075493
1ZMTA,0,"[18, 219]",254,5,56,0.015279514715075493
1ZMTA,0,"[18, 219]",254,5,57,0.015279514715075493
1ZMTA,0,"[18, 219]",254,5,58,0.015279514715075493
1ZMTA,0,"[18, 219]",254,5,59,0.015279514715075493
1ZMTA,0,"[18, 219]",254,5,60,0.015279468148946762
1ZR6A,0,"[233, 340]",503,5,0,0.006208259612321854
1ZR6A,0,"[233, 340]",503,5,1,0.005988496821373701
1ZR6A,0,"[233, 340]",503,5,2,0.006786485202610493
1ZR6A,0,"[233, 340]",503,5,3,0.006332546938210726
1ZR6A,0,"[233, 340]",503,5,4,0.006105788517743349
1ZR6A,0,"[233, 340]",503,5,5,0.00651896744966507
1ZR6A,0,"[233, 340]",503,5,6,0.005822093691676855
1ZR6A,0,"[233, 340]",503,5,7,0.00599336763843894
1ZR6A,0,"[233, 340]",503,5,8,0.0051072733476758
1ZR6A,0,"[233, 340]",503,5,9,0.005675364285707474
1ZR6A,0,"[233, 340]",503,5,10,0.004958834033459425
1ZR6A,0,"[233, 340]",503,5,11,0.005869329907000065
1ZR6A,0,"[233, 340]",503,5,12,0.005816802382469177
1ZR6A,0,"[233, 340]",503,5,13,0.006162235047668219
1ZR6A,0,"[233, 340]",503,5,14,0.007340445648878813
1ZR6A,0,"[233, 340]",503,5,15,0.006730747874826193
1ZR6A,0,"[233, 340]",503,5,16,0.0071683600544929504
1ZR6A,0,"[233, 340]",503,5,17,0.007740174885839224
1ZR6A,0,"[233, 340]",503,5,18,0.008017799817025661
1ZR6A,0,"[233, 340]",503,5,19,0.007306175772100687
1ZR6A,0,"[233, 340]",503,5,20,0.007211619988083839
1ZR6A,0,"[233, 340]",503,5,21,0.006908828858286142
1ZR6A,0,"[233, 340]",503,5,22,0.006676298100501299
1ZR6A,0,"[233, 340]",503,5,23,0.005962070543318987
1ZR6A,0,"[233, 340]",503,5,24,0.006216161884367466
1ZR6A,0,"[233, 340]",503,5,25,0.006677195895463228
1ZR6A,0,"[233, 340]",503,5,26,0.00665193609893322
1ZR6A,0,"[233, 340]",503,5,27,0.006037519779056311
1ZR6A,0,"[233, 340]",503,5,28,0.006352685857564211
1ZR6A,0,"[233, 340]",503,5,29,0.006966440472751856
1ZR6A,0,"[233, 340]",503,5,30,0.004566891118884087
1ZR6A,0,"[233, 340]",503,5,31,0.006416240707039833
1ZR6A,0,"[233, 340]",503,5,32,0.0069488114677369595
1ZR6A,0,"[233, 340]",503,5,33,0.007000214420258999
1ZR6A,0,"[233, 340]",503,5,34,0.005897048395127058
1ZR6A,0,"[233, 340]",503,5,35,0.004910217598080635
1ZR6A,0,"[233, 340]",503,5,36,0.005076773464679718
1ZR6A,0,"[233, 340]",503,5,37,0.0058328756131231785
1ZR6A,0,"[233, 340]",503,5,38,0.0073464433662593365
1ZR6A,0,"[233, 340]",503,5,39,0.007374833337962627
1ZR6A,0,"[233, 340]",503,5,40,0.006755865179002285
1ZR6A,0,"[233, 340]",503,5,41,0.006154938600957394
1ZR6A,0,"[233, 340]",503,5,42,0.005673605017364025
1ZR6A,0,"[233, 340]",503,5,43,0.005577178671956062
1ZR6A,0,"[233, 340]",503,5,44,0.005466138012707233
1ZR6A,0,"[233, 340]",503,5,45,0.005406338255852461
1ZR6A,0,"[233, 340]",503,5,46,0.00558514567092061
1ZR6A,0,"[233, 340]",503,5,47,0.005500955507159233
1ZR6A,0,"[233, 340]",503,5,48,0.0062391613610088825
1ZR6A,0,"[233, 340]",503,5,49,0.006017926149070263
1ZR6A,0,"[233, 340]",503,5,50,0.005682164337486029
1ZR6A,0,"[233, 340]",503,5,51,0.005940872244536877
1ZR6A,0,"[233, 340]",503,5,52,0.005686193238943815
1ZR6A,0,"[233, 340]",503,5,53,0.6611807346343994
1ZR6A,0,"[233, 340]",503,5,54,0.6395357251167297
1ZR6A,0,"[233, 340]",503,5,55,0.6607898473739624
2A35A,0,"[20, 187]",215,5,0,0.005775171797722578
2A35A,0,"[20, 187]",215,5,1,0.005704494193196297
2A35A,0,"[20, 187]",215,5,2,0.005859546363353729
2A35A,0,"[20, 187]",215,5,3,0.005556807387620211
2A35A,0,"[20, 187]",215,5,4,0.005271688103675842
2A35A,0,"[20, 187]",215,5,5,0.005043539218604565
2A35A,0,"[20, 187]",215,5,6,0.006065608933568001
2A35A,0,"[20, 187]",215,5,7,0.006069278810173273
2A35A,0,"[20, 187]",215,5,8,0.005927257239818573
2A35A,0,"[20, 187]",215,5,9,0.06378700584173203
2A35A,0,"[20, 187]",215,5,10,0.08177732676267624
2A35A,0,"[20, 187]",215,5,11,0.08143943548202515
2A35A,0,"[20, 187]",215,5,12,0.1296149045228958
2A35A,0,"[20, 187]",215,5,13,0.5488026738166809
2A35A,0,"[20, 187]",215,5,14,0.6869252920150757
2A35A,0,"[20, 187]",215,5,15,0.8371490836143494
2A35A,0,"[20, 187]",215,5,16,0.8884168267250061
2A35A,0,"[20, 187]",215,5,17,0.9045067429542542
2A35A,0,"[20, 187]",215,5,18,0.9143989086151123
2A35A,0,"[20, 187]",215,5,19,0.9173040986061096
2A35A,0,"[20, 187]",215,5,20,0.9060539603233337
2A35A,0,"[20, 187]",215,5,21,0.8935284614562988
2A35A,0,"[20, 187]",215,5,22,0.8734181523323059
2A35A,0,"[20, 187]",215,5,23,0.8734181523323059
2A35A,0,"[20, 187]",215,5,24,0.8734181523323059
2A35A,0,"[20, 187]",215,5,25,0.8734181523323059
2A35A,0,"[20, 187]",215,5,26,0.8734181523323059
2A35A,0,"[20, 187]",215,5,27,0.8734181523323059
2A35A,0,"[20, 187]",215,5,28,0.8734181523323059
2A35A,0,"[20, 187]",215,5,29,0.8734181523323059
2A35A,0,"[20, 187]",215,5,30,0.8734181523323059
2A35A,0,"[20, 187]",215,5,31,0.8734181523323059
2A35A,0,"[20, 187]",215,5,32,0.8734181523323059
2A35A,0,"[20, 187]",215,5,33,0.8734181523323059
2A35A,0,"[20, 187]",215,5,34,0.8734181523323059
2A35A,0,"[20, 187]",215,5,35,0.8734181523323059
2A35A,0,"[20, 187]",215,5,36,0.8734181523323059
2A35A,0,"[20, 187]",215,5,37,0.8734181523323059
2A35A,0,"[20, 187]",215,5,38,0.8734181523323059
2A35A,0,"[20, 187]",215,5,39,0.8734181523323059
2A35A,0,"[20, 187]",215,5,40,0.8734181523323059
2A35A,0,"[20, 187]",215,5,41,0.8734181523323059
2A35A,0,"[20, 187]",215,5,42,0.8734181523323059
2A35A,0,"[20, 187]",215,5,43,0.8734181523323059
2A35A,0,"[20, 187]",215,5,44,0.8734181523323059
2A35A,0,"[20, 187]",215,5,45,0.8734181523323059
2A35A,0,"[20, 187]",215,5,46,0.8734181523323059
2A35A,0,"[20, 187]",215,5,47,0.8734181523323059
2A35A,0,"[20, 187]",215,5,48,0.8734181523323059
2A35A,0,"[20, 187]",215,5,49,0.8734181523323059
2A35A,0,"[20, 187]",215,5,50,0.8734181523323059
2A35A,0,"[20, 187]",215,5,51,0.8734181523323059
2A35A,0,"[20, 187]",215,5,52,0.8734181523323059
2A35A,0,"[20, 187]",215,5,53,0.8734181523323059
2A35A,0,"[20, 187]",215,5,54,0.8734181523323059
2A35A,0,"[20, 187]",215,5,55,0.8734181523323059
2A35A,0,"[20, 187]",215,5,56,0.8734181523323059
2A35A,0,"[20, 187]",215,5,57,0.8734181523323059
2A35A,0,"[20, 187]",215,5,58,0.8734181523323059
2A35A,0,"[20, 187]",215,5,59,0.8734181523323059
2A35A,0,"[20, 187]",215,5,60,0.8734180331230164
2AQJA,0,"[35, 182]",538,5,0,0.006998384837061167
2AQJA,0,"[35, 182]",538,5,1,0.007132390979677439
2AQJA,0,"[35, 182]",538,5,2,0.006968887522816658
2AQJA,0,"[35, 182]",538,5,3,0.007104432675987482
2AQJA,0,"[35, 182]",538,5,4,0.009279350750148296
2AQJA,0,"[35, 182]",538,5,5,0.00816626287996769
2AQJA,0,"[35, 182]",538,5,6,0.010106629692018032
2AQJA,0,"[35, 182]",538,5,7,0.009134222753345966
2AQJA,0,"[35, 182]",538,5,8,0.007496239617466927
2AQJA,0,"[35, 182]",538,5,9,0.007646053563803434
2AQJA,0,"[35, 182]",538,5,10,0.007536244112998247
2AQJA,0,"[35, 182]",538,5,11,0.00781626719981432
2AQJA,0,"[35, 182]",538,5,12,0.00799825694411993
2AQJA,0,"[35, 182]",538,5,13,0.0076020387932658195
2AQJA,0,"[35, 182]",538,5,14,0.007780780550092459
2AQJA,0,"[35, 182]",538,5,15,0.007819597609341145
2AQJA,0,"[35, 182]",538,5,16,0.008021600544452667
2AQJA,0,"[35, 182]",538,5,17,0.007877478376030922
2AQJA,0,"[35, 182]",538,5,18,0.00738273561000824
2AQJA,0,"[35, 182]",538,5,19,0.00717970822006464
2AQJA,0,"[35, 182]",538,5,20,0.007259007077664137
2AQJA,0,"[35, 182]",538,5,21,0.007753979880362749
2AQJA,0,"[35, 182]",538,5,22,0.007084043230861425
2AQJA,0,"[35, 182]",538,5,23,0.00681400066241622
2AQJA,0,"[35, 182]",538,5,24,0.005945027805864811
2AQJA,0,"[35, 182]",538,5,25,0.005530239548534155
2AQJA,0,"[35, 182]",538,5,26,0.007519082631915808
2AQJA,0,"[35, 182]",538,5,27,0.007329496089369059
2AQJA,0,"[35, 182]",538,5,28,0.007457049563527107
2AQJA,0,"[35, 182]",538,5,29,0.006885378621518612
2AQJA,0,"[35, 182]",538,5,30,0.007094142492860556
2AQJA,0,"[35, 182]",538,5,31,0.006763477809727192
2AQJA,0,"[35, 182]",538,5,32,0.006943395361304283
2AQJA,0,"[35, 182]",538,5,33,0.007067239843308926
2AQJA,0,"[35, 182]",538,5,34,0.007180584128946066
2AQJA,0,"[35, 182]",538,5,35,0.007159269880503416
2AQJA,0,"[35, 182]",538,5,36,0.00707203010097146
2AQJA,0,"[35, 182]",538,5,37,0.006991092581301928
2AQJA,0,"[35, 182]",538,5,38,0.0068505024537444115
2AQJA,0,"[35, 182]",538,5,39,0.006995350122451782
2AQJA,0,"[35, 182]",538,5,40,0.0071354517713189125
2AQJA,0,"[35, 182]",538,5,41,0.007746682036668062
2AQJA,0,"[35, 182]",538,5,42,0.0079536447301507
2AQJA,0,"[35, 182]",538,5,43,0.007503931876271963
2AQJA,0,"[35, 182]",538,5,44,0.006987019907683134
2AQJA,0,"[35, 182]",538,5,45,0.006297171115875244
2AQJA,0,"[35, 182]",538,5,46,0.9843229651451111
2AQJA,0,"[35, 182]",538,5,47,0.9989504814147949
2AQJA,0,"[35, 182]",538,5,48,0.9977537393569946
2AQJA,0,"[35, 182]",538,5,49,0.9957519769668579
2AQJA,0,"[35, 182]",538,5,50,0.9928058385848999
2AQJA,0,"[35, 182]",538,5,51,0.9947842359542847
2B61A,0,"[182, 316]",377,5,0,0.006636439356952906
2B61A,0,"[182, 316]",377,5,1,0.006911410018801689
2B61A,0,"[182, 316]",377,5,2,0.005977409426122904
2B61A,0,"[182, 316]",377,5,3,0.007037006318569183
2B61A,0,"[182, 316]",377,5,4,0.006617446430027485
2B61A,0,"[182, 316]",377,5,5,0.006682868581265211
2B61A,0,"[182, 316]",377,5,6,0.006832655984908342
2B61A,0,"[182, 316]",377,5,7,0.006997913587838411
2B61A,0,"[182, 316]",377,5,8,0.0065571703016757965
2B61A,0,"[182, 316]",377,5,9,0.007121378090232611
2B61A,0,"[182, 316]",377,5,10,0.006231463048607111
2B61A,0,"[182, 316]",377,5,11,0.005857077892869711
2B61A,0,"[182, 316]",377,5,12,0.006154153496026993
2B61A,0,"[182, 316]",377,5,13,0.006467703264206648
2B61A,0,"[182, 316]",377,5,14,0.006692744791507721
2B61A,0,"[182, 316]",377,5,15,0.006515262182801962
2B61A,0,"[182, 316]",377,5,16,0.005789243150502443
2B61A,0,"[182, 316]",377,5,17,0.006100415252149105
2B61A,0,"[182, 316]",377,5,18,0.006040643900632858
2B61A,0,"[182, 316]",377,5,19,0.005984968971461058
2B61A,0,"[182, 316]",377,5,20,0.006051334086805582
2B61A,0,"[182, 316]",377,5,21,0.006079882849007845
2B61A,0,"[182, 316]",377,5,22,0.006725122686475515
2B61A,0,"[182, 316]",377,5,23,0.00578116811811924
2B61A,0,"[182, 316]",377,5,24,0.005491318181157112
2B61A,0,"[182, 316]",377,5,25,0.005724371410906315
2B61A,0,"[182, 316]",377,5,26,0.005673083011060953
2B61A,0,"[182, 316]",377,5,27,0.005802826955914497
2B61A,0,"[182, 316]",377,5,28,0.006129602435976267
2B61A,0,"[182, 316]",377,5,29,0.005860043223947287
2B61A,0,"[182, 316]",377,5,30,0.00606705853715539
2B61A,0,"[182, 316]",377,5,31,0.006092159543186426
2B61A,0,"[182, 316]",377,5,32,0.00799262709915638
2B61A,0,"[182, 316]",377,5,33,0.006387328263372183
2B61A,0,"[182, 316]",377,5,34,0.913246750831604
2B61A,0,"[182, 316]",377,5,35,0.892162024974823
2B61A,0,"[182, 316]",377,5,36,0.8642524480819702
2B61A,0,"[182, 316]",377,5,37,0.8854269981384277
2B61A,0,"[182, 316]",377,5,38,0.8792976140975952
2B61A,0,"[182, 316]",377,5,39,0.8926997184753418
2BD0A,0,"[20, 215]",244,5,0,0.0036477898247539997
2BD0A,0,"[20, 215]",244,5,1,0.004136715084314346
2BD0A,0,"[20, 215]",244,5,2,0.005023479461669922
2BD0A,0,"[20, 215]",244,5,3,0.005156745668500662
2BD0A,0,"[20, 215]",244,5,4,0.003617470618337393
2BD0A,0,"[20, 215]",244,5,5,0.006386036053299904
2BD0A,0,"[20, 215]",244,5,6,0.00489111477509141
2BD0A,0,"[20, 215]",244,5,7,0.005152062512934208
2BD0A,0,"[20, 215]",244,5,8,0.004243845585733652
2BD0A,0,"[20, 215]",244,5,9,0.0046564023941755295
2BD0A,0,"[20, 215]",244,5,10,0.004855625331401825
2BD0A,0,"[20, 215]",244,5,11,0.006639660801738501
2BD0A,0,"[20, 215]",244,5,12,0.008071823976933956
2BD0A,0,"[20, 215]",244,5,13,0.4435568153858185
2BD0A,0,"[20, 215]",244,5,14,0.020715748891234398
2BD0A,0,"[20, 215]",244,5,15,0.6667612195014954
2BD0A,0,"[20, 215]",244,5,16,0.45379889011383057
2BD0A,0,"[20, 215]",244,5,17,0.7823289036750793
2BD0A,0,"[20, 215]",244,5,18,0.9683340191841125
2BD0A,0,"[20, 215]",244,5,19,1.0095468759536743
2C8MA,0,"[20, 238]",262,5,0,0.006531762424856424
2C8MA,0,"[20, 238]",262,5,1,0.006622680462896824
2C8MA,0,"[20, 238]",262,5,2,0.007782371714711189
2C8MA,0,"[20, 238]",262,5,3,0.009979442693293095
2C8MA,0,"[20, 238]",262,5,4,0.007693837862461805
2C8MA,0,"[20, 238]",262,5,5,0.008100324310362339
2C8MA,0,"[20, 238]",262,5,6,0.007498196791857481
2C8MA,0,"[20, 238]",262,5,7,0.006848680786788464
2C8MA,0,"[20, 238]",262,5,8,0.0067465584725141525
2C8MA,0,"[20, 238]",262,5,9,0.007816026918590069
2C8MA,0,"[20, 238]",262,5,10,0.006767951883375645
2C8MA,0,"[20, 238]",262,5,11,0.006840758491307497
2C8MA,0,"[20, 238]",262,5,12,0.007043182849884033
2C8MA,0,"[20, 238]",262,5,13,0.006761465221643448
2C8MA,0,"[20, 238]",262,5,14,0.013931903056800365
2C8MA,0,"[20, 238]",262,5,15,0.01567169837653637
2C8MA,0,"[20, 238]",262,5,16,0.016087371855974197
2C8MA,0,"[20, 238]",262,5,17,0.014845550060272217
2C8MA,0,"[20, 238]",262,5,18,0.015702448785305023
2C8MA,0,"[20, 238]",262,5,19,0.015702448785305023
2C8MA,0,"[20, 238]",262,5,20,0.015702448785305023
2C8MA,0,"[20, 238]",262,5,21,0.015702448785305023
2C8MA,0,"[20, 238]",262,5,22,0.015702448785305023
2C8MA,0,"[20, 238]",262,5,23,0.015702448785305023
2C8MA,0,"[20, 238]",262,5,24,0.015702448785305023
2C8MA,0,"[20, 238]",262,5,25,0.015702448785305023
2C8MA,0,"[20, 238]",262,5,26,0.015702448785305023
2C8MA,0,"[20, 238]",262,5,27,0.015702448785305023
2C8MA,0,"[20, 238]",262,5,28,0.015702448785305023
2C8MA,0,"[20, 238]",262,5,29,0.015702448785305023
2C8MA,0,"[20, 238]",262,5,30,0.015702448785305023
2C8MA,0,"[20, 238]",262,5,31,0.015702448785305023
2C8MA,0,"[20, 238]",262,5,32,0.015702448785305023
2C8MA,0,"[20, 238]",262,5,33,0.015702448785305023
2C8MA,0,"[20, 238]",262,5,34,0.015702448785305023
2C8MA,0,"[20, 238]",262,5,35,0.015702448785305023
2C8MA,0,"[20, 238]",262,5,36,0.015702448785305023
2C8MA,0,"[20, 238]",262,5,37,0.015702448785305023
2C8MA,0,"[20, 238]",262,5,38,0.015702448785305023
2C8MA,0,"[20, 238]",262,5,39,0.015702448785305023
2C8MA,0,"[20, 238]",262,5,40,0.015702448785305023
2C8MA,0,"[20, 238]",262,5,41,0.015702448785305023
2C8MA,0,"[20, 238]",262,5,42,0.015702448785305023
2C8MA,0,"[20, 238]",262,5,43,0.015702448785305023
2C8MA,0,"[20, 238]",262,5,44,0.015702448785305023
2C8MA,0,"[20, 238]",262,5,45,0.015702448785305023
2C8MA,0,"[20, 238]",262,5,46,0.015702448785305023
2C8MA,0,"[20, 238]",262,5,47,0.015702448785305023
2C8MA,0,"[20, 238]",262,5,48,0.015702448785305023
2C8MA,0,"[20, 238]",262,5,49,0.015702448785305023
2C8MA,0,"[20, 238]",262,5,50,0.015702448785305023
2C8MA,0,"[20, 238]",262,5,51,0.015702448785305023
2C8MA,0,"[20, 238]",262,5,52,0.015702448785305023
2C8MA,0,"[20, 238]",262,5,53,0.015702448785305023
2C8MA,0,"[20, 238]",262,5,54,0.015702448785305023
2C8MA,0,"[20, 238]",262,5,55,0.015702448785305023
2C8MA,0,"[20, 238]",262,5,56,0.015702448785305023
2C8MA,0,"[20, 238]",262,5,57,0.015702448785305023
2C8MA,0,"[20, 238]",262,5,58,0.015702448785305023
2C8MA,0,"[20, 238]",262,5,59,0.015702448785305023
2C8MA,0,"[20, 238]",262,5,60,0.015702448785305023
2D1SA,0,"[63, 169]",548,5,0,0.008669793605804443
2D1SA,0,"[63, 169]",548,5,1,0.009188978932797909
2D1SA,0,"[63, 169]",548,5,2,0.008623515255749226
2D1SA,0,"[63, 169]",548,5,3,0.009170434437692165
2D1SA,0,"[63, 169]",548,5,4,0.011972769163548946
2D1SA,0,"[63, 169]",548,5,5,0.015537679195404053
2D1SA,0,"[63, 169]",548,5,6,0.01652136631309986
2D1SA,0,"[63, 169]",548,5,7,0.010331078432500362
2D1SA,0,"[63, 169]",548,5,8,0.01186804473400116
2D1SA,0,"[63, 169]",548,5,9,0.010212684981524944
2D1SA,0,"[63, 169]",548,5,10,0.010709618218243122
2D1SA,0,"[63, 169]",548,5,11,0.009895065799355507
2D1SA,0,"[63, 169]",548,5,12,0.010241304524242878
2D1SA,0,"[63, 169]",548,5,13,0.01037701778113842
2D1SA,0,"[63, 169]",548,5,14,0.00991286151111126
2D1SA,0,"[63, 169]",548,5,15,0.010515309870243073
2D1SA,0,"[63, 169]",548,5,16,0.01031424943357706
2D1SA,0,"[63, 169]",548,5,17,0.011781774461269379
2D1SA,0,"[63, 169]",548,5,18,0.011056754738092422
2D1SA,0,"[63, 169]",548,5,19,0.009508705697953701
2D1SA,0,"[63, 169]",548,5,20,0.009761256165802479
2D1SA,0,"[63, 169]",548,5,21,0.009858403354883194
2D1SA,0,"[63, 169]",548,5,22,0.011872367933392525
2D1SA,0,"[63, 169]",548,5,23,0.009946881793439388
2D1SA,0,"[63, 169]",548,5,24,0.010867428965866566
2D1SA,0,"[63, 169]",548,5,25,0.009677211754024029
2D1SA,0,"[63, 169]",548,5,26,0.008815917186439037
2D1SA,0,"[63, 169]",548,5,27,0.009674119763076305
2D1SA,0,"[63, 169]",548,5,28,0.009669242426753044
2D1SA,0,"[63, 169]",548,5,29,0.00969279557466507
2D1SA,0,"[63, 169]",548,5,30,0.0093631437048316
2D1SA,0,"[63, 169]",548,5,31,0.009566931053996086
2D1SA,0,"[63, 169]",548,5,32,0.009532107971608639
2D1SA,0,"[63, 169]",548,5,33,0.009521948173642159
2D1SA,0,"[63, 169]",548,5,34,0.0093564847484231
2D1SA,0,"[63, 169]",548,5,35,0.009334254078567028
2D1SA,0,"[63, 169]",548,5,36,0.009398344904184341
2D1SA,0,"[63, 169]",548,5,37,0.009231806732714176
2D1SA,0,"[63, 169]",548,5,38,0.008964907377958298
2D1SA,0,"[63, 169]",548,5,39,0.010404481552541256
2D1SA,0,"[63, 169]",548,5,40,0.009528467431664467
2D1SA,0,"[63, 169]",548,5,41,0.5166183114051819
2D1SA,0,"[63, 169]",548,5,42,0.5743927359580994
2D1SA,0,"[63, 169]",548,5,43,0.6198337078094482
2D2EA,0,"[32, 196]",250,5,0,0.005024063400924206
2D2EA,0,"[32, 196]",250,5,1,0.006733229849487543
2D2EA,0,"[32, 196]",250,5,2,0.005490680690854788
2D2EA,0,"[32, 196]",250,5,3,0.005846298765391111
2D2EA,0,"[32, 196]",250,5,4,0.006390114314854145
2D2EA,0,"[32, 196]",250,5,5,0.006340261548757553
2D2EA,0,"[32, 196]",250,5,6,0.006173774134367704
2D2EA,0,"[32, 196]",250,5,7,0.0061788070015609264
2D2EA,0,"[32, 196]",250,5,8,0.005816902499645948
2D2EA,0,"[32, 196]",250,5,9,0.005815283395349979
2D2EA,0,"[32, 196]",250,5,10,0.00629134988412261
2D2EA,0,"[32, 196]",250,5,11,0.00629910035058856
2D2EA,0,"[32, 196]",250,5,12,0.18304312229156494
2D2EA,0,"[32, 196]",250,5,13,0.5975364446640015
2D2EA,0,"[32, 196]",250,5,14,0.8103412985801697
2D2EA,0,"[32, 196]",250,5,15,0.9472030997276306
2D2EA,0,"[32, 196]",250,5,16,0.908763587474823
2D2EA,0,"[32, 196]",250,5,17,0.9036489129066467
2D2EA,0,"[32, 196]",250,5,18,0.8861463069915771
2D2EA,0,"[32, 196]",250,5,19,0.9281819462776184
2D2EA,0,"[32, 196]",250,5,20,0.9574266076087952
2D2EA,0,"[32, 196]",250,5,21,0.9631222486495972
2D2EA,0,"[32, 196]",250,5,22,0.9719651937484741
2D2EA,0,"[32, 196]",250,5,23,0.9725061058998108
2D2EA,0,"[32, 196]",250,5,24,0.9658778309822083
2D2EA,0,"[32, 196]",250,5,25,0.983816385269165
2D2EA,0,"[32, 196]",250,5,26,0.9847412109375
2D2EA,0,"[32, 196]",250,5,27,0.988781213760376
2D2EA,0,"[32, 196]",250,5,28,0.9895855188369751
2D2EA,0,"[32, 196]",250,5,29,0.9855720400810242
2D2EA,0,"[32, 196]",250,5,30,0.9878078699111938
2D2EA,0,"[32, 196]",250,5,31,0.984921395778656
2D2EA,0,"[32, 196]",250,5,32,0.9850904941558838
2D2EA,0,"[32, 196]",250,5,33,0.9800660014152527
2D2EA,0,"[32, 196]",250,5,34,0.9788214564323425
2D2EA,0,"[32, 196]",250,5,35,0.9797922372817993
2D2EA,0,"[32, 196]",250,5,36,0.9793732762336731
2D2EA,0,"[32, 196]",250,5,37,0.9798293113708496
2D2EA,0,"[32, 196]",250,5,38,0.9775668382644653
2D2EA,0,"[32, 196]",250,5,39,0.9903340935707092
2D2EA,0,"[32, 196]",250,5,40,0.9922350645065308
2D2EA,0,"[32, 196]",250,5,41,0.9907914996147156
2D2EA,0,"[32, 196]",250,5,42,0.9903578758239746
2D2EA,0,"[32, 196]",250,5,43,0.9891818165779114
2D2EA,0,"[32, 196]",250,5,44,0.9892948865890503
2D2EA,0,"[32, 196]",250,5,45,0.9895224571228027
2D2EA,0,"[32, 196]",250,5,46,0.9915207028388977
2D2EA,0,"[32, 196]",250,5,47,0.9889330863952637
2D2EA,0,"[32, 196]",250,5,48,0.984920859336853
2D2EA,0,"[32, 196]",250,5,49,0.984920859336853
2D2EA,0,"[32, 196]",250,5,50,0.984920859336853
2D2EA,0,"[32, 196]",250,5,51,0.984920859336853
2D2EA,0,"[32, 196]",250,5,52,0.984920859336853
2D2EA,0,"[32, 196]",250,5,53,0.984920859336853
2D2EA,0,"[32, 196]",250,5,54,0.984920859336853
2D2EA,0,"[32, 196]",250,5,55,0.984920859336853
2D2EA,0,"[32, 196]",250,5,56,0.984920859336853
2D2EA,0,"[32, 196]",250,5,57,0.984920859336853
2D2EA,0,"[32, 196]",250,5,58,0.984920859336853
2D2EA,0,"[32, 196]",250,5,59,0.984920859336853
2D2EA,0,"[32, 196]",250,5,60,0.9849213361740112
2DBYA,0,"[104, 205]",368,5,0,0.007174593396484852
2DBYA,0,"[104, 205]",368,5,1,0.006788083352148533
2DBYA,0,"[104, 205]",368,5,2,0.007672852370887995
2DBYA,0,"[104, 205]",368,5,3,0.006619533058255911
2DBYA,0,"[104, 205]",368,5,4,0.006208302918821573
2DBYA,0,"[104, 205]",368,5,5,0.006225063931196928
2DBYA,0,"[104, 205]",368,5,6,0.007507013157010078
2DBYA,0,"[104, 205]",368,5,7,0.007433317601680756
2DBYA,0,"[104, 205]",368,5,8,0.006027044728398323
2DBYA,0,"[104, 205]",368,5,9,0.0058988239616155624
2DBYA,0,"[104, 205]",368,5,10,0.006332554388791323
2DBYA,0,"[104, 205]",368,5,11,0.008410507813096046
2DBYA,0,"[104, 205]",368,5,12,0.006018588785082102
2DBYA,0,"[104, 205]",368,5,13,0.006173853762447834
2DBYA,0,"[104, 205]",368,5,14,0.0074928379617631435
2DBYA,0,"[104, 205]",368,5,15,0.0067810663022100925
2DBYA,0,"[104, 205]",368,5,16,0.006772851105779409
2DBYA,0,"[104, 205]",368,5,17,0.0065533178858459
2DBYA,0,"[104, 205]",368,5,18,0.006601716857403517
2DBYA,0,"[104, 205]",368,5,19,0.00675031915307045
2DBYA,0,"[104, 205]",368,5,20,0.006648107897490263
2DBYA,0,"[104, 205]",368,5,21,0.0069928281009197235
2DBYA,0,"[104, 205]",368,5,22,0.006161418743431568
2DBYA,0,"[104, 205]",368,5,23,0.006328215356916189
2DBYA,0,"[104, 205]",368,5,24,0.005486070178449154
2DBYA,0,"[104, 205]",368,5,25,0.005526816006749868
2DBYA,0,"[104, 205]",368,5,26,0.006259822752326727
2DBYA,0,"[104, 205]",368,5,27,0.00585269695147872
2DBYA,0,"[104, 205]",368,5,28,0.005596718285232782
2DBYA,0,"[104, 205]",368,5,29,0.005851432681083679
2DBYA,0,"[104, 205]",368,5,30,0.8769423365592957
2DBYA,0,"[104, 205]",368,5,31,0.874456524848938
2DBYA,0,"[104, 205]",368,5,32,0.8725200891494751
2DBYA,0,"[104, 205]",368,5,33,0.8615590929985046
2DBYA,0,"[104, 205]",368,5,34,0.8520916104316711
2DBYA,0,"[104, 205]",368,5,35,0.8626959919929504
2DEJA,0,"[182, 310]",350,5,0,0.006051272619515657
2DEJA,0,"[182, 310]",350,5,1,0.005921353120356798
2DEJA,0,"[182, 310]",350,5,2,0.005211675073951483
2DEJA,0,"[182, 310]",350,5,3,0.0053238472901284695
2DEJA,0,"[182, 310]",350,5,4,0.004910790361464024
2DEJA,0,"[182, 310]",350,5,5,0.006002123933285475
2DEJA,0,"[182, 310]",350,5,6,0.006941583938896656
2DEJA,0,"[182, 310]",350,5,7,0.005658223759382963
2DEJA,0,"[182, 310]",350,5,8,0.008066472597420216
2DEJA,0,"[182, 310]",350,5,9,0.006922986824065447
2DEJA,0,"[182, 310]",350,5,10,0.006913331802934408
2DEJA,0,"[182, 310]",350,5,11,0.006986686028540134
2DEJA,0,"[182, 310]",350,5,12,0.007135309278964996
2DEJA,0,"[182, 310]",350,5,13,0.00653622904792428
2DEJA,0,"[182, 310]",350,5,14,0.0064125461503863335
2DEJA,0,"[182, 310]",350,5,15,0.006414758041501045
2DEJA,0,"[182, 310]",350,5,16,0.0060492041520774364
2DEJA,0,"[182, 310]",350,5,17,0.006288480944931507
2DEJA,0,"[182, 310]",350,5,18,0.005867841187864542
2DEJA,0,"[182, 310]",350,5,19,0.006334748584777117
2DEJA,0,"[182, 310]",350,5,20,0.006637360900640488
2DEJA,0,"[182, 310]",350,5,21,0.005293115507811308
2DEJA,0,"[182, 310]",350,5,22,0.0057019577361643314
2DEJA,0,"[182, 310]",350,5,23,0.005431375466287136
2DEJA,0,"[182, 310]",350,5,24,0.005361852236092091
2DEJA,0,"[182, 310]",350,5,25,0.006059048231691122
2DEJA,0,"[182, 310]",350,5,26,0.006137589458376169
2DEJA,0,"[182, 310]",350,5,27,0.006318694446235895
2DEJA,0,"[182, 310]",350,5,28,0.007223896216601133
2DEJA,0,"[182, 310]",350,5,29,0.006488819606602192
2DEJA,0,"[182, 310]",350,5,30,0.8931752443313599
2DEJA,0,"[182, 310]",350,5,31,0.9380858540534973
2DEJA,0,"[182, 310]",350,5,32,0.9568039178848267
2DEJA,0,"[182, 310]",350,5,33,0.9644015431404114
2DEJA,0,"[182, 310]",350,5,34,0.9330125451087952
2DEJA,0,"[182, 310]",350,5,35,0.9284291863441467
2DG1A,0,"[31, 309]",333,5,0,0.006693810690194368
2DG1A,0,"[31, 309]",333,5,1,0.0058863358572125435
2DG1A,0,"[31, 309]",333,5,2,0.006073514930903912
2DG1A,0,"[31, 309]",333,5,3,0.0058893668465316296
2DG1A,0,"[31, 309]",333,5,4,0.006018734537065029
2DG1A,0,"[31, 309]",333,5,5,0.006090539041906595
2DG1A,0,"[31, 309]",333,5,6,0.006565800867974758
2DG1A,0,"[31, 309]",333,5,7,0.005729371216148138
2DG1A,0,"[31, 309]",333,5,8,0.005828497000038624
2DG1A,0,"[31, 309]",333,5,9,0.005888862535357475
2DG1A,0,"[31, 309]",333,5,10,0.006121812853962183
2DG1A,0,"[31, 309]",333,5,11,0.005734416656196117
2DG1A,0,"[31, 309]",333,5,12,0.006071679759770632
2DG1A,0,"[31, 309]",333,5,13,0.00514164799824357
2DG1A,0,"[31, 309]",333,5,14,0.005690151825547218
2DG1A,0,"[31, 309]",333,5,15,0.00559937534853816
2DG1A,0,"[31, 309]",333,5,16,0.005398648325353861
2DG1A,0,"[31, 309]",333,5,17,0.005782292690128088
2DG1A,0,"[31, 309]",333,5,18,0.0057543502189219
2DG1A,0,"[31, 309]",333,5,19,0.005423564929515123
2DG1A,0,"[31, 309]",333,5,20,0.005796605255454779
2DG1A,0,"[31, 309]",333,5,21,0.005923965480178595
2DG1A,0,"[31, 309]",333,5,22,0.006199417170137167
2DG1A,0,"[31, 309]",333,5,23,0.006388430017977953
2DG1A,0,"[31, 309]",333,5,24,0.007378274574875832
2DG1A,0,"[31, 309]",333,5,25,0.008593074977397919
2DG1A,0,"[31, 309]",333,5,26,0.007037710398435593
2DG1A,0,"[31, 309]",333,5,27,0.007037710398435593
2DG1A,0,"[31, 309]",333,5,28,0.007037710398435593
2DG1A,0,"[31, 309]",333,5,29,0.007037710398435593
2DG1A,0,"[31, 309]",333,5,30,0.007037710398435593
2DG1A,0,"[31, 309]",333,5,31,0.007037710398435593
2DG1A,0,"[31, 309]",333,5,32,0.007037710398435593
2DG1A,0,"[31, 309]",333,5,33,0.007037710398435593
2DG1A,0,"[31, 309]",333,5,34,0.007037710398435593
2DG1A,0,"[31, 309]",333,5,35,0.007037710398435593
2DG1A,0,"[31, 309]",333,5,36,0.007037710398435593
2DG1A,0,"[31, 309]",333,5,37,0.007037710398435593
2DG1A,0,"[31, 309]",333,5,38,0.007037710398435593
2DG1A,0,"[31, 309]",333,5,39,0.007037710398435593
2DG1A,0,"[31, 309]",333,5,40,0.007037710398435593
2DG1A,0,"[31, 309]",333,5,41,0.007037710398435593
2DG1A,0,"[31, 309]",333,5,42,0.007037710398435593
2DG1A,0,"[31, 309]",333,5,43,0.007037710398435593
2DG1A,0,"[31, 309]",333,5,44,0.007037710398435593
2DG1A,0,"[31, 309]",333,5,45,0.007037710398435593
2DG1A,0,"[31, 309]",333,5,46,0.007037710398435593
2DG1A,0,"[31, 309]",333,5,47,0.007037710398435593
2DG1A,0,"[31, 309]",333,5,48,0.007037710398435593
2DG1A,0,"[31, 309]",333,5,49,0.007037710398435593
2DG1A,0,"[31, 309]",333,5,50,0.007037710398435593
2DG1A,0,"[31, 309]",333,5,51,0.007037710398435593
2DG1A,0,"[31, 309]",333,5,52,0.007037710398435593
2DG1A,0,"[31, 309]",333,5,53,0.007037710398435593
2DG1A,0,"[31, 309]",333,5,54,0.007037710398435593
2DG1A,0,"[31, 309]",333,5,55,0.007037710398435593
2DG1A,0,"[31, 309]",333,5,56,0.007037710398435593
2DG1A,0,"[31, 309]",333,5,57,0.007037710398435593
2DG1A,0,"[31, 309]",333,5,58,0.007037710398435593
2DG1A,0,"[31, 309]",333,5,59,0.007037710398435593
2DG1A,0,"[31, 309]",333,5,60,0.007037710398435593
2DPMA,0,"[59, 172]",284,5,0,0.007424256764352322
2DPMA,0,"[59, 172]",284,5,1,0.004979790188372135
2DPMA,0,"[59, 172]",284,5,2,0.005725401919335127
2DPMA,0,"[59, 172]",284,5,3,0.005318359471857548
2DPMA,0,"[59, 172]",284,5,4,0.005074006970971823
2DPMA,0,"[59, 172]",284,5,5,0.0051678321324288845
2DPMA,0,"[59, 172]",284,5,6,0.0057907490991055965
2DPMA,0,"[59, 172]",284,5,7,0.005802859552204609
2DPMA,0,"[59, 172]",284,5,8,0.005597074516117573
2DPMA,0,"[59, 172]",284,5,9,0.005282381549477577
2DPMA,0,"[59, 172]",284,5,10,0.004871796816587448
2DPMA,0,"[59, 172]",284,5,11,0.006490329280495644
2DPMA,0,"[59, 172]",284,5,12,0.005895417183637619
2DPMA,0,"[59, 172]",284,5,13,0.006400971207767725
2DPMA,0,"[59, 172]",284,5,14,0.0057500856928527355
2DPMA,0,"[59, 172]",284,5,15,0.8737539649009705
2DPMA,0,"[59, 172]",284,5,16,0.8741973638534546
2DPMA,0,"[59, 172]",284,5,17,0.8630567193031311
2DPMA,0,"[59, 172]",284,5,18,0.8876550793647766
2DPMA,0,"[59, 172]",284,5,19,0.8663170337677002
2E5FA,0,"[179, 298]",325,5,0,0.009381726384162903
2E5FA,0,"[179, 298]",325,5,1,0.008156636729836464
2E5FA,0,"[179, 298]",325,5,2,0.007244462613016367
2E5FA,0,"[179, 298]",325,5,3,0.006639970000833273
2E5FA,0,"[179, 298]",325,5,4,0.0065296911634504795
2E5FA,0,"[179, 298]",325,5,5,0.007828806526958942
2E5FA,0,"[179, 298]",325,5,6,0.006286535877734423
2E5FA,0,"[179, 298]",325,5,7,0.007693883031606674
2E5FA,0,"[179, 298]",325,5,8,0.0039042567368596792
2E5FA,0,"[179, 298]",325,5,9,0.0056530493311584
2E5FA,0,"[179, 298]",325,5,10,0.004604778718203306
2E5FA,0,"[179, 298]",325,5,11,0.0060348957777023315
2E5FA,0,"[179, 298]",325,5,12,0.005740560125559568
2E5FA,0,"[179, 298]",325,5,13,0.0037988636177033186
2E5FA,0,"[179, 298]",325,5,14,0.003936237655580044
2E5FA,0,"[179, 298]",325,5,15,0.0038923481479287148
2E5FA,0,"[179, 298]",325,5,16,0.003534881630912423
2E5FA,0,"[179, 298]",325,5,17,0.007976756431162357
2E5FA,0,"[179, 298]",325,5,18,0.007620177231729031
2E5FA,0,"[179, 298]",325,5,19,0.010584206320345402
2E5FA,0,"[179, 298]",325,5,20,0.006372272968292236
2E5FA,0,"[179, 298]",325,5,21,0.005302268546074629
2E5FA,0,"[179, 298]",325,5,22,0.0055056605488061905
2E5FA,0,"[179, 298]",325,5,23,0.005898040719330311
2E5FA,0,"[179, 298]",325,5,24,0.007386870216578245
2E5FA,0,"[179, 298]",325,5,25,0.007717696949839592
2E5FA,0,"[179, 298]",325,5,26,0.007336211856454611
2E5FA,0,"[179, 298]",325,5,27,0.007852025330066681
2E5FA,0,"[179, 298]",325,5,28,0.007840520702302456
2E5FA,0,"[179, 298]",325,5,29,0.007013802416622639
2E5FA,0,"[179, 298]",325,5,30,0.009439021348953247
2E5FA,0,"[179, 298]",325,5,31,0.008911018259823322
2E5FA,0,"[179, 298]",325,5,32,0.011389300227165222
2E5FA,0,"[179, 298]",325,5,33,0.11401002109050751
2E5FA,0,"[179, 298]",325,5,34,0.10130901634693146
2E5FA,0,"[179, 298]",325,5,35,0.10107146948575974
2E5FA,0,"[179, 298]",325,5,36,0.12500523030757904
2E5FA,0,"[179, 298]",325,5,37,0.12753409147262573
2E5FA,0,"[179, 298]",325,5,38,0.1354159563779831
2E5FA,0,"[179, 298]",325,5,39,0.13616518676280975
2E5FA,0,"[179, 298]",325,5,40,0.10324358195066452
2E5FA,0,"[179, 298]",325,5,41,0.1026066392660141
2E5FA,0,"[179, 298]",325,5,42,0.10088734328746796
2E5FA,0,"[179, 298]",325,5,43,0.09005370736122131
2E5FA,0,"[179, 298]",325,5,44,0.0911806970834732
2E5FA,0,"[179, 298]",325,5,45,0.09074664115905762
2E5FA,0,"[179, 298]",325,5,46,0.08157109469175339
2E5FA,0,"[179, 298]",325,5,47,0.08846725523471832
2E5FA,0,"[179, 298]",325,5,48,0.07593300193548203
2E5FA,0,"[179, 298]",325,5,49,0.0714419037103653
2E5FA,0,"[179, 298]",325,5,50,0.07881741970777512
2E5FA,0,"[179, 298]",325,5,51,0.06528867781162262
2E5FA,0,"[179, 298]",325,5,52,0.06284137815237045
2E5FA,0,"[179, 298]",325,5,53,0.05859535187482834
2E5FA,0,"[179, 298]",325,5,54,0.052667878568172455
2E5FA,0,"[179, 298]",325,5,55,0.04427913576364517
2E5FA,0,"[179, 298]",325,5,56,0.04155662655830383
2E5FA,0,"[179, 298]",325,5,57,0.04069122299551964
2E5FA,0,"[179, 298]",325,5,58,0.04243148863315582
2E5FA,0,"[179, 298]",325,5,59,0.03964737430214882
2E5FA,0,"[179, 298]",325,5,60,0.040281083434820175
2EK8A,0,"[59, 203]",421,5,0,0.007347545120865107
2EK8A,0,"[59, 203]",421,5,1,0.008314855396747589
2EK8A,0,"[59, 203]",421,5,2,0.008303593844175339
2EK8A,0,"[59, 203]",421,5,3,0.007508592214435339
2EK8A,0,"[59, 203]",421,5,4,0.007521104067564011
2EK8A,0,"[59, 203]",421,5,5,0.008635574020445347
2EK8A,0,"[59, 203]",421,5,6,0.008342920802533627
2EK8A,0,"[59, 203]",421,5,7,0.008224785327911377
2EK8A,0,"[59, 203]",421,5,8,0.009550394490361214
2EK8A,0,"[59, 203]",421,5,9,0.009865952655673027
2EK8A,0,"[59, 203]",421,5,10,0.008847618475556374
2EK8A,0,"[59, 203]",421,5,11,0.009368184953927994
2EK8A,0,"[59, 203]",421,5,12,0.009269880130887032
2EK8A,0,"[59, 203]",421,5,13,0.009335094131529331
2EK8A,0,"[59, 203]",421,5,14,0.00913122110068798
2EK8A,0,"[59, 203]",421,5,15,0.009531531482934952
2EK8A,0,"[59, 203]",421,5,16,0.00812625978142023
2EK8A,0,"[59, 203]",421,5,17,0.0076737054623663425
2EK8A,0,"[59, 203]",421,5,18,0.007509557995945215
2EK8A,0,"[59, 203]",421,5,19,0.0074605876579880714
2EK8A,0,"[59, 203]",421,5,20,0.007168766111135483
2EK8A,0,"[59, 203]",421,5,21,0.007279425859451294
2EK8A,0,"[59, 203]",421,5,22,0.0066214678809046745
2EK8A,0,"[59, 203]",421,5,23,0.006657193414866924
2EK8A,0,"[59, 203]",421,5,24,0.005990240257233381
2EK8A,0,"[59, 203]",421,5,25,0.006475108675658703
2EK8A,0,"[59, 203]",421,5,26,0.00671069510281086
2EK8A,0,"[59, 203]",421,5,27,0.006658991798758507
2EK8A,0,"[59, 203]",421,5,28,0.006090659648180008
2EK8A,0,"[59, 203]",421,5,29,0.006162844132632017
2EK8A,0,"[59, 203]",421,5,30,0.006233207881450653
2EK8A,0,"[59, 203]",421,5,31,0.006813211366534233
2EK8A,0,"[59, 203]",421,5,32,0.006346974056214094
2EK8A,0,"[59, 203]",421,5,33,0.9828422665596008
2EK8A,0,"[59, 203]",421,5,34,0.9788607358932495
2EK8A,0,"[59, 203]",421,5,35,0.9843112230300903
2FBQA,0,"[94, 201]",235,5,0,0.0032032763119786978
2FBQA,0,"[94, 201]",235,5,1,0.005217358469963074
2FBQA,0,"[94, 201]",235,5,2,0.005311761051416397
2FBQA,0,"[94, 201]",235,5,3,0.00555492052808404
2FBQA,0,"[94, 201]",235,5,4,0.005530341528356075
2FBQA,0,"[94, 201]",235,5,5,0.005556574556976557
2FBQA,0,"[94, 201]",235,5,6,0.005690590478479862
2FBQA,0,"[94, 201]",235,5,7,0.005391533020883799
2FBQA,0,"[94, 201]",235,5,8,0.005541954655200243
2FBQA,0,"[94, 201]",235,5,9,0.005034479312598705
2FBQA,0,"[94, 201]",235,5,10,0.004763385280966759
2FBQA,0,"[94, 201]",235,5,11,0.00471388828009367
2FBQA,0,"[94, 201]",235,5,12,0.004665915854275227
2FBQA,0,"[94, 201]",235,5,13,0.005030805245041847
2FBQA,0,"[94, 201]",235,5,14,0.005225417669862509
2FBQA,0,"[94, 201]",235,5,15,0.004436254035681486
2FBQA,0,"[94, 201]",235,5,16,0.005516962148249149
2FBQA,0,"[94, 201]",235,5,17,0.012742042541503906
2FBQA,0,"[94, 201]",235,5,18,0.013651506043970585
2FBQA,0,"[94, 201]",235,5,19,0.011504244059324265
2FBQA,0,"[94, 201]",235,5,20,0.008833297528326511
2FBQA,0,"[94, 201]",235,5,21,0.008223759941756725
2FBQA,0,"[94, 201]",235,5,22,0.007419248577207327
2FBQA,0,"[94, 201]",235,5,23,0.008274595253169537
2FBQA,0,"[94, 201]",235,5,24,0.01048106886446476
2FBQA,0,"[94, 201]",235,5,25,0.009821797721087933
2FBQA,0,"[94, 201]",235,5,26,0.010971314273774624
2FBQA,0,"[94, 201]",235,5,27,0.010225780308246613
2FBQA,0,"[94, 201]",235,5,28,0.009385431185364723
2FBQA,0,"[94, 201]",235,5,29,0.008391698822379112
2FBQA,0,"[94, 201]",235,5,30,0.008535197004675865
2FBQA,0,"[94, 201]",235,5,31,0.008477812632918358
2FBQA,0,"[94, 201]",235,5,32,0.007929952815175056
2FBQA,0,"[94, 201]",235,5,33,0.00873815268278122
2FBQA,0,"[94, 201]",235,5,34,0.009594399482011795
2FBQA,0,"[94, 201]",235,5,35,0.007773212157189846
2FBQA,0,"[94, 201]",235,5,36,0.24650782346725464
2FBQA,0,"[94, 201]",235,5,37,0.40628600120544434
2FBQA,0,"[94, 201]",235,5,38,0.5665684342384338
2FBQA,0,"[94, 201]",235,5,39,0.7829136848449707
2FBQA,0,"[94, 201]",235,5,40,0.7386821508407593
2FBQA,0,"[94, 201]",235,5,41,0.7808181643486023
2FBQA,0,"[94, 201]",235,5,42,0.8616203665733337
2FBQA,0,"[94, 201]",235,5,43,0.9487895369529724
2FBQA,0,"[94, 201]",235,5,44,0.9576101303100586
2FBQA,0,"[94, 201]",235,5,45,0.9780608415603638
2FBQA,0,"[94, 201]",235,5,46,0.9787905216217041
2FBQA,0,"[94, 201]",235,5,47,0.9746788740158081
2FBQA,0,"[94, 201]",235,5,48,0.9738097190856934
2FBQA,0,"[94, 201]",235,5,49,0.9865254163742065
2FBQA,0,"[94, 201]",235,5,50,0.9856563210487366
2FBQA,0,"[94, 201]",235,5,51,0.9826453924179077
2FBQA,0,"[94, 201]",235,5,52,0.9878880381584167
2FBQA,0,"[94, 201]",235,5,53,0.9892147779464722
2FBQA,0,"[94, 201]",235,5,54,0.9892029166221619
2FBQA,0,"[94, 201]",235,5,55,0.9854772090911865
2FBQA,0,"[94, 201]",235,5,56,0.9819114208221436
2FBQA,0,"[94, 201]",235,5,57,0.9890890717506409
2FBQA,0,"[94, 201]",235,5,58,0.9829439520835876
2FBQA,0,"[94, 201]",235,5,59,0.9887799024581909
2FBQA,0,"[94, 201]",235,5,60,0.9919061064720154
2FEAA,0,"[86, 211]",236,5,0,0.003327870275825262
2FEAA,0,"[86, 211]",236,5,1,0.005683681927621365
2FEAA,0,"[86, 211]",236,5,2,0.00584059115499258
2FEAA,0,"[86, 211]",236,5,3,0.005351511295884848
2FEAA,0,"[86, 211]",236,5,4,0.005922744050621986
2FEAA,0,"[86, 211]",236,5,5,0.00586353475227952
2FEAA,0,"[86, 211]",236,5,6,0.0058848075568675995
2FEAA,0,"[86, 211]",236,5,7,0.005819718819111586
2FEAA,0,"[86, 211]",236,5,8,0.006345699541270733
2FEAA,0,"[86, 211]",236,5,9,0.006142375525087118
2FEAA,0,"[86, 211]",236,5,10,0.0052129048854112625
2FEAA,0,"[86, 211]",236,5,11,0.0036140657030045986
2FEAA,0,"[86, 211]",236,5,12,0.005004074424505234
2FEAA,0,"[86, 211]",236,5,13,0.0060281953774392605
2FEAA,0,"[86, 211]",236,5,14,0.005903910379856825
2FEAA,0,"[86, 211]",236,5,15,0.0075601753778755665
2FEAA,0,"[86, 211]",236,5,16,0.04049110785126686
2FEAA,0,"[86, 211]",236,5,17,0.042495645582675934
2FEAA,0,"[86, 211]",236,5,18,0.04312415048480034
2FEAA,0,"[86, 211]",236,5,19,0.04934006556868553
2FEAA,0,"[86, 211]",236,5,20,0.037504129111766815
2FEAA,0,"[86, 211]",236,5,21,0.06348684430122375
2FEAA,0,"[86, 211]",236,5,22,0.04046829417347908
2FEAA,0,"[86, 211]",236,5,23,0.04284411668777466
2FEAA,0,"[86, 211]",236,5,24,0.055975962430238724
2FEAA,0,"[86, 211]",236,5,25,0.041523758322000504
2FEAA,0,"[86, 211]",236,5,26,0.03670654818415642
2FEAA,0,"[86, 211]",236,5,27,0.029645636677742004
2FEAA,0,"[86, 211]",236,5,28,0.03336448222398758
2FEAA,0,"[86, 211]",236,5,29,0.02307400479912758
2FEAA,0,"[86, 211]",236,5,30,0.037678301334381104
2FEAA,0,"[86, 211]",236,5,31,0.03352818265557289
2FEAA,0,"[86, 211]",236,5,32,0.02757098153233528
2FEAA,0,"[86, 211]",236,5,33,0.019183574244379997
2FEAA,0,"[86, 211]",236,5,34,0.01881476864218712
2FEAA,0,"[86, 211]",236,5,35,0.017730675637722015
2FEAA,0,"[86, 211]",236,5,36,0.016767455264925957
2FEAA,0,"[86, 211]",236,5,37,0.01757664419710636
2FEAA,0,"[86, 211]",236,5,38,0.017273325473070145
2FEAA,0,"[86, 211]",236,5,39,0.017018888145685196
2FEAA,0,"[86, 211]",236,5,40,0.01524918619543314
2FEAA,0,"[86, 211]",236,5,41,0.017891695722937584
2FEAA,0,"[86, 211]",236,5,42,0.018207374960184097
2FEAA,0,"[86, 211]",236,5,43,0.020323939621448517
2FEAA,0,"[86, 211]",236,5,44,0.017994821071624756
2FEAA,0,"[86, 211]",236,5,45,0.020840931683778763
2FEAA,0,"[86, 211]",236,5,46,0.009077145718038082
2FEAA,0,"[86, 211]",236,5,47,0.016946228221058846
2FEAA,0,"[86, 211]",236,5,48,0.01586354337632656
2FEAA,0,"[86, 211]",236,5,49,0.013528558425605297
2FEAA,0,"[86, 211]",236,5,50,0.014651529490947723
2FEAA,0,"[86, 211]",236,5,51,0.015119394287467003
2FEAA,0,"[86, 211]",236,5,52,0.014710057526826859
2FEAA,0,"[86, 211]",236,5,53,0.016282668337225914
2FEAA,0,"[86, 211]",236,5,54,0.016935724765062332
2FEAA,0,"[86, 211]",236,5,55,0.016246365383267403
2FEAA,0,"[86, 211]",236,5,56,0.014841004274785519
2FEAA,0,"[86, 211]",236,5,57,0.015686705708503723
2FEAA,0,"[86, 211]",236,5,58,0.014768281951546669
2FEAA,0,"[86, 211]",236,5,59,0.013495520688593388
2FEAA,0,"[86, 211]",236,5,60,0.01403059158474207
2FNUA,0,"[18, 238]",375,5,0,0.007504880428314209
2FNUA,0,"[18, 238]",375,5,1,0.007159889675676823
2FNUA,0,"[18, 238]",375,5,2,0.007313073612749577
2FNUA,0,"[18, 238]",375,5,3,0.007615132723003626
2FNUA,0,"[18, 238]",375,5,4,0.0065804398618638515
2FNUA,0,"[18, 238]",375,5,5,0.006639551371335983
2FNUA,0,"[18, 238]",375,5,6,0.006309682969003916
2FNUA,0,"[18, 238]",375,5,7,0.006582688074558973
2FNUA,0,"[18, 238]",375,5,8,0.006766331382095814
2FNUA,0,"[18, 238]",375,5,9,0.007211827207356691
2FNUA,0,"[18, 238]",375,5,10,0.006807927042245865
2FNUA,0,"[18, 238]",375,5,11,0.006726257503032684
2FNUA,0,"[18, 238]",375,5,12,0.00662282295525074
2FNUA,0,"[18, 238]",375,5,13,0.006457531824707985
2FNUA,0,"[18, 238]",375,5,14,0.0066066342405974865
2FNUA,0,"[18, 238]",375,5,15,0.0063906479626894
2FNUA,0,"[18, 238]",375,5,16,0.006741472519934177
2FNUA,0,"[18, 238]",375,5,17,0.006407446227967739
2FNUA,0,"[18, 238]",375,5,18,0.005553286522626877
2FNUA,0,"[18, 238]",375,5,19,0.007160434033721685
2FNUA,0,"[18, 238]",375,5,20,0.006617612671107054
2FNUA,0,"[18, 238]",375,5,21,0.006566485855728388
2FNUA,0,"[18, 238]",375,5,22,0.0066488864831626415
2FNUA,0,"[18, 238]",375,5,23,0.006443369202315807
2FNUA,0,"[18, 238]",375,5,24,0.00628355098888278
2FNUA,0,"[18, 238]",375,5,25,0.005834568757563829
2FNUA,0,"[18, 238]",375,5,26,0.0059988913126289845
2FNUA,0,"[18, 238]",375,5,27,0.006077947095036507
2FNUA,0,"[18, 238]",375,5,28,0.006035781465470791
2FNUA,0,"[18, 238]",375,5,29,0.006343855056911707
2FNUA,0,"[18, 238]",375,5,30,0.007071127183735371
2FNUA,0,"[18, 238]",375,5,31,0.0068848105147480965
2FNUA,0,"[18, 238]",375,5,32,0.006715717725455761
2FNUA,0,"[18, 238]",375,5,33,0.006859127432107925
2FNUA,0,"[18, 238]",375,5,34,0.007515186443924904
2FNUA,0,"[18, 238]",375,5,35,0.006925676483660936
2FNUA,0,"[18, 238]",375,5,36,0.006794756278395653
2FNUA,0,"[18, 238]",375,5,37,0.006827567238360643
2FNUA,0,"[18, 238]",375,5,38,0.006844484247267246
2FNUA,0,"[18, 238]",375,5,39,0.007217880804091692
2FNUA,0,"[18, 238]",375,5,40,0.007087317761033773
2FNUA,0,"[18, 238]",375,5,41,0.00686904601752758
2FNUA,0,"[18, 238]",375,5,42,0.012187457643449306
2FNUA,0,"[18, 238]",375,5,43,0.009532921947538853
2FNUA,0,"[18, 238]",375,5,44,0.010073392651975155
2FNUA,0,"[18, 238]",375,5,45,0.010444256477057934
2FNUA,0,"[18, 238]",375,5,46,0.010266452096402645
2FNUA,0,"[18, 238]",375,5,47,0.010640870779752731
2FNUA,0,"[18, 238]",375,5,48,0.010014868341386318
2FNUA,0,"[18, 238]",375,5,49,0.009763989597558975
2FNUA,0,"[18, 238]",375,5,50,0.00977572426199913
2FNUA,0,"[18, 238]",375,5,51,0.010039272718131542
2FNUA,0,"[18, 238]",375,5,52,0.010481400415301323
2FNUA,0,"[18, 238]",375,5,53,0.010013815946877003
2FNUA,0,"[18, 238]",375,5,54,0.010102380998432636
2FNUA,0,"[18, 238]",375,5,55,0.01008236687630415
2FNUA,0,"[18, 238]",375,5,56,0.010010653175413609
2FNUA,0,"[18, 238]",375,5,57,0.009996934793889523
2FNUA,0,"[18, 238]",375,5,58,0.009875394403934479
2FNUA,0,"[18, 238]",375,5,59,0.009809158742427826
2FNUA,0,"[18, 238]",375,5,60,0.009867469780147076
2FWMX,0,"[23, 222]",250,5,0,0.004092243034392595
2FWMX,0,"[23, 222]",250,5,1,0.004259000066667795
2FWMX,0,"[23, 222]",250,5,2,0.00550139881670475
2FWMX,0,"[23, 222]",250,5,3,0.00545615004375577
2FWMX,0,"[23, 222]",250,5,4,0.005359471309930086
2FWMX,0,"[23, 222]",250,5,5,0.004722777754068375
2FWMX,0,"[23, 222]",250,5,6,0.004928776528686285
2FWMX,0,"[23, 222]",250,5,7,0.005184216890484095
2FWMX,0,"[23, 222]",250,5,8,0.004567134194076061
2FWMX,0,"[23, 222]",250,5,9,0.0045668683014810085
2FWMX,0,"[23, 222]",250,5,10,0.00551571324467659
2FWMX,0,"[23, 222]",250,5,11,0.005859634838998318
2FWMX,0,"[23, 222]",250,5,12,0.006978620309382677
2FWMX,0,"[23, 222]",250,5,13,0.9460899829864502
2FWMX,0,"[23, 222]",250,5,14,0.9317382574081421
2FWMX,0,"[23, 222]",250,5,15,0.9409659504890442
2H8GA,0,"[98, 207]",267,5,0,0.0048818872310221195
2H8GA,0,"[98, 207]",267,5,1,0.005292336922138929
2H8GA,0,"[98, 207]",267,5,2,0.0060188802890479565
2H8GA,0,"[98, 207]",267,5,3,0.005116246175020933
2H8GA,0,"[98, 207]",267,5,4,0.004944360349327326
2H8GA,0,"[98, 207]",267,5,5,0.005518926307559013
2H8GA,0,"[98, 207]",267,5,6,0.005773309152573347
2H8GA,0,"[98, 207]",267,5,7,0.00443141208961606
2H8GA,0,"[98, 207]",267,5,8,0.005843960214406252
2H8GA,0,"[98, 207]",267,5,9,0.006126702297478914
2H8GA,0,"[98, 207]",267,5,10,0.006458339747041464
2H8GA,0,"[98, 207]",267,5,11,0.006521628238260746
2H8GA,0,"[98, 207]",267,5,12,0.006771191954612732
2H8GA,0,"[98, 207]",267,5,13,0.006234427448362112
2H8GA,0,"[98, 207]",267,5,14,0.006475565955042839
2H8GA,0,"[98, 207]",267,5,15,0.006467422936111689
2H8GA,0,"[98, 207]",267,5,16,0.00737962918356061
2H8GA,0,"[98, 207]",267,5,17,0.00673991022631526
2H8GA,0,"[98, 207]",267,5,18,0.01168216485530138
2H8GA,0,"[98, 207]",267,5,19,0.014723074622452259
2H8GA,0,"[98, 207]",267,5,20,0.012301906943321228
2H8GA,0,"[98, 207]",267,5,21,0.011645905673503876
2H8GA,0,"[98, 207]",267,5,22,0.012035259045660496
2H8GA,0,"[98, 207]",267,5,23,0.011897888034582138
2H8GA,0,"[98, 207]",267,5,24,0.011747720651328564
2H8GA,0,"[98, 207]",267,5,25,0.011721335351467133
2H8GA,0,"[98, 207]",267,5,26,0.011646373197436333
2H8GA,0,"[98, 207]",267,5,27,0.012552428990602493
2H8GA,0,"[98, 207]",267,5,28,0.016336746513843536
2H8GA,0,"[98, 207]",267,5,29,0.020305681973695755
2H8GA,0,"[98, 207]",267,5,30,0.017623167484998703
2H8GA,0,"[98, 207]",267,5,31,0.012983374297618866
2H8GA,0,"[98, 207]",267,5,32,0.010841777548193932
2H8GA,0,"[98, 207]",267,5,33,0.012790285982191563
2H8GA,0,"[98, 207]",267,5,34,0.010171196423470974
2H8GA,0,"[98, 207]",267,5,35,0.6251273155212402
2H8GA,0,"[98, 207]",267,5,36,1.019191861152649
2H8GA,0,"[98, 207]",267,5,37,1.014779806137085
2H8GA,0,"[98, 207]",267,5,38,1.0156867504119873
2H8GA,0,"[98, 207]",267,5,39,1.0029098987579346
2HF2A,0,"[30, 260]",283,5,0,0.005869879852980375
2HF2A,0,"[30, 260]",283,5,1,0.005731571465730667
2HF2A,0,"[30, 260]",283,5,2,0.005960914772003889
2HF2A,0,"[30, 260]",283,5,3,0.006192036904394627
2HF2A,0,"[30, 260]",283,5,4,0.005947452038526535
2HF2A,0,"[30, 260]",283,5,5,0.005645138677209616
2HF2A,0,"[30, 260]",283,5,6,0.005466585513204336
2HF2A,0,"[30, 260]",283,5,7,0.005499686114490032
2HF2A,0,"[30, 260]",283,5,8,0.00536576472222805
2HF2A,0,"[30, 260]",283,5,9,0.005718151107430458
2HF2A,0,"[30, 260]",283,5,10,0.005104429088532925
2HF2A,0,"[30, 260]",283,5,11,0.005845066625624895
2HF2A,0,"[30, 260]",283,5,12,0.005689422134310007
2HF2A,0,"[30, 260]",283,5,13,0.005014729220420122
2HF2A,0,"[30, 260]",283,5,14,0.005372059531509876
2HF2A,0,"[30, 260]",283,5,15,0.005707404110580683
2HF2A,0,"[30, 260]",283,5,16,0.0062980554066598415
2HF2A,0,"[30, 260]",283,5,17,0.00784934964030981
2HF2A,0,"[30, 260]",283,5,18,0.008080786094069481
2HF2A,0,"[30, 260]",283,5,19,0.008972267620265484
2HF2A,0,"[30, 260]",283,5,20,0.009208155795931816
2HF2A,0,"[30, 260]",283,5,21,0.012168156914412975
2HF2A,0,"[30, 260]",283,5,22,0.017211664468050003
2HF2A,0,"[30, 260]",283,5,23,0.01120871864259243
2HF2A,0,"[30, 260]",283,5,24,0.014290174469351768
2HF2A,0,"[30, 260]",283,5,25,0.15021701157093048
2HF2A,0,"[30, 260]",283,5,26,0.15021701157093048
2HF2A,0,"[30, 260]",283,5,27,0.15021701157093048
2HF2A,0,"[30, 260]",283,5,28,0.15021701157093048
2HF2A,0,"[30, 260]",283,5,29,0.15021701157093048
2HF2A,0,"[30, 260]",283,5,30,0.15021701157093048
2HF2A,0,"[30, 260]",283,5,31,0.15021701157093048
2HF2A,0,"[30, 260]",283,5,32,0.15021701157093048
2HF2A,0,"[30, 260]",283,5,33,0.15021701157093048
2HF2A,0,"[30, 260]",283,5,34,0.15021701157093048
2HF2A,0,"[30, 260]",283,5,35,0.15021701157093048
2HF2A,0,"[30, 260]",283,5,36,0.15021701157093048
2HF2A,0,"[30, 260]",283,5,37,0.15021701157093048
2HF2A,0,"[30, 260]",283,5,38,0.15021701157093048
2HF2A,0,"[30, 260]",283,5,39,0.15021701157093048
2HF2A,0,"[30, 260]",283,5,40,0.15021701157093048
2HF2A,0,"[30, 260]",283,5,41,0.15021701157093048
2HF2A,0,"[30, 260]",283,5,42,0.15021701157093048
2HF2A,0,"[30, 260]",283,5,43,0.15021701157093048
2HF2A,0,"[30, 260]",283,5,44,0.15021701157093048
2HF2A,0,"[30, 260]",283,5,45,0.15021701157093048
2HF2A,0,"[30, 260]",283,5,46,0.15021701157093048
2HF2A,0,"[30, 260]",283,5,47,0.15021701157093048
2HF2A,0,"[30, 260]",283,5,48,0.15021701157093048
2HF2A,0,"[30, 260]",283,5,49,0.15021701157093048
2HF2A,0,"[30, 260]",283,5,50,0.15021701157093048
2HF2A,0,"[30, 260]",283,5,51,0.15021701157093048
2HF2A,0,"[30, 260]",283,5,52,0.15021701157093048
2HF2A,0,"[30, 260]",283,5,53,0.15021701157093048
2HF2A,0,"[30, 260]",283,5,54,0.15021701157093048
2HF2A,0,"[30, 260]",283,5,55,0.15021701157093048
2HF2A,0,"[30, 260]",283,5,56,0.15021701157093048
2HF2A,0,"[30, 260]",283,5,57,0.15021701157093048
2HF2A,0,"[30, 260]",283,5,58,0.15021701157093048
2HF2A,0,"[30, 260]",283,5,59,0.15021701157093048
2HF2A,0,"[30, 260]",283,5,60,0.1502169817686081
2HF9A,0,"[41, 144]",226,5,0,0.006057271733880043
2HF9A,0,"[41, 144]",226,5,1,0.006053101271390915
2HF9A,0,"[41, 144]",226,5,2,0.00654000835493207
2HF9A,0,"[41, 144]",226,5,3,0.008502964861690998
2HF9A,0,"[41, 144]",226,5,4,0.008700049482285976
2HF9A,0,"[41, 144]",226,5,5,0.007842671126127243
2HF9A,0,"[41, 144]",226,5,6,0.005998714827001095
2HF9A,0,"[41, 144]",226,5,7,0.005210466682910919
2HF9A,0,"[41, 144]",226,5,8,0.005474095698446035
2HF9A,0,"[41, 144]",226,5,9,0.006469065323472023
2HF9A,0,"[41, 144]",226,5,10,0.00708949938416481
2HF9A,0,"[41, 144]",226,5,11,0.008966540917754173
2HF9A,0,"[41, 144]",226,5,12,0.015553127974271774
2HF9A,0,"[41, 144]",226,5,13,0.014050081372261047
2HF9A,0,"[41, 144]",226,5,14,0.009388647973537445
2HF9A,0,"[41, 144]",226,5,15,0.011240702122449875
2HF9A,0,"[41, 144]",226,5,16,0.013549812138080597
2HF9A,0,"[41, 144]",226,5,17,0.007003584410995245
2HF9A,0,"[41, 144]",226,5,18,0.006286436691880226
2HF9A,0,"[41, 144]",226,5,19,0.006061801221221685
2HF9A,0,"[41, 144]",226,5,20,0.005972409620881081
2HF9A,0,"[41, 144]",226,5,21,0.005534898955374956
2HF9A,0,"[41, 144]",226,5,22,0.006308917421847582
2HF9A,0,"[41, 144]",226,5,23,0.007910766638815403
2HF9A,0,"[41, 144]",226,5,24,0.007180864457041025
2HF9A,0,"[41, 144]",226,5,25,0.00798727571964264
2HF9A,0,"[41, 144]",226,5,26,0.009108011610805988
2HF9A,0,"[41, 144]",226,5,27,0.007876206189393997
2HF9A,0,"[41, 144]",226,5,28,0.006818026304244995
2HF9A,0,"[41, 144]",226,5,29,0.00782434456050396
2HF9A,0,"[41, 144]",226,5,30,0.008478717878460884
2HF9A,0,"[41, 144]",226,5,31,0.0076288762502372265
2HF9A,0,"[41, 144]",226,5,32,0.007042944896966219
2HF9A,0,"[41, 144]",226,5,33,0.0068728141486644745
2HF9A,0,"[41, 144]",226,5,34,0.006532004103064537
2HF9A,0,"[41, 144]",226,5,35,0.00666484609246254
2HF9A,0,"[41, 144]",226,5,36,0.008764253929257393
2HF9A,0,"[41, 144]",226,5,37,0.009059433825314045
2HF9A,0,"[41, 144]",226,5,38,0.009370981715619564
2HF9A,0,"[41, 144]",226,5,39,0.00949462316930294
2HF9A,0,"[41, 144]",226,5,40,0.009732945822179317
2HF9A,0,"[41, 144]",226,5,41,0.009679323062300682
2HF9A,0,"[41, 144]",226,5,42,0.009291760623455048
2HF9A,0,"[41, 144]",226,5,43,0.008924758993089199
2HF9A,0,"[41, 144]",226,5,44,0.008921554312109947
2HF9A,0,"[41, 144]",226,5,45,0.008713542483747005
2HF9A,0,"[41, 144]",226,5,46,0.008218233473598957
2HF9A,0,"[41, 144]",226,5,47,0.008365632966160774
2HF9A,0,"[41, 144]",226,5,48,0.008113357238471508
2HF9A,0,"[41, 144]",226,5,49,0.008139259181916714
2HF9A,0,"[41, 144]",226,5,50,0.008261936716735363
2HF9A,0,"[41, 144]",226,5,51,0.008372643031179905
2HF9A,0,"[41, 144]",226,5,52,0.00850595347583294
2HF9A,0,"[41, 144]",226,5,53,0.008706319145858288
2HF9A,0,"[41, 144]",226,5,54,0.00857255607843399
2HF9A,0,"[41, 144]",226,5,55,0.008700339123606682
2HF9A,0,"[41, 144]",226,5,56,0.008496600203216076
2HF9A,0,"[41, 144]",226,5,57,0.008328660391271114
2HF9A,0,"[41, 144]",226,5,58,0.008430060930550098
2HF9A,0,"[41, 144]",226,5,59,0.008486448787152767
2HF9A,0,"[41, 144]",226,5,60,0.00809780415147543
2HFSA,0,"[190, 293]",332,5,0,0.007619835436344147
2HFSA,0,"[190, 293]",332,5,1,0.005152110476046801
2HFSA,0,"[190, 293]",332,5,2,0.007844090461730957
2HFSA,0,"[190, 293]",332,5,3,0.008983318693935871
2HFSA,0,"[190, 293]",332,5,4,0.005506845191121101
2HFSA,0,"[190, 293]",332,5,5,0.006154108792543411
2HFSA,0,"[190, 293]",332,5,6,0.0066643026657402515
2HFSA,0,"[190, 293]",332,5,7,0.00625726580619812
2HFSA,0,"[190, 293]",332,5,8,0.007580398581922054
2HFSA,0,"[190, 293]",332,5,9,0.006256551947444677
2HFSA,0,"[190, 293]",332,5,10,0.00573487114161253
2HFSA,0,"[190, 293]",332,5,11,0.00831610057502985
2HFSA,0,"[190, 293]",332,5,12,0.008032438345253468
2HFSA,0,"[190, 293]",332,5,13,0.00733737088739872
2HFSA,0,"[190, 293]",332,5,14,0.00672282837331295
2HFSA,0,"[190, 293]",332,5,15,0.006840877700597048
2HFSA,0,"[190, 293]",332,5,16,0.006152094807475805
2HFSA,0,"[190, 293]",332,5,17,0.005967143457382917
2HFSA,0,"[190, 293]",332,5,18,0.006688264198601246
2HFSA,0,"[190, 293]",332,5,19,0.007826704531908035
2HFSA,0,"[190, 293]",332,5,20,0.006819923873990774
2HFSA,0,"[190, 293]",332,5,21,0.0061914073303341866
2HFSA,0,"[190, 293]",332,5,22,0.006506963633000851
2HFSA,0,"[190, 293]",332,5,23,0.005854122340679169
2HFSA,0,"[190, 293]",332,5,24,0.0060285599902272224
2HFSA,0,"[190, 293]",332,5,25,0.0064537907019257545
2HFSA,0,"[190, 293]",332,5,26,0.006466771010309458
2HFSA,0,"[190, 293]",332,5,27,0.007573375944048166
2HFSA,0,"[190, 293]",332,5,28,0.007876607589423656
2HFSA,0,"[190, 293]",332,5,29,0.007135267835110426
2HFSA,0,"[190, 293]",332,5,30,0.007447967771440744
2HFSA,0,"[190, 293]",332,5,31,0.9035102128982544
2HFSA,0,"[190, 293]",332,5,32,0.8134742379188538
2HFSA,0,"[190, 293]",332,5,33,0.882210373878479
2HFSA,0,"[190, 293]",332,5,34,0.8656054139137268
2HFSA,0,"[190, 293]",332,5,35,0.8924535512924194
2I0ZA,0,"[30, 178]",447,5,0,0.012014288455247879
2I0ZA,0,"[30, 178]",447,5,1,0.008926366455852985
2I0ZA,0,"[30, 178]",447,5,2,0.009127302095293999
2I0ZA,0,"[30, 178]",447,5,3,0.00794402789324522
2I0ZA,0,"[30, 178]",447,5,4,0.008228123188018799
2I0ZA,0,"[30, 178]",447,5,5,0.009127936325967312
2I0ZA,0,"[30, 178]",447,5,6,0.008699586614966393
2I0ZA,0,"[30, 178]",447,5,7,0.008583146147429943
2I0ZA,0,"[30, 178]",447,5,8,0.009344607591629028
2I0ZA,0,"[30, 178]",447,5,9,0.007741848006844521
2I0ZA,0,"[30, 178]",447,5,10,0.007598309777677059
2I0ZA,0,"[30, 178]",447,5,11,0.00794558972120285
2I0ZA,0,"[30, 178]",447,5,12,0.007797905243933201
2I0ZA,0,"[30, 178]",447,5,13,0.008207613602280617
2I0ZA,0,"[30, 178]",447,5,14,0.007874784991145134
2I0ZA,0,"[30, 178]",447,5,15,0.007476850412786007
2I0ZA,0,"[30, 178]",447,5,16,0.00905890017747879
2I0ZA,0,"[30, 178]",447,5,17,0.008574336767196655
2I0ZA,0,"[30, 178]",447,5,18,0.008750298991799355
2I0ZA,0,"[30, 178]",447,5,19,0.008954047225415707
2I0ZA,0,"[30, 178]",447,5,20,0.009131310507655144
2I0ZA,0,"[30, 178]",447,5,21,0.009203174151480198
2I0ZA,0,"[30, 178]",447,5,22,0.009313669987022877
2I0ZA,0,"[30, 178]",447,5,23,0.010778944939374924
2I0ZA,0,"[30, 178]",447,5,24,0.010679095983505249
2I0ZA,0,"[30, 178]",447,5,25,0.010012838058173656
2I0ZA,0,"[30, 178]",447,5,26,0.010183275677263737
2I0ZA,0,"[30, 178]",447,5,27,0.010128642432391644
2I0ZA,0,"[30, 178]",447,5,28,0.010275615379214287
2I0ZA,0,"[30, 178]",447,5,29,0.009122059680521488
2I0ZA,0,"[30, 178]",447,5,30,0.00939991045743227
2I0ZA,0,"[30, 178]",447,5,31,0.009519725106656551
2I0ZA,0,"[30, 178]",447,5,32,0.009561751037836075
2I0ZA,0,"[30, 178]",447,5,33,0.009416600689291954
2I0ZA,0,"[30, 178]",447,5,34,0.009637385606765747
2I0ZA,0,"[30, 178]",447,5,35,0.009474010206758976
2I0ZA,0,"[30, 178]",447,5,36,0.010466406121850014
2I0ZA,0,"[30, 178]",447,5,37,0.009334633126854897
2I0ZA,0,"[30, 178]",447,5,38,0.008965463377535343
2I0ZA,0,"[30, 178]",447,5,39,0.9356730580329895
2I0ZA,0,"[30, 178]",447,5,40,0.9163921475410461
2I0ZA,0,"[30, 178]",447,5,41,0.8964563608169556
2I0ZA,0,"[30, 178]",447,5,42,0.8926705121994019
2I0ZA,0,"[30, 178]",447,5,43,0.8827195167541504
2IHTA,0,"[18, 149]",573,5,0,0.007201591040939093
2IHTA,0,"[18, 149]",573,5,1,0.00720166927203536
2IHTA,0,"[18, 149]",573,5,2,0.00927780196070671
2IHTA,0,"[18, 149]",573,5,3,0.008700004778802395
2IHTA,0,"[18, 149]",573,5,4,0.00873449444770813
2IHTA,0,"[18, 149]",573,5,5,0.009695013053715229
2IHTA,0,"[18, 149]",573,5,6,0.008657308295369148
2IHTA,0,"[18, 149]",573,5,7,0.008460656739771366
2IHTA,0,"[18, 149]",573,5,8,0.011169373989105225
2IHTA,0,"[18, 149]",573,5,9,0.009754869155585766
2IHTA,0,"[18, 149]",573,5,10,0.01056631375104189
2IHTA,0,"[18, 149]",573,5,11,0.009114536456763744
2IHTA,0,"[18, 149]",573,5,12,0.008470715023577213
2IHTA,0,"[18, 149]",573,5,13,0.009063171222805977
2IHTA,0,"[18, 149]",573,5,14,0.008991207927465439
2IHTA,0,"[18, 149]",573,5,15,0.009264430031180382
2IHTA,0,"[18, 149]",573,5,16,0.009221763350069523
2IHTA,0,"[18, 149]",573,5,17,0.008357721380889416
2IHTA,0,"[18, 149]",573,5,18,0.00969020463526249
2IHTA,0,"[18, 149]",573,5,19,0.01021884847432375
2IHTA,0,"[18, 149]",573,5,20,0.009264557622373104
2IHTA,0,"[18, 149]",573,5,21,0.008883500471711159
2IHTA,0,"[18, 149]",573,5,22,0.009066060185432434
2IHTA,0,"[18, 149]",573,5,23,0.012282533571124077
2IHTA,0,"[18, 149]",573,5,24,0.01679629273712635
2IHTA,0,"[18, 149]",573,5,25,0.010047093965113163
2IHTA,0,"[18, 149]",573,5,26,0.009769590571522713
2IHTA,0,"[18, 149]",573,5,27,0.008070090785622597
2IHTA,0,"[18, 149]",573,5,28,0.008337625302374363
2IHTA,0,"[18, 149]",573,5,29,0.007907875813543797
2IHTA,0,"[18, 149]",573,5,30,0.00783336628228426
2IHTA,0,"[18, 149]",573,5,31,0.00816979818046093
2IHTA,0,"[18, 149]",573,5,32,0.009153605438768864
2IHTA,0,"[18, 149]",573,5,33,0.008121365681290627
2IHTA,0,"[18, 149]",573,5,34,0.008223029784858227
2IHTA,0,"[18, 149]",573,5,35,0.008211043663322926
2IHTA,0,"[18, 149]",573,5,36,0.008397555910050869
2IHTA,0,"[18, 149]",573,5,37,0.00922639761120081
2IHTA,0,"[18, 149]",573,5,38,0.008498316630721092
2IHTA,0,"[18, 149]",573,5,39,0.009594928473234177
2IHTA,0,"[18, 149]",573,5,40,0.00912842433899641
2IHTA,0,"[18, 149]",573,5,41,0.009332864545285702
2IHTA,0,"[18, 149]",573,5,42,0.008722567930817604
2IHTA,0,"[18, 149]",573,5,43,0.008717769756913185
2IHTA,0,"[18, 149]",573,5,44,0.008877408690750599
2IHTA,0,"[18, 149]",573,5,45,0.008563071489334106
2IHTA,0,"[18, 149]",573,5,46,0.009330973029136658
2IHTA,0,"[18, 149]",573,5,47,0.006448039319366217
2IHTA,0,"[18, 149]",573,5,48,0.006795808207243681
2IHTA,0,"[18, 149]",573,5,49,0.00687838438898325
2IHTA,0,"[18, 149]",573,5,50,0.006370612885802984
2IHTA,0,"[18, 149]",573,5,51,0.00813273899257183
2IHTA,0,"[18, 149]",573,5,52,0.008494867943227291
2IHTA,0,"[18, 149]",573,5,53,0.007726688403636217
2IHTA,0,"[18, 149]",573,5,54,0.007435984909534454
2IHTA,0,"[18, 149]",573,5,55,0.007978234440088272
2IHTA,0,"[18, 149]",573,5,56,0.007969259284436703
2IHTA,0,"[18, 149]",573,5,57,0.007149676792323589
2IHTA,0,"[18, 149]",573,5,58,0.007255200762301683
2IHTA,0,"[18, 149]",573,5,59,0.007270599249750376
2IHTA,0,"[18, 149]",573,5,60,0.00713765574619174
2II1A,0,"[76, 205]",301,5,0,0.006100364029407501
2II1A,0,"[76, 205]",301,5,1,0.004870476201176643
2II1A,0,"[76, 205]",301,5,2,0.0057202549651265144
2II1A,0,"[76, 205]",301,5,3,0.006070625968277454
2II1A,0,"[76, 205]",301,5,4,0.005370731931179762
2II1A,0,"[76, 205]",301,5,5,0.005479057785123587
2II1A,0,"[76, 205]",301,5,6,0.005567364860326052
2II1A,0,"[76, 205]",301,5,7,0.005700084380805492
2II1A,0,"[76, 205]",301,5,8,0.005929405800998211
2II1A,0,"[76, 205]",301,5,9,0.006020102649927139
2II1A,0,"[76, 205]",301,5,10,0.006244099698960781
2II1A,0,"[76, 205]",301,5,11,0.005340177100151777
2II1A,0,"[76, 205]",301,5,12,0.005939140450209379
2II1A,0,"[76, 205]",301,5,13,0.0060438173823058605
2II1A,0,"[76, 205]",301,5,14,0.006419410929083824
2II1A,0,"[76, 205]",301,5,15,0.005298511125147343
2II1A,0,"[76, 205]",301,5,16,0.005383881740272045
2II1A,0,"[76, 205]",301,5,17,0.005634780041873455
2II1A,0,"[76, 205]",301,5,18,0.0058629619888961315
2II1A,0,"[76, 205]",301,5,19,0.005307397805154324
2II1A,0,"[76, 205]",301,5,20,0.005581168923527002
2II1A,0,"[76, 205]",301,5,21,0.32018300890922546
2II1A,0,"[76, 205]",301,5,22,0.12674754858016968
2II1A,0,"[76, 205]",301,5,23,0.08028926700353622
2II1A,0,"[76, 205]",301,5,24,0.21406525373458862
2II1A,0,"[76, 205]",301,5,25,0.4366845488548279
2II1A,0,"[76, 205]",301,5,26,0.5961992144584656
2II1A,0,"[76, 205]",301,5,27,0.6558386087417603
2II1A,0,"[76, 205]",301,5,28,0.6669359803199768
2II1A,0,"[76, 205]",301,5,29,0.5988507866859436
2II1A,0,"[76, 205]",301,5,30,0.7750632762908936
2II1A,0,"[76, 205]",301,5,31,0.8069619536399841
2II1A,0,"[76, 205]",301,5,32,0.8390805125236511
2II1A,0,"[76, 205]",301,5,33,0.85858154296875
2II1A,0,"[76, 205]",301,5,34,0.9122443199157715
2II1A,0,"[76, 205]",301,5,35,0.9263569116592407
2II1A,0,"[76, 205]",301,5,36,0.9294968247413635
2II1A,0,"[76, 205]",301,5,37,0.9226630330085754
2II1A,0,"[76, 205]",301,5,38,0.8354500532150269
2II1A,0,"[76, 205]",301,5,39,0.7939567565917969
2II1A,0,"[76, 205]",301,5,40,0.8961158990859985
2II1A,0,"[76, 205]",301,5,41,0.8498202562332153
2II1A,0,"[76, 205]",301,5,42,0.895476222038269
2II1A,0,"[76, 205]",301,5,43,0.8719115257263184
2II1A,0,"[76, 205]",301,5,44,0.9434494376182556
2II1A,0,"[76, 205]",301,5,45,0.9965587854385376
2II1A,0,"[76, 205]",301,5,46,0.9968785047531128
2II1A,0,"[76, 205]",301,5,47,1.033270239830017
2II1A,0,"[76, 205]",301,5,48,1.015523910522461
2II1A,0,"[76, 205]",301,5,49,1.0136722326278687
2II1A,0,"[76, 205]",301,5,50,1.0780622959136963
2II1A,0,"[76, 205]",301,5,51,1.0713777542114258
2II1A,0,"[76, 205]",301,5,52,1.0713900327682495
2II1A,0,"[76, 205]",301,5,53,1.0747034549713135
2II1A,0,"[76, 205]",301,5,54,1.1025041341781616
2II1A,0,"[76, 205]",301,5,55,1.1217141151428223
2II1A,0,"[76, 205]",301,5,56,1.1170427799224854
2II1A,0,"[76, 205]",301,5,57,1.1281795501708984
2II1A,0,"[76, 205]",301,5,58,1.1387115716934204
2II1A,0,"[76, 205]",301,5,59,1.140187382698059
2II1A,0,"[76, 205]",301,5,60,1.124222755432129
2JBVA,0,"[41, 225]",546,5,0,0.00804063305258751
2JBVA,0,"[41, 225]",546,5,1,0.007164033129811287
2JBVA,0,"[41, 225]",546,5,2,0.007625659462064505
2JBVA,0,"[41, 225]",546,5,3,0.007598571944981813
2JBVA,0,"[41, 225]",546,5,4,0.008214249275624752
2JBVA,0,"[41, 225]",546,5,5,0.008040789514780045
2JBVA,0,"[41, 225]",546,5,6,0.0072408923879265785
2JBVA,0,"[41, 225]",546,5,7,0.0075202034786343575
2JBVA,0,"[41, 225]",546,5,8,0.00802195817232132
2JBVA,0,"[41, 225]",546,5,9,0.008166034705936909
2JBVA,0,"[41, 225]",546,5,10,0.008437511511147022
2JBVA,0,"[41, 225]",546,5,11,0.008695576339960098
2JBVA,0,"[41, 225]",546,5,12,0.008297350257635117
2JBVA,0,"[41, 225]",546,5,13,0.008476851508021355
2JBVA,0,"[41, 225]",546,5,14,0.008880998939275742
2JBVA,0,"[41, 225]",546,5,15,0.008875890634953976
2JBVA,0,"[41, 225]",546,5,16,0.008560560643672943
2JBVA,0,"[41, 225]",546,5,17,0.008401107974350452
2JBVA,0,"[41, 225]",546,5,18,0.008388493210077286
2JBVA,0,"[41, 225]",546,5,19,0.007917194627225399
2JBVA,0,"[41, 225]",546,5,20,0.00799164455384016
2JBVA,0,"[41, 225]",546,5,21,0.007579118013381958
2JBVA,0,"[41, 225]",546,5,22,0.007501840591430664
2JBVA,0,"[41, 225]",546,5,23,0.007231466937810183
2JBVA,0,"[41, 225]",546,5,24,0.007646874990314245
2JBVA,0,"[41, 225]",546,5,25,0.007431339472532272
2JBVA,0,"[41, 225]",546,5,26,0.007267066743224859
2JBVA,0,"[41, 225]",546,5,27,0.007432594895362854
2JBVA,0,"[41, 225]",546,5,28,0.007111224811524153
2JBVA,0,"[41, 225]",546,5,29,0.006641564890742302
2JBVA,0,"[41, 225]",546,5,30,0.00687614269554615
2JBVA,0,"[41, 225]",546,5,31,0.007185757625848055
2JBVA,0,"[41, 225]",546,5,32,0.007377138826996088
2JBVA,0,"[41, 225]",546,5,33,0.007053857669234276
2JBVA,0,"[41, 225]",546,5,34,0.008070273324847221
2JBVA,0,"[41, 225]",546,5,35,0.006940722931176424
2JBVA,0,"[41, 225]",546,5,36,0.007262579631060362
2JBVA,0,"[41, 225]",546,5,37,0.007010499946773052
2JBVA,0,"[41, 225]",546,5,38,0.0069191609509289265
2JBVA,0,"[41, 225]",546,5,39,0.007007716689258814
2JBVA,0,"[41, 225]",546,5,40,0.007308733183890581
2JBVA,0,"[41, 225]",546,5,41,0.00814432930201292
2JBVA,0,"[41, 225]",546,5,42,0.007498802617192268
2JBVA,0,"[41, 225]",546,5,43,0.007124003022909164
2JBVA,0,"[41, 225]",546,5,44,0.9586494565010071
2JBVA,0,"[41, 225]",546,5,45,0.9399293065071106
2JBVA,0,"[41, 225]",546,5,46,0.9747688174247742
2JBVA,0,"[41, 225]",546,5,47,0.987292468547821
2NXWA,0,"[212, 340]",565,5,0,0.008055394515395164
2NXWA,0,"[212, 340]",565,5,1,0.00922361295670271
2NXWA,0,"[212, 340]",565,5,2,0.006478029303252697
2NXWA,0,"[212, 340]",565,5,3,0.007067312952131033
2NXWA,0,"[212, 340]",565,5,4,0.005867352709174156
2NXWA,0,"[212, 340]",565,5,5,0.005597611889243126
2NXWA,0,"[212, 340]",565,5,6,0.004866446368396282
2NXWA,0,"[212, 340]",565,5,7,0.00621281610801816
2NXWA,0,"[212, 340]",565,5,8,0.006075326353311539
2NXWA,0,"[212, 340]",565,5,9,0.007088204845786095
2NXWA,0,"[212, 340]",565,5,10,0.006334509700536728
2NXWA,0,"[212, 340]",565,5,11,0.006912125274538994
2NXWA,0,"[212, 340]",565,5,12,0.006804285570979118
2NXWA,0,"[212, 340]",565,5,13,0.007025448139756918
2NXWA,0,"[212, 340]",565,5,14,0.006066944915801287
2NXWA,0,"[212, 340]",565,5,15,0.006235939916223288
2NXWA,0,"[212, 340]",565,5,16,0.0061552864499390125
2NXWA,0,"[212, 340]",565,5,17,0.00634109927341342
2NXWA,0,"[212, 340]",565,5,18,0.006259305402636528
2NXWA,0,"[212, 340]",565,5,19,0.007624543737620115
2NXWA,0,"[212, 340]",565,5,20,0.006871252320706844
2NXWA,0,"[212, 340]",565,5,21,0.006835234351456165
2NXWA,0,"[212, 340]",565,5,22,0.0075731729157269
2NXWA,0,"[212, 340]",565,5,23,0.007654762826859951
2NXWA,0,"[212, 340]",565,5,24,0.007786927279084921
2NXWA,0,"[212, 340]",565,5,25,0.007148714270442724
2NXWA,0,"[212, 340]",565,5,26,0.006224510259926319
2NXWA,0,"[212, 340]",565,5,27,0.006612527184188366
2NXWA,0,"[212, 340]",565,5,28,0.00693768635392189
2NXWA,0,"[212, 340]",565,5,29,0.0067626480013132095
2NXWA,0,"[212, 340]",565,5,30,0.006464271806180477
2NXWA,0,"[212, 340]",565,5,31,0.006362795364111662
2NXWA,0,"[212, 340]",565,5,32,0.006474677007645369
2NXWA,0,"[212, 340]",565,5,33,0.006631193682551384
2NXWA,0,"[212, 340]",565,5,34,0.005861949175596237
2NXWA,0,"[212, 340]",565,5,35,0.006249978672713041
2NXWA,0,"[212, 340]",565,5,36,0.006163319572806358
2NXWA,0,"[212, 340]",565,5,37,0.0063963704742491245
2NXWA,0,"[212, 340]",565,5,38,0.006480599753558636
2NXWA,0,"[212, 340]",565,5,39,0.007233976386487484
2NXWA,0,"[212, 340]",565,5,40,0.007004157640039921
2NXWA,0,"[212, 340]",565,5,41,0.006620354019105434
2NXWA,0,"[212, 340]",565,5,42,0.008415095508098602
2NXWA,0,"[212, 340]",565,5,43,0.007782067637890577
2NXWA,0,"[212, 340]",565,5,44,0.008253339678049088
2NXWA,0,"[212, 340]",565,5,45,0.009654990397393703
2NXWA,0,"[212, 340]",565,5,46,0.006767390761524439
2NXWA,0,"[212, 340]",565,5,47,0.0069493516348302364
2NXWA,0,"[212, 340]",565,5,48,0.00583180645480752
2NXWA,0,"[212, 340]",565,5,49,0.00552899157628417
2NXWA,0,"[212, 340]",565,5,50,0.005537495948374271
2NXWA,0,"[212, 340]",565,5,51,0.005683339666575193
2NXWA,0,"[212, 340]",565,5,52,0.005585603415966034
2NXWA,0,"[212, 340]",565,5,53,0.0056209503673017025
2NXWA,0,"[212, 340]",565,5,54,0.00581425940617919
2NXWA,0,"[212, 340]",565,5,55,0.005961216986179352
2NXWA,0,"[212, 340]",565,5,56,0.006306276191025972
2NXWA,0,"[212, 340]",565,5,57,0.005752301774919033
2NXWA,0,"[212, 340]",565,5,58,0.006272455211728811
2NXWA,0,"[212, 340]",565,5,59,0.0065142144449055195
2NXWA,0,"[212, 340]",565,5,60,0.006331293378025293
2OLTA,0,"[96, 209]",227,5,0,0.005257980432361364
2OLTA,0,"[96, 209]",227,5,1,0.005287245847284794
2OLTA,0,"[96, 209]",227,5,2,0.005683638621121645
2OLTA,0,"[96, 209]",227,5,3,0.006155767478048801
2OLTA,0,"[96, 209]",227,5,4,0.0062656644731760025
2OLTA,0,"[96, 209]",227,5,5,0.005950594786554575
2OLTA,0,"[96, 209]",227,5,6,0.005866249557584524
2OLTA,0,"[96, 209]",227,5,7,0.006819272413849831
2OLTA,0,"[96, 209]",227,5,8,0.00599199254065752
2OLTA,0,"[96, 209]",227,5,9,0.005869348533451557
2OLTA,0,"[96, 209]",227,5,10,0.005793984513729811
2OLTA,0,"[96, 209]",227,5,11,0.005731616169214249
2OLTA,0,"[96, 209]",227,5,12,0.006201905198395252
2OLTA,0,"[96, 209]",227,5,13,0.006087477784603834
2OLTA,0,"[96, 209]",227,5,14,0.005868581123650074
2OLTA,0,"[96, 209]",227,5,15,0.006411288864910603
2OLTA,0,"[96, 209]",227,5,16,0.006549288518726826
2OLTA,0,"[96, 209]",227,5,17,0.007048789877444506
2OLTA,0,"[96, 209]",227,5,18,0.005749048665165901
2OLTA,0,"[96, 209]",227,5,19,0.014634591527283192
2OLTA,0,"[96, 209]",227,5,20,0.014908051118254662
2OLTA,0,"[96, 209]",227,5,21,0.01966332457959652
2OLTA,0,"[96, 209]",227,5,22,0.019810082390904427
2OLTA,0,"[96, 209]",227,5,23,0.01900377683341503
2OLTA,0,"[96, 209]",227,5,24,0.017773717641830444
2OLTA,0,"[96, 209]",227,5,25,0.016189171001315117
2OLTA,0,"[96, 209]",227,5,26,0.01608332432806492
2OLTA,0,"[96, 209]",227,5,27,0.01461042370647192
2OLTA,0,"[96, 209]",227,5,28,0.014212477952241898
2OLTA,0,"[96, 209]",227,5,29,0.16749785840511322
2OLTA,0,"[96, 209]",227,5,30,0.015721993520855904
2OLTA,0,"[96, 209]",227,5,31,0.014224599115550518
2OLTA,0,"[96, 209]",227,5,32,0.01346528995782137
2OLTA,0,"[96, 209]",227,5,33,0.14226101338863373
2OLTA,0,"[96, 209]",227,5,34,0.12898822128772736
2OLTA,0,"[96, 209]",227,5,35,0.1465357393026352
2OLTA,0,"[96, 209]",227,5,36,0.13669799268245697
2OLTA,0,"[96, 209]",227,5,37,0.1857139617204666
2OLTA,0,"[96, 209]",227,5,38,0.25676432251930237
2OLTA,0,"[96, 209]",227,5,39,0.2551773488521576
2OLTA,0,"[96, 209]",227,5,40,0.29111185669898987
2OLTA,0,"[96, 209]",227,5,41,0.41178464889526367
2OLTA,0,"[96, 209]",227,5,42,0.45393630862236023
2OLTA,0,"[96, 209]",227,5,43,0.3520694673061371
2OLTA,0,"[96, 209]",227,5,44,0.2922464907169342
2OLTA,0,"[96, 209]",227,5,45,0.31427568197250366
2OLTA,0,"[96, 209]",227,5,46,0.33280783891677856
2OLTA,0,"[96, 209]",227,5,47,0.24276678264141083
2OLTA,0,"[96, 209]",227,5,48,0.22278179228305817
2OLTA,0,"[96, 209]",227,5,49,0.3272300958633423
2OLTA,0,"[96, 209]",227,5,50,0.42216986417770386
2OLTA,0,"[96, 209]",227,5,51,0.4265621602535248
2OLTA,0,"[96, 209]",227,5,52,0.37938323616981506
2OLTA,0,"[96, 209]",227,5,53,0.4780302345752716
2OLTA,0,"[96, 209]",227,5,54,0.4948563277721405
2OLTA,0,"[96, 209]",227,5,55,0.5056043267250061
2OLTA,0,"[96, 209]",227,5,56,0.5363507270812988
2OLTA,0,"[96, 209]",227,5,57,0.4526352882385254
2OLTA,0,"[96, 209]",227,5,58,0.4615851938724518
2OLTA,0,"[96, 209]",227,5,59,0.6378569602966309
2OLTA,0,"[96, 209]",227,5,60,0.6486946940422058
2OZEA,0,"[38, 159]",298,5,0,0.007278071250766516
2OZEA,0,"[38, 159]",298,5,1,0.006821576040238142
2OZEA,0,"[38, 159]",298,5,2,0.006202297285199165
2OZEA,0,"[38, 159]",298,5,3,0.00648251548409462
2OZEA,0,"[38, 159]",298,5,4,0.007173462305217981
2OZEA,0,"[38, 159]",298,5,5,0.006856600288301706
2OZEA,0,"[38, 159]",298,5,6,0.007162604480981827
2OZEA,0,"[38, 159]",298,5,7,0.006839213892817497
2OZEA,0,"[38, 159]",298,5,8,0.005730601493269205
2OZEA,0,"[38, 159]",298,5,9,0.006609892938286066
2OZEA,0,"[38, 159]",298,5,10,0.006936760153621435
2OZEA,0,"[38, 159]",298,5,11,0.006686212029308081
2OZEA,0,"[38, 159]",298,5,12,0.006407824344933033
2OZEA,0,"[38, 159]",298,5,13,0.0076422677375376225
2OZEA,0,"[38, 159]",298,5,14,0.0061014192178845406
2OZEA,0,"[38, 159]",298,5,15,0.006792187690734863
2OZEA,0,"[38, 159]",298,5,16,0.005983983166515827
2OZEA,0,"[38, 159]",298,5,17,0.05893354490399361
2OZEA,0,"[38, 159]",298,5,18,0.12072473764419556
2OZEA,0,"[38, 159]",298,5,19,0.12223831564188004
2OZEA,0,"[38, 159]",298,5,20,0.12303449958562851
2OZEA,0,"[38, 159]",298,5,21,0.11326612532138824
2OZEA,0,"[38, 159]",298,5,22,0.14401425421237946
2OZEA,0,"[38, 159]",298,5,23,0.28632140159606934
2OZEA,0,"[38, 159]",298,5,24,0.3103744685649872
2OZEA,0,"[38, 159]",298,5,25,0.2916131913661957
2OZEA,0,"[38, 159]",298,5,26,0.2939023971557617
2OZEA,0,"[38, 159]",298,5,27,0.2893870770931244
2OZEA,0,"[38, 159]",298,5,28,0.28573542833328247
2OZEA,0,"[38, 159]",298,5,29,0.26604434847831726
2OZEA,0,"[38, 159]",298,5,30,0.24940496683120728
2OZEA,0,"[38, 159]",298,5,31,0.2540735900402069
2OZEA,0,"[38, 159]",298,5,32,0.23323293030261993
2OZEA,0,"[38, 159]",298,5,33,0.2374885082244873
2OZEA,0,"[38, 159]",298,5,34,0.23529356718063354
2OZEA,0,"[38, 159]",298,5,35,0.252406507730484
2OZEA,0,"[38, 159]",298,5,36,0.24318887293338776
2OZEA,0,"[38, 159]",298,5,37,0.24689649045467377
2OZEA,0,"[38, 159]",298,5,38,0.22697773575782776
2OZEA,0,"[38, 159]",298,5,39,0.22689367830753326
2OZEA,0,"[38, 159]",298,5,40,0.2204079031944275
2OZEA,0,"[38, 159]",298,5,41,0.22016583383083344
2OZEA,0,"[38, 159]",298,5,42,0.21930591762065887
2OZEA,0,"[38, 159]",298,5,43,0.20615434646606445
2OZEA,0,"[38, 159]",298,5,44,0.20673945546150208
2OZEA,0,"[38, 159]",298,5,45,0.20383331179618835
2OZEA,0,"[38, 159]",298,5,46,0.2150062620639801
2OZEA,0,"[38, 159]",298,5,47,0.1988077014684677
2OZEA,0,"[38, 159]",298,5,48,0.1465013027191162
2OZEA,0,"[38, 159]",298,5,49,0.1296556144952774
2OZEA,0,"[38, 159]",298,5,50,0.12438028305768967
2OZEA,0,"[38, 159]",298,5,51,0.03975453972816467
2OZEA,0,"[38, 159]",298,5,52,0.06588061153888702
2OZEA,0,"[38, 159]",298,5,53,0.05615270882844925
2OZEA,0,"[38, 159]",298,5,54,0.038370922207832336
2OZEA,0,"[38, 159]",298,5,55,0.07285670936107635
2OZEA,0,"[38, 159]",298,5,56,0.05426241084933281
2OZEA,0,"[38, 159]",298,5,57,0.041817840188741684
2OZEA,0,"[38, 159]",298,5,58,0.03925402835011482
2OZEA,0,"[38, 159]",298,5,59,0.03963756933808327
2OZEA,0,"[38, 159]",298,5,60,0.03076862543821335
2PEFA,0,"[224, 353]",373,5,0,0.006182516925036907
2PEFA,0,"[224, 353]",373,5,1,0.0060577099211514
2PEFA,0,"[224, 353]",373,5,2,0.004620807711035013
2PEFA,0,"[224, 353]",373,5,3,0.004951493348926306
2PEFA,0,"[224, 353]",373,5,4,0.00471840612590313
2PEFA,0,"[224, 353]",373,5,5,0.005225272383540869
2PEFA,0,"[224, 353]",373,5,6,0.005996247287839651
2PEFA,0,"[224, 353]",373,5,7,0.005822374485433102
2PEFA,0,"[224, 353]",373,5,8,0.0062860059551894665
2PEFA,0,"[224, 353]",373,5,9,0.005676029250025749
2PEFA,0,"[224, 353]",373,5,10,0.007062464952468872
2PEFA,0,"[224, 353]",373,5,11,0.005575694143772125
2PEFA,0,"[224, 353]",373,5,12,0.006602010224014521
2PEFA,0,"[224, 353]",373,5,13,0.0063768415711820126
2PEFA,0,"[224, 353]",373,5,14,0.0066539631225168705
2PEFA,0,"[224, 353]",373,5,15,0.006481076590716839
2PEFA,0,"[224, 353]",373,5,16,0.005678984336555004
2PEFA,0,"[224, 353]",373,5,17,0.005998821929097176
2PEFA,0,"[224, 353]",373,5,18,0.006720873061567545
2PEFA,0,"[224, 353]",373,5,19,0.0062187775038182735
2PEFA,0,"[224, 353]",373,5,20,0.006663395091891289
2PEFA,0,"[224, 353]",373,5,21,0.0066938879899680614
2PEFA,0,"[224, 353]",373,5,22,0.007110875565558672
2PEFA,0,"[224, 353]",373,5,23,0.007174555212259293
2PEFA,0,"[224, 353]",373,5,24,0.007207378279417753
2PEFA,0,"[224, 353]",373,5,25,0.007305411621928215
2PEFA,0,"[224, 353]",373,5,26,0.006878988351672888
2PEFA,0,"[224, 353]",373,5,27,0.008325096219778061
2PEFA,0,"[224, 353]",373,5,28,0.007376496680080891
2PEFA,0,"[224, 353]",373,5,29,0.006670469418168068
2PEFA,0,"[224, 353]",373,5,30,0.006909486372023821
2PEFA,0,"[224, 353]",373,5,31,0.00782374944537878
2PEFA,0,"[224, 353]",373,5,32,0.007163714617490768
2PEFA,0,"[224, 353]",373,5,33,0.006897046696394682
2PEFA,0,"[224, 353]",373,5,34,0.0069093601778149605
2PEFA,0,"[224, 353]",373,5,35,0.006597147788852453
2PEFA,0,"[224, 353]",373,5,36,0.007343579549342394
2PEFA,0,"[224, 353]",373,5,37,0.007639434188604355
2PEFA,0,"[224, 353]",373,5,38,0.00523885665461421
2PEFA,0,"[224, 353]",373,5,39,0.005929747596383095
2PEFA,0,"[224, 353]",373,5,40,0.005825248546898365
2PEFA,0,"[224, 353]",373,5,41,0.0061383056454360485
2PEFA,0,"[224, 353]",373,5,42,0.005512651056051254
2PEFA,0,"[224, 353]",373,5,43,0.005509260576218367
2PEFA,0,"[224, 353]",373,5,44,0.005658446811139584
2PEFA,0,"[224, 353]",373,5,45,0.006012859754264355
2PEFA,0,"[224, 353]",373,5,46,0.00750633655115962
2PEFA,0,"[224, 353]",373,5,47,0.0069163148291409016
2PEFA,0,"[224, 353]",373,5,48,0.006667842622846365
2PEFA,0,"[224, 353]",373,5,49,0.006454923190176487
2PEFA,0,"[224, 353]",373,5,50,0.005866688210517168
2PEFA,0,"[224, 353]",373,5,51,0.006068494636565447
2PEFA,0,"[224, 353]",373,5,52,0.005802236031740904
2PEFA,0,"[224, 353]",373,5,53,0.006351446267217398
2PEFA,0,"[224, 353]",373,5,54,0.006591740995645523
2PEFA,0,"[224, 353]",373,5,55,0.006061570718884468
2PEFA,0,"[224, 353]",373,5,56,0.006249051541090012
2PEFA,0,"[224, 353]",373,5,57,0.006517910398542881
2PEFA,0,"[224, 353]",373,5,58,1.024670124053955
2PEFA,0,"[224, 353]",373,5,59,1.0326664447784424
2PEFA,0,"[224, 353]",373,5,60,1.0184204578399658
2PFZA,0,"[21, 238]",301,5,0,0.0055703227408230305
2PFZA,0,"[21, 238]",301,5,1,0.005146291572600603
2PFZA,0,"[21, 238]",301,5,2,0.0050587705336511135
2PFZA,0,"[21, 238]",301,5,3,0.005274615250527859
2PFZA,0,"[21, 238]",301,5,4,0.00540199363604188
2PFZA,0,"[21, 238]",301,5,5,0.004909276030957699
2PFZA,0,"[21, 238]",301,5,6,0.006258639041334391
2PFZA,0,"[21, 238]",301,5,7,0.005057757720351219
2PFZA,0,"[21, 238]",301,5,8,0.006002150941640139
2PFZA,0,"[21, 238]",301,5,9,0.005836918018758297
2PFZA,0,"[21, 238]",301,5,10,0.00602003512904048
2PFZA,0,"[21, 238]",301,5,11,0.006109119392931461
2PFZA,0,"[21, 238]",301,5,12,0.00573013024404645
2PFZA,0,"[21, 238]",301,5,13,0.005536744371056557
2PFZA,0,"[21, 238]",301,5,14,0.005758528131991625
2PFZA,0,"[21, 238]",301,5,15,0.005671044811606407
2PFZA,0,"[21, 238]",301,5,16,0.005864850711077452
2PFZA,0,"[21, 238]",301,5,17,0.005701296031475067
2PFZA,0,"[21, 238]",301,5,18,0.0059298062697052956
2PFZA,0,"[21, 238]",301,5,19,0.006086396519094706
2PFZA,0,"[21, 238]",301,5,20,0.0064596859738230705
2PFZA,0,"[21, 238]",301,5,21,0.005751000251621008
2PFZA,0,"[21, 238]",301,5,22,0.006528107915073633
2PFZA,0,"[21, 238]",301,5,23,0.006779263727366924
2PFZA,0,"[21, 238]",301,5,24,0.007472049444913864
2PFZA,0,"[21, 238]",301,5,25,0.007543031591922045
2PFZA,0,"[21, 238]",301,5,26,0.0075853425078094006
2PFZA,0,"[21, 238]",301,5,27,0.007649422623217106
2PFZA,0,"[21, 238]",301,5,28,0.007651249412447214
2PFZA,0,"[21, 238]",301,5,29,0.007715471554547548
2PFZA,0,"[21, 238]",301,5,30,0.007539649028331041
2PFZA,0,"[21, 238]",301,5,31,0.007700605783611536
2PFZA,0,"[21, 238]",301,5,32,0.007654289714992046
2PFZA,0,"[21, 238]",301,5,33,0.00739266537129879
2PFZA,0,"[21, 238]",301,5,34,0.006894742604345083
2PFZA,0,"[21, 238]",301,5,35,0.006773080211132765
2PFZA,0,"[21, 238]",301,5,36,0.0063596731051802635
2PFZA,0,"[21, 238]",301,5,37,0.006473012268543243
2PFZA,0,"[21, 238]",301,5,38,0.006452654488384724
2PFZA,0,"[21, 238]",301,5,39,0.0065133594907820225
2PFZA,0,"[21, 238]",301,5,40,0.00660086702555418
2PFZA,0,"[21, 238]",301,5,41,0.006479490548372269
2PFZA,0,"[21, 238]",301,5,42,0.006384783424437046
2PFZA,0,"[21, 238]",301,5,43,0.006369914393872023
2PFZA,0,"[21, 238]",301,5,44,0.006328512914478779
2PFZA,0,"[21, 238]",301,5,45,0.006321270950138569
2PFZA,0,"[21, 238]",301,5,46,0.006426917389035225
2PFZA,0,"[21, 238]",301,5,47,0.006317631341516972
2PFZA,0,"[21, 238]",301,5,48,0.006349546369165182
2PFZA,0,"[21, 238]",301,5,49,0.00634763203561306
2PFZA,0,"[21, 238]",301,5,50,0.0064187683165073395
2PFZA,0,"[21, 238]",301,5,51,0.006490048952400684
2PFZA,0,"[21, 238]",301,5,52,0.007159201428294182
2PFZA,0,"[21, 238]",301,5,53,0.007161947898566723
2PFZA,0,"[21, 238]",301,5,54,0.007243096362799406
2PFZA,0,"[21, 238]",301,5,55,0.006969026289880276
2PFZA,0,"[21, 238]",301,5,56,0.007470575626939535
2PFZA,0,"[21, 238]",301,5,57,0.00914141908288002
2PFZA,0,"[21, 238]",301,5,58,0.00914141908288002
2PFZA,0,"[21, 238]",301,5,59,0.00914141908288002
2PFZA,0,"[21, 238]",301,5,60,0.00914141908288002
2PJZA,0,"[33, 179]",263,5,0,0.008019271306693554
2PJZA,0,"[33, 179]",263,5,1,0.007037441246211529
2PJZA,0,"[33, 179]",263,5,2,0.0057833753526210785
2PJZA,0,"[33, 179]",263,5,3,0.006548162084072828
2PJZA,0,"[33, 179]",263,5,4,0.006506952457129955
2PJZA,0,"[33, 179]",263,5,5,0.006441914942115545
2PJZA,0,"[33, 179]",263,5,6,0.006574681960046291
2PJZA,0,"[33, 179]",263,5,7,0.006452630739659071
2PJZA,0,"[33, 179]",263,5,8,0.006370580289512873
2PJZA,0,"[33, 179]",263,5,9,0.006058793514966965
2PJZA,0,"[33, 179]",263,5,10,0.006675363052636385
2PJZA,0,"[33, 179]",263,5,11,0.005931749474257231
2PJZA,0,"[33, 179]",263,5,12,0.019673185423016548
2PJZA,0,"[33, 179]",263,5,13,0.02067842334508896
2PJZA,0,"[33, 179]",263,5,14,0.021984867751598358
2PJZA,0,"[33, 179]",263,5,15,0.023237979039549828
2PJZA,0,"[33, 179]",263,5,16,0.029185689985752106
2PJZA,0,"[33, 179]",263,5,17,0.08631501346826553
2PJZA,0,"[33, 179]",263,5,18,0.0739133358001709
2PJZA,0,"[33, 179]",263,5,19,0.19434471428394318
2PJZA,0,"[33, 179]",263,5,20,0.0595090426504612
2PJZA,0,"[33, 179]",263,5,21,0.15102894604206085
2PJZA,0,"[33, 179]",263,5,22,0.07085323333740234
2PJZA,0,"[33, 179]",263,5,23,0.19563692808151245
2PJZA,0,"[33, 179]",263,5,24,0.27499350905418396
2PJZA,0,"[33, 179]",263,5,25,0.6196423172950745
2PJZA,0,"[33, 179]",263,5,26,0.6804501414299011
2PJZA,0,"[33, 179]",263,5,27,1.0202704668045044
2PJZA,0,"[33, 179]",263,5,28,0.9944848418235779
2PJZA,0,"[33, 179]",263,5,29,0.9808432459831238
2PJZA,0,"[33, 179]",263,5,30,0.9728711247444153
2PJZA,0,"[33, 179]",263,5,31,0.9835231304168701
2PJZA,0,"[33, 179]",263,5,32,0.9917067289352417
2PJZA,0,"[33, 179]",263,5,33,1.0177196264266968
2PJZA,0,"[33, 179]",263,5,34,1.0324939489364624
2PJZA,0,"[33, 179]",263,5,35,1.0124508142471313
2PJZA,0,"[33, 179]",263,5,36,1.0039557218551636
2PJZA,0,"[33, 179]",263,5,37,0.9998877644538879
2PJZA,0,"[33, 179]",263,5,38,0.9876692295074463
2PJZA,0,"[33, 179]",263,5,39,0.9940536618232727
2PJZA,0,"[33, 179]",263,5,40,0.9986346960067749
2PJZA,0,"[33, 179]",263,5,41,0.9944099187850952
2PJZA,0,"[33, 179]",263,5,42,0.9888512492179871
2PJZA,0,"[33, 179]",263,5,43,0.9930603504180908
2PJZA,0,"[33, 179]",263,5,44,1.0251001119613647
2PJZA,0,"[33, 179]",263,5,45,1.025093674659729
2PJZA,0,"[33, 179]",263,5,46,1.0266339778900146
2PJZA,0,"[33, 179]",263,5,47,1.0342140197753906
2PJZA,0,"[33, 179]",263,5,48,0.9676150679588318
2PJZA,0,"[33, 179]",263,5,49,0.9669514298439026
2PJZA,0,"[33, 179]",263,5,50,0.966917872428894
2PJZA,0,"[33, 179]",263,5,51,0.9756839275360107
2PJZA,0,"[33, 179]",263,5,52,0.9906978607177734
2PJZA,0,"[33, 179]",263,5,53,0.9918074607849121
2PJZA,0,"[33, 179]",263,5,54,0.9997520446777344
2PJZA,0,"[33, 179]",263,5,55,0.9990594387054443
2PJZA,0,"[33, 179]",263,5,56,0.9839903712272644
2PJZA,0,"[33, 179]",263,5,57,0.9939205646514893
2PJZA,0,"[33, 179]",263,5,58,0.9947055578231812
2PJZA,0,"[33, 179]",263,5,59,0.9960927963256836
2PJZA,0,"[33, 179]",263,5,60,0.9955092668533325
2PKEA,0,"[16, 131]",251,5,0,0.009676403366029263
2PKEA,0,"[16, 131]",251,5,1,0.006872599478811026
2PKEA,0,"[16, 131]",251,5,2,0.008706140331923962
2PKEA,0,"[16, 131]",251,5,3,0.006213580723851919
2PKEA,0,"[16, 131]",251,5,4,0.006062266882508993
2PKEA,0,"[16, 131]",251,5,5,0.006794017273932695
2PKEA,0,"[16, 131]",251,5,6,0.005758984480053186
2PKEA,0,"[16, 131]",251,5,7,0.0065129222348332405
2PKEA,0,"[16, 131]",251,5,8,0.006922690663486719
2PKEA,0,"[16, 131]",251,5,9,0.006775180343538523
2PKEA,0,"[16, 131]",251,5,10,0.006464491132646799
2PKEA,0,"[16, 131]",251,5,11,0.006568853743374348
2PKEA,0,"[16, 131]",251,5,12,0.006319248117506504
2PKEA,0,"[16, 131]",251,5,13,0.008468331769108772
2PKEA,0,"[16, 131]",251,5,14,0.007985598407685757
2PKEA,0,"[16, 131]",251,5,15,0.005692224949598312
2PKEA,0,"[16, 131]",251,5,16,0.021727221086621284
2PKEA,0,"[16, 131]",251,5,17,0.1387653350830078
2PKEA,0,"[16, 131]",251,5,18,0.08669144660234451
2PKEA,0,"[16, 131]",251,5,19,0.048845622688531876
2PKEA,0,"[16, 131]",251,5,20,0.3910902738571167
2PKEA,0,"[16, 131]",251,5,21,0.15038713812828064
2PKEA,0,"[16, 131]",251,5,22,0.10162002593278885
2PKEA,0,"[16, 131]",251,5,23,0.24965547025203705
2PKEA,0,"[16, 131]",251,5,24,0.038953568786382675
2PKEA,0,"[16, 131]",251,5,25,0.01645147055387497
2PKEA,0,"[16, 131]",251,5,26,0.0149894580245018
2PKEA,0,"[16, 131]",251,5,27,0.016709182411432266
2PKEA,0,"[16, 131]",251,5,28,0.016083648428320885
2PKEA,0,"[16, 131]",251,5,29,0.015120599418878555
2PKEA,0,"[16, 131]",251,5,30,0.015694687142968178
2PKEA,0,"[16, 131]",251,5,31,0.014496346935629845
2PKEA,0,"[16, 131]",251,5,32,0.025544656440615654
2PKEA,0,"[16, 131]",251,5,33,0.014501805417239666
2PKEA,0,"[16, 131]",251,5,34,0.013034232892096043
2PKEA,0,"[16, 131]",251,5,35,0.011236228048801422
2PKEA,0,"[16, 131]",251,5,36,0.011617729440331459
2PKEA,0,"[16, 131]",251,5,37,0.011871573515236378
2PKEA,0,"[16, 131]",251,5,38,0.01166493445634842
2PKEA,0,"[16, 131]",251,5,39,0.011957894079387188
2PKEA,0,"[16, 131]",251,5,40,0.010500693693757057
2PKEA,0,"[16, 131]",251,5,41,0.01223914697766304
2PKEA,0,"[16, 131]",251,5,42,0.013066122308373451
2PKEA,0,"[16, 131]",251,5,43,0.011562368832528591
2PKEA,0,"[16, 131]",251,5,44,0.013126946054399014
2PKEA,0,"[16, 131]",251,5,45,0.010663608089089394
2PKEA,0,"[16, 131]",251,5,46,0.012351663783192635
2PKEA,0,"[16, 131]",251,5,47,0.007548070978373289
2PKEA,0,"[16, 131]",251,5,48,0.0077302525751292706
2PKEA,0,"[16, 131]",251,5,49,0.8509032726287842
2PKEA,0,"[16, 131]",251,5,50,0.9194387793540955
2PKEA,0,"[16, 131]",251,5,51,0.8396634459495544
2POKA,0,"[228, 354]",481,5,0,0.00604713149368763
2POKA,0,"[228, 354]",481,5,1,0.006101962644606829
2POKA,0,"[228, 354]",481,5,2,0.006905851885676384
2POKA,0,"[228, 354]",481,5,3,0.005982040893286467
2POKA,0,"[228, 354]",481,5,4,0.006282984744757414
2POKA,0,"[228, 354]",481,5,5,0.006435082759708166
2POKA,0,"[228, 354]",481,5,6,0.005566881969571114
2POKA,0,"[228, 354]",481,5,7,0.0047112638130784035
2POKA,0,"[228, 354]",481,5,8,0.006854542065411806
2POKA,0,"[228, 354]",481,5,9,0.006887699477374554
2POKA,0,"[228, 354]",481,5,10,0.0066861375235021114
2POKA,0,"[228, 354]",481,5,11,0.006528207566589117
2POKA,0,"[228, 354]",481,5,12,0.006832337472587824
2POKA,0,"[228, 354]",481,5,13,0.006982523016631603
2POKA,0,"[228, 354]",481,5,14,0.007249259389936924
2POKA,0,"[228, 354]",481,5,15,0.007305658422410488
2POKA,0,"[228, 354]",481,5,16,0.006985467858612537
2POKA,0,"[228, 354]",481,5,17,0.007104667369276285
2POKA,0,"[228, 354]",481,5,18,0.006742454133927822
2POKA,0,"[228, 354]",481,5,19,0.008481361903250217
2POKA,0,"[228, 354]",481,5,20,0.00718829408288002
2POKA,0,"[228, 354]",481,5,21,0.0068151880986988544
2POKA,0,"[228, 354]",481,5,22,0.007286573760211468
2POKA,0,"[228, 354]",481,5,23,0.011415468528866768
2POKA,0,"[228, 354]",481,5,24,0.008260401897132397
2POKA,0,"[228, 354]",481,5,25,0.006745676975697279
2POKA,0,"[228, 354]",481,5,26,0.0060279350727796555
2POKA,0,"[228, 354]",481,5,27,0.006254364270716906
2POKA,0,"[228, 354]",481,5,28,0.005817830096930265
2POKA,0,"[228, 354]",481,5,29,0.006451275199651718
2POKA,0,"[228, 354]",481,5,30,0.00631153117865324
2POKA,0,"[228, 354]",481,5,31,0.007582296617329121
2POKA,0,"[228, 354]",481,5,32,0.007308327127248049
2POKA,0,"[228, 354]",481,5,33,0.007737308740615845
2POKA,0,"[228, 354]",481,5,34,0.008670619688928127
2POKA,0,"[228, 354]",481,5,35,0.008325516246259212
2POKA,0,"[228, 354]",481,5,36,0.00642448989674449
2POKA,0,"[228, 354]",481,5,37,0.005452655255794525
2POKA,0,"[228, 354]",481,5,38,0.005730355624109507
2POKA,0,"[228, 354]",481,5,39,0.005634816829115152
2POKA,0,"[228, 354]",481,5,40,0.00586307980120182
2POKA,0,"[228, 354]",481,5,41,0.005889358464628458
2POKA,0,"[228, 354]",481,5,42,0.00577871548011899
2POKA,0,"[228, 354]",481,5,43,0.0057078199461102486
2POKA,0,"[228, 354]",481,5,44,0.005415480118244886
2POKA,0,"[228, 354]",481,5,45,0.005421732552349567
2POKA,0,"[228, 354]",481,5,46,0.005600510165095329
2POKA,0,"[228, 354]",481,5,47,0.005608387757092714
2POKA,0,"[228, 354]",481,5,48,0.00570492260158062
2POKA,0,"[228, 354]",481,5,49,0.005860594101250172
2POKA,0,"[228, 354]",481,5,50,0.95573490858078
2POKA,0,"[228, 354]",481,5,51,0.8525646924972534
2POKA,0,"[228, 354]",481,5,52,0.9157917499542236
2POKA,0,"[228, 354]",481,5,53,0.9181064367294312
2POKA,0,"[228, 354]",481,5,54,0.9282644987106323
2POKA,0,"[228, 354]",481,5,55,0.9249808192253113
2PZMA,0,"[35, 225]",330,5,0,0.0064567881636321545
2PZMA,0,"[35, 225]",330,5,1,0.006294786464422941
2PZMA,0,"[35, 225]",330,5,2,0.007112710736691952
2PZMA,0,"[35, 225]",330,5,3,0.006102738436311483
2PZMA,0,"[35, 225]",330,5,4,0.005374317057430744
2PZMA,0,"[35, 225]",330,5,5,0.00583369005471468
2PZMA,0,"[35, 225]",330,5,6,0.004398361314088106
2PZMA,0,"[35, 225]",330,5,7,0.004869655705988407
2PZMA,0,"[35, 225]",330,5,8,0.004774958360940218
2PZMA,0,"[35, 225]",330,5,9,0.005399402696639299
2PZMA,0,"[35, 225]",330,5,10,0.005871988367289305
2PZMA,0,"[35, 225]",330,5,11,0.005068196915090084
2PZMA,0,"[35, 225]",330,5,12,0.005298289004713297
2PZMA,0,"[35, 225]",330,5,13,0.004865643102675676
2PZMA,0,"[35, 225]",330,5,14,0.004840309266000986
2PZMA,0,"[35, 225]",330,5,15,0.004741169046610594
2PZMA,0,"[35, 225]",330,5,16,0.005844880826771259
2PZMA,0,"[35, 225]",330,5,17,0.00547232199460268
2PZMA,0,"[35, 225]",330,5,18,0.005328227300196886
2PZMA,0,"[35, 225]",330,5,19,0.005234614945948124
2PZMA,0,"[35, 225]",330,5,20,0.20268650352954865
2PZMA,0,"[35, 225]",330,5,21,0.502403736114502
2PZMA,0,"[35, 225]",330,5,22,0.8608750700950623
2PZMA,0,"[35, 225]",330,5,23,0.8975058197975159
2PZMA,0,"[35, 225]",330,5,24,0.8962227702140808
2PZMA,0,"[35, 225]",330,5,25,0.9207178950309753
2PZMA,0,"[35, 225]",330,5,26,0.9084808826446533
2PZMA,0,"[35, 225]",330,5,27,0.9335718750953674
2PZMA,0,"[35, 225]",330,5,28,0.9045912623405457
2PZMA,0,"[35, 225]",330,5,29,0.9088811874389648
2PZMA,0,"[35, 225]",330,5,30,0.8990335464477539
2PZMA,0,"[35, 225]",330,5,31,0.8919695615768433
2PZMA,0,"[35, 225]",330,5,32,0.9168069958686829
2PZMA,0,"[35, 225]",330,5,33,0.9143360257148743
2PZMA,0,"[35, 225]",330,5,34,0.9164616465568542
2PZMA,0,"[35, 225]",330,5,35,0.9130772948265076
2PZMA,0,"[35, 225]",330,5,36,0.905058741569519
2PZMA,0,"[35, 225]",330,5,37,0.8988205194473267
2PZMA,0,"[35, 225]",330,5,38,0.9087585210800171
2PZMA,0,"[35, 225]",330,5,39,0.9041944146156311
2PZMA,0,"[35, 225]",330,5,40,0.916135311126709
2PZMA,0,"[35, 225]",330,5,41,0.9080482721328735
2PZMA,0,"[35, 225]",330,5,42,0.8955914974212646
2PZMA,0,"[35, 225]",330,5,43,0.8932337164878845
2PZMA,0,"[35, 225]",330,5,44,0.9148015975952148
2PZMA,0,"[35, 225]",330,5,45,0.9169067740440369
2PZMA,0,"[35, 225]",330,5,46,0.9150980114936829
2PZMA,0,"[35, 225]",330,5,47,0.9101424813270569
2PZMA,0,"[35, 225]",330,5,48,0.8800144195556641
2PZMA,0,"[35, 225]",330,5,49,0.9019032120704651
2PZMA,0,"[35, 225]",330,5,50,0.9109886288642883
2PZMA,0,"[35, 225]",330,5,51,0.9086528420448303
2PZMA,0,"[35, 225]",330,5,52,0.9175383448600769
2PZMA,0,"[35, 225]",330,5,53,0.9203122854232788
2PZMA,0,"[35, 225]",330,5,54,0.9309958219528198
2PZMA,0,"[35, 225]",330,5,55,0.9333095550537109
2PZMA,0,"[35, 225]",330,5,56,0.94038987159729
2PZMA,0,"[35, 225]",330,5,57,0.9384903311729431
2PZMA,0,"[35, 225]",330,5,58,0.937680721282959
2PZMA,0,"[35, 225]",330,5,59,0.9379552602767944
2PZMA,0,"[35, 225]",330,5,60,0.9324544072151184
2Q7SA,0,"[27, 169]",290,5,0,0.007589181885123253
2Q7SA,0,"[27, 169]",290,5,1,0.007658818736672401
2Q7SA,0,"[27, 169]",290,5,2,0.00919474009424448
2Q7SA,0,"[27, 169]",290,5,3,0.007198496721684933
2Q7SA,0,"[27, 169]",290,5,4,0.0065014963038265705
2Q7SA,0,"[27, 169]",290,5,5,0.007188590709120035
2Q7SA,0,"[27, 169]",290,5,6,0.006928024813532829
2Q7SA,0,"[27, 169]",290,5,7,0.0071112425066530704
2Q7SA,0,"[27, 169]",290,5,8,0.007481202017515898
2Q7SA,0,"[27, 169]",290,5,9,0.0075957393273711205
2Q7SA,0,"[27, 169]",290,5,10,0.007621773052960634
2Q7SA,0,"[27, 169]",290,5,11,0.007395784370601177
2Q7SA,0,"[27, 169]",290,5,12,0.007100035902112722
2Q7SA,0,"[27, 169]",290,5,13,0.007134976796805859
2Q7SA,0,"[27, 169]",290,5,14,0.0072660003788769245
2Q7SA,0,"[27, 169]",290,5,15,0.00938270054757595
2Q7SA,0,"[27, 169]",290,5,16,0.009695705026388168
2Q7SA,0,"[27, 169]",290,5,17,0.009851474314928055
2Q7SA,0,"[27, 169]",290,5,18,0.009576469659805298
2Q7SA,0,"[27, 169]",290,5,19,0.00946847628802061
2Q7SA,0,"[27, 169]",290,5,20,0.009541439823806286
2Q7SA,0,"[27, 169]",290,5,21,0.009284880943596363
2Q7SA,0,"[27, 169]",290,5,22,0.00893205963075161
2Q7SA,0,"[27, 169]",290,5,23,0.009048797190189362
2Q7SA,0,"[27, 169]",290,5,24,0.0090369563549757
2Q7SA,0,"[27, 169]",290,5,25,0.009760442189872265
2Q7SA,0,"[27, 169]",290,5,26,0.00955207645893097
2Q7SA,0,"[27, 169]",290,5,27,0.009595749899744987
2Q7SA,0,"[27, 169]",290,5,28,0.009724144823849201
2Q7SA,0,"[27, 169]",290,5,29,0.009412231855094433
2Q7SA,0,"[27, 169]",290,5,30,0.009041864424943924
2Q7SA,0,"[27, 169]",290,5,31,0.009006768465042114
2Q7SA,0,"[27, 169]",290,5,32,0.009093016386032104
2Q7SA,0,"[27, 169]",290,5,33,0.009149797260761261
2Q7SA,0,"[27, 169]",290,5,34,0.009144162759184837
2Q7SA,0,"[27, 169]",290,5,35,0.009051802568137646
2Q7SA,0,"[27, 169]",290,5,36,0.009060297161340714
2Q7SA,0,"[27, 169]",290,5,37,0.008817163296043873
2Q7SA,0,"[27, 169]",290,5,38,0.008751783519983292
2Q7SA,0,"[27, 169]",290,5,39,0.008725691586732864
2Q7SA,0,"[27, 169]",290,5,40,0.008390546776354313
2Q7SA,0,"[27, 169]",290,5,41,0.008188588544726372
2Q7SA,0,"[27, 169]",290,5,42,0.008042343892157078
2Q7SA,0,"[27, 169]",290,5,43,0.008029554039239883
2Q7SA,0,"[27, 169]",290,5,44,0.008120814338326454
2Q7SA,0,"[27, 169]",290,5,45,0.008295901119709015
2Q7SA,0,"[27, 169]",290,5,46,0.008256781846284866
2Q7SA,0,"[27, 169]",290,5,47,0.008028960786759853
2Q7SA,0,"[27, 169]",290,5,48,0.008063258603215218
2Q7SA,0,"[27, 169]",290,5,49,0.00836712121963501
2Q7SA,0,"[27, 169]",290,5,50,0.008674954995512962
2Q7SA,0,"[27, 169]",290,5,51,0.008357329294085503
2Q7SA,0,"[27, 169]",290,5,52,0.00868965219706297
2Q7SA,0,"[27, 169]",290,5,53,0.008496696129441261
2Q7SA,0,"[27, 169]",290,5,54,0.00850144773721695
2Q7SA,0,"[27, 169]",290,5,55,0.008199639618396759
2Q7SA,0,"[27, 169]",290,5,56,0.008254611864686012
2Q7SA,0,"[27, 169]",290,5,57,0.008903434500098228
2Q7SA,0,"[27, 169]",290,5,58,0.009004724211990833
2Q7SA,0,"[27, 169]",290,5,59,0.00884569063782692
2Q7SA,0,"[27, 169]",290,5,60,0.009154001250863075
2QJ8A,0,"[66, 221]",332,5,0,0.006226086989045143
2QJ8A,0,"[66, 221]",332,5,1,0.006450657267123461
2QJ8A,0,"[66, 221]",332,5,2,0.007627452258020639
2QJ8A,0,"[66, 221]",332,5,3,0.005655412562191486
2QJ8A,0,"[66, 221]",332,5,4,0.009918325580656528
2QJ8A,0,"[66, 221]",332,5,5,0.007783662993460894
2QJ8A,0,"[66, 221]",332,5,6,0.007028356194496155
2QJ8A,0,"[66, 221]",332,5,7,0.007689281832426786
2QJ8A,0,"[66, 221]",332,5,8,0.007171585690230131
2QJ8A,0,"[66, 221]",332,5,9,0.006187801714986563
2QJ8A,0,"[66, 221]",332,5,10,0.006516522262245417
2QJ8A,0,"[66, 221]",332,5,11,0.00616028718650341
2QJ8A,0,"[66, 221]",332,5,12,0.00956864096224308
2QJ8A,0,"[66, 221]",332,5,13,0.005170484073460102
2QJ8A,0,"[66, 221]",332,5,14,0.004254717845469713
2QJ8A,0,"[66, 221]",332,5,15,0.003932341933250427
2QJ8A,0,"[66, 221]",332,5,16,0.005692039616405964
2QJ8A,0,"[66, 221]",332,5,17,0.005788741167634726
2QJ8A,0,"[66, 221]",332,5,18,0.005219480954110622
2QJ8A,0,"[66, 221]",332,5,19,0.0048139202408492565
2QJ8A,0,"[66, 221]",332,5,20,0.004771444946527481
2QJ8A,0,"[66, 221]",332,5,21,0.005486026406288147
2QJ8A,0,"[66, 221]",332,5,22,0.006116021424531937
2QJ8A,0,"[66, 221]",332,5,23,0.006009635981172323
2QJ8A,0,"[66, 221]",332,5,24,0.006702669430524111
2QJ8A,0,"[66, 221]",332,5,25,0.009952000342309475
2QJ8A,0,"[66, 221]",332,5,26,0.009736183099448681
2QJ8A,0,"[66, 221]",332,5,27,0.009737757034599781
2QJ8A,0,"[66, 221]",332,5,28,0.009581727907061577
2QJ8A,0,"[66, 221]",332,5,29,0.009221388958394527
2QJ8A,0,"[66, 221]",332,5,30,0.009345385245978832
2QJ8A,0,"[66, 221]",332,5,31,0.010304844006896019
2QJ8A,0,"[66, 221]",332,5,32,0.010270191356539726
2QJ8A,0,"[66, 221]",332,5,33,0.010828690603375435
2QJ8A,0,"[66, 221]",332,5,34,0.011858039535582066
2QJ8A,0,"[66, 221]",332,5,35,0.010983647778630257
2QJ8A,0,"[66, 221]",332,5,36,0.011773529462516308
2QJ8A,0,"[66, 221]",332,5,37,0.01443385984748602
2QJ8A,0,"[66, 221]",332,5,38,0.012881705537438393
2QJ8A,0,"[66, 221]",332,5,39,0.014701901003718376
2QJ8A,0,"[66, 221]",332,5,40,0.018582632765173912
2QJ8A,0,"[66, 221]",332,5,41,0.018301071599125862
2QJ8A,0,"[66, 221]",332,5,42,0.014004062861204147
2QJ8A,0,"[66, 221]",332,5,43,0.011478208936750889
2QJ8A,0,"[66, 221]",332,5,44,0.016243988648056984
2QJ8A,0,"[66, 221]",332,5,45,0.015682434663176537
2QJ8A,0,"[66, 221]",332,5,46,0.017019139602780342
2QJ8A,0,"[66, 221]",332,5,47,0.016655026003718376
2QJ8A,0,"[66, 221]",332,5,48,0.013656162656843662
2QJ8A,0,"[66, 221]",332,5,49,0.011543020606040955
2QJ8A,0,"[66, 221]",332,5,50,0.011872632429003716
2QJ8A,0,"[66, 221]",332,5,51,0.012622558511793613
2QJ8A,0,"[66, 221]",332,5,52,0.013213803991675377
2QJ8A,0,"[66, 221]",332,5,53,0.01300757098942995
2QJ8A,0,"[66, 221]",332,5,54,0.5139450430870056
2QJ8A,0,"[66, 221]",332,5,55,0.6842818260192871
2QJ8A,0,"[66, 221]",332,5,56,0.820522665977478
2QJ8A,0,"[66, 221]",332,5,57,0.8662106394767761
2QJ8A,0,"[66, 221]",332,5,58,0.8982418179512024
2QJ8A,0,"[66, 221]",332,5,59,0.9009641408920288
2QM0A,0,"[50, 156]",275,5,0,0.007709844037890434
2QM0A,0,"[50, 156]",275,5,1,0.007816554978489876
2QM0A,0,"[50, 156]",275,5,2,0.008835402317345142
2QM0A,0,"[50, 156]",275,5,3,0.007529676426202059
2QM0A,0,"[50, 156]",275,5,4,0.00866393931210041
2QM0A,0,"[50, 156]",275,5,5,0.008327055722475052
2QM0A,0,"[50, 156]",275,5,6,0.008611207827925682
2QM0A,0,"[50, 156]",275,5,7,0.008623296394944191
2QM0A,0,"[50, 156]",275,5,8,0.008575407788157463
2QM0A,0,"[50, 156]",275,5,9,0.008172877132892609
2QM0A,0,"[50, 156]",275,5,10,0.007727900054305792
2QM0A,0,"[50, 156]",275,5,11,0.008189833723008633
2QM0A,0,"[50, 156]",275,5,12,0.008647800423204899
2QM0A,0,"[50, 156]",275,5,13,0.010199024342000484
2QM0A,0,"[50, 156]",275,5,14,0.0118235033005476
2QM0A,0,"[50, 156]",275,5,15,0.010512032546103
2QM0A,0,"[50, 156]",275,5,16,1.259179711341858
2QM0A,0,"[50, 156]",275,5,17,1.225949764251709
2QM0A,0,"[50, 156]",275,5,18,1.230289340019226
2QM0A,0,"[50, 156]",275,5,19,1.2120535373687744
2QNIA,0,"[25, 159]",219,5,0,0.005309786647558212
2QNIA,0,"[25, 159]",219,5,1,0.00604055542498827
2QNIA,0,"[25, 159]",219,5,2,0.005559369921684265
2QNIA,0,"[25, 159]",219,5,3,0.005678774323314428
2QNIA,0,"[25, 159]",219,5,4,0.006107273045927286
2QNIA,0,"[25, 159]",219,5,5,0.006074460223317146
2QNIA,0,"[25, 159]",219,5,6,0.005888274405151606
2QNIA,0,"[25, 159]",219,5,7,0.005812080577015877
2QNIA,0,"[25, 159]",219,5,8,0.005967262666672468
2QNIA,0,"[25, 159]",219,5,9,0.005712506826967001
2QNIA,0,"[25, 159]",219,5,10,0.006385615095496178
2QNIA,0,"[25, 159]",219,5,11,0.017984163016080856
2QNIA,0,"[25, 159]",219,5,12,0.01579102873802185
2QNIA,0,"[25, 159]",219,5,13,0.013815506361424923
2QNIA,0,"[25, 159]",219,5,14,0.013433200307190418
2QNIA,0,"[25, 159]",219,5,15,0.013547603040933609
2QNIA,0,"[25, 159]",219,5,16,0.01217452622950077
2QNIA,0,"[25, 159]",219,5,17,0.010349474847316742
2QNIA,0,"[25, 159]",219,5,18,0.00869323406368494
2QNIA,0,"[25, 159]",219,5,19,0.009034950286149979
2QNIA,0,"[25, 159]",219,5,20,0.008528312668204308
2QNIA,0,"[25, 159]",219,5,21,0.008551811799407005
2QNIA,0,"[25, 159]",219,5,22,0.008433178067207336
2QNIA,0,"[25, 159]",219,5,23,0.008555576205253601
2QNIA,0,"[25, 159]",219,5,24,0.008571372367441654
2QNIA,0,"[25, 159]",219,5,25,0.008488109335303307
2QNIA,0,"[25, 159]",219,5,26,0.008394001051783562
2QNIA,0,"[25, 159]",219,5,27,0.00887850858271122
2QNIA,0,"[25, 159]",219,5,28,0.0100494883954525
2QNIA,0,"[25, 159]",219,5,29,0.009492564015090466
2QNIA,0,"[25, 159]",219,5,30,0.009525619447231293
2QNIA,0,"[25, 159]",219,5,31,0.009352289140224457
2QNIA,0,"[25, 159]",219,5,32,0.009197584353387356
2QNIA,0,"[25, 159]",219,5,33,0.00924390647560358
2QNIA,0,"[25, 159]",219,5,34,0.008711033500730991
2QNIA,0,"[25, 159]",219,5,35,0.00901889894157648
2QNIA,0,"[25, 159]",219,5,36,0.009627078659832478
2QNIA,0,"[25, 159]",219,5,37,0.009219923987984657
2QNIA,0,"[25, 159]",219,5,38,0.009583464823663235
2QNIA,0,"[25, 159]",219,5,39,0.008679669350385666
2QNIA,0,"[25, 159]",219,5,40,0.008607609197497368
2QNIA,0,"[25, 159]",219,5,41,0.00856318324804306
2QNIA,0,"[25, 159]",219,5,42,0.008209713734686375
2QNIA,0,"[25, 159]",219,5,43,0.008912731893360615
2QNIA,0,"[25, 159]",219,5,44,0.008010989986360073
2QNIA,0,"[25, 159]",219,5,45,0.017201729118824005
2QNIA,0,"[25, 159]",219,5,46,0.051278483122587204
2QNIA,0,"[25, 159]",219,5,47,0.048232726752758026
2QNIA,0,"[25, 159]",219,5,48,0.05172593891620636
2QNIA,0,"[25, 159]",219,5,49,0.08683590590953827
2QNIA,0,"[25, 159]",219,5,50,0.06525705754756927
2QNIA,0,"[25, 159]",219,5,51,0.11812155693769455
2QNIA,0,"[25, 159]",219,5,52,0.17262142896652222
2QNIA,0,"[25, 159]",219,5,53,0.30488505959510803
2QNIA,0,"[25, 159]",219,5,54,0.2999017536640167
2QNIA,0,"[25, 159]",219,5,55,0.2999017536640167
2QNIA,0,"[25, 159]",219,5,56,0.2999017536640167
2QNIA,0,"[25, 159]",219,5,57,0.2999017536640167
2QNIA,0,"[25, 159]",219,5,58,0.2999017536640167
2QNIA,0,"[25, 159]",219,5,59,0.2999017536640167
2QNIA,0,"[25, 159]",219,5,60,0.2999187111854553
2QQ5A,0,"[21, 232]",260,5,0,0.006032594479620457
2QQ5A,0,"[21, 232]",260,5,1,0.006251796614378691
2QQ5A,0,"[21, 232]",260,5,2,0.007143047638237476
2QQ5A,0,"[21, 232]",260,5,3,0.006956920027732849
2QQ5A,0,"[21, 232]",260,5,4,0.005875643342733383
2QQ5A,0,"[21, 232]",260,5,5,0.005380625836551189
2QQ5A,0,"[21, 232]",260,5,6,0.004640665370970964
2QQ5A,0,"[21, 232]",260,5,7,0.006554091814905405
2QQ5A,0,"[21, 232]",260,5,8,0.00758355250582099
2QQ5A,0,"[21, 232]",260,5,9,0.005317313596606255
2QQ5A,0,"[21, 232]",260,5,10,0.0062269531190395355
2QQ5A,0,"[21, 232]",260,5,11,0.006110559217631817
2QQ5A,0,"[21, 232]",260,5,12,0.005588063038885593
2QQ5A,0,"[21, 232]",260,5,13,0.8384813070297241
2QQ5A,0,"[21, 232]",260,5,14,0.8562777042388916
2QQ5A,0,"[21, 232]",260,5,15,0.9218496084213257
2QSXA,0,"[70, 189]",218,5,0,0.010112859308719635
2QSXA,0,"[70, 189]",218,5,1,0.00787388440221548
2QSXA,0,"[70, 189]",218,5,2,0.007995924912393093
2QSXA,0,"[70, 189]",218,5,3,0.008228838443756104
2QSXA,0,"[70, 189]",218,5,4,0.006337076425552368
2QSXA,0,"[70, 189]",218,5,5,0.0069196089170873165
2QSXA,0,"[70, 189]",218,5,6,0.008384755812585354
2QSXA,0,"[70, 189]",218,5,7,0.009263996034860611
2QSXA,0,"[70, 189]",218,5,8,0.008509277366101742
2QSXA,0,"[70, 189]",218,5,9,0.008060043677687645
2QSXA,0,"[70, 189]",218,5,10,0.008410913869738579
2QSXA,0,"[70, 189]",218,5,11,0.006807968486100435
2QSXA,0,"[70, 189]",218,5,12,0.007811882067471743
2QSXA,0,"[70, 189]",218,5,13,0.02435428835451603
2QSXA,0,"[70, 189]",218,5,14,0.02202577516436577
2QSXA,0,"[70, 189]",218,5,15,0.0168092530220747
2QSXA,0,"[70, 189]",218,5,16,0.009452901780605316
2QSXA,0,"[70, 189]",218,5,17,0.014164244756102562
2QSXA,0,"[70, 189]",218,5,18,0.013338332995772362
2QSXA,0,"[70, 189]",218,5,19,0.011865640990436077
2QSXA,0,"[70, 189]",218,5,20,0.02352791838347912
2QSXA,0,"[70, 189]",218,5,21,0.7868272662162781
2QSXA,0,"[70, 189]",218,5,22,0.8499038219451904
2QSXA,0,"[70, 189]",218,5,23,0.772275447845459
2QY6A,0,"[63, 177]",257,5,0,0.006771604996174574
2QY6A,0,"[63, 177]",257,5,1,0.006490984000265598
2QY6A,0,"[63, 177]",257,5,2,0.006522307172417641
2QY6A,0,"[63, 177]",257,5,3,0.00628292839974165
2QY6A,0,"[63, 177]",257,5,4,0.006108301691710949
2QY6A,0,"[63, 177]",257,5,5,0.006254860665649176
2QY6A,0,"[63, 177]",257,5,6,0.006544706877321005
2QY6A,0,"[63, 177]",257,5,7,0.006672866176813841
2QY6A,0,"[63, 177]",257,5,8,0.007472383789718151
2QY6A,0,"[63, 177]",257,5,9,0.007370620034635067
2QY6A,0,"[63, 177]",257,5,10,0.006982388440519571
2QY6A,0,"[63, 177]",257,5,11,0.006938720587641001
2QY6A,0,"[63, 177]",257,5,12,0.007030011620372534
2QY6A,0,"[63, 177]",257,5,13,0.006566767115145922
2QY6A,0,"[63, 177]",257,5,14,0.0065623000264167786
2QY6A,0,"[63, 177]",257,5,15,0.005709570366889238
2QY6A,0,"[63, 177]",257,5,16,0.01697603613138199
2QY6A,0,"[63, 177]",257,5,17,0.01210059691220522
2QY6A,0,"[63, 177]",257,5,18,0.17652174830436707
2QY6A,0,"[63, 177]",257,5,19,0.12614980340003967
2QY6A,0,"[63, 177]",257,5,20,0.11958598345518112
2QY6A,0,"[63, 177]",257,5,21,0.08887051790952682
2QY6A,0,"[63, 177]",257,5,22,0.03912794962525368
2QY6A,0,"[63, 177]",257,5,23,0.07960514724254608
2QY6A,0,"[63, 177]",257,5,24,0.0202378761023283
2QY6A,0,"[63, 177]",257,5,25,0.014607307501137257
2QY6A,0,"[63, 177]",257,5,26,0.011450760066509247
2QY6A,0,"[63, 177]",257,5,27,0.0160545464605093
2QY6A,0,"[63, 177]",257,5,28,0.04156682267785072
2QY6A,0,"[63, 177]",257,5,29,0.582524836063385
2QY6A,0,"[63, 177]",257,5,30,0.5656737089157104
2QY6A,0,"[63, 177]",257,5,31,0.5808717012405396
2R6JA,0,"[28, 196]",318,5,0,0.00615968881174922
2R6JA,0,"[28, 196]",318,5,1,0.006225183140486479
2R6JA,0,"[28, 196]",318,5,2,0.006653994787484407
2R6JA,0,"[28, 196]",318,5,3,0.005866143386811018
2R6JA,0,"[28, 196]",318,5,4,0.006810230668634176
2R6JA,0,"[28, 196]",318,5,5,0.006417267490178347
2R6JA,0,"[28, 196]",318,5,6,0.006521806586533785
2R6JA,0,"[28, 196]",318,5,7,0.006505502853542566
2R6JA,0,"[28, 196]",318,5,8,0.006764654070138931
2R6JA,0,"[28, 196]",318,5,9,0.00722590833902359
2R6JA,0,"[28, 196]",318,5,10,0.006035279016941786
2R6JA,0,"[28, 196]",318,5,11,0.0063217636197805405
2R6JA,0,"[28, 196]",318,5,12,0.005793602205812931
2R6JA,0,"[28, 196]",318,5,13,0.006022976245731115
2R6JA,0,"[28, 196]",318,5,14,0.006319024134427309
2R6JA,0,"[28, 196]",318,5,15,0.005444136448204517
2R6JA,0,"[28, 196]",318,5,16,0.006395253818482161
2R6JA,0,"[28, 196]",318,5,17,0.005909398663789034
2R6JA,0,"[28, 196]",318,5,18,0.006544504780322313
2R6JA,0,"[28, 196]",318,5,19,0.8969656229019165
2R6JA,0,"[28, 196]",318,5,20,0.7524898052215576
2R6JA,0,"[28, 196]",318,5,21,0.7832605242729187
2R6JA,0,"[28, 196]",318,5,22,0.7565195560455322
2R6JA,0,"[28, 196]",318,5,23,0.8266658186912537
2RKVA,0,"[232, 426]",451,5,0,0.0060939970426261425
2RKVA,0,"[232, 426]",451,5,1,0.006156662944704294
2RKVA,0,"[232, 426]",451,5,2,0.006538361310958862
2RKVA,0,"[232, 426]",451,5,3,0.006940812338143587
2RKVA,0,"[232, 426]",451,5,4,0.006388943642377853
2RKVA,0,"[232, 426]",451,5,5,0.006038355641067028
2RKVA,0,"[232, 426]",451,5,6,0.007281922269612551
2RKVA,0,"[232, 426]",451,5,7,0.007156411185860634
2RKVA,0,"[232, 426]",451,5,8,0.007247363217175007
2RKVA,0,"[232, 426]",451,5,9,0.007183843292295933
2RKVA,0,"[232, 426]",451,5,10,0.007196580059826374
2RKVA,0,"[232, 426]",451,5,11,0.0074451337568461895
2RKVA,0,"[232, 426]",451,5,12,0.007477251347154379
2RKVA,0,"[232, 426]",451,5,13,0.007299615070223808
2RKVA,0,"[232, 426]",451,5,14,0.00749203423038125
2RKVA,0,"[232, 426]",451,5,15,0.007721542380750179
2RKVA,0,"[232, 426]",451,5,16,0.006957693956792355
2RKVA,0,"[232, 426]",451,5,17,0.007413205690681934
2RKVA,0,"[232, 426]",451,5,18,0.007621829863637686
2RKVA,0,"[232, 426]",451,5,19,0.008051460608839989
2RKVA,0,"[232, 426]",451,5,20,0.007682573515921831
2RKVA,0,"[232, 426]",451,5,21,0.008010128512978554
2RKVA,0,"[232, 426]",451,5,22,0.00758850434795022
2RKVA,0,"[232, 426]",451,5,23,0.008042330853641033
2RKVA,0,"[232, 426]",451,5,24,0.008217321708798409
2RKVA,0,"[232, 426]",451,5,25,0.0071198162622749805
2RKVA,0,"[232, 426]",451,5,26,0.007091929204761982
2RKVA,0,"[232, 426]",451,5,27,0.007119121961295605
2RKVA,0,"[232, 426]",451,5,28,0.007217093370854855
2RKVA,0,"[232, 426]",451,5,29,0.007044585887342691
2RKVA,0,"[232, 426]",451,5,30,0.007146697025746107
2RKVA,0,"[232, 426]",451,5,31,0.007141453213989735
2RKVA,0,"[232, 426]",451,5,32,0.007028035819530487
2RKVA,0,"[232, 426]",451,5,33,0.006912503857165575
2RKVA,0,"[232, 426]",451,5,34,0.007145543582737446
2RKVA,0,"[232, 426]",451,5,35,0.007127717137336731
2RKVA,0,"[232, 426]",451,5,36,0.006998501252382994
2RKVA,0,"[232, 426]",451,5,37,0.0068758269771933556
2RKVA,0,"[232, 426]",451,5,38,0.006597504485398531
2RKVA,0,"[232, 426]",451,5,39,0.006645701359957457
2RKVA,0,"[232, 426]",451,5,40,0.006719517055898905
2RKVA,0,"[232, 426]",451,5,41,0.006843992974609137
2RKVA,0,"[232, 426]",451,5,42,0.006852859165519476
2RKVA,0,"[232, 426]",451,5,43,0.007340958807617426
2RKVA,0,"[232, 426]",451,5,44,0.007636690977960825
2RKVA,0,"[232, 426]",451,5,45,0.00681317737326026
2RKVA,0,"[232, 426]",451,5,46,0.006864782888442278
2RKVA,0,"[232, 426]",451,5,47,0.006545595824718475
2RKVA,0,"[232, 426]",451,5,48,0.0064284843392670155
2RKVA,0,"[232, 426]",451,5,49,0.006653415970504284
2RKVA,0,"[232, 426]",451,5,50,0.006690064445137978
2RKVA,0,"[232, 426]",451,5,51,0.006798349786549807
2RKVA,0,"[232, 426]",451,5,52,0.0068236347287893295
2RKVA,0,"[232, 426]",451,5,53,0.007442232687026262
2RKVA,0,"[232, 426]",451,5,54,0.007483893074095249
2RKVA,0,"[232, 426]",451,5,55,0.007341371849179268
2RKVA,0,"[232, 426]",451,5,56,0.006860265973955393
2RKVA,0,"[232, 426]",451,5,57,0.006749387830495834
2RKVA,0,"[232, 426]",451,5,58,0.006518420297652483
2RKVA,0,"[232, 426]",451,5,59,0.006336657330393791
2RKVA,0,"[232, 426]",451,5,60,0.00602350989356637
2UUQA,0,"[128, 372]",414,5,0,0.006588918622583151
2UUQA,0,"[128, 372]",414,5,1,0.006782214157283306
2UUQA,0,"[128, 372]",414,5,2,0.006365703884512186
2UUQA,0,"[128, 372]",414,5,3,0.006152565125375986
2UUQA,0,"[128, 372]",414,5,4,0.006835323292762041
2UUQA,0,"[128, 372]",414,5,5,0.006722426041960716
2UUQA,0,"[128, 372]",414,5,6,0.007150998804718256
2UUQA,0,"[128, 372]",414,5,7,0.006632529199123383
2UUQA,0,"[128, 372]",414,5,8,0.006704315543174744
2UUQA,0,"[128, 372]",414,5,9,0.006689473055303097
2UUQA,0,"[128, 372]",414,5,10,0.006477060727775097
2UUQA,0,"[128, 372]",414,5,11,0.0066339485347270966
2UUQA,0,"[128, 372]",414,5,12,0.006428070366382599
2UUQA,0,"[128, 372]",414,5,13,0.006607702933251858
2UUQA,0,"[128, 372]",414,5,14,0.006228982005268335
2UUQA,0,"[128, 372]",414,5,15,0.006405602674931288
2UUQA,0,"[128, 372]",414,5,16,0.006397072691470385
2UUQA,0,"[128, 372]",414,5,17,0.006273313891142607
2UUQA,0,"[128, 372]",414,5,18,0.005939683876931667
2UUQA,0,"[128, 372]",414,5,19,0.006704792845994234
2UUQA,0,"[128, 372]",414,5,20,0.006469899322837591
2UUQA,0,"[128, 372]",414,5,21,0.006113745737820864
2UUQA,0,"[128, 372]",414,5,22,0.006444412749260664
2UUQA,0,"[128, 372]",414,5,23,0.006114001385867596
2UUQA,0,"[128, 372]",414,5,24,0.005895903334021568
2UUQA,0,"[128, 372]",414,5,25,0.005922049283981323
2UUQA,0,"[128, 372]",414,5,26,0.005505332723259926
2UUQA,0,"[128, 372]",414,5,27,0.005392800085246563
2UUQA,0,"[128, 372]",414,5,28,0.005416222847998142
2UUQA,0,"[128, 372]",414,5,29,0.0056541115045547485
2UUQA,0,"[128, 372]",414,5,30,0.0057616219855844975
2UUQA,0,"[128, 372]",414,5,31,0.005558035336434841
2UUQA,0,"[128, 372]",414,5,32,0.00569209223613143
2UUQA,0,"[128, 372]",414,5,33,0.005752944853156805
2UUQA,0,"[128, 372]",414,5,34,0.00592029606923461
2UUQA,0,"[128, 372]",414,5,35,0.0059640672989189625
2UUQA,0,"[128, 372]",414,5,36,0.005300361663103104
2UUQA,0,"[128, 372]",414,5,37,0.1746833771467209
2UUQA,0,"[128, 372]",414,5,38,0.9710707068443298
2UUQA,0,"[128, 372]",414,5,39,0.9996809363365173
2UUQA,0,"[128, 372]",414,5,40,1.0508240461349487
2UUQA,0,"[128, 372]",414,5,41,1.0508438348770142
2UUQA,0,"[128, 372]",414,5,42,1.0410258769989014
2UUQA,0,"[128, 372]",414,5,43,1.0448929071426392
2UYTA,0,"[254, 397]",489,5,0,0.005955355241894722
2UYTA,0,"[254, 397]",489,5,1,0.006804537493735552
2UYTA,0,"[254, 397]",489,5,2,0.006462983787059784
2UYTA,0,"[254, 397]",489,5,3,0.0063746473751962185
2UYTA,0,"[254, 397]",489,5,4,0.006599245592951775
2UYTA,0,"[254, 397]",489,5,5,0.0062568592838943005
2UYTA,0,"[254, 397]",489,5,6,0.006479801144450903
2UYTA,0,"[254, 397]",489,5,7,0.005993623752146959
2UYTA,0,"[254, 397]",489,5,8,0.005876332521438599
2UYTA,0,"[254, 397]",489,5,9,0.006172686815261841
2UYTA,0,"[254, 397]",489,5,10,0.006930806208401918
2UYTA,0,"[254, 397]",489,5,11,0.006115059368312359
2UYTA,0,"[254, 397]",489,5,12,0.006109299138188362
2UYTA,0,"[254, 397]",489,5,13,0.006005626171827316
2UYTA,0,"[254, 397]",489,5,14,0.006065034307539463
2UYTA,0,"[254, 397]",489,5,15,0.00605365727096796
2UYTA,0,"[254, 397]",489,5,16,0.00596744567155838
2UYTA,0,"[254, 397]",489,5,17,0.0067588225938379765
2UYTA,0,"[254, 397]",489,5,18,0.006751624401658773
2UYTA,0,"[254, 397]",489,5,19,0.006805855315178633
2UYTA,0,"[254, 397]",489,5,20,0.006648578215390444
2UYTA,0,"[254, 397]",489,5,21,0.007210194133222103
2UYTA,0,"[254, 397]",489,5,22,0.0057951919734478
2UYTA,0,"[254, 397]",489,5,23,0.005773438606411219
2UYTA,0,"[254, 397]",489,5,24,0.005869407672435045
2UYTA,0,"[254, 397]",489,5,25,0.005848224274814129
2UYTA,0,"[254, 397]",489,5,26,0.005899730138480663
2UYTA,0,"[254, 397]",489,5,27,0.006358408834785223
2UYTA,0,"[254, 397]",489,5,28,0.005093378480523825
2UYTA,0,"[254, 397]",489,5,29,0.005668865982443094
2UYTA,0,"[254, 397]",489,5,30,0.00658424012362957
2UYTA,0,"[254, 397]",489,5,31,0.006200647447258234
2UYTA,0,"[254, 397]",489,5,32,0.00629583653062582
2UYTA,0,"[254, 397]",489,5,33,0.006043716799467802
2UYTA,0,"[254, 397]",489,5,34,0.005971637088805437
2UYTA,0,"[254, 397]",489,5,35,0.005952237173914909
2UYTA,0,"[254, 397]",489,5,36,0.006023314781486988
2UYTA,0,"[254, 397]",489,5,37,0.0060753971338272095
2UYTA,0,"[254, 397]",489,5,38,0.006238861940801144
2UYTA,0,"[254, 397]",489,5,39,0.006227859295904636
2UYTA,0,"[254, 397]",489,5,40,0.005737865809351206
2UYTA,0,"[254, 397]",489,5,41,0.0056502483785152435
2UYTA,0,"[254, 397]",489,5,42,0.00562214944511652
2UYTA,0,"[254, 397]",489,5,43,0.005488387309014797
2UYTA,0,"[254, 397]",489,5,44,0.005292279180139303
2UYTA,0,"[254, 397]",489,5,45,0.005338774062693119
2UYTA,0,"[254, 397]",489,5,46,0.0054731410928070545
2UYTA,0,"[254, 397]",489,5,47,0.005772782023996115
2UYTA,0,"[254, 397]",489,5,48,0.006156193558126688
2UYTA,0,"[254, 397]",489,5,49,0.005966647062450647
2UYTA,0,"[254, 397]",489,5,50,0.006443961523473263
2UYTA,0,"[254, 397]",489,5,51,0.005992825608700514
2UYTA,0,"[254, 397]",489,5,52,0.005797333549708128
2UYTA,0,"[254, 397]",489,5,53,0.0060021961107850075
2UYTA,0,"[254, 397]",489,5,54,0.952068567276001
2UYTA,0,"[254, 397]",489,5,55,0.9639881253242493
2UYTA,0,"[254, 397]",489,5,56,0.9687013030052185
2UYTA,0,"[254, 397]",489,5,57,0.9694099426269531
2UYTA,0,"[254, 397]",489,5,58,0.9661474227905273
2UYTA,0,"[254, 397]",489,5,59,0.9652079939842224
2V2FF,0,"[68, 331]",390,5,0,0.00554901547729969
2V2FF,0,"[68, 331]",390,5,1,0.006368180736899376
2V2FF,0,"[68, 331]",390,5,2,0.00572239700704813
2V2FF,0,"[68, 331]",390,5,3,0.006551539525389671
2V2FF,0,"[68, 331]",390,5,4,0.006139717996120453
2V2FF,0,"[68, 331]",390,5,5,0.006896362639963627
2V2FF,0,"[68, 331]",390,5,6,0.006382436025887728
2V2FF,0,"[68, 331]",390,5,7,0.005785938818007708
2V2FF,0,"[68, 331]",390,5,8,0.006453156005591154
2V2FF,0,"[68, 331]",390,5,9,0.005945245269685984
2V2FF,0,"[68, 331]",390,5,10,0.006743565667420626
2V2FF,0,"[68, 331]",390,5,11,0.006477829068899155
2V2FF,0,"[68, 331]",390,5,12,0.006060969550162554
2V2FF,0,"[68, 331]",390,5,13,0.006437394302338362
2V2FF,0,"[68, 331]",390,5,14,0.006056943442672491
2V2FF,0,"[68, 331]",390,5,15,0.005749959498643875
2V2FF,0,"[68, 331]",390,5,16,0.005848129279911518
2V2FF,0,"[68, 331]",390,5,17,0.005903786048293114
2V2FF,0,"[68, 331]",390,5,18,0.005844693630933762
2V2FF,0,"[68, 331]",390,5,19,0.00575604010373354
2V2FF,0,"[68, 331]",390,5,20,0.005553629249334335
2V2FF,0,"[68, 331]",390,5,21,0.005568559281527996
2V2FF,0,"[68, 331]",390,5,22,0.005478776525706053
2V2FF,0,"[68, 331]",390,5,23,0.005312568508088589
2V2FF,0,"[68, 331]",390,5,24,0.005381003953516483
2V2FF,0,"[68, 331]",390,5,25,0.005094821564853191
2V2FF,0,"[68, 331]",390,5,26,0.005564366467297077
2V2FF,0,"[68, 331]",390,5,27,0.005622715223580599
2V2FF,0,"[68, 331]",390,5,28,0.005730333738029003
2V2FF,0,"[68, 331]",390,5,29,0.006021961569786072
2V2FF,0,"[68, 331]",390,5,30,0.008566743694245815
2V2FF,0,"[68, 331]",390,5,31,0.00924746785312891
2V2FF,0,"[68, 331]",390,5,32,0.007799956481903791
2V2FF,0,"[68, 331]",390,5,33,0.01162272971123457
2V2FF,0,"[68, 331]",390,5,34,0.013116513378918171
2V2FF,0,"[68, 331]",390,5,35,0.009025617502629757
2V2FF,0,"[68, 331]",390,5,36,0.008925474248826504
2V2FF,0,"[68, 331]",390,5,37,0.007995976135134697
2V2FF,0,"[68, 331]",390,5,38,0.00792777631431818
2V2FF,0,"[68, 331]",390,5,39,0.008229617029428482
2V2FF,0,"[68, 331]",390,5,40,0.008037140592932701
2V2FF,0,"[68, 331]",390,5,41,0.008573674596846104
2V2FF,0,"[68, 331]",390,5,42,0.008563810959458351
2V2FF,0,"[68, 331]",390,5,43,0.00831420999020338
2V2FF,0,"[68, 331]",390,5,44,0.008307612501084805
2V2FF,0,"[68, 331]",390,5,45,0.008080641739070415
2V2FF,0,"[68, 331]",390,5,46,0.00845619197934866
2V2FF,0,"[68, 331]",390,5,47,0.008470144122838974
2V2FF,0,"[68, 331]",390,5,48,0.008720757439732552
2V2FF,0,"[68, 331]",390,5,49,0.008574356324970722
2V2FF,0,"[68, 331]",390,5,50,0.008065145462751389
2V2FF,0,"[68, 331]",390,5,51,0.008818041533231735
2V2FF,0,"[68, 331]",390,5,52,0.008406538516283035
2V2FF,0,"[68, 331]",390,5,53,0.008452323265373707
2V2FF,0,"[68, 331]",390,5,54,0.00839456170797348
2V2FF,0,"[68, 331]",390,5,55,0.008392524905502796
2V2FF,0,"[68, 331]",390,5,56,0.008591688238084316
2V2FF,0,"[68, 331]",390,5,57,0.008648342452943325
2V2FF,0,"[68, 331]",390,5,58,0.008445345796644688
2V2FF,0,"[68, 331]",390,5,59,0.00816313736140728
2V2FF,0,"[68, 331]",390,5,60,0.008316711522638798
2VK8A,0,"[201, 333]",563,5,0,0.007075202651321888
2VK8A,0,"[201, 333]",563,5,1,0.006607387214899063
2VK8A,0,"[201, 333]",563,5,2,0.00753930164501071
2VK8A,0,"[201, 333]",563,5,3,0.007064851466566324
2VK8A,0,"[201, 333]",563,5,4,0.007795432116836309
2VK8A,0,"[201, 333]",563,5,5,0.0072956266812980175
2VK8A,0,"[201, 333]",563,5,6,0.005593115463852882
2VK8A,0,"[201, 333]",563,5,7,0.004786305129528046
2VK8A,0,"[201, 333]",563,5,8,0.0053739105351269245
2VK8A,0,"[201, 333]",563,5,9,0.004918794613331556
2VK8A,0,"[201, 333]",563,5,10,0.0067001632414758205
2VK8A,0,"[201, 333]",563,5,11,0.0066856821067631245
2VK8A,0,"[201, 333]",563,5,12,0.006570361088961363
2VK8A,0,"[201, 333]",563,5,13,0.005815046839416027
2VK8A,0,"[201, 333]",563,5,14,0.005385521799325943
2VK8A,0,"[201, 333]",563,5,15,0.005588350351899862
2VK8A,0,"[201, 333]",563,5,16,0.006192023400217295
2VK8A,0,"[201, 333]",563,5,17,0.0056677102111279964
2VK8A,0,"[201, 333]",563,5,18,0.0061491806991398335
2VK8A,0,"[201, 333]",563,5,19,0.00645329337567091
2VK8A,0,"[201, 333]",563,5,20,0.006540397182106972
2VK8A,0,"[201, 333]",563,5,21,0.005453159566968679
2VK8A,0,"[201, 333]",563,5,22,0.005408966448158026
2VK8A,0,"[201, 333]",563,5,23,0.005589838605374098
2VK8A,0,"[201, 333]",563,5,24,0.005782495718449354
2VK8A,0,"[201, 333]",563,5,25,0.006454228423535824
2VK8A,0,"[201, 333]",563,5,26,0.006432066205888987
2VK8A,0,"[201, 333]",563,5,27,0.0064786272123456
2VK8A,0,"[201, 333]",563,5,28,0.006518726237118244
2VK8A,0,"[201, 333]",563,5,29,0.006434488110244274
2VK8A,0,"[201, 333]",563,5,30,0.006530683487653732
2VK8A,0,"[201, 333]",563,5,31,0.006546556483954191
2VK8A,0,"[201, 333]",563,5,32,0.006534607149660587
2VK8A,0,"[201, 333]",563,5,33,0.00658395467326045
2VK8A,0,"[201, 333]",563,5,34,0.00658239284530282
2VK8A,0,"[201, 333]",563,5,35,0.006685706786811352
2VK8A,0,"[201, 333]",563,5,36,0.006808457430452108
2VK8A,0,"[201, 333]",563,5,37,0.006803919095546007
2VK8A,0,"[201, 333]",563,5,38,0.006843535229563713
2VK8A,0,"[201, 333]",563,5,39,0.006638579070568085
2VK8A,0,"[201, 333]",563,5,40,0.006769716273993254
2VK8A,0,"[201, 333]",563,5,41,0.007697289809584618
2VK8A,0,"[201, 333]",563,5,42,0.007744696922600269
2VK8A,0,"[201, 333]",563,5,43,0.007104288320988417
2VK8A,0,"[201, 333]",563,5,44,0.006542507093399763
2VK8A,0,"[201, 333]",563,5,45,0.0064439112320542336
2VK8A,0,"[201, 333]",563,5,46,0.006531610619276762
2VK8A,0,"[201, 333]",563,5,47,0.007171980571001768
2VK8A,0,"[201, 333]",563,5,48,0.0070669339038431644
2VK8A,0,"[201, 333]",563,5,49,0.0070826769806444645
2VK8A,0,"[201, 333]",563,5,50,0.006448857486248016
2VK8A,0,"[201, 333]",563,5,51,0.007277095690369606
2VK8A,0,"[201, 333]",563,5,52,0.007275428622961044
2VK8A,0,"[201, 333]",563,5,53,0.007152556907385588
2VK8A,0,"[201, 333]",563,5,54,0.00630445359274745
2VK8A,0,"[201, 333]",563,5,55,0.007588310167193413
2VK8A,0,"[201, 333]",563,5,56,0.007793653290718794
2VK8A,0,"[201, 333]",563,5,57,0.0079122856259346
2VK8A,0,"[201, 333]",563,5,58,0.00755422655493021
2VK8A,0,"[201, 333]",563,5,59,0.013154808431863785
2VK8A,0,"[201, 333]",563,5,60,0.013427723199129105
2W5QA,0,"[33, 191]",424,5,0,0.007217899430543184
2W5QA,0,"[33, 191]",424,5,1,0.0077579389326274395
2W5QA,0,"[33, 191]",424,5,2,0.008157293312251568
2W5QA,0,"[33, 191]",424,5,3,0.007343885488808155
2W5QA,0,"[33, 191]",424,5,4,0.008570396341383457
2W5QA,0,"[33, 191]",424,5,5,0.008514703251421452
2W5QA,0,"[33, 191]",424,5,6,0.008763469755649567
2W5QA,0,"[33, 191]",424,5,7,0.013017079792916775
2W5QA,0,"[33, 191]",424,5,8,0.008971890434622765
2W5QA,0,"[33, 191]",424,5,9,0.009473058395087719
2W5QA,0,"[33, 191]",424,5,10,0.008897136896848679
2W5QA,0,"[33, 191]",424,5,11,0.009300993755459785
2W5QA,0,"[33, 191]",424,5,12,0.00881802849471569
2W5QA,0,"[33, 191]",424,5,13,0.008026540279388428
2W5QA,0,"[33, 191]",424,5,14,0.008731536567211151
2W5QA,0,"[33, 191]",424,5,15,0.008646883070468903
2W5QA,0,"[33, 191]",424,5,16,0.008846092037856579
2W5QA,0,"[33, 191]",424,5,17,0.008467978797852993
2W5QA,0,"[33, 191]",424,5,18,0.0075327553786337376
2W5QA,0,"[33, 191]",424,5,19,0.0075368029065430164
2W5QA,0,"[33, 191]",424,5,20,0.009430738165974617
2W5QA,0,"[33, 191]",424,5,21,0.008939922787249088
2W5QA,0,"[33, 191]",424,5,22,0.007997207343578339
2W5QA,0,"[33, 191]",424,5,23,0.007442859932780266
2W5QA,0,"[33, 191]",424,5,24,0.007794750388711691
2W5QA,0,"[33, 191]",424,5,25,0.008214599452912807
2W5QA,0,"[33, 191]",424,5,26,0.007816525176167488
2W5QA,0,"[33, 191]",424,5,27,0.009506928734481335
2W5QA,0,"[33, 191]",424,5,28,0.00854567438364029
2W5QA,0,"[33, 191]",424,5,29,0.01122906431555748
2W5QA,0,"[33, 191]",424,5,30,0.011809117160737514
2W5QA,0,"[33, 191]",424,5,31,0.011472130194306374
2W5QA,0,"[33, 191]",424,5,32,0.011577433906495571
2W5QA,0,"[33, 191]",424,5,33,0.011193824000656605
2W5QA,0,"[33, 191]",424,5,34,0.011060649529099464
2W5QA,0,"[33, 191]",424,5,35,0.011008807457983494
2W5QA,0,"[33, 191]",424,5,36,0.010773791931569576
2W5QA,0,"[33, 191]",424,5,37,0.01075002085417509
2W5QA,0,"[33, 191]",424,5,38,0.010268802754580975
2W5QA,0,"[33, 191]",424,5,39,0.016482964158058167
2W5QA,0,"[33, 191]",424,5,40,0.014925944618880749
2W5QA,0,"[33, 191]",424,5,41,0.02141370251774788
2W5QA,0,"[33, 191]",424,5,42,0.23758354783058167
2W5QA,0,"[33, 191]",424,5,43,0.5638729333877563
2W5QA,0,"[33, 191]",424,5,44,0.4666478931903839
2W5QA,0,"[33, 191]",424,5,45,0.2693060636520386
2W5QA,0,"[33, 191]",424,5,46,0.5014596581459045
2W5QA,0,"[33, 191]",424,5,47,0.5933752655982971
2W5QA,0,"[33, 191]",424,5,48,0.6122229695320129
2W5QA,0,"[33, 191]",424,5,49,0.6042973399162292
2W5QA,0,"[33, 191]",424,5,50,0.7126476168632507
2W5QA,0,"[33, 191]",424,5,51,0.7403658628463745
2W5QA,0,"[33, 191]",424,5,52,0.7480629682540894
2W5QA,0,"[33, 191]",424,5,53,0.78227299451828
2W5QA,0,"[33, 191]",424,5,54,0.7475652694702148
2W5QA,0,"[33, 191]",424,5,55,0.7762255072593689
2W5QA,0,"[33, 191]",424,5,56,0.7439064979553223
2W5QA,0,"[33, 191]",424,5,57,0.7676751613616943
2W5QA,0,"[33, 191]",424,5,58,0.7598444819450378
2W5QA,0,"[33, 191]",424,5,59,0.7510035037994385
2W5QA,0,"[33, 191]",424,5,60,0.7172085046768188
2WIYA,0,"[108, 356]",394,5,0,0.006298773922026157
2WIYA,0,"[108, 356]",394,5,1,0.006476093083620071
2WIYA,0,"[108, 356]",394,5,2,0.005906197242438793
2WIYA,0,"[108, 356]",394,5,3,0.005863415077328682
2WIYA,0,"[108, 356]",394,5,4,0.006317404564470053
2WIYA,0,"[108, 356]",394,5,5,0.006225709803402424
2WIYA,0,"[108, 356]",394,5,6,0.006173915229737759
2WIYA,0,"[108, 356]",394,5,7,0.006510869599878788
2WIYA,0,"[108, 356]",394,5,8,0.006175152026116848
2WIYA,0,"[108, 356]",394,5,9,0.006501195020973682
2WIYA,0,"[108, 356]",394,5,10,0.006523787509649992
2WIYA,0,"[108, 356]",394,5,11,0.006815166678279638
2WIYA,0,"[108, 356]",394,5,12,0.006853912491351366
2WIYA,0,"[108, 356]",394,5,13,0.006037702783942223
2WIYA,0,"[108, 356]",394,5,14,0.005708856973797083
2WIYA,0,"[108, 356]",394,5,15,0.005669989623129368
2WIYA,0,"[108, 356]",394,5,16,0.0056782066822052
2WIYA,0,"[108, 356]",394,5,17,0.00537851033732295
2WIYA,0,"[108, 356]",394,5,18,0.005882546305656433
2WIYA,0,"[108, 356]",394,5,19,0.005556717049330473
2WIYA,0,"[108, 356]",394,5,20,0.005658323876559734
2WIYA,0,"[108, 356]",394,5,21,0.005631474778056145
2WIYA,0,"[108, 356]",394,5,22,0.005500867962837219
2WIYA,0,"[108, 356]",394,5,23,0.0054634809494018555
2WIYA,0,"[108, 356]",394,5,24,0.005405565723776817
2WIYA,0,"[108, 356]",394,5,25,0.005424404051154852
2WIYA,0,"[108, 356]",394,5,26,0.004920031875371933
2WIYA,0,"[108, 356]",394,5,27,0.005246967542916536
2WIYA,0,"[108, 356]",394,5,28,0.004850085824728012
2WIYA,0,"[108, 356]",394,5,29,0.005042020231485367
2WIYA,0,"[108, 356]",394,5,30,0.005174639169126749
2WIYA,0,"[108, 356]",394,5,31,0.005512950476258993
2WIYA,0,"[108, 356]",394,5,32,0.005281326361000538
2WIYA,0,"[108, 356]",394,5,33,0.004585329908877611
2WIYA,0,"[108, 356]",394,5,34,0.005032554268836975
2WIYA,0,"[108, 356]",394,5,35,0.005097329616546631
2WIYA,0,"[108, 356]",394,5,36,0.005430601071566343
2WIYA,0,"[108, 356]",394,5,37,0.005107085220515728
2WIYA,0,"[108, 356]",394,5,38,0.0059448424726724625
2WIYA,0,"[108, 356]",394,5,39,0.01988881267607212
2WIYA,0,"[108, 356]",394,5,40,0.014607109129428864
2WIYA,0,"[108, 356]",394,5,41,0.013171725906431675
2WIYA,0,"[108, 356]",394,5,42,0.01248845737427473
2WIYA,0,"[108, 356]",394,5,43,0.012835733592510223
2WIYA,0,"[108, 356]",394,5,44,0.01304013654589653
2WIYA,0,"[108, 356]",394,5,45,0.014618382789194584
2WIYA,0,"[108, 356]",394,5,46,0.015518401749432087
2WIYA,0,"[108, 356]",394,5,47,0.01528848521411419
2WIYA,0,"[108, 356]",394,5,48,0.015203864313662052
2WIYA,0,"[108, 356]",394,5,49,0.01519066747277975
2WIYA,0,"[108, 356]",394,5,50,0.25554507970809937
2WIYA,0,"[108, 356]",394,5,51,0.457462340593338
2WIYA,0,"[108, 356]",394,5,52,0.3862387239933014
2WIYA,0,"[108, 356]",394,5,53,0.8817164301872253
2WIYA,0,"[108, 356]",394,5,54,0.8241291642189026
2WIYA,0,"[108, 356]",394,5,55,0.5438967943191528
2WIYA,0,"[108, 356]",394,5,56,0.8111324906349182
2WIYA,0,"[108, 356]",394,5,57,1.1173384189605713
2WIYA,0,"[108, 356]",394,5,58,1.139797568321228
2WIYA,0,"[108, 356]",394,5,59,1.145080327987671
2WIYA,0,"[108, 356]",394,5,60,1.1391745805740356
2WVGA,0,"[198, 327]",568,5,0,0.006817626766860485
2WVGA,0,"[198, 327]",568,5,1,0.0066489060409367085
2WVGA,0,"[198, 327]",568,5,2,0.007022587116807699
2WVGA,0,"[198, 327]",568,5,3,0.007011148612946272
2WVGA,0,"[198, 327]",568,5,4,0.0068618073128163815
2WVGA,0,"[198, 327]",568,5,5,0.007007308769971132
2WVGA,0,"[198, 327]",568,5,6,0.007241661660373211
2WVGA,0,"[198, 327]",568,5,7,0.006636185105890036
2WVGA,0,"[198, 327]",568,5,8,0.0064009386114776134
2WVGA,0,"[198, 327]",568,5,9,0.006746555212885141
2WVGA,0,"[198, 327]",568,5,10,0.006449437700212002
2WVGA,0,"[198, 327]",568,5,11,0.006601997651159763
2WVGA,0,"[198, 327]",568,5,12,0.006517133675515652
2WVGA,0,"[198, 327]",568,5,13,0.006695180665701628
2WVGA,0,"[198, 327]",568,5,14,0.006830423604696989
2WVGA,0,"[198, 327]",568,5,15,0.006946024484932423
2WVGA,0,"[198, 327]",568,5,16,0.006838109809905291
2WVGA,0,"[198, 327]",568,5,17,0.006548834033310413
2WVGA,0,"[198, 327]",568,5,18,0.006770497653633356
2WVGA,0,"[198, 327]",568,5,19,0.006707131862640381
2WVGA,0,"[198, 327]",568,5,20,0.006649519316852093
2WVGA,0,"[198, 327]",568,5,21,0.006702204700559378
2WVGA,0,"[198, 327]",568,5,22,0.0066363634541630745
2WVGA,0,"[198, 327]",568,5,23,0.00740787060931325
2WVGA,0,"[198, 327]",568,5,24,0.006754857022315264
2WVGA,0,"[198, 327]",568,5,25,0.007033875677734613
2WVGA,0,"[198, 327]",568,5,26,0.0074630007147789
2WVGA,0,"[198, 327]",568,5,27,0.0073256418108940125
2WVGA,0,"[198, 327]",568,5,28,0.006703875958919525
2WVGA,0,"[198, 327]",568,5,29,0.007847358472645283
2WVGA,0,"[198, 327]",568,5,30,0.0069626085460186005
2WVGA,0,"[198, 327]",568,5,31,0.006760325748473406
2WVGA,0,"[198, 327]",568,5,32,0.006884099915623665
2WVGA,0,"[198, 327]",568,5,33,0.006745875813066959
2WVGA,0,"[198, 327]",568,5,34,0.006575671955943108
2WVGA,0,"[198, 327]",568,5,35,0.00652157049626112
2WVGA,0,"[198, 327]",568,5,36,0.00652586854994297
2WVGA,0,"[198, 327]",568,5,37,0.006582649890333414
2WVGA,0,"[198, 327]",568,5,38,0.00652404734864831
2WVGA,0,"[198, 327]",568,5,39,0.006640074774622917
2WVGA,0,"[198, 327]",568,5,40,0.006551062688231468
2WVGA,0,"[198, 327]",568,5,41,0.00699165603145957
2WVGA,0,"[198, 327]",568,5,42,0.007499305065721273
2WVGA,0,"[198, 327]",568,5,43,0.007038038689643145
2WVGA,0,"[198, 327]",568,5,44,0.0071417903527617455
2WVGA,0,"[198, 327]",568,5,45,0.007307671941816807
2WVGA,0,"[198, 327]",568,5,46,0.006734888534992933
2WVGA,0,"[198, 327]",568,5,47,0.006183322984725237
2WVGA,0,"[198, 327]",568,5,48,0.006436746101826429
2WVGA,0,"[198, 327]",568,5,49,0.005896977614611387
2WVGA,0,"[198, 327]",568,5,50,0.00539168156683445
2WVGA,0,"[198, 327]",568,5,51,0.005668223835527897
2WVGA,0,"[198, 327]",568,5,52,0.005717456806451082
2WVGA,0,"[198, 327]",568,5,53,0.005715199746191502
2WVGA,0,"[198, 327]",568,5,54,0.005822932347655296
2WVGA,0,"[198, 327]",568,5,55,0.005983349401503801
2WVGA,0,"[198, 327]",568,5,56,0.005410202778875828
2WVGA,0,"[198, 327]",568,5,57,0.00617578811943531
2WVGA,0,"[198, 327]",568,5,58,0.006325915921479464
2WVGA,0,"[198, 327]",568,5,59,0.006292678881436586
2WVGA,0,"[198, 327]",568,5,60,0.0066508143208920956
2WZVA,0,"[75, 188]",235,5,0,0.0056043085642158985
2WZVA,0,"[75, 188]",235,5,1,0.005982257425785065
2WZVA,0,"[75, 188]",235,5,2,0.005309293046593666
2WZVA,0,"[75, 188]",235,5,3,0.005546074826270342
2WZVA,0,"[75, 188]",235,5,4,0.0054207067005336285
2WZVA,0,"[75, 188]",235,5,5,0.005486911628395319
2WZVA,0,"[75, 188]",235,5,6,0.005386410281062126
2WZVA,0,"[75, 188]",235,5,7,0.00538207171484828
2WZVA,0,"[75, 188]",235,5,8,0.005317988805472851
2WZVA,0,"[75, 188]",235,5,9,0.005121385212987661
2WZVA,0,"[75, 188]",235,5,10,0.005094047170132399
2WZVA,0,"[75, 188]",235,5,11,0.005002500489354134
2WZVA,0,"[75, 188]",235,5,12,0.005431341473013163
2WZVA,0,"[75, 188]",235,5,13,0.004940202925354242
2WZVA,0,"[75, 188]",235,5,14,0.005582911428064108
2WZVA,0,"[75, 188]",235,5,15,0.008815404027700424
2WZVA,0,"[75, 188]",235,5,16,0.662632405757904
2WZVA,0,"[75, 188]",235,5,17,0.6313676834106445
2WZVA,0,"[75, 188]",235,5,18,0.7610933184623718
2WZVA,0,"[75, 188]",235,5,19,0.7790337800979614
2X3LA,0,"[85, 235]",446,5,0,0.005812573712319136
2X3LA,0,"[85, 235]",446,5,1,0.005815630313009024
2X3LA,0,"[85, 235]",446,5,2,0.005880956072360277
2X3LA,0,"[85, 235]",446,5,3,0.006482673808932304
2X3LA,0,"[85, 235]",446,5,4,0.0062415204010903835
2X3LA,0,"[85, 235]",446,5,5,0.008826532401144505
2X3LA,0,"[85, 235]",446,5,6,0.006039798725396395
2X3LA,0,"[85, 235]",446,5,7,0.00620768079534173
2X3LA,0,"[85, 235]",446,5,8,0.006887456867843866
2X3LA,0,"[85, 235]",446,5,9,0.0063528926111757755
2X3LA,0,"[85, 235]",446,5,10,0.006155163981020451
2X3LA,0,"[85, 235]",446,5,11,0.006227848585695028
2X3LA,0,"[85, 235]",446,5,12,0.00652855122461915
2X3LA,0,"[85, 235]",446,5,13,0.00577332079410553
2X3LA,0,"[85, 235]",446,5,14,0.006270242854952812
2X3LA,0,"[85, 235]",446,5,15,0.006271623075008392
2X3LA,0,"[85, 235]",446,5,16,0.0059030684642493725
2X3LA,0,"[85, 235]",446,5,17,0.0065086474642157555
2X3LA,0,"[85, 235]",446,5,18,0.006077238824218512
2X3LA,0,"[85, 235]",446,5,19,0.0061767082661390305
2X3LA,0,"[85, 235]",446,5,20,0.006290551275014877
2X3LA,0,"[85, 235]",446,5,21,0.007383907213807106
2X3LA,0,"[85, 235]",446,5,22,0.006483281496912241
2X3LA,0,"[85, 235]",446,5,23,0.006034876219928265
2X3LA,0,"[85, 235]",446,5,24,0.006596176419407129
2X3LA,0,"[85, 235]",446,5,25,0.006220052484422922
2X3LA,0,"[85, 235]",446,5,26,0.005970294121652842
2X3LA,0,"[85, 235]",446,5,27,0.006061253137886524
2X3LA,0,"[85, 235]",446,5,28,0.005810151342302561
2X3LA,0,"[85, 235]",446,5,29,0.005917625967413187
2X3LA,0,"[85, 235]",446,5,30,0.0058532292023301125
2X3LA,0,"[85, 235]",446,5,31,0.005576658062636852
2X3LA,0,"[85, 235]",446,5,32,0.0055761500261723995
2X3LA,0,"[85, 235]",446,5,33,0.005794021766632795
2X3LA,0,"[85, 235]",446,5,34,0.005689544603228569
2X3LA,0,"[85, 235]",446,5,35,0.00566484360024333
2X3LA,0,"[85, 235]",446,5,36,0.006080673076212406
2X3LA,0,"[85, 235]",446,5,37,0.005777066573500633
2X3LA,0,"[85, 235]",446,5,38,0.06596890836954117
2X3LA,0,"[85, 235]",446,5,39,0.12122960388660431
2X3LA,0,"[85, 235]",446,5,40,0.3246375620365143
2X3LA,0,"[85, 235]",446,5,41,0.34783071279525757
2X3LA,0,"[85, 235]",446,5,42,0.4086274802684784
2X3LA,0,"[85, 235]",446,5,43,0.2905999422073364
2X3LA,0,"[85, 235]",446,5,44,0.20164409279823303
2X3LA,0,"[85, 235]",446,5,45,0.15363094210624695
2X3LA,0,"[85, 235]",446,5,46,0.19664914906024933
2X3LA,0,"[85, 235]",446,5,47,0.17659275233745575
2X3LA,0,"[85, 235]",446,5,48,0.15405237674713135
2X3LA,0,"[85, 235]",446,5,49,0.27144160866737366
2X3LA,0,"[85, 235]",446,5,50,0.2463340163230896
2X3LA,0,"[85, 235]",446,5,51,0.25894680619239807
2X3LA,0,"[85, 235]",446,5,52,0.3455742597579956
2X3LA,0,"[85, 235]",446,5,53,0.37919604778289795
2X3LA,0,"[85, 235]",446,5,54,0.3144603371620178
2X3LA,0,"[85, 235]",446,5,55,0.286224365234375
2X3LA,0,"[85, 235]",446,5,56,0.2977871000766754
2X3LA,0,"[85, 235]",446,5,57,0.14240588247776031
2X3LA,0,"[85, 235]",446,5,58,0.12209008634090424
2X3LA,0,"[85, 235]",446,5,59,0.10771766304969788
2X3LA,0,"[85, 235]",446,5,60,0.11296000331640244
2XD3A,0,"[145, 280]",416,5,0,0.00675912806764245
2XD3A,0,"[145, 280]",416,5,1,0.006682709325104952
2XD3A,0,"[145, 280]",416,5,2,0.007122419308871031
2XD3A,0,"[145, 280]",416,5,3,0.0064627365209162235
2XD3A,0,"[145, 280]",416,5,4,0.007220129016786814
2XD3A,0,"[145, 280]",416,5,5,0.006269562989473343
2XD3A,0,"[145, 280]",416,5,6,0.006783583667129278
2XD3A,0,"[145, 280]",416,5,7,0.006243268493562937
2XD3A,0,"[145, 280]",416,5,8,0.006603853777050972
2XD3A,0,"[145, 280]",416,5,9,0.006786470301449299
2XD3A,0,"[145, 280]",416,5,10,0.006304965820163488
2XD3A,0,"[145, 280]",416,5,11,0.006441701203584671
2XD3A,0,"[145, 280]",416,5,12,0.006630075629800558
2XD3A,0,"[145, 280]",416,5,13,0.006815153639763594
2XD3A,0,"[145, 280]",416,5,14,0.006615373305976391
2XD3A,0,"[145, 280]",416,5,15,0.006637881975620985
2XD3A,0,"[145, 280]",416,5,16,0.006164439953863621
2XD3A,0,"[145, 280]",416,5,17,0.006085810251533985
2XD3A,0,"[145, 280]",416,5,18,0.0069591994397342205
2XD3A,0,"[145, 280]",416,5,19,0.0062781888991594315
2XD3A,0,"[145, 280]",416,5,20,0.005910423584282398
2XD3A,0,"[145, 280]",416,5,21,0.005919493734836578
2XD3A,0,"[145, 280]",416,5,22,0.00606416305527091
2XD3A,0,"[145, 280]",416,5,23,0.006638764403760433
2XD3A,0,"[145, 280]",416,5,24,0.006275537423789501
2XD3A,0,"[145, 280]",416,5,25,0.006630396004766226
2XD3A,0,"[145, 280]",416,5,26,0.006286115385591984
2XD3A,0,"[145, 280]",416,5,27,0.006558150984346867
2XD3A,0,"[145, 280]",416,5,28,0.0056421491317451
2XD3A,0,"[145, 280]",416,5,29,0.005812171846628189
2XD3A,0,"[145, 280]",416,5,30,0.00568420859053731
2XD3A,0,"[145, 280]",416,5,31,0.0057465992867946625
2XD3A,0,"[145, 280]",416,5,32,0.005672442726790905
2XD3A,0,"[145, 280]",416,5,33,0.006639376282691956
2XD3A,0,"[145, 280]",416,5,34,0.005842177662998438
2XD3A,0,"[145, 280]",416,5,35,0.006220367271453142
2XD3A,0,"[145, 280]",416,5,36,0.007789456285536289
2XD3A,0,"[145, 280]",416,5,37,0.006565507967025042
2XD3A,0,"[145, 280]",416,5,38,1.0705419778823853
2XD3A,0,"[145, 280]",416,5,39,1.0887624025344849
2XD3A,0,"[145, 280]",416,5,40,1.082120656967163
2XD3A,0,"[145, 280]",416,5,41,1.0742175579071045
2XD3A,0,"[145, 280]",416,5,42,1.0663930177688599
2XD3A,0,"[145, 280]",416,5,43,1.0743399858474731
2YHWA,0,"[161, 288]",343,5,0,0.008875678293406963
2YHWA,0,"[161, 288]",343,5,1,0.006457692943513393
2YHWA,0,"[161, 288]",343,5,2,0.009826699271798134
2YHWA,0,"[161, 288]",343,5,3,0.009446387179195881
2YHWA,0,"[161, 288]",343,5,4,0.01071139331907034
2YHWA,0,"[161, 288]",343,5,5,0.009670534171164036
2YHWA,0,"[161, 288]",343,5,6,0.010555735789239407
2YHWA,0,"[161, 288]",343,5,7,0.010048426687717438
2YHWA,0,"[161, 288]",343,5,8,0.010322090238332748
2YHWA,0,"[161, 288]",343,5,9,0.010948188602924347
2YHWA,0,"[161, 288]",343,5,10,0.011852288618683815
2YHWA,0,"[161, 288]",343,5,11,0.012350390665233135
2YHWA,0,"[161, 288]",343,5,12,0.00903781596571207
2YHWA,0,"[161, 288]",343,5,13,0.006425005383789539
2YHWA,0,"[161, 288]",343,5,14,0.007892661727964878
2YHWA,0,"[161, 288]",343,5,15,0.008691090159118176
2YHWA,0,"[161, 288]",343,5,16,0.007411967031657696
2YHWA,0,"[161, 288]",343,5,17,0.006948677822947502
2YHWA,0,"[161, 288]",343,5,18,0.00711708003655076
2YHWA,0,"[161, 288]",343,5,19,0.006679553538560867
2YHWA,0,"[161, 288]",343,5,20,0.0070649078115820885
2YHWA,0,"[161, 288]",343,5,21,0.00677416380494833
2YHWA,0,"[161, 288]",343,5,22,0.006412450224161148
2YHWA,0,"[161, 288]",343,5,23,0.006631583906710148
2YHWA,0,"[161, 288]",343,5,24,0.006539530120790005
2YHWA,0,"[161, 288]",343,5,25,0.006751222535967827
2YHWA,0,"[161, 288]",343,5,26,0.006592629011720419
2YHWA,0,"[161, 288]",343,5,27,0.007573028095066547
2YHWA,0,"[161, 288]",343,5,28,0.007674228399991989
2YHWA,0,"[161, 288]",343,5,29,0.007977407425642014
2YHWA,0,"[161, 288]",343,5,30,0.007580924313515425
2YHWA,0,"[161, 288]",343,5,31,0.3180692791938782
2YHWA,0,"[161, 288]",343,5,32,0.7123356461524963
2YHWA,0,"[161, 288]",343,5,33,1.0010801553726196
2YHWA,0,"[161, 288]",343,5,34,1.0222079753875732
2YHWA,0,"[161, 288]",343,5,35,1.0285699367523193
2YHWA,0,"[161, 288]",343,5,36,1.0156837701797485
2YHWA,0,"[161, 288]",343,5,37,1.0539594888687134
2YHWA,0,"[161, 288]",343,5,38,1.0733975172042847
2YHWA,0,"[161, 288]",343,5,39,1.0565460920333862
2YHWA,0,"[161, 288]",343,5,40,1.064241647720337
2YHWA,0,"[161, 288]",343,5,41,1.0708369016647339
2YHWA,0,"[161, 288]",343,5,42,1.0785560607910156
2YHWA,0,"[161, 288]",343,5,43,1.0769463777542114
2YHWA,0,"[161, 288]",343,5,44,1.0800247192382812
2YHWA,0,"[161, 288]",343,5,45,1.0671900510787964
2YHWA,0,"[161, 288]",343,5,46,1.0743860006332397
2YHWA,0,"[161, 288]",343,5,47,1.0709551572799683
2YHWA,0,"[161, 288]",343,5,48,1.0714919567108154
2YHWA,0,"[161, 288]",343,5,49,1.0766446590423584
2YHWA,0,"[161, 288]",343,5,50,1.0874478816986084
2YHWA,0,"[161, 288]",343,5,51,1.0967172384262085
2YHWA,0,"[161, 288]",343,5,52,1.093576431274414
2YHWA,0,"[161, 288]",343,5,53,1.0850489139556885
2YHWA,0,"[161, 288]",343,5,54,1.0892081260681152
2YHWA,0,"[161, 288]",343,5,55,1.0788602828979492
2YHWA,0,"[161, 288]",343,5,56,1.0692068338394165
2YHWA,0,"[161, 288]",343,5,57,1.0777509212493896
2YHWA,0,"[161, 288]",343,5,58,1.0649397373199463
2YHWA,0,"[161, 288]",343,5,59,1.0713109970092773
2YHWA,0,"[161, 288]",343,5,60,1.0620466470718384
2YXZA,0,"[154, 262]",311,5,0,0.006907288916409016
2YXZA,0,"[154, 262]",311,5,1,0.006853711791336536
2YXZA,0,"[154, 262]",311,5,2,0.006654262077063322
2YXZA,0,"[154, 262]",311,5,3,0.006171390414237976
2YXZA,0,"[154, 262]",311,5,4,0.005891436245292425
2YXZA,0,"[154, 262]",311,5,5,0.00606594467535615
2YXZA,0,"[154, 262]",311,5,6,0.006507699377834797
2YXZA,0,"[154, 262]",311,5,7,0.006603685673326254
2YXZA,0,"[154, 262]",311,5,8,0.008173351176083088
2YXZA,0,"[154, 262]",311,5,9,0.008330872282385826
2YXZA,0,"[154, 262]",311,5,10,0.006550193764269352
2YXZA,0,"[154, 262]",311,5,11,0.00696130096912384
2YXZA,0,"[154, 262]",311,5,12,0.007496187929064035
2YXZA,0,"[154, 262]",311,5,13,0.006373864598572254
2YXZA,0,"[154, 262]",311,5,14,0.006643813569098711
2YXZA,0,"[154, 262]",311,5,15,0.005848438013345003
2YXZA,0,"[154, 262]",311,5,16,0.006421852856874466
2YXZA,0,"[154, 262]",311,5,17,0.006826729979366064
2YXZA,0,"[154, 262]",311,5,18,0.005721287801861763
2YXZA,0,"[154, 262]",311,5,19,0.005660633556544781
2YXZA,0,"[154, 262]",311,5,20,0.0056284163147211075
2YXZA,0,"[154, 262]",311,5,21,0.005583459045737982
2YXZA,0,"[154, 262]",311,5,22,0.005429408513009548
2YXZA,0,"[154, 262]",311,5,23,0.005584695376455784
2YXZA,0,"[154, 262]",311,5,24,0.007694186642765999
2YXZA,0,"[154, 262]",311,5,25,0.007218512706458569
2YXZA,0,"[154, 262]",311,5,26,0.006168762221932411
2YXZA,0,"[154, 262]",311,5,27,0.00899489689618349
2YXZA,0,"[154, 262]",311,5,28,0.00664933118969202
2YXZA,0,"[154, 262]",311,5,29,1.0804126262664795
2YXZA,0,"[154, 262]",311,5,30,1.0808861255645752
2YXZA,0,"[154, 262]",311,5,31,1.078613519668579
3AXBA,0,"[27, 246]",448,5,0,0.007115383166819811
3AXBA,0,"[27, 246]",448,5,1,0.007042416371405125
3AXBA,0,"[27, 246]",448,5,2,0.0065892525017261505
3AXBA,0,"[27, 246]",448,5,3,0.007058430928736925
3AXBA,0,"[27, 246]",448,5,4,0.006667948327958584
3AXBA,0,"[27, 246]",448,5,5,0.00720352865755558
3AXBA,0,"[27, 246]",448,5,6,0.007392497733235359
3AXBA,0,"[27, 246]",448,5,7,0.00624244986101985
3AXBA,0,"[27, 246]",448,5,8,0.006392242386937141
3AXBA,0,"[27, 246]",448,5,9,0.005924323108047247
3AXBA,0,"[27, 246]",448,5,10,0.005703255534172058
3AXBA,0,"[27, 246]",448,5,11,0.005840223748236895
3AXBA,0,"[27, 246]",448,5,12,0.005841663107275963
3AXBA,0,"[27, 246]",448,5,13,0.006009517703205347
3AXBA,0,"[27, 246]",448,5,14,0.005759157240390778
3AXBA,0,"[27, 246]",448,5,15,0.006049604620784521
3AXBA,0,"[27, 246]",448,5,16,0.006409860216081142
3AXBA,0,"[27, 246]",448,5,17,0.006507051642984152
3AXBA,0,"[27, 246]",448,5,18,0.007255095522850752
3AXBA,0,"[27, 246]",448,5,19,0.006664307788014412
3AXBA,0,"[27, 246]",448,5,20,0.007057583425194025
3AXBA,0,"[27, 246]",448,5,21,0.007077937480062246
3AXBA,0,"[27, 246]",448,5,22,0.0068999845534563065
3AXBA,0,"[27, 246]",448,5,23,0.007069835439324379
3AXBA,0,"[27, 246]",448,5,24,0.007225526962429285
3AXBA,0,"[27, 246]",448,5,25,0.007399185094982386
3AXBA,0,"[27, 246]",448,5,26,0.0076021961867809296
3AXBA,0,"[27, 246]",448,5,27,0.007524123881012201
3AXBA,0,"[27, 246]",448,5,28,0.007699658628553152
3AXBA,0,"[27, 246]",448,5,29,0.007694674655795097
3AXBA,0,"[27, 246]",448,5,30,0.007425537798553705
3AXBA,0,"[27, 246]",448,5,31,0.0069236550480127335
3AXBA,0,"[27, 246]",448,5,32,0.006745473016053438
3AXBA,0,"[27, 246]",448,5,33,0.006408279296010733
3AXBA,0,"[27, 246]",448,5,34,0.006604641675949097
3AXBA,0,"[27, 246]",448,5,35,0.006827018689364195
3AXBA,0,"[27, 246]",448,5,36,0.007294182199984789
3AXBA,0,"[27, 246]",448,5,37,0.007988730445504189
3AXBA,0,"[27, 246]",448,5,38,0.007494994439184666
3AXBA,0,"[27, 246]",448,5,39,0.006935317534953356
3AXBA,0,"[27, 246]",448,5,40,0.007621713448315859
3AXBA,0,"[27, 246]",448,5,41,0.5414737462997437
3AXBA,0,"[27, 246]",448,5,42,0.5431181788444519
3AXBA,0,"[27, 246]",448,5,43,0.5415303111076355
3BF5A,0,"[24, 144]",306,5,0,0.007747819181531668
3BF5A,0,"[24, 144]",306,5,1,0.00801002699881792
3BF5A,0,"[24, 144]",306,5,2,0.006790991872549057
3BF5A,0,"[24, 144]",306,5,3,0.007227404974400997
3BF5A,0,"[24, 144]",306,5,4,0.007119080051779747
3BF5A,0,"[24, 144]",306,5,5,0.008075195364654064
3BF5A,0,"[24, 144]",306,5,6,0.008445799350738525
3BF5A,0,"[24, 144]",306,5,7,0.010115287266671658
3BF5A,0,"[24, 144]",306,5,8,0.009325608611106873
3BF5A,0,"[24, 144]",306,5,9,0.012991594150662422
3BF5A,0,"[24, 144]",306,5,10,0.007507523521780968
3BF5A,0,"[24, 144]",306,5,11,0.007809676229953766
3BF5A,0,"[24, 144]",306,5,12,0.009077072143554688
3BF5A,0,"[24, 144]",306,5,13,0.008411562070250511
3BF5A,0,"[24, 144]",306,5,14,0.010262868367135525
3BF5A,0,"[24, 144]",306,5,15,0.008558865636587143
3BF5A,0,"[24, 144]",306,5,16,0.009376701898872852
3BF5A,0,"[24, 144]",306,5,17,0.009325019083917141
3BF5A,0,"[24, 144]",306,5,18,0.009297551587224007
3BF5A,0,"[24, 144]",306,5,19,0.008823664858937263
3BF5A,0,"[24, 144]",306,5,20,0.009294095449149609
3BF5A,0,"[24, 144]",306,5,21,0.009483377449214458
3BF5A,0,"[24, 144]",306,5,22,0.006692192051559687
3BF5A,0,"[24, 144]",306,5,23,0.010223456658422947
3BF5A,0,"[24, 144]",306,5,24,0.011858506128191948
3BF5A,0,"[24, 144]",306,5,25,0.01179497316479683
3BF5A,0,"[24, 144]",306,5,26,0.011632267385721207
3BF5A,0,"[24, 144]",306,5,27,0.011978031136095524
3BF5A,0,"[24, 144]",306,5,28,0.011840215884149075
3BF5A,0,"[24, 144]",306,5,29,0.011057130992412567
3BF5A,0,"[24, 144]",306,5,30,0.011160596273839474
3BF5A,0,"[24, 144]",306,5,31,0.01176359225064516
3BF5A,0,"[24, 144]",306,5,32,0.011284131556749344
3BF5A,0,"[24, 144]",306,5,33,0.010779145173728466
3BF5A,0,"[24, 144]",306,5,34,0.010723977349698544
3BF5A,0,"[24, 144]",306,5,35,0.010673665441572666
3BF5A,0,"[24, 144]",306,5,36,0.010782393626868725
3BF5A,0,"[24, 144]",306,5,37,0.010649513453245163
3BF5A,0,"[24, 144]",306,5,38,0.010719064623117447
3BF5A,0,"[24, 144]",306,5,39,0.010747570544481277
3BF5A,0,"[24, 144]",306,5,40,0.011232579126954079
3BF5A,0,"[24, 144]",306,5,41,0.011737591587007046
3BF5A,0,"[24, 144]",306,5,42,0.011649270541965961
3BF5A,0,"[24, 144]",306,5,43,0.011431246995925903
3BF5A,0,"[24, 144]",306,5,44,0.011386674828827381
3BF5A,0,"[24, 144]",306,5,45,0.010519043542444706
3BF5A,0,"[24, 144]",306,5,46,0.010773150250315666
3BF5A,0,"[24, 144]",306,5,47,0.01066324021667242
3BF5A,0,"[24, 144]",306,5,48,0.010661900043487549
3BF5A,0,"[24, 144]",306,5,49,0.010504033416509628
3BF5A,0,"[24, 144]",306,5,50,0.010349233634769917
3BF5A,0,"[24, 144]",306,5,51,0.009897051379084587
3BF5A,0,"[24, 144]",306,5,52,0.009890926070511341
3BF5A,0,"[24, 144]",306,5,53,0.009927768260240555
3BF5A,0,"[24, 144]",306,5,54,0.009828670881688595
3BF5A,0,"[24, 144]",306,5,55,0.009125490672886372
3BF5A,0,"[24, 144]",306,5,56,0.009086361154913902
3BF5A,0,"[24, 144]",306,5,57,0.009012707509100437
3BF5A,0,"[24, 144]",306,5,58,0.009846647270023823
3BF5A,0,"[24, 144]",306,5,59,0.012100262567400932
3BF5A,0,"[24, 144]",306,5,60,0.013861618004739285
3BS6A,0,"[121, 250]",280,5,0,0.005946711637079716
3BS6A,0,"[121, 250]",280,5,1,0.006443079095333815
3BS6A,0,"[121, 250]",280,5,2,0.005439356900751591
3BS6A,0,"[121, 250]",280,5,3,0.005431494675576687
3BS6A,0,"[121, 250]",280,5,4,0.005145381670445204
3BS6A,0,"[121, 250]",280,5,5,0.005190791096538305
3BS6A,0,"[121, 250]",280,5,6,0.005078879185020924
3BS6A,0,"[121, 250]",280,5,7,0.005012699402868748
3BS6A,0,"[121, 250]",280,5,8,0.00463961623609066
3BS6A,0,"[121, 250]",280,5,9,0.0045659709721803665
3BS6A,0,"[121, 250]",280,5,10,0.00475664995610714
3BS6A,0,"[121, 250]",280,5,11,0.004756627604365349
3BS6A,0,"[121, 250]",280,5,12,0.004683592356741428
3BS6A,0,"[121, 250]",280,5,13,0.004660189617425203
3BS6A,0,"[121, 250]",280,5,14,0.005184459500014782
3BS6A,0,"[121, 250]",280,5,15,0.005041239783167839
3BS6A,0,"[121, 250]",280,5,16,0.004540322348475456
3BS6A,0,"[121, 250]",280,5,17,0.004461404401808977
3BS6A,0,"[121, 250]",280,5,18,0.0045548384077847
3BS6A,0,"[121, 250]",280,5,19,0.005096877459436655
3BS6A,0,"[121, 250]",280,5,20,0.0046738204546272755
3BS6A,0,"[121, 250]",280,5,21,0.00576285133138299
3BS6A,0,"[121, 250]",280,5,22,0.023457197472453117
3BS6A,0,"[121, 250]",280,5,23,0.009201297536492348
3BS6A,0,"[121, 250]",280,5,24,0.009837721474468708
3BS6A,0,"[121, 250]",280,5,25,0.010319258086383343
3BS6A,0,"[121, 250]",280,5,26,0.010119011625647545
3BS6A,0,"[121, 250]",280,5,27,0.010012955404818058
3BS6A,0,"[121, 250]",280,5,28,0.01006253995001316
3BS6A,0,"[121, 250]",280,5,29,0.01044919528067112
3BS6A,0,"[121, 250]",280,5,30,0.010673211887478828
3BS6A,0,"[121, 250]",280,5,31,0.0106699513271451
3BS6A,0,"[121, 250]",280,5,32,0.014426250010728836
3BS6A,0,"[121, 250]",280,5,33,0.014167077839374542
3BS6A,0,"[121, 250]",280,5,34,0.01379797887057066
3BS6A,0,"[121, 250]",280,5,35,0.012965167872607708
3BS6A,0,"[121, 250]",280,5,36,0.01184688787907362
3BS6A,0,"[121, 250]",280,5,37,0.012022935785353184
3BS6A,0,"[121, 250]",280,5,38,0.010891713201999664
3BS6A,0,"[121, 250]",280,5,39,0.01073644682765007
3BS6A,0,"[121, 250]",280,5,40,0.01144237257540226
3BS6A,0,"[121, 250]",280,5,41,0.009987304918467999
3BS6A,0,"[121, 250]",280,5,42,0.012256124056875706
3BS6A,0,"[121, 250]",280,5,43,0.010240291245281696
3BS6A,0,"[121, 250]",280,5,44,0.009375009685754776
3BS6A,0,"[121, 250]",280,5,45,0.008951754309237003
3BS6A,0,"[121, 250]",280,5,46,0.013753644190728664
3BS6A,0,"[121, 250]",280,5,47,0.010500163771212101
3BS6A,0,"[121, 250]",280,5,48,0.013548312708735466
3BS6A,0,"[121, 250]",280,5,49,0.013863403350114822
3BS6A,0,"[121, 250]",280,5,50,0.016931161284446716
3BS6A,0,"[121, 250]",280,5,51,0.013600492849946022
3BS6A,0,"[121, 250]",280,5,52,0.013116205111145973
3BS6A,0,"[121, 250]",280,5,53,0.012590575031936169
3BS6A,0,"[121, 250]",280,5,54,0.012264840304851532
3BS6A,0,"[121, 250]",280,5,55,0.010482382029294968
3BS6A,0,"[121, 250]",280,5,56,0.010458806529641151
3BS6A,0,"[121, 250]",280,5,57,0.010467237792909145
3BS6A,0,"[121, 250]",280,5,58,0.010724772699177265
3BS6A,0,"[121, 250]",280,5,59,0.010124728083610535
3BS6A,0,"[121, 250]",280,5,60,0.009941388852894306
3BWXA,0,"[125, 231]",285,5,0,0.008761442266404629
3BWXA,0,"[125, 231]",285,5,1,0.005124983843415976
3BWXA,0,"[125, 231]",285,5,2,0.004557304549962282
3BWXA,0,"[125, 231]",285,5,3,0.005834289826452732
3BWXA,0,"[125, 231]",285,5,4,0.005551595240831375
3BWXA,0,"[125, 231]",285,5,5,0.007109419442713261
3BWXA,0,"[125, 231]",285,5,6,0.006921006366610527
3BWXA,0,"[125, 231]",285,5,7,0.00589059479534626
3BWXA,0,"[125, 231]",285,5,8,0.006748232990503311
3BWXA,0,"[125, 231]",285,5,9,0.006301745306700468
3BWXA,0,"[125, 231]",285,5,10,0.007140805013477802
3BWXA,0,"[125, 231]",285,5,11,0.007581498473882675
3BWXA,0,"[125, 231]",285,5,12,0.006359716411679983
3BWXA,0,"[125, 231]",285,5,13,0.006854688748717308
3BWXA,0,"[125, 231]",285,5,14,0.004319081082940102
3BWXA,0,"[125, 231]",285,5,15,0.005675806663930416
3BWXA,0,"[125, 231]",285,5,16,0.006192974746227264
3BWXA,0,"[125, 231]",285,5,17,0.006414512172341347
3BWXA,0,"[125, 231]",285,5,18,0.006538687273859978
3BWXA,0,"[125, 231]",285,5,19,0.0067211720161139965
3BWXA,0,"[125, 231]",285,5,20,0.006310722324997187
3BWXA,0,"[125, 231]",285,5,21,0.007136847823858261
3BWXA,0,"[125, 231]",285,5,22,0.8024591207504272
3BWXA,0,"[125, 231]",285,5,23,0.8196952939033508
3BWXA,0,"[125, 231]",285,5,24,0.8299484848976135
3BWXA,0,"[125, 231]",285,5,25,0.8142816424369812
3BWXA,0,"[125, 231]",285,5,26,0.8099091053009033
3BWXA,0,"[125, 231]",285,5,27,0.8428522944450378
3C8MA,0,"[171, 294]",331,5,0,0.007345228921622038
3C8MA,0,"[171, 294]",331,5,1,0.006987825967371464
3C8MA,0,"[171, 294]",331,5,2,0.00545905577018857
3C8MA,0,"[171, 294]",331,5,3,0.005839006509631872
3C8MA,0,"[171, 294]",331,5,4,0.005823677871376276
3C8MA,0,"[171, 294]",331,5,5,0.004675690550357103
3C8MA,0,"[171, 294]",331,5,6,0.005341327283531427
3C8MA,0,"[171, 294]",331,5,7,0.005973419174551964
3C8MA,0,"[171, 294]",331,5,8,0.005278005730360746
3C8MA,0,"[171, 294]",331,5,9,0.0058656190522015095
3C8MA,0,"[171, 294]",331,5,10,0.005987394601106644
3C8MA,0,"[171, 294]",331,5,11,0.005975566804409027
3C8MA,0,"[171, 294]",331,5,12,0.005892161745578051
3C8MA,0,"[171, 294]",331,5,13,0.005977368447929621
3C8MA,0,"[171, 294]",331,5,14,0.006094506476074457
3C8MA,0,"[171, 294]",331,5,15,0.005878939758986235
3C8MA,0,"[171, 294]",331,5,16,0.005921585485339165
3C8MA,0,"[171, 294]",331,5,17,0.0059217484667897224
3C8MA,0,"[171, 294]",331,5,18,0.005847501568496227
3C8MA,0,"[171, 294]",331,5,19,0.005652309395372868
3C8MA,0,"[171, 294]",331,5,20,0.005964269395917654
3C8MA,0,"[171, 294]",331,5,21,0.005690953694283962
3C8MA,0,"[171, 294]",331,5,22,0.00590154342353344
3C8MA,0,"[171, 294]",331,5,23,0.006140232551842928
3C8MA,0,"[171, 294]",331,5,24,0.006053125485777855
3C8MA,0,"[171, 294]",331,5,25,0.006250474601984024
3C8MA,0,"[171, 294]",331,5,26,0.0071290419436991215
3C8MA,0,"[171, 294]",331,5,27,0.007176925428211689
3C8MA,0,"[171, 294]",331,5,28,0.006185384001582861
3C8MA,0,"[171, 294]",331,5,29,0.009897266514599323
3C8MA,0,"[171, 294]",331,5,30,0.011597316712141037
3C8MA,0,"[171, 294]",331,5,31,0.011535788886249065
3C8MA,0,"[171, 294]",331,5,32,0.011475064791738987
3C8MA,0,"[171, 294]",331,5,33,0.011377372778952122
3C8MA,0,"[171, 294]",331,5,34,0.011184745468199253
3C8MA,0,"[171, 294]",331,5,35,0.011380281299352646
3C8MA,0,"[171, 294]",331,5,36,0.01143125630915165
3C8MA,0,"[171, 294]",331,5,37,0.010967563837766647
3C8MA,0,"[171, 294]",331,5,38,0.011315744370222092
3C8MA,0,"[171, 294]",331,5,39,0.011068584397435188
3C8MA,0,"[171, 294]",331,5,40,0.011993243359029293
3C8MA,0,"[171, 294]",331,5,41,0.012402383610606194
3C8MA,0,"[171, 294]",331,5,42,0.012062618508934975
3C8MA,0,"[171, 294]",331,5,43,0.01316955778747797
3C8MA,0,"[171, 294]",331,5,44,0.013275529257953167
3C8MA,0,"[171, 294]",331,5,45,0.01155249122530222
3C8MA,0,"[171, 294]",331,5,46,0.011970660649240017
3C8MA,0,"[171, 294]",331,5,47,0.012581140734255314
3C8MA,0,"[171, 294]",331,5,48,0.012955429963767529
3C8MA,0,"[171, 294]",331,5,49,0.25159770250320435
3C8MA,0,"[171, 294]",331,5,50,0.3659447729587555
3C8MA,0,"[171, 294]",331,5,51,0.01406725775450468
3C8MA,0,"[171, 294]",331,5,52,0.012371684424579144
3C8MA,0,"[171, 294]",331,5,53,0.011584624648094177
3C8MA,0,"[171, 294]",331,5,54,0.01147293858230114
3C8MA,0,"[171, 294]",331,5,55,0.011173535138368607
3C8MA,0,"[171, 294]",331,5,56,0.011869264766573906
3C8MA,0,"[171, 294]",331,5,57,0.012403172440826893
3C8MA,0,"[171, 294]",331,5,58,0.011400210671126842
3C8MA,0,"[171, 294]",331,5,59,0.011472187936306
3C8MA,0,"[171, 294]",331,5,60,0.011348075233399868
3C96A,0,"[19, 330]",410,5,0,0.006007930729538202
3C96A,0,"[19, 330]",410,5,1,0.0070211440324783325
3C96A,0,"[19, 330]",410,5,2,0.006656883284449577
3C96A,0,"[19, 330]",410,5,3,0.006742215249687433
3C96A,0,"[19, 330]",410,5,4,0.006733992602676153
3C96A,0,"[19, 330]",410,5,5,0.006219131406396627
3C96A,0,"[19, 330]",410,5,6,0.005021317861974239
3C96A,0,"[19, 330]",410,5,7,0.00580838555470109
3C96A,0,"[19, 330]",410,5,8,0.0057991002686321735
3C96A,0,"[19, 330]",410,5,9,0.005607988685369492
3C96A,0,"[19, 330]",410,5,10,0.005804798565804958
3C96A,0,"[19, 330]",410,5,11,0.005888193845748901
3C96A,0,"[19, 330]",410,5,12,0.005677299574017525
3C96A,0,"[19, 330]",410,5,13,0.007981893606483936
3C96A,0,"[19, 330]",410,5,14,0.00553459208458662
3C96A,0,"[19, 330]",410,5,15,0.005478780250996351
3C96A,0,"[19, 330]",410,5,16,0.005602887831628323
3C96A,0,"[19, 330]",410,5,17,0.005925151519477367
3C96A,0,"[19, 330]",410,5,18,0.005520031321793795
3C96A,0,"[19, 330]",410,5,19,0.006056332960724831
3C96A,0,"[19, 330]",410,5,20,0.0059533026069402695
3C96A,0,"[19, 330]",410,5,21,0.0063348496332764626
3C96A,0,"[19, 330]",410,5,22,0.007729215081781149
3C96A,0,"[19, 330]",410,5,23,0.007060125935822725
3C96A,0,"[19, 330]",410,5,24,0.00678196270018816
3C96A,0,"[19, 330]",410,5,25,0.006695801857858896
3C96A,0,"[19, 330]",410,5,26,0.005942899733781815
3C96A,0,"[19, 330]",410,5,27,0.0055024223402142525
3C96A,0,"[19, 330]",410,5,28,0.005726487375795841
3C96A,0,"[19, 330]",410,5,29,0.00451524555683136
3C96A,0,"[19, 330]",410,5,30,0.005357244051992893
3C96A,0,"[19, 330]",410,5,31,0.004857340827584267
3C96A,0,"[19, 330]",410,5,32,0.005048320163041353
3C96A,0,"[19, 330]",410,5,33,0.004647590685635805
3C96A,0,"[19, 330]",410,5,34,0.004674926400184631
3C96A,0,"[19, 330]",410,5,35,0.005034299101680517
3C96A,0,"[19, 330]",410,5,36,0.00463417312130332
3C96A,0,"[19, 330]",410,5,37,0.0050884149968624115
3C96A,0,"[19, 330]",410,5,38,0.005260350648313761
3C96A,0,"[19, 330]",410,5,39,0.0052453745156526566
3C96A,0,"[19, 330]",410,5,40,0.005605742335319519
3C96A,0,"[19, 330]",410,5,41,0.005663679912686348
3C96A,0,"[19, 330]",410,5,42,0.005936305969953537
3C96A,0,"[19, 330]",410,5,43,0.005904217716306448
3C96A,0,"[19, 330]",410,5,44,0.0055383979342877865
3C96A,0,"[19, 330]",410,5,45,0.005802897270768881
3C96A,0,"[19, 330]",410,5,46,0.006218441296368837
3C96A,0,"[19, 330]",410,5,47,0.006437609903514385
3C96A,0,"[19, 330]",410,5,48,0.005276613403111696
3C96A,0,"[19, 330]",410,5,49,0.8065921664237976
3C96A,0,"[19, 330]",410,5,50,0.8112505674362183
3C96A,0,"[19, 330]",410,5,51,0.8211398124694824
3C9UA,0,"[187, 301]",342,5,0,0.0081213703379035
3C9UA,0,"[187, 301]",342,5,1,0.00819318275898695
3C9UA,0,"[187, 301]",342,5,2,0.008424434810876846
3C9UA,0,"[187, 301]",342,5,3,0.008626612834632397
3C9UA,0,"[187, 301]",342,5,4,0.0077188811264932156
3C9UA,0,"[187, 301]",342,5,5,0.008347468450665474
3C9UA,0,"[187, 301]",342,5,6,0.008435004390776157
3C9UA,0,"[187, 301]",342,5,7,0.007966803386807442
3C9UA,0,"[187, 301]",342,5,8,0.00852328073233366
3C9UA,0,"[187, 301]",342,5,9,0.008231524378061295
3C9UA,0,"[187, 301]",342,5,10,0.009472314268350601
3C9UA,0,"[187, 301]",342,5,11,0.008753499947488308
3C9UA,0,"[187, 301]",342,5,12,0.00881104450672865
3C9UA,0,"[187, 301]",342,5,13,0.007476147264242172
3C9UA,0,"[187, 301]",342,5,14,0.00808007549494505
3C9UA,0,"[187, 301]",342,5,15,0.007809437811374664
3C9UA,0,"[187, 301]",342,5,16,0.008083444088697433
3C9UA,0,"[187, 301]",342,5,17,0.006576942279934883
3C9UA,0,"[187, 301]",342,5,18,0.006667047273367643
3C9UA,0,"[187, 301]",342,5,19,0.006418200209736824
3C9UA,0,"[187, 301]",342,5,20,0.006585563067346811
3C9UA,0,"[187, 301]",342,5,21,0.007443143054842949
3C9UA,0,"[187, 301]",342,5,22,0.008380318991839886
3C9UA,0,"[187, 301]",342,5,23,0.00780180748552084
3C9UA,0,"[187, 301]",342,5,24,0.009317946620285511
3C9UA,0,"[187, 301]",342,5,25,0.009097701869904995
3C9UA,0,"[187, 301]",342,5,26,0.009475399740040302
3C9UA,0,"[187, 301]",342,5,27,1.1868208646774292
3C9UA,0,"[187, 301]",342,5,28,1.1757729053497314
3C9UA,0,"[187, 301]",342,5,29,1.1604986190795898
3C9UA,0,"[187, 301]",342,5,30,1.1960185766220093
3C9UA,0,"[187, 301]",342,5,31,1.223803162574768
3CJMA,0,"[53, 249]",282,5,0,0.006380826700478792
3CJMA,0,"[53, 249]",282,5,1,0.006074963137507439
3CJMA,0,"[53, 249]",282,5,2,0.005739545449614525
3CJMA,0,"[53, 249]",282,5,3,0.0055361720733344555
3CJMA,0,"[53, 249]",282,5,4,0.006036384031176567
3CJMA,0,"[53, 249]",282,5,5,0.0058097438886761665
3CJMA,0,"[53, 249]",282,5,6,0.005318863783031702
3CJMA,0,"[53, 249]",282,5,7,0.0055826022289693356
3CJMA,0,"[53, 249]",282,5,8,0.005766185000538826
3CJMA,0,"[53, 249]",282,5,9,0.005717436783015728
3CJMA,0,"[53, 249]",282,5,10,0.005742671433836222
3CJMA,0,"[53, 249]",282,5,11,0.005846124608069658
3CJMA,0,"[53, 249]",282,5,12,0.004750703927129507
3CJMA,0,"[53, 249]",282,5,13,0.004947477485984564
3CJMA,0,"[53, 249]",282,5,14,0.005020467098802328
3CJMA,0,"[53, 249]",282,5,15,0.00596005329862237
3CJMA,0,"[53, 249]",282,5,16,0.0062228115275502205
3CJMA,0,"[53, 249]",282,5,17,0.9338842034339905
3CJMA,0,"[53, 249]",282,5,18,0.8963510990142822
3CJMA,0,"[53, 249]",282,5,19,0.880569577217102
3CKCA,0,"[224, 420]",527,5,0,0.006503196898847818
3CKCA,0,"[224, 420]",527,5,1,0.005609717685729265
3CKCA,0,"[224, 420]",527,5,2,0.006359696853905916
3CKCA,0,"[224, 420]",527,5,3,0.006041844375431538
3CKCA,0,"[224, 420]",527,5,4,0.006013412494212389
3CKCA,0,"[224, 420]",527,5,5,0.005861001089215279
3CKCA,0,"[224, 420]",527,5,6,0.006226885132491589
3CKCA,0,"[224, 420]",527,5,7,0.006014415994286537
3CKCA,0,"[224, 420]",527,5,8,0.006219441536813974
3CKCA,0,"[224, 420]",527,5,9,0.007291820365935564
3CKCA,0,"[224, 420]",527,5,10,0.005814193282276392
3CKCA,0,"[224, 420]",527,5,11,0.0056655509397387505
3CKCA,0,"[224, 420]",527,5,12,0.005825414787977934
3CKCA,0,"[224, 420]",527,5,13,0.005878279451280832
3CKCA,0,"[224, 420]",527,5,14,0.005833765026181936
3CKCA,0,"[224, 420]",527,5,15,0.005794144701212645
3CKCA,0,"[224, 420]",527,5,16,0.005860168486833572
3CKCA,0,"[224, 420]",527,5,17,0.005659670569002628
3CKCA,0,"[224, 420]",527,5,18,0.0058830720372498035
3CKCA,0,"[224, 420]",527,5,19,0.007445323280990124
3CKCA,0,"[224, 420]",527,5,20,0.006802929099649191
3CKCA,0,"[224, 420]",527,5,21,0.0072821080684661865
3CKCA,0,"[224, 420]",527,5,22,0.007151212077587843
3CKCA,0,"[224, 420]",527,5,23,0.006980589125305414
3CKCA,0,"[224, 420]",527,5,24,0.006695417687296867
3CKCA,0,"[224, 420]",527,5,25,0.006569645833224058
3CKCA,0,"[224, 420]",527,5,26,0.006661593448370695
3CKCA,0,"[224, 420]",527,5,27,0.006230930797755718
3CKCA,0,"[224, 420]",527,5,28,0.006323601119220257
3CKCA,0,"[224, 420]",527,5,29,0.00618502963334322
3CKCA,0,"[224, 420]",527,5,30,0.0061603328213095665
3CKCA,0,"[224, 420]",527,5,31,0.006343975197523832
3CKCA,0,"[224, 420]",527,5,32,0.006126681342720985
3CKCA,0,"[224, 420]",527,5,33,0.0063311257399618626
3CKCA,0,"[224, 420]",527,5,34,0.006061064079403877
3CKCA,0,"[224, 420]",527,5,35,0.006219861563295126
3CKCA,0,"[224, 420]",527,5,36,0.006273035891354084
3CKCA,0,"[224, 420]",527,5,37,0.006009964272379875
3CKCA,0,"[224, 420]",527,5,38,0.005998809821903706
3CKCA,0,"[224, 420]",527,5,39,0.006075744051486254
3CKCA,0,"[224, 420]",527,5,40,0.006271460559219122
3CKCA,0,"[224, 420]",527,5,41,0.005886585917323828
3CKCA,0,"[224, 420]",527,5,42,0.005715792533010244
3CKCA,0,"[224, 420]",527,5,43,0.0059590465389192104
3CKCA,0,"[224, 420]",527,5,44,0.005902052856981754
3CKCA,0,"[224, 420]",527,5,45,0.005760017782449722
3CKCA,0,"[224, 420]",527,5,46,0.006063864100724459
3CKCA,0,"[224, 420]",527,5,47,0.005727721378207207
3CKCA,0,"[224, 420]",527,5,48,0.005652518942952156
3CKCA,0,"[224, 420]",527,5,49,0.00568232499063015
3CKCA,0,"[224, 420]",527,5,50,0.0059694694355130196
3CKCA,0,"[224, 420]",527,5,51,0.006219523958861828
3CKCA,0,"[224, 420]",527,5,52,0.0065500205382704735
3CKCA,0,"[224, 420]",527,5,53,1.0627946853637695
3CKCA,0,"[224, 420]",527,5,54,1.0516654253005981
3CKCA,0,"[224, 420]",527,5,55,1.0499407052993774
3CRVA,0,"[176, 319]",551,5,0,0.007674760650843382
3CRVA,0,"[176, 319]",551,5,1,0.007612346671521664
3CRVA,0,"[176, 319]",551,5,2,0.007474040612578392
3CRVA,0,"[176, 319]",551,5,3,0.00688233133405447
3CRVA,0,"[176, 319]",551,5,4,0.0067747896537184715
3CRVA,0,"[176, 319]",551,5,5,0.008485804311931133
3CRVA,0,"[176, 319]",551,5,6,0.009016797877848148
3CRVA,0,"[176, 319]",551,5,7,0.008307302370667458
3CRVA,0,"[176, 319]",551,5,8,0.008012506179511547
3CRVA,0,"[176, 319]",551,5,9,0.007333093788474798
3CRVA,0,"[176, 319]",551,5,10,0.007300050463527441
3CRVA,0,"[176, 319]",551,5,11,0.007809679955244064
3CRVA,0,"[176, 319]",551,5,12,0.0075872368179261684
3CRVA,0,"[176, 319]",551,5,13,0.008413641713559628
3CRVA,0,"[176, 319]",551,5,14,0.008752807974815369
3CRVA,0,"[176, 319]",551,5,15,0.007980660535395145
3CRVA,0,"[176, 319]",551,5,16,0.00810709223151207
3CRVA,0,"[176, 319]",551,5,17,0.008068383671343327
3CRVA,0,"[176, 319]",551,5,18,0.008334224112331867
3CRVA,0,"[176, 319]",551,5,19,0.008075978606939316
3CRVA,0,"[176, 319]",551,5,20,0.007731304969638586
3CRVA,0,"[176, 319]",551,5,21,0.0074913036078214645
3CRVA,0,"[176, 319]",551,5,22,0.006970693357288837
3CRVA,0,"[176, 319]",551,5,23,0.007981428876519203
3CRVA,0,"[176, 319]",551,5,24,0.008013445883989334
3CRVA,0,"[176, 319]",551,5,25,0.00800065416842699
3CRVA,0,"[176, 319]",551,5,26,0.006627075839787722
3CRVA,0,"[176, 319]",551,5,27,0.006772310938686132
3CRVA,0,"[176, 319]",551,5,28,0.006807108409702778
3CRVA,0,"[176, 319]",551,5,29,0.006761298049241304
3CRVA,0,"[176, 319]",551,5,30,0.00801151618361473
3CRVA,0,"[176, 319]",551,5,31,0.007672606501728296
3CRVA,0,"[176, 319]",551,5,32,0.007786479312926531
3CRVA,0,"[176, 319]",551,5,33,0.007554557640105486
3CRVA,0,"[176, 319]",551,5,34,0.007624800782650709
3CRVA,0,"[176, 319]",551,5,35,0.0071595716290175915
3CRVA,0,"[176, 319]",551,5,36,0.0074048833921551704
3CRVA,0,"[176, 319]",551,5,37,0.00753861153498292
3CRVA,0,"[176, 319]",551,5,38,0.00774241192266345
3CRVA,0,"[176, 319]",551,5,39,0.007760100066661835
3CRVA,0,"[176, 319]",551,5,40,0.007708169985562563
3CRVA,0,"[176, 319]",551,5,41,0.007788193412125111
3CRVA,0,"[176, 319]",551,5,42,0.00816180370748043
3CRVA,0,"[176, 319]",551,5,43,0.00820566900074482
3CRVA,0,"[176, 319]",551,5,44,0.008502515964210033
3CRVA,0,"[176, 319]",551,5,45,0.008765279315412045
3CRVA,0,"[176, 319]",551,5,46,0.008721329271793365
3CRVA,0,"[176, 319]",551,5,47,0.008319851942360401
3CRVA,0,"[176, 319]",551,5,48,0.007427344098687172
3CRVA,0,"[176, 319]",551,5,49,0.8339076638221741
3CRVA,0,"[176, 319]",551,5,50,0.8272706866264343
3CRVA,0,"[176, 319]",551,5,51,0.8302230834960938
3CSSA,0,"[41, 159]",267,5,0,0.007202259264886379
3CSSA,0,"[41, 159]",267,5,1,0.006568653974682093
3CSSA,0,"[41, 159]",267,5,2,0.0053360662423074245
3CSSA,0,"[41, 159]",267,5,3,0.005357332061976194
3CSSA,0,"[41, 159]",267,5,4,0.0064179496839642525
3CSSA,0,"[41, 159]",267,5,5,0.006225191056728363
3CSSA,0,"[41, 159]",267,5,6,0.007351412437856197
3CSSA,0,"[41, 159]",267,5,7,0.004924600012600422
3CSSA,0,"[41, 159]",267,5,8,0.007109852507710457
3CSSA,0,"[41, 159]",267,5,9,0.006541745271533728
3CSSA,0,"[41, 159]",267,5,10,0.004940808285027742
3CSSA,0,"[41, 159]",267,5,11,0.004957956727594137
3CSSA,0,"[41, 159]",267,5,12,0.005943711381405592
3CSSA,0,"[41, 159]",267,5,13,0.005196898709982634
3CSSA,0,"[41, 159]",267,5,14,0.005712321028113365
3CSSA,0,"[41, 159]",267,5,15,0.7347849607467651
3CSSA,0,"[41, 159]",267,5,16,0.8863709568977356
3CSSA,0,"[41, 159]",267,5,17,0.8737154603004456
3CSSA,0,"[41, 159]",267,5,18,0.8331661224365234
3CSSA,0,"[41, 159]",267,5,19,0.8537255525588989
3CWVA,0,"[230, 336]",369,5,0,0.008244799450039864
3CWVA,0,"[230, 336]",369,5,1,0.00827724114060402
3CWVA,0,"[230, 336]",369,5,2,0.006451686378568411
3CWVA,0,"[230, 336]",369,5,3,0.0069221495650708675
3CWVA,0,"[230, 336]",369,5,4,0.006401509512215853
3CWVA,0,"[230, 336]",369,5,5,0.009048113599419594
3CWVA,0,"[230, 336]",369,5,6,0.007128546014428139
3CWVA,0,"[230, 336]",369,5,7,0.009903832338750362
3CWVA,0,"[230, 336]",369,5,8,0.010287853889167309
3CWVA,0,"[230, 336]",369,5,9,0.061560068279504776
3CWVA,0,"[230, 336]",369,5,10,0.02679823897778988
3CWVA,0,"[230, 336]",369,5,11,0.009116053581237793
3CWVA,0,"[230, 336]",369,5,12,0.005990093108266592
3CWVA,0,"[230, 336]",369,5,13,0.009363933466374874
3CWVA,0,"[230, 336]",369,5,14,0.008520138449966908
3CWVA,0,"[230, 336]",369,5,15,0.007902910932898521
3CWVA,0,"[230, 336]",369,5,16,0.007678250316530466
3CWVA,0,"[230, 336]",369,5,17,0.008161875419318676
3CWVA,0,"[230, 336]",369,5,18,0.00796639546751976
3CWVA,0,"[230, 336]",369,5,19,0.008103554137051105
3CWVA,0,"[230, 336]",369,5,20,0.006825568154454231
3CWVA,0,"[230, 336]",369,5,21,0.010094260796904564
3CWVA,0,"[230, 336]",369,5,22,0.011810023337602615
3CWVA,0,"[230, 336]",369,5,23,0.012740128673613071
3CWVA,0,"[230, 336]",369,5,24,0.009021749719977379
3CWVA,0,"[230, 336]",369,5,25,0.010237442329525948
3CWVA,0,"[230, 336]",369,5,26,0.01034616120159626
3CWVA,0,"[230, 336]",369,5,27,0.005889595951884985
3CWVA,0,"[230, 336]",369,5,28,0.005553725175559521
3CWVA,0,"[230, 336]",369,5,29,0.008586668409407139
3CWVA,0,"[230, 336]",369,5,30,0.009084119461476803
3CWVA,0,"[230, 336]",369,5,31,0.007153384853154421
3CWVA,0,"[230, 336]",369,5,32,0.008716643787920475
3CWVA,0,"[230, 336]",369,5,33,0.007879027165472507
3CWVA,0,"[230, 336]",369,5,34,0.006958923302590847
3CWVA,0,"[230, 336]",369,5,35,0.007887743413448334
3CWVA,0,"[230, 336]",369,5,36,0.008695295080542564
3CWVA,0,"[230, 336]",369,5,37,0.00900334119796753
3CWVA,0,"[230, 336]",369,5,38,0.008606071583926678
3CWVA,0,"[230, 336]",369,5,39,0.00831671804189682
3CWVA,0,"[230, 336]",369,5,40,0.008411738090217113
3CWVA,0,"[230, 336]",369,5,41,0.008518585003912449
3CWVA,0,"[230, 336]",369,5,42,0.010446017608046532
3CWVA,0,"[230, 336]",369,5,43,0.009192259982228279
3CWVA,0,"[230, 336]",369,5,44,0.00892427284270525
3CWVA,0,"[230, 336]",369,5,45,0.024081364274024963
3CWVA,0,"[230, 336]",369,5,46,0.03633729740977287
3CWVA,0,"[230, 336]",369,5,47,0.0405866913497448
3CWVA,0,"[230, 336]",369,5,48,0.0590488500893116
3CWVA,0,"[230, 336]",369,5,49,0.06736284494400024
3CWVA,0,"[230, 336]",369,5,50,0.08325166255235672
3CWVA,0,"[230, 336]",369,5,51,0.07846659421920776
3CWVA,0,"[230, 336]",369,5,52,0.01636539399623871
3CWVA,0,"[230, 336]",369,5,53,0.013786203227937222
3CWVA,0,"[230, 336]",369,5,54,0.013682770542800426
3CWVA,0,"[230, 336]",369,5,55,0.013776938430964947
3CWVA,0,"[230, 336]",369,5,56,0.0732896700501442
3CWVA,0,"[230, 336]",369,5,57,0.07253129035234451
3CWVA,0,"[230, 336]",369,5,58,0.08211253583431244
3CWVA,0,"[230, 336]",369,5,59,0.07880016416311264
3CWVA,0,"[230, 336]",369,5,60,0.07348144054412842
3D3YA,0,"[28, 203]",425,5,0,0.0075628492049872875
3D3YA,0,"[28, 203]",425,5,1,0.007865809835493565
3D3YA,0,"[28, 203]",425,5,2,0.007615645881742239
3D3YA,0,"[28, 203]",425,5,3,0.007643787655979395
3D3YA,0,"[28, 203]",425,5,4,0.007718189153820276
3D3YA,0,"[28, 203]",425,5,5,0.0077811358496546745
3D3YA,0,"[28, 203]",425,5,6,0.007359758485108614
3D3YA,0,"[28, 203]",425,5,7,0.007606855593621731
3D3YA,0,"[28, 203]",425,5,8,0.007329937536269426
3D3YA,0,"[28, 203]",425,5,9,0.007460392080247402
3D3YA,0,"[28, 203]",425,5,10,0.008931304328143597
3D3YA,0,"[28, 203]",425,5,11,0.007279918994754553
3D3YA,0,"[28, 203]",425,5,12,0.007310864981263876
3D3YA,0,"[28, 203]",425,5,13,0.007204510271549225
3D3YA,0,"[28, 203]",425,5,14,0.007391725666821003
3D3YA,0,"[28, 203]",425,5,15,0.006836608052253723
3D3YA,0,"[28, 203]",425,5,16,0.007912585511803627
3D3YA,0,"[28, 203]",425,5,17,0.007904427126049995
3D3YA,0,"[28, 203]",425,5,18,0.008186867460608482
3D3YA,0,"[28, 203]",425,5,19,0.00847818236798048
3D3YA,0,"[28, 203]",425,5,20,0.00831279344856739
3D3YA,0,"[28, 203]",425,5,21,0.008308897726237774
3D3YA,0,"[28, 203]",425,5,22,0.008889252319931984
3D3YA,0,"[28, 203]",425,5,23,0.00905965082347393
3D3YA,0,"[28, 203]",425,5,24,0.0088192792609334
3D3YA,0,"[28, 203]",425,5,25,0.00812455266714096
3D3YA,0,"[28, 203]",425,5,26,0.008316626772284508
3D3YA,0,"[28, 203]",425,5,27,0.007177430205047131
3D3YA,0,"[28, 203]",425,5,28,0.007253257557749748
3D3YA,0,"[28, 203]",425,5,29,0.008225266821682453
3D3YA,0,"[28, 203]",425,5,30,0.009756971150636673
3D3YA,0,"[28, 203]",425,5,31,0.009198362939059734
3D3YA,0,"[28, 203]",425,5,32,0.00894117634743452
3D3YA,0,"[28, 203]",425,5,33,0.008918043226003647
3D3YA,0,"[28, 203]",425,5,34,0.2531389892101288
3D3YA,0,"[28, 203]",425,5,35,0.2959064841270447
3D3YA,0,"[28, 203]",425,5,36,0.21331515908241272
3D3YA,0,"[28, 203]",425,5,37,0.21842685341835022
3D3YA,0,"[28, 203]",425,5,38,0.3109537363052368
3D3YA,0,"[28, 203]",425,5,39,0.40710699558258057
3D3YA,0,"[28, 203]",425,5,40,0.4220373034477234
3D3YA,0,"[28, 203]",425,5,41,0.47648122906684875
3D3YA,0,"[28, 203]",425,5,42,0.45658281445503235
3D3YA,0,"[28, 203]",425,5,43,0.4258098006248474
3D3YA,0,"[28, 203]",425,5,44,0.4363933205604553
3D3YA,0,"[28, 203]",425,5,45,0.415653795003891
3D3YA,0,"[28, 203]",425,5,46,0.40411674976348877
3D3YA,0,"[28, 203]",425,5,47,0.3761942982673645
3D3YA,0,"[28, 203]",425,5,48,0.367469847202301
3D3YA,0,"[28, 203]",425,5,49,0.3243426978588104
3D3YA,0,"[28, 203]",425,5,50,0.3079582452774048
3D3YA,0,"[28, 203]",425,5,51,0.3114679455757141
3D3YA,0,"[28, 203]",425,5,52,0.3166253864765167
3D3YA,0,"[28, 203]",425,5,53,0.2930082082748413
3D3YA,0,"[28, 203]",425,5,54,0.2760690748691559
3D3YA,0,"[28, 203]",425,5,55,0.3847271502017975
3D3YA,0,"[28, 203]",425,5,56,0.34788748621940613
3D3YA,0,"[28, 203]",425,5,57,0.3135100305080414
3D3YA,0,"[28, 203]",425,5,58,0.24004033207893372
3D3YA,0,"[28, 203]",425,5,59,0.23970752954483032
3D3YA,0,"[28, 203]",425,5,60,0.15047036111354828
3DGTA,0,"[122, 240]",280,5,0,0.008074368350207806
3DGTA,0,"[122, 240]",280,5,1,0.008036135695874691
3DGTA,0,"[122, 240]",280,5,2,0.008199421688914299
3DGTA,0,"[122, 240]",280,5,3,0.007668206933885813
3DGTA,0,"[122, 240]",280,5,4,0.008380875922739506
3DGTA,0,"[122, 240]",280,5,5,0.007600714918226004
3DGTA,0,"[122, 240]",280,5,6,0.008337927050888538
3DGTA,0,"[122, 240]",280,5,7,0.008102907799184322
3DGTA,0,"[122, 240]",280,5,8,0.007963443174958229
3DGTA,0,"[122, 240]",280,5,9,0.008045620284974575
3DGTA,0,"[122, 240]",280,5,10,0.007487418130040169
3DGTA,0,"[122, 240]",280,5,11,0.008111999370157719
3DGTA,0,"[122, 240]",280,5,12,0.008206270635128021
3DGTA,0,"[122, 240]",280,5,13,0.008635028265416622
3DGTA,0,"[122, 240]",280,5,14,0.009012608788907528
3DGTA,0,"[122, 240]",280,5,15,0.008618457242846489
3DGTA,0,"[122, 240]",280,5,16,0.007738002110272646
3DGTA,0,"[122, 240]",280,5,17,0.008142040111124516
3DGTA,0,"[122, 240]",280,5,18,0.007782085333019495
3DGTA,0,"[122, 240]",280,5,19,0.008773121982812881
3DGTA,0,"[122, 240]",280,5,20,0.007853247225284576
3DGTA,0,"[122, 240]",280,5,21,0.007396522909402847
3DGTA,0,"[122, 240]",280,5,22,0.008521737530827522
3DGTA,0,"[122, 240]",280,5,23,1.1904878616333008
3DGTA,0,"[122, 240]",280,5,24,1.1309070587158203
3DGTA,0,"[122, 240]",280,5,25,1.0606967210769653
3DGTA,0,"[122, 240]",280,5,26,1.1166822910308838
3DGTA,0,"[122, 240]",280,5,27,1.075394868850708
3DJEA,0,"[34, 178]",438,5,0,0.008954478427767754
3DJEA,0,"[34, 178]",438,5,1,0.009367420338094234
3DJEA,0,"[34, 178]",438,5,2,0.010093020275235176
3DJEA,0,"[34, 178]",438,5,3,0.007642727345228195
3DJEA,0,"[34, 178]",438,5,4,0.007676706649363041
3DJEA,0,"[34, 178]",438,5,5,0.00784612912684679
3DJEA,0,"[34, 178]",438,5,6,0.007960244081914425
3DJEA,0,"[34, 178]",438,5,7,0.009720291942358017
3DJEA,0,"[34, 178]",438,5,8,0.008703460916876793
3DJEA,0,"[34, 178]",438,5,9,0.009169536642730236
3DJEA,0,"[34, 178]",438,5,10,0.008677027188241482
3DJEA,0,"[34, 178]",438,5,11,0.007386211771517992
3DJEA,0,"[34, 178]",438,5,12,0.007470760960131884
3DJEA,0,"[34, 178]",438,5,13,0.00803686585277319
3DJEA,0,"[34, 178]",438,5,14,0.007214121986180544
3DJEA,0,"[34, 178]",438,5,15,0.006888024974614382
3DJEA,0,"[34, 178]",438,5,16,0.006835914216935635
3DJEA,0,"[34, 178]",438,5,17,0.007450982928276062
3DJEA,0,"[34, 178]",438,5,18,0.007404111325740814
3DJEA,0,"[34, 178]",438,5,19,0.007099836133420467
3DJEA,0,"[34, 178]",438,5,20,0.007087349891662598
3DJEA,0,"[34, 178]",438,5,21,0.006937393452972174
3DJEA,0,"[34, 178]",438,5,22,0.007498542778193951
3DJEA,0,"[34, 178]",438,5,23,0.007610601838678122
3DJEA,0,"[34, 178]",438,5,24,0.007258990313857794
3DJEA,0,"[34, 178]",438,5,25,0.007912487722933292
3DJEA,0,"[34, 178]",438,5,26,0.007555064279586077
3DJEA,0,"[34, 178]",438,5,27,0.008402109146118164
3DJEA,0,"[34, 178]",438,5,28,0.008104280568659306
3DJEA,0,"[34, 178]",438,5,29,0.008456910960376263
3DJEA,0,"[34, 178]",438,5,30,0.007832902483642101
3DJEA,0,"[34, 178]",438,5,31,0.007955603301525116
3DJEA,0,"[34, 178]",438,5,32,0.8615468144416809
3DJEA,0,"[34, 178]",438,5,33,0.8641486167907715
3DJEA,0,"[34, 178]",438,5,34,0.8819217085838318
3DJEA,0,"[34, 178]",438,5,35,0.8884504437446594
3DSKA,0,"[350, 455]",495,5,0,0.007185634225606918
3DSKA,0,"[350, 455]",495,5,1,0.008113155141472816
3DSKA,0,"[350, 455]",495,5,2,0.007555432617664337
3DSKA,0,"[350, 455]",495,5,3,0.00791377853602171
3DSKA,0,"[350, 455]",495,5,4,0.007534426636993885
3DSKA,0,"[350, 455]",495,5,5,0.008260322734713554
3DSKA,0,"[350, 455]",495,5,6,0.007927298545837402
3DSKA,0,"[350, 455]",495,5,7,0.009580381214618683
3DSKA,0,"[350, 455]",495,5,8,0.009922057390213013
3DSKA,0,"[350, 455]",495,5,9,0.009933402761816978
3DSKA,0,"[350, 455]",495,5,10,0.009825820103287697
3DSKA,0,"[350, 455]",495,5,11,0.008801504038274288
3DSKA,0,"[350, 455]",495,5,12,0.008620916865766048
3DSKA,0,"[350, 455]",495,5,13,0.008234631270170212
3DSKA,0,"[350, 455]",495,5,14,0.009921039454638958
3DSKA,0,"[350, 455]",495,5,15,0.008522255346179008
3DSKA,0,"[350, 455]",495,5,16,0.007847856730222702
3DSKA,0,"[350, 455]",495,5,17,0.01016428042203188
3DSKA,0,"[350, 455]",495,5,18,0.008822823874652386
3DSKA,0,"[350, 455]",495,5,19,0.00953467283397913
3DSKA,0,"[350, 455]",495,5,20,0.008890395984053612
3DSKA,0,"[350, 455]",495,5,21,0.008256599307060242
3DSKA,0,"[350, 455]",495,5,22,0.008866616524755955
3DSKA,0,"[350, 455]",495,5,23,0.009203671477735043
3DSKA,0,"[350, 455]",495,5,24,0.008736195974051952
3DSKA,0,"[350, 455]",495,5,25,0.00850213784724474
3DSKA,0,"[350, 455]",495,5,26,0.00843095313757658
3DSKA,0,"[350, 455]",495,5,27,0.01106549147516489
3DSKA,0,"[350, 455]",495,5,28,0.009203081950545311
3DSKA,0,"[350, 455]",495,5,29,0.008547223173081875
3DSKA,0,"[350, 455]",495,5,30,0.008225619792938232
3DSKA,0,"[350, 455]",495,5,31,0.006037496961653233
3DSKA,0,"[350, 455]",495,5,32,0.006183633580803871
3DSKA,0,"[350, 455]",495,5,33,0.005804380401968956
3DSKA,0,"[350, 455]",495,5,34,0.006407987326383591
3DSKA,0,"[350, 455]",495,5,35,0.007452788762748241
3DSKA,0,"[350, 455]",495,5,36,0.007060033269226551
3DSKA,0,"[350, 455]",495,5,37,0.006823092699050903
3DSKA,0,"[350, 455]",495,5,38,0.006959883496165276
3DSKA,0,"[350, 455]",495,5,39,0.007094445638358593
3DSKA,0,"[350, 455]",495,5,40,0.006933936849236488
3DSKA,0,"[350, 455]",495,5,41,0.007259190082550049
3DSKA,0,"[350, 455]",495,5,42,0.007224047556519508
3DSKA,0,"[350, 455]",495,5,43,0.007483902387320995
3DSKA,0,"[350, 455]",495,5,44,0.006832076236605644
3DSKA,0,"[350, 455]",495,5,45,0.0069769625551998615
3DSKA,0,"[350, 455]",495,5,46,0.006987388711422682
3DSKA,0,"[350, 455]",495,5,47,0.006993525195866823
3DSKA,0,"[350, 455]",495,5,48,0.0061161876656115055
3DSKA,0,"[350, 455]",495,5,49,0.006687154062092304
3DSKA,0,"[350, 455]",495,5,50,0.006564888637512922
3DSKA,0,"[350, 455]",495,5,51,0.006764862686395645
3DSKA,0,"[350, 455]",495,5,52,0.006763609126210213
3DSKA,0,"[350, 455]",495,5,53,0.006446152925491333
3DSKA,0,"[350, 455]",495,5,54,0.006224142387509346
3DSKA,0,"[350, 455]",495,5,55,0.0070970319211483
3DSKA,0,"[350, 455]",495,5,56,0.007224747911095619
3DSKA,0,"[350, 455]",495,5,57,0.006801670417189598
3DSKA,0,"[350, 455]",495,5,58,0.006858315784484148
3DSKA,0,"[350, 455]",495,5,59,0.008167289197444916
3DSKA,0,"[350, 455]",495,5,60,0.007685236167162657
3E48A,0,"[16, 179]",289,5,0,0.0058450778014957905
3E48A,0,"[16, 179]",289,5,1,0.005684222560375929
3E48A,0,"[16, 179]",289,5,2,0.00589706702157855
3E48A,0,"[16, 179]",289,5,3,0.004884755238890648
3E48A,0,"[16, 179]",289,5,4,0.007347960956394672
3E48A,0,"[16, 179]",289,5,5,0.0047644139267504215
3E48A,0,"[16, 179]",289,5,6,0.004687887616455555
3E48A,0,"[16, 179]",289,5,7,0.005629954393953085
3E48A,0,"[16, 179]",289,5,8,0.004936808720231056
3E48A,0,"[16, 179]",289,5,9,0.005209845490753651
3E48A,0,"[16, 179]",289,5,10,0.005461846943944693
3E48A,0,"[16, 179]",289,5,11,0.005579415243119001
3E48A,0,"[16, 179]",289,5,12,0.004241461865603924
3E48A,0,"[16, 179]",289,5,13,0.004216080531477928
3E48A,0,"[16, 179]",289,5,14,0.004286129958927631
3E48A,0,"[16, 179]",289,5,15,0.004046204965561628
3E48A,0,"[16, 179]",289,5,16,0.005084347911179066
3E48A,0,"[16, 179]",289,5,17,0.004329756833612919
3E48A,0,"[16, 179]",289,5,18,0.004299715161323547
3E48A,0,"[16, 179]",289,5,19,0.004993272479623556
3E48A,0,"[16, 179]",289,5,20,0.004722767975181341
3E48A,0,"[16, 179]",289,5,21,0.005533449351787567
3E48A,0,"[16, 179]",289,5,22,0.005813409108668566
3E48A,0,"[16, 179]",289,5,23,0.006272805389016867
3E48A,0,"[16, 179]",289,5,24,0.005088226869702339
3E48A,0,"[16, 179]",289,5,25,0.876258373260498
3E48A,0,"[16, 179]",289,5,26,0.8854007720947266
3E48A,0,"[16, 179]",289,5,27,0.8865117430686951
3EAFA,0,"[252, 354]",391,5,0,0.011291801929473877
3EAFA,0,"[252, 354]",391,5,1,0.008842794224619865
3EAFA,0,"[252, 354]",391,5,2,0.008746958337724209
3EAFA,0,"[252, 354]",391,5,3,0.008779719471931458
3EAFA,0,"[252, 354]",391,5,4,0.00979102123528719
3EAFA,0,"[252, 354]",391,5,5,0.008106663823127747
3EAFA,0,"[252, 354]",391,5,6,0.00792303029447794
3EAFA,0,"[252, 354]",391,5,7,0.006041455082595348
3EAFA,0,"[252, 354]",391,5,8,0.006749662104994059
3EAFA,0,"[252, 354]",391,5,9,0.0075309909880161285
3EAFA,0,"[252, 354]",391,5,10,0.008558942936360836
3EAFA,0,"[252, 354]",391,5,11,0.007319111842662096
3EAFA,0,"[252, 354]",391,5,12,0.007955076172947884
3EAFA,0,"[252, 354]",391,5,13,0.007472980301827192
3EAFA,0,"[252, 354]",391,5,14,0.00833579245954752
3EAFA,0,"[252, 354]",391,5,15,0.006714018061757088
3EAFA,0,"[252, 354]",391,5,16,0.008322980254888535
3EAFA,0,"[252, 354]",391,5,17,0.010021192021667957
3EAFA,0,"[252, 354]",391,5,18,0.0087004778906703
3EAFA,0,"[252, 354]",391,5,19,0.010627614334225655
3EAFA,0,"[252, 354]",391,5,20,0.009721186012029648
3EAFA,0,"[252, 354]",391,5,21,0.011652297340333462
3EAFA,0,"[252, 354]",391,5,22,0.010427230037748814
3EAFA,0,"[252, 354]",391,5,23,0.012947720475494862
3EAFA,0,"[252, 354]",391,5,24,0.013277828693389893
3EAFA,0,"[252, 354]",391,5,25,0.009788532741367817
3EAFA,0,"[252, 354]",391,5,26,0.009204008616507053
3EAFA,0,"[252, 354]",391,5,27,0.00873777735978365
3EAFA,0,"[252, 354]",391,5,28,0.007986906915903091
3EAFA,0,"[252, 354]",391,5,29,0.009084915742278099
3EAFA,0,"[252, 354]",391,5,30,0.009268669411540031
3EAFA,0,"[252, 354]",391,5,31,0.009684037417173386
3EAFA,0,"[252, 354]",391,5,32,0.009563869796693325
3EAFA,0,"[252, 354]",391,5,33,0.0087119210511446
3EAFA,0,"[252, 354]",391,5,34,0.008479630574584007
3EAFA,0,"[252, 354]",391,5,35,0.008312702178955078
3EAFA,0,"[252, 354]",391,5,36,0.008191562257707119
3EAFA,0,"[252, 354]",391,5,37,0.00821096170693636
3EAFA,0,"[252, 354]",391,5,38,0.007940268144011497
3EAFA,0,"[252, 354]",391,5,39,0.008009918965399265
3EAFA,0,"[252, 354]",391,5,40,0.007676111534237862
3EAFA,0,"[252, 354]",391,5,41,0.007511130068451166
3EAFA,0,"[252, 354]",391,5,42,0.00862866174429655
3EAFA,0,"[252, 354]",391,5,43,0.008619493804872036
3EAFA,0,"[252, 354]",391,5,44,0.008551595732569695
3EAFA,0,"[252, 354]",391,5,45,0.00842736754566431
3EAFA,0,"[252, 354]",391,5,46,0.008415023796260357
3EAFA,0,"[252, 354]",391,5,47,0.008494222536683083
3EAFA,0,"[252, 354]",391,5,48,0.0086178844794631
3EAFA,0,"[252, 354]",391,5,49,0.008526102639734745
3EAFA,0,"[252, 354]",391,5,50,0.00843728892505169
3EAFA,0,"[252, 354]",391,5,51,0.008359669707715511
3EAFA,0,"[252, 354]",391,5,52,0.008355171419680119
3EAFA,0,"[252, 354]",391,5,53,0.009245396591722965
3EAFA,0,"[252, 354]",391,5,54,0.01904224045574665
3EAFA,0,"[252, 354]",391,5,55,0.04562894627451897
3EAFA,0,"[252, 354]",391,5,56,0.2756079137325287
3EAFA,0,"[252, 354]",391,5,57,0.6663740873336792
3EAFA,0,"[252, 354]",391,5,58,0.7357219457626343
3EAFA,0,"[252, 354]",391,5,59,0.7282152771949768
3EAFA,0,"[252, 354]",391,5,60,0.6677912473678589
3FD3A,0,"[66, 177]",208,5,0,0.00757878553122282
3FD3A,0,"[66, 177]",208,5,1,0.008626981638371944
3FD3A,0,"[66, 177]",208,5,2,0.007968142628669739
3FD3A,0,"[66, 177]",208,5,3,0.007780527696013451
3FD3A,0,"[66, 177]",208,5,4,0.008108186535537243
3FD3A,0,"[66, 177]",208,5,5,0.008248573169112206
3FD3A,0,"[66, 177]",208,5,6,0.008035887964069843
3FD3A,0,"[66, 177]",208,5,7,0.007265051826834679
3FD3A,0,"[66, 177]",208,5,8,0.007248144131153822
3FD3A,0,"[66, 177]",208,5,9,0.007269774563610554
3FD3A,0,"[66, 177]",208,5,10,0.007215722929686308
3FD3A,0,"[66, 177]",208,5,11,0.007604681886732578
3FD3A,0,"[66, 177]",208,5,12,0.03186164051294327
3FD3A,0,"[66, 177]",208,5,13,0.02590087428689003
3FD3A,0,"[66, 177]",208,5,14,0.0229427982121706
3FD3A,0,"[66, 177]",208,5,15,0.023426737636327744
3FD3A,0,"[66, 177]",208,5,16,0.029574822634458542
3FD3A,0,"[66, 177]",208,5,17,0.031150050461292267
3FD3A,0,"[66, 177]",208,5,18,0.027163684368133545
3FD3A,0,"[66, 177]",208,5,19,0.029163694009184837
3FD3A,0,"[66, 177]",208,5,20,0.031314048916101456
3FD3A,0,"[66, 177]",208,5,21,0.026783110573887825
3FD3A,0,"[66, 177]",208,5,22,0.021776387467980385
3FD3A,0,"[66, 177]",208,5,23,0.021476062014698982
3FD3A,0,"[66, 177]",208,5,24,0.019399505108594894
3FD3A,0,"[66, 177]",208,5,25,0.019718455150723457
3FD3A,0,"[66, 177]",208,5,26,0.01899532414972782
3FD3A,0,"[66, 177]",208,5,27,0.01881350949406624
3FD3A,0,"[66, 177]",208,5,28,0.019492313265800476
3FD3A,0,"[66, 177]",208,5,29,0.01950119249522686
3FD3A,0,"[66, 177]",208,5,30,0.017996415495872498
3FD3A,0,"[66, 177]",208,5,31,0.017600517719984055
3FD3A,0,"[66, 177]",208,5,32,0.016178052872419357
3FD3A,0,"[66, 177]",208,5,33,0.01702752336859703
3FD3A,0,"[66, 177]",208,5,34,0.01756550557911396
3FD3A,0,"[66, 177]",208,5,35,0.01597176492214203
3FD3A,0,"[66, 177]",208,5,36,0.015479563735425472
3FD3A,0,"[66, 177]",208,5,37,0.015020362101495266
3FD3A,0,"[66, 177]",208,5,38,0.013751708902418613
3FD3A,0,"[66, 177]",208,5,39,0.013996177352964878
3FD3A,0,"[66, 177]",208,5,40,0.015047997236251831
3FD3A,0,"[66, 177]",208,5,41,0.015098575502634048
3FD3A,0,"[66, 177]",208,5,42,0.014353319071233273
3FD3A,0,"[66, 177]",208,5,43,0.01444846112281084
3FD3A,0,"[66, 177]",208,5,44,0.014140775427222252
3FD3A,0,"[66, 177]",208,5,45,0.012922297231853008
3FD3A,0,"[66, 177]",208,5,46,0.01302802562713623
3FD3A,0,"[66, 177]",208,5,47,0.012666800990700722
3FD3A,0,"[66, 177]",208,5,48,0.013238487765192986
3FD3A,0,"[66, 177]",208,5,49,0.01272631622850895
3FD3A,0,"[66, 177]",208,5,50,0.011861635372042656
3FD3A,0,"[66, 177]",208,5,51,0.012042478658258915
3FD3A,0,"[66, 177]",208,5,52,0.011589258909225464
3FD3A,0,"[66, 177]",208,5,53,0.011536004953086376
3FD3A,0,"[66, 177]",208,5,54,0.012570366263389587
3FD3A,0,"[66, 177]",208,5,55,0.01270191092044115
3FD3A,0,"[66, 177]",208,5,56,0.014334031380712986
3FD3A,0,"[66, 177]",208,5,57,0.012712211348116398
3FD3A,0,"[66, 177]",208,5,58,0.047612618654966354
3FD3A,0,"[66, 177]",208,5,59,0.08099436014890671
3FD3A,0,"[66, 177]",208,5,60,0.04911132529377937
3FDUA,0,"[91, 226]",266,5,0,0.005717857275158167
3FDUA,0,"[91, 226]",266,5,1,0.005961285438388586
3FDUA,0,"[91, 226]",266,5,2,0.006084438879042864
3FDUA,0,"[91, 226]",266,5,3,0.0060089207254350185
3FDUA,0,"[91, 226]",266,5,4,0.005801605060696602
3FDUA,0,"[91, 226]",266,5,5,0.005609793122857809
3FDUA,0,"[91, 226]",266,5,6,0.006173968780785799
3FDUA,0,"[91, 226]",266,5,7,0.007115810643881559
3FDUA,0,"[91, 226]",266,5,8,0.00989701971411705
3FDUA,0,"[91, 226]",266,5,9,0.005787127651274204
3FDUA,0,"[91, 226]",266,5,10,0.0061887102201581
3FDUA,0,"[91, 226]",266,5,11,0.005775973666459322
3FDUA,0,"[91, 226]",266,5,12,0.0059053413569927216
3FDUA,0,"[91, 226]",266,5,13,0.005689750891178846
3FDUA,0,"[91, 226]",266,5,14,0.0048415036872029305
3FDUA,0,"[91, 226]",266,5,15,0.004840409848839045
3FDUA,0,"[91, 226]",266,5,16,0.005040653049945831
3FDUA,0,"[91, 226]",266,5,17,0.005337799899280071
3FDUA,0,"[91, 226]",266,5,18,0.005369202233850956
3FDUA,0,"[91, 226]",266,5,19,0.005250629968941212
3FDUA,0,"[91, 226]",266,5,20,0.00992248859256506
3FDUA,0,"[91, 226]",266,5,21,0.009414753876626492
3FDUA,0,"[91, 226]",266,5,22,0.011759702116250992
3FDUA,0,"[91, 226]",266,5,23,0.014120254665613174
3FDUA,0,"[91, 226]",266,5,24,0.011968494392931461
3FDUA,0,"[91, 226]",266,5,25,0.012437186203897
3FDUA,0,"[91, 226]",266,5,26,0.009868340566754341
3FDUA,0,"[91, 226]",266,5,27,0.009234294295310974
3FDUA,0,"[91, 226]",266,5,28,0.008239739574491978
3FDUA,0,"[91, 226]",266,5,29,0.011056208051741123
3FDUA,0,"[91, 226]",266,5,30,0.03133395314216614
3FDUA,0,"[91, 226]",266,5,31,0.016818765550851822
3FDUA,0,"[91, 226]",266,5,32,0.05596287548542023
3FDUA,0,"[91, 226]",266,5,33,0.019169004634022713
3FDUA,0,"[91, 226]",266,5,34,0.040598031133413315
3FDUA,0,"[91, 226]",266,5,35,0.03291763365268707
3FDUA,0,"[91, 226]",266,5,36,0.026091497391462326
3FDUA,0,"[91, 226]",266,5,37,0.03181220591068268
3FDUA,0,"[91, 226]",266,5,38,0.0326509103178978
3FDUA,0,"[91, 226]",266,5,39,0.031626198440790176
3FDUA,0,"[91, 226]",266,5,40,0.027855444699525833
3FDUA,0,"[91, 226]",266,5,41,0.027037816122174263
3FDUA,0,"[91, 226]",266,5,42,0.025486363098025322
3FDUA,0,"[91, 226]",266,5,43,0.03032408282160759
3FDUA,0,"[91, 226]",266,5,44,0.028543241322040558
3FDUA,0,"[91, 226]",266,5,45,0.03119739703834057
3FDUA,0,"[91, 226]",266,5,46,0.028448792174458504
3FDUA,0,"[91, 226]",266,5,47,0.031765904277563095
3FDUA,0,"[91, 226]",266,5,48,0.036817844957113266
3FDUA,0,"[91, 226]",266,5,49,0.03942281752824783
3FDUA,0,"[91, 226]",266,5,50,0.042318329215049744
3FDUA,0,"[91, 226]",266,5,51,0.06840256601572037
3FDUA,0,"[91, 226]",266,5,52,0.053758516907691956
3FDUA,0,"[91, 226]",266,5,53,0.05339662358164787
3FDUA,0,"[91, 226]",266,5,54,0.059270571917295456
3FDUA,0,"[91, 226]",266,5,55,0.07335331290960312
3FDUA,0,"[91, 226]",266,5,56,0.06636898964643478
3FDUA,0,"[91, 226]",266,5,57,0.0880301222205162
3FDUA,0,"[91, 226]",266,5,58,0.07541348785161972
3FDUA,0,"[91, 226]",266,5,59,0.08618047833442688
3FDUA,0,"[91, 226]",266,5,60,0.08932863920927048
3FFRA,0,"[47, 253]",362,5,0,0.006152329966425896
3FFRA,0,"[47, 253]",362,5,1,0.006624677684158087
3FFRA,0,"[47, 253]",362,5,2,0.006939145736396313
3FFRA,0,"[47, 253]",362,5,3,0.006622851360589266
3FFRA,0,"[47, 253]",362,5,4,0.006788354832679033
3FFRA,0,"[47, 253]",362,5,5,0.005639719311147928
3FFRA,0,"[47, 253]",362,5,6,0.005986589472740889
3FFRA,0,"[47, 253]",362,5,7,0.006252456456422806
3FFRA,0,"[47, 253]",362,5,8,0.005703528877347708
3FFRA,0,"[47, 253]",362,5,9,0.005962873809039593
3FFRA,0,"[47, 253]",362,5,10,0.005465873051434755
3FFRA,0,"[47, 253]",362,5,11,0.005947275552898645
3FFRA,0,"[47, 253]",362,5,12,0.005581235978752375
3FFRA,0,"[47, 253]",362,5,13,0.005015754606574774
3FFRA,0,"[47, 253]",362,5,14,0.005367352161556482
3FFRA,0,"[47, 253]",362,5,15,0.005391058046370745
3FFRA,0,"[47, 253]",362,5,16,0.005206219851970673
3FFRA,0,"[47, 253]",362,5,17,0.005345162469893694
3FFRA,0,"[47, 253]",362,5,18,0.005196690559387207
3FFRA,0,"[47, 253]",362,5,19,0.005486796610057354
3FFRA,0,"[47, 253]",362,5,20,0.005537108518183231
3FFRA,0,"[47, 253]",362,5,21,0.00537450984120369
3FFRA,0,"[47, 253]",362,5,22,0.005444621667265892
3FFRA,0,"[47, 253]",362,5,23,0.005247343331575394
3FFRA,0,"[47, 253]",362,5,24,0.0063680848106741905
3FFRA,0,"[47, 253]",362,5,25,0.009238707832992077
3FFRA,0,"[47, 253]",362,5,26,0.010342143476009369
3FFRA,0,"[47, 253]",362,5,27,0.011862530373036861
3FFRA,0,"[47, 253]",362,5,28,0.01095951721072197
3FFRA,0,"[47, 253]",362,5,29,0.012978790327906609
3FFRA,0,"[47, 253]",362,5,30,0.01241814810782671
3FFRA,0,"[47, 253]",362,5,31,0.012188347056508064
3FFRA,0,"[47, 253]",362,5,32,0.011238853447139263
3FFRA,0,"[47, 253]",362,5,33,0.010815607383847237
3FFRA,0,"[47, 253]",362,5,34,0.011596926487982273
3FFRA,0,"[47, 253]",362,5,35,0.00991854164749384
3FFRA,0,"[47, 253]",362,5,36,0.009727856144309044
3FFRA,0,"[47, 253]",362,5,37,0.00996964331716299
3FFRA,0,"[47, 253]",362,5,38,0.009029604494571686
3FFRA,0,"[47, 253]",362,5,39,0.009589176625013351
3FFRA,0,"[47, 253]",362,5,40,0.0094070453196764
3FFRA,0,"[47, 253]",362,5,41,0.009071774780750275
3FFRA,0,"[47, 253]",362,5,42,0.009583460167050362
3FFRA,0,"[47, 253]",362,5,43,0.00906755868345499
3FFRA,0,"[47, 253]",362,5,44,0.008442278020083904
3FFRA,0,"[47, 253]",362,5,45,0.008234954439103603
3FFRA,0,"[47, 253]",362,5,46,0.008282939903438091
3FFRA,0,"[47, 253]",362,5,47,0.008134701289236546
3FFRA,0,"[47, 253]",362,5,48,0.00830867886543274
3FFRA,0,"[47, 253]",362,5,49,0.008377842605113983
3FFRA,0,"[47, 253]",362,5,50,0.00828100461512804
3FFRA,0,"[47, 253]",362,5,51,0.007890750654041767
3FFRA,0,"[47, 253]",362,5,52,0.007699929177761078
3FFRA,0,"[47, 253]",362,5,53,0.008126297034323215
3FFRA,0,"[47, 253]",362,5,54,0.00869195256382227
3FFRA,0,"[47, 253]",362,5,55,0.008301147259771824
3FFRA,0,"[47, 253]",362,5,56,0.007940945215523243
3FFRA,0,"[47, 253]",362,5,57,0.007907194085419178
3FFRA,0,"[47, 253]",362,5,58,0.008148049004375935
3FFRA,0,"[47, 253]",362,5,59,0.007821321487426758
3FFRA,0,"[47, 253]",362,5,60,0.008066038601100445
3FWYA,0,"[51, 167]",314,5,0,0.0074113295413553715
3FWYA,0,"[51, 167]",314,5,1,0.008724681101739407
3FWYA,0,"[51, 167]",314,5,2,0.008923877030611038
3FWYA,0,"[51, 167]",314,5,3,0.008380337618291378
3FWYA,0,"[51, 167]",314,5,4,0.008531397208571434
3FWYA,0,"[51, 167]",314,5,5,0.008032392710447311
3FWYA,0,"[51, 167]",314,5,6,0.008195958100259304
3FWYA,0,"[51, 167]",314,5,7,0.007573756389319897
3FWYA,0,"[51, 167]",314,5,8,0.010126862674951553
3FWYA,0,"[51, 167]",314,5,9,0.013788589276373386
3FWYA,0,"[51, 167]",314,5,10,0.008582617156207561
3FWYA,0,"[51, 167]",314,5,11,0.009653043001890182
3FWYA,0,"[51, 167]",314,5,12,0.008468113839626312
3FWYA,0,"[51, 167]",314,5,13,0.008616277948021889
3FWYA,0,"[51, 167]",314,5,14,0.007893321104347706
3FWYA,0,"[51, 167]",314,5,15,0.007153751328587532
3FWYA,0,"[51, 167]",314,5,16,0.0074913715943694115
3FWYA,0,"[51, 167]",314,5,17,0.007852458395063877
3FWYA,0,"[51, 167]",314,5,18,0.007234244607388973
3FWYA,0,"[51, 167]",314,5,19,0.11122428625822067
3FWYA,0,"[51, 167]",314,5,20,0.08929493278265
3FWYA,0,"[51, 167]",314,5,21,0.06976235657930374
3FWYA,0,"[51, 167]",314,5,22,0.06473148614168167
3FWYA,0,"[51, 167]",314,5,23,0.04629654809832573
3FWYA,0,"[51, 167]",314,5,24,0.03217639774084091
3FWYA,0,"[51, 167]",314,5,25,0.030073244124650955
3FWYA,0,"[51, 167]",314,5,26,0.02144402265548706
3FWYA,0,"[51, 167]",314,5,27,0.49682071805000305
3FWYA,0,"[51, 167]",314,5,28,0.47859349846839905
3FWYA,0,"[51, 167]",314,5,29,0.36394187808036804
3FWYA,0,"[51, 167]",314,5,30,0.2886532247066498
3FWYA,0,"[51, 167]",314,5,31,0.4196876287460327
3FWYA,0,"[51, 167]",314,5,32,0.5771294236183167
3FWYA,0,"[51, 167]",314,5,33,0.6430061459541321
3FWYA,0,"[51, 167]",314,5,34,0.6368318200111389
3FWYA,0,"[51, 167]",314,5,35,0.6386095881462097
3FWYA,0,"[51, 167]",314,5,36,0.6501119136810303
3FWYA,0,"[51, 167]",314,5,37,0.6449325680732727
3FWYA,0,"[51, 167]",314,5,38,0.6491643190383911
3FWYA,0,"[51, 167]",314,5,39,0.6595653295516968
3FWYA,0,"[51, 167]",314,5,40,0.693491518497467
3FWYA,0,"[51, 167]",314,5,41,0.6867218613624573
3FWYA,0,"[51, 167]",314,5,42,0.6795442700386047
3FWYA,0,"[51, 167]",314,5,43,0.6753548383712769
3FWYA,0,"[51, 167]",314,5,44,0.6865785717964172
3FWYA,0,"[51, 167]",314,5,45,0.7116959691047668
3FWYA,0,"[51, 167]",314,5,46,0.6909714341163635
3FWYA,0,"[51, 167]",314,5,47,0.7461854815483093
3FWYA,0,"[51, 167]",314,5,48,0.7546248435974121
3FWYA,0,"[51, 167]",314,5,49,0.782310426235199
3FWYA,0,"[51, 167]",314,5,50,0.7701495289802551
3FWYA,0,"[51, 167]",314,5,51,0.8133319616317749
3FWYA,0,"[51, 167]",314,5,52,0.7953950762748718
3FWYA,0,"[51, 167]",314,5,53,0.7798386216163635
3FWYA,0,"[51, 167]",314,5,54,0.7913260459899902
3FWYA,0,"[51, 167]",314,5,55,0.7906835079193115
3FWYA,0,"[51, 167]",314,5,56,0.7454339861869812
3FWYA,0,"[51, 167]",314,5,57,0.7648903131484985
3FWYA,0,"[51, 167]",314,5,58,0.64692223072052
3FWYA,0,"[51, 167]",314,5,59,0.7310397624969482
3FWYA,0,"[51, 167]",314,5,60,0.7430000901222229
3FXQA,0,"[159, 271]",305,5,0,0.007142811082303524
3FXQA,0,"[159, 271]",305,5,1,0.007312724366784096
3FXQA,0,"[159, 271]",305,5,2,0.006816355977207422
3FXQA,0,"[159, 271]",305,5,3,0.0073799011297523975
3FXQA,0,"[159, 271]",305,5,4,0.00604904443025589
3FXQA,0,"[159, 271]",305,5,5,0.0061498298309743404
3FXQA,0,"[159, 271]",305,5,6,0.005416456609964371
3FXQA,0,"[159, 271]",305,5,7,0.0059874760918319225
3FXQA,0,"[159, 271]",305,5,8,0.0059034740552306175
3FXQA,0,"[159, 271]",305,5,9,0.006222143303602934
3FXQA,0,"[159, 271]",305,5,10,0.005942916963249445
3FXQA,0,"[159, 271]",305,5,11,0.0058816466480493546
3FXQA,0,"[159, 271]",305,5,12,0.005864977836608887
3FXQA,0,"[159, 271]",305,5,13,0.005911323241889477
3FXQA,0,"[159, 271]",305,5,14,0.005606343504041433
3FXQA,0,"[159, 271]",305,5,15,0.006109494715929031
3FXQA,0,"[159, 271]",305,5,16,0.005824104882776737
3FXQA,0,"[159, 271]",305,5,17,0.005407297983765602
3FXQA,0,"[159, 271]",305,5,18,0.005662677343934774
3FXQA,0,"[159, 271]",305,5,19,0.005232693627476692
3FXQA,0,"[159, 271]",305,5,20,0.005179361440241337
3FXQA,0,"[159, 271]",305,5,21,0.00531567819416523
3FXQA,0,"[159, 271]",305,5,22,0.005178943742066622
3FXQA,0,"[159, 271]",305,5,23,0.006383209489285946
3FXQA,0,"[159, 271]",305,5,24,0.005854886490851641
3FXQA,0,"[159, 271]",305,5,25,0.005929809994995594
3FXQA,0,"[159, 271]",305,5,26,0.006006784271448851
3FXQA,0,"[159, 271]",305,5,27,0.01586970128118992
3FXQA,0,"[159, 271]",305,5,28,0.016299428418278694
3FXQA,0,"[159, 271]",305,5,29,0.017719808965921402
3FXQA,0,"[159, 271]",305,5,30,0.019910315051674843
3FXQA,0,"[159, 271]",305,5,31,0.017216816544532776
3FXQA,0,"[159, 271]",305,5,32,0.017246883362531662
3FXQA,0,"[159, 271]",305,5,33,0.01426699385046959
3FXQA,0,"[159, 271]",305,5,34,0.954849123954773
3FXQA,0,"[159, 271]",305,5,35,0.974109947681427
3FXQA,0,"[159, 271]",305,5,36,0.9956889748573303
3FXQA,0,"[159, 271]",305,5,37,0.9934325218200684
3FXQA,0,"[159, 271]",305,5,38,0.9968652725219727
3FXQA,0,"[159, 271]",305,5,39,1.0042537450790405
3G68A,0,"[193, 321]",352,5,0,0.0051789055578410625
3G68A,0,"[193, 321]",352,5,1,0.006316961720585823
3G68A,0,"[193, 321]",352,5,2,0.004981596488505602
3G68A,0,"[193, 321]",352,5,3,0.005652283784002066
3G68A,0,"[193, 321]",352,5,4,0.006780397146940231
3G68A,0,"[193, 321]",352,5,5,0.006430035922676325
3G68A,0,"[193, 321]",352,5,6,0.006264031399041414
3G68A,0,"[193, 321]",352,5,7,0.006413580849766731
3G68A,0,"[193, 321]",352,5,8,0.006446120794862509
3G68A,0,"[193, 321]",352,5,9,0.006820149254053831
3G68A,0,"[193, 321]",352,5,10,0.004769459832459688
3G68A,0,"[193, 321]",352,5,11,0.006409212481230497
3G68A,0,"[193, 321]",352,5,12,0.005669166333973408
3G68A,0,"[193, 321]",352,5,13,0.006215485744178295
3G68A,0,"[193, 321]",352,5,14,0.006024498492479324
3G68A,0,"[193, 321]",352,5,15,0.00581031059846282
3G68A,0,"[193, 321]",352,5,16,0.005610217340290546
3G68A,0,"[193, 321]",352,5,17,0.008930513635277748
3G68A,0,"[193, 321]",352,5,18,0.005525591317564249
3G68A,0,"[193, 321]",352,5,19,0.005886890459805727
3G68A,0,"[193, 321]",352,5,20,0.005814549047499895
3G68A,0,"[193, 321]",352,5,21,0.0063804518431425095
3G68A,0,"[193, 321]",352,5,22,0.006441675126552582
3G68A,0,"[193, 321]",352,5,23,0.006257397588342428
3G68A,0,"[193, 321]",352,5,24,0.0060075572691857815
3G68A,0,"[193, 321]",352,5,25,0.0054704658687114716
3G68A,0,"[193, 321]",352,5,26,0.005457593128085136
3G68A,0,"[193, 321]",352,5,27,0.006291944067925215
3G68A,0,"[193, 321]",352,5,28,0.0063145761378109455
3G68A,0,"[193, 321]",352,5,29,0.0063326419331133366
3G68A,0,"[193, 321]",352,5,30,0.006268547847867012
3G68A,0,"[193, 321]",352,5,31,0.006591419223695993
3G68A,0,"[193, 321]",352,5,32,0.007075103931128979
3G68A,0,"[193, 321]",352,5,33,0.006317882798612118
3G68A,0,"[193, 321]",352,5,34,0.006845824886113405
3G68A,0,"[193, 321]",352,5,35,0.0074819959700107574
3G68A,0,"[193, 321]",352,5,36,0.007314695976674557
3G68A,0,"[193, 321]",352,5,37,0.006905221380293369
3G68A,0,"[193, 321]",352,5,38,0.006428312975913286
3G68A,0,"[193, 321]",352,5,39,0.006409958936274052
3G68A,0,"[193, 321]",352,5,40,0.007046415004879236
3G68A,0,"[193, 321]",352,5,41,0.006895497906953096
3G68A,0,"[193, 321]",352,5,42,0.006817362271249294
3G68A,0,"[193, 321]",352,5,43,0.006938070524483919
3G68A,0,"[193, 321]",352,5,44,0.006862201262265444
3G68A,0,"[193, 321]",352,5,45,0.006801416631788015
3G68A,0,"[193, 321]",352,5,46,0.006726315710693598
3G68A,0,"[193, 321]",352,5,47,0.00651555648073554
3G68A,0,"[193, 321]",352,5,48,0.006627136841416359
3G68A,0,"[193, 321]",352,5,49,0.006576250307261944
3G68A,0,"[193, 321]",352,5,50,0.006575879640877247
3G68A,0,"[193, 321]",352,5,51,0.0066029843874275684
3G68A,0,"[193, 321]",352,5,52,0.006788577884435654
3G68A,0,"[193, 321]",352,5,53,0.0069397022016346455
3G68A,0,"[193, 321]",352,5,54,0.006945784669369459
3G68A,0,"[193, 321]",352,5,55,0.007081965450197458
3G68A,0,"[193, 321]",352,5,56,0.0071607050485908985
3G68A,0,"[193, 321]",352,5,57,0.007172010838985443
3G68A,0,"[193, 321]",352,5,58,0.0069957938976585865
3G68A,0,"[193, 321]",352,5,59,0.006962371990084648
3G68A,0,"[193, 321]",352,5,60,0.006974194198846817
3GO6A,0,"[22, 147]",310,5,0,0.006812900770455599
3GO6A,0,"[22, 147]",310,5,1,0.00823334138840437
3GO6A,0,"[22, 147]",310,5,2,0.006541110575199127
3GO6A,0,"[22, 147]",310,5,3,0.007812618277966976
3GO6A,0,"[22, 147]",310,5,4,0.007743299938738346
3GO6A,0,"[22, 147]",310,5,5,0.007021227851510048
3GO6A,0,"[22, 147]",310,5,6,0.00834460649639368
3GO6A,0,"[22, 147]",310,5,7,0.006301449611783028
3GO6A,0,"[22, 147]",310,5,8,0.007591493893414736
3GO6A,0,"[22, 147]",310,5,9,0.009470333345234394
3GO6A,0,"[22, 147]",310,5,10,0.019702360033988953
3GO6A,0,"[22, 147]",310,5,11,0.008729834109544754
3GO6A,0,"[22, 147]",310,5,12,0.007344201672822237
3GO6A,0,"[22, 147]",310,5,13,0.007420601323246956
3GO6A,0,"[22, 147]",310,5,14,0.008088250644505024
3GO6A,0,"[22, 147]",310,5,15,0.007184529677033424
3GO6A,0,"[22, 147]",310,5,16,0.0070951865054667
3GO6A,0,"[22, 147]",310,5,17,0.008159945718944073
3GO6A,0,"[22, 147]",310,5,18,0.007197728380560875
3GO6A,0,"[22, 147]",310,5,19,0.007107223849743605
3GO6A,0,"[22, 147]",310,5,20,0.00771914329379797
3GO6A,0,"[22, 147]",310,5,21,0.007922571152448654
3GO6A,0,"[22, 147]",310,5,22,0.008641446009278297
3GO6A,0,"[22, 147]",310,5,23,0.008445367217063904
3GO6A,0,"[22, 147]",310,5,24,0.008397349156439304
3GO6A,0,"[22, 147]",310,5,25,0.008996487595140934
3GO6A,0,"[22, 147]",310,5,26,0.009651890955865383
3GO6A,0,"[22, 147]",310,5,27,0.009349078871309757
3GO6A,0,"[22, 147]",310,5,28,0.008262254297733307
3GO6A,0,"[22, 147]",310,5,29,0.009859684854745865
3GO6A,0,"[22, 147]",310,5,30,0.006278352811932564
3GO6A,0,"[22, 147]",310,5,31,0.013843663036823273
3GO6A,0,"[22, 147]",310,5,32,0.014431709423661232
3GO6A,0,"[22, 147]",310,5,33,0.015301943756639957
3GO6A,0,"[22, 147]",310,5,34,0.014669323340058327
3GO6A,0,"[22, 147]",310,5,35,0.016547588631510735
3GO6A,0,"[22, 147]",310,5,36,0.09624464809894562
3GO6A,0,"[22, 147]",310,5,37,0.31524398922920227
3GO6A,0,"[22, 147]",310,5,38,0.2110559344291687
3GO6A,0,"[22, 147]",310,5,39,0.22625528275966644
3GO6A,0,"[22, 147]",310,5,40,0.8767911195755005
3GO6A,0,"[22, 147]",310,5,41,0.9561525583267212
3GO6A,0,"[22, 147]",310,5,42,0.960602879524231
3GO6A,0,"[22, 147]",310,5,43,0.9597678184509277
3GUYA,0,"[17, 201]",230,5,0,0.0047793579287827015
3GUYA,0,"[17, 201]",230,5,1,0.005281221121549606
3GUYA,0,"[17, 201]",230,5,2,0.0034644061233848333
3GUYA,0,"[17, 201]",230,5,3,0.003220881335437298
3GUYA,0,"[17, 201]",230,5,4,0.003477843012660742
3GUYA,0,"[17, 201]",230,5,5,0.003352415282279253
3GUYA,0,"[17, 201]",230,5,6,0.004642477724701166
3GUYA,0,"[17, 201]",230,5,7,0.004170727450400591
3GUYA,0,"[17, 201]",230,5,8,0.0036736340261995792
3GUYA,0,"[17, 201]",230,5,9,0.0036324365064501762
3GUYA,0,"[17, 201]",230,5,10,0.004895427264273167
3GUYA,0,"[17, 201]",230,5,11,0.005397232715040445
3GUYA,0,"[17, 201]",230,5,12,0.0054434058256447315
3GUYA,0,"[17, 201]",230,5,13,0.008171395398676395
3GUYA,0,"[17, 201]",230,5,14,0.00910890381783247
3GUYA,0,"[17, 201]",230,5,15,0.009699894115328789
3GUYA,0,"[17, 201]",230,5,16,0.009111568331718445
3GUYA,0,"[17, 201]",230,5,17,0.01003940962255001
3GUYA,0,"[17, 201]",230,5,18,0.012708479538559914
3GUYA,0,"[17, 201]",230,5,19,0.014657688327133656
3GUYA,0,"[17, 201]",230,5,20,0.012636457569897175
3GUYA,0,"[17, 201]",230,5,21,0.013655507937073708
3GUYA,0,"[17, 201]",230,5,22,0.01495710201561451
3GUYA,0,"[17, 201]",230,5,23,0.014402266591787338
3GUYA,0,"[17, 201]",230,5,24,0.014402266591787338
3GUYA,0,"[17, 201]",230,5,25,0.014402266591787338
3GUYA,0,"[17, 201]",230,5,26,0.014402266591787338
3GUYA,0,"[17, 201]",230,5,27,0.014402266591787338
3GUYA,0,"[17, 201]",230,5,28,0.014402266591787338
3GUYA,0,"[17, 201]",230,5,29,0.014402266591787338
3GUYA,0,"[17, 201]",230,5,30,0.014402266591787338
3GUYA,0,"[17, 201]",230,5,31,0.014402266591787338
3GUYA,0,"[17, 201]",230,5,32,0.014402266591787338
3GUYA,0,"[17, 201]",230,5,33,0.014402266591787338
3GUYA,0,"[17, 201]",230,5,34,0.014402266591787338
3GUYA,0,"[17, 201]",230,5,35,0.014402266591787338
3GUYA,0,"[17, 201]",230,5,36,0.014402266591787338
3GUYA,0,"[17, 201]",230,5,37,0.014402266591787338
3GUYA,0,"[17, 201]",230,5,38,0.014402266591787338
3GUYA,0,"[17, 201]",230,5,39,0.014402266591787338
3GUYA,0,"[17, 201]",230,5,40,0.014402266591787338
3GUYA,0,"[17, 201]",230,5,41,0.014402266591787338
3GUYA,0,"[17, 201]",230,5,42,0.014402266591787338
3GUYA,0,"[17, 201]",230,5,43,0.014402266591787338
3GUYA,0,"[17, 201]",230,5,44,0.014402266591787338
3GUYA,0,"[17, 201]",230,5,45,0.014402266591787338
3GUYA,0,"[17, 201]",230,5,46,0.014402266591787338
3GUYA,0,"[17, 201]",230,5,47,0.014402266591787338
3GUYA,0,"[17, 201]",230,5,48,0.014402266591787338
3GUYA,0,"[17, 201]",230,5,49,0.014402266591787338
3GUYA,0,"[17, 201]",230,5,50,0.014402266591787338
3GUYA,0,"[17, 201]",230,5,51,0.014402266591787338
3GUYA,0,"[17, 201]",230,5,52,0.014402266591787338
3GUYA,0,"[17, 201]",230,5,53,0.014402266591787338
3GUYA,0,"[17, 201]",230,5,54,0.014402266591787338
3GUYA,0,"[17, 201]",230,5,55,0.014402266591787338
3GUYA,0,"[17, 201]",230,5,56,0.014402266591787338
3GUYA,0,"[17, 201]",230,5,57,0.014402266591787338
3GUYA,0,"[17, 201]",230,5,58,0.014402266591787338
3GUYA,0,"[17, 201]",230,5,59,0.014402266591787338
3GUYA,0,"[17, 201]",230,5,60,0.014402646571397781
3GYBA,0,"[26, 238]",280,5,0,0.005688921082764864
3GYBA,0,"[26, 238]",280,5,1,0.005618063732981682
3GYBA,0,"[26, 238]",280,5,2,0.004580952227115631
3GYBA,0,"[26, 238]",280,5,3,0.005605748854577541
3GYBA,0,"[26, 238]",280,5,4,0.0059966337867081165
3GYBA,0,"[26, 238]",280,5,5,0.005969284567981958
3GYBA,0,"[26, 238]",280,5,6,0.005914708133786917
3GYBA,0,"[26, 238]",280,5,7,0.005514680407941341
3GYBA,0,"[26, 238]",280,5,8,0.005569491069763899
3GYBA,0,"[26, 238]",280,5,9,0.005711167119443417
3GYBA,0,"[26, 238]",280,5,10,0.005169991869479418
3GYBA,0,"[26, 238]",280,5,11,0.005191355012357235
3GYBA,0,"[26, 238]",280,5,12,0.0060316394083201885
3GYBA,0,"[26, 238]",280,5,13,0.006130717229098082
3GYBA,0,"[26, 238]",280,5,14,0.008736658841371536
3GYBA,0,"[26, 238]",280,5,15,0.016389450058341026
3GYBA,0,"[26, 238]",280,5,16,0.02148468792438507
3GYBA,0,"[26, 238]",280,5,17,0.020748037844896317
3GYBA,0,"[26, 238]",280,5,18,0.02120460942387581
3GYBA,0,"[26, 238]",280,5,19,0.01797524280846119
3GYBA,0,"[26, 238]",280,5,20,0.01676129177212715
3GYBA,0,"[26, 238]",280,5,21,0.01472207996994257
3GYBA,0,"[26, 238]",280,5,22,0.014090398326516151
3GYBA,0,"[26, 238]",280,5,23,0.015912355855107307
3GYBA,0,"[26, 238]",280,5,24,0.015833325684070587
3GYBA,0,"[26, 238]",280,5,25,0.012808864936232567
3GYBA,0,"[26, 238]",280,5,26,0.013050492852926254
3GYBA,0,"[26, 238]",280,5,27,0.013335272669792175
3GYBA,0,"[26, 238]",280,5,28,0.013103804551064968
3GYBA,0,"[26, 238]",280,5,29,0.013055596500635147
3GYBA,0,"[26, 238]",280,5,30,0.15809683501720428
3GYBA,0,"[26, 238]",280,5,31,0.028705120086669922
3GYBA,0,"[26, 238]",280,5,32,0.03028581477701664
3GYBA,0,"[26, 238]",280,5,33,0.8425459265708923
3GYBA,0,"[26, 238]",280,5,34,0.988028347492218
3GYBA,0,"[26, 238]",280,5,35,0.9617177248001099
3H14A,0,"[52, 269]",391,5,0,0.006299150176346302
3H14A,0,"[52, 269]",391,5,1,0.00541169848293066
3H14A,0,"[52, 269]",391,5,2,0.006758704315871
3H14A,0,"[52, 269]",391,5,3,0.006683310493826866
3H14A,0,"[52, 269]",391,5,4,0.006180331110954285
3H14A,0,"[52, 269]",391,5,5,0.0066427323035895824
3H14A,0,"[52, 269]",391,5,6,0.006061953958123922
3H14A,0,"[52, 269]",391,5,7,0.005766168236732483
3H14A,0,"[52, 269]",391,5,8,0.005864116828888655
3H14A,0,"[52, 269]",391,5,9,0.005055730696767569
3H14A,0,"[52, 269]",391,5,10,0.00611317902803421
3H14A,0,"[52, 269]",391,5,11,0.006175733171403408
3H14A,0,"[52, 269]",391,5,12,0.006734770257025957
3H14A,0,"[52, 269]",391,5,13,0.00683838315308094
3H14A,0,"[52, 269]",391,5,14,0.006031370721757412
3H14A,0,"[52, 269]",391,5,15,0.005563647486269474
3H14A,0,"[52, 269]",391,5,16,0.005308973602950573
3H14A,0,"[52, 269]",391,5,17,0.0058467211201786995
3H14A,0,"[52, 269]",391,5,18,0.005437673069536686
3H14A,0,"[52, 269]",391,5,19,0.004670505411922932
3H14A,0,"[52, 269]",391,5,20,0.005118479952216148
3H14A,0,"[52, 269]",391,5,21,0.0054007163271307945
3H14A,0,"[52, 269]",391,5,22,0.0055929748341441154
3H14A,0,"[52, 269]",391,5,23,0.005582122132182121
3H14A,0,"[52, 269]",391,5,24,0.005675747990608215
3H14A,0,"[52, 269]",391,5,25,0.006190934218466282
3H14A,0,"[52, 269]",391,5,26,0.006078352220356464
3H14A,0,"[52, 269]",391,5,27,0.006658125203102827
3H14A,0,"[52, 269]",391,5,28,0.006530804559588432
3H14A,0,"[52, 269]",391,5,29,0.026384782046079636
3H14A,0,"[52, 269]",391,5,30,0.018814442679286003
3H14A,0,"[52, 269]",391,5,31,0.03882736712694168
3H14A,0,"[52, 269]",391,5,32,0.02223273180425167
3H14A,0,"[52, 269]",391,5,33,0.01601094752550125
3H14A,0,"[52, 269]",391,5,34,0.055479176342487335
3H14A,0,"[52, 269]",391,5,35,0.031643159687519073
3H14A,0,"[52, 269]",391,5,36,0.033650726079940796
3H14A,0,"[52, 269]",391,5,37,0.15315234661102295
3H14A,0,"[52, 269]",391,5,38,0.8867850303649902
3H14A,0,"[52, 269]",391,5,39,0.30384889245033264
3H14A,0,"[52, 269]",391,5,40,0.9253841638565063
3H14A,0,"[52, 269]",391,5,41,0.9196438193321228
3H14A,0,"[52, 269]",391,5,42,0.9063754081726074
3H14A,0,"[52, 269]",391,5,43,0.8288587331771851
3H7IA,0,"[16, 150]",305,5,0,0.007660920266062021
3H7IA,0,"[16, 150]",305,5,1,0.02348325029015541
3H7IA,0,"[16, 150]",305,5,2,0.007988647557795048
3H7IA,0,"[16, 150]",305,5,3,0.007396065164357424
3H7IA,0,"[16, 150]",305,5,4,0.007003274280577898
3H7IA,0,"[16, 150]",305,5,5,0.0065558673813939095
3H7IA,0,"[16, 150]",305,5,6,0.006845728028565645
3H7IA,0,"[16, 150]",305,5,7,0.006953295785933733
3H7IA,0,"[16, 150]",305,5,8,0.006667337846010923
3H7IA,0,"[16, 150]",305,5,9,0.008711553178727627
3H7IA,0,"[16, 150]",305,5,10,0.0076555428095161915
3H7IA,0,"[16, 150]",305,5,11,0.008063951507210732
3H7IA,0,"[16, 150]",305,5,12,0.00801029335707426
3H7IA,0,"[16, 150]",305,5,13,0.007913296110928059
3H7IA,0,"[16, 150]",305,5,14,0.008361614309251308
3H7IA,0,"[16, 150]",305,5,15,0.007588640321046114
3H7IA,0,"[16, 150]",305,5,16,0.007861861027777195
3H7IA,0,"[16, 150]",305,5,17,0.007327734958380461
3H7IA,0,"[16, 150]",305,5,18,0.007316458038985729
3H7IA,0,"[16, 150]",305,5,19,0.007353339809924364
3H7IA,0,"[16, 150]",305,5,20,0.007444410584867001
3H7IA,0,"[16, 150]",305,5,21,0.006594208534806967
3H7IA,0,"[16, 150]",305,5,22,0.018124688416719437
3H7IA,0,"[16, 150]",305,5,23,0.016922947019338608
3H7IA,0,"[16, 150]",305,5,24,0.026391254737973213
3H7IA,0,"[16, 150]",305,5,25,0.03146444633603096
3H7IA,0,"[16, 150]",305,5,26,0.027697522193193436
3H7IA,0,"[16, 150]",305,5,27,0.038469862192869186
3H7IA,0,"[16, 150]",305,5,28,0.031886082142591476
3H7IA,0,"[16, 150]",305,5,29,0.032007332891225815
3H7IA,0,"[16, 150]",305,5,30,0.02859678864479065
3H7IA,0,"[16, 150]",305,5,31,0.02189813181757927
3H7IA,0,"[16, 150]",305,5,32,0.03428063541650772
3H7IA,0,"[16, 150]",305,5,33,0.13666163384914398
3H7IA,0,"[16, 150]",305,5,34,0.2721836268901825
3H7IA,0,"[16, 150]",305,5,35,0.2685108482837677
3H7IA,0,"[16, 150]",305,5,36,0.1610548347234726
3H7IA,0,"[16, 150]",305,5,37,0.03497898206114769
3H7IA,0,"[16, 150]",305,5,38,0.024744877591729164
3H7IA,0,"[16, 150]",305,5,39,0.04551009461283684
3H7IA,0,"[16, 150]",305,5,40,0.10649871081113815
3H7IA,0,"[16, 150]",305,5,41,0.3347649872303009
3H7IA,0,"[16, 150]",305,5,42,0.17930079996585846
3H7IA,0,"[16, 150]",305,5,43,0.1100909560918808
3H7IA,0,"[16, 150]",305,5,44,0.17774005234241486
3H7IA,0,"[16, 150]",305,5,45,0.12321674078702927
3H7IA,0,"[16, 150]",305,5,46,0.1095990538597107
3H7IA,0,"[16, 150]",305,5,47,0.0674886628985405
3H7IA,0,"[16, 150]",305,5,48,0.07825147360563278
3H7IA,0,"[16, 150]",305,5,49,0.04721195250749588
3H7IA,0,"[16, 150]",305,5,50,0.0961616039276123
3H7IA,0,"[16, 150]",305,5,51,0.056443553417921066
3H7IA,0,"[16, 150]",305,5,52,0.05204929783940315
3H7IA,0,"[16, 150]",305,5,53,0.054596927016973495
3H7IA,0,"[16, 150]",305,5,54,0.06575670838356018
3H7IA,0,"[16, 150]",305,5,55,0.061502739787101746
3H7IA,0,"[16, 150]",305,5,56,0.0599314421415329
3H7IA,0,"[16, 150]",305,5,57,0.052261512726545334
3H7IA,0,"[16, 150]",305,5,58,0.05260411277413368
3H7IA,0,"[16, 150]",305,5,59,0.04476061090826988
3H7IA,0,"[16, 150]",305,5,60,0.040087416768074036
3HDXA,0,"[218, 369]",478,5,0,0.005769144743680954
3HDXA,0,"[218, 369]",478,5,1,0.00573566323146224
3HDXA,0,"[218, 369]",478,5,2,0.006032843142747879
3HDXA,0,"[218, 369]",478,5,3,0.0063098701648414135
3HDXA,0,"[218, 369]",478,5,4,0.005865497048944235
3HDXA,0,"[218, 369]",478,5,5,0.005458856467157602
3HDXA,0,"[218, 369]",478,5,6,0.00508595397695899
3HDXA,0,"[218, 369]",478,5,7,0.005734272766858339
3HDXA,0,"[218, 369]",478,5,8,0.005818296689540148
3HDXA,0,"[218, 369]",478,5,9,0.00548862898722291
3HDXA,0,"[218, 369]",478,5,10,0.005729092285037041
3HDXA,0,"[218, 369]",478,5,11,0.005863071884959936
3HDXA,0,"[218, 369]",478,5,12,0.005648687481880188
3HDXA,0,"[218, 369]",478,5,13,0.0056850058026611805
3HDXA,0,"[218, 369]",478,5,14,0.005659791175276041
3HDXA,0,"[218, 369]",478,5,15,0.005850506946444511
3HDXA,0,"[218, 369]",478,5,16,0.005995475687086582
3HDXA,0,"[218, 369]",478,5,17,0.006213391199707985
3HDXA,0,"[218, 369]",478,5,18,0.00643949257209897
3HDXA,0,"[218, 369]",478,5,19,0.006541396491229534
3HDXA,0,"[218, 369]",478,5,20,0.0062004150822758675
3HDXA,0,"[218, 369]",478,5,21,0.00624944269657135
3HDXA,0,"[218, 369]",478,5,22,0.006556173786520958
3HDXA,0,"[218, 369]",478,5,23,0.0058593121357262135
3HDXA,0,"[218, 369]",478,5,24,0.005790697410702705
3HDXA,0,"[218, 369]",478,5,25,0.006434830371290445
3HDXA,0,"[218, 369]",478,5,26,0.006239648908376694
3HDXA,0,"[218, 369]",478,5,27,0.006249995902180672
3HDXA,0,"[218, 369]",478,5,28,0.006283868104219437
3HDXA,0,"[218, 369]",478,5,29,0.006141347344964743
3HDXA,0,"[218, 369]",478,5,30,0.005783154163509607
3HDXA,0,"[218, 369]",478,5,31,0.005815403535962105
3HDXA,0,"[218, 369]",478,5,32,0.005214081611484289
3HDXA,0,"[218, 369]",478,5,33,0.005755385849624872
3HDXA,0,"[218, 369]",478,5,34,0.006142502650618553
3HDXA,0,"[218, 369]",478,5,35,0.005886716768145561
3HDXA,0,"[218, 369]",478,5,36,0.005866949446499348
3HDXA,0,"[218, 369]",478,5,37,0.00592556968331337
3HDXA,0,"[218, 369]",478,5,38,0.005121828988194466
3HDXA,0,"[218, 369]",478,5,39,0.005524886306375265
3HDXA,0,"[218, 369]",478,5,40,0.005258939228951931
3HDXA,0,"[218, 369]",478,5,41,0.005645592696964741
3HDXA,0,"[218, 369]",478,5,42,0.006523836869746447
3HDXA,0,"[218, 369]",478,5,43,0.00733904168009758
3HDXA,0,"[218, 369]",478,5,44,0.005957648623734713
3HDXA,0,"[218, 369]",478,5,45,0.005624138284474611
3HDXA,0,"[218, 369]",478,5,46,0.00583818880841136
3HDXA,0,"[218, 369]",478,5,47,0.005849211942404509
3HDXA,0,"[218, 369]",478,5,48,0.005449103657156229
3HDXA,0,"[218, 369]",478,5,49,0.9518852233886719
3HDXA,0,"[218, 369]",478,5,50,0.9490220546722412
3HDXA,0,"[218, 369]",478,5,51,0.9515480399131775
3HO7A,0,"[76, 189]",232,5,0,0.004537701141089201
3HO7A,0,"[76, 189]",232,5,1,0.005236602853983641
3HO7A,0,"[76, 189]",232,5,2,0.005465394351631403
3HO7A,0,"[76, 189]",232,5,3,0.0055621047504246235
3HO7A,0,"[76, 189]",232,5,4,0.005951434839516878
3HO7A,0,"[76, 189]",232,5,5,0.004836847074329853
3HO7A,0,"[76, 189]",232,5,6,0.0055523160845041275
3HO7A,0,"[76, 189]",232,5,7,0.005673983599990606
3HO7A,0,"[76, 189]",232,5,8,0.00588346179574728
3HO7A,0,"[76, 189]",232,5,9,0.0056823305785655975
3HO7A,0,"[76, 189]",232,5,10,0.005215918179601431
3HO7A,0,"[76, 189]",232,5,11,0.005124373827129602
3HO7A,0,"[76, 189]",232,5,12,0.005484333261847496
3HO7A,0,"[76, 189]",232,5,13,0.0053888894617557526
3HO7A,0,"[76, 189]",232,5,14,0.005371942650526762
3HO7A,0,"[76, 189]",232,5,15,0.012113464996218681
3HO7A,0,"[76, 189]",232,5,16,0.020070254802703857
3HO7A,0,"[76, 189]",232,5,17,0.028149528428912163
3HO7A,0,"[76, 189]",232,5,18,0.022131023928523064
3HO7A,0,"[76, 189]",232,5,19,0.01934395730495453
3HO7A,0,"[76, 189]",232,5,20,0.053628817200660706
3HO7A,0,"[76, 189]",232,5,21,0.15241117775440216
3HO7A,0,"[76, 189]",232,5,22,0.19692730903625488
3HO7A,0,"[76, 189]",232,5,23,0.5026233792304993
3HO7A,0,"[76, 189]",232,5,24,0.7988783121109009
3HO7A,0,"[76, 189]",232,5,25,0.8259435892105103
3HO7A,0,"[76, 189]",232,5,26,0.8110437393188477
3HO7A,0,"[76, 189]",232,5,27,0.709465742111206
3HO7A,0,"[76, 189]",232,5,28,0.819633424282074
3HO7A,0,"[76, 189]",232,5,29,0.8307891488075256
3HO7A,0,"[76, 189]",232,5,30,0.857536792755127
3HO7A,0,"[76, 189]",232,5,31,0.8720245957374573
3HO7A,0,"[76, 189]",232,5,32,0.8775643706321716
3HO7A,0,"[76, 189]",232,5,33,0.8918696045875549
3HO7A,0,"[76, 189]",232,5,34,0.8864927887916565
3HO7A,0,"[76, 189]",232,5,35,0.8990690112113953
3HO7A,0,"[76, 189]",232,5,36,0.9159538149833679
3HO7A,0,"[76, 189]",232,5,37,0.9266397953033447
3HO7A,0,"[76, 189]",232,5,38,0.9222697615623474
3HO7A,0,"[76, 189]",232,5,39,0.9277603030204773
3HO7A,0,"[76, 189]",232,5,40,0.9304565191268921
3HO7A,0,"[76, 189]",232,5,41,0.9329906105995178
3HO7A,0,"[76, 189]",232,5,42,0.9352735280990601
3HO7A,0,"[76, 189]",232,5,43,0.9317351579666138
3HO7A,0,"[76, 189]",232,5,44,0.9261420965194702
3HO7A,0,"[76, 189]",232,5,45,0.9177207946777344
3HO7A,0,"[76, 189]",232,5,46,0.9109635353088379
3HO7A,0,"[76, 189]",232,5,47,0.9057743549346924
3HO7A,0,"[76, 189]",232,5,48,0.9001326560974121
3HO7A,0,"[76, 189]",232,5,49,0.9120391011238098
3HO7A,0,"[76, 189]",232,5,50,0.9123196601867676
3HO7A,0,"[76, 189]",232,5,51,0.9072491526603699
3HO7A,0,"[76, 189]",232,5,52,0.9089322686195374
3HO7A,0,"[76, 189]",232,5,53,0.9101653099060059
3HO7A,0,"[76, 189]",232,5,54,0.9083209037780762
3HO7A,0,"[76, 189]",232,5,55,0.9027437567710876
3HO7A,0,"[76, 189]",232,5,56,0.9065641760826111
3HO7A,0,"[76, 189]",232,5,57,0.9057561755180359
3HO7A,0,"[76, 189]",232,5,58,0.9102277755737305
3HO7A,0,"[76, 189]",232,5,59,0.9132334589958191
3HO7A,0,"[76, 189]",232,5,60,0.9076341986656189
3HZ6A,0,"[260, 406]",511,5,0,0.00856164749711752
3HZ6A,0,"[260, 406]",511,5,1,0.008129394613206387
3HZ6A,0,"[260, 406]",511,5,2,0.008085132576525211
3HZ6A,0,"[260, 406]",511,5,3,0.0076260375790297985
3HZ6A,0,"[260, 406]",511,5,4,0.007647471968084574
3HZ6A,0,"[260, 406]",511,5,5,0.007931746542453766
3HZ6A,0,"[260, 406]",511,5,6,0.008411177434027195
3HZ6A,0,"[260, 406]",511,5,7,0.007782121188938618
3HZ6A,0,"[260, 406]",511,5,8,0.007536779157817364
3HZ6A,0,"[260, 406]",511,5,9,0.007598218508064747
3HZ6A,0,"[260, 406]",511,5,10,0.007891198620200157
3HZ6A,0,"[260, 406]",511,5,11,0.007962225936353207
3HZ6A,0,"[260, 406]",511,5,12,0.008163617923855782
3HZ6A,0,"[260, 406]",511,5,13,0.007264747750014067
3HZ6A,0,"[260, 406]",511,5,14,0.007014223840087652
3HZ6A,0,"[260, 406]",511,5,15,0.007001841906458139
3HZ6A,0,"[260, 406]",511,5,16,0.01012814324349165
3HZ6A,0,"[260, 406]",511,5,17,0.007595770061016083
3HZ6A,0,"[260, 406]",511,5,18,0.007942869327962399
3HZ6A,0,"[260, 406]",511,5,19,0.007395177148282528
3HZ6A,0,"[260, 406]",511,5,20,0.007740315515547991
3HZ6A,0,"[260, 406]",511,5,21,0.007454644422978163
3HZ6A,0,"[260, 406]",511,5,22,0.007265961263328791
3HZ6A,0,"[260, 406]",511,5,23,0.007454018574208021
3HZ6A,0,"[260, 406]",511,5,24,0.0075059086084365845
3HZ6A,0,"[260, 406]",511,5,25,0.007412719540297985
3HZ6A,0,"[260, 406]",511,5,26,0.007048895116895437
3HZ6A,0,"[260, 406]",511,5,27,0.007418675813823938
3HZ6A,0,"[260, 406]",511,5,28,0.008414406329393387
3HZ6A,0,"[260, 406]",511,5,29,0.008436540141701698
3HZ6A,0,"[260, 406]",511,5,30,0.008155186660587788
3HZ6A,0,"[260, 406]",511,5,31,0.009065026417374611
3HZ6A,0,"[260, 406]",511,5,32,0.008564380928874016
3HZ6A,0,"[260, 406]",511,5,33,0.008767541497945786
3HZ6A,0,"[260, 406]",511,5,34,0.008511289022862911
3HZ6A,0,"[260, 406]",511,5,35,0.00849954690784216
3HZ6A,0,"[260, 406]",511,5,36,0.008376006968319416
3HZ6A,0,"[260, 406]",511,5,37,0.0075807273387908936
3HZ6A,0,"[260, 406]",511,5,38,0.007597985677421093
3HZ6A,0,"[260, 406]",511,5,39,0.0073224385268986225
3HZ6A,0,"[260, 406]",511,5,40,0.007748950272798538
3HZ6A,0,"[260, 406]",511,5,41,0.007496275939047337
3HZ6A,0,"[260, 406]",511,5,42,0.008138968609273434
3HZ6A,0,"[260, 406]",511,5,43,0.007103543262928724
3HZ6A,0,"[260, 406]",511,5,44,0.007439998909831047
3HZ6A,0,"[260, 406]",511,5,45,0.007589499466121197
3HZ6A,0,"[260, 406]",511,5,46,0.007635151036083698
3HZ6A,0,"[260, 406]",511,5,47,0.0076623959466814995
3HZ6A,0,"[260, 406]",511,5,48,0.007429434452205896
3HZ6A,0,"[260, 406]",511,5,49,0.007206450216472149
3HZ6A,0,"[260, 406]",511,5,50,0.007724255323410034
3HZ6A,0,"[260, 406]",511,5,51,0.006809892598539591
3HZ6A,0,"[260, 406]",511,5,52,0.006961826700717211
3HZ6A,0,"[260, 406]",511,5,53,0.0072721149772405624
3HZ6A,0,"[260, 406]",511,5,54,0.006885170470923185
3HZ6A,0,"[260, 406]",511,5,55,1.0549393892288208
3HZ6A,0,"[260, 406]",511,5,56,1.0569310188293457
3HZ6A,0,"[260, 406]",511,5,57,1.0599963665008545
3HZ6A,0,"[260, 406]",511,5,58,1.0646237134933472
3HZ6A,0,"[260, 406]",511,5,59,1.0640342235565186
3I1AA,0,"[122, 261]",339,5,0,0.006124473176896572
3I1AA,0,"[122, 261]",339,5,1,0.006349541712552309
3I1AA,0,"[122, 261]",339,5,2,0.006709401961416006
3I1AA,0,"[122, 261]",339,5,3,0.006861512083560228
3I1AA,0,"[122, 261]",339,5,4,0.006809836253523827
3I1AA,0,"[122, 261]",339,5,5,0.006277522537857294
3I1AA,0,"[122, 261]",339,5,6,0.0066132210195064545
3I1AA,0,"[122, 261]",339,5,7,0.006098478101193905
3I1AA,0,"[122, 261]",339,5,8,0.005987233482301235
3I1AA,0,"[122, 261]",339,5,9,0.0061792596243321896
3I1AA,0,"[122, 261]",339,5,10,0.005997525528073311
3I1AA,0,"[122, 261]",339,5,11,0.0062577128410339355
3I1AA,0,"[122, 261]",339,5,12,0.006228890269994736
3I1AA,0,"[122, 261]",339,5,13,0.005924535915255547
3I1AA,0,"[122, 261]",339,5,14,0.0058092097751796246
3I1AA,0,"[122, 261]",339,5,15,0.0063039748929440975
3I1AA,0,"[122, 261]",339,5,16,0.006000496447086334
3I1AA,0,"[122, 261]",339,5,17,0.005470979958772659
3I1AA,0,"[122, 261]",339,5,18,0.005812806077301502
3I1AA,0,"[122, 261]",339,5,19,0.0054677315056324005
3I1AA,0,"[122, 261]",339,5,20,0.0049563064239919186
3I1AA,0,"[122, 261]",339,5,21,0.005464624147862196
3I1AA,0,"[122, 261]",339,5,22,0.004949619062244892
3I1AA,0,"[122, 261]",339,5,23,0.004998928401619196
3I1AA,0,"[122, 261]",339,5,24,0.00533418171107769
3I1AA,0,"[122, 261]",339,5,25,0.005897745490074158
3I1AA,0,"[122, 261]",339,5,26,0.00561708165332675
3I1AA,0,"[122, 261]",339,5,27,0.006015128921717405
3I1AA,0,"[122, 261]",339,5,28,0.006038086488842964
3I1AA,0,"[122, 261]",339,5,29,0.005112932529300451
3I1AA,0,"[122, 261]",339,5,30,0.009086299687623978
3I1AA,0,"[122, 261]",339,5,31,0.008961793035268784
3I1AA,0,"[122, 261]",339,5,32,0.00884258933365345
3I1AA,0,"[122, 261]",339,5,33,0.008949760347604752
3I1AA,0,"[122, 261]",339,5,34,0.009125648997724056
3I1AA,0,"[122, 261]",339,5,35,0.009091543033719063
3I1AA,0,"[122, 261]",339,5,36,0.008937163278460503
3I1AA,0,"[122, 261]",339,5,37,0.009084376506507397
3I1AA,0,"[122, 261]",339,5,38,0.00896087009459734
3I1AA,0,"[122, 261]",339,5,39,0.008968844078481197
3I1AA,0,"[122, 261]",339,5,40,0.009133470244705677
3I1AA,0,"[122, 261]",339,5,41,0.009282038547098637
3I1AA,0,"[122, 261]",339,5,42,0.009099331684410572
3I1AA,0,"[122, 261]",339,5,43,0.009031932801008224
3I1AA,0,"[122, 261]",339,5,44,0.009083986282348633
3I1AA,0,"[122, 261]",339,5,45,0.009240209124982357
3I1AA,0,"[122, 261]",339,5,46,0.009223224595189095
3I1AA,0,"[122, 261]",339,5,47,0.009158782660961151
3I1AA,0,"[122, 261]",339,5,48,0.009228121489286423
3I1AA,0,"[122, 261]",339,5,49,0.009277671575546265
3I1AA,0,"[122, 261]",339,5,50,0.009189638309180737
3I1AA,0,"[122, 261]",339,5,51,0.009710718877613544
3I1AA,0,"[122, 261]",339,5,52,0.008553145453333855
3I1AA,0,"[122, 261]",339,5,53,0.008571697399020195
3I1AA,0,"[122, 261]",339,5,54,0.008470182307064533
3I1AA,0,"[122, 261]",339,5,55,0.008363072760403156
3I1AA,0,"[122, 261]",339,5,56,0.009678145870566368
3I1AA,0,"[122, 261]",339,5,57,0.008714810945093632
3I1AA,0,"[122, 261]",339,5,58,0.009253506548702717
3I1AA,0,"[122, 261]",339,5,59,0.009893798269331455
3I1AA,0,"[122, 261]",339,5,60,0.00935642421245575
3I4GA,0,"[220, 393]",528,5,0,0.006636934354901314
3I4GA,0,"[220, 393]",528,5,1,0.006685253698378801
3I4GA,0,"[220, 393]",528,5,2,0.008542020805180073
3I4GA,0,"[220, 393]",528,5,3,0.007188447751104832
3I4GA,0,"[220, 393]",528,5,4,0.006787757854908705
3I4GA,0,"[220, 393]",528,5,5,0.007320616859942675
3I4GA,0,"[220, 393]",528,5,6,0.005916845053434372
3I4GA,0,"[220, 393]",528,5,7,0.0067709083668887615
3I4GA,0,"[220, 393]",528,5,8,0.007399579044431448
3I4GA,0,"[220, 393]",528,5,9,0.007658703718334436
3I4GA,0,"[220, 393]",528,5,10,0.008171316236257553
3I4GA,0,"[220, 393]",528,5,11,0.007675501052290201
3I4GA,0,"[220, 393]",528,5,12,0.0069773499853909016
3I4GA,0,"[220, 393]",528,5,13,0.007193753030151129
3I4GA,0,"[220, 393]",528,5,14,0.00886642187833786
3I4GA,0,"[220, 393]",528,5,15,0.011119750328361988
3I4GA,0,"[220, 393]",528,5,16,0.00892526376992464
3I4GA,0,"[220, 393]",528,5,17,0.015164353884756565
3I4GA,0,"[220, 393]",528,5,18,0.01016953494399786
3I4GA,0,"[220, 393]",528,5,19,0.010716225020587444
3I4GA,0,"[220, 393]",528,5,20,0.011479534208774567
3I4GA,0,"[220, 393]",528,5,21,0.011436646804213524
3I4GA,0,"[220, 393]",528,5,22,0.008597319014370441
3I4GA,0,"[220, 393]",528,5,23,0.007615890819579363
3I4GA,0,"[220, 393]",528,5,24,0.00785669032484293
3I4GA,0,"[220, 393]",528,5,25,0.007341200020164251
3I4GA,0,"[220, 393]",528,5,26,0.006772615481168032
3I4GA,0,"[220, 393]",528,5,27,0.006922719068825245
3I4GA,0,"[220, 393]",528,5,28,0.007323822937905788
3I4GA,0,"[220, 393]",528,5,29,0.007175924256443977
3I4GA,0,"[220, 393]",528,5,30,0.0070808203890919685
3I4GA,0,"[220, 393]",528,5,31,0.007027415558695793
3I4GA,0,"[220, 393]",528,5,32,0.006832494400441647
3I4GA,0,"[220, 393]",528,5,33,0.006314968224614859
3I4GA,0,"[220, 393]",528,5,34,0.006094468757510185
3I4GA,0,"[220, 393]",528,5,35,0.006140565499663353
3I4GA,0,"[220, 393]",528,5,36,0.006880657281726599
3I4GA,0,"[220, 393]",528,5,37,0.006801477633416653
3I4GA,0,"[220, 393]",528,5,38,0.006673376075923443
3I4GA,0,"[220, 393]",528,5,39,0.007572132162749767
3I4GA,0,"[220, 393]",528,5,40,0.007170157972723246
3I4GA,0,"[220, 393]",528,5,41,0.007010668516159058
3I4GA,0,"[220, 393]",528,5,42,0.00652416842058301
3I4GA,0,"[220, 393]",528,5,43,0.006761935073882341
3I4GA,0,"[220, 393]",528,5,44,0.006149481516331434
3I4GA,0,"[220, 393]",528,5,45,0.006380751263350248
3I4GA,0,"[220, 393]",528,5,46,0.006837399676442146
3I4GA,0,"[220, 393]",528,5,47,0.006915341597050428
3I4GA,0,"[220, 393]",528,5,48,0.0070630875416100025
3I4GA,0,"[220, 393]",528,5,49,0.0072315530851483345
3I4GA,0,"[220, 393]",528,5,50,0.007544016931205988
3I4GA,0,"[220, 393]",528,5,51,0.007260540965944529
3I4GA,0,"[220, 393]",528,5,52,0.0066569093614816666
3I4GA,0,"[220, 393]",528,5,53,0.006544201634824276
3I4GA,0,"[220, 393]",528,5,54,1.0462218523025513
3I4GA,0,"[220, 393]",528,5,55,1.0369720458984375
3I4GA,0,"[220, 393]",528,5,56,1.034271240234375
3I4GA,0,"[220, 393]",528,5,57,1.035674810409546
3I4GA,0,"[220, 393]",528,5,58,1.0154279470443726
3I4GA,0,"[220, 393]",528,5,59,1.0013911724090576
3IHVA,0,"[224, 404]",535,5,0,0.007153150159865618
3IHVA,0,"[224, 404]",535,5,1,0.007229757495224476
3IHVA,0,"[224, 404]",535,5,2,0.007045089732855558
3IHVA,0,"[224, 404]",535,5,3,0.006413723807781935
3IHVA,0,"[224, 404]",535,5,4,0.006435539573431015
3IHVA,0,"[224, 404]",535,5,5,0.006314754486083984
3IHVA,0,"[224, 404]",535,5,6,0.005918511655181646
3IHVA,0,"[224, 404]",535,5,7,0.006654483266174793
3IHVA,0,"[224, 404]",535,5,8,0.006156265735626221
3IHVA,0,"[224, 404]",535,5,9,0.006265578325837851
3IHVA,0,"[224, 404]",535,5,10,0.007136531639844179
3IHVA,0,"[224, 404]",535,5,11,0.006486127153038979
3IHVA,0,"[224, 404]",535,5,12,0.006588054355233908
3IHVA,0,"[224, 404]",535,5,13,0.006488101556897163
3IHVA,0,"[224, 404]",535,5,14,0.005851283203810453
3IHVA,0,"[224, 404]",535,5,15,0.006741760298609734
3IHVA,0,"[224, 404]",535,5,16,0.006477220915257931
3IHVA,0,"[224, 404]",535,5,17,0.006326225120574236
3IHVA,0,"[224, 404]",535,5,18,0.00678319251164794
3IHVA,0,"[224, 404]",535,5,19,0.0065263500437140465
3IHVA,0,"[224, 404]",535,5,20,0.007635490037500858
3IHVA,0,"[224, 404]",535,5,21,0.007568293251097202
3IHVA,0,"[224, 404]",535,5,22,0.007265668828040361
3IHVA,0,"[224, 404]",535,5,23,0.006915136706084013
3IHVA,0,"[224, 404]",535,5,24,0.006655307486653328
3IHVA,0,"[224, 404]",535,5,25,0.007236896548420191
3IHVA,0,"[224, 404]",535,5,26,0.006771060638129711
3IHVA,0,"[224, 404]",535,5,27,0.006688751745969057
3IHVA,0,"[224, 404]",535,5,28,0.006977235432714224
3IHVA,0,"[224, 404]",535,5,29,0.0062984898686409
3IHVA,0,"[224, 404]",535,5,30,0.006254102569073439
3IHVA,0,"[224, 404]",535,5,31,0.0063026766292750835
3IHVA,0,"[224, 404]",535,5,32,0.005796762183308601
3IHVA,0,"[224, 404]",535,5,33,0.00706621864810586
3IHVA,0,"[224, 404]",535,5,34,0.00687161460518837
3IHVA,0,"[224, 404]",535,5,35,0.006646601017564535
3IHVA,0,"[224, 404]",535,5,36,0.006457810755819082
3IHVA,0,"[224, 404]",535,5,37,0.00640278123319149
3IHVA,0,"[224, 404]",535,5,38,0.0058976393193006516
3IHVA,0,"[224, 404]",535,5,39,0.005921368487179279
3IHVA,0,"[224, 404]",535,5,40,0.006328563671559095
3IHVA,0,"[224, 404]",535,5,41,0.007023656275123358
3IHVA,0,"[224, 404]",535,5,42,0.006804256699979305
3IHVA,0,"[224, 404]",535,5,43,0.00636052992194891
3IHVA,0,"[224, 404]",535,5,44,0.006332998163998127
3IHVA,0,"[224, 404]",535,5,45,0.005958165042102337
3IHVA,0,"[224, 404]",535,5,46,0.006543124094605446
3IHVA,0,"[224, 404]",535,5,47,0.006315236445516348
3IHVA,0,"[224, 404]",535,5,48,0.006183117162436247
3IHVA,0,"[224, 404]",535,5,49,0.006290079094469547
3IHVA,0,"[224, 404]",535,5,50,0.0062735057435929775
3IHVA,0,"[224, 404]",535,5,51,0.00700372364372015
3IHVA,0,"[224, 404]",535,5,52,0.00569112179800868
3IHVA,0,"[224, 404]",535,5,53,0.005737945903092623
3IHVA,0,"[224, 404]",535,5,54,0.005640283692628145
3IHVA,0,"[224, 404]",535,5,55,0.006369061302393675
3IHVA,0,"[224, 404]",535,5,56,0.00612381286919117
3IHVA,0,"[224, 404]",535,5,57,0.006233980879187584
3IHVA,0,"[224, 404]",535,5,58,1.000070571899414
3IHVA,0,"[224, 404]",535,5,59,0.9955258965492249
3IHVA,0,"[224, 404]",535,5,60,0.9964191913604736
3IIIA,0,"[394, 510]",560,5,0,0.008367028087377548
3IIIA,0,"[394, 510]",560,5,1,0.008301164954900742
3IIIA,0,"[394, 510]",560,5,2,0.007921752519905567
3IIIA,0,"[394, 510]",560,5,3,0.007831323891878128
3IIIA,0,"[394, 510]",560,5,4,0.007744952570647001
3IIIA,0,"[394, 510]",560,5,5,0.007488806266337633
3IIIA,0,"[394, 510]",560,5,6,0.007979202084243298
3IIIA,0,"[394, 510]",560,5,7,0.007533828727900982
3IIIA,0,"[394, 510]",560,5,8,0.007790704723447561
3IIIA,0,"[394, 510]",560,5,9,0.008045792579650879
3IIIA,0,"[394, 510]",560,5,10,0.008018802851438522
3IIIA,0,"[394, 510]",560,5,11,0.007563689723610878
3IIIA,0,"[394, 510]",560,5,12,0.007141078356653452
3IIIA,0,"[394, 510]",560,5,13,0.007121991831809282
3IIIA,0,"[394, 510]",560,5,14,0.007109540514647961
3IIIA,0,"[394, 510]",560,5,15,0.0073181502521038055
3IIIA,0,"[394, 510]",560,5,16,0.0074512590654194355
3IIIA,0,"[394, 510]",560,5,17,0.00702368188649416
3IIIA,0,"[394, 510]",560,5,18,0.0071656000800430775
3IIIA,0,"[394, 510]",560,5,19,0.006875219289213419
3IIIA,0,"[394, 510]",560,5,20,0.007103085983544588
3IIIA,0,"[394, 510]",560,5,21,0.007406703662127256
3IIIA,0,"[394, 510]",560,5,22,0.0077859521843492985
3IIIA,0,"[394, 510]",560,5,23,0.007474532350897789
3IIIA,0,"[394, 510]",560,5,24,0.009319593198597431
3IIIA,0,"[394, 510]",560,5,25,0.007625087164342403
3IIIA,0,"[394, 510]",560,5,26,0.007298801094293594
3IIIA,0,"[394, 510]",560,5,27,0.008045915514230728
3IIIA,0,"[394, 510]",560,5,28,0.008150123059749603
3IIIA,0,"[394, 510]",560,5,29,0.007888685911893845
3IIIA,0,"[394, 510]",560,5,30,0.007696102373301983
3IIIA,0,"[394, 510]",560,5,31,0.007735783699899912
3IIIA,0,"[394, 510]",560,5,32,0.007758346851915121
3IIIA,0,"[394, 510]",560,5,33,0.0075529045425355434
3IIIA,0,"[394, 510]",560,5,34,0.007543745916336775
3IIIA,0,"[394, 510]",560,5,35,0.0072821397334337234
3IIIA,0,"[394, 510]",560,5,36,0.007708217017352581
3IIIA,0,"[394, 510]",560,5,37,0.00736705819144845
3IIIA,0,"[394, 510]",560,5,38,0.00767281511798501
3IIIA,0,"[394, 510]",560,5,39,0.007869282737374306
3IIIA,0,"[394, 510]",560,5,40,0.007976433262228966
3IIIA,0,"[394, 510]",560,5,41,0.00782211497426033
3IIIA,0,"[394, 510]",560,5,42,0.00776261230930686
3IIIA,0,"[394, 510]",560,5,43,0.0073524960316717625
3IIIA,0,"[394, 510]",560,5,44,0.00774801941588521
3IIIA,0,"[394, 510]",560,5,45,0.007837976329028606
3IIIA,0,"[394, 510]",560,5,46,0.007169483695179224
3IIIA,0,"[394, 510]",560,5,47,0.007330884225666523
3IIIA,0,"[394, 510]",560,5,48,0.007254665717482567
3IIIA,0,"[394, 510]",560,5,49,0.007847101427614689
3IIIA,0,"[394, 510]",560,5,50,0.007139875553548336
3IIIA,0,"[394, 510]",560,5,51,0.007002005819231272
3IIIA,0,"[394, 510]",560,5,52,0.007078489754348993
3IIIA,0,"[394, 510]",560,5,53,0.006907850503921509
3IIIA,0,"[394, 510]",560,5,54,0.006969978101551533
3IIIA,0,"[394, 510]",560,5,55,0.006928378716111183
3IIIA,0,"[394, 510]",560,5,56,0.007253208197653294
3IIIA,0,"[394, 510]",560,5,57,0.007412583101540804
3IIIA,0,"[394, 510]",560,5,58,0.007250778377056122
3IIIA,0,"[394, 510]",560,5,59,0.00736647192388773
3IIIA,0,"[394, 510]",560,5,60,0.0074912505224347115
3IRVA,0,"[25, 143]",233,5,0,0.009177261032164097
3IRVA,0,"[25, 143]",233,5,1,0.006359725724905729
3IRVA,0,"[25, 143]",233,5,2,0.00621761055663228
3IRVA,0,"[25, 143]",233,5,3,0.006424862425774336
3IRVA,0,"[25, 143]",233,5,4,0.006725419778376818
3IRVA,0,"[25, 143]",233,5,5,0.007131408900022507
3IRVA,0,"[25, 143]",233,5,6,0.006850402802228928
3IRVA,0,"[25, 143]",233,5,7,0.009269079193472862
3IRVA,0,"[25, 143]",233,5,8,0.01482284627854824
3IRVA,0,"[25, 143]",233,5,9,0.9431495070457458
3IRVA,0,"[25, 143]",233,5,10,0.9638948440551758
3IRVA,0,"[25, 143]",233,5,11,0.9578245878219604
3IS6A,0,"[18, 220]",244,5,0,0.008708428591489792
3IS6A,0,"[18, 220]",244,5,1,0.007913827896118164
3IS6A,0,"[18, 220]",244,5,2,0.00749809667468071
3IS6A,0,"[18, 220]",244,5,3,0.007396813947707415
3IS6A,0,"[18, 220]",244,5,4,0.00754324859008193
3IS6A,0,"[18, 220]",244,5,5,0.007327169645577669
3IS6A,0,"[18, 220]",244,5,6,0.007745740003883839
3IS6A,0,"[18, 220]",244,5,7,0.00779475923627615
3IS6A,0,"[18, 220]",244,5,8,0.0073420098051428795
3IS6A,0,"[18, 220]",244,5,9,0.007129192352294922
3IS6A,0,"[18, 220]",244,5,10,0.007959726266562939
3IS6A,0,"[18, 220]",244,5,11,0.008846493437886238
3IS6A,0,"[18, 220]",244,5,12,0.009362374432384968
3IS6A,0,"[18, 220]",244,5,13,0.00715543981641531
3IS6A,0,"[18, 220]",244,5,14,0.014971322380006313
3IS6A,0,"[18, 220]",244,5,15,0.015157918445765972
3IS6A,0,"[18, 220]",244,5,16,0.015212304890155792
3IS6A,0,"[18, 220]",244,5,17,0.014086760580539703
3IS6A,0,"[18, 220]",244,5,18,0.014323090203106403
3IS6A,0,"[18, 220]",244,5,19,0.014323090203106403
3IS6A,0,"[18, 220]",244,5,20,0.014323090203106403
3IS6A,0,"[18, 220]",244,5,21,0.014323090203106403
3IS6A,0,"[18, 220]",244,5,22,0.014323090203106403
3IS6A,0,"[18, 220]",244,5,23,0.014323090203106403
3IS6A,0,"[18, 220]",244,5,24,0.014323090203106403
3IS6A,0,"[18, 220]",244,5,25,0.014323090203106403
3IS6A,0,"[18, 220]",244,5,26,0.014323090203106403
3IS6A,0,"[18, 220]",244,5,27,0.014323090203106403
3IS6A,0,"[18, 220]",244,5,28,0.014323090203106403
3IS6A,0,"[18, 220]",244,5,29,0.014323090203106403
3IS6A,0,"[18, 220]",244,5,30,0.014323090203106403
3IS6A,0,"[18, 220]",244,5,31,0.014323090203106403
3IS6A,0,"[18, 220]",244,5,32,0.014323090203106403
3IS6A,0,"[18, 220]",244,5,33,0.014323090203106403
3IS6A,0,"[18, 220]",244,5,34,0.014323090203106403
3IS6A,0,"[18, 220]",244,5,35,0.014323090203106403
3IS6A,0,"[18, 220]",244,5,36,0.014323090203106403
3IS6A,0,"[18, 220]",244,5,37,0.014323090203106403
3IS6A,0,"[18, 220]",244,5,38,0.014323090203106403
3IS6A,0,"[18, 220]",244,5,39,0.014323090203106403
3IS6A,0,"[18, 220]",244,5,40,0.014323090203106403
3IS6A,0,"[18, 220]",244,5,41,0.014323090203106403
3IS6A,0,"[18, 220]",244,5,42,0.014323090203106403
3IS6A,0,"[18, 220]",244,5,43,0.014323090203106403
3IS6A,0,"[18, 220]",244,5,44,0.014323090203106403
3IS6A,0,"[18, 220]",244,5,45,0.014323090203106403
3IS6A,0,"[18, 220]",244,5,46,0.014323090203106403
3IS6A,0,"[18, 220]",244,5,47,0.014323090203106403
3IS6A,0,"[18, 220]",244,5,48,0.014323090203106403
3IS6A,0,"[18, 220]",244,5,49,0.014323090203106403
3IS6A,0,"[18, 220]",244,5,50,0.014323090203106403
3IS6A,0,"[18, 220]",244,5,51,0.014323090203106403
3IS6A,0,"[18, 220]",244,5,52,0.014323090203106403
3IS6A,0,"[18, 220]",244,5,53,0.014323090203106403
3IS6A,0,"[18, 220]",244,5,54,0.014323090203106403
3IS6A,0,"[18, 220]",244,5,55,0.014323090203106403
3IS6A,0,"[18, 220]",244,5,56,0.014323090203106403
3IS6A,0,"[18, 220]",244,5,57,0.014323090203106403
3IS6A,0,"[18, 220]",244,5,58,0.014323090203106403
3IS6A,0,"[18, 220]",244,5,59,0.014323090203106403
3IS6A,0,"[18, 220]",244,5,60,0.014323140494525433
3ISAA,0,"[85, 222]",254,5,0,0.004943154286593199
3ISAA,0,"[85, 222]",254,5,1,0.004585943650454283
3ISAA,0,"[85, 222]",254,5,2,0.005423665978014469
3ISAA,0,"[85, 222]",254,5,3,0.005114136729389429
3ISAA,0,"[85, 222]",254,5,4,0.004617610480636358
3ISAA,0,"[85, 222]",254,5,5,0.006026116665452719
3ISAA,0,"[85, 222]",254,5,6,0.004929471295326948
3ISAA,0,"[85, 222]",254,5,7,0.005077423993498087
3ISAA,0,"[85, 222]",254,5,8,0.005118326749652624
3ISAA,0,"[85, 222]",254,5,9,0.005185140296816826
3ISAA,0,"[85, 222]",254,5,10,0.00530517240986228
3ISAA,0,"[85, 222]",254,5,11,0.005597721319645643
3ISAA,0,"[85, 222]",254,5,12,0.004538799170404673
3ISAA,0,"[85, 222]",254,5,13,0.005168448202311993
3ISAA,0,"[85, 222]",254,5,14,0.004438027739524841
3ISAA,0,"[85, 222]",254,5,15,0.00434176716953516
3ISAA,0,"[85, 222]",254,5,16,0.005001561250537634
3ISAA,0,"[85, 222]",254,5,17,0.004898222163319588
3ISAA,0,"[85, 222]",254,5,18,0.00485507445409894
3ISAA,0,"[85, 222]",254,5,19,0.008707917295396328
3ISAA,0,"[85, 222]",254,5,20,0.008424468338489532
3ISAA,0,"[85, 222]",254,5,21,0.008497368544340134
3ISAA,0,"[85, 222]",254,5,22,0.010205506347119808
3ISAA,0,"[85, 222]",254,5,23,0.01305717695504427
3ISAA,0,"[85, 222]",254,5,24,0.006651543080806732
3ISAA,0,"[85, 222]",254,5,25,0.007037958595901728
3ISAA,0,"[85, 222]",254,5,26,0.007106763310730457
3ISAA,0,"[85, 222]",254,5,27,0.01414258312433958
3ISAA,0,"[85, 222]",254,5,28,0.01588689349591732
3ISAA,0,"[85, 222]",254,5,29,0.007040203548967838
3ISAA,0,"[85, 222]",254,5,30,0.006832569371908903
3ISAA,0,"[85, 222]",254,5,31,0.007145511452108622
3ISAA,0,"[85, 222]",254,5,32,0.009679094888269901
3ISAA,0,"[85, 222]",254,5,33,0.00813716184347868
3ISAA,0,"[85, 222]",254,5,34,0.008256835862994194
3ISAA,0,"[85, 222]",254,5,35,0.009607487358152866
3ISAA,0,"[85, 222]",254,5,36,0.011427980847656727
3ISAA,0,"[85, 222]",254,5,37,0.011160408146679401
3ISAA,0,"[85, 222]",254,5,38,0.012095525860786438
3ISAA,0,"[85, 222]",254,5,39,0.010447192005813122
3ISAA,0,"[85, 222]",254,5,40,0.010087455622851849
3ISAA,0,"[85, 222]",254,5,41,0.010052552446722984
3ISAA,0,"[85, 222]",254,5,42,0.011609351262450218
3ISAA,0,"[85, 222]",254,5,43,0.009994393214583397
3ISAA,0,"[85, 222]",254,5,44,0.009186506271362305
3ISAA,0,"[85, 222]",254,5,45,0.009659195318818092
3ISAA,0,"[85, 222]",254,5,46,0.010083843022584915
3ISAA,0,"[85, 222]",254,5,47,0.010889102704823017
3ISAA,0,"[85, 222]",254,5,48,0.009962420910596848
3ISAA,0,"[85, 222]",254,5,49,0.011911660432815552
3ISAA,0,"[85, 222]",254,5,50,0.011970939114689827
3ISAA,0,"[85, 222]",254,5,51,0.014096308499574661
3ISAA,0,"[85, 222]",254,5,52,0.09900157153606415
3ISAA,0,"[85, 222]",254,5,53,0.08804439753293991
3ISAA,0,"[85, 222]",254,5,54,0.08538888394832611
3ISAA,0,"[85, 222]",254,5,55,0.06899146735668182
3ISAA,0,"[85, 222]",254,5,56,0.3034234941005707
3ISAA,0,"[85, 222]",254,5,57,0.41919586062431335
3ISAA,0,"[85, 222]",254,5,58,0.3834814131259918
3ISAA,0,"[85, 222]",254,5,59,0.3908577561378479
3ISAA,0,"[85, 222]",254,5,60,0.43692436814308167
3ISRA,0,"[16, 268]",293,5,0,0.007318204268813133
3ISRA,0,"[16, 268]",293,5,1,0.007334679365158081
3ISRA,0,"[16, 268]",293,5,2,0.007339111529290676
3ISRA,0,"[16, 268]",293,5,3,0.007289361674338579
3ISRA,0,"[16, 268]",293,5,4,0.00716199679300189
3ISRA,0,"[16, 268]",293,5,5,0.007078287657350302
3ISRA,0,"[16, 268]",293,5,6,0.006960590835660696
3ISRA,0,"[16, 268]",293,5,7,0.0068238284438848495
3ISRA,0,"[16, 268]",293,5,8,0.007031419314444065
3ISRA,0,"[16, 268]",293,5,9,0.0073662977665662766
3ISRA,0,"[16, 268]",293,5,10,0.007406409829854965
3ISRA,0,"[16, 268]",293,5,11,0.007230939343571663
3ISRA,0,"[16, 268]",293,5,12,0.0063171666115522385
3ISRA,0,"[16, 268]",293,5,13,0.006998484488576651
3ISRA,0,"[16, 268]",293,5,14,0.007295576855540276
3ISRA,0,"[16, 268]",293,5,15,0.007288587745279074
3ISRA,0,"[16, 268]",293,5,16,0.007533863186836243
3ISRA,0,"[16, 268]",293,5,17,0.007043932098895311
3ISRA,0,"[16, 268]",293,5,18,0.00702003063634038
3ISRA,0,"[16, 268]",293,5,19,0.0070520006120204926
3ISRA,0,"[16, 268]",293,5,20,0.0070520006120204926
3ISRA,0,"[16, 268]",293,5,21,0.0070520006120204926
3ISRA,0,"[16, 268]",293,5,22,0.0070520006120204926
3ISRA,0,"[16, 268]",293,5,23,0.0070520006120204926
3ISRA,0,"[16, 268]",293,5,24,0.0070520006120204926
3ISRA,0,"[16, 268]",293,5,25,0.0070520006120204926
3ISRA,0,"[16, 268]",293,5,26,0.0070520006120204926
3ISRA,0,"[16, 268]",293,5,27,0.0070520006120204926
3ISRA,0,"[16, 268]",293,5,28,0.0070520006120204926
3ISRA,0,"[16, 268]",293,5,29,0.0070520006120204926
3ISRA,0,"[16, 268]",293,5,30,0.0070520006120204926
3ISRA,0,"[16, 268]",293,5,31,0.0070520006120204926
3ISRA,0,"[16, 268]",293,5,32,0.0070520006120204926
3ISRA,0,"[16, 268]",293,5,33,0.0070520006120204926
3ISRA,0,"[16, 268]",293,5,34,0.0070520006120204926
3ISRA,0,"[16, 268]",293,5,35,0.0070520006120204926
3ISRA,0,"[16, 268]",293,5,36,0.0070520006120204926
3ISRA,0,"[16, 268]",293,5,37,0.0070520006120204926
3ISRA,0,"[16, 268]",293,5,38,0.0070520006120204926
3ISRA,0,"[16, 268]",293,5,39,0.0070520006120204926
3ISRA,0,"[16, 268]",293,5,40,0.0070520006120204926
3ISRA,0,"[16, 268]",293,5,41,0.0070520006120204926
3ISRA,0,"[16, 268]",293,5,42,0.0070520006120204926
3ISRA,0,"[16, 268]",293,5,43,0.0070520006120204926
3ISRA,0,"[16, 268]",293,5,44,0.0070520006120204926
3ISRA,0,"[16, 268]",293,5,45,0.0070520006120204926
3ISRA,0,"[16, 268]",293,5,46,0.0070520006120204926
3ISRA,0,"[16, 268]",293,5,47,0.0070520006120204926
3ISRA,0,"[16, 268]",293,5,48,0.0070520006120204926
3ISRA,0,"[16, 268]",293,5,49,0.0070520006120204926
3ISRA,0,"[16, 268]",293,5,50,0.0070520006120204926
3ISRA,0,"[16, 268]",293,5,51,0.0070520006120204926
3ISRA,0,"[16, 268]",293,5,52,0.0070520006120204926
3ISRA,0,"[16, 268]",293,5,53,0.0070520006120204926
3ISRA,0,"[16, 268]",293,5,54,0.0070520006120204926
3ISRA,0,"[16, 268]",293,5,55,0.0070520006120204926
3ISRA,0,"[16, 268]",293,5,56,0.0070520006120204926
3ISRA,0,"[16, 268]",293,5,57,0.0070520006120204926
3ISRA,0,"[16, 268]",293,5,58,0.0070520006120204926
3ISRA,0,"[16, 268]",293,5,59,0.0070520006120204926
3ISRA,0,"[16, 268]",293,5,60,0.00705200107768178
3JQ0A,0,"[211, 370]",493,5,0,0.006780052091926336
3JQ0A,0,"[211, 370]",493,5,1,0.006935755256563425
3JQ0A,0,"[211, 370]",493,5,2,0.006838588044047356
3JQ0A,0,"[211, 370]",493,5,3,0.0067624361254274845
3JQ0A,0,"[211, 370]",493,5,4,0.007445066701620817
3JQ0A,0,"[211, 370]",493,5,5,0.006428541615605354
3JQ0A,0,"[211, 370]",493,5,6,0.005304609891027212
3JQ0A,0,"[211, 370]",493,5,7,0.005918052513152361
3JQ0A,0,"[211, 370]",493,5,8,0.0056936051696538925
3JQ0A,0,"[211, 370]",493,5,9,0.007979970425367355
3JQ0A,0,"[211, 370]",493,5,10,0.007673794869333506
3JQ0A,0,"[211, 370]",493,5,11,0.007341915275901556
3JQ0A,0,"[211, 370]",493,5,12,0.007361952215433121
3JQ0A,0,"[211, 370]",493,5,13,0.006836636457592249
3JQ0A,0,"[211, 370]",493,5,14,0.007132676895707846
3JQ0A,0,"[211, 370]",493,5,15,0.007829252630472183
3JQ0A,0,"[211, 370]",493,5,16,0.006892664823681116
3JQ0A,0,"[211, 370]",493,5,17,0.007523371372371912
3JQ0A,0,"[211, 370]",493,5,18,0.007501193787902594
3JQ0A,0,"[211, 370]",493,5,19,0.006992118898779154
3JQ0A,0,"[211, 370]",493,5,20,0.0071496134623885155
3JQ0A,0,"[211, 370]",493,5,21,0.007112594321370125
3JQ0A,0,"[211, 370]",493,5,22,0.008153331466019154
3JQ0A,0,"[211, 370]",493,5,23,0.006510718259960413
3JQ0A,0,"[211, 370]",493,5,24,0.007762582041323185
3JQ0A,0,"[211, 370]",493,5,25,0.006864896044135094
3JQ0A,0,"[211, 370]",493,5,26,0.0072982958517968655
3JQ0A,0,"[211, 370]",493,5,27,0.007209504023194313
3JQ0A,0,"[211, 370]",493,5,28,0.0073429918847978115
3JQ0A,0,"[211, 370]",493,5,29,0.0074343024753034115
3JQ0A,0,"[211, 370]",493,5,30,0.008391553536057472
3JQ0A,0,"[211, 370]",493,5,31,0.0064470707438886166
3JQ0A,0,"[211, 370]",493,5,32,0.007903962396085262
3JQ0A,0,"[211, 370]",493,5,33,0.007185943890362978
3JQ0A,0,"[211, 370]",493,5,34,0.0072352406568825245
3JQ0A,0,"[211, 370]",493,5,35,0.006928793620318174
3JQ0A,0,"[211, 370]",493,5,36,0.007802422158420086
3JQ0A,0,"[211, 370]",493,5,37,0.007176992949098349
3JQ0A,0,"[211, 370]",493,5,38,0.005893894471228123
3JQ0A,0,"[211, 370]",493,5,39,0.0070723737590014935
3JQ0A,0,"[211, 370]",493,5,40,0.006019563879817724
3JQ0A,0,"[211, 370]",493,5,41,0.006096156779676676
3JQ0A,0,"[211, 370]",493,5,42,0.005937082227319479
3JQ0A,0,"[211, 370]",493,5,43,0.005709302145987749
3JQ0A,0,"[211, 370]",493,5,44,0.005735660437494516
3JQ0A,0,"[211, 370]",493,5,45,0.005759453400969505
3JQ0A,0,"[211, 370]",493,5,46,0.005993553902953863
3JQ0A,0,"[211, 370]",493,5,47,0.00603589229285717
3JQ0A,0,"[211, 370]",493,5,48,0.007457451429218054
3JQ0A,0,"[211, 370]",493,5,49,0.006826181896030903
3JQ0A,0,"[211, 370]",493,5,50,0.007671673782169819
3JQ0A,0,"[211, 370]",493,5,51,0.006977112032473087
3JQ0A,0,"[211, 370]",493,5,52,0.006684517487883568
3JQ0A,0,"[211, 370]",493,5,53,0.007032459136098623
3JQ0A,0,"[211, 370]",493,5,54,0.007923223078250885
3JQ0A,0,"[211, 370]",493,5,55,0.00838414952158928
3JQ0A,0,"[211, 370]",493,5,56,0.008476195856928825
3JQ0A,0,"[211, 370]",493,5,57,0.008492980152368546
3JQ0A,0,"[211, 370]",493,5,58,0.016240470111370087
3JQ0A,0,"[211, 370]",493,5,59,0.008903334848582745
3JQ0A,0,"[211, 370]",493,5,60,0.009088633581995964
3JQ1A,0,"[201, 366]",481,5,0,0.007006191648542881
3JQ1A,0,"[201, 366]",481,5,1,0.007385397329926491
3JQ1A,0,"[201, 366]",481,5,2,0.005983761046081781
3JQ1A,0,"[201, 366]",481,5,3,0.006526827346533537
3JQ1A,0,"[201, 366]",481,5,4,0.005117829889059067
3JQ1A,0,"[201, 366]",481,5,5,0.0067879818379879
3JQ1A,0,"[201, 366]",481,5,6,0.006408541463315487
3JQ1A,0,"[201, 366]",481,5,7,0.008105920627713203
3JQ1A,0,"[201, 366]",481,5,8,0.006879214197397232
3JQ1A,0,"[201, 366]",481,5,9,0.007517176680266857
3JQ1A,0,"[201, 366]",481,5,10,0.010849806480109692
3JQ1A,0,"[201, 366]",481,5,11,0.01001844834536314
3JQ1A,0,"[201, 366]",481,5,12,0.006695585325360298
3JQ1A,0,"[201, 366]",481,5,13,0.00607468793168664
3JQ1A,0,"[201, 366]",481,5,14,0.006668857764452696
3JQ1A,0,"[201, 366]",481,5,15,0.007323398254811764
3JQ1A,0,"[201, 366]",481,5,16,0.006988966837525368
3JQ1A,0,"[201, 366]",481,5,17,0.00651151267811656
3JQ1A,0,"[201, 366]",481,5,18,0.005962518509477377
3JQ1A,0,"[201, 366]",481,5,19,0.005202078260481358
3JQ1A,0,"[201, 366]",481,5,20,0.005574451759457588
3JQ1A,0,"[201, 366]",481,5,21,0.006872029975056648
3JQ1A,0,"[201, 366]",481,5,22,0.006143616046756506
3JQ1A,0,"[201, 366]",481,5,23,0.005598701536655426
3JQ1A,0,"[201, 366]",481,5,24,0.00608005141839385
3JQ1A,0,"[201, 366]",481,5,25,0.008569508790969849
3JQ1A,0,"[201, 366]",481,5,26,0.0070015131495893
3JQ1A,0,"[201, 366]",481,5,27,0.007090962491929531
3JQ1A,0,"[201, 366]",481,5,28,0.006174607668071985
3JQ1A,0,"[201, 366]",481,5,29,0.008500455878674984
3JQ1A,0,"[201, 366]",481,5,30,0.006036552134901285
3JQ1A,0,"[201, 366]",481,5,31,0.006877519190311432
3JQ1A,0,"[201, 366]",481,5,32,0.006680529098957777
3JQ1A,0,"[201, 366]",481,5,33,0.007057656068354845
3JQ1A,0,"[201, 366]",481,5,34,0.00717427721247077
3JQ1A,0,"[201, 366]",481,5,35,0.0064890505746006966
3JQ1A,0,"[201, 366]",481,5,36,0.006111773196607828
3JQ1A,0,"[201, 366]",481,5,37,0.005578320939093828
3JQ1A,0,"[201, 366]",481,5,38,0.005487376824021339
3JQ1A,0,"[201, 366]",481,5,39,0.0055882688611745834
3JQ1A,0,"[201, 366]",481,5,40,0.005556087009608746
3JQ1A,0,"[201, 366]",481,5,41,0.005392089486122131
3JQ1A,0,"[201, 366]",481,5,42,0.005262846127152443
3JQ1A,0,"[201, 366]",481,5,43,0.005342791322618723
3JQ1A,0,"[201, 366]",481,5,44,0.005083827767521143
3JQ1A,0,"[201, 366]",481,5,45,0.005040689371526241
3JQ1A,0,"[201, 366]",481,5,46,0.005055819172412157
3JQ1A,0,"[201, 366]",481,5,47,0.006421050056815147
3JQ1A,0,"[201, 366]",481,5,48,0.006027938798069954
3JQ1A,0,"[201, 366]",481,5,49,0.006262798793613911
3JQ1A,0,"[201, 366]",481,5,50,0.9381257891654968
3JQ1A,0,"[201, 366]",481,5,51,0.9384135007858276
3JQ1A,0,"[201, 366]",481,5,52,0.9393138885498047
3JQ1A,0,"[201, 366]",481,5,53,0.9415920376777649
3JQ1A,0,"[201, 366]",481,5,54,0.9438263177871704
3JQ1A,0,"[201, 366]",481,5,55,0.9423187971115112
3JS8A,0,"[102, 210]",540,5,0,0.006560584530234337
3JS8A,0,"[102, 210]",540,5,1,0.0068739671260118484
3JS8A,0,"[102, 210]",540,5,2,0.006891197059303522
3JS8A,0,"[102, 210]",540,5,3,0.006703593302518129
3JS8A,0,"[102, 210]",540,5,4,0.006519494112581015
3JS8A,0,"[102, 210]",540,5,5,0.006899233441799879
3JS8A,0,"[102, 210]",540,5,6,0.006632322911173105
3JS8A,0,"[102, 210]",540,5,7,0.007128386292606592
3JS8A,0,"[102, 210]",540,5,8,0.00630624545738101
3JS8A,0,"[102, 210]",540,5,9,0.006831002421677113
3JS8A,0,"[102, 210]",540,5,10,0.006401493679732084
3JS8A,0,"[102, 210]",540,5,11,0.00641009584069252
3JS8A,0,"[102, 210]",540,5,12,0.007188656833022833
3JS8A,0,"[102, 210]",540,5,13,0.006853575352579355
3JS8A,0,"[102, 210]",540,5,14,0.007354842033237219
3JS8A,0,"[102, 210]",540,5,15,0.007213180419057608
3JS8A,0,"[102, 210]",540,5,16,0.007398173213005066
3JS8A,0,"[102, 210]",540,5,17,0.007022594567388296
3JS8A,0,"[102, 210]",540,5,18,0.00665693823248148
3JS8A,0,"[102, 210]",540,5,19,0.007218570914119482
3JS8A,0,"[102, 210]",540,5,20,0.007449133787304163
3JS8A,0,"[102, 210]",540,5,21,0.0075987400487065315
3JS8A,0,"[102, 210]",540,5,22,0.007747222203761339
3JS8A,0,"[102, 210]",540,5,23,0.00787419080734253
3JS8A,0,"[102, 210]",540,5,24,0.007292037829756737
3JS8A,0,"[102, 210]",540,5,25,0.00737767294049263
3JS8A,0,"[102, 210]",540,5,26,0.007717865984886885
3JS8A,0,"[102, 210]",540,5,27,0.0076035140082240105
3JS8A,0,"[102, 210]",540,5,28,0.007533442694693804
3JS8A,0,"[102, 210]",540,5,29,0.0075704059563577175
3JS8A,0,"[102, 210]",540,5,30,0.00801078137010336
3JS8A,0,"[102, 210]",540,5,31,0.00677878875285387
3JS8A,0,"[102, 210]",540,5,32,0.007646362297236919
3JS8A,0,"[102, 210]",540,5,33,0.006312492303550243
3JS8A,0,"[102, 210]",540,5,34,0.0075074536725878716
3JS8A,0,"[102, 210]",540,5,35,0.0070129516534507275
3JS8A,0,"[102, 210]",540,5,36,0.006908215116709471
3JS8A,0,"[102, 210]",540,5,37,0.006661111954599619
3JS8A,0,"[102, 210]",540,5,38,0.007227024994790554
3JS8A,0,"[102, 210]",540,5,39,0.006958499550819397
3JS8A,0,"[102, 210]",540,5,40,0.006923815235495567
3JS8A,0,"[102, 210]",540,5,41,0.006710965186357498
3JS8A,0,"[102, 210]",540,5,42,0.006953658536076546
3JS8A,0,"[102, 210]",540,5,43,0.006641368847340345
3JS8A,0,"[102, 210]",540,5,44,0.0068208202719688416
3JS8A,0,"[102, 210]",540,5,45,0.0068900869227945805
3JS8A,0,"[102, 210]",540,5,46,0.006836594548076391
3JS8A,0,"[102, 210]",540,5,47,0.08478572219610214
3JS8A,0,"[102, 210]",540,5,48,0.2157859057188034
3JS8A,0,"[102, 210]",540,5,49,0.06529837846755981
3JS8A,0,"[102, 210]",540,5,50,1.012816071510315
3JS8A,0,"[102, 210]",540,5,51,0.9611123204231262
3JS8A,0,"[102, 210]",540,5,52,0.9934034943580627
3JS8A,0,"[102, 210]",540,5,53,1.0030053853988647
3JS8A,0,"[102, 210]",540,5,54,0.9953094124794006
3JS8A,0,"[102, 210]",540,5,55,1.0091599225997925
3JTXA,0,"[49, 285]",396,5,0,0.006170965265482664
3JTXA,0,"[49, 285]",396,5,1,0.006193177774548531
3JTXA,0,"[49, 285]",396,5,2,0.005615409929305315
3JTXA,0,"[49, 285]",396,5,3,0.00589045649394393
3JTXA,0,"[49, 285]",396,5,4,0.006027791649103165
3JTXA,0,"[49, 285]",396,5,5,0.006180879659950733
3JTXA,0,"[49, 285]",396,5,6,0.005528626497834921
3JTXA,0,"[49, 285]",396,5,7,0.005634744185954332
3JTXA,0,"[49, 285]",396,5,8,0.005937950685620308
3JTXA,0,"[49, 285]",396,5,9,0.00597407529130578
3JTXA,0,"[49, 285]",396,5,10,0.006004452705383301
3JTXA,0,"[49, 285]",396,5,11,0.006385142914950848
3JTXA,0,"[49, 285]",396,5,12,0.005794847384095192
3JTXA,0,"[49, 285]",396,5,13,0.005745934322476387
3JTXA,0,"[49, 285]",396,5,14,0.005537369754165411
3JTXA,0,"[49, 285]",396,5,15,0.0053488509729504585
3JTXA,0,"[49, 285]",396,5,16,0.005498868878930807
3JTXA,0,"[49, 285]",396,5,17,0.005373118445277214
3JTXA,0,"[49, 285]",396,5,18,0.005719774402678013
3JTXA,0,"[49, 285]",396,5,19,0.0055557494051754475
3JTXA,0,"[49, 285]",396,5,20,0.0053777373395860195
3JTXA,0,"[49, 285]",396,5,21,0.004637808073312044
3JTXA,0,"[49, 285]",396,5,22,0.0046424842439591885
3JTXA,0,"[49, 285]",396,5,23,0.00499105965718627
3JTXA,0,"[49, 285]",396,5,24,0.00503545580431819
3JTXA,0,"[49, 285]",396,5,25,0.0052445740438997746
3JTXA,0,"[49, 285]",396,5,26,0.005343873053789139
3JTXA,0,"[49, 285]",396,5,27,0.005678611341863871
3JTXA,0,"[49, 285]",396,5,28,0.006169239059090614
3JTXA,0,"[49, 285]",396,5,29,0.005647478625178337
3JTXA,0,"[49, 285]",396,5,30,0.007090974133461714
3JTXA,0,"[49, 285]",396,5,31,0.008231231942772865
3JTXA,0,"[49, 285]",396,5,32,0.008285299874842167
3JTXA,0,"[49, 285]",396,5,33,0.007916763424873352
3JTXA,0,"[49, 285]",396,5,34,0.008286889642477036
3JTXA,0,"[49, 285]",396,5,35,0.007901794277131557
3JTXA,0,"[49, 285]",396,5,36,0.007624357473105192
3JTXA,0,"[49, 285]",396,5,37,0.007686616852879524
3JTXA,0,"[49, 285]",396,5,38,0.007275789976119995
3JTXA,0,"[49, 285]",396,5,39,0.006893221288919449
3JTXA,0,"[49, 285]",396,5,40,0.0068750386126339436
3JTXA,0,"[49, 285]",396,5,41,0.006807657890021801
3JTXA,0,"[49, 285]",396,5,42,0.006608885247260332
3JTXA,0,"[49, 285]",396,5,43,0.006756650749593973
3JTXA,0,"[49, 285]",396,5,44,0.006708180066198111
3JTXA,0,"[49, 285]",396,5,45,0.00674098078161478
3JTXA,0,"[49, 285]",396,5,46,0.0069031682796776295
3JTXA,0,"[49, 285]",396,5,47,0.007165548391640186
3JTXA,0,"[49, 285]",396,5,48,0.007380606606602669
3JTXA,0,"[49, 285]",396,5,49,0.2732813060283661
3JTXA,0,"[49, 285]",396,5,50,0.017666326835751534
3JTXA,0,"[49, 285]",396,5,51,0.2897763252258301
3JTXA,0,"[49, 285]",396,5,52,0.9417299628257751
3JTXA,0,"[49, 285]",396,5,53,0.9576504826545715
3JTXA,0,"[49, 285]",396,5,54,0.9528740644454956
3JTXA,0,"[49, 285]",396,5,55,0.9452620148658752
3K0BA,0,"[57, 250]",393,5,0,0.005582462530583143
3K0BA,0,"[57, 250]",393,5,1,0.006649389863014221
3K0BA,0,"[57, 250]",393,5,2,0.005196365527808666
3K0BA,0,"[57, 250]",393,5,3,0.00487372325733304
3K0BA,0,"[57, 250]",393,5,4,0.004995191469788551
3K0BA,0,"[57, 250]",393,5,5,0.005087126512080431
3K0BA,0,"[57, 250]",393,5,6,0.005437624640762806
3K0BA,0,"[57, 250]",393,5,7,0.005011651664972305
3K0BA,0,"[57, 250]",393,5,8,0.005216581281274557
3K0BA,0,"[57, 250]",393,5,9,0.005054859444499016
3K0BA,0,"[57, 250]",393,5,10,0.005257260985672474
3K0BA,0,"[57, 250]",393,5,11,0.005261671729385853
3K0BA,0,"[57, 250]",393,5,12,0.004917099140584469
3K0BA,0,"[57, 250]",393,5,13,0.005387744400650263
3K0BA,0,"[57, 250]",393,5,14,0.005202435422688723
3K0BA,0,"[57, 250]",393,5,15,0.005279716569930315
3K0BA,0,"[57, 250]",393,5,16,0.0060773747973144054
3K0BA,0,"[57, 250]",393,5,17,0.005675420630723238
3K0BA,0,"[57, 250]",393,5,18,0.0060812076553702354
3K0BA,0,"[57, 250]",393,5,19,0.005678152199834585
3K0BA,0,"[57, 250]",393,5,20,0.005185590125620365
3K0BA,0,"[57, 250]",393,5,21,0.005000017583370209
3K0BA,0,"[57, 250]",393,5,22,0.005279501900076866
3K0BA,0,"[57, 250]",393,5,23,0.005335982423275709
3K0BA,0,"[57, 250]",393,5,24,0.005339067429304123
3K0BA,0,"[57, 250]",393,5,25,0.005569692235440016
3K0BA,0,"[57, 250]",393,5,26,0.00583503907546401
3K0BA,0,"[57, 250]",393,5,27,0.007156036328524351
3K0BA,0,"[57, 250]",393,5,28,0.013713167048990726
3K0BA,0,"[57, 250]",393,5,29,0.013397641479969025
3K0BA,0,"[57, 250]",393,5,30,0.013555747456848621
3K0BA,0,"[57, 250]",393,5,31,0.009053792804479599
3K0BA,0,"[57, 250]",393,5,32,0.011362484656274319
3K0BA,0,"[57, 250]",393,5,33,0.011833828873932362
3K0BA,0,"[57, 250]",393,5,34,0.014276552945375443
3K0BA,0,"[57, 250]",393,5,35,0.014358681626617908
3K0BA,0,"[57, 250]",393,5,36,0.010172875598073006
3K0BA,0,"[57, 250]",393,5,37,0.010173576883971691
3K0BA,0,"[57, 250]",393,5,38,0.007771299686282873
3K0BA,0,"[57, 250]",393,5,39,0.008121073246002197
3K0BA,0,"[57, 250]",393,5,40,0.007474831771105528
3K0BA,0,"[57, 250]",393,5,41,0.008859487250447273
3K0BA,0,"[57, 250]",393,5,42,0.010634598322212696
3K0BA,0,"[57, 250]",393,5,43,0.009675730019807816
3K0BA,0,"[57, 250]",393,5,44,0.010018566623330116
3K0BA,0,"[57, 250]",393,5,45,0.00807423610240221
3K0BA,0,"[57, 250]",393,5,46,0.007292232941836119
3K0BA,0,"[57, 250]",393,5,47,0.007639190182089806
3K0BA,0,"[57, 250]",393,5,48,0.007867329753935337
3K0BA,0,"[57, 250]",393,5,49,0.0075358315370976925
3K0BA,0,"[57, 250]",393,5,50,0.007177277933806181
3K0BA,0,"[57, 250]",393,5,51,0.007403544615954161
3K0BA,0,"[57, 250]",393,5,52,0.007465391419827938
3K0BA,0,"[57, 250]",393,5,53,0.007403708528727293
3K0BA,0,"[57, 250]",393,5,54,0.007364348042756319
3K0BA,0,"[57, 250]",393,5,55,0.006807001307606697
3K0BA,0,"[57, 250]",393,5,56,0.006718456279486418
3K0BA,0,"[57, 250]",393,5,57,0.0070791286416351795
3K0BA,0,"[57, 250]",393,5,58,0.0068239206448197365
3K0BA,0,"[57, 250]",393,5,59,0.006876131519675255
3K0BA,0,"[57, 250]",393,5,60,0.0076116640120744705
3KF3A,0,"[355, 487]",509,5,0,0.009833026677370071
3KF3A,0,"[355, 487]",509,5,1,0.012868979945778847
3KF3A,0,"[355, 487]",509,5,2,0.01419547013938427
3KF3A,0,"[355, 487]",509,5,3,0.01145524438470602
3KF3A,0,"[355, 487]",509,5,4,0.01032485906034708
3KF3A,0,"[355, 487]",509,5,5,0.009781121276319027
3KF3A,0,"[355, 487]",509,5,6,0.00894644670188427
3KF3A,0,"[355, 487]",509,5,7,0.01009995024651289
3KF3A,0,"[355, 487]",509,5,8,0.008803180418908596
3KF3A,0,"[355, 487]",509,5,9,0.008963193744421005
3KF3A,0,"[355, 487]",509,5,10,0.009784197434782982
3KF3A,0,"[355, 487]",509,5,11,0.010449480265378952
3KF3A,0,"[355, 487]",509,5,12,0.011081299744546413
3KF3A,0,"[355, 487]",509,5,13,0.010513498447835445
3KF3A,0,"[355, 487]",509,5,14,0.010836557485163212
3KF3A,0,"[355, 487]",509,5,15,0.010899021290242672
3KF3A,0,"[355, 487]",509,5,16,0.011139494366943836
3KF3A,0,"[355, 487]",509,5,17,0.011698560789227486
3KF3A,0,"[355, 487]",509,5,18,0.01156583521515131
3KF3A,0,"[355, 487]",509,5,19,0.010011410340666771
3KF3A,0,"[355, 487]",509,5,20,0.009959820657968521
3KF3A,0,"[355, 487]",509,5,21,0.010583730414509773
3KF3A,0,"[355, 487]",509,5,22,0.010093345306813717
3KF3A,0,"[355, 487]",509,5,23,0.009978972375392914
3KF3A,0,"[355, 487]",509,5,24,0.01057473011314869
3KF3A,0,"[355, 487]",509,5,25,0.009416780434548855
3KF3A,0,"[355, 487]",509,5,26,0.009386501275002956
3KF3A,0,"[355, 487]",509,5,27,0.010250527411699295
3KF3A,0,"[355, 487]",509,5,28,0.010440574958920479
3KF3A,0,"[355, 487]",509,5,29,0.010257742367684841
3KF3A,0,"[355, 487]",509,5,30,0.010652008466422558
3KF3A,0,"[355, 487]",509,5,31,0.010687844827771187
3KF3A,0,"[355, 487]",509,5,32,0.010901175439357758
3KF3A,0,"[355, 487]",509,5,33,0.01064314879477024
3KF3A,0,"[355, 487]",509,5,34,0.010892310179769993
3KF3A,0,"[355, 487]",509,5,35,0.010807698592543602
3KF3A,0,"[355, 487]",509,5,36,0.0105669554322958
3KF3A,0,"[355, 487]",509,5,37,0.010363887064158916
3KF3A,0,"[355, 487]",509,5,38,0.010630985721945763
3KF3A,0,"[355, 487]",509,5,39,0.010913540609180927
3KF3A,0,"[355, 487]",509,5,40,0.010938306339085102
3KF3A,0,"[355, 487]",509,5,41,0.011027952656149864
3KF3A,0,"[355, 487]",509,5,42,0.011074846610426903
3KF3A,0,"[355, 487]",509,5,43,0.010116162709891796
3KF3A,0,"[355, 487]",509,5,44,0.010313982143998146
3KF3A,0,"[355, 487]",509,5,45,0.01032774243503809
3KF3A,0,"[355, 487]",509,5,46,0.011882002465426922
3KF3A,0,"[355, 487]",509,5,47,0.01234695315361023
3KF3A,0,"[355, 487]",509,5,48,0.01077768299728632
3KF3A,0,"[355, 487]",509,5,49,0.01009418722242117
3KF3A,0,"[355, 487]",509,5,50,0.010576694272458553
3KF3A,0,"[355, 487]",509,5,51,0.010463263839483261
3KF3A,0,"[355, 487]",509,5,52,0.010356388986110687
3KF3A,0,"[355, 487]",509,5,53,0.010332994163036346
3KF3A,0,"[355, 487]",509,5,54,0.008777343668043613
3KF3A,0,"[355, 487]",509,5,55,0.009037730284035206
3KF3A,0,"[355, 487]",509,5,56,0.00921365525573492
3KF3A,0,"[355, 487]",509,5,57,0.009049991145730019
3KF3A,0,"[355, 487]",509,5,58,0.009097490459680557
3KF3A,0,"[355, 487]",509,5,59,0.009135144762694836
3KF3A,0,"[355, 487]",509,5,60,0.009003040380775928
3L39A,0,"[106, 208]",227,5,0,0.0059227971360087395
3L39A,0,"[106, 208]",227,5,1,0.007290072273463011
3L39A,0,"[106, 208]",227,5,2,0.0072671095840632915
3L39A,0,"[106, 208]",227,5,3,0.006283935625106096
3L39A,0,"[106, 208]",227,5,4,0.0070374030619859695
3L39A,0,"[106, 208]",227,5,5,0.007417112588882446
3L39A,0,"[106, 208]",227,5,6,0.007862245664000511
3L39A,0,"[106, 208]",227,5,7,0.007938955910503864
3L39A,0,"[106, 208]",227,5,8,0.008302489295601845
3L39A,0,"[106, 208]",227,5,9,0.008166338317096233
3L39A,0,"[106, 208]",227,5,10,0.007214671932160854
3L39A,0,"[106, 208]",227,5,11,0.006856734864413738
3L39A,0,"[106, 208]",227,5,12,0.006934301927685738
3L39A,0,"[106, 208]",227,5,13,0.007062901277095079
3L39A,0,"[106, 208]",227,5,14,0.006567493546754122
3L39A,0,"[106, 208]",227,5,15,0.006809422746300697
3L39A,0,"[106, 208]",227,5,16,0.009809724986553192
3L39A,0,"[106, 208]",227,5,17,0.007237888406962156
3L39A,0,"[106, 208]",227,5,18,0.12403057515621185
3L39A,0,"[106, 208]",227,5,19,0.27054306864738464
3L39A,0,"[106, 208]",227,5,20,0.3182951509952545
3L39A,0,"[106, 208]",227,5,21,0.3461100161075592
3L39A,0,"[106, 208]",227,5,22,0.45048996806144714
3L39A,0,"[106, 208]",227,5,23,0.6092432141304016
3L39A,0,"[106, 208]",227,5,24,0.5979073643684387
3L39A,0,"[106, 208]",227,5,25,0.7166338562965393
3L39A,0,"[106, 208]",227,5,26,0.708027184009552
3L39A,0,"[106, 208]",227,5,27,0.8358701467514038
3L39A,0,"[106, 208]",227,5,28,0.9082862138748169
3L39A,0,"[106, 208]",227,5,29,0.9204663634300232
3L39A,0,"[106, 208]",227,5,30,0.9473550915718079
3L39A,0,"[106, 208]",227,5,31,0.9909558892250061
3L39A,0,"[106, 208]",227,5,32,0.9957246780395508
3L39A,0,"[106, 208]",227,5,33,0.9886831045150757
3L39A,0,"[106, 208]",227,5,34,1.0030375719070435
3L39A,0,"[106, 208]",227,5,35,1.0031996965408325
3L39A,0,"[106, 208]",227,5,36,1.0177500247955322
3L39A,0,"[106, 208]",227,5,37,1.0355336666107178
3L39A,0,"[106, 208]",227,5,38,1.043778896331787
3L39A,0,"[106, 208]",227,5,39,1.0388739109039307
3L39A,0,"[106, 208]",227,5,40,1.0351307392120361
3L39A,0,"[106, 208]",227,5,41,1.0325080156326294
3L39A,0,"[106, 208]",227,5,42,1.034797191619873
3L39A,0,"[106, 208]",227,5,43,1.0343977212905884
3L39A,0,"[106, 208]",227,5,44,1.041412115097046
3L39A,0,"[106, 208]",227,5,45,1.0449715852737427
3L39A,0,"[106, 208]",227,5,46,1.0461536645889282
3L39A,0,"[106, 208]",227,5,47,1.0347033739089966
3L39A,0,"[106, 208]",227,5,48,1.0362558364868164
3L39A,0,"[106, 208]",227,5,49,1.043197512626648
3L39A,0,"[106, 208]",227,5,50,1.0489718914031982
3L39A,0,"[106, 208]",227,5,51,1.041243076324463
3L39A,0,"[106, 208]",227,5,52,1.05110502243042
3L39A,0,"[106, 208]",227,5,53,1.0501328706741333
3L39A,0,"[106, 208]",227,5,54,1.0547919273376465
3L39A,0,"[106, 208]",227,5,55,1.050290822982788
3L39A,0,"[106, 208]",227,5,56,1.0504268407821655
3L39A,0,"[106, 208]",227,5,57,1.0496426820755005
3L39A,0,"[106, 208]",227,5,58,1.045050024986267
3L39A,0,"[106, 208]",227,5,59,1.0442328453063965
3L39A,0,"[106, 208]",227,5,60,1.0441551208496094
3LEWA,0,"[225, 352]",495,5,0,0.00612226314842701
3LEWA,0,"[225, 352]",495,5,1,0.006330917589366436
3LEWA,0,"[225, 352]",495,5,2,0.006076036021113396
3LEWA,0,"[225, 352]",495,5,3,0.005542301572859287
3LEWA,0,"[225, 352]",495,5,4,0.005540097132325172
3LEWA,0,"[225, 352]",495,5,5,0.0053925965912640095
3LEWA,0,"[225, 352]",495,5,6,0.005391409620642662
3LEWA,0,"[225, 352]",495,5,7,0.004702690523117781
3LEWA,0,"[225, 352]",495,5,8,0.005657013040035963
3LEWA,0,"[225, 352]",495,5,9,0.005843389313668013
3LEWA,0,"[225, 352]",495,5,10,0.005557996686547995
3LEWA,0,"[225, 352]",495,5,11,0.00579621409997344
3LEWA,0,"[225, 352]",495,5,12,0.005327701102942228
3LEWA,0,"[225, 352]",495,5,13,0.005929658189415932
3LEWA,0,"[225, 352]",495,5,14,0.0057138195261359215
3LEWA,0,"[225, 352]",495,5,15,0.005463076289743185
3LEWA,0,"[225, 352]",495,5,16,0.00533202663064003
3LEWA,0,"[225, 352]",495,5,17,0.004981485195457935
3LEWA,0,"[225, 352]",495,5,18,0.005810324102640152
3LEWA,0,"[225, 352]",495,5,19,0.005342874675989151
3LEWA,0,"[225, 352]",495,5,20,0.006693999748677015
3LEWA,0,"[225, 352]",495,5,21,0.00794676598161459
3LEWA,0,"[225, 352]",495,5,22,0.0063893902115523815
3LEWA,0,"[225, 352]",495,5,23,0.005730932578444481
3LEWA,0,"[225, 352]",495,5,24,0.005964374635368586
3LEWA,0,"[225, 352]",495,5,25,0.005662311799824238
3LEWA,0,"[225, 352]",495,5,26,0.005631748586893082
3LEWA,0,"[225, 352]",495,5,27,0.005927604157477617
3LEWA,0,"[225, 352]",495,5,28,0.0064876195974648
3LEWA,0,"[225, 352]",495,5,29,0.005912587977945805
3LEWA,0,"[225, 352]",495,5,30,0.006005021743476391
3LEWA,0,"[225, 352]",495,5,31,0.005740222055464983
3LEWA,0,"[225, 352]",495,5,32,0.006238393019884825
3LEWA,0,"[225, 352]",495,5,33,0.005771856289356947
3LEWA,0,"[225, 352]",495,5,34,0.0057560717687010765
3LEWA,0,"[225, 352]",495,5,35,0.0058956569992005825
3LEWA,0,"[225, 352]",495,5,36,0.0059767900966107845
3LEWA,0,"[225, 352]",495,5,37,0.0063028535805642605
3LEWA,0,"[225, 352]",495,5,38,0.006379586644470692
3LEWA,0,"[225, 352]",495,5,39,0.0066575524397194386
3LEWA,0,"[225, 352]",495,5,40,0.005545733962208033
3LEWA,0,"[225, 352]",495,5,41,0.005299847573041916
3LEWA,0,"[225, 352]",495,5,42,0.005495063960552216
3LEWA,0,"[225, 352]",495,5,43,0.005326251965016127
3LEWA,0,"[225, 352]",495,5,44,0.004924297332763672
3LEWA,0,"[225, 352]",495,5,45,0.004891818389296532
3LEWA,0,"[225, 352]",495,5,46,0.005223316606134176
3LEWA,0,"[225, 352]",495,5,47,0.0052595557644963264
3LEWA,0,"[225, 352]",495,5,48,0.005132871679961681
3LEWA,0,"[225, 352]",495,5,49,0.005259172059595585
3LEWA,0,"[225, 352]",495,5,50,0.0056234681978821754
3LEWA,0,"[225, 352]",495,5,51,0.00556662492454052
3LEWA,0,"[225, 352]",495,5,52,0.005810241214931011
3LEWA,0,"[225, 352]",495,5,53,1.0119359493255615
3LEWA,0,"[225, 352]",495,5,54,1.012967824935913
3LEWA,0,"[225, 352]",495,5,55,1.0138684511184692
3LHQA,0,"[96, 198]",220,5,0,0.005242840852588415
3LHQA,0,"[96, 198]",220,5,1,0.0057998220436275005
3LHQA,0,"[96, 198]",220,5,2,0.005249405279755592
3LHQA,0,"[96, 198]",220,5,3,0.005047076381742954
3LHQA,0,"[96, 198]",220,5,4,0.0065725818276405334
3LHQA,0,"[96, 198]",220,5,5,0.0059499675408005714
3LHQA,0,"[96, 198]",220,5,6,0.006613295525312424
3LHQA,0,"[96, 198]",220,5,7,0.0057412488386034966
3LHQA,0,"[96, 198]",220,5,8,0.00543440505862236
3LHQA,0,"[96, 198]",220,5,9,0.00512278126552701
3LHQA,0,"[96, 198]",220,5,10,0.005320061929523945
3LHQA,0,"[96, 198]",220,5,11,0.005101398099213839
3LHQA,0,"[96, 198]",220,5,12,0.005600176751613617
3LHQA,0,"[96, 198]",220,5,13,0.006962049752473831
3LHQA,0,"[96, 198]",220,5,14,0.01199212484061718
3LHQA,0,"[96, 198]",220,5,15,0.014306746423244476
3LHQA,0,"[96, 198]",220,5,16,0.018275318667292595
3LHQA,0,"[96, 198]",220,5,17,0.020589247345924377
3LHQA,0,"[96, 198]",220,5,18,0.029738236218690872
3LHQA,0,"[96, 198]",220,5,19,0.00953094195574522
3LHQA,0,"[96, 198]",220,5,20,0.02768760547041893
3LHQA,0,"[96, 198]",220,5,21,0.02600674331188202
3LHQA,0,"[96, 198]",220,5,22,0.032014571130275726
3LHQA,0,"[96, 198]",220,5,23,0.03126758337020874
3LHQA,0,"[96, 198]",220,5,24,0.036043111234903336
3LHQA,0,"[96, 198]",220,5,25,0.03195128217339516
3LHQA,0,"[96, 198]",220,5,26,0.016298139467835426
3LHQA,0,"[96, 198]",220,5,27,0.0140072051435709
3LHQA,0,"[96, 198]",220,5,28,0.017029128968715668
3LHQA,0,"[96, 198]",220,5,29,0.018260221928358078
3LHQA,0,"[96, 198]",220,5,30,0.026379697024822235
3LHQA,0,"[96, 198]",220,5,31,0.034490518271923065
3LHQA,0,"[96, 198]",220,5,32,0.028721578419208527
3LHQA,0,"[96, 198]",220,5,33,0.05511936545372009
3LHQA,0,"[96, 198]",220,5,34,0.04302971810102463
3LHQA,0,"[96, 198]",220,5,35,0.0381707064807415
3LHQA,0,"[96, 198]",220,5,36,0.025164062157273293
3LHQA,0,"[96, 198]",220,5,37,0.6876809000968933
3LHQA,0,"[96, 198]",220,5,38,0.5959556102752686
3LHQA,0,"[96, 198]",220,5,39,0.46548476815223694
3LL3A,0,"[256, 397]",504,5,0,0.007127224002033472
3LL3A,0,"[256, 397]",504,5,1,0.00681905634701252
3LL3A,0,"[256, 397]",504,5,2,0.006957987789064646
3LL3A,0,"[256, 397]",504,5,3,0.007212200202047825
3LL3A,0,"[256, 397]",504,5,4,0.006778588518500328
3LL3A,0,"[256, 397]",504,5,5,0.0065133096650242805
3LL3A,0,"[256, 397]",504,5,6,0.006815919186919928
3LL3A,0,"[256, 397]",504,5,7,0.007184255868196487
3LL3A,0,"[256, 397]",504,5,8,0.007074955850839615
3LL3A,0,"[256, 397]",504,5,9,0.007320164702832699
3LL3A,0,"[256, 397]",504,5,10,0.007582719437777996
3LL3A,0,"[256, 397]",504,5,11,0.007563007064163685
3LL3A,0,"[256, 397]",504,5,12,0.007138408254832029
3LL3A,0,"[256, 397]",504,5,13,0.007080272771418095
3LL3A,0,"[256, 397]",504,5,14,0.007506114896386862
3LL3A,0,"[256, 397]",504,5,15,0.007638381794095039
3LL3A,0,"[256, 397]",504,5,16,0.007862093858420849
3LL3A,0,"[256, 397]",504,5,17,0.007631371729075909
3LL3A,0,"[256, 397]",504,5,18,0.007501841988414526
3LL3A,0,"[256, 397]",504,5,19,0.007022433914244175
3LL3A,0,"[256, 397]",504,5,20,0.0071197571232914925
3LL3A,0,"[256, 397]",504,5,21,0.007102212868630886
3LL3A,0,"[256, 397]",504,5,22,0.006679034326225519
3LL3A,0,"[256, 397]",504,5,23,0.006895856931805611
3LL3A,0,"[256, 397]",504,5,24,0.007550861686468124
3LL3A,0,"[256, 397]",504,5,25,0.007833382114768028
3LL3A,0,"[256, 397]",504,5,26,0.007405705284327269
3LL3A,0,"[256, 397]",504,5,27,0.007539194542914629
3LL3A,0,"[256, 397]",504,5,28,0.008230690844357014
3LL3A,0,"[256, 397]",504,5,29,0.008055112324655056
3LL3A,0,"[256, 397]",504,5,30,0.0072419121861457825
3LL3A,0,"[256, 397]",504,5,31,0.007068500388413668
3LL3A,0,"[256, 397]",504,5,32,0.006202113348990679
3LL3A,0,"[256, 397]",504,5,33,0.007572188042104244
3LL3A,0,"[256, 397]",504,5,34,0.007712441962212324
3LL3A,0,"[256, 397]",504,5,35,0.00671654986217618
3LL3A,0,"[256, 397]",504,5,36,0.0067151328548789024
3LL3A,0,"[256, 397]",504,5,37,0.007438799366354942
3LL3A,0,"[256, 397]",504,5,38,0.007228104863315821
3LL3A,0,"[256, 397]",504,5,39,0.0067905341275036335
3LL3A,0,"[256, 397]",504,5,40,0.007277115248143673
3LL3A,0,"[256, 397]",504,5,41,0.006525013595819473
3LL3A,0,"[256, 397]",504,5,42,0.006522791925817728
3LL3A,0,"[256, 397]",504,5,43,0.006231672130525112
3LL3A,0,"[256, 397]",504,5,44,0.006111225113272667
3LL3A,0,"[256, 397]",504,5,45,0.006507753860205412
3LL3A,0,"[256, 397]",504,5,46,0.006626820657402277
3LL3A,0,"[256, 397]",504,5,47,0.006540467496961355
3LL3A,0,"[256, 397]",504,5,48,0.006668768357485533
3LL3A,0,"[256, 397]",504,5,49,0.006723752245306969
3LL3A,0,"[256, 397]",504,5,50,0.00682917982339859
3LL3A,0,"[256, 397]",504,5,51,0.0063592251390218735
3LL3A,0,"[256, 397]",504,5,52,0.006643748376518488
3LL3A,0,"[256, 397]",504,5,53,0.00597842363640666
3LL3A,0,"[256, 397]",504,5,54,0.887208104133606
3LL3A,0,"[256, 397]",504,5,55,0.8899588584899902
3LL3A,0,"[256, 397]",504,5,56,0.8901253342628479
3LL3A,0,"[256, 397]",504,5,57,0.8899142146110535
3LL3A,0,"[256, 397]",504,5,58,0.8924750089645386
3LL3A,0,"[256, 397]",504,5,59,0.8927850723266602
3LOGA,0,"[18, 150]",451,5,0,0.009398098103702068
3LOGA,0,"[18, 150]",451,5,1,0.009285870008170605
3LOGA,0,"[18, 150]",451,5,2,0.010273768566548824
3LOGA,0,"[18, 150]",451,5,3,0.00849599577486515
3LOGA,0,"[18, 150]",451,5,4,0.00867864117026329
3LOGA,0,"[18, 150]",451,5,5,0.008950312621891499
3LOGA,0,"[18, 150]",451,5,6,0.008975574746727943
3LOGA,0,"[18, 150]",451,5,7,0.008462090976536274
3LOGA,0,"[18, 150]",451,5,8,0.008540942333638668
3LOGA,0,"[18, 150]",451,5,9,0.008714906871318817
3LOGA,0,"[18, 150]",451,5,10,0.008492560125887394
3LOGA,0,"[18, 150]",451,5,11,0.008640207350254059
3LOGA,0,"[18, 150]",451,5,12,0.0087248170748353
3LOGA,0,"[18, 150]",451,5,13,0.009318666532635689
3LOGA,0,"[18, 150]",451,5,14,0.009490158408880234
3LOGA,0,"[18, 150]",451,5,15,0.009025877341628075
3LOGA,0,"[18, 150]",451,5,16,0.00913161039352417
3LOGA,0,"[18, 150]",451,5,17,0.00942873116582632
3LOGA,0,"[18, 150]",451,5,18,0.008933492936193943
3LOGA,0,"[18, 150]",451,5,19,0.009049647487699986
3LOGA,0,"[18, 150]",451,5,20,0.00890227872878313
3LOGA,0,"[18, 150]",451,5,21,0.009167850017547607
3LOGA,0,"[18, 150]",451,5,22,0.009759066626429558
3LOGA,0,"[18, 150]",451,5,23,0.010187716223299503
3LOGA,0,"[18, 150]",451,5,24,0.01025366596877575
3LOGA,0,"[18, 150]",451,5,25,0.009505698457360268
3LOGA,0,"[18, 150]",451,5,26,0.00972098670899868
3LOGA,0,"[18, 150]",451,5,27,0.009220444597303867
3LOGA,0,"[18, 150]",451,5,28,0.008909149095416069
3LOGA,0,"[18, 150]",451,5,29,0.0088217006996274
3LOGA,0,"[18, 150]",451,5,30,0.008858080953359604
3LOGA,0,"[18, 150]",451,5,31,0.009202932938933372
3LOGA,0,"[18, 150]",451,5,32,0.007991492748260498
3LOGA,0,"[18, 150]",451,5,33,0.008247015997767448
3LOGA,0,"[18, 150]",451,5,34,0.008026675321161747
3LOGA,0,"[18, 150]",451,5,35,0.00807691365480423
3LOGA,0,"[18, 150]",451,5,36,0.007402452640235424
3LOGA,0,"[18, 150]",451,5,37,0.007813502103090286
3LOGA,0,"[18, 150]",451,5,38,0.008317764848470688
3LOGA,0,"[18, 150]",451,5,39,0.008492299355566502
3LOGA,0,"[18, 150]",451,5,40,0.008124387823045254
3LOGA,0,"[18, 150]",451,5,41,0.00810959842056036
3LOGA,0,"[18, 150]",451,5,42,0.008043743669986725
3LOGA,0,"[18, 150]",451,5,43,0.008023640140891075
3LOGA,0,"[18, 150]",451,5,44,0.007843871600925922
3LOGA,0,"[18, 150]",451,5,45,0.007800193503499031
3LOGA,0,"[18, 150]",451,5,46,0.007722933776676655
3LOGA,0,"[18, 150]",451,5,47,0.00781943928450346
3LOGA,0,"[18, 150]",451,5,48,0.008109616115689278
3LOGA,0,"[18, 150]",451,5,49,0.008095691911876202
3LOGA,0,"[18, 150]",451,5,50,0.008246272802352905
3LOGA,0,"[18, 150]",451,5,51,0.008182544261217117
3LOGA,0,"[18, 150]",451,5,52,0.008389031514525414
3LOGA,0,"[18, 150]",451,5,53,0.008531160652637482
3LOGA,0,"[18, 150]",451,5,54,0.00836560595780611
3LOGA,0,"[18, 150]",451,5,55,0.008850909769535065
3LOGA,0,"[18, 150]",451,5,56,0.008431918919086456
3LOGA,0,"[18, 150]",451,5,57,0.00771332299336791
3LOGA,0,"[18, 150]",451,5,58,0.009012861177325249
3LOGA,0,"[18, 150]",451,5,59,0.009197852574288845
3LOGA,0,"[18, 150]",451,5,60,0.008994321338832378
3LY1A,0,"[37, 250]",354,5,0,0.006325163412839174
3LY1A,0,"[37, 250]",354,5,1,0.006055812817066908
3LY1A,0,"[37, 250]",354,5,2,0.005844129249453545
3LY1A,0,"[37, 250]",354,5,3,0.00633263448253274
3LY1A,0,"[37, 250]",354,5,4,0.005704961251467466
3LY1A,0,"[37, 250]",354,5,5,0.004865243099629879
3LY1A,0,"[37, 250]",354,5,6,0.0047919671051204205
3LY1A,0,"[37, 250]",354,5,7,0.004568708594888449
3LY1A,0,"[37, 250]",354,5,8,0.0046439277939498425
3LY1A,0,"[37, 250]",354,5,9,0.005780546925961971
3LY1A,0,"[37, 250]",354,5,10,0.00491719925776124
3LY1A,0,"[37, 250]",354,5,11,0.004570742137730122
3LY1A,0,"[37, 250]",354,5,12,0.0050569092854857445
3LY1A,0,"[37, 250]",354,5,13,0.004975134506821632
3LY1A,0,"[37, 250]",354,5,14,0.004582773894071579
3LY1A,0,"[37, 250]",354,5,15,0.005164803005754948
3LY1A,0,"[37, 250]",354,5,16,0.005978733766824007
3LY1A,0,"[37, 250]",354,5,17,0.004431067034602165
3LY1A,0,"[37, 250]",354,5,18,0.004835046827793121
3LY1A,0,"[37, 250]",354,5,19,0.005257394630461931
3LY1A,0,"[37, 250]",354,5,20,0.005473751109093428
3LY1A,0,"[37, 250]",354,5,21,0.005331287160515785
3LY1A,0,"[37, 250]",354,5,22,0.005544374696910381
3LY1A,0,"[37, 250]",354,5,23,0.0052537680603563786
3LY1A,0,"[37, 250]",354,5,24,0.006110282149165869
3LY1A,0,"[37, 250]",354,5,25,0.006866480689495802
3LY1A,0,"[37, 250]",354,5,26,0.008110054768621922
3LY1A,0,"[37, 250]",354,5,27,0.007990383543074131
3LY1A,0,"[37, 250]",354,5,28,0.007718481123447418
3LY1A,0,"[37, 250]",354,5,29,0.007518059108406305
3LY1A,0,"[37, 250]",354,5,30,0.0060009462758898735
3LY1A,0,"[37, 250]",354,5,31,0.006117095239460468
3LY1A,0,"[37, 250]",354,5,32,0.006154669914394617
3LY1A,0,"[37, 250]",354,5,33,0.0062525924295187
3LY1A,0,"[37, 250]",354,5,34,0.006485146004706621
3LY1A,0,"[37, 250]",354,5,35,0.006756366230547428
3LY1A,0,"[37, 250]",354,5,36,0.007918029092252254
3LY1A,0,"[37, 250]",354,5,37,0.008114701136946678
3LY1A,0,"[37, 250]",354,5,38,0.008091339841485023
3LY1A,0,"[37, 250]",354,5,39,0.00810767337679863
3LY1A,0,"[37, 250]",354,5,40,0.00783939566463232
3LY1A,0,"[37, 250]",354,5,41,0.007876871153712273
3LY1A,0,"[37, 250]",354,5,42,0.007902096025645733
3LY1A,0,"[37, 250]",354,5,43,0.007760089822113514
3LY1A,0,"[37, 250]",354,5,44,0.007777901832014322
3LY1A,0,"[37, 250]",354,5,45,0.008096440695226192
3LY1A,0,"[37, 250]",354,5,46,0.00756072485819459
3LY1A,0,"[37, 250]",354,5,47,0.007455987390130758
3LY1A,0,"[37, 250]",354,5,48,0.007392105646431446
3LY1A,0,"[37, 250]",354,5,49,0.007545405067503452
3LY1A,0,"[37, 250]",354,5,50,0.00718515133485198
3LY1A,0,"[37, 250]",354,5,51,0.007599029690027237
3LY1A,0,"[37, 250]",354,5,52,0.006857226602733135
3LY1A,0,"[37, 250]",354,5,53,0.007550706155598164
3LY1A,0,"[37, 250]",354,5,54,0.0075304810889065266
3LY1A,0,"[37, 250]",354,5,55,0.007580562960356474
3LY1A,0,"[37, 250]",354,5,56,0.011208421550691128
3LY1A,0,"[37, 250]",354,5,57,0.0069707101210951805
3LY1A,0,"[37, 250]",354,5,58,0.012598497793078423
3LY1A,0,"[37, 250]",354,5,59,0.011795209720730782
3LY1A,0,"[37, 250]",354,5,60,0.013746647164225578
3M6NA,0,"[124, 270]",305,5,0,0.006738028023391962
3M6NA,0,"[124, 270]",305,5,1,0.0073308758437633514
3M6NA,0,"[124, 270]",305,5,2,0.007098316214978695
3M6NA,0,"[124, 270]",305,5,3,0.006812301930040121
3M6NA,0,"[124, 270]",305,5,4,0.007106532342731953
3M6NA,0,"[124, 270]",305,5,5,0.007088403683155775
3M6NA,0,"[124, 270]",305,5,6,0.007930492050945759
3M6NA,0,"[124, 270]",305,5,7,0.0070971036329865456
3M6NA,0,"[124, 270]",305,5,8,0.00659874128177762
3M6NA,0,"[124, 270]",305,5,9,0.006921004503965378
3M6NA,0,"[124, 270]",305,5,10,0.00693053612485528
3M6NA,0,"[124, 270]",305,5,11,0.006016980390995741
3M6NA,0,"[124, 270]",305,5,12,0.006395743228495121
3M6NA,0,"[124, 270]",305,5,13,0.005887088365852833
3M6NA,0,"[124, 270]",305,5,14,0.005367140285670757
3M6NA,0,"[124, 270]",305,5,15,0.005465461872518063
3M6NA,0,"[124, 270]",305,5,16,0.005633088294416666
3M6NA,0,"[124, 270]",305,5,17,0.005452921614050865
3M6NA,0,"[124, 270]",305,5,18,0.005746148526668549
3M6NA,0,"[124, 270]",305,5,19,0.005999835208058357
3M6NA,0,"[124, 270]",305,5,20,0.005940462462604046
3M6NA,0,"[124, 270]",305,5,21,0.005910575855523348
3M6NA,0,"[124, 270]",305,5,22,0.007720004301518202
3M6NA,0,"[124, 270]",305,5,23,0.0318446010351181
3M6NA,0,"[124, 270]",305,5,24,0.04206158220767975
3M6NA,0,"[124, 270]",305,5,25,0.04905777797102928
3M6NA,0,"[124, 270]",305,5,26,0.049325261265039444
3M6NA,0,"[124, 270]",305,5,27,0.0457247830927372
3M6NA,0,"[124, 270]",305,5,28,0.059442467987537384
3M6NA,0,"[124, 270]",305,5,29,0.0662144124507904
3M6NA,0,"[124, 270]",305,5,30,0.06511793285608292
3M6NA,0,"[124, 270]",305,5,31,0.06181488186120987
3M6NA,0,"[124, 270]",305,5,32,0.060155026614665985
3M6NA,0,"[124, 270]",305,5,33,0.061420977115631104
3M6NA,0,"[124, 270]",305,5,34,0.06300488859415054
3M6NA,0,"[124, 270]",305,5,35,0.0630405992269516
3M6NA,0,"[124, 270]",305,5,36,0.06685400009155273
3M6NA,0,"[124, 270]",305,5,37,0.05979687348008156
3M6NA,0,"[124, 270]",305,5,38,0.05800284817814827
3M6NA,0,"[124, 270]",305,5,39,0.05571919307112694
3M6NA,0,"[124, 270]",305,5,40,0.06035102158784866
3M6NA,0,"[124, 270]",305,5,41,0.05481458827853203
3M6NA,0,"[124, 270]",305,5,42,0.053188104182481766
3M6NA,0,"[124, 270]",305,5,43,0.050331950187683105
3M6NA,0,"[124, 270]",305,5,44,0.051982659846544266
3M6NA,0,"[124, 270]",305,5,45,0.042703960090875626
3M6NA,0,"[124, 270]",305,5,46,0.044558946043252945
3M6NA,0,"[124, 270]",305,5,47,0.045651812106370926
3M6NA,0,"[124, 270]",305,5,48,0.051485978066921234
3M6NA,0,"[124, 270]",305,5,49,0.056822773069143295
3M6NA,0,"[124, 270]",305,5,50,0.05968189239501953
3M6NA,0,"[124, 270]",305,5,51,0.060746483504772186
3M6NA,0,"[124, 270]",305,5,52,0.058486148715019226
3M6NA,0,"[124, 270]",305,5,53,0.058336831629276276
3M6NA,0,"[124, 270]",305,5,54,0.0597304031252861
3M6NA,0,"[124, 270]",305,5,55,0.04690749570727348
3M6NA,0,"[124, 270]",305,5,56,0.05036858841776848
3M6NA,0,"[124, 270]",305,5,57,0.05049562081694603
3M6NA,0,"[124, 270]",305,5,58,0.042681872844696045
3M6NA,0,"[124, 270]",305,5,59,0.03940504789352417
3M6NA,0,"[124, 270]",305,5,60,0.0337875559926033
3MW8A,0,"[35, 153]",240,5,0,0.007279891055077314
3MW8A,0,"[35, 153]",240,5,1,0.007405699230730534
3MW8A,0,"[35, 153]",240,5,2,0.008394512347877026
3MW8A,0,"[35, 153]",240,5,3,0.00801729317754507
3MW8A,0,"[35, 153]",240,5,4,0.007073648273944855
3MW8A,0,"[35, 153]",240,5,5,0.006823804695159197
3MW8A,0,"[35, 153]",240,5,6,0.006963680498301983
3MW8A,0,"[35, 153]",240,5,7,0.006465809419751167
3MW8A,0,"[35, 153]",240,5,8,0.006629683077335358
3MW8A,0,"[35, 153]",240,5,9,0.006544174160808325
3MW8A,0,"[35, 153]",240,5,10,0.007199966814368963
3MW8A,0,"[35, 153]",240,5,11,0.00714728981256485
3MW8A,0,"[35, 153]",240,5,12,0.00771701755002141
3MW8A,0,"[35, 153]",240,5,13,0.007893521338701248
3MW8A,0,"[35, 153]",240,5,14,0.014395260252058506
3MW8A,0,"[35, 153]",240,5,15,0.015098190866410732
3MW8A,0,"[35, 153]",240,5,16,0.015061751008033752
3MW8A,0,"[35, 153]",240,5,17,0.013201949186623096
3MW8A,0,"[35, 153]",240,5,18,0.011654539033770561
3MW8A,0,"[35, 153]",240,5,19,0.011822658590972424
3MW8A,0,"[35, 153]",240,5,20,0.0116567462682724
3MW8A,0,"[35, 153]",240,5,21,0.01185393612831831
3MW8A,0,"[35, 153]",240,5,22,0.011473799124360085
3MW8A,0,"[35, 153]",240,5,23,0.01095169223845005
3MW8A,0,"[35, 153]",240,5,24,0.012775467708706856
3MW8A,0,"[35, 153]",240,5,25,0.012657789513468742
3MW8A,0,"[35, 153]",240,5,26,0.20782451331615448
3MW8A,0,"[35, 153]",240,5,27,0.3489508330821991
3MW8A,0,"[35, 153]",240,5,28,0.5502880215644836
3MW8A,0,"[35, 153]",240,5,29,0.6040793657302856
3MW8A,0,"[35, 153]",240,5,30,0.6109659671783447
3MW8A,0,"[35, 153]",240,5,31,0.6185651421546936
3MW8A,0,"[35, 153]",240,5,32,0.6108227372169495
3MW8A,0,"[35, 153]",240,5,33,0.716338038444519
3MW8A,0,"[35, 153]",240,5,34,0.7211951613426208
3MW8A,0,"[35, 153]",240,5,35,0.7492617964744568
3MW8A,0,"[35, 153]",240,5,36,0.7220515012741089
3MW8A,0,"[35, 153]",240,5,37,0.7391684055328369
3MW8A,0,"[35, 153]",240,5,38,0.7497692108154297
3MW8A,0,"[35, 153]",240,5,39,0.7588970065116882
3MW8A,0,"[35, 153]",240,5,40,0.7354138493537903
3MW8A,0,"[35, 153]",240,5,41,0.8096253275871277
3MW8A,0,"[35, 153]",240,5,42,0.8262649178504944
3MW8A,0,"[35, 153]",240,5,43,0.8425689935684204
3MW8A,0,"[35, 153]",240,5,44,0.8583967089653015
3MW8A,0,"[35, 153]",240,5,45,0.9237128496170044
3MW8A,0,"[35, 153]",240,5,46,0.9564148187637329
3MW8A,0,"[35, 153]",240,5,47,0.9667991399765015
3MW8A,0,"[35, 153]",240,5,48,0.9449453353881836
3MW8A,0,"[35, 153]",240,5,49,0.9379851222038269
3MW8A,0,"[35, 153]",240,5,50,0.936606228351593
3MW8A,0,"[35, 153]",240,5,51,0.9560410380363464
3MW8A,0,"[35, 153]",240,5,52,0.9614347219467163
3MW8A,0,"[35, 153]",240,5,53,0.9670813679695129
3MW8A,0,"[35, 153]",240,5,54,0.9618803262710571
3MW8A,0,"[35, 153]",240,5,55,0.9581373333930969
3MW8A,0,"[35, 153]",240,5,56,0.9462718963623047
3MW8A,0,"[35, 153]",240,5,57,0.950743556022644
3MW8A,0,"[35, 153]",240,5,58,0.9506646394729614
3MW8A,0,"[35, 153]",240,5,59,0.9617587924003601
3MW8A,0,"[35, 153]",240,5,60,0.9679624438285828
3NRSA,0,"[314, 419]",437,5,0,0.008442509919404984
3NRSA,0,"[314, 419]",437,5,1,0.008863767609000206
3NRSA,0,"[314, 419]",437,5,2,0.009235222823917866
3NRSA,0,"[314, 419]",437,5,3,0.009322226978838444
3NRSA,0,"[314, 419]",437,5,4,0.009412288665771484
3NRSA,0,"[314, 419]",437,5,5,0.00959777645766735
3NRSA,0,"[314, 419]",437,5,6,0.009375039488077164
3NRSA,0,"[314, 419]",437,5,7,0.009287044405937195
3NRSA,0,"[314, 419]",437,5,8,0.009372755885124207
3NRSA,0,"[314, 419]",437,5,9,0.009252296760678291
3NRSA,0,"[314, 419]",437,5,10,0.009857743047177792
3NRSA,0,"[314, 419]",437,5,11,0.00847176555544138
3NRSA,0,"[314, 419]",437,5,12,0.00983386393636465
3NRSA,0,"[314, 419]",437,5,13,0.00889765564352274
3NRSA,0,"[314, 419]",437,5,14,0.008207248523831367
3NRSA,0,"[314, 419]",437,5,15,0.00883117038756609
3NRSA,0,"[314, 419]",437,5,16,0.009379942901432514
3NRSA,0,"[314, 419]",437,5,17,0.012463297694921494
3NRSA,0,"[314, 419]",437,5,18,0.009401348419487476
3NRSA,0,"[314, 419]",437,5,19,0.009292274713516235
3NRSA,0,"[314, 419]",437,5,20,0.009177294559776783
3NRSA,0,"[314, 419]",437,5,21,0.009366380050778389
3NRSA,0,"[314, 419]",437,5,22,0.008747614920139313
3NRSA,0,"[314, 419]",437,5,23,0.009124607779085636
3NRSA,0,"[314, 419]",437,5,24,0.008791948668658733
3NRSA,0,"[314, 419]",437,5,25,0.008949443697929382
3NRSA,0,"[314, 419]",437,5,26,0.008860110305249691
3NRSA,0,"[314, 419]",437,5,27,0.00959845818579197
3NRSA,0,"[314, 419]",437,5,28,0.008216703310608864
3NRSA,0,"[314, 419]",437,5,29,0.00785544142127037
3NRSA,0,"[314, 419]",437,5,30,0.006969125475734472
3NRSA,0,"[314, 419]",437,5,31,0.007879434153437614
3NRSA,0,"[314, 419]",437,5,32,0.007020709570497274
3NRSA,0,"[314, 419]",437,5,33,0.009059624746441841
3NRSA,0,"[314, 419]",437,5,34,0.007938598282635212
3NRSA,0,"[314, 419]",437,5,35,0.008126091212034225
3NRSA,0,"[314, 419]",437,5,36,0.009696687571704388
3NRSA,0,"[314, 419]",437,5,37,0.00934648234397173
3NRSA,0,"[314, 419]",437,5,38,0.009213159792125225
3NRSA,0,"[314, 419]",437,5,39,0.008964233100414276
3NRSA,0,"[314, 419]",437,5,40,0.009147259406745434
3NRSA,0,"[314, 419]",437,5,41,0.008979863487184048
3NRSA,0,"[314, 419]",437,5,42,0.01053011417388916
3NRSA,0,"[314, 419]",437,5,43,0.010464970953762531
3NRSA,0,"[314, 419]",437,5,44,0.009795666672289371
3NRSA,0,"[314, 419]",437,5,45,0.010010252706706524
3NRSA,0,"[314, 419]",437,5,46,0.010381566360592842
3NRSA,0,"[314, 419]",437,5,47,0.010783267207443714
3NRSA,0,"[314, 419]",437,5,48,0.010278264991939068
3NRSA,0,"[314, 419]",437,5,49,0.010480126366019249
3NRSA,0,"[314, 419]",437,5,50,0.009479888714849949
3NRSA,0,"[314, 419]",437,5,51,0.008129127323627472
3NRSA,0,"[314, 419]",437,5,52,0.008496914058923721
3NRSA,0,"[314, 419]",437,5,53,0.008504067547619343
3NRSA,0,"[314, 419]",437,5,54,0.008507792837917805
3NRSA,0,"[314, 419]",437,5,55,0.008628317154943943
3NRSA,0,"[314, 419]",437,5,56,0.00824887864291668
3NRSA,0,"[314, 419]",437,5,57,0.008202055469155312
3NRSA,0,"[314, 419]",437,5,58,0.00807638093829155
3NRSA,0,"[314, 419]",437,5,59,0.007927997969090939
3NRSA,0,"[314, 419]",437,5,60,0.008169839158654213
3NX3A,0,"[96, 258]",395,5,0,0.005980087444186211
3NX3A,0,"[96, 258]",395,5,1,0.006218715105205774
3NX3A,0,"[96, 258]",395,5,2,0.006191770546138287
3NX3A,0,"[96, 258]",395,5,3,0.006576468702405691
3NX3A,0,"[96, 258]",395,5,4,0.006226032506674528
3NX3A,0,"[96, 258]",395,5,5,0.0066797505132853985
3NX3A,0,"[96, 258]",395,5,6,0.006300927139818668
3NX3A,0,"[96, 258]",395,5,7,0.006955516990274191
3NX3A,0,"[96, 258]",395,5,8,0.0069119688123464584
3NX3A,0,"[96, 258]",395,5,9,0.006660466082394123
3NX3A,0,"[96, 258]",395,5,10,0.006151783745735884
3NX3A,0,"[96, 258]",395,5,11,0.006493594031780958
3NX3A,0,"[96, 258]",395,5,12,0.00633463729172945
3NX3A,0,"[96, 258]",395,5,13,0.006148283835500479
3NX3A,0,"[96, 258]",395,5,14,0.006198628339916468
3NX3A,0,"[96, 258]",395,5,15,0.006409424357116222
3NX3A,0,"[96, 258]",395,5,16,0.006336306221783161
3NX3A,0,"[96, 258]",395,5,17,0.005955912638455629
3NX3A,0,"[96, 258]",395,5,18,0.0057078455574810505
3NX3A,0,"[96, 258]",395,5,19,0.005954434163868427
3NX3A,0,"[96, 258]",395,5,20,0.005955966655164957
3NX3A,0,"[96, 258]",395,5,21,0.006095223594456911
3NX3A,0,"[96, 258]",395,5,22,0.0060882410034537315
3NX3A,0,"[96, 258]",395,5,23,0.00662997318431735
3NX3A,0,"[96, 258]",395,5,24,0.006292993668466806
3NX3A,0,"[96, 258]",395,5,25,0.006408644840121269
3NX3A,0,"[96, 258]",395,5,26,0.006257291883230209
3NX3A,0,"[96, 258]",395,5,27,0.005756136495620012
3NX3A,0,"[96, 258]",395,5,28,0.005806752014905214
3NX3A,0,"[96, 258]",395,5,29,0.006053133402019739
3NX3A,0,"[96, 258]",395,5,30,0.006262075621634722
3NX3A,0,"[96, 258]",395,5,31,0.006287502124905586
3NX3A,0,"[96, 258]",395,5,32,0.006268639117479324
3NX3A,0,"[96, 258]",395,5,33,0.007623174227774143
3NX3A,0,"[96, 258]",395,5,34,0.006032193079590797
3NX3A,0,"[96, 258]",395,5,35,0.8013879656791687
3NX3A,0,"[96, 258]",395,5,36,0.8001691102981567
3NX3A,0,"[96, 258]",395,5,37,0.7982921004295349
3NX3A,0,"[96, 258]",395,5,38,0.8105986714363098
3NX3A,0,"[96, 258]",395,5,39,0.805905282497406
3O94A,0,"[24, 147]",211,5,0,0.00709175132215023
3O94A,0,"[24, 147]",211,5,1,0.005582550074905157
3O94A,0,"[24, 147]",211,5,2,0.00599726103246212
3O94A,0,"[24, 147]",211,5,3,0.005172776523977518
3O94A,0,"[24, 147]",211,5,4,0.004813058767467737
3O94A,0,"[24, 147]",211,5,5,0.004900443367660046
3O94A,0,"[24, 147]",211,5,6,0.005295516923069954
3O94A,0,"[24, 147]",211,5,7,0.006778440438210964
3O94A,0,"[24, 147]",211,5,8,0.007370528299361467
3O94A,0,"[24, 147]",211,5,9,0.010873803868889809
3O94A,0,"[24, 147]",211,5,10,0.01379911694675684
3O94A,0,"[24, 147]",211,5,11,0.01229065377265215
3O94A,0,"[24, 147]",211,5,12,0.012219304218888283
3O94A,0,"[24, 147]",211,5,13,0.01049488503485918
3O94A,0,"[24, 147]",211,5,14,0.009116129949688911
3O94A,0,"[24, 147]",211,5,15,0.013775037601590157
3O94A,0,"[24, 147]",211,5,16,0.009078582748770714
3O94A,0,"[24, 147]",211,5,17,0.009045924060046673
3O94A,0,"[24, 147]",211,5,18,0.008953366428613663
3O94A,0,"[24, 147]",211,5,19,0.008956856094300747
3O94A,0,"[24, 147]",211,5,20,0.008974805474281311
3O94A,0,"[24, 147]",211,5,21,0.008699096739292145
3O94A,0,"[24, 147]",211,5,22,0.008897881954908371
3O94A,0,"[24, 147]",211,5,23,0.00923609733581543
3O94A,0,"[24, 147]",211,5,24,0.00893798191100359
3O94A,0,"[24, 147]",211,5,25,0.008757692761719227
3O94A,0,"[24, 147]",211,5,26,0.008529359474778175
3O94A,0,"[24, 147]",211,5,27,0.008302470669150352
3O94A,0,"[24, 147]",211,5,28,0.008391228504478931
3O94A,0,"[24, 147]",211,5,29,0.008573899045586586
3O94A,0,"[24, 147]",211,5,30,0.008098126389086246
3O94A,0,"[24, 147]",211,5,31,0.00807497464120388
3O94A,0,"[24, 147]",211,5,32,0.008038686588406563
3O94A,0,"[24, 147]",211,5,33,0.008079621940851212
3O94A,0,"[24, 147]",211,5,34,0.008050959557294846
3O94A,0,"[24, 147]",211,5,35,0.008153550326824188
3O94A,0,"[24, 147]",211,5,36,0.008001415990293026
3O94A,0,"[24, 147]",211,5,37,0.00779713736847043
3O94A,0,"[24, 147]",211,5,38,0.007662696298211813
3O94A,0,"[24, 147]",211,5,39,0.00773361511528492
3O94A,0,"[24, 147]",211,5,40,0.007691440172493458
3O94A,0,"[24, 147]",211,5,41,0.007788413669914007
3O94A,0,"[24, 147]",211,5,42,0.00790230929851532
3O94A,0,"[24, 147]",211,5,43,0.007980027236044407
3O94A,0,"[24, 147]",211,5,44,0.008015948347747326
3O94A,0,"[24, 147]",211,5,45,0.007836111821234226
3O94A,0,"[24, 147]",211,5,46,0.008261477574706078
3O94A,0,"[24, 147]",211,5,47,0.012791884131729603
3O94A,0,"[24, 147]",211,5,48,0.010873112827539444
3O94A,0,"[24, 147]",211,5,49,0.008992618881165981
3O94A,0,"[24, 147]",211,5,50,0.010758141987025738
3O94A,0,"[24, 147]",211,5,51,0.05048678442835808
3O94A,0,"[24, 147]",211,5,52,0.1925622969865799
3O94A,0,"[24, 147]",211,5,53,0.25171756744384766
3O94A,0,"[24, 147]",211,5,54,0.40065476298332214
3O94A,0,"[24, 147]",211,5,55,0.6640376448631287
3O94A,0,"[24, 147]",211,5,56,0.6538695693016052
3O94A,0,"[24, 147]",211,5,57,0.6507911682128906
3O94A,0,"[24, 147]",211,5,58,0.6498004794120789
3O94A,0,"[24, 147]",211,5,59,0.6498004794120789
3O94A,0,"[24, 147]",211,5,60,0.6498047709465027
3OHGA,0,"[48, 202]",285,5,0,0.0058303107507526875
3OHGA,0,"[48, 202]",285,5,1,0.005818488076329231
3OHGA,0,"[48, 202]",285,5,2,0.0060234409756958485
3OHGA,0,"[48, 202]",285,5,3,0.005926569923758507
3OHGA,0,"[48, 202]",285,5,4,0.005561862140893936
3OHGA,0,"[48, 202]",285,5,5,0.005806397181004286
3OHGA,0,"[48, 202]",285,5,6,0.0057462165132164955
3OHGA,0,"[48, 202]",285,5,7,0.005942449904978275
3OHGA,0,"[48, 202]",285,5,8,0.005870271939784288
3OHGA,0,"[48, 202]",285,5,9,0.005407532211393118
3OHGA,0,"[48, 202]",285,5,10,0.005619368515908718
3OHGA,0,"[48, 202]",285,5,11,0.0048236846923828125
3OHGA,0,"[48, 202]",285,5,12,0.005426414310932159
3OHGA,0,"[48, 202]",285,5,13,0.005493048578500748
3OHGA,0,"[48, 202]",285,5,14,0.005791593808680773
3OHGA,0,"[48, 202]",285,5,15,0.005257050506770611
3OHGA,0,"[48, 202]",285,5,16,0.005448373034596443
3OHGA,0,"[48, 202]",285,5,17,0.6887867450714111
3OHGA,0,"[48, 202]",285,5,18,0.5006446242332458
3OHGA,0,"[48, 202]",285,5,19,0.5632356405258179
3OHRA,0,"[128, 230]",303,5,0,0.007340083830058575
3OHRA,0,"[128, 230]",303,5,1,0.0073966882191598415
3OHRA,0,"[128, 230]",303,5,2,0.009457097388803959
3OHRA,0,"[128, 230]",303,5,3,0.007372324354946613
3OHRA,0,"[128, 230]",303,5,4,0.007845434360206127
3OHRA,0,"[128, 230]",303,5,5,0.008120940998196602
3OHRA,0,"[128, 230]",303,5,6,0.008151931688189507
3OHRA,0,"[128, 230]",303,5,7,0.008710391819477081
3OHRA,0,"[128, 230]",303,5,8,0.009335598908364773
3OHRA,0,"[128, 230]",303,5,9,0.009786744602024555
3OHRA,0,"[128, 230]",303,5,10,0.00810912624001503
3OHRA,0,"[128, 230]",303,5,11,0.00840163603425026
3OHRA,0,"[128, 230]",303,5,12,0.008030432276427746
3OHRA,0,"[128, 230]",303,5,13,0.007256701122969389
3OHRA,0,"[128, 230]",303,5,14,0.007059156894683838
3OHRA,0,"[128, 230]",303,5,15,0.007349314168095589
3OHRA,0,"[128, 230]",303,5,16,0.006555254105478525
3OHRA,0,"[128, 230]",303,5,17,0.006561542395502329
3OHRA,0,"[128, 230]",303,5,18,0.006702749989926815
3OHRA,0,"[128, 230]",303,5,19,0.0068497853353619576
3OHRA,0,"[128, 230]",303,5,20,0.007130697835236788
3OHRA,0,"[128, 230]",303,5,21,0.007368552964180708
3OHRA,0,"[128, 230]",303,5,22,0.008251853287220001
3OHRA,0,"[128, 230]",303,5,23,0.006608638446778059
3OHRA,0,"[128, 230]",303,5,24,0.8711180686950684
3OHRA,0,"[128, 230]",303,5,25,1.0179123878479004
3OHRA,0,"[128, 230]",303,5,26,1.0357149839401245
3OHRA,0,"[128, 230]",303,5,27,1.051780343055725
3OKPA,0,"[219, 336]",394,5,0,0.006408338434994221
3OKPA,0,"[219, 336]",394,5,1,0.006222425028681755
3OKPA,0,"[219, 336]",394,5,2,0.0057120597921311855
3OKPA,0,"[219, 336]",394,5,3,0.006803580094128847
3OKPA,0,"[219, 336]",394,5,4,0.006852038204669952
3OKPA,0,"[219, 336]",394,5,5,0.007350537925958633
3OKPA,0,"[219, 336]",394,5,6,0.006125153042376041
3OKPA,0,"[219, 336]",394,5,7,0.007422359194606543
3OKPA,0,"[219, 336]",394,5,8,0.006382667925208807
3OKPA,0,"[219, 336]",394,5,9,0.005182670895010233
3OKPA,0,"[219, 336]",394,5,10,0.006286796648055315
3OKPA,0,"[219, 336]",394,5,11,0.006518047768622637
3OKPA,0,"[219, 336]",394,5,12,0.007944408804178238
3OKPA,0,"[219, 336]",394,5,13,0.006410493049770594
3OKPA,0,"[219, 336]",394,5,14,0.006636745296418667
3OKPA,0,"[219, 336]",394,5,15,0.007292500231415033
3OKPA,0,"[219, 336]",394,5,16,0.005708513781428337
3OKPA,0,"[219, 336]",394,5,17,0.005554629489779472
3OKPA,0,"[219, 336]",394,5,18,0.00644657714292407
3OKPA,0,"[219, 336]",394,5,19,0.007913240231573582
3OKPA,0,"[219, 336]",394,5,20,0.008465849794447422
3OKPA,0,"[219, 336]",394,5,21,0.006858042906969786
3OKPA,0,"[219, 336]",394,5,22,0.006465913262218237
3OKPA,0,"[219, 336]",394,5,23,0.006617076229304075
3OKPA,0,"[219, 336]",394,5,24,0.006404123269021511
3OKPA,0,"[219, 336]",394,5,25,0.006965851876884699
3OKPA,0,"[219, 336]",394,5,26,0.007877076976001263
3OKPA,0,"[219, 336]",394,5,27,0.006234702188521624
3OKPA,0,"[219, 336]",394,5,28,0.005783240310847759
3OKPA,0,"[219, 336]",394,5,29,0.0057519846595823765
3OKPA,0,"[219, 336]",394,5,30,0.005819571670144796
3OKPA,0,"[219, 336]",394,5,31,0.005790825467556715
3OKPA,0,"[219, 336]",394,5,32,0.005761011969298124
3OKPA,0,"[219, 336]",394,5,33,0.0064659626223146915
3OKPA,0,"[219, 336]",394,5,34,0.007215636782348156
3OKPA,0,"[219, 336]",394,5,35,0.006788128986954689
3OKPA,0,"[219, 336]",394,5,36,0.006199345923960209
3OKPA,0,"[219, 336]",394,5,37,0.006945854518562555
3OKPA,0,"[219, 336]",394,5,38,0.006936784368008375
3OKPA,0,"[219, 336]",394,5,39,1.008330225944519
3OKPA,0,"[219, 336]",394,5,40,1.0056703090667725
3OKPA,0,"[219, 336]",394,5,41,1.0067754983901978
3OKPA,0,"[219, 336]",394,5,42,1.010003685951233
3OKPA,0,"[219, 336]",394,5,43,1.0078812837600708
3OP7A,0,"[69, 262]",375,5,0,0.005713028367608786
3OP7A,0,"[69, 262]",375,5,1,0.006190450396388769
3OP7A,0,"[69, 262]",375,5,2,0.005650251638144255
3OP7A,0,"[69, 262]",375,5,3,0.005586046259850264
3OP7A,0,"[69, 262]",375,5,4,0.006162652280181646
3OP7A,0,"[69, 262]",375,5,5,0.00578659400343895
3OP7A,0,"[69, 262]",375,5,6,0.005956272128969431
3OP7A,0,"[69, 262]",375,5,7,0.00586026581004262
3OP7A,0,"[69, 262]",375,5,8,0.0057880207896232605
3OP7A,0,"[69, 262]",375,5,9,0.00628324318677187
3OP7A,0,"[69, 262]",375,5,10,0.005658671259880066
3OP7A,0,"[69, 262]",375,5,11,0.005291682202368975
3OP7A,0,"[69, 262]",375,5,12,0.005291536916047335
3OP7A,0,"[69, 262]",375,5,13,0.005628902930766344
3OP7A,0,"[69, 262]",375,5,14,0.006146544590592384
3OP7A,0,"[69, 262]",375,5,15,0.005783000960946083
3OP7A,0,"[69, 262]",375,5,16,0.005941301584243774
3OP7A,0,"[69, 262]",375,5,17,0.006272831000387669
3OP7A,0,"[69, 262]",375,5,18,0.005767170339822769
3OP7A,0,"[69, 262]",375,5,19,0.005594770889729261
3OP7A,0,"[69, 262]",375,5,20,0.005625069607049227
3OP7A,0,"[69, 262]",375,5,21,0.005484983325004578
3OP7A,0,"[69, 262]",375,5,22,0.005271275993436575
3OP7A,0,"[69, 262]",375,5,23,0.005678356625139713
3OP7A,0,"[69, 262]",375,5,24,0.00546045508235693
3OP7A,0,"[69, 262]",375,5,25,0.005906912498176098
3OP7A,0,"[69, 262]",375,5,26,0.005922207608819008
3OP7A,0,"[69, 262]",375,5,27,0.005915448069572449
3OP7A,0,"[69, 262]",375,5,28,0.006821697112172842
3OP7A,0,"[69, 262]",375,5,29,0.008216465823352337
3OP7A,0,"[69, 262]",375,5,30,0.008576269261538982
3OP7A,0,"[69, 262]",375,5,31,0.008466562256217003
3OP7A,0,"[69, 262]",375,5,32,0.008001505397260189
3OP7A,0,"[69, 262]",375,5,33,0.00782008282840252
3OP7A,0,"[69, 262]",375,5,34,0.007853352464735508
3OP7A,0,"[69, 262]",375,5,35,0.008029885590076447
3OP7A,0,"[69, 262]",375,5,36,0.00801119301468134
3OP7A,0,"[69, 262]",375,5,37,0.007936116307973862
3OP7A,0,"[69, 262]",375,5,38,0.007803482934832573
3OP7A,0,"[69, 262]",375,5,39,0.007945016026496887
3OP7A,0,"[69, 262]",375,5,40,0.00787419080734253
3OP7A,0,"[69, 262]",375,5,41,0.007819661870598793
3OP7A,0,"[69, 262]",375,5,42,0.007731577847152948
3OP7A,0,"[69, 262]",375,5,43,0.007563077844679356
3OP7A,0,"[69, 262]",375,5,44,0.007685157936066389
3OP7A,0,"[69, 262]",375,5,45,0.007629075087606907
3OP7A,0,"[69, 262]",375,5,46,0.007758917286992073
3OP7A,0,"[69, 262]",375,5,47,0.007434232626110315
3OP7A,0,"[69, 262]",375,5,48,0.007436927407979965
3OP7A,0,"[69, 262]",375,5,49,0.007377810776233673
3OP7A,0,"[69, 262]",375,5,50,0.00733396178111434
3OP7A,0,"[69, 262]",375,5,51,0.0071882158517837524
3OP7A,0,"[69, 262]",375,5,52,0.007019666023552418
3OP7A,0,"[69, 262]",375,5,53,0.006909928284585476
3OP7A,0,"[69, 262]",375,5,54,0.006912725046277046
3OP7A,0,"[69, 262]",375,5,55,0.1681663691997528
3OP7A,0,"[69, 262]",375,5,56,0.14116545021533966
3OP7A,0,"[69, 262]",375,5,57,0.1211102306842804
3OP7A,0,"[69, 262]",375,5,58,0.4186418056488037
3OP7A,0,"[69, 262]",375,5,59,0.7051645517349243
3OP7A,0,"[69, 262]",375,5,60,0.6264368891716003
3OQPA,0,"[38, 183]",211,5,0,0.0051903571002185345
3OQPA,0,"[38, 183]",211,5,1,0.004893519449979067
3OQPA,0,"[38, 183]",211,5,2,0.004764396697282791
3OQPA,0,"[38, 183]",211,5,3,0.004394597373902798
3OQPA,0,"[38, 183]",211,5,4,0.004234761465340853
3OQPA,0,"[38, 183]",211,5,5,0.005009817890822887
3OQPA,0,"[38, 183]",211,5,6,0.004769882187247276
3OQPA,0,"[38, 183]",211,5,7,0.004806841723620892
3OQPA,0,"[38, 183]",211,5,8,0.004685694817453623
3OQPA,0,"[38, 183]",211,5,9,0.004917266312986612
3OQPA,0,"[38, 183]",211,5,10,0.005841196980327368
3OQPA,0,"[38, 183]",211,5,11,0.011231624521315098
3OQPA,0,"[38, 183]",211,5,12,0.009620237164199352
3OQPA,0,"[38, 183]",211,5,13,0.009013623930513859
3OQPA,0,"[38, 183]",211,5,14,0.009119216352701187
3OQPA,0,"[38, 183]",211,5,15,0.00872788392007351
3OQPA,0,"[38, 183]",211,5,16,0.00924210250377655
3OQPA,0,"[38, 183]",211,5,17,0.008792312815785408
3OQPA,0,"[38, 183]",211,5,18,0.008909809403121471
3OQPA,0,"[38, 183]",211,5,19,0.00852122437208891
3OQPA,0,"[38, 183]",211,5,20,0.008232065476477146
3OQPA,0,"[38, 183]",211,5,21,0.7305266857147217
3OQPA,0,"[38, 183]",211,5,22,0.8974419832229614
3OQPA,0,"[38, 183]",211,5,23,0.7313851118087769
3P8KA,0,"[23, 254]",281,5,0,0.006705405656248331
3P8KA,0,"[23, 254]",281,5,1,0.006817998830229044
3P8KA,0,"[23, 254]",281,5,2,0.007858316414058208
3P8KA,0,"[23, 254]",281,5,3,0.004208085127174854
3P8KA,0,"[23, 254]",281,5,4,0.005484498105943203
3P8KA,0,"[23, 254]",281,5,5,0.005637917201966047
3P8KA,0,"[23, 254]",281,5,6,0.005740057211369276
3P8KA,0,"[23, 254]",281,5,7,0.005899407900869846
3P8KA,0,"[23, 254]",281,5,8,0.005775868892669678
3P8KA,0,"[23, 254]",281,5,9,0.005457526072859764
3P8KA,0,"[23, 254]",281,5,10,0.005408234428614378
3P8KA,0,"[23, 254]",281,5,11,0.005741826258599758
3P8KA,0,"[23, 254]",281,5,12,0.005694420542567968
3P8KA,0,"[23, 254]",281,5,13,0.006571398116648197
3P8KA,0,"[23, 254]",281,5,14,0.005781841464340687
3P8KA,0,"[23, 254]",281,5,15,0.005818752571940422
3P8KA,0,"[23, 254]",281,5,16,0.005301987286657095
3P8KA,0,"[23, 254]",281,5,17,0.009829453192651272
3P8KA,0,"[23, 254]",281,5,18,0.00490054115653038
3P8KA,0,"[23, 254]",281,5,19,0.008467347361147404
3P8KA,0,"[23, 254]",281,5,20,0.012187083251774311
3P8KA,0,"[23, 254]",281,5,21,0.010980305261909962
3P8KA,0,"[23, 254]",281,5,22,0.010980305261909962
3P8KA,0,"[23, 254]",281,5,23,0.010980305261909962
3P8KA,0,"[23, 254]",281,5,24,0.010980305261909962
3P8KA,0,"[23, 254]",281,5,25,0.010980305261909962
3P8KA,0,"[23, 254]",281,5,26,0.010980305261909962
3P8KA,0,"[23, 254]",281,5,27,0.010980305261909962
3P8KA,0,"[23, 254]",281,5,28,0.010980305261909962
3P8KA,0,"[23, 254]",281,5,29,0.010980305261909962
3P8KA,0,"[23, 254]",281,5,30,0.010980305261909962
3P8KA,0,"[23, 254]",281,5,31,0.010980305261909962
3P8KA,0,"[23, 254]",281,5,32,0.010980305261909962
3P8KA,0,"[23, 254]",281,5,33,0.010980305261909962
3P8KA,0,"[23, 254]",281,5,34,0.010980305261909962
3P8KA,0,"[23, 254]",281,5,35,0.010980305261909962
3P8KA,0,"[23, 254]",281,5,36,0.010980305261909962
3P8KA,0,"[23, 254]",281,5,37,0.010980305261909962
3P8KA,0,"[23, 254]",281,5,38,0.010980305261909962
3P8KA,0,"[23, 254]",281,5,39,0.010980305261909962
3P8KA,0,"[23, 254]",281,5,40,0.010980305261909962
3P8KA,0,"[23, 254]",281,5,41,0.010980305261909962
3P8KA,0,"[23, 254]",281,5,42,0.010980305261909962
3P8KA,0,"[23, 254]",281,5,43,0.010980305261909962
3P8KA,0,"[23, 254]",281,5,44,0.010980305261909962
3P8KA,0,"[23, 254]",281,5,45,0.010980305261909962
3P8KA,0,"[23, 254]",281,5,46,0.010980305261909962
3P8KA,0,"[23, 254]",281,5,47,0.010980305261909962
3P8KA,0,"[23, 254]",281,5,48,0.010980305261909962
3P8KA,0,"[23, 254]",281,5,49,0.010980305261909962
3P8KA,0,"[23, 254]",281,5,50,0.010980305261909962
3P8KA,0,"[23, 254]",281,5,51,0.010980305261909962
3P8KA,0,"[23, 254]",281,5,52,0.010980305261909962
3P8KA,0,"[23, 254]",281,5,53,0.010980305261909962
3P8KA,0,"[23, 254]",281,5,54,0.010980305261909962
3P8KA,0,"[23, 254]",281,5,55,0.010980305261909962
3P8KA,0,"[23, 254]",281,5,56,0.010980305261909962
3P8KA,0,"[23, 254]",281,5,57,0.010980305261909962
3P8KA,0,"[23, 254]",281,5,58,0.010980305261909962
3P8KA,0,"[23, 254]",281,5,59,0.010980305261909962
3P8KA,0,"[23, 254]",281,5,60,0.010980303399264812
3PBTA,0,"[208, 480]",538,5,0,0.005733653903007507
3PBTA,0,"[208, 480]",538,5,1,0.00618644617497921
3PBTA,0,"[208, 480]",538,5,2,0.005970199592411518
3PBTA,0,"[208, 480]",538,5,3,0.005751327145844698
3PBTA,0,"[208, 480]",538,5,4,0.005818261299282312
3PBTA,0,"[208, 480]",538,5,5,0.005475884769111872
3PBTA,0,"[208, 480]",538,5,6,0.006051977165043354
3PBTA,0,"[208, 480]",538,5,7,0.005699517671018839
3PBTA,0,"[208, 480]",538,5,8,0.005701241083443165
3PBTA,0,"[208, 480]",538,5,9,0.005945893004536629
3PBTA,0,"[208, 480]",538,5,10,0.006230022292584181
3PBTA,0,"[208, 480]",538,5,11,0.006511906161904335
3PBTA,0,"[208, 480]",538,5,12,0.005558530800044537
3PBTA,0,"[208, 480]",538,5,13,0.005484744906425476
3PBTA,0,"[208, 480]",538,5,14,0.005247549153864384
3PBTA,0,"[208, 480]",538,5,15,0.005474061239510775
3PBTA,0,"[208, 480]",538,5,16,0.005489565432071686
3PBTA,0,"[208, 480]",538,5,17,0.005339182447642088
3PBTA,0,"[208, 480]",538,5,18,0.005390603560954332
3PBTA,0,"[208, 480]",538,5,19,0.005369947757571936
3PBTA,0,"[208, 480]",538,5,20,0.005320659838616848
3PBTA,0,"[208, 480]",538,5,21,0.0055441223084926605
3PBTA,0,"[208, 480]",538,5,22,0.00539396470412612
3PBTA,0,"[208, 480]",538,5,23,0.005537746474146843
3PBTA,0,"[208, 480]",538,5,24,0.005441298242658377
3PBTA,0,"[208, 480]",538,5,25,0.005851347465068102
3PBTA,0,"[208, 480]",538,5,26,0.00557419890537858
3PBTA,0,"[208, 480]",538,5,27,0.005520542152225971
3PBTA,0,"[208, 480]",538,5,28,0.0049472288228571415
3PBTA,0,"[208, 480]",538,5,29,0.005551246460527182
3PBTA,0,"[208, 480]",538,5,30,0.006276921834796667
3PBTA,0,"[208, 480]",538,5,31,0.006460938602685928
3PBTA,0,"[208, 480]",538,5,32,0.006020280532538891
3PBTA,0,"[208, 480]",538,5,33,0.005898000672459602
3PBTA,0,"[208, 480]",538,5,34,0.0062857987359166145
3PBTA,0,"[208, 480]",538,5,35,0.006068012677133083
3PBTA,0,"[208, 480]",538,5,36,0.0057922787964344025
3PBTA,0,"[208, 480]",538,5,37,0.006490346509963274
3PBTA,0,"[208, 480]",538,5,38,0.006337682716548443
3PBTA,0,"[208, 480]",538,5,39,0.006037347950041294
3PBTA,0,"[208, 480]",538,5,40,0.006098341662436724
3PBTA,0,"[208, 480]",538,5,41,0.005897285416722298
3PBTA,0,"[208, 480]",538,5,42,0.0060991207137703896
3PBTA,0,"[208, 480]",538,5,43,0.005998578388243914
3PBTA,0,"[208, 480]",538,5,44,0.006097689736634493
3PBTA,0,"[208, 480]",538,5,45,0.006096657831221819
3PBTA,0,"[208, 480]",538,5,46,0.006130910944193602
3PBTA,0,"[208, 480]",538,5,47,0.005963084753602743
3PBTA,0,"[208, 480]",538,5,48,0.0058756195940077305
3PBTA,0,"[208, 480]",538,5,49,0.00607724767178297
3PBTA,0,"[208, 480]",538,5,50,0.0057015507481992245
3PBTA,0,"[208, 480]",538,5,51,0.005533134564757347
3PBTA,0,"[208, 480]",538,5,52,0.005437636282294989
3PBTA,0,"[208, 480]",538,5,53,0.005418829619884491
3PBTA,0,"[208, 480]",538,5,54,0.005407408811151981
3PBTA,0,"[208, 480]",538,5,55,0.005650873761624098
3PBTA,0,"[208, 480]",538,5,56,0.005723806098103523
3PBTA,0,"[208, 480]",538,5,57,0.005482357461005449
3PBTA,0,"[208, 480]",538,5,58,0.00577433779835701
3PBTA,0,"[208, 480]",538,5,59,0.005104662850499153
3PBTA,0,"[208, 480]",538,5,60,1.0557254552841187
3PFOA,0,"[218, 335]",433,5,0,0.008130128495395184
3PFOA,0,"[218, 335]",433,5,1,0.007208795286715031
3PFOA,0,"[218, 335]",433,5,2,0.007777769584208727
3PFOA,0,"[218, 335]",433,5,3,0.007231358904391527
3PFOA,0,"[218, 335]",433,5,4,0.007244552951306105
3PFOA,0,"[218, 335]",433,5,5,0.009067965671420097
3PFOA,0,"[218, 335]",433,5,6,0.006620045285671949
3PFOA,0,"[218, 335]",433,5,7,0.006567010655999184
3PFOA,0,"[218, 335]",433,5,8,0.006139170844107866
3PFOA,0,"[218, 335]",433,5,9,0.009780452586710453
3PFOA,0,"[218, 335]",433,5,10,0.006235811859369278
3PFOA,0,"[218, 335]",433,5,11,0.0096571184694767
3PFOA,0,"[218, 335]",433,5,12,0.0065721566788852215
3PFOA,0,"[218, 335]",433,5,13,0.009646644815802574
3PFOA,0,"[218, 335]",433,5,14,0.006822244729846716
3PFOA,0,"[218, 335]",433,5,15,0.00708333496004343
3PFOA,0,"[218, 335]",433,5,16,0.0073254164308309555
3PFOA,0,"[218, 335]",433,5,17,0.00703991437330842
3PFOA,0,"[218, 335]",433,5,18,0.0065392437390983105
3PFOA,0,"[218, 335]",433,5,19,0.007283961400389671
3PFOA,0,"[218, 335]",433,5,20,0.00619147066026926
3PFOA,0,"[218, 335]",433,5,21,0.0064284647814929485
3PFOA,0,"[218, 335]",433,5,22,0.00996836181730032
3PFOA,0,"[218, 335]",433,5,23,0.008949588052928448
3PFOA,0,"[218, 335]",433,5,24,0.0071463207714259624
3PFOA,0,"[218, 335]",433,5,25,0.00727882282808423
3PFOA,0,"[218, 335]",433,5,26,0.007685352116823196
3PFOA,0,"[218, 335]",433,5,27,0.007373301777988672
3PFOA,0,"[218, 335]",433,5,28,0.006977838464081287
3PFOA,0,"[218, 335]",433,5,29,0.0070623415522277355
3PFOA,0,"[218, 335]",433,5,30,0.00700707221403718
3PFOA,0,"[218, 335]",433,5,31,0.00715471850708127
3PFOA,0,"[218, 335]",433,5,32,0.008580194786190987
3PFOA,0,"[218, 335]",433,5,33,0.007187778130173683
3PFOA,0,"[218, 335]",433,5,34,0.0068027060478925705
3PFOA,0,"[218, 335]",433,5,35,0.006818439811468124
3PFOA,0,"[218, 335]",433,5,36,0.0065948739647865295
3PFOA,0,"[218, 335]",433,5,37,0.00683885533362627
3PFOA,0,"[218, 335]",433,5,38,0.006834154482930899
3PFOA,0,"[218, 335]",433,5,39,0.006822419352829456
3PFOA,0,"[218, 335]",433,5,40,0.007039254996925592
3PFOA,0,"[218, 335]",433,5,41,0.006434874143451452
3PFOA,0,"[218, 335]",433,5,42,0.012679928913712502
3PFOA,0,"[218, 335]",433,5,43,0.013853670097887516
3PFOA,0,"[218, 335]",433,5,44,0.013566814363002777
3PFOA,0,"[218, 335]",433,5,45,0.013460472226142883
3PFOA,0,"[218, 335]",433,5,46,0.01364257000386715
3PFOA,0,"[218, 335]",433,5,47,0.013864971697330475
3PFOA,0,"[218, 335]",433,5,48,0.014241068623960018
3PFOA,0,"[218, 335]",433,5,49,0.00953978393226862
3PFOA,0,"[218, 335]",433,5,50,0.013021513819694519
3PFOA,0,"[218, 335]",433,5,51,0.012565932236611843
3PFOA,0,"[218, 335]",433,5,52,0.012719498947262764
3PFOA,0,"[218, 335]",433,5,53,0.012491727247834206
3PFOA,0,"[218, 335]",433,5,54,0.012112238444387913
3PFOA,0,"[218, 335]",433,5,55,0.015120409429073334
3PFOA,0,"[218, 335]",433,5,56,0.014557857066392899
3PFOA,0,"[218, 335]",433,5,57,0.014068557880818844
3PFOA,0,"[218, 335]",433,5,58,0.11913267523050308
3PFOA,0,"[218, 335]",433,5,59,0.46095097064971924
3PFOA,0,"[218, 335]",433,5,60,0.7081568837165833
3PIJA,0,"[391, 508]",526,5,0,0.0073653459548950195
3PIJA,0,"[391, 508]",526,5,1,0.009619571268558502
3PIJA,0,"[391, 508]",526,5,2,0.009599863551557064
3PIJA,0,"[391, 508]",526,5,3,0.011434018611907959
3PIJA,0,"[391, 508]",526,5,4,0.009199008345603943
3PIJA,0,"[391, 508]",526,5,5,0.008383035659790039
3PIJA,0,"[391, 508]",526,5,6,0.008411718532443047
3PIJA,0,"[391, 508]",526,5,7,0.01033712550997734
3PIJA,0,"[391, 508]",526,5,8,0.009992152452468872
3PIJA,0,"[391, 508]",526,5,9,0.009404467418789864
3PIJA,0,"[391, 508]",526,5,10,0.008902182802557945
3PIJA,0,"[391, 508]",526,5,11,0.007420735899358988
3PIJA,0,"[391, 508]",526,5,12,0.008390595205128193
3PIJA,0,"[391, 508]",526,5,13,0.00910407304763794
3PIJA,0,"[391, 508]",526,5,14,0.007747961673885584
3PIJA,0,"[391, 508]",526,5,15,0.0078484071418643
3PIJA,0,"[391, 508]",526,5,16,0.0074545713141560555
3PIJA,0,"[391, 508]",526,5,17,0.007217376958578825
3PIJA,0,"[391, 508]",526,5,18,0.006962099578231573
3PIJA,0,"[391, 508]",526,5,19,0.006676477380096912
3PIJA,0,"[391, 508]",526,5,20,0.006919570732861757
3PIJA,0,"[391, 508]",526,5,21,0.006687695160508156
3PIJA,0,"[391, 508]",526,5,22,0.007410869933664799
3PIJA,0,"[391, 508]",526,5,23,0.007421215530484915
3PIJA,0,"[391, 508]",526,5,24,0.00970410741865635
3PIJA,0,"[391, 508]",526,5,25,0.00782078504562378
3PIJA,0,"[391, 508]",526,5,26,0.008441243320703506
3PIJA,0,"[391, 508]",526,5,27,0.007888337597250938
3PIJA,0,"[391, 508]",526,5,28,0.008758783340454102
3PIJA,0,"[391, 508]",526,5,29,0.008220232091844082
3PIJA,0,"[391, 508]",526,5,30,0.009587722830474377
3PIJA,0,"[391, 508]",526,5,31,0.008014865219593048
3PIJA,0,"[391, 508]",526,5,32,0.007410408928990364
3PIJA,0,"[391, 508]",526,5,33,0.007161992136389017
3PIJA,0,"[391, 508]",526,5,34,0.007230757735669613
3PIJA,0,"[391, 508]",526,5,35,0.007297131698578596
3PIJA,0,"[391, 508]",526,5,36,0.00734170526266098
3PIJA,0,"[391, 508]",526,5,37,0.007279772777110338
3PIJA,0,"[391, 508]",526,5,38,0.007221919018775225
3PIJA,0,"[391, 508]",526,5,39,0.008396084420382977
3PIJA,0,"[391, 508]",526,5,40,0.007343342062085867
3PIJA,0,"[391, 508]",526,5,41,0.007591091562062502
3PIJA,0,"[391, 508]",526,5,42,0.007689894177019596
3PIJA,0,"[391, 508]",526,5,43,0.007534135598689318
3PIJA,0,"[391, 508]",526,5,44,0.007441632449626923
3PIJA,0,"[391, 508]",526,5,45,0.007451572455465794
3PIJA,0,"[391, 508]",526,5,46,0.006822948344051838
3PIJA,0,"[391, 508]",526,5,47,0.007254936266690493
3PIJA,0,"[391, 508]",526,5,48,0.00737173855304718
3PIJA,0,"[391, 508]",526,5,49,0.007506160531193018
3PIJA,0,"[391, 508]",526,5,50,0.007459574844688177
3PIJA,0,"[391, 508]",526,5,51,0.0072603654116392136
3PIJA,0,"[391, 508]",526,5,52,0.007527312263846397
3PIJA,0,"[391, 508]",526,5,53,0.007303557824343443
3PIJA,0,"[391, 508]",526,5,54,0.007210974115878344
3PIJA,0,"[391, 508]",526,5,55,0.008491828106343746
3PIJA,0,"[391, 508]",526,5,56,0.008816595189273357
3PIJA,0,"[391, 508]",526,5,57,0.008972915820777416
3PIJA,0,"[391, 508]",526,5,58,0.008435205556452274
3PIJA,0,"[391, 508]",526,5,59,0.008121383376419544
3PIJA,0,"[391, 508]",526,5,60,0.007611126638948917
3POPA,0,"[101, 204]",501,5,0,0.007385306991636753
3POPA,0,"[101, 204]",501,5,1,0.007578571327030659
3POPA,0,"[101, 204]",501,5,2,0.007670874707400799
3POPA,0,"[101, 204]",501,5,3,0.0069557963870465755
3POPA,0,"[101, 204]",501,5,4,0.007348170969635248
3POPA,0,"[101, 204]",501,5,5,0.0067465705797076225
3POPA,0,"[101, 204]",501,5,6,0.006814963649958372
3POPA,0,"[101, 204]",501,5,7,0.007278290577232838
3POPA,0,"[101, 204]",501,5,8,0.00681977579370141
3POPA,0,"[101, 204]",501,5,9,0.006830698344856501
3POPA,0,"[101, 204]",501,5,10,0.006694612093269825
3POPA,0,"[101, 204]",501,5,11,0.006823135539889336
3POPA,0,"[101, 204]",501,5,12,0.006769164465367794
3POPA,0,"[101, 204]",501,5,13,0.006784758064895868
3POPA,0,"[101, 204]",501,5,14,0.006723883096128702
3POPA,0,"[101, 204]",501,5,15,0.006655956152826548
3POPA,0,"[101, 204]",501,5,16,0.006705360487103462
3POPA,0,"[101, 204]",501,5,17,0.007904501631855965
3POPA,0,"[101, 204]",501,5,18,0.0074109965935349464
3POPA,0,"[101, 204]",501,5,19,0.0075477673672139645
3POPA,0,"[101, 204]",501,5,20,0.0075386869721114635
3POPA,0,"[101, 204]",501,5,21,0.007568286266177893
3POPA,0,"[101, 204]",501,5,22,0.007595225237309933
3POPA,0,"[101, 204]",501,5,23,0.007975174114108086
3POPA,0,"[101, 204]",501,5,24,0.007694513536989689
3POPA,0,"[101, 204]",501,5,25,0.007591661065816879
3POPA,0,"[101, 204]",501,5,26,0.007088165730237961
3POPA,0,"[101, 204]",501,5,27,0.007385267876088619
3POPA,0,"[101, 204]",501,5,28,0.00801101140677929
3POPA,0,"[101, 204]",501,5,29,0.00778406485915184
3POPA,0,"[101, 204]",501,5,30,0.008025373332202435
3POPA,0,"[101, 204]",501,5,31,0.008310642093420029
3POPA,0,"[101, 204]",501,5,32,0.007159594912081957
3POPA,0,"[101, 204]",501,5,33,0.006817597430199385
3POPA,0,"[101, 204]",501,5,34,0.006887741386890411
3POPA,0,"[101, 204]",501,5,35,0.006783337332308292
3POPA,0,"[101, 204]",501,5,36,0.007125400472432375
3POPA,0,"[101, 204]",501,5,37,0.006994732189923525
3POPA,0,"[101, 204]",501,5,38,0.007070490624755621
3POPA,0,"[101, 204]",501,5,39,0.006896568462252617
3POPA,0,"[101, 204]",501,5,40,0.0066857715137302876
3POPA,0,"[101, 204]",501,5,41,0.0069318776950240135
3POPA,0,"[101, 204]",501,5,42,0.006453175097703934
3POPA,0,"[101, 204]",501,5,43,0.017957786098122597
3POPA,0,"[101, 204]",501,5,44,0.039406511932611465
3POPA,0,"[101, 204]",501,5,45,0.21502363681793213
3POPA,0,"[101, 204]",501,5,46,0.25886809825897217
3POPA,0,"[101, 204]",501,5,47,0.18351227045059204
3POPA,0,"[101, 204]",501,5,48,0.19592508673667908
3POPA,0,"[101, 204]",501,5,49,0.4690425992012024
3POPA,0,"[101, 204]",501,5,50,0.4621996283531189
3POPA,0,"[101, 204]",501,5,51,0.5573610663414001
3POPA,0,"[101, 204]",501,5,52,0.5327526926994324
3POPA,0,"[101, 204]",501,5,53,0.3086757957935333
3POPA,0,"[101, 204]",501,5,54,0.3715577721595764
3POPA,0,"[101, 204]",501,5,55,0.27836695313453674
3POPA,0,"[101, 204]",501,5,56,0.26631879806518555
3POPA,0,"[101, 204]",501,5,57,0.29678240418434143
3POPA,0,"[101, 204]",501,5,58,0.34010055661201477
3POPA,0,"[101, 204]",501,5,59,0.395687073469162
3POPA,0,"[101, 204]",501,5,60,0.4552651643753052
3QDLA,0,"[84, 186]",210,5,0,0.0033509356435388327
3QDLA,0,"[84, 186]",210,5,1,0.0055254120379686356
3QDLA,0,"[84, 186]",210,5,2,0.005672183353453875
3QDLA,0,"[84, 186]",210,5,3,0.006037062965333462
3QDLA,0,"[84, 186]",210,5,4,0.0055359224788844585
3QDLA,0,"[84, 186]",210,5,5,0.0057013975456357
3QDLA,0,"[84, 186]",210,5,6,0.0055428617633879185
3QDLA,0,"[84, 186]",210,5,7,0.006078596692532301
3QDLA,0,"[84, 186]",210,5,8,0.00543622300028801
3QDLA,0,"[84, 186]",210,5,9,0.0052132755517959595
3QDLA,0,"[84, 186]",210,5,10,0.005615103058516979
3QDLA,0,"[84, 186]",210,5,11,0.0055746398866176605
3QDLA,0,"[84, 186]",210,5,12,0.005336347036063671
3QDLA,0,"[84, 186]",210,5,13,0.005624006502330303
3QDLA,0,"[84, 186]",210,5,14,0.016596175730228424
3QDLA,0,"[84, 186]",210,5,15,0.016218509525060654
3QDLA,0,"[84, 186]",210,5,16,0.016749603673815727
3QDLA,0,"[84, 186]",210,5,17,0.016243545338511467
3QDLA,0,"[84, 186]",210,5,18,0.017032543197274208
3QDLA,0,"[84, 186]",210,5,19,0.015984736382961273
3QDLA,0,"[84, 186]",210,5,20,0.017433999106287956
3QDLA,0,"[84, 186]",210,5,21,0.015383812598884106
3QDLA,0,"[84, 186]",210,5,22,0.015661584213376045
3QDLA,0,"[84, 186]",210,5,23,0.014324396848678589
3QDLA,0,"[84, 186]",210,5,24,0.01269637793302536
3QDLA,0,"[84, 186]",210,5,25,0.011855787597596645
3QDLA,0,"[84, 186]",210,5,26,0.01894805207848549
3QDLA,0,"[84, 186]",210,5,27,0.7888331413269043
3QDLA,0,"[84, 186]",210,5,28,0.7843145132064819
3QDLA,0,"[84, 186]",210,5,29,0.7162400484085083
3QDLA,0,"[84, 186]",210,5,30,0.760005533695221
3QDLA,0,"[84, 186]",210,5,31,0.7513115406036377
3QSJA,0,"[27, 178]",232,5,0,0.005876616574823856
3QSJA,0,"[27, 178]",232,5,1,0.005830550100654364
3QSJA,0,"[27, 178]",232,5,2,0.005834024399518967
3QSJA,0,"[27, 178]",232,5,3,0.005963724106550217
3QSJA,0,"[27, 178]",232,5,4,0.005911407992243767
3QSJA,0,"[27, 178]",232,5,5,0.006492957007139921
3QSJA,0,"[27, 178]",232,5,6,0.00585290789604187
3QSJA,0,"[27, 178]",232,5,7,0.006305414717644453
3QSJA,0,"[27, 178]",232,5,8,0.006023910827934742
3QSJA,0,"[27, 178]",232,5,9,0.008101888000965118
3QSJA,0,"[27, 178]",232,5,10,0.0072547453455626965
3QSJA,0,"[27, 178]",232,5,11,0.012594716623425484
3QSJA,0,"[27, 178]",232,5,12,0.014888946898281574
3QSJA,0,"[27, 178]",232,5,13,0.8524022698402405
3QSJA,0,"[27, 178]",232,5,14,0.8775990009307861
3QSJA,0,"[27, 178]",232,5,15,0.798409104347229
3QUFA,0,"[139, 280]",414,5,0,0.005668823607265949
3QUFA,0,"[139, 280]",414,5,1,0.006796286441385746
3QUFA,0,"[139, 280]",414,5,2,0.005857772193849087
3QUFA,0,"[139, 280]",414,5,3,0.006055191159248352
3QUFA,0,"[139, 280]",414,5,4,0.007006147876381874
3QUFA,0,"[139, 280]",414,5,5,0.00542221125215292
3QUFA,0,"[139, 280]",414,5,6,0.005424842704087496
3QUFA,0,"[139, 280]",414,5,7,0.005197290331125259
3QUFA,0,"[139, 280]",414,5,8,0.004954576026648283
3QUFA,0,"[139, 280]",414,5,9,0.005221374332904816
3QUFA,0,"[139, 280]",414,5,10,0.006368045695126057
3QUFA,0,"[139, 280]",414,5,11,0.006038932595402002
3QUFA,0,"[139, 280]",414,5,12,0.0060579897835850716
3QUFA,0,"[139, 280]",414,5,13,0.00593630550429225
3QUFA,0,"[139, 280]",414,5,14,0.00678485119715333
3QUFA,0,"[139, 280]",414,5,15,0.0051061674021184444
3QUFA,0,"[139, 280]",414,5,16,0.005528463050723076
3QUFA,0,"[139, 280]",414,5,17,0.005505139008164406
3QUFA,0,"[139, 280]",414,5,18,0.005641479045152664
3QUFA,0,"[139, 280]",414,5,19,0.007324242033064365
3QUFA,0,"[139, 280]",414,5,20,0.005437528248876333
3QUFA,0,"[139, 280]",414,5,21,0.006071955896914005
3QUFA,0,"[139, 280]",414,5,22,0.005966023541986942
3QUFA,0,"[139, 280]",414,5,23,0.005676367320120335
3QUFA,0,"[139, 280]",414,5,24,0.006369249429553747
3QUFA,0,"[139, 280]",414,5,25,0.007419896312057972
3QUFA,0,"[139, 280]",414,5,26,0.006798807065933943
3QUFA,0,"[139, 280]",414,5,27,0.0059194318018853664
3QUFA,0,"[139, 280]",414,5,28,0.005263234954327345
3QUFA,0,"[139, 280]",414,5,29,0.005743478424847126
3QUFA,0,"[139, 280]",414,5,30,0.00543102715164423
3QUFA,0,"[139, 280]",414,5,31,0.00492186238989234
3QUFA,0,"[139, 280]",414,5,32,0.005164091009646654
3QUFA,0,"[139, 280]",414,5,33,0.006431718822568655
3QUFA,0,"[139, 280]",414,5,34,0.0066219838336110115
3QUFA,0,"[139, 280]",414,5,35,0.006677590310573578
3QUFA,0,"[139, 280]",414,5,36,0.006574603728950024
3QUFA,0,"[139, 280]",414,5,37,0.005351147148758173
3QUFA,0,"[139, 280]",414,5,38,0.9694975018501282
3QUFA,0,"[139, 280]",414,5,39,0.9839810132980347
3QUFA,0,"[139, 280]",414,5,40,0.9807683825492859
3QUFA,0,"[139, 280]",414,5,41,0.9734368920326233
3QUFA,0,"[139, 280]",414,5,42,0.9860544204711914
3QUFA,0,"[139, 280]",414,5,43,0.9910587072372437
3QVLA,0,"[102, 209]",245,5,0,0.004374789074063301
3QVLA,0,"[102, 209]",245,5,1,0.003670823760330677
3QVLA,0,"[102, 209]",245,5,2,0.005412844941020012
3QVLA,0,"[102, 209]",245,5,3,0.0053376974537968636
3QVLA,0,"[102, 209]",245,5,4,0.005408068653196096
3QVLA,0,"[102, 209]",245,5,5,0.005134630482643843
3QVLA,0,"[102, 209]",245,5,6,0.003693553153425455
3QVLA,0,"[102, 209]",245,5,7,0.005321952980011702
3QVLA,0,"[102, 209]",245,5,8,0.005155547987669706
3QVLA,0,"[102, 209]",245,5,9,0.005299191456288099
3QVLA,0,"[102, 209]",245,5,10,0.005242516752332449
3QVLA,0,"[102, 209]",245,5,11,0.005660197231918573
3QVLA,0,"[102, 209]",245,5,12,0.0047616250813007355
3QVLA,0,"[102, 209]",245,5,13,0.004508878104388714
3QVLA,0,"[102, 209]",245,5,14,0.00516551872715354
3QVLA,0,"[102, 209]",245,5,15,0.00547398766502738
3QVLA,0,"[102, 209]",245,5,16,0.005437868647277355
3QVLA,0,"[102, 209]",245,5,17,0.007878723554313183
3QVLA,0,"[102, 209]",245,5,18,0.034666839987039566
3QVLA,0,"[102, 209]",245,5,19,0.023907475173473358
3QVLA,0,"[102, 209]",245,5,20,0.03165871649980545
3QVLA,0,"[102, 209]",245,5,21,0.04056365042924881
3QVLA,0,"[102, 209]",245,5,22,0.0511833056807518
3QVLA,0,"[102, 209]",245,5,23,0.027049042284488678
3QVLA,0,"[102, 209]",245,5,24,0.029212569817900658
3QVLA,0,"[102, 209]",245,5,25,0.023557649925351143
3QVLA,0,"[102, 209]",245,5,26,0.01610049232840538
3QVLA,0,"[102, 209]",245,5,27,0.0169875156134367
3QVLA,0,"[102, 209]",245,5,28,0.012792375870049
3QVLA,0,"[102, 209]",245,5,29,0.013708310201764107
3QVLA,0,"[102, 209]",245,5,30,0.010292013175785542
3QVLA,0,"[102, 209]",245,5,31,0.010372254997491837
3QVLA,0,"[102, 209]",245,5,32,0.011326448060572147
3QVLA,0,"[102, 209]",245,5,33,0.012522445060312748
3QVLA,0,"[102, 209]",245,5,34,0.011750438250601292
3QVLA,0,"[102, 209]",245,5,35,0.012112069875001907
3QVLA,0,"[102, 209]",245,5,36,0.011216709390282631
3QVLA,0,"[102, 209]",245,5,37,0.010457485914230347
3QVLA,0,"[102, 209]",245,5,38,0.02606900781393051
3QVLA,0,"[102, 209]",245,5,39,0.06949590891599655
3QVLA,0,"[102, 209]",245,5,40,0.038595352321863174
3QVLA,0,"[102, 209]",245,5,41,0.08374160528182983
3QVLA,0,"[102, 209]",245,5,42,0.010727310553193092
3QVLA,0,"[102, 209]",245,5,43,0.010332410223782063
3QVLA,0,"[102, 209]",245,5,44,0.01083015464246273
3QVLA,0,"[102, 209]",245,5,45,0.009590493515133858
3QVLA,0,"[102, 209]",245,5,46,0.009779542684555054
3QVLA,0,"[102, 209]",245,5,47,0.009730374440550804
3QVLA,0,"[102, 209]",245,5,48,0.010053050704300404
3QVLA,0,"[102, 209]",245,5,49,0.010143226012587547
3QVLA,0,"[102, 209]",245,5,50,0.00942320842295885
3QVLA,0,"[102, 209]",245,5,51,0.00937808770686388
3QVLA,0,"[102, 209]",245,5,52,0.022279147058725357
3QVLA,0,"[102, 209]",245,5,53,0.018257100135087967
3QVLA,0,"[102, 209]",245,5,54,0.1488233357667923
3QVLA,0,"[102, 209]",245,5,55,0.062387436628341675
3QVLA,0,"[102, 209]",245,5,56,0.07397669553756714
3QVLA,0,"[102, 209]",245,5,57,0.10328088700771332
3QVLA,0,"[102, 209]",245,5,58,0.10029061138629913
3QVLA,0,"[102, 209]",245,5,59,0.09118124842643738
3QVLA,0,"[102, 209]",245,5,60,0.05362875759601593
3R6DA,0,"[21, 187]",221,5,0,0.004217514768242836
3R6DA,0,"[21, 187]",221,5,1,0.004246749449521303
3R6DA,0,"[21, 187]",221,5,2,0.003787318943068385
3R6DA,0,"[21, 187]",221,5,3,0.0037945122458040714
3R6DA,0,"[21, 187]",221,5,4,0.003559668315574527
3R6DA,0,"[21, 187]",221,5,5,0.003207647241652012
3R6DA,0,"[21, 187]",221,5,6,0.003023552242666483
3R6DA,0,"[21, 187]",221,5,7,0.0030051914509385824
3R6DA,0,"[21, 187]",221,5,8,0.003393286606296897
3R6DA,0,"[21, 187]",221,5,9,0.0051247719675302505
3R6DA,0,"[21, 187]",221,5,10,0.006184726022183895
3R6DA,0,"[21, 187]",221,5,11,0.02658849209547043
3R6DA,0,"[21, 187]",221,5,12,0.03318092226982117
3R6DA,0,"[21, 187]",221,5,13,0.018065975978970528
3R6DA,0,"[21, 187]",221,5,14,0.033068809658288956
3R6DA,0,"[21, 187]",221,5,15,0.021981487050652504
3R6DA,0,"[21, 187]",221,5,16,0.02514049969613552
3R6DA,0,"[21, 187]",221,5,17,0.027100486680865288
3R6DA,0,"[21, 187]",221,5,18,0.05268775299191475
3R6DA,0,"[21, 187]",221,5,19,0.09811051934957504
3R6DA,0,"[21, 187]",221,5,20,0.10699372738599777
3R6DA,0,"[21, 187]",221,5,21,0.07306266576051712
3R6DA,0,"[21, 187]",221,5,22,0.11695558577775955
3R6DA,0,"[21, 187]",221,5,23,0.172801673412323
3R6DA,0,"[21, 187]",221,5,24,0.10421056300401688
3R6DA,0,"[21, 187]",221,5,25,0.08691802620887756
3R6DA,0,"[21, 187]",221,5,26,0.13245192170143127
3R6DA,0,"[21, 187]",221,5,27,0.2525878846645355
3R6DA,0,"[21, 187]",221,5,28,0.20206041634082794
3R6DA,0,"[21, 187]",221,5,29,0.20206041634082794
3R6DA,0,"[21, 187]",221,5,30,0.20206041634082794
3R6DA,0,"[21, 187]",221,5,31,0.20206041634082794
3R6DA,0,"[21, 187]",221,5,32,0.20206041634082794
3R6DA,0,"[21, 187]",221,5,33,0.20206041634082794
3R6DA,0,"[21, 187]",221,5,34,0.20206041634082794
3R6DA,0,"[21, 187]",221,5,35,0.20206041634082794
3R6DA,0,"[21, 187]",221,5,36,0.20206041634082794
3R6DA,0,"[21, 187]",221,5,37,0.20206041634082794
3R6DA,0,"[21, 187]",221,5,38,0.20206041634082794
3R6DA,0,"[21, 187]",221,5,39,0.20206041634082794
3R6DA,0,"[21, 187]",221,5,40,0.20206041634082794
3R6DA,0,"[21, 187]",221,5,41,0.20206041634082794
3R6DA,0,"[21, 187]",221,5,42,0.20206041634082794
3R6DA,0,"[21, 187]",221,5,43,0.20206041634082794
3R6DA,0,"[21, 187]",221,5,44,0.20206041634082794
3R6DA,0,"[21, 187]",221,5,45,0.20206041634082794
3R6DA,0,"[21, 187]",221,5,46,0.20206041634082794
3R6DA,0,"[21, 187]",221,5,47,0.20206041634082794
3R6DA,0,"[21, 187]",221,5,48,0.20206041634082794
3R6DA,0,"[21, 187]",221,5,49,0.20206041634082794
3R6DA,0,"[21, 187]",221,5,50,0.20206041634082794
3R6DA,0,"[21, 187]",221,5,51,0.20206041634082794
3R6DA,0,"[21, 187]",221,5,52,0.20206041634082794
3R6DA,0,"[21, 187]",221,5,53,0.20206041634082794
3R6DA,0,"[21, 187]",221,5,54,0.20206041634082794
3R6DA,0,"[21, 187]",221,5,55,0.20206041634082794
3R6DA,0,"[21, 187]",221,5,56,0.20206041634082794
3R6DA,0,"[21, 187]",221,5,57,0.20206041634082794
3R6DA,0,"[21, 187]",221,5,58,0.20206041634082794
3R6DA,0,"[21, 187]",221,5,59,0.20206041634082794
3R6DA,0,"[21, 187]",221,5,60,0.20206478238105774
3RJUA,0,"[28, 324]",351,5,0,0.008181419223546982
3RJUA,0,"[28, 324]",351,5,1,0.006127913482487202
3RJUA,0,"[28, 324]",351,5,2,0.007487225346267223
3RJUA,0,"[28, 324]",351,5,3,0.008048094809055328
3RJUA,0,"[28, 324]",351,5,4,0.007941690273582935
3RJUA,0,"[28, 324]",351,5,5,0.0071704755537211895
3RJUA,0,"[28, 324]",351,5,6,0.008333184756338596
3RJUA,0,"[28, 324]",351,5,7,0.006401038262993097
3RJUA,0,"[28, 324]",351,5,8,0.006684744264930487
3RJUA,0,"[28, 324]",351,5,9,0.006316821556538343
3RJUA,0,"[28, 324]",351,5,10,0.006505667231976986
3RJUA,0,"[28, 324]",351,5,11,0.006078893318772316
3RJUA,0,"[28, 324]",351,5,12,0.0063377306796610355
3RJUA,0,"[28, 324]",351,5,13,0.005786305759102106
3RJUA,0,"[28, 324]",351,5,14,0.005793350748717785
3RJUA,0,"[28, 324]",351,5,15,0.005418304819613695
3RJUA,0,"[28, 324]",351,5,16,0.00564116844907403
3RJUA,0,"[28, 324]",351,5,17,0.005544111132621765
3RJUA,0,"[28, 324]",351,5,18,0.005704703740775585
3RJUA,0,"[28, 324]",351,5,19,0.005712090991437435
3RJUA,0,"[28, 324]",351,5,20,0.006126252003014088
3RJUA,0,"[28, 324]",351,5,21,0.007113200146704912
3RJUA,0,"[28, 324]",351,5,22,0.05076097324490547
3RJUA,0,"[28, 324]",351,5,23,0.007078524678945541
3RJUA,0,"[28, 324]",351,5,24,0.007078524678945541
3RJUA,0,"[28, 324]",351,5,25,0.007078524678945541
3RJUA,0,"[28, 324]",351,5,26,0.007078524678945541
3RJUA,0,"[28, 324]",351,5,27,0.007078524678945541
3RJUA,0,"[28, 324]",351,5,28,0.007078524678945541
3RJUA,0,"[28, 324]",351,5,29,0.007078524678945541
3RJUA,0,"[28, 324]",351,5,30,0.007078524678945541
3RJUA,0,"[28, 324]",351,5,31,0.007078524678945541
3RJUA,0,"[28, 324]",351,5,32,0.007078524678945541
3RJUA,0,"[28, 324]",351,5,33,0.007078524678945541
3RJUA,0,"[28, 324]",351,5,34,0.007078524678945541
3RJUA,0,"[28, 324]",351,5,35,0.007078524678945541
3RJUA,0,"[28, 324]",351,5,36,0.007078524678945541
3RJUA,0,"[28, 324]",351,5,37,0.007078524678945541
3RJUA,0,"[28, 324]",351,5,38,0.007078524678945541
3RJUA,0,"[28, 324]",351,5,39,0.007078524678945541
3RJUA,0,"[28, 324]",351,5,40,0.007078524678945541
3RJUA,0,"[28, 324]",351,5,41,0.007078524678945541
3RJUA,0,"[28, 324]",351,5,42,0.007078524678945541
3RJUA,0,"[28, 324]",351,5,43,0.007078524678945541
3RJUA,0,"[28, 324]",351,5,44,0.007078524678945541
3RJUA,0,"[28, 324]",351,5,45,0.007078524678945541
3RJUA,0,"[28, 324]",351,5,46,0.007078524678945541
3RJUA,0,"[28, 324]",351,5,47,0.007078524678945541
3RJUA,0,"[28, 324]",351,5,48,0.007078524678945541
3RJUA,0,"[28, 324]",351,5,49,0.007078524678945541
3RJUA,0,"[28, 324]",351,5,50,0.007078524678945541
3RJUA,0,"[28, 324]",351,5,51,0.007078524678945541
3RJUA,0,"[28, 324]",351,5,52,0.007078524678945541
3RJUA,0,"[28, 324]",351,5,53,0.007078524678945541
3RJUA,0,"[28, 324]",351,5,54,0.007078524678945541
3RJUA,0,"[28, 324]",351,5,55,0.007078524678945541
3RJUA,0,"[28, 324]",351,5,56,0.007078524678945541
3RJUA,0,"[28, 324]",351,5,57,0.007078524678945541
3RJUA,0,"[28, 324]",351,5,58,0.007078524678945541
3RJUA,0,"[28, 324]",351,5,59,0.007078524678945541
3RJUA,0,"[28, 324]",351,5,60,0.007078524678945541
3RQTA,0,"[249, 381]",486,5,0,0.00732457498088479
3RQTA,0,"[249, 381]",486,5,1,0.008268117904663086
3RQTA,0,"[249, 381]",486,5,2,0.00749036343768239
3RQTA,0,"[249, 381]",486,5,3,0.007291718386113644
3RQTA,0,"[249, 381]",486,5,4,0.007380172144621611
3RQTA,0,"[249, 381]",486,5,5,0.0073065487667918205
3RQTA,0,"[249, 381]",486,5,6,0.007628114428371191
3RQTA,0,"[249, 381]",486,5,7,0.00988831277936697
3RQTA,0,"[249, 381]",486,5,8,0.009559922851622105
3RQTA,0,"[249, 381]",486,5,9,0.007287384010851383
3RQTA,0,"[249, 381]",486,5,10,0.007409091107547283
3RQTA,0,"[249, 381]",486,5,11,0.008157314732670784
3RQTA,0,"[249, 381]",486,5,12,0.007974343374371529
3RQTA,0,"[249, 381]",486,5,13,0.008052895776927471
3RQTA,0,"[249, 381]",486,5,14,0.007661702111363411
3RQTA,0,"[249, 381]",486,5,15,0.008026141673326492
3RQTA,0,"[249, 381]",486,5,16,0.0075586577877402306
3RQTA,0,"[249, 381]",486,5,17,0.007448134943842888
3RQTA,0,"[249, 381]",486,5,18,0.007477217353880405
3RQTA,0,"[249, 381]",486,5,19,0.007268417160958052
3RQTA,0,"[249, 381]",486,5,20,0.007061701267957687
3RQTA,0,"[249, 381]",486,5,21,0.007073921617120504
3RQTA,0,"[249, 381]",486,5,22,0.0070951287634670734
3RQTA,0,"[249, 381]",486,5,23,0.008738161064684391
3RQTA,0,"[249, 381]",486,5,24,0.00764840142801404
3RQTA,0,"[249, 381]",486,5,25,0.008371347561478615
3RQTA,0,"[249, 381]",486,5,26,0.008695758879184723
3RQTA,0,"[249, 381]",486,5,27,0.007736850995570421
3RQTA,0,"[249, 381]",486,5,28,0.007064159493893385
3RQTA,0,"[249, 381]",486,5,29,0.0072607556357979774
3RQTA,0,"[249, 381]",486,5,30,0.007407909259200096
3RQTA,0,"[249, 381]",486,5,31,0.007746539078652859
3RQTA,0,"[249, 381]",486,5,32,0.007516581565141678
3RQTA,0,"[249, 381]",486,5,33,0.008165521547198296
3RQTA,0,"[249, 381]",486,5,34,0.008145168423652649
3RQTA,0,"[249, 381]",486,5,35,0.008274308405816555
3RQTA,0,"[249, 381]",486,5,36,0.007528751622885466
3RQTA,0,"[249, 381]",486,5,37,0.008177382871508598
3RQTA,0,"[249, 381]",486,5,38,0.008253536187112331
3RQTA,0,"[249, 381]",486,5,39,0.006918604020029306
3RQTA,0,"[249, 381]",486,5,40,0.006768857594579458
3RQTA,0,"[249, 381]",486,5,41,0.00673676235601306
3RQTA,0,"[249, 381]",486,5,42,0.006731302477419376
3RQTA,0,"[249, 381]",486,5,43,0.007171911187469959
3RQTA,0,"[249, 381]",486,5,44,0.006366226822137833
3RQTA,0,"[249, 381]",486,5,45,0.0061630308628082275
3RQTA,0,"[249, 381]",486,5,46,0.00702945189550519
3RQTA,0,"[249, 381]",486,5,47,0.007112625986337662
3RQTA,0,"[249, 381]",486,5,48,0.0076316469348967075
3RQTA,0,"[249, 381]",486,5,49,0.007580677513033152
3RQTA,0,"[249, 381]",486,5,50,0.007342629134654999
3RQTA,0,"[249, 381]",486,5,51,0.007611634209752083
3RQTA,0,"[249, 381]",486,5,52,0.006434955168515444
3RQTA,0,"[249, 381]",486,5,53,0.014839429408311844
3RQTA,0,"[249, 381]",486,5,54,0.015385150909423828
3RQTA,0,"[249, 381]",486,5,55,0.014690246433019638
3RQTA,0,"[249, 381]",486,5,56,0.015092623420059681
3RQTA,0,"[249, 381]",486,5,57,0.01619190350174904
3RQTA,0,"[249, 381]",486,5,58,0.016913047060370445
3RQTA,0,"[249, 381]",486,5,59,0.0136984558776021
3RQTA,0,"[249, 381]",486,5,60,0.013349557295441628
3SD7A,0,"[32, 188]",240,5,0,0.0048185172490775585
3SD7A,0,"[32, 188]",240,5,1,0.004149735905230045
3SD7A,0,"[32, 188]",240,5,2,0.0045531331561505795
3SD7A,0,"[32, 188]",240,5,3,0.004387457389384508
3SD7A,0,"[32, 188]",240,5,4,0.006216567009687424
3SD7A,0,"[32, 188]",240,5,5,0.0060631935484707355
3SD7A,0,"[32, 188]",240,5,6,0.006244591902941465
3SD7A,0,"[32, 188]",240,5,7,0.00590112991631031
3SD7A,0,"[32, 188]",240,5,8,0.005450739059597254
3SD7A,0,"[32, 188]",240,5,9,0.0057669649831950665
3SD7A,0,"[32, 188]",240,5,10,0.006111396010965109
3SD7A,0,"[32, 188]",240,5,11,0.005414792336523533
3SD7A,0,"[32, 188]",240,5,12,0.006633016746491194
3SD7A,0,"[32, 188]",240,5,13,0.004706983920186758
3SD7A,0,"[32, 188]",240,5,14,1.0394519567489624
3SD7A,0,"[32, 188]",240,5,15,1.040279746055603
3SD7A,0,"[32, 188]",240,5,16,1.0445939302444458
3SD7A,0,"[32, 188]",240,5,17,1.0460927486419678
3SD7A,0,"[32, 188]",240,5,18,1.0414173603057861
3SD7A,0,"[32, 188]",240,5,19,1.0487078428268433
3SG8A,0,"[122, 246]",304,5,0,0.005917859263718128
3SG8A,0,"[122, 246]",304,5,1,0.00596992764621973
3SG8A,0,"[122, 246]",304,5,2,0.0057702623307704926
3SG8A,0,"[122, 246]",304,5,3,0.006358962506055832
3SG8A,0,"[122, 246]",304,5,4,0.0058273328468203545
3SG8A,0,"[122, 246]",304,5,5,0.005687420722097158
3SG8A,0,"[122, 246]",304,5,6,0.0051247128285467625
3SG8A,0,"[122, 246]",304,5,7,0.00527879036962986
3SG8A,0,"[122, 246]",304,5,8,0.007488795556128025
3SG8A,0,"[122, 246]",304,5,9,0.008548173122107983
3SG8A,0,"[122, 246]",304,5,10,0.008742138743400574
3SG8A,0,"[122, 246]",304,5,11,0.0062606073915958405
3SG8A,0,"[122, 246]",304,5,12,0.007571990601718426
3SG8A,0,"[122, 246]",304,5,13,0.007858031429350376
3SG8A,0,"[122, 246]",304,5,14,0.005369158927351236
3SG8A,0,"[122, 246]",304,5,15,0.005450977478176355
3SG8A,0,"[122, 246]",304,5,16,0.005129674449563026
3SG8A,0,"[122, 246]",304,5,17,0.005166984163224697
3SG8A,0,"[122, 246]",304,5,18,0.004590736236423254
3SG8A,0,"[122, 246]",304,5,19,0.00557072414085269
3SG8A,0,"[122, 246]",304,5,20,0.005165207199752331
3SG8A,0,"[122, 246]",304,5,21,0.0055775088258087635
3SG8A,0,"[122, 246]",304,5,22,0.0063814581371843815
3SG8A,0,"[122, 246]",304,5,23,0.0061771259643137455
3SG8A,0,"[122, 246]",304,5,24,0.005934945773333311
3SG8A,0,"[122, 246]",304,5,25,0.0049573094584047794
3SG8A,0,"[122, 246]",304,5,26,0.013483180664479733
3SG8A,0,"[122, 246]",304,5,27,0.01293612364679575
3SG8A,0,"[122, 246]",304,5,28,0.012166731990873814
3SG8A,0,"[122, 246]",304,5,29,0.012000860646367073
3SG8A,0,"[122, 246]",304,5,30,0.011513620615005493
3SG8A,0,"[122, 246]",304,5,31,0.011172713711857796
3SG8A,0,"[122, 246]",304,5,32,0.011396858841180801
3SG8A,0,"[122, 246]",304,5,33,0.010866589844226837
3SG8A,0,"[122, 246]",304,5,34,0.010261839255690575
3SG8A,0,"[122, 246]",304,5,35,0.009809670969843864
3SG8A,0,"[122, 246]",304,5,36,0.00967397354543209
3SG8A,0,"[122, 246]",304,5,37,0.009612876921892166
3SG8A,0,"[122, 246]",304,5,38,0.009238620288670063
3SG8A,0,"[122, 246]",304,5,39,0.009891233406960964
3SG8A,0,"[122, 246]",304,5,40,0.009382075630128384
3SG8A,0,"[122, 246]",304,5,41,0.01021528709679842
3SG8A,0,"[122, 246]",304,5,42,0.009676740504801273
3SG8A,0,"[122, 246]",304,5,43,0.008989107795059681
3SG8A,0,"[122, 246]",304,5,44,0.008180533535778522
3SG8A,0,"[122, 246]",304,5,45,0.00823246594518423
3SG8A,0,"[122, 246]",304,5,46,0.007883009500801563
3SG8A,0,"[122, 246]",304,5,47,0.008198527619242668
3SG8A,0,"[122, 246]",304,5,48,0.018379610031843185
3SG8A,0,"[122, 246]",304,5,49,0.17189006507396698
3SG8A,0,"[122, 246]",304,5,50,0.07165554910898209
3SG8A,0,"[122, 246]",304,5,51,0.15079690515995026
3SG8A,0,"[122, 246]",304,5,52,0.5964897274971008
3SG8A,0,"[122, 246]",304,5,53,0.3494729697704315
3SG8A,0,"[122, 246]",304,5,54,0.6667968034744263
3SG8A,0,"[122, 246]",304,5,55,0.2489060014486313
3SG8A,0,"[122, 246]",304,5,56,0.5102290511131287
3SG8A,0,"[122, 246]",304,5,57,0.1859661191701889
3SG8A,0,"[122, 246]",304,5,58,0.24454659223556519
3SG8A,0,"[122, 246]",304,5,59,0.039967913180589676
3SG8A,0,"[122, 246]",304,5,60,0.05251714214682579
3T4LA,0,"[78, 195]",270,5,0,0.006305389106273651
3T4LA,0,"[78, 195]",270,5,1,0.006003009621053934
3T4LA,0,"[78, 195]",270,5,2,0.004728708416223526
3T4LA,0,"[78, 195]",270,5,3,0.005718073341995478
3T4LA,0,"[78, 195]",270,5,4,0.005724012851715088
3T4LA,0,"[78, 195]",270,5,5,0.00486008170992136
3T4LA,0,"[78, 195]",270,5,6,0.0049196695908904076
3T4LA,0,"[78, 195]",270,5,7,0.005936522502452135
3T4LA,0,"[78, 195]",270,5,8,0.006005945149809122
3T4LA,0,"[78, 195]",270,5,9,0.005480190273374319
3T4LA,0,"[78, 195]",270,5,10,0.0059936330653727055
3T4LA,0,"[78, 195]",270,5,11,0.006299911066889763
3T4LA,0,"[78, 195]",270,5,12,0.005500366911292076
3T4LA,0,"[78, 195]",270,5,13,0.0062035019509494305
3T4LA,0,"[78, 195]",270,5,14,0.006151143461465836
3T4LA,0,"[78, 195]",270,5,15,0.0061789159663021564
3T4LA,0,"[78, 195]",270,5,16,0.006121933925896883
3T4LA,0,"[78, 195]",270,5,17,0.005962437950074673
3T4LA,0,"[78, 195]",270,5,18,0.00610726373270154
3T4LA,0,"[78, 195]",270,5,19,0.015403437428176403
3T4LA,0,"[78, 195]",270,5,20,0.017198072746396065
3T4LA,0,"[78, 195]",270,5,21,0.8482150435447693
3T4LA,0,"[78, 195]",270,5,22,0.09560536593198776
3T4LA,0,"[78, 195]",270,5,23,0.13836608827114105
3T7DA,0,"[302, 431]",497,5,0,0.006556858774274588
3T7DA,0,"[302, 431]",497,5,1,0.006554780527949333
3T7DA,0,"[302, 431]",497,5,2,0.005750281270593405
3T7DA,0,"[302, 431]",497,5,3,0.005107215140014887
3T7DA,0,"[302, 431]",497,5,4,0.006952778901904821
3T7DA,0,"[302, 431]",497,5,5,0.005410032346844673
3T7DA,0,"[302, 431]",497,5,6,0.005580556578934193
3T7DA,0,"[302, 431]",497,5,7,0.0053247930482029915
3T7DA,0,"[302, 431]",497,5,8,0.005589324049651623
3T7DA,0,"[302, 431]",497,5,9,0.0055218846537172794
3T7DA,0,"[302, 431]",497,5,10,0.0052556609734892845
3T7DA,0,"[302, 431]",497,5,11,0.0064741745591163635
3T7DA,0,"[302, 431]",497,5,12,0.006092173047363758
3T7DA,0,"[302, 431]",497,5,13,0.007368979509919882
3T7DA,0,"[302, 431]",497,5,14,0.007400607690215111
3T7DA,0,"[302, 431]",497,5,15,0.0058569032698869705
3T7DA,0,"[302, 431]",497,5,16,0.005907098762691021
3T7DA,0,"[302, 431]",497,5,17,0.00684770243242383
3T7DA,0,"[302, 431]",497,5,18,0.006728305947035551
3T7DA,0,"[302, 431]",497,5,19,0.007170338649302721
3T7DA,0,"[302, 431]",497,5,20,0.007201446685940027
3T7DA,0,"[302, 431]",497,5,21,0.006359831430017948
3T7DA,0,"[302, 431]",497,5,22,0.006828488782048225
3T7DA,0,"[302, 431]",497,5,23,0.0063854120671749115
3T7DA,0,"[302, 431]",497,5,24,0.007013903930783272
3T7DA,0,"[302, 431]",497,5,25,0.007595875766128302
3T7DA,0,"[302, 431]",497,5,26,0.0077112228609621525
3T7DA,0,"[302, 431]",497,5,27,0.007335683796554804
3T7DA,0,"[302, 431]",497,5,28,0.006868121679872274
3T7DA,0,"[302, 431]",497,5,29,0.006554001942276955
3T7DA,0,"[302, 431]",497,5,30,0.006479669827967882
3T7DA,0,"[302, 431]",497,5,31,0.0062858946621418
3T7DA,0,"[302, 431]",497,5,32,0.005382365547120571
3T7DA,0,"[302, 431]",497,5,33,0.006233645137399435
3T7DA,0,"[302, 431]",497,5,34,0.005842368584126234
3T7DA,0,"[302, 431]",497,5,35,0.0058972653932869434
3T7DA,0,"[302, 431]",497,5,36,0.005868805572390556
3T7DA,0,"[302, 431]",497,5,37,0.005404790863394737
3T7DA,0,"[302, 431]",497,5,38,0.006634484510868788
3T7DA,0,"[302, 431]",497,5,39,0.006579580716788769
3T7DA,0,"[302, 431]",497,5,40,0.006612238474190235
3T7DA,0,"[302, 431]",497,5,41,0.006432720459997654
3T7DA,0,"[302, 431]",497,5,42,0.005774464923888445
3T7DA,0,"[302, 431]",497,5,43,0.006352588068693876
3T7DA,0,"[302, 431]",497,5,44,0.006067965179681778
3T7DA,0,"[302, 431]",497,5,45,0.006531212944537401
3T7DA,0,"[302, 431]",497,5,46,0.006373894866555929
3T7DA,0,"[302, 431]",497,5,47,0.006068744231015444
3T7DA,0,"[302, 431]",497,5,48,0.006310200784355402
3T7DA,0,"[302, 431]",497,5,49,0.006916979793459177
3T7DA,0,"[302, 431]",497,5,50,0.006499591749161482
3T7DA,0,"[302, 431]",497,5,51,0.006247434299439192
3T7DA,0,"[302, 431]",497,5,52,0.006512120366096497
3T7DA,0,"[302, 431]",497,5,53,0.0054617212153971195
3T7DA,0,"[302, 431]",497,5,54,0.005501040257513523
3T7DA,0,"[302, 431]",497,5,55,0.005362368654459715
3T7DA,0,"[302, 431]",497,5,56,0.005684579256922007
3T7DA,0,"[302, 431]",497,5,57,0.012659433297812939
3T7DA,0,"[302, 431]",497,5,58,0.08625181019306183
3T7DA,0,"[302, 431]",497,5,59,0.5452473163604736
3T7DA,0,"[302, 431]",497,5,60,0.61834716796875
3TG2A,0,"[31, 142]",223,5,0,0.005196738056838512
3TG2A,0,"[31, 142]",223,5,1,0.006406900007277727
3TG2A,0,"[31, 142]",223,5,2,0.00650548841804266
3TG2A,0,"[31, 142]",223,5,3,0.006406670901924372
3TG2A,0,"[31, 142]",223,5,4,0.006247540935873985
3TG2A,0,"[31, 142]",223,5,5,0.006055613048374653
3TG2A,0,"[31, 142]",223,5,6,0.006057655904442072
3TG2A,0,"[31, 142]",223,5,7,0.007197227329015732
3TG2A,0,"[31, 142]",223,5,8,0.007135140243917704
3TG2A,0,"[31, 142]",223,5,9,0.008024809882044792
3TG2A,0,"[31, 142]",223,5,10,0.009664936922490597
3TG2A,0,"[31, 142]",223,5,11,0.017940456047654152
3TG2A,0,"[31, 142]",223,5,12,0.017115594819188118
3TG2A,0,"[31, 142]",223,5,13,0.017795175313949585
3TG2A,0,"[31, 142]",223,5,14,0.01892426423728466
3TG2A,0,"[31, 142]",223,5,15,0.019241925328969955
3TG2A,0,"[31, 142]",223,5,16,0.01665627956390381
3TG2A,0,"[31, 142]",223,5,17,0.018481774255633354
3TG2A,0,"[31, 142]",223,5,18,0.018702244386076927
3TG2A,0,"[31, 142]",223,5,19,0.02120247296988964
3TG2A,0,"[31, 142]",223,5,20,0.02352200075984001
3TG2A,0,"[31, 142]",223,5,21,0.07149799913167953
3TG2A,0,"[31, 142]",223,5,22,0.5073107481002808
3TG2A,0,"[31, 142]",223,5,23,0.8585209250450134
3TG2A,0,"[31, 142]",223,5,24,0.8288772702217102
3TG2A,0,"[31, 142]",223,5,25,0.8627105951309204
3TG2A,0,"[31, 142]",223,5,26,0.8645365834236145
3TG2A,0,"[31, 142]",223,5,27,0.8751628398895264
3TG2A,0,"[31, 142]",223,5,28,0.8886070251464844
3TG2A,0,"[31, 142]",223,5,29,0.8899785280227661
3TG2A,0,"[31, 142]",223,5,30,0.9045147895812988
3TG2A,0,"[31, 142]",223,5,31,0.9113602638244629
3TG2A,0,"[31, 142]",223,5,32,0.9040166139602661
3TG2A,0,"[31, 142]",223,5,33,0.9356586933135986
3TG2A,0,"[31, 142]",223,5,34,0.9567375779151917
3TG2A,0,"[31, 142]",223,5,35,0.9496622085571289
3TG2A,0,"[31, 142]",223,5,36,0.9462386965751648
3TG2A,0,"[31, 142]",223,5,37,0.9416903257369995
3TG2A,0,"[31, 142]",223,5,38,0.9545198678970337
3TG2A,0,"[31, 142]",223,5,39,0.9580103754997253
3TG2A,0,"[31, 142]",223,5,40,0.9826801419258118
3TG2A,0,"[31, 142]",223,5,41,0.9879067540168762
3TG2A,0,"[31, 142]",223,5,42,0.9842924475669861
3TG2A,0,"[31, 142]",223,5,43,0.998170793056488
3TG2A,0,"[31, 142]",223,5,44,1.009089708328247
3TG2A,0,"[31, 142]",223,5,45,1.0028034448623657
3TG2A,0,"[31, 142]",223,5,46,0.9957594871520996
3TG2A,0,"[31, 142]",223,5,47,1.0102916955947876
3TG2A,0,"[31, 142]",223,5,48,1.0129075050354004
3TG2A,0,"[31, 142]",223,5,49,1.0158003568649292
3TG2A,0,"[31, 142]",223,5,50,1.007279634475708
3TG2A,0,"[31, 142]",223,5,51,1.0142390727996826
3TG2A,0,"[31, 142]",223,5,52,1.0230638980865479
3TG2A,0,"[31, 142]",223,5,53,1.0341464281082153
3TG2A,0,"[31, 142]",223,5,54,1.0299265384674072
3TG2A,0,"[31, 142]",223,5,55,1.0309926271438599
3TG2A,0,"[31, 142]",223,5,56,1.0325489044189453
3TG2A,0,"[31, 142]",223,5,57,1.0324373245239258
3TG2A,0,"[31, 142]",223,5,58,1.0384050607681274
3TG2A,0,"[31, 142]",223,5,59,1.0357791185379028
3TG2A,0,"[31, 142]",223,5,60,1.045877456665039
3UCEA,0,"[21, 198]",223,5,0,0.004022393375635147
3UCEA,0,"[21, 198]",223,5,1,0.004285287577658892
3UCEA,0,"[21, 198]",223,5,2,0.004218542017042637
3UCEA,0,"[21, 198]",223,5,3,0.0041112881153821945
3UCEA,0,"[21, 198]",223,5,4,0.005255631636828184
3UCEA,0,"[21, 198]",223,5,5,0.005102353636175394
3UCEA,0,"[21, 198]",223,5,6,0.004204390104860067
3UCEA,0,"[21, 198]",223,5,7,0.004199552815407515
3UCEA,0,"[21, 198]",223,5,8,0.005366193596273661
3UCEA,0,"[21, 198]",223,5,9,0.006923694163560867
3UCEA,0,"[21, 198]",223,5,10,0.8845633268356323
3UCEA,0,"[21, 198]",223,5,11,0.953927755355835
3UCEA,0,"[21, 198]",223,5,12,0.9468585848808289
3UCEA,0,"[21, 198]",223,5,13,0.9707996249198914
3UCEA,0,"[21, 198]",223,5,14,0.9352481365203857
3UCEA,0,"[21, 198]",223,5,15,0.9568720459938049
3UCXA,0,"[27, 237]",264,5,0,0.004623860586434603
3UCXA,0,"[27, 237]",264,5,1,0.004805557895451784
3UCXA,0,"[27, 237]",264,5,2,0.0033889533951878548
3UCXA,0,"[27, 237]",264,5,3,0.004851682111620903
3UCXA,0,"[27, 237]",264,5,4,0.004538964945822954
3UCXA,0,"[27, 237]",264,5,5,0.003618253394961357
3UCXA,0,"[27, 237]",264,5,6,0.0035584582947194576
3UCXA,0,"[27, 237]",264,5,7,0.004552843980491161
3UCXA,0,"[27, 237]",264,5,8,0.005015511531382799
3UCXA,0,"[27, 237]",264,5,9,0.005046260077506304
3UCXA,0,"[27, 237]",264,5,10,0.005454107653349638
3UCXA,0,"[27, 237]",264,5,11,0.00617238087579608
3UCXA,0,"[27, 237]",264,5,12,0.005546169355511665
3UCXA,0,"[27, 237]",264,5,13,0.007500823587179184
3UCXA,0,"[27, 237]",264,5,14,0.9543253183364868
3UCXA,0,"[27, 237]",264,5,15,0.9117293953895569
3UCXA,0,"[27, 237]",264,5,16,0.8802444934844971
3UCXA,0,"[27, 237]",264,5,17,0.8996938467025757
3UCXA,0,"[27, 237]",264,5,18,0.9209563732147217
3UCXA,0,"[27, 237]",264,5,19,0.9132052063941956
3UGFA,0,"[379, 481]",546,5,0,0.0074679614044725895
3UGFA,0,"[379, 481]",546,5,1,0.007674834690988064
3UGFA,0,"[379, 481]",546,5,2,0.00774746248498559
3UGFA,0,"[379, 481]",546,5,3,0.007009844295680523
3UGFA,0,"[379, 481]",546,5,4,0.007456887513399124
3UGFA,0,"[379, 481]",546,5,5,0.007594047114253044
3UGFA,0,"[379, 481]",546,5,6,0.007386660203337669
3UGFA,0,"[379, 481]",546,5,7,0.008657732047140598
3UGFA,0,"[379, 481]",546,5,8,0.007401279639452696
3UGFA,0,"[379, 481]",546,5,9,0.0070945341140031815
3UGFA,0,"[379, 481]",546,5,10,0.007074994966387749
3UGFA,0,"[379, 481]",546,5,11,0.0074799503199756145
3UGFA,0,"[379, 481]",546,5,12,0.006701664067804813
3UGFA,0,"[379, 481]",546,5,13,0.00672177504748106
3UGFA,0,"[379, 481]",546,5,14,0.006901717744767666
3UGFA,0,"[379, 481]",546,5,15,0.0068398029543459415
3UGFA,0,"[379, 481]",546,5,16,0.006860256195068359
3UGFA,0,"[379, 481]",546,5,17,0.007377732079476118
3UGFA,0,"[379, 481]",546,5,18,0.00715072825551033
3UGFA,0,"[379, 481]",546,5,19,0.007167240604758263
3UGFA,0,"[379, 481]",546,5,20,0.006649761460721493
3UGFA,0,"[379, 481]",546,5,21,0.007454891689121723
3UGFA,0,"[379, 481]",546,5,22,0.007784551940858364
3UGFA,0,"[379, 481]",546,5,23,0.0074750944040715694
3UGFA,0,"[379, 481]",546,5,24,0.0075528789311647415
3UGFA,0,"[379, 481]",546,5,25,0.007385671604424715
3UGFA,0,"[379, 481]",546,5,26,0.007577668409794569
3UGFA,0,"[379, 481]",546,5,27,0.006198244635015726
3UGFA,0,"[379, 481]",546,5,28,0.007232808507978916
3UGFA,0,"[379, 481]",546,5,29,0.006754159927368164
3UGFA,0,"[379, 481]",546,5,30,0.008051144890487194
3UGFA,0,"[379, 481]",546,5,31,0.007394400890916586
3UGFA,0,"[379, 481]",546,5,32,0.007424629293382168
3UGFA,0,"[379, 481]",546,5,33,0.00717782462015748
3UGFA,0,"[379, 481]",546,5,34,0.006806813180446625
3UGFA,0,"[379, 481]",546,5,35,0.007895504124462605
3UGFA,0,"[379, 481]",546,5,36,0.006553110666573048
3UGFA,0,"[379, 481]",546,5,37,0.006976147182285786
3UGFA,0,"[379, 481]",546,5,38,0.006903663743287325
3UGFA,0,"[379, 481]",546,5,39,0.007162359077483416
3UGFA,0,"[379, 481]",546,5,40,0.007181329187005758
3UGFA,0,"[379, 481]",546,5,41,0.007506044115871191
3UGFA,0,"[379, 481]",546,5,42,0.00747485738247633
3UGFA,0,"[379, 481]",546,5,43,0.00754361180588603
3UGFA,0,"[379, 481]",546,5,44,0.007559932768344879
3UGFA,0,"[379, 481]",546,5,45,0.005999320186674595
3UGFA,0,"[379, 481]",546,5,46,0.005907599348574877
3UGFA,0,"[379, 481]",546,5,47,0.005984541028738022
3UGFA,0,"[379, 481]",546,5,48,0.006075344514101744
3UGFA,0,"[379, 481]",546,5,49,0.006191776599735022
3UGFA,0,"[379, 481]",546,5,50,0.006022330839186907
3UGFA,0,"[379, 481]",546,5,51,0.006327358074486256
3UGFA,0,"[379, 481]",546,5,52,0.006053684279322624
3UGFA,0,"[379, 481]",546,5,53,0.007395091000944376
3UGFA,0,"[379, 481]",546,5,54,0.007254407741129398
3UGFA,0,"[379, 481]",546,5,55,0.007452431600540876
3UGFA,0,"[379, 481]",546,5,56,0.007001058664172888
3UGFA,0,"[379, 481]",546,5,57,0.0067017897963523865
3UGFA,0,"[379, 481]",546,5,58,0.0071443528868258
3UGFA,0,"[379, 481]",546,5,59,0.9905410408973694
3UGFA,0,"[379, 481]",546,5,60,0.9934971332550049
3VCAA,0,"[184, 329]",412,5,0,0.006853773724287748
3VCAA,0,"[184, 329]",412,5,1,0.00665620993822813
3VCAA,0,"[184, 329]",412,5,2,0.007290385197848082
3VCAA,0,"[184, 329]",412,5,3,0.005810174159705639
3VCAA,0,"[184, 329]",412,5,4,0.006652003154158592
3VCAA,0,"[184, 329]",412,5,5,0.005381615832448006
3VCAA,0,"[184, 329]",412,5,6,0.005212097428739071
3VCAA,0,"[184, 329]",412,5,7,0.005334554240107536
3VCAA,0,"[184, 329]",412,5,8,0.004489217419177294
3VCAA,0,"[184, 329]",412,5,9,0.005262050777673721
3VCAA,0,"[184, 329]",412,5,10,0.005073856562376022
3VCAA,0,"[184, 329]",412,5,11,0.005738882813602686
3VCAA,0,"[184, 329]",412,5,12,0.006755192298442125
3VCAA,0,"[184, 329]",412,5,13,0.005559451878070831
3VCAA,0,"[184, 329]",412,5,14,0.005463429260998964
3VCAA,0,"[184, 329]",412,5,15,0.006284790579229593
3VCAA,0,"[184, 329]",412,5,16,0.005462193861603737
3VCAA,0,"[184, 329]",412,5,17,0.006365159992128611
3VCAA,0,"[184, 329]",412,5,18,0.0055892630480229855
3VCAA,0,"[184, 329]",412,5,19,0.005199024453759193
3VCAA,0,"[184, 329]",412,5,20,0.005210341420024633
3VCAA,0,"[184, 329]",412,5,21,0.006286655552685261
3VCAA,0,"[184, 329]",412,5,22,0.006281120236963034
3VCAA,0,"[184, 329]",412,5,23,0.006105587352067232
3VCAA,0,"[184, 329]",412,5,24,0.00442981394007802
3VCAA,0,"[184, 329]",412,5,25,0.005301985889673233
3VCAA,0,"[184, 329]",412,5,26,0.005818970967084169
3VCAA,0,"[184, 329]",412,5,27,0.005436575971543789
3VCAA,0,"[184, 329]",412,5,28,0.0050016348250210285
3VCAA,0,"[184, 329]",412,5,29,0.005275597795844078
3VCAA,0,"[184, 329]",412,5,30,0.004991392605006695
3VCAA,0,"[184, 329]",412,5,31,0.004951742943376303
3VCAA,0,"[184, 329]",412,5,32,0.004849820863455534
3VCAA,0,"[184, 329]",412,5,33,0.005469977390021086
3VCAA,0,"[184, 329]",412,5,34,0.004990995861589909
3VCAA,0,"[184, 329]",412,5,35,0.006052382756024599
3VCAA,0,"[184, 329]",412,5,36,0.006772804073989391
3VCAA,0,"[184, 329]",412,5,37,0.0060600172728300095
3VCAA,0,"[184, 329]",412,5,38,0.005348069593310356
3VCAA,0,"[184, 329]",412,5,39,0.14689680933952332
3VCAA,0,"[184, 329]",412,5,40,0.17971733212471008
3VCAA,0,"[184, 329]",412,5,41,0.2936083674430847
3VCAA,0,"[184, 329]",412,5,42,0.3104890286922455
3VCAA,0,"[184, 329]",412,5,43,0.3423437774181366
3VCAA,0,"[184, 329]",412,5,44,0.05475759878754616
3VCAA,0,"[184, 329]",412,5,45,0.03276078775525093
3VCAA,0,"[184, 329]",412,5,46,0.06409100443124771
3VCAA,0,"[184, 329]",412,5,47,0.09391842037439346
3VCAA,0,"[184, 329]",412,5,48,0.0900338813662529
3VCAA,0,"[184, 329]",412,5,49,0.24381795525550842
3VCAA,0,"[184, 329]",412,5,50,0.28303980827331543
3VCAA,0,"[184, 329]",412,5,51,0.4228103458881378
3VCAA,0,"[184, 329]",412,5,52,0.36098337173461914
3VCAA,0,"[184, 329]",412,5,53,0.3593361973762512
3VCAA,0,"[184, 329]",412,5,54,0.4611457884311676
3VCAA,0,"[184, 329]",412,5,55,0.3517090976238251
3VCAA,0,"[184, 329]",412,5,56,0.3868567943572998
3VCAA,0,"[184, 329]",412,5,57,0.45568200945854187
3VCAA,0,"[184, 329]",412,5,58,0.34743863344192505
3VCAA,0,"[184, 329]",412,5,59,0.64271080493927
3VCAA,0,"[184, 329]",412,5,60,0.6608174443244934
3VOTA,0,"[21, 313]",425,5,0,0.005441803019493818
3VOTA,0,"[21, 313]",425,5,1,0.00504328403621912
3VOTA,0,"[21, 313]",425,5,2,0.005514946300536394
3VOTA,0,"[21, 313]",425,5,3,0.006730691064149141
3VOTA,0,"[21, 313]",425,5,4,0.006476826500147581
3VOTA,0,"[21, 313]",425,5,5,0.006006869953125715
3VOTA,0,"[21, 313]",425,5,6,0.006145669147372246
3VOTA,0,"[21, 313]",425,5,7,0.005766889080405235
3VOTA,0,"[21, 313]",425,5,8,0.006142887286841869
3VOTA,0,"[21, 313]",425,5,9,0.007117716129869223
3VOTA,0,"[21, 313]",425,5,10,0.007092569023370743
3VOTA,0,"[21, 313]",425,5,11,0.008103551343083382
3VOTA,0,"[21, 313]",425,5,12,0.006883557885885239
3VOTA,0,"[21, 313]",425,5,13,0.006649964954704046
3VOTA,0,"[21, 313]",425,5,14,0.0064154998399317265
3VOTA,0,"[21, 313]",425,5,15,0.00679720938205719
3VOTA,0,"[21, 313]",425,5,16,0.0063836900517344475
3VOTA,0,"[21, 313]",425,5,17,0.006185643840581179
3VOTA,0,"[21, 313]",425,5,18,0.006131742615252733
3VOTA,0,"[21, 313]",425,5,19,0.006714822258800268
3VOTA,0,"[21, 313]",425,5,20,0.007456248626112938
3VOTA,0,"[21, 313]",425,5,21,0.007590898312628269
3VOTA,0,"[21, 313]",425,5,22,0.005759230814874172
3VOTA,0,"[21, 313]",425,5,23,0.0053290631622076035
3VOTA,0,"[21, 313]",425,5,24,0.005538666155189276
3VOTA,0,"[21, 313]",425,5,25,0.005218944977968931
3VOTA,0,"[21, 313]",425,5,26,0.004774949979037046
3VOTA,0,"[21, 313]",425,5,27,0.004595779348164797
3VOTA,0,"[21, 313]",425,5,28,0.004378715995699167
3VOTA,0,"[21, 313]",425,5,29,0.004659516271203756
3VOTA,0,"[21, 313]",425,5,30,0.004699469078332186
3VOTA,0,"[21, 313]",425,5,31,0.004853957332670689
3VOTA,0,"[21, 313]",425,5,32,0.004710712004452944
3VOTA,0,"[21, 313]",425,5,33,0.005047889892011881
3VOTA,0,"[21, 313]",425,5,34,0.005493225064128637
3VOTA,0,"[21, 313]",425,5,35,0.0058646728284657
3VOTA,0,"[21, 313]",425,5,36,0.005285194143652916
3VOTA,0,"[21, 313]",425,5,37,0.005321867763996124
3VOTA,0,"[21, 313]",425,5,38,0.005035698879510164
3VOTA,0,"[21, 313]",425,5,39,0.004877131897956133
3VOTA,0,"[21, 313]",425,5,40,0.004572291858494282
3VOTA,0,"[21, 313]",425,5,41,0.00456578191369772
3VOTA,0,"[21, 313]",425,5,42,0.004542812239378691
3VOTA,0,"[21, 313]",425,5,43,0.004714778158813715
3VOTA,0,"[21, 313]",425,5,44,0.004680652637034655
3VOTA,0,"[21, 313]",425,5,45,0.00483131455257535
3VOTA,0,"[21, 313]",425,5,46,0.005442259833216667
3VOTA,0,"[21, 313]",425,5,47,0.005261632148176432
3VOTA,0,"[21, 313]",425,5,48,0.005395714193582535
3VOTA,0,"[21, 313]",425,5,49,0.0060062347911298275
3VOTA,0,"[21, 313]",425,5,50,0.006109215319156647
3VOTA,0,"[21, 313]",425,5,51,0.005493707489222288
3VOTA,0,"[21, 313]",425,5,52,0.006600408349186182
3VOTA,0,"[21, 313]",425,5,53,0.006921826396137476
3VOTA,0,"[21, 313]",425,5,54,0.006957262754440308
3VOTA,0,"[21, 313]",425,5,55,0.007196194026619196
3VOTA,0,"[21, 313]",425,5,56,0.007089054677635431
3VOTA,0,"[21, 313]",425,5,57,0.007128085475414991
3VOTA,0,"[21, 313]",425,5,58,0.007038166746497154
3VOTA,0,"[21, 313]",425,5,59,0.006972222588956356
3VOTA,0,"[21, 313]",425,5,60,0.00702317338436842
3VQJA,0,"[93, 196]",219,5,0,0.00506764929741621
3VQJA,0,"[93, 196]",219,5,1,0.0044751702807843685
3VQJA,0,"[93, 196]",219,5,2,0.00490274652838707
3VQJA,0,"[93, 196]",219,5,3,0.005672619212418795
3VQJA,0,"[93, 196]",219,5,4,0.00556481396779418
3VQJA,0,"[93, 196]",219,5,5,0.005486782174557447
3VQJA,0,"[93, 196]",219,5,6,0.00539208110421896
3VQJA,0,"[93, 196]",219,5,7,0.007001414429396391
3VQJA,0,"[93, 196]",219,5,8,0.004894124809652567
3VQJA,0,"[93, 196]",219,5,9,0.005062613170593977
3VQJA,0,"[93, 196]",219,5,10,0.005307327024638653
3VQJA,0,"[93, 196]",219,5,11,0.0054838284850120544
3VQJA,0,"[93, 196]",219,5,12,0.0057581448927521706
3VQJA,0,"[93, 196]",219,5,13,0.9955022931098938
3VQJA,0,"[93, 196]",219,5,14,1.053316593170166
3VQJA,0,"[93, 196]",219,5,15,1.0688222646713257
3VYPA,0,"[116, 236]",269,5,0,0.006653863005340099
3VYPA,0,"[116, 236]",269,5,1,0.006936985999345779
3VYPA,0,"[116, 236]",269,5,2,0.008210966363549232
3VYPA,0,"[116, 236]",269,5,3,0.007005748338997364
3VYPA,0,"[116, 236]",269,5,4,0.005238687619566917
3VYPA,0,"[116, 236]",269,5,5,0.0059220134280622005
3VYPA,0,"[116, 236]",269,5,6,0.005902840290218592
3VYPA,0,"[116, 236]",269,5,7,0.0056946761906147
3VYPA,0,"[116, 236]",269,5,8,0.00643496448174119
3VYPA,0,"[116, 236]",269,5,9,0.005664119962602854
3VYPA,0,"[116, 236]",269,5,10,0.0055882991291582584
3VYPA,0,"[116, 236]",269,5,11,0.005750003736466169
3VYPA,0,"[116, 236]",269,5,12,0.006101340986788273
3VYPA,0,"[116, 236]",269,5,13,0.005583817604929209
3VYPA,0,"[116, 236]",269,5,14,0.004883188288658857
3VYPA,0,"[116, 236]",269,5,15,0.005596392787992954
3VYPA,0,"[116, 236]",269,5,16,0.005592665169388056
3VYPA,0,"[116, 236]",269,5,17,0.005552208051085472
3VYPA,0,"[116, 236]",269,5,18,0.00671981368213892
3VYPA,0,"[116, 236]",269,5,19,0.009165192022919655
3VYPA,0,"[116, 236]",269,5,20,0.009871331043541431
3VYPA,0,"[116, 236]",269,5,21,0.009756986051797867
3VYPA,0,"[116, 236]",269,5,22,0.011163660325109959
3VYPA,0,"[116, 236]",269,5,23,0.012591884471476078
3VYPA,0,"[116, 236]",269,5,24,0.013699124567210674
3VYPA,0,"[116, 236]",269,5,25,0.014467223547399044
3VYPA,0,"[116, 236]",269,5,26,0.012701669707894325
3VYPA,0,"[116, 236]",269,5,27,0.014118471182882786
3VYPA,0,"[116, 236]",269,5,28,0.011773909442126751
3VYPA,0,"[116, 236]",269,5,29,0.012046469375491142
3VYPA,0,"[116, 236]",269,5,30,0.012309141457080841
3VYPA,0,"[116, 236]",269,5,31,0.01229248195886612
3VYPA,0,"[116, 236]",269,5,32,0.01218013372272253
3VYPA,0,"[116, 236]",269,5,33,0.012301764450967312
3VYPA,0,"[116, 236]",269,5,34,0.011523785069584846
3VYPA,0,"[116, 236]",269,5,35,0.012653571553528309
3VYPA,0,"[116, 236]",269,5,36,0.013634098693728447
3VYPA,0,"[116, 236]",269,5,37,0.013244863599538803
3VYPA,0,"[116, 236]",269,5,38,0.011668378487229347
3VYPA,0,"[116, 236]",269,5,39,0.01002361811697483
3VYPA,0,"[116, 236]",269,5,40,0.009568163193762302
3VYPA,0,"[116, 236]",269,5,41,0.010176927782595158
3VYPA,0,"[116, 236]",269,5,42,0.009836297482252121
3VYPA,0,"[116, 236]",269,5,43,0.009120983071625233
3VYPA,0,"[116, 236]",269,5,44,0.008915023878216743
3VYPA,0,"[116, 236]",269,5,45,0.008768710307776928
3VYPA,0,"[116, 236]",269,5,46,0.008540462702512741
3VYPA,0,"[116, 236]",269,5,47,0.008419469930231571
3VYPA,0,"[116, 236]",269,5,48,0.008825000375509262
3VYPA,0,"[116, 236]",269,5,49,0.008427864871919155
3VYPA,0,"[116, 236]",269,5,50,0.008523736149072647
3VYPA,0,"[116, 236]",269,5,51,0.008510141633450985
3VYPA,0,"[116, 236]",269,5,52,0.008236893452703953
3VYPA,0,"[116, 236]",269,5,53,0.008130858652293682
3VYPA,0,"[116, 236]",269,5,54,0.00821563322097063
3VYPA,0,"[116, 236]",269,5,55,0.008331201039254665
3VYPA,0,"[116, 236]",269,5,56,0.00866197980940342
3VYPA,0,"[116, 236]",269,5,57,0.008614013902842999
3VYPA,0,"[116, 236]",269,5,58,0.008497369475662708
3VYPA,0,"[116, 236]",269,5,59,0.00883579347282648
3VYPA,0,"[116, 236]",269,5,60,0.008999921381473541
3WJPA,0,"[167, 277]",338,5,0,0.00790373608469963
3WJPA,0,"[167, 277]",338,5,1,0.009965512901544571
3WJPA,0,"[167, 277]",338,5,2,0.005843253340572119
3WJPA,0,"[167, 277]",338,5,3,0.006889748387038708
3WJPA,0,"[167, 277]",338,5,4,0.009115273132920265
3WJPA,0,"[167, 277]",338,5,5,0.006301338784396648
3WJPA,0,"[167, 277]",338,5,6,0.006148867774754763
3WJPA,0,"[167, 277]",338,5,7,0.006036750972270966
3WJPA,0,"[167, 277]",338,5,8,0.008775191381573677
3WJPA,0,"[167, 277]",338,5,9,0.006875765509903431
3WJPA,0,"[167, 277]",338,5,10,0.007337815128266811
3WJPA,0,"[167, 277]",338,5,11,0.0072820112109184265
3WJPA,0,"[167, 277]",338,5,12,0.006956047378480434
3WJPA,0,"[167, 277]",338,5,13,0.00544337322935462
3WJPA,0,"[167, 277]",338,5,14,0.0059510888531804085
3WJPA,0,"[167, 277]",338,5,15,0.00690621230751276
3WJPA,0,"[167, 277]",338,5,16,0.006759174168109894
3WJPA,0,"[167, 277]",338,5,17,0.00659319618716836
3WJPA,0,"[167, 277]",338,5,18,0.006136103067547083
3WJPA,0,"[167, 277]",338,5,19,0.004852474667131901
3WJPA,0,"[167, 277]",338,5,20,0.005616776179522276
3WJPA,0,"[167, 277]",338,5,21,0.005650005303323269
3WJPA,0,"[167, 277]",338,5,22,0.004907471593469381
3WJPA,0,"[167, 277]",338,5,23,0.00496280612424016
3WJPA,0,"[167, 277]",338,5,24,0.005199118051677942
3WJPA,0,"[167, 277]",338,5,25,0.006321608554571867
3WJPA,0,"[167, 277]",338,5,26,0.006041429471224546
3WJPA,0,"[167, 277]",338,5,27,0.006926599889993668
3WJPA,0,"[167, 277]",338,5,28,0.006573818624019623
3WJPA,0,"[167, 277]",338,5,29,0.5607761740684509
3WJPA,0,"[167, 277]",338,5,30,0.6956447958946228
3WJPA,0,"[167, 277]",338,5,31,0.6550760269165039
3WMRA,0,"[146, 260]",315,5,0,0.004410877358168364
3WMRA,0,"[146, 260]",315,5,1,0.007616856135427952
3WMRA,0,"[146, 260]",315,5,2,0.004803617484867573
3WMRA,0,"[146, 260]",315,5,3,0.007739704102277756
3WMRA,0,"[146, 260]",315,5,4,0.006368749774992466
3WMRA,0,"[146, 260]",315,5,5,0.007569821085780859
3WMRA,0,"[146, 260]",315,5,6,0.007816024124622345
3WMRA,0,"[146, 260]",315,5,7,0.0062545547261834145
3WMRA,0,"[146, 260]",315,5,8,0.006751589011400938
3WMRA,0,"[146, 260]",315,5,9,0.006295390892773867
3WMRA,0,"[146, 260]",315,5,10,0.006109241396188736
3WMRA,0,"[146, 260]",315,5,11,0.005811783485114574
3WMRA,0,"[146, 260]",315,5,12,0.005523851606994867
3WMRA,0,"[146, 260]",315,5,13,0.0055055213160812855
3WMRA,0,"[146, 260]",315,5,14,0.005700082052499056
3WMRA,0,"[146, 260]",315,5,15,0.00552691426128149
3WMRA,0,"[146, 260]",315,5,16,0.005625998135656118
3WMRA,0,"[146, 260]",315,5,17,0.005570063367486
3WMRA,0,"[146, 260]",315,5,18,0.006158274132758379
3WMRA,0,"[146, 260]",315,5,19,0.005425418261438608
3WMRA,0,"[146, 260]",315,5,20,0.005661039613187313
3WMRA,0,"[146, 260]",315,5,21,0.005486164707690477
3WMRA,0,"[146, 260]",315,5,22,0.006727434229105711
3WMRA,0,"[146, 260]",315,5,23,0.00632769800722599
3WMRA,0,"[146, 260]",315,5,24,0.006608867086470127
3WMRA,0,"[146, 260]",315,5,25,0.006910471245646477
3WMRA,0,"[146, 260]",315,5,26,0.0084649957716465
3WMRA,0,"[146, 260]",315,5,27,1.0164684057235718
3WMRA,0,"[146, 260]",315,5,28,1.001950979232788
3WMRA,0,"[146, 260]",315,5,29,0.9655250310897827
3WMRA,0,"[146, 260]",315,5,30,0.9578176140785217
3WMRA,0,"[146, 260]",315,5,31,0.9638584852218628
4A2BA,0,"[210, 333]",419,5,0,0.0067388624884188175
4A2BA,0,"[210, 333]",419,5,1,0.004770481958985329
4A2BA,0,"[210, 333]",419,5,2,0.006682782433927059
4A2BA,0,"[210, 333]",419,5,3,0.008502853102982044
4A2BA,0,"[210, 333]",419,5,4,0.00447465805336833
4A2BA,0,"[210, 333]",419,5,5,0.008054422214627266
4A2BA,0,"[210, 333]",419,5,6,0.007830021902918816
4A2BA,0,"[210, 333]",419,5,7,0.00554913654923439
4A2BA,0,"[210, 333]",419,5,8,0.005657846108078957
4A2BA,0,"[210, 333]",419,5,9,0.008154400624334812
4A2BA,0,"[210, 333]",419,5,10,0.005856793839484453
4A2BA,0,"[210, 333]",419,5,11,0.009804929606616497
4A2BA,0,"[210, 333]",419,5,12,0.008676509372889996
4A2BA,0,"[210, 333]",419,5,13,0.006733643356710672
4A2BA,0,"[210, 333]",419,5,14,0.005938687827438116
4A2BA,0,"[210, 333]",419,5,15,0.006171974819153547
4A2BA,0,"[210, 333]",419,5,16,0.0052403355948626995
4A2BA,0,"[210, 333]",419,5,17,0.00601926539093256
4A2BA,0,"[210, 333]",419,5,18,0.011540871113538742
4A2BA,0,"[210, 333]",419,5,19,0.00788615271449089
4A2BA,0,"[210, 333]",419,5,20,0.007009950466454029
4A2BA,0,"[210, 333]",419,5,21,0.00867006927728653
4A2BA,0,"[210, 333]",419,5,22,0.007255008909851313
4A2BA,0,"[210, 333]",419,5,23,0.007723353803157806
4A2BA,0,"[210, 333]",419,5,24,0.008577976375818253
4A2BA,0,"[210, 333]",419,5,25,0.0062392838299274445
4A2BA,0,"[210, 333]",419,5,26,0.007864176295697689
4A2BA,0,"[210, 333]",419,5,27,0.00780746154487133
4A2BA,0,"[210, 333]",419,5,28,0.0060977451503276825
4A2BA,0,"[210, 333]",419,5,29,0.0065481290221214294
4A2BA,0,"[210, 333]",419,5,30,0.0060576568357646465
4A2BA,0,"[210, 333]",419,5,31,0.00667342497035861
4A2BA,0,"[210, 333]",419,5,32,0.006685641128569841
4A2BA,0,"[210, 333]",419,5,33,0.006425768602639437
4A2BA,0,"[210, 333]",419,5,34,0.005644682329148054
4A2BA,0,"[210, 333]",419,5,35,0.00626469636335969
4A2BA,0,"[210, 333]",419,5,36,0.006396932527422905
4A2BA,0,"[210, 333]",419,5,37,0.006416081450879574
4A2BA,0,"[210, 333]",419,5,38,0.006873906124383211
4A2BA,0,"[210, 333]",419,5,39,0.0064714690670371056
4A2BA,0,"[210, 333]",419,5,40,0.005848629400134087
4A2BA,0,"[210, 333]",419,5,41,0.6499244570732117
4A2BA,0,"[210, 333]",419,5,42,0.6865226626396179
4A2BA,0,"[210, 333]",419,5,43,0.7287419438362122
4A6RA,0,"[74, 333]",459,5,0,0.006772453896701336
4A6RA,0,"[74, 333]",459,5,1,0.006799444556236267
4A6RA,0,"[74, 333]",459,5,2,0.0065887863747775555
4A6RA,0,"[74, 333]",459,5,3,0.006357240024954081
4A6RA,0,"[74, 333]",459,5,4,0.007254512514919043
4A6RA,0,"[74, 333]",459,5,5,0.006140184123069048
4A6RA,0,"[74, 333]",459,5,6,0.006481930147856474
4A6RA,0,"[74, 333]",459,5,7,0.005693047773092985
4A6RA,0,"[74, 333]",459,5,8,0.0064488910138607025
4A6RA,0,"[74, 333]",459,5,9,0.007261573802679777
4A6RA,0,"[74, 333]",459,5,10,0.006464788224548101
4A6RA,0,"[74, 333]",459,5,11,0.0066656251437962055
4A6RA,0,"[74, 333]",459,5,12,0.006637400947511196
4A6RA,0,"[74, 333]",459,5,13,0.0066576674580574036
4A6RA,0,"[74, 333]",459,5,14,0.00661998987197876
4A6RA,0,"[74, 333]",459,5,15,0.006718677002936602
4A6RA,0,"[74, 333]",459,5,16,0.006244591902941465
4A6RA,0,"[74, 333]",459,5,17,0.006650813855230808
4A6RA,0,"[74, 333]",459,5,18,0.006659569218754768
4A6RA,0,"[74, 333]",459,5,19,0.006872876081615686
4A6RA,0,"[74, 333]",459,5,20,0.00706757977604866
4A6RA,0,"[74, 333]",459,5,21,0.0069747366942465305
4A6RA,0,"[74, 333]",459,5,22,0.008859722875058651
4A6RA,0,"[74, 333]",459,5,23,0.008792880922555923
4A6RA,0,"[74, 333]",459,5,24,0.0065706996247172356
4A6RA,0,"[74, 333]",459,5,25,0.005706673953682184
4A6RA,0,"[74, 333]",459,5,26,0.005783259868621826
4A6RA,0,"[74, 333]",459,5,27,0.0056737735867500305
4A6RA,0,"[74, 333]",459,5,28,0.0058694398030638695
4A6RA,0,"[74, 333]",459,5,29,0.0059780762530863285
4A6RA,0,"[74, 333]",459,5,30,0.00582484295591712
4A6RA,0,"[74, 333]",459,5,31,0.006308973301202059
4A6RA,0,"[74, 333]",459,5,32,0.006018282845616341
4A6RA,0,"[74, 333]",459,5,33,0.0064241597428917885
4A6RA,0,"[74, 333]",459,5,34,0.006496801506727934
4A6RA,0,"[74, 333]",459,5,35,0.8311235308647156
4A6RA,0,"[74, 333]",459,5,36,0.8241806626319885
4A6RA,0,"[74, 333]",459,5,37,0.8599402904510498
4A6RA,0,"[74, 333]",459,5,38,0.8794605135917664
4A6RA,0,"[74, 333]",459,5,39,0.879266083240509
4BFCA,0,"[60, 190]",235,5,0,0.0033658703323453665
4BFCA,0,"[60, 190]",235,5,1,0.0058800154365599155
4BFCA,0,"[60, 190]",235,5,2,0.005605443846434355
4BFCA,0,"[60, 190]",235,5,3,0.005208417307585478
4BFCA,0,"[60, 190]",235,5,4,0.0052541629411280155
4BFCA,0,"[60, 190]",235,5,5,0.005271877162158489
4BFCA,0,"[60, 190]",235,5,6,0.00535774789750576
4BFCA,0,"[60, 190]",235,5,7,0.005142897833138704
4BFCA,0,"[60, 190]",235,5,8,0.00491148978471756
4BFCA,0,"[60, 190]",235,5,9,0.005204782821238041
4BFCA,0,"[60, 190]",235,5,10,0.005334039684385061
4BFCA,0,"[60, 190]",235,5,11,0.004431721288710833
4BFCA,0,"[60, 190]",235,5,12,0.005731226410716772
4BFCA,0,"[60, 190]",235,5,13,0.005551801063120365
4BFCA,0,"[60, 190]",235,5,14,0.008406994864344597
4BFCA,0,"[60, 190]",235,5,15,0.04512735828757286
4BFCA,0,"[60, 190]",235,5,16,0.03841583430767059
4BFCA,0,"[60, 190]",235,5,17,0.02752881683409214
4BFCA,0,"[60, 190]",235,5,18,0.024226225912570953
4BFCA,0,"[60, 190]",235,5,19,0.027276661247015
4BFCA,0,"[60, 190]",235,5,20,0.034154314547777176
4BFCA,0,"[60, 190]",235,5,21,0.037287771701812744
4BFCA,0,"[60, 190]",235,5,22,0.03531164303421974
4BFCA,0,"[60, 190]",235,5,23,0.03248227387666702
4BFCA,0,"[60, 190]",235,5,24,0.03632665425539017
4BFCA,0,"[60, 190]",235,5,25,0.0518655851483345
4BFCA,0,"[60, 190]",235,5,26,0.04163273796439171
4BFCA,0,"[60, 190]",235,5,27,0.0270695760846138
4BFCA,0,"[60, 190]",235,5,28,0.017525136470794678
4BFCA,0,"[60, 190]",235,5,29,0.018277084454894066
4BFCA,0,"[60, 190]",235,5,30,0.012726890854537487
4BFCA,0,"[60, 190]",235,5,31,0.012643528170883656
4BFCA,0,"[60, 190]",235,5,32,0.011752917431294918
4BFCA,0,"[60, 190]",235,5,33,0.010384142398834229
4BFCA,0,"[60, 190]",235,5,34,0.010241560637950897
4BFCA,0,"[60, 190]",235,5,35,0.00884287804365158
4BFCA,0,"[60, 190]",235,5,36,0.008366813883185387
4BFCA,0,"[60, 190]",235,5,37,0.008974473923444748
4BFCA,0,"[60, 190]",235,5,38,0.009545862674713135
4BFCA,0,"[60, 190]",235,5,39,0.009749325923621655
4BFCA,0,"[60, 190]",235,5,40,0.008926788344979286
4BFCA,0,"[60, 190]",235,5,41,0.007641902659088373
4BFCA,0,"[60, 190]",235,5,42,0.0076849632896482944
4BFCA,0,"[60, 190]",235,5,43,0.008228592574596405
4BFCA,0,"[60, 190]",235,5,44,0.010031649842858315
4BFCA,0,"[60, 190]",235,5,45,0.010716866701841354
4BFCA,0,"[60, 190]",235,5,46,0.016820194199681282
4BFCA,0,"[60, 190]",235,5,47,0.02072274498641491
4BFCA,0,"[60, 190]",235,5,48,0.023595763370394707
4BFCA,0,"[60, 190]",235,5,49,0.024073811247944832
4BFCA,0,"[60, 190]",235,5,50,0.024567190557718277
4BFCA,0,"[60, 190]",235,5,51,0.024260446429252625
4BFCA,0,"[60, 190]",235,5,52,0.02534070611000061
4BFCA,0,"[60, 190]",235,5,53,0.02593383379280567
4BFCA,0,"[60, 190]",235,5,54,0.02753840759396553
4BFCA,0,"[60, 190]",235,5,55,0.02173154428601265
4BFCA,0,"[60, 190]",235,5,56,0.02173154428601265
4BFCA,0,"[60, 190]",235,5,57,0.02173154428601265
4BFCA,0,"[60, 190]",235,5,58,0.02173154428601265
4BFCA,0,"[60, 190]",235,5,59,0.02173154428601265
4BFCA,0,"[60, 190]",235,5,60,0.02173159271478653
4BRCA,0,"[151, 262]",368,5,0,0.006881406996399164
4BRCA,0,"[151, 262]",368,5,1,0.007130156736820936
4BRCA,0,"[151, 262]",368,5,2,0.006851220037788153
4BRCA,0,"[151, 262]",368,5,3,0.007751945871859789
4BRCA,0,"[151, 262]",368,5,4,0.007211707998067141
4BRCA,0,"[151, 262]",368,5,5,0.00699385441839695
4BRCA,0,"[151, 262]",368,5,6,0.007621243596076965
4BRCA,0,"[151, 262]",368,5,7,0.007841812446713448
4BRCA,0,"[151, 262]",368,5,8,0.007565487641841173
4BRCA,0,"[151, 262]",368,5,9,0.00828182976692915
4BRCA,0,"[151, 262]",368,5,10,0.007587030064314604
4BRCA,0,"[151, 262]",368,5,11,0.007723129820078611
4BRCA,0,"[151, 262]",368,5,12,0.007587789092212915
4BRCA,0,"[151, 262]",368,5,13,0.008911386132240295
4BRCA,0,"[151, 262]",368,5,14,0.007603308651596308
4BRCA,0,"[151, 262]",368,5,15,0.008600411005318165
4BRCA,0,"[151, 262]",368,5,16,0.007859568111598492
4BRCA,0,"[151, 262]",368,5,17,0.007973206229507923
4BRCA,0,"[151, 262]",368,5,18,0.008021881803870201
4BRCA,0,"[151, 262]",368,5,19,0.007951303385198116
4BRCA,0,"[151, 262]",368,5,20,0.008825900964438915
4BRCA,0,"[151, 262]",368,5,21,0.008043577894568443
4BRCA,0,"[151, 262]",368,5,22,0.008097577840089798
4BRCA,0,"[151, 262]",368,5,23,0.007563732098788023
4BRCA,0,"[151, 262]",368,5,24,0.007227018475532532
4BRCA,0,"[151, 262]",368,5,25,0.007559628691524267
4BRCA,0,"[151, 262]",368,5,26,0.008122086524963379
4BRCA,0,"[151, 262]",368,5,27,0.00821338314563036
4BRCA,0,"[151, 262]",368,5,28,0.008308515883982182
4BRCA,0,"[151, 262]",368,5,29,0.008387161418795586
4BRCA,0,"[151, 262]",368,5,30,0.008420789614319801
4BRCA,0,"[151, 262]",368,5,31,0.009135673753917217
4BRCA,0,"[151, 262]",368,5,32,0.008268408477306366
4BRCA,0,"[151, 262]",368,5,33,0.06147100031375885
4BRCA,0,"[151, 262]",368,5,34,0.06579381972551346
4BRCA,0,"[151, 262]",368,5,35,0.07550860196352005
4BRCA,0,"[151, 262]",368,5,36,0.07496612519025803
4BRCA,0,"[151, 262]",368,5,37,0.06804917752742767
4BRCA,0,"[151, 262]",368,5,38,0.06347981095314026
4BRCA,0,"[151, 262]",368,5,39,0.09392666816711426
4BRCA,0,"[151, 262]",368,5,40,0.10562252253293991
4BRCA,0,"[151, 262]",368,5,41,0.144785538315773
4BRCA,0,"[151, 262]",368,5,42,0.15890732407569885
4BRCA,0,"[151, 262]",368,5,43,0.15939994156360626
4BRCA,0,"[151, 262]",368,5,44,0.26535746455192566
4BRCA,0,"[151, 262]",368,5,45,0.23333965241909027
4BRCA,0,"[151, 262]",368,5,46,0.21840865910053253
4BRCA,0,"[151, 262]",368,5,47,0.1345849484205246
4BRCA,0,"[151, 262]",368,5,48,0.11458763480186462
4BRCA,0,"[151, 262]",368,5,49,0.09334063529968262
4BRCA,0,"[151, 262]",368,5,50,0.15619654953479767
4BRCA,0,"[151, 262]",368,5,51,0.20037290453910828
4BRCA,0,"[151, 262]",368,5,52,0.19474008679389954
4BRCA,0,"[151, 262]",368,5,53,0.18955132365226746
4BRCA,0,"[151, 262]",368,5,54,0.16041626036167145
4BRCA,0,"[151, 262]",368,5,55,0.2550772428512573
4BRCA,0,"[151, 262]",368,5,56,0.1924857646226883
4BRCA,0,"[151, 262]",368,5,57,0.12783494591712952
4BRCA,0,"[151, 262]",368,5,58,0.11701757460832596
4BRCA,0,"[151, 262]",368,5,59,0.11888640373945236
4BRCA,0,"[151, 262]",368,5,60,0.11828390508890152
4C12A,0,"[347, 452]",501,5,0,0.010422145947813988
4C12A,0,"[347, 452]",501,5,1,0.009287084452807903
4C12A,0,"[347, 452]",501,5,2,0.008606106042861938
4C12A,0,"[347, 452]",501,5,3,0.008246306329965591
4C12A,0,"[347, 452]",501,5,4,0.008970883674919605
4C12A,0,"[347, 452]",501,5,5,0.00857553444802761
4C12A,0,"[347, 452]",501,5,6,0.009037940762937069
4C12A,0,"[347, 452]",501,5,7,0.008130820468068123
4C12A,0,"[347, 452]",501,5,8,0.008947850205004215
4C12A,0,"[347, 452]",501,5,9,0.008386864326894283
4C12A,0,"[347, 452]",501,5,10,0.009660189040005207
4C12A,0,"[347, 452]",501,5,11,0.00900813564658165
4C12A,0,"[347, 452]",501,5,12,0.009900121949613094
4C12A,0,"[347, 452]",501,5,13,0.009356565773487091
4C12A,0,"[347, 452]",501,5,14,0.009455440565943718
4C12A,0,"[347, 452]",501,5,15,0.009083527140319347
4C12A,0,"[347, 452]",501,5,16,0.009127438999712467
4C12A,0,"[347, 452]",501,5,17,0.010006160475313663
4C12A,0,"[347, 452]",501,5,18,0.009666966274380684
4C12A,0,"[347, 452]",501,5,19,0.009540583938360214
4C12A,0,"[347, 452]",501,5,20,0.009795849211513996
4C12A,0,"[347, 452]",501,5,21,0.010224455036222935
4C12A,0,"[347, 452]",501,5,22,0.009227178990840912
4C12A,0,"[347, 452]",501,5,23,0.009555823169648647
4C12A,0,"[347, 452]",501,5,24,0.009321140125393867
4C12A,0,"[347, 452]",501,5,25,0.009742535650730133
4C12A,0,"[347, 452]",501,5,26,0.009673248045146465
4C12A,0,"[347, 452]",501,5,27,0.009934358298778534
4C12A,0,"[347, 452]",501,5,28,0.01137685775756836
4C12A,0,"[347, 452]",501,5,29,0.009614181704819202
4C12A,0,"[347, 452]",501,5,30,0.00885405670851469
4C12A,0,"[347, 452]",501,5,31,0.008029161021113396
4C12A,0,"[347, 452]",501,5,32,0.010389300994575024
4C12A,0,"[347, 452]",501,5,33,0.009602311067283154
4C12A,0,"[347, 452]",501,5,34,0.009054169058799744
4C12A,0,"[347, 452]",501,5,35,0.009109740145504475
4C12A,0,"[347, 452]",501,5,36,0.009192531928420067
4C12A,0,"[347, 452]",501,5,37,0.009162988513708115
4C12A,0,"[347, 452]",501,5,38,0.009884719736874104
4C12A,0,"[347, 452]",501,5,39,0.008597679436206818
4C12A,0,"[347, 452]",501,5,40,0.008862592279911041
4C12A,0,"[347, 452]",501,5,41,0.008832077495753765
4C12A,0,"[347, 452]",501,5,42,0.009537632577121258
4C12A,0,"[347, 452]",501,5,43,0.008987462148070335
4C12A,0,"[347, 452]",501,5,44,0.008689938113093376
4C12A,0,"[347, 452]",501,5,45,0.008974040858447552
4C12A,0,"[347, 452]",501,5,46,0.008823134005069733
4C12A,0,"[347, 452]",501,5,47,0.009755303151905537
4C12A,0,"[347, 452]",501,5,48,0.00921633467078209
4C12A,0,"[347, 452]",501,5,49,0.009033690206706524
4C12A,0,"[347, 452]",501,5,50,0.009181448258459568
4C12A,0,"[347, 452]",501,5,51,0.008619057014584541
4C12A,0,"[347, 452]",501,5,52,0.008920293301343918
4C12A,0,"[347, 452]",501,5,53,0.008553098887205124
4C12A,0,"[347, 452]",501,5,54,0.009444423019886017
4C12A,0,"[347, 452]",501,5,55,0.009592932648956776
4C12A,0,"[347, 452]",501,5,56,0.008920984342694283
4C12A,0,"[347, 452]",501,5,57,0.009159117005765438
4C12A,0,"[347, 452]",501,5,58,0.008665132336318493
4C12A,0,"[347, 452]",501,5,59,0.00978060346096754
4C12A,0,"[347, 452]",501,5,60,0.009236817248165607
4DM7A,0,"[126, 239]",301,5,0,0.0058325608260929585
4DM7A,0,"[126, 239]",301,5,1,0.0063689821399748325
4DM7A,0,"[126, 239]",301,5,2,0.006626831367611885
4DM7A,0,"[126, 239]",301,5,3,0.005784328561276197
4DM7A,0,"[126, 239]",301,5,4,0.005254856310784817
4DM7A,0,"[126, 239]",301,5,5,0.004922457039356232
4DM7A,0,"[126, 239]",301,5,6,0.005342686548829079
4DM7A,0,"[126, 239]",301,5,7,0.005120049696415663
4DM7A,0,"[126, 239]",301,5,8,0.0047887107357382774
4DM7A,0,"[126, 239]",301,5,9,0.004930238705128431
4DM7A,0,"[126, 239]",301,5,10,0.005735353566706181
4DM7A,0,"[126, 239]",301,5,11,0.00460457056760788
4DM7A,0,"[126, 239]",301,5,12,0.004723680671304464
4DM7A,0,"[126, 239]",301,5,13,0.004660703707486391
4DM7A,0,"[126, 239]",301,5,14,0.005103826057165861
4DM7A,0,"[126, 239]",301,5,15,0.00452757952734828
4DM7A,0,"[126, 239]",301,5,16,0.005698587279766798
4DM7A,0,"[126, 239]",301,5,17,0.005015519447624683
4DM7A,0,"[126, 239]",301,5,18,0.004855929873883724
4DM7A,0,"[126, 239]",301,5,19,0.005042971111834049
4DM7A,0,"[126, 239]",301,5,20,0.0058191376738250256
4DM7A,0,"[126, 239]",301,5,21,0.0064126960933208466
4DM7A,0,"[126, 239]",301,5,22,0.005722472444176674
4DM7A,0,"[126, 239]",301,5,23,0.006366369780153036
4DM7A,0,"[126, 239]",301,5,24,0.008550584316253662
4DM7A,0,"[126, 239]",301,5,25,0.01151341199874878
4DM7A,0,"[126, 239]",301,5,26,0.030344894155859947
4DM7A,0,"[126, 239]",301,5,27,0.7464680075645447
4DM7A,0,"[126, 239]",301,5,28,0.8841859698295593
4DM7A,0,"[126, 239]",301,5,29,0.8996604681015015
4DM7A,0,"[126, 239]",301,5,30,0.9176182150840759
4DM7A,0,"[126, 239]",301,5,31,0.9317505955696106
4E1BA,0,"[19, 131]",352,5,0,0.009608257561922073
4E1BA,0,"[19, 131]",352,5,1,0.00912883784621954
4E1BA,0,"[19, 131]",352,5,2,0.008711425587534904
4E1BA,0,"[19, 131]",352,5,3,0.007986031472682953
4E1BA,0,"[19, 131]",352,5,4,0.008303208276629448
4E1BA,0,"[19, 131]",352,5,5,0.008468140847980976
4E1BA,0,"[19, 131]",352,5,6,0.007248989772051573
4E1BA,0,"[19, 131]",352,5,7,0.008413877338171005
4E1BA,0,"[19, 131]",352,5,8,0.006429063156247139
4E1BA,0,"[19, 131]",352,5,9,0.007374809589236975
4E1BA,0,"[19, 131]",352,5,10,0.007916507311165333
4E1BA,0,"[19, 131]",352,5,11,0.008543329313397408
4E1BA,0,"[19, 131]",352,5,12,0.008352735079824924
4E1BA,0,"[19, 131]",352,5,13,0.007111691404134035
4E1BA,0,"[19, 131]",352,5,14,0.006782467942684889
4E1BA,0,"[19, 131]",352,5,15,0.006952784955501556
4E1BA,0,"[19, 131]",352,5,16,0.00687654223293066
4E1BA,0,"[19, 131]",352,5,17,0.006954549811780453
4E1BA,0,"[19, 131]",352,5,18,0.007471221964806318
4E1BA,0,"[19, 131]",352,5,19,0.0075973570346832275
4E1BA,0,"[19, 131]",352,5,20,0.007794477045536041
4E1BA,0,"[19, 131]",352,5,21,0.007829376496374607
4E1BA,0,"[19, 131]",352,5,22,0.00762004591524601
4E1BA,0,"[19, 131]",352,5,23,0.008312870748341084
4E1BA,0,"[19, 131]",352,5,24,0.00800152588635683
4E1BA,0,"[19, 131]",352,5,25,0.007906450890004635
4E1BA,0,"[19, 131]",352,5,26,0.0074447151273489
4E1BA,0,"[19, 131]",352,5,27,0.0070608556270599365
4E1BA,0,"[19, 131]",352,5,28,0.0062993490137159824
4E1BA,0,"[19, 131]",352,5,29,0.006524721626192331
4E1BA,0,"[19, 131]",352,5,30,0.8334978222846985
4E1BA,0,"[19, 131]",352,5,31,0.7434930801391602
4E1BA,0,"[19, 131]",352,5,32,0.7629998326301575
4E1BA,0,"[19, 131]",352,5,33,0.7485570907592773
4E1BA,0,"[19, 131]",352,5,34,0.6832576394081116
4E1BA,0,"[19, 131]",352,5,35,0.7107738256454468
4E69A,0,"[26, 149]",328,5,0,0.006046332884579897
4E69A,0,"[26, 149]",328,5,1,0.006373476702719927
4E69A,0,"[26, 149]",328,5,2,0.007610071450471878
4E69A,0,"[26, 149]",328,5,3,0.009004938416182995
4E69A,0,"[26, 149]",328,5,4,0.008822198025882244
4E69A,0,"[26, 149]",328,5,5,0.0059607140719890594
4E69A,0,"[26, 149]",328,5,6,0.00612567039206624
4E69A,0,"[26, 149]",328,5,7,0.008035116828978062
4E69A,0,"[26, 149]",328,5,8,0.008746114559471607
4E69A,0,"[26, 149]",328,5,9,0.009203879162669182
4E69A,0,"[26, 149]",328,5,10,0.006985893473029137
4E69A,0,"[26, 149]",328,5,11,0.00820829626172781
4E69A,0,"[26, 149]",328,5,12,0.007350580301135778
4E69A,0,"[26, 149]",328,5,13,0.0072168889455497265
4E69A,0,"[26, 149]",328,5,14,0.007895056158304214
4E69A,0,"[26, 149]",328,5,15,0.0075608897022902966
4E69A,0,"[26, 149]",328,5,16,0.007423475384712219
4E69A,0,"[26, 149]",328,5,17,0.00732113653793931
4E69A,0,"[26, 149]",328,5,18,0.0071170395240187645
4E69A,0,"[26, 149]",328,5,19,0.00696710217744112
4E69A,0,"[26, 149]",328,5,20,0.007962697185575962
4E69A,0,"[26, 149]",328,5,21,0.0071218484081327915
4E69A,0,"[26, 149]",328,5,22,0.007752317003905773
4E69A,0,"[26, 149]",328,5,23,0.007453125901520252
4E69A,0,"[26, 149]",328,5,24,0.012657850980758667
4E69A,0,"[26, 149]",328,5,25,0.012986153364181519
4E69A,0,"[26, 149]",328,5,26,0.013539067469537258
4E69A,0,"[26, 149]",328,5,27,0.013421928510069847
4E69A,0,"[26, 149]",328,5,28,0.3468140661716461
4E69A,0,"[26, 149]",328,5,29,0.2861810028553009
4E69A,0,"[26, 149]",328,5,30,0.18260546028614044
4E69A,0,"[26, 149]",328,5,31,0.2599046230316162
4E69A,0,"[26, 149]",328,5,32,0.28220808506011963
4E69A,0,"[26, 149]",328,5,33,0.2667442560195923
4E69A,0,"[26, 149]",328,5,34,0.2564745843410492
4E69A,0,"[26, 149]",328,5,35,0.29663658142089844
4E69A,0,"[26, 149]",328,5,36,0.28483763337135315
4E69A,0,"[26, 149]",328,5,37,0.2525772154331207
4E69A,0,"[26, 149]",328,5,38,0.21518737077713013
4E69A,0,"[26, 149]",328,5,39,0.24345006048679352
4E69A,0,"[26, 149]",328,5,40,0.21691010892391205
4E69A,0,"[26, 149]",328,5,41,0.2813619375228882
4E69A,0,"[26, 149]",328,5,42,0.29579418897628784
4E69A,0,"[26, 149]",328,5,43,0.20021486282348633
4E69A,0,"[26, 149]",328,5,44,0.20108340680599213
4E69A,0,"[26, 149]",328,5,45,0.20838283002376556
4E69A,0,"[26, 149]",328,5,46,0.14320340752601624
4E69A,0,"[26, 149]",328,5,47,0.16426606476306915
4E69A,0,"[26, 149]",328,5,48,0.10175631940364838
4E69A,0,"[26, 149]",328,5,49,0.1603127121925354
4E69A,0,"[26, 149]",328,5,50,0.1717129945755005
4E69A,0,"[26, 149]",328,5,51,0.2205900102853775
4E69A,0,"[26, 149]",328,5,52,0.10043387860059738
4E69A,0,"[26, 149]",328,5,53,0.12449701875448227
4E69A,0,"[26, 149]",328,5,54,0.07234065234661102
4E69A,0,"[26, 149]",328,5,55,0.05960508808493614
4E69A,0,"[26, 149]",328,5,56,0.3020366132259369
4E69A,0,"[26, 149]",328,5,57,0.364864706993103
4E69A,0,"[26, 149]",328,5,58,0.42941564321517944
4E69A,0,"[26, 149]",328,5,59,0.025012778118252754
4E69A,0,"[26, 149]",328,5,60,0.016498783603310585
4EHUA,0,"[97, 211]",276,5,0,0.005857450887560844
4EHUA,0,"[97, 211]",276,5,1,0.00661265105009079
4EHUA,0,"[97, 211]",276,5,2,0.006913617718964815
4EHUA,0,"[97, 211]",276,5,3,0.006756575778126717
4EHUA,0,"[97, 211]",276,5,4,0.006543601397424936
4EHUA,0,"[97, 211]",276,5,5,0.006605107802897692
4EHUA,0,"[97, 211]",276,5,6,0.00693071773275733
4EHUA,0,"[97, 211]",276,5,7,0.007071821019053459
4EHUA,0,"[97, 211]",276,5,8,0.006913879420608282
4EHUA,0,"[97, 211]",276,5,9,0.00729445181787014
4EHUA,0,"[97, 211]",276,5,10,0.007287965621799231
4EHUA,0,"[97, 211]",276,5,11,0.00767352432012558
4EHUA,0,"[97, 211]",276,5,12,0.007340266369283199
4EHUA,0,"[97, 211]",276,5,13,0.006432531401515007
4EHUA,0,"[97, 211]",276,5,14,0.0068389978259801865
4EHUA,0,"[97, 211]",276,5,15,0.006760033778846264
4EHUA,0,"[97, 211]",276,5,16,0.006929799448698759
4EHUA,0,"[97, 211]",276,5,17,0.006650312803685665
4EHUA,0,"[97, 211]",276,5,18,0.0068762823939323425
4EHUA,0,"[97, 211]",276,5,19,0.9417186379432678
4EHUA,0,"[97, 211]",276,5,20,0.8963271379470825
4EHUA,0,"[97, 211]",276,5,21,0.8828064203262329
4EHUA,0,"[97, 211]",276,5,22,0.8943549990653992
4EHUA,0,"[97, 211]",276,5,23,0.9005501866340637
4EQBA,0,"[115, 224]",330,5,0,0.0073766279965639114
4EQBA,0,"[115, 224]",330,5,1,0.007012724410742521
4EQBA,0,"[115, 224]",330,5,2,0.00632904190570116
4EQBA,0,"[115, 224]",330,5,3,0.007131751626729965
4EQBA,0,"[115, 224]",330,5,4,0.007548034191131592
4EQBA,0,"[115, 224]",330,5,5,0.007554611191153526
4EQBA,0,"[115, 224]",330,5,6,0.008053921163082123
4EQBA,0,"[115, 224]",330,5,7,0.007062426768243313
4EQBA,0,"[115, 224]",330,5,8,0.007115521933883429
4EQBA,0,"[115, 224]",330,5,9,0.007856503129005432
4EQBA,0,"[115, 224]",330,5,10,0.006371072493493557
4EQBA,0,"[115, 224]",330,5,11,0.005795006174594164
4EQBA,0,"[115, 224]",330,5,12,0.006021506618708372
4EQBA,0,"[115, 224]",330,5,13,0.006515998858958483
4EQBA,0,"[115, 224]",330,5,14,0.006691395305097103
4EQBA,0,"[115, 224]",330,5,15,0.006362438667565584
4EQBA,0,"[115, 224]",330,5,16,0.006583405192941427
4EQBA,0,"[115, 224]",330,5,17,0.0063198828138411045
4EQBA,0,"[115, 224]",330,5,18,0.006625449284911156
4EQBA,0,"[115, 224]",330,5,19,0.006769363768398762
4EQBA,0,"[115, 224]",330,5,20,0.006666562054306269
4EQBA,0,"[115, 224]",330,5,21,0.006395948585122824
4EQBA,0,"[115, 224]",330,5,22,0.006141680758446455
4EQBA,0,"[115, 224]",330,5,23,0.006700112484395504
4EQBA,0,"[115, 224]",330,5,24,0.0071098594926297665
4EQBA,0,"[115, 224]",330,5,25,0.006480813026428223
4EQBA,0,"[115, 224]",330,5,26,0.006814566906541586
4EQBA,0,"[115, 224]",330,5,27,0.006373284850269556
4EQBA,0,"[115, 224]",330,5,28,0.4556235074996948
4EQBA,0,"[115, 224]",330,5,29,0.42418503761291504
4EQBA,0,"[115, 224]",330,5,30,0.5872324109077454
4EQBA,0,"[115, 224]",330,5,31,0.5335028171539307
4EQBA,0,"[115, 224]",330,5,32,0.8826727867126465
4EQBA,0,"[115, 224]",330,5,33,0.9218422770500183
4EQBA,0,"[115, 224]",330,5,34,0.9784141182899475
4EQBA,0,"[115, 224]",330,5,35,0.9726963043212891
4EQBA,0,"[115, 224]",330,5,36,0.9922434091567993
4EQBA,0,"[115, 224]",330,5,37,0.9589717984199524
4EQBA,0,"[115, 224]",330,5,38,0.9739681482315063
4EQBA,0,"[115, 224]",330,5,39,0.9792213439941406
4EQBA,0,"[115, 224]",330,5,40,0.958079993724823
4EQBA,0,"[115, 224]",330,5,41,0.9414605498313904
4EQBA,0,"[115, 224]",330,5,42,0.940869152545929
4EQBA,0,"[115, 224]",330,5,43,0.9157858490943909
4EQBA,0,"[115, 224]",330,5,44,0.92630535364151
4EQBA,0,"[115, 224]",330,5,45,0.9044767022132874
4EQBA,0,"[115, 224]",330,5,46,0.9018415808677673
4EQBA,0,"[115, 224]",330,5,47,0.8769603371620178
4EQBA,0,"[115, 224]",330,5,48,0.857348620891571
4EQBA,0,"[115, 224]",330,5,49,0.8786923289299011
4EQBA,0,"[115, 224]",330,5,50,0.9067953824996948
4EQBA,0,"[115, 224]",330,5,51,0.8634535074234009
4EQBA,0,"[115, 224]",330,5,52,0.8641024231910706
4EQBA,0,"[115, 224]",330,5,53,0.8593529462814331
4EQBA,0,"[115, 224]",330,5,54,0.8608949184417725
4EQBA,0,"[115, 224]",330,5,55,0.8726664781570435
4EQBA,0,"[115, 224]",330,5,56,0.9083232879638672
4EQBA,0,"[115, 224]",330,5,57,0.9369751214981079
4EQBA,0,"[115, 224]",330,5,58,0.957695722579956
4EQBA,0,"[115, 224]",330,5,59,0.9925272464752197
4EQBA,0,"[115, 224]",330,5,60,0.9896268248558044
4EWFA,0,"[16, 257]",275,5,0,0.006285919342190027
4EWFA,0,"[16, 257]",275,5,1,0.004936559591442347
4EWFA,0,"[16, 257]",275,5,2,0.006104827858507633
4EWFA,0,"[16, 257]",275,5,3,0.006250701379030943
4EWFA,0,"[16, 257]",275,5,4,0.004484688397496939
4EWFA,0,"[16, 257]",275,5,5,0.005954602733254433
4EWFA,0,"[16, 257]",275,5,6,0.005695174913853407
4EWFA,0,"[16, 257]",275,5,7,0.005237073637545109
4EWFA,0,"[16, 257]",275,5,8,0.005646795965731144
4EWFA,0,"[16, 257]",275,5,9,0.005746448878198862
4EWFA,0,"[16, 257]",275,5,10,0.0051882765255868435
4EWFA,0,"[16, 257]",275,5,11,0.004148452077060938
4EWFA,0,"[16, 257]",275,5,12,0.004577296786010265
4EWFA,0,"[16, 257]",275,5,13,0.004577296786010265
4EWFA,0,"[16, 257]",275,5,14,0.004577296786010265
4EWFA,0,"[16, 257]",275,5,15,0.004577296786010265
4EWFA,0,"[16, 257]",275,5,16,0.004577296786010265
4EWFA,0,"[16, 257]",275,5,17,0.004577296786010265
4EWFA,0,"[16, 257]",275,5,18,0.004577296786010265
4EWFA,0,"[16, 257]",275,5,19,0.004577296786010265
4EWFA,0,"[16, 257]",275,5,20,0.004577296786010265
4EWFA,0,"[16, 257]",275,5,21,0.004577296786010265
4EWFA,0,"[16, 257]",275,5,22,0.004577296786010265
4EWFA,0,"[16, 257]",275,5,23,0.004577296786010265
4EWFA,0,"[16, 257]",275,5,24,0.004577296786010265
4EWFA,0,"[16, 257]",275,5,25,0.004577296786010265
4EWFA,0,"[16, 257]",275,5,26,0.004577296786010265
4EWFA,0,"[16, 257]",275,5,27,0.004577296786010265
4EWFA,0,"[16, 257]",275,5,28,0.004577296786010265
4EWFA,0,"[16, 257]",275,5,29,0.004577296786010265
4EWFA,0,"[16, 257]",275,5,30,0.004577296786010265
4EWFA,0,"[16, 257]",275,5,31,0.004577296786010265
4EWFA,0,"[16, 257]",275,5,32,0.004577296786010265
4EWFA,0,"[16, 257]",275,5,33,0.004577296786010265
4EWFA,0,"[16, 257]",275,5,34,0.004577296786010265
4EWFA,0,"[16, 257]",275,5,35,0.004577296786010265
4EWFA,0,"[16, 257]",275,5,36,0.004577296786010265
4EWFA,0,"[16, 257]",275,5,37,0.004577296786010265
4EWFA,0,"[16, 257]",275,5,38,0.004577296786010265
4EWFA,0,"[16, 257]",275,5,39,0.004577296786010265
4EWFA,0,"[16, 257]",275,5,40,0.004577296786010265
4EWFA,0,"[16, 257]",275,5,41,0.004577296786010265
4EWFA,0,"[16, 257]",275,5,42,0.004577296786010265
4EWFA,0,"[16, 257]",275,5,43,0.004577296786010265
4EWFA,0,"[16, 257]",275,5,44,0.004577296786010265
4EWFA,0,"[16, 257]",275,5,45,0.004577296786010265
4EWFA,0,"[16, 257]",275,5,46,0.004577296786010265
4EWFA,0,"[16, 257]",275,5,47,0.004577296786010265
4EWFA,0,"[16, 257]",275,5,48,0.004577296786010265
4EWFA,0,"[16, 257]",275,5,49,0.004577296786010265
4EWFA,0,"[16, 257]",275,5,50,0.004577296786010265
4EWFA,0,"[16, 257]",275,5,51,0.004577296786010265
4EWFA,0,"[16, 257]",275,5,52,0.004577296786010265
4EWFA,0,"[16, 257]",275,5,53,0.004577296786010265
4EWFA,0,"[16, 257]",275,5,54,0.004577296786010265
4EWFA,0,"[16, 257]",275,5,55,0.004577296786010265
4EWFA,0,"[16, 257]",275,5,56,0.004577296786010265
4EWFA,0,"[16, 257]",275,5,57,0.004577296786010265
4EWFA,0,"[16, 257]",275,5,58,0.004577296786010265
4EWFA,0,"[16, 257]",275,5,59,0.004577296786010265
4EWFA,0,"[16, 257]",275,5,60,0.004577296786010265
4EX6A,0,"[22, 123]",237,5,0,0.006380233447998762
4EX6A,0,"[22, 123]",237,5,1,0.005150070879608393
4EX6A,0,"[22, 123]",237,5,2,0.007821903564035892
4EX6A,0,"[22, 123]",237,5,3,0.0049181110225617886
4EX6A,0,"[22, 123]",237,5,4,0.004981087055057287
4EX6A,0,"[22, 123]",237,5,5,0.005553440656512976
4EX6A,0,"[22, 123]",237,5,6,0.005527367815375328
4EX6A,0,"[22, 123]",237,5,7,0.005556845106184483
4EX6A,0,"[22, 123]",237,5,8,0.00531769497320056
4EX6A,0,"[22, 123]",237,5,9,0.004974752198904753
4EX6A,0,"[22, 123]",237,5,10,0.0054322765208780766
4EX6A,0,"[22, 123]",237,5,11,0.006101860664784908
4EX6A,0,"[22, 123]",237,5,12,0.007415803615003824
4EX6A,0,"[22, 123]",237,5,13,0.0075936042703688145
4EX6A,0,"[22, 123]",237,5,14,0.008065497502684593
4EX6A,0,"[22, 123]",237,5,15,0.008384806104004383
4EX6A,0,"[22, 123]",237,5,16,0.008605155162513256
4EX6A,0,"[22, 123]",237,5,17,0.009902548976242542
4EX6A,0,"[22, 123]",237,5,18,0.01012344565242529
4EX6A,0,"[22, 123]",237,5,19,0.010605263523757458
4EX6A,0,"[22, 123]",237,5,20,0.01055282261222601
4EX6A,0,"[22, 123]",237,5,21,0.010560331866145134
4EX6A,0,"[22, 123]",237,5,22,0.010373217053711414
4EX6A,0,"[22, 123]",237,5,23,0.010527078993618488
4EX6A,0,"[22, 123]",237,5,24,0.005445411894470453
4EX6A,0,"[22, 123]",237,5,25,0.009715422056615353
4EX6A,0,"[22, 123]",237,5,26,0.009351055137813091
4EX6A,0,"[22, 123]",237,5,27,0.00964350812137127
4EX6A,0,"[22, 123]",237,5,28,0.008871489204466343
4EX6A,0,"[22, 123]",237,5,29,0.008564316667616367
4EX6A,0,"[22, 123]",237,5,30,0.009106963872909546
4EX6A,0,"[22, 123]",237,5,31,0.008524290286004543
4EX6A,0,"[22, 123]",237,5,32,0.5758844017982483
4EX6A,0,"[22, 123]",237,5,33,0.660181999206543
4EX6A,0,"[22, 123]",237,5,34,0.8290436863899231
4EX6A,0,"[22, 123]",237,5,35,0.8357748985290527
4EZIA,0,"[194, 311]",377,5,0,0.006932777818292379
4EZIA,0,"[194, 311]",377,5,1,0.006432329770177603
4EZIA,0,"[194, 311]",377,5,2,0.0062146964482963085
4EZIA,0,"[194, 311]",377,5,3,0.00652363570407033
4EZIA,0,"[194, 311]",377,5,4,0.00660467054694891
4EZIA,0,"[194, 311]",377,5,5,0.005997797008603811
4EZIA,0,"[194, 311]",377,5,6,0.0066746314987540245
4EZIA,0,"[194, 311]",377,5,7,0.005283466074615717
4EZIA,0,"[194, 311]",377,5,8,0.004892244935035706
4EZIA,0,"[194, 311]",377,5,9,0.007055253721773624
4EZIA,0,"[194, 311]",377,5,10,0.006936927791684866
4EZIA,0,"[194, 311]",377,5,11,0.007159430533647537
4EZIA,0,"[194, 311]",377,5,12,0.006998174358159304
4EZIA,0,"[194, 311]",377,5,13,0.006718427874147892
4EZIA,0,"[194, 311]",377,5,14,0.006955799646675587
4EZIA,0,"[194, 311]",377,5,15,0.006547529716044664
4EZIA,0,"[194, 311]",377,5,16,0.0066640861332416534
4EZIA,0,"[194, 311]",377,5,17,0.007231639698147774
4EZIA,0,"[194, 311]",377,5,18,0.006517733912914991
4EZIA,0,"[194, 311]",377,5,19,0.006091258488595486
4EZIA,0,"[194, 311]",377,5,20,0.006242301315069199
4EZIA,0,"[194, 311]",377,5,21,0.006367463618516922
4EZIA,0,"[194, 311]",377,5,22,0.006078526843339205
4EZIA,0,"[194, 311]",377,5,23,0.006196464877575636
4EZIA,0,"[194, 311]",377,5,24,0.006141731981188059
4EZIA,0,"[194, 311]",377,5,25,0.006196083500981331
4EZIA,0,"[194, 311]",377,5,26,0.006051975302398205
4EZIA,0,"[194, 311]",377,5,27,0.005674996413290501
4EZIA,0,"[194, 311]",377,5,28,0.006755715701729059
4EZIA,0,"[194, 311]",377,5,29,0.006615927908569574
4EZIA,0,"[194, 311]",377,5,30,0.0068689738400280476
4EZIA,0,"[194, 311]",377,5,31,0.007046154700219631
4EZIA,0,"[194, 311]",377,5,32,0.006571159698069096
4EZIA,0,"[194, 311]",377,5,33,0.007576191332191229
4EZIA,0,"[194, 311]",377,5,34,0.007943601347506046
4EZIA,0,"[194, 311]",377,5,35,0.006884253583848476
4EZIA,0,"[194, 311]",377,5,36,0.9165395498275757
4EZIA,0,"[194, 311]",377,5,37,0.9180374145507812
4EZIA,0,"[194, 311]",377,5,38,0.9208590388298035
4EZIA,0,"[194, 311]",377,5,39,0.9245268702507019
4FB2A,0,"[114, 352]",398,5,0,0.004949287511408329
4FB2A,0,"[114, 352]",398,5,1,0.005591826979070902
4FB2A,0,"[114, 352]",398,5,2,0.006028359290212393
4FB2A,0,"[114, 352]",398,5,3,0.006401768885552883
4FB2A,0,"[114, 352]",398,5,4,0.005803384352475405
4FB2A,0,"[114, 352]",398,5,5,0.005753207486122847
4FB2A,0,"[114, 352]",398,5,6,0.005692687351256609
4FB2A,0,"[114, 352]",398,5,7,0.005476190242916346
4FB2A,0,"[114, 352]",398,5,8,0.005800112150609493
4FB2A,0,"[114, 352]",398,5,9,0.00586090050637722
4FB2A,0,"[114, 352]",398,5,10,0.005605166777968407
4FB2A,0,"[114, 352]",398,5,11,0.0058381580747663975
4FB2A,0,"[114, 352]",398,5,12,0.006220990791916847
4FB2A,0,"[114, 352]",398,5,13,0.006080824416130781
4FB2A,0,"[114, 352]",398,5,14,0.005996751133352518
4FB2A,0,"[114, 352]",398,5,15,0.006609396543353796
4FB2A,0,"[114, 352]",398,5,16,0.006930462084710598
4FB2A,0,"[114, 352]",398,5,17,0.006345036905258894
4FB2A,0,"[114, 352]",398,5,18,0.005731179378926754
4FB2A,0,"[114, 352]",398,5,19,0.0053914012387394905
4FB2A,0,"[114, 352]",398,5,20,0.00565121928229928
4FB2A,0,"[114, 352]",398,5,21,0.005774416029453278
4FB2A,0,"[114, 352]",398,5,22,0.0057109505869448185
4FB2A,0,"[114, 352]",398,5,23,0.006087280809879303
4FB2A,0,"[114, 352]",398,5,24,0.005687878932803869
4FB2A,0,"[114, 352]",398,5,25,0.00581396697089076
4FB2A,0,"[114, 352]",398,5,26,0.005077121313661337
4FB2A,0,"[114, 352]",398,5,27,0.005637000314891338
4FB2A,0,"[114, 352]",398,5,28,0.00488986074924469
4FB2A,0,"[114, 352]",398,5,29,0.005067379679530859
4FB2A,0,"[114, 352]",398,5,30,0.005343426484614611
4FB2A,0,"[114, 352]",398,5,31,0.005070199258625507
4FB2A,0,"[114, 352]",398,5,32,0.00502184359356761
4FB2A,0,"[114, 352]",398,5,33,0.005038718227297068
4FB2A,0,"[114, 352]",398,5,34,0.0055140545591712
4FB2A,0,"[114, 352]",398,5,35,0.7933464050292969
4FB2A,0,"[114, 352]",398,5,36,0.8382392525672913
4FB2A,0,"[114, 352]",398,5,37,0.8358176350593567
4FB2A,0,"[114, 352]",398,5,38,0.8607521057128906
4FB2A,0,"[114, 352]",398,5,39,0.864804208278656
4G41A,0,"[62, 184]",236,5,0,0.003984795417636633
4G41A,0,"[62, 184]",236,5,1,0.004929840564727783
4G41A,0,"[62, 184]",236,5,2,0.00477849505841732
4G41A,0,"[62, 184]",236,5,3,0.004564928822219372
4G41A,0,"[62, 184]",236,5,4,0.004497856833040714
4G41A,0,"[62, 184]",236,5,5,0.004594744183123112
4G41A,0,"[62, 184]",236,5,6,0.005306398496031761
4G41A,0,"[62, 184]",236,5,7,0.004459964577108622
4G41A,0,"[62, 184]",236,5,8,0.0037322852294892073
4G41A,0,"[62, 184]",236,5,9,0.004350465722382069
4G41A,0,"[62, 184]",236,5,10,0.004619298968464136
4G41A,0,"[62, 184]",236,5,11,0.005081866402179003
4G41A,0,"[62, 184]",236,5,12,0.005199681036174297
4G41A,0,"[62, 184]",236,5,13,0.005097805988043547
4G41A,0,"[62, 184]",236,5,14,0.012723341584205627
4G41A,0,"[62, 184]",236,5,15,0.012880593538284302
4G41A,0,"[62, 184]",236,5,16,0.011163068003952503
4G41A,0,"[62, 184]",236,5,17,0.01406627893447876
4G41A,0,"[62, 184]",236,5,18,0.6896675825119019
4G41A,0,"[62, 184]",236,5,19,0.8885176777839661
4G41A,0,"[62, 184]",236,5,20,0.9117368459701538
4G41A,0,"[62, 184]",236,5,21,0.9088107943534851
4G41A,0,"[62, 184]",236,5,22,0.8941022157669067
4G41A,0,"[62, 184]",236,5,23,0.912536084651947
4H3VA,0,"[163, 264]",390,5,0,0.006891475059092045
4H3VA,0,"[163, 264]",390,5,1,0.0073651885613799095
4H3VA,0,"[163, 264]",390,5,2,0.0076375785283744335
4H3VA,0,"[163, 264]",390,5,3,0.007255267817527056
4H3VA,0,"[163, 264]",390,5,4,0.007464803289622068
4H3VA,0,"[163, 264]",390,5,5,0.007479158230125904
4H3VA,0,"[163, 264]",390,5,6,0.007652748376131058
4H3VA,0,"[163, 264]",390,5,7,0.007578019984066486
4H3VA,0,"[163, 264]",390,5,8,0.007188837509602308
4H3VA,0,"[163, 264]",390,5,9,0.00696016987785697
4H3VA,0,"[163, 264]",390,5,10,0.00723595917224884
4H3VA,0,"[163, 264]",390,5,11,0.007207675836980343
4H3VA,0,"[163, 264]",390,5,12,0.007271097041666508
4H3VA,0,"[163, 264]",390,5,13,0.007299665827304125
4H3VA,0,"[163, 264]",390,5,14,0.00780715374276042
4H3VA,0,"[163, 264]",390,5,15,0.00794787984341383
4H3VA,0,"[163, 264]",390,5,16,0.007390134036540985
4H3VA,0,"[163, 264]",390,5,17,0.007515197619795799
4H3VA,0,"[163, 264]",390,5,18,0.007368589751422405
4H3VA,0,"[163, 264]",390,5,19,0.007322980090975761
4H3VA,0,"[163, 264]",390,5,20,0.007060579024255276
4H3VA,0,"[163, 264]",390,5,21,0.008711758069694042
4H3VA,0,"[163, 264]",390,5,22,0.009553969837725163
4H3VA,0,"[163, 264]",390,5,23,0.006903939880430698
4H3VA,0,"[163, 264]",390,5,24,0.007418429013341665
4H3VA,0,"[163, 264]",390,5,25,0.006938876584172249
4H3VA,0,"[163, 264]",390,5,26,0.006872592959553003
4H3VA,0,"[163, 264]",390,5,27,0.006808851379901171
4H3VA,0,"[163, 264]",390,5,28,0.006797357462346554
4H3VA,0,"[163, 264]",390,5,29,0.006674651056528091
4H3VA,0,"[163, 264]",390,5,30,0.0076413569040596485
4H3VA,0,"[163, 264]",390,5,31,0.007466418668627739
4H3VA,0,"[163, 264]",390,5,32,0.007515904027968645
4H3VA,0,"[163, 264]",390,5,33,0.008186833001673222
4H3VA,0,"[163, 264]",390,5,34,0.008279248140752316
4H3VA,0,"[163, 264]",390,5,35,0.00704496493563056
4H3VA,0,"[163, 264]",390,5,36,1.174955129623413
4H3VA,0,"[163, 264]",390,5,37,1.13296377658844
4H3VA,0,"[163, 264]",390,5,38,1.100355863571167
4H3VA,0,"[163, 264]",390,5,39,1.1278618574142456
4HACA,0,"[184, 286]",321,5,0,0.00673325639218092
4HACA,0,"[184, 286]",321,5,1,0.007852123118937016
4HACA,0,"[184, 286]",321,5,2,0.007828721776604652
4HACA,0,"[184, 286]",321,5,3,0.009067836217582226
4HACA,0,"[184, 286]",321,5,4,0.00801729504019022
4HACA,0,"[184, 286]",321,5,5,0.008182556368410587
4HACA,0,"[184, 286]",321,5,6,0.007543329615145922
4HACA,0,"[184, 286]",321,5,7,0.008190330117940903
4HACA,0,"[184, 286]",321,5,8,0.007591396104544401
4HACA,0,"[184, 286]",321,5,9,0.007480936124920845
4HACA,0,"[184, 286]",321,5,10,0.007924429140985012
4HACA,0,"[184, 286]",321,5,11,0.005846962798386812
4HACA,0,"[184, 286]",321,5,12,0.006549905054271221
4HACA,0,"[184, 286]",321,5,13,0.006748801097273827
4HACA,0,"[184, 286]",321,5,14,0.006413936614990234
4HACA,0,"[184, 286]",321,5,15,0.006328443996608257
4HACA,0,"[184, 286]",321,5,16,0.006174585781991482
4HACA,0,"[184, 286]",321,5,17,0.005962274968624115
4HACA,0,"[184, 286]",321,5,18,0.00564288767054677
4HACA,0,"[184, 286]",321,5,19,0.005735413171350956
4HACA,0,"[184, 286]",321,5,20,0.005388462450355291
4HACA,0,"[184, 286]",321,5,21,0.006367946974933147
4HACA,0,"[184, 286]",321,5,22,0.006771167274564505
4HACA,0,"[184, 286]",321,5,23,0.006747717969119549
4HACA,0,"[184, 286]",321,5,24,0.007492310833185911
4HACA,0,"[184, 286]",321,5,25,0.008082897402346134
4HACA,0,"[184, 286]",321,5,26,0.008675086311995983
4HACA,0,"[184, 286]",321,5,27,0.00782936904579401
4HACA,0,"[184, 286]",321,5,28,0.7986992597579956
4HACA,0,"[184, 286]",321,5,29,0.7797571420669556
4HACA,0,"[184, 286]",321,5,30,0.782254695892334
4HACA,0,"[184, 286]",321,5,31,0.7683973908424377
4HESA,0,"[32, 243]",275,5,0,0.0059410398826003075
4HESA,0,"[32, 243]",275,5,1,0.006273510865867138
4HESA,0,"[32, 243]",275,5,2,0.005885499995201826
4HESA,0,"[32, 243]",275,5,3,0.006114906165748835
4HESA,0,"[32, 243]",275,5,4,0.006084768567234278
4HESA,0,"[32, 243]",275,5,5,0.005966422148048878
4HESA,0,"[32, 243]",275,5,6,0.006004372611641884
4HESA,0,"[32, 243]",275,5,7,0.006190164480358362
4HESA,0,"[32, 243]",275,5,8,0.00613149581477046
4HESA,0,"[32, 243]",275,5,9,0.006019099149852991
4HESA,0,"[32, 243]",275,5,10,0.005458660889416933
4HESA,0,"[32, 243]",275,5,11,0.005513040814548731
4HESA,0,"[32, 243]",275,5,12,0.005655321758240461
4HESA,0,"[32, 243]",275,5,13,0.006011428311467171
4HESA,0,"[32, 243]",275,5,14,0.005512225441634655
4HESA,0,"[32, 243]",275,5,15,0.005853976588696241
4HESA,0,"[32, 243]",275,5,16,0.011441693641245365
4HESA,0,"[32, 243]",275,5,17,0.019434500485658646
4HESA,0,"[32, 243]",275,5,18,0.027565782889723778
4HESA,0,"[32, 243]",275,5,19,0.012633899226784706
4HESA,0,"[32, 243]",275,5,20,0.020715050399303436
4HESA,0,"[32, 243]",275,5,21,0.01743128150701523
4HESA,0,"[32, 243]",275,5,22,0.03725588321685791
4HESA,0,"[32, 243]",275,5,23,0.0385734885931015
4HESA,0,"[32, 243]",275,5,24,0.030447881668806076
4HESA,0,"[32, 243]",275,5,25,0.09908869117498398
4HESA,0,"[32, 243]",275,5,26,0.034387968480587006
4HESA,0,"[32, 243]",275,5,27,0.03916242718696594
4HESA,0,"[32, 243]",275,5,28,0.03916242718696594
4HESA,0,"[32, 243]",275,5,29,0.03916242718696594
4HESA,0,"[32, 243]",275,5,30,0.03916242718696594
4HESA,0,"[32, 243]",275,5,31,0.03916242718696594
4HESA,0,"[32, 243]",275,5,32,0.03916242718696594
4HESA,0,"[32, 243]",275,5,33,0.03916242718696594
4HESA,0,"[32, 243]",275,5,34,0.03916242718696594
4HESA,0,"[32, 243]",275,5,35,0.03916242718696594
4HESA,0,"[32, 243]",275,5,36,0.03916242718696594
4HESA,0,"[32, 243]",275,5,37,0.03916242718696594
4HESA,0,"[32, 243]",275,5,38,0.03916242718696594
4HESA,0,"[32, 243]",275,5,39,0.03916242718696594
4HESA,0,"[32, 243]",275,5,40,0.03916242718696594
4HESA,0,"[32, 243]",275,5,41,0.03916242718696594
4HESA,0,"[32, 243]",275,5,42,0.03916242718696594
4HESA,0,"[32, 243]",275,5,43,0.03916242718696594
4HESA,0,"[32, 243]",275,5,44,0.03916242718696594
4HESA,0,"[32, 243]",275,5,45,0.03916242718696594
4HESA,0,"[32, 243]",275,5,46,0.03916242718696594
4HESA,0,"[32, 243]",275,5,47,0.03916242718696594
4HESA,0,"[32, 243]",275,5,48,0.03916242718696594
4HESA,0,"[32, 243]",275,5,49,0.03916242718696594
4HESA,0,"[32, 243]",275,5,50,0.03916242718696594
4HESA,0,"[32, 243]",275,5,51,0.03916242718696594
4HESA,0,"[32, 243]",275,5,52,0.03916242718696594
4HESA,0,"[32, 243]",275,5,53,0.03916242718696594
4HESA,0,"[32, 243]",275,5,54,0.03916242718696594
4HESA,0,"[32, 243]",275,5,55,0.03916242718696594
4HESA,0,"[32, 243]",275,5,56,0.03916242718696594
4HESA,0,"[32, 243]",275,5,57,0.03916242718696594
4HESA,0,"[32, 243]",275,5,58,0.03916242718696594
4HESA,0,"[32, 243]",275,5,59,0.03916242718696594
4HESA,0,"[32, 243]",275,5,60,0.03916243091225624
4HZIA,0,"[63, 228]",294,5,0,0.00979909673333168
4HZIA,0,"[63, 228]",294,5,1,0.008892027661204338
4HZIA,0,"[63, 228]",294,5,2,0.007719587069004774
4HZIA,0,"[63, 228]",294,5,3,0.010017004795372486
4HZIA,0,"[63, 228]",294,5,4,0.007258858531713486
4HZIA,0,"[63, 228]",294,5,5,0.007205935660749674
4HZIA,0,"[63, 228]",294,5,6,0.007559276185929775
4HZIA,0,"[63, 228]",294,5,7,0.007155034225434065
4HZIA,0,"[63, 228]",294,5,8,0.007176835089921951
4HZIA,0,"[63, 228]",294,5,9,0.007480991072952747
4HZIA,0,"[63, 228]",294,5,10,0.004954960197210312
4HZIA,0,"[63, 228]",294,5,11,0.00578264519572258
4HZIA,0,"[63, 228]",294,5,12,0.005492369178682566
4HZIA,0,"[63, 228]",294,5,13,0.004543599672615528
4HZIA,0,"[63, 228]",294,5,14,0.004894971381872892
4HZIA,0,"[63, 228]",294,5,15,0.005452441051602364
4HZIA,0,"[63, 228]",294,5,16,0.005455655511468649
4HZIA,0,"[63, 228]",294,5,17,0.004946427419781685
4HZIA,0,"[63, 228]",294,5,18,0.0055777630768716335
4HZIA,0,"[63, 228]",294,5,19,0.8543102741241455
4HZIA,0,"[63, 228]",294,5,20,0.8695618510246277
4HZIA,0,"[63, 228]",294,5,21,0.87957763671875
4HZIA,0,"[63, 228]",294,5,22,0.8514044880867004
4HZIA,0,"[63, 228]",294,5,23,0.8202370405197144
4I0WB,0,"[199, 310]",477,5,0,0.008343838155269623
4I0WB,0,"[199, 310]",477,5,1,0.00852283090353012
4I0WB,0,"[199, 310]",477,5,2,0.00804971531033516
4I0WB,0,"[199, 310]",477,5,3,0.008076047524809837
4I0WB,0,"[199, 310]",477,5,4,0.007766109891235828
4I0WB,0,"[199, 310]",477,5,5,0.007757770363241434
4I0WB,0,"[199, 310]",477,5,6,0.01188578736037016
4I0WB,0,"[199, 310]",477,5,7,0.008872700855135918
4I0WB,0,"[199, 310]",477,5,8,0.009129256941378117
4I0WB,0,"[199, 310]",477,5,9,0.009327886626124382
4I0WB,0,"[199, 310]",477,5,10,0.008756512776017189
4I0WB,0,"[199, 310]",477,5,11,0.009005097672343254
4I0WB,0,"[199, 310]",477,5,12,0.008719873614609241
4I0WB,0,"[199, 310]",477,5,13,0.007993577048182487
4I0WB,0,"[199, 310]",477,5,14,0.008331536315381527
4I0WB,0,"[199, 310]",477,5,15,0.008346795104444027
4I0WB,0,"[199, 310]",477,5,16,0.008301254361867905
4I0WB,0,"[199, 310]",477,5,17,0.009852277114987373
4I0WB,0,"[199, 310]",477,5,18,0.008163124322891235
4I0WB,0,"[199, 310]",477,5,19,0.008637110702693462
4I0WB,0,"[199, 310]",477,5,20,0.008211690001189709
4I0WB,0,"[199, 310]",477,5,21,0.008332272060215473
4I0WB,0,"[199, 310]",477,5,22,0.008609838783740997
4I0WB,0,"[199, 310]",477,5,23,0.008678928948938847
4I0WB,0,"[199, 310]",477,5,24,0.008360226638615131
4I0WB,0,"[199, 310]",477,5,25,0.008095743134617805
4I0WB,0,"[199, 310]",477,5,26,0.007909444160759449
4I0WB,0,"[199, 310]",477,5,27,0.008850157260894775
4I0WB,0,"[199, 310]",477,5,28,0.008933177217841148
4I0WB,0,"[199, 310]",477,5,29,0.0090565150603652
4I0WB,0,"[199, 310]",477,5,30,0.008362536318600178
4I0WB,0,"[199, 310]",477,5,31,0.008692841976881027
4I0WB,0,"[199, 310]",477,5,32,0.008059934712946415
4I0WB,0,"[199, 310]",477,5,33,0.008789476938545704
4I0WB,0,"[199, 310]",477,5,34,0.007970084436237812
4I0WB,0,"[199, 310]",477,5,35,0.008338093757629395
4I0WB,0,"[199, 310]",477,5,36,0.00782470591366291
4I0WB,0,"[199, 310]",477,5,37,0.007673251908272505
4I0WB,0,"[199, 310]",477,5,38,0.007726497016847134
4I0WB,0,"[199, 310]",477,5,39,0.00845789723098278
4I0WB,0,"[199, 310]",477,5,40,0.008089643903076649
4I0WB,0,"[199, 310]",477,5,41,0.008163471706211567
4I0WB,0,"[199, 310]",477,5,42,0.007997948676347733
4I0WB,0,"[199, 310]",477,5,43,0.007868004962801933
4I0WB,0,"[199, 310]",477,5,44,0.009119510650634766
4I0WB,0,"[199, 310]",477,5,45,0.008857465349137783
4I0WB,0,"[199, 310]",477,5,46,0.009767659939825535
4I0WB,0,"[199, 310]",477,5,47,0.008570143021643162
4I0WB,0,"[199, 310]",477,5,48,0.008058005012571812
4I0WB,0,"[199, 310]",477,5,49,0.015894927084445953
4I0WB,0,"[199, 310]",477,5,50,0.01774139516055584
4I0WB,0,"[199, 310]",477,5,51,0.018088942393660545
4I0WB,0,"[199, 310]",477,5,52,0.015637511387467384
4I0WB,0,"[199, 310]",477,5,53,0.01826419308781624
4I0WB,0,"[199, 310]",477,5,54,0.01769372820854187
4I0WB,0,"[199, 310]",477,5,55,0.02130318619310856
4I0WB,0,"[199, 310]",477,5,56,0.024563411250710487
4I0WB,0,"[199, 310]",477,5,57,0.018038908019661903
4I0WB,0,"[199, 310]",477,5,58,0.018978910520672798
4I0WB,0,"[199, 310]",477,5,59,0.022084226831793785
4I0WB,0,"[199, 310]",477,5,60,0.024081772193312645
4IJNA,0,"[207, 327]",398,5,0,0.006967747118324041
4IJNA,0,"[207, 327]",398,5,1,0.006403413601219654
4IJNA,0,"[207, 327]",398,5,2,0.006986311636865139
4IJNA,0,"[207, 327]",398,5,3,0.006350284442305565
4IJNA,0,"[207, 327]",398,5,4,0.007208059076219797
4IJNA,0,"[207, 327]",398,5,5,0.007480201311409473
4IJNA,0,"[207, 327]",398,5,6,0.006189047358930111
4IJNA,0,"[207, 327]",398,5,7,0.007010975386947393
4IJNA,0,"[207, 327]",398,5,8,0.006903114262968302
4IJNA,0,"[207, 327]",398,5,9,0.007067462895065546
4IJNA,0,"[207, 327]",398,5,10,0.007291026413440704
4IJNA,0,"[207, 327]",398,5,11,0.0071013616397976875
4IJNA,0,"[207, 327]",398,5,12,0.006542757619172335
4IJNA,0,"[207, 327]",398,5,13,0.006878711748868227
4IJNA,0,"[207, 327]",398,5,14,0.00669166911393404
4IJNA,0,"[207, 327]",398,5,15,0.007249096874147654
4IJNA,0,"[207, 327]",398,5,16,0.007618223782628775
4IJNA,0,"[207, 327]",398,5,17,0.007655711378902197
4IJNA,0,"[207, 327]",398,5,18,0.008093319833278656
4IJNA,0,"[207, 327]",398,5,19,0.008274920284748077
4IJNA,0,"[207, 327]",398,5,20,0.007363401353359222
4IJNA,0,"[207, 327]",398,5,21,0.010669545270502567
4IJNA,0,"[207, 327]",398,5,22,0.006740158423781395
4IJNA,0,"[207, 327]",398,5,23,0.00725714722648263
4IJNA,0,"[207, 327]",398,5,24,0.0070746950805187225
4IJNA,0,"[207, 327]",398,5,25,0.006720617413520813
4IJNA,0,"[207, 327]",398,5,26,0.00909826997667551
4IJNA,0,"[207, 327]",398,5,27,0.0074724797159433365
4IJNA,0,"[207, 327]",398,5,28,0.006978052202612162
4IJNA,0,"[207, 327]",398,5,29,0.006177776958793402
4IJNA,0,"[207, 327]",398,5,30,0.006439719814807177
4IJNA,0,"[207, 327]",398,5,31,0.0064257122576236725
4IJNA,0,"[207, 327]",398,5,32,0.006293946877121925
4IJNA,0,"[207, 327]",398,5,33,0.006284805480390787
4IJNA,0,"[207, 327]",398,5,34,0.00760993966832757
4IJNA,0,"[207, 327]",398,5,35,0.006341374479234219
4IJNA,0,"[207, 327]",398,5,36,0.006869408767670393
4IJNA,0,"[207, 327]",398,5,37,0.006190007086843252
4IJNA,0,"[207, 327]",398,5,38,0.007744549307972193
4IJNA,0,"[207, 327]",398,5,39,0.007505800575017929
4IJNA,0,"[207, 327]",398,5,40,0.007002771832048893
4IJNA,0,"[207, 327]",398,5,41,0.010504784062504768
4IJNA,0,"[207, 327]",398,5,42,0.010935990139842033
4IJNA,0,"[207, 327]",398,5,43,0.010555907152593136
4IJNA,0,"[207, 327]",398,5,44,0.01069487351924181
4IJNA,0,"[207, 327]",398,5,45,0.009680765680968761
4IJNA,0,"[207, 327]",398,5,46,0.010153930634260178
4IJNA,0,"[207, 327]",398,5,47,0.010394828394055367
4IJNA,0,"[207, 327]",398,5,48,0.010602091439068317
4IJNA,0,"[207, 327]",398,5,49,0.010816848836839199
4IJNA,0,"[207, 327]",398,5,50,0.010415056720376015
4IJNA,0,"[207, 327]",398,5,51,0.010575737804174423
4IJNA,0,"[207, 327]",398,5,52,0.011296305805444717
4IJNA,0,"[207, 327]",398,5,53,0.2715553641319275
4IJNA,0,"[207, 327]",398,5,54,0.50325608253479
4IJNA,0,"[207, 327]",398,5,55,0.7416694164276123
4IJNA,0,"[207, 327]",398,5,56,0.8597075343132019
4IJNA,0,"[207, 327]",398,5,57,0.8986127376556396
4IJNA,0,"[207, 327]",398,5,58,0.9283762574195862
4IJNA,0,"[207, 327]",398,5,59,0.93392014503479
4IJNA,0,"[207, 327]",398,5,60,0.9467169642448425
4KAVA,0,"[25, 166]",335,5,0,0.006526146084070206
4KAVA,0,"[25, 166]",335,5,1,0.008067869581282139
4KAVA,0,"[25, 166]",335,5,2,0.007763344328850508
4KAVA,0,"[25, 166]",335,5,3,0.009510941803455353
4KAVA,0,"[25, 166]",335,5,4,0.007568674627691507
4KAVA,0,"[25, 166]",335,5,5,0.00835491344332695
4KAVA,0,"[25, 166]",335,5,6,0.008085716515779495
4KAVA,0,"[25, 166]",335,5,7,0.007855067029595375
4KAVA,0,"[25, 166]",335,5,8,0.007272650487720966
4KAVA,0,"[25, 166]",335,5,9,0.007464272435754538
4KAVA,0,"[25, 166]",335,5,10,0.007225407287478447
4KAVA,0,"[25, 166]",335,5,11,0.007355221547186375
4KAVA,0,"[25, 166]",335,5,12,0.007768298964947462
4KAVA,0,"[25, 166]",335,5,13,0.006138525437563658
4KAVA,0,"[25, 166]",335,5,14,0.006627308204770088
4KAVA,0,"[25, 166]",335,5,15,0.006437108386307955
4KAVA,0,"[25, 166]",335,5,16,0.007374095730483532
4KAVA,0,"[25, 166]",335,5,17,0.024273138493299484
4KAVA,0,"[25, 166]",335,5,18,0.2235237956047058
4KAVA,0,"[25, 166]",335,5,19,0.15917974710464478
4KAVA,0,"[25, 166]",335,5,20,0.08816157281398773
4KAVA,0,"[25, 166]",335,5,21,0.055212266743183136
4KAVA,0,"[25, 166]",335,5,22,0.05896885693073273
4KAVA,0,"[25, 166]",335,5,23,0.04632925987243652
4KAVA,0,"[25, 166]",335,5,24,0.03568398207426071
4KAVA,0,"[25, 166]",335,5,25,0.03646335378289223
4KAVA,0,"[25, 166]",335,5,26,0.03024536371231079
4KAVA,0,"[25, 166]",335,5,27,0.043466415256261826
4KAVA,0,"[25, 166]",335,5,28,0.02559152990579605
4KAVA,0,"[25, 166]",335,5,29,0.0376167967915535
4KAVA,0,"[25, 166]",335,5,30,0.043933793902397156
4KAVA,0,"[25, 166]",335,5,31,0.05934038385748863
4KAVA,0,"[25, 166]",335,5,32,0.07349788397550583
4KAVA,0,"[25, 166]",335,5,33,0.05098946392536163
4KAVA,0,"[25, 166]",335,5,34,0.05180726945400238
4KAVA,0,"[25, 166]",335,5,35,0.05204932391643524
4KAVA,0,"[25, 166]",335,5,36,0.08905299752950668
4KAVA,0,"[25, 166]",335,5,37,0.07567872107028961
4KAVA,0,"[25, 166]",335,5,38,0.08948568999767303
4KAVA,0,"[25, 166]",335,5,39,0.12170746922492981
4KAVA,0,"[25, 166]",335,5,40,0.10784129798412323
4KAVA,0,"[25, 166]",335,5,41,0.07541023194789886
4KAVA,0,"[25, 166]",335,5,42,0.10631021112203598
4KAVA,0,"[25, 166]",335,5,43,0.11121771484613419
4KAVA,0,"[25, 166]",335,5,44,0.1410769373178482
4KAVA,0,"[25, 166]",335,5,45,0.1780625879764557
4KAVA,0,"[25, 166]",335,5,46,0.18546675145626068
4KAVA,0,"[25, 166]",335,5,47,0.015029924921691418
4KAVA,0,"[25, 166]",335,5,48,0.01332093495875597
4KAVA,0,"[25, 166]",335,5,49,0.009117254056036472
4KAVA,0,"[25, 166]",335,5,50,0.008985848166048527
4KAVA,0,"[25, 166]",335,5,51,0.02588842250406742
4KAVA,0,"[25, 166]",335,5,52,0.23606160283088684
4KAVA,0,"[25, 166]",335,5,53,0.1865355670452118
4KAVA,0,"[25, 166]",335,5,54,0.2584053575992584
4KAVA,0,"[25, 166]",335,5,55,0.3361167013645172
4KAVA,0,"[25, 166]",335,5,56,0.3906978666782379
4KAVA,0,"[25, 166]",335,5,57,0.35256427526474
4KAVA,0,"[25, 166]",335,5,58,0.33746474981307983
4KAVA,0,"[25, 166]",335,5,59,0.3236422538757324
4KAVA,0,"[25, 166]",335,5,60,0.39714232087135315
4L2IA,0,"[73, 187]",346,5,0,0.00720294238999486
4L2IA,0,"[73, 187]",346,5,1,0.006832483224570751
4L2IA,0,"[73, 187]",346,5,2,0.005567830055952072
4L2IA,0,"[73, 187]",346,5,3,0.006461636163294315
4L2IA,0,"[73, 187]",346,5,4,0.008150653913617134
4L2IA,0,"[73, 187]",346,5,5,0.008218187838792801
4L2IA,0,"[73, 187]",346,5,6,0.008210217580199242
4L2IA,0,"[73, 187]",346,5,7,0.007930945605039597
4L2IA,0,"[73, 187]",346,5,8,0.0074876174330711365
4L2IA,0,"[73, 187]",346,5,9,0.008982330560684204
4L2IA,0,"[73, 187]",346,5,10,0.008121572434902191
4L2IA,0,"[73, 187]",346,5,11,0.007415505591779947
4L2IA,0,"[73, 187]",346,5,12,0.006453089416027069
4L2IA,0,"[73, 187]",346,5,13,0.008556323125958443
4L2IA,0,"[73, 187]",346,5,14,0.006335635669529438
4L2IA,0,"[73, 187]",346,5,15,0.008947227150201797
4L2IA,0,"[73, 187]",346,5,16,0.01029837317764759
4L2IA,0,"[73, 187]",346,5,17,0.006969802547246218
4L2IA,0,"[73, 187]",346,5,18,0.006692037917673588
4L2IA,0,"[73, 187]",346,5,19,0.006506225559860468
4L2IA,0,"[73, 187]",346,5,20,0.00644127931445837
4L2IA,0,"[73, 187]",346,5,21,0.00790287647396326
4L2IA,0,"[73, 187]",346,5,22,0.006341481115669012
4L2IA,0,"[73, 187]",346,5,23,0.007051160093396902
4L2IA,0,"[73, 187]",346,5,24,0.006565675605088472
4L2IA,0,"[73, 187]",346,5,25,0.006778102368116379
4L2IA,0,"[73, 187]",346,5,26,0.01845594309270382
4L2IA,0,"[73, 187]",346,5,27,0.014269178733229637
4L2IA,0,"[73, 187]",346,5,28,0.013746143318712711
4L2IA,0,"[73, 187]",346,5,29,0.012556263245642185
4L2IA,0,"[73, 187]",346,5,30,0.013428468257188797
4L2IA,0,"[73, 187]",346,5,31,0.011339706368744373
4L2IA,0,"[73, 187]",346,5,32,0.011572116985917091
4L2IA,0,"[73, 187]",346,5,33,0.009653249755501747
4L2IA,0,"[73, 187]",346,5,34,0.01098884828388691
4L2IA,0,"[73, 187]",346,5,35,0.03944707289338112
4L2IA,0,"[73, 187]",346,5,36,0.1904747188091278
4L2IA,0,"[73, 187]",346,5,37,0.4794633984565735
4L2IA,0,"[73, 187]",346,5,38,0.5588315725326538
4L2IA,0,"[73, 187]",346,5,39,0.4031142294406891
4L2IA,0,"[73, 187]",346,5,40,0.30833205580711365
4L2IA,0,"[73, 187]",346,5,41,0.3303987681865692
4L2IA,0,"[73, 187]",346,5,42,0.25549623370170593
4L2IA,0,"[73, 187]",346,5,43,0.4082270860671997
4L2IA,0,"[73, 187]",346,5,44,0.25979334115982056
4L2IA,0,"[73, 187]",346,5,45,0.4555255174636841
4L2IA,0,"[73, 187]",346,5,46,0.3778862953186035
4L2IA,0,"[73, 187]",346,5,47,0.08151818066835403
4L2IA,0,"[73, 187]",346,5,48,0.24401283264160156
4L2IA,0,"[73, 187]",346,5,49,0.7252290844917297
4L2IA,0,"[73, 187]",346,5,50,0.730833113193512
4L2IA,0,"[73, 187]",346,5,51,0.702228844165802
4L2IA,0,"[73, 187]",346,5,52,0.617691159248352
4L2IA,0,"[73, 187]",346,5,53,0.739721953868866
4L2IA,0,"[73, 187]",346,5,54,0.7537935972213745
4L2IA,0,"[73, 187]",346,5,55,0.7589333653450012
4L2IA,0,"[73, 187]",346,5,56,0.8052040338516235
4L2IA,0,"[73, 187]",346,5,57,0.7879851460456848
4L2IA,0,"[73, 187]",346,5,58,0.7715298533439636
4L2IA,0,"[73, 187]",346,5,59,0.7610055208206177
4L2IA,0,"[73, 187]",346,5,60,0.7397522926330566
4ME3A,0,"[126, 238]",268,5,0,0.005712104495614767
4ME3A,0,"[126, 238]",268,5,1,0.005577124189585447
4ME3A,0,"[126, 238]",268,5,2,0.006182670593261719
4ME3A,0,"[126, 238]",268,5,3,0.006365837994962931
4ME3A,0,"[126, 238]",268,5,4,0.007247961591929197
4ME3A,0,"[126, 238]",268,5,5,0.007936139591038227
4ME3A,0,"[126, 238]",268,5,6,0.007805593311786652
4ME3A,0,"[126, 238]",268,5,7,0.007905139587819576
4ME3A,0,"[126, 238]",268,5,8,0.006804048083722591
4ME3A,0,"[126, 238]",268,5,9,0.006317558232694864
4ME3A,0,"[126, 238]",268,5,10,0.0071265618316829205
4ME3A,0,"[126, 238]",268,5,11,0.007642456796020269
4ME3A,0,"[126, 238]",268,5,12,0.006930224597454071
4ME3A,0,"[126, 238]",268,5,13,0.006475420668721199
4ME3A,0,"[126, 238]",268,5,14,0.006812220439314842
4ME3A,0,"[126, 238]",268,5,15,0.006631142925471067
4ME3A,0,"[126, 238]",268,5,16,0.006928103044629097
4ME3A,0,"[126, 238]",268,5,17,0.006900811102241278
4ME3A,0,"[126, 238]",268,5,18,0.006343713495880365
4ME3A,0,"[126, 238]",268,5,19,0.004936662036925554
4ME3A,0,"[126, 238]",268,5,20,0.07964286208152771
4ME3A,0,"[126, 238]",268,5,21,0.10051058977842331
4ME3A,0,"[126, 238]",268,5,22,0.1534593105316162
4ME3A,0,"[126, 238]",268,5,23,0.14467935264110565
4ME3A,0,"[126, 238]",268,5,24,0.19850346446037292
4ME3A,0,"[126, 238]",268,5,25,0.1942785531282425
4ME3A,0,"[126, 238]",268,5,26,0.1960969716310501
4ME3A,0,"[126, 238]",268,5,27,0.1819296032190323
4ME3A,0,"[126, 238]",268,5,28,0.17292553186416626
4ME3A,0,"[126, 238]",268,5,29,0.1803465038537979
4ME3A,0,"[126, 238]",268,5,30,0.18061049282550812
4ME3A,0,"[126, 238]",268,5,31,0.176540806889534
4ME3A,0,"[126, 238]",268,5,32,0.18332336843013763
4ME3A,0,"[126, 238]",268,5,33,0.17438076436519623
4ME3A,0,"[126, 238]",268,5,34,0.17657512426376343
4ME3A,0,"[126, 238]",268,5,35,0.1607511192560196
4ME3A,0,"[126, 238]",268,5,36,0.18750615417957306
4ME3A,0,"[126, 238]",268,5,37,0.179183691740036
4ME3A,0,"[126, 238]",268,5,38,0.16445326805114746
4ME3A,0,"[126, 238]",268,5,39,0.18334351480007172
4ME3A,0,"[126, 238]",268,5,40,0.186537966132164
4ME3A,0,"[126, 238]",268,5,41,0.1645507514476776
4ME3A,0,"[126, 238]",268,5,42,0.16035577654838562
4ME3A,0,"[126, 238]",268,5,43,0.18074816465377808
4ME3A,0,"[126, 238]",268,5,44,0.21313729882240295
4ME3A,0,"[126, 238]",268,5,45,0.23279237747192383
4ME3A,0,"[126, 238]",268,5,46,0.29532623291015625
4ME3A,0,"[126, 238]",268,5,47,0.32042068243026733
4ME3A,0,"[126, 238]",268,5,48,0.33987051248550415
4ME3A,0,"[126, 238]",268,5,49,0.31947681307792664
4ME3A,0,"[126, 238]",268,5,50,0.2765384614467621
4ME3A,0,"[126, 238]",268,5,51,0.3027832508087158
4ME3A,0,"[126, 238]",268,5,52,0.327745646238327
4ME3A,0,"[126, 238]",268,5,53,0.5284504890441895
4ME3A,0,"[126, 238]",268,5,54,0.5217321515083313
4ME3A,0,"[126, 238]",268,5,55,0.5185567736625671
4ME3A,0,"[126, 238]",268,5,56,0.5612327456474304
4ME3A,0,"[126, 238]",268,5,57,0.5716953277587891
4ME3A,0,"[126, 238]",268,5,58,0.6311227679252625
4ME3A,0,"[126, 238]",268,5,59,0.7682578563690186
4ME3A,0,"[126, 238]",268,5,60,0.7423752546310425
4MFIA,0,"[157, 288]",436,5,0,0.006662310566753149
4MFIA,0,"[157, 288]",436,5,1,0.006360908504575491
4MFIA,0,"[157, 288]",436,5,2,0.006224258802831173
4MFIA,0,"[157, 288]",436,5,3,0.006376315373927355
4MFIA,0,"[157, 288]",436,5,4,0.0062804752960801125
4MFIA,0,"[157, 288]",436,5,5,0.006065858528017998
4MFIA,0,"[157, 288]",436,5,6,0.006299956701695919
4MFIA,0,"[157, 288]",436,5,7,0.0069502852857112885
4MFIA,0,"[157, 288]",436,5,8,0.006998665630817413
4MFIA,0,"[157, 288]",436,5,9,0.007044156547635794
4MFIA,0,"[157, 288]",436,5,10,0.007080902345478535
4MFIA,0,"[157, 288]",436,5,11,0.0068013486452400684
4MFIA,0,"[157, 288]",436,5,12,0.0070727914571762085
4MFIA,0,"[157, 288]",436,5,13,0.006712222006171942
4MFIA,0,"[157, 288]",436,5,14,0.006695709656924009
4MFIA,0,"[157, 288]",436,5,15,0.006505133584141731
4MFIA,0,"[157, 288]",436,5,16,0.006468300241976976
4MFIA,0,"[157, 288]",436,5,17,0.006884027738124132
4MFIA,0,"[157, 288]",436,5,18,0.006715991068631411
4MFIA,0,"[157, 288]",436,5,19,0.006920318119227886
4MFIA,0,"[157, 288]",436,5,20,0.007391999009996653
4MFIA,0,"[157, 288]",436,5,21,0.007345539052039385
4MFIA,0,"[157, 288]",436,5,22,0.007183369714766741
4MFIA,0,"[157, 288]",436,5,23,0.006976975128054619
4MFIA,0,"[157, 288]",436,5,24,0.006971351802349091
4MFIA,0,"[157, 288]",436,5,25,0.006832923740148544
4MFIA,0,"[157, 288]",436,5,26,0.006715316791087389
4MFIA,0,"[157, 288]",436,5,27,0.006539900321513414
4MFIA,0,"[157, 288]",436,5,28,0.00668750936165452
4MFIA,0,"[157, 288]",436,5,29,0.006645589135587215
4MFIA,0,"[157, 288]",436,5,30,0.0062473732978105545
4MFIA,0,"[157, 288]",436,5,31,0.006257756147533655
4MFIA,0,"[157, 288]",436,5,32,0.006320926360785961
4MFIA,0,"[157, 288]",436,5,33,0.006440626457333565
4MFIA,0,"[157, 288]",436,5,34,0.006564614363014698
4MFIA,0,"[157, 288]",436,5,35,0.006904469802975655
4MFIA,0,"[157, 288]",436,5,36,0.006593319121748209
4MFIA,0,"[157, 288]",436,5,37,0.0066202436573803425
4MFIA,0,"[157, 288]",436,5,38,0.007073869463056326
4MFIA,0,"[157, 288]",436,5,39,0.007941794581711292
4MFIA,0,"[157, 288]",436,5,40,0.006346725393086672
4MFIA,0,"[157, 288]",436,5,41,0.9987501502037048
4MFIA,0,"[157, 288]",436,5,42,1.0046818256378174
4MFIA,0,"[157, 288]",436,5,43,0.9955371022224426
4MNRA,0,"[132, 427]",457,5,0,0.006024783477187157
4MNRA,0,"[132, 427]",457,5,1,0.005930338520556688
4MNRA,0,"[132, 427]",457,5,2,0.006515996064990759
4MNRA,0,"[132, 427]",457,5,3,0.006555086001753807
4MNRA,0,"[132, 427]",457,5,4,0.007406280841678381
4MNRA,0,"[132, 427]",457,5,5,0.006043265573680401
4MNRA,0,"[132, 427]",457,5,6,0.006680641323328018
4MNRA,0,"[132, 427]",457,5,7,0.006774242967367172
4MNRA,0,"[132, 427]",457,5,8,0.006328782998025417
4MNRA,0,"[132, 427]",457,5,9,0.0067618899047374725
4MNRA,0,"[132, 427]",457,5,10,0.006297765765339136
4MNRA,0,"[132, 427]",457,5,11,0.006259910296648741
4MNRA,0,"[132, 427]",457,5,12,0.006337307393550873
4MNRA,0,"[132, 427]",457,5,13,0.0065988716669380665
4MNRA,0,"[132, 427]",457,5,14,0.006386356428265572
4MNRA,0,"[132, 427]",457,5,15,0.006587363313883543
4MNRA,0,"[132, 427]",457,5,16,0.006440760567784309
4MNRA,0,"[132, 427]",457,5,17,0.006379620637744665
4MNRA,0,"[132, 427]",457,5,18,0.006557686720043421
4MNRA,0,"[132, 427]",457,5,19,0.006439195480197668
4MNRA,0,"[132, 427]",457,5,20,0.006811814848333597
4MNRA,0,"[132, 427]",457,5,21,0.006592074409127235
4MNRA,0,"[132, 427]",457,5,22,0.006876125931739807
4MNRA,0,"[132, 427]",457,5,23,0.006903885398060083
4MNRA,0,"[132, 427]",457,5,24,0.006784894969314337
4MNRA,0,"[132, 427]",457,5,25,0.006345273461192846
4MNRA,0,"[132, 427]",457,5,26,0.006584846414625645
4MNRA,0,"[132, 427]",457,5,27,0.006111539900302887
4MNRA,0,"[132, 427]",457,5,28,0.006521469447761774
4MNRA,0,"[132, 427]",457,5,29,0.006690434645861387
4MNRA,0,"[132, 427]",457,5,30,0.00739433616399765
4MNRA,0,"[132, 427]",457,5,31,0.005497501231729984
4MNRA,0,"[132, 427]",457,5,32,0.005640348885208368
4MNRA,0,"[132, 427]",457,5,33,0.005991308018565178
4MNRA,0,"[132, 427]",457,5,34,0.0061543183401227
4MNRA,0,"[132, 427]",457,5,35,0.006024056579917669
4MNRA,0,"[132, 427]",457,5,36,0.005474802106618881
4MNRA,0,"[132, 427]",457,5,37,0.005852507892996073
4MNRA,0,"[132, 427]",457,5,38,0.005802292842417955
4MNRA,0,"[132, 427]",457,5,39,0.005510940682142973
4MNRA,0,"[132, 427]",457,5,40,0.005758783780038357
4MNRA,0,"[132, 427]",457,5,41,0.005466233938932419
4MNRA,0,"[132, 427]",457,5,42,0.005573482718318701
4MNRA,0,"[132, 427]",457,5,43,0.005432270932942629
4MNRA,0,"[132, 427]",457,5,44,0.005367811303585768
4MNRA,0,"[132, 427]",457,5,45,0.00558069022372365
4MNRA,0,"[132, 427]",457,5,46,0.005521590355783701
4MNRA,0,"[132, 427]",457,5,47,0.005585189908742905
4MNRA,0,"[132, 427]",457,5,48,0.0055975341238081455
4MNRA,0,"[132, 427]",457,5,49,0.005713941995054483
4MNRA,0,"[132, 427]",457,5,50,0.005400707013905048
4MNRA,0,"[132, 427]",457,5,51,0.005834980867803097
4MNRA,0,"[132, 427]",457,5,52,0.006023810710757971
4MNRA,0,"[132, 427]",457,5,53,0.0061300694942474365
4MNRA,0,"[132, 427]",457,5,54,0.005941687151789665
4MNRA,0,"[132, 427]",457,5,55,0.005866759456694126
4MNRA,0,"[132, 427]",457,5,56,0.00571833411231637
4MNRA,0,"[132, 427]",457,5,57,0.005113431252539158
4MNRA,0,"[132, 427]",457,5,58,0.00530466390773654
4MNRA,0,"[132, 427]",457,5,59,1.0395488739013672
4MNRA,0,"[132, 427]",457,5,60,1.0162683725357056
4MX6A,0,"[57, 276]",346,5,0,0.005807504523545504
4MX6A,0,"[57, 276]",346,5,1,0.005380292423069477
4MX6A,0,"[57, 276]",346,5,2,0.005527063272893429
4MX6A,0,"[57, 276]",346,5,3,0.005756823346018791
4MX6A,0,"[57, 276]",346,5,4,0.0051163434982299805
4MX6A,0,"[57, 276]",346,5,5,0.005504117347300053
4MX6A,0,"[57, 276]",346,5,6,0.005542979575693607
4MX6A,0,"[57, 276]",346,5,7,0.005497123580425978
4MX6A,0,"[57, 276]",346,5,8,0.004969461355358362
4MX6A,0,"[57, 276]",346,5,9,0.004940973129123449
4MX6A,0,"[57, 276]",346,5,10,0.005165610928088427
4MX6A,0,"[57, 276]",346,5,11,0.005565450992435217
4MX6A,0,"[57, 276]",346,5,12,0.005387661047279835
4MX6A,0,"[57, 276]",346,5,13,0.005719712469726801
4MX6A,0,"[57, 276]",346,5,14,0.0055105723440647125
4MX6A,0,"[57, 276]",346,5,15,0.005792731419205666
4MX6A,0,"[57, 276]",346,5,16,0.0048851980827748775
4MX6A,0,"[57, 276]",346,5,17,0.0045488616451621056
4MX6A,0,"[57, 276]",346,5,18,0.004175118170678616
4MX6A,0,"[57, 276]",346,5,19,0.004273302387446165
4MX6A,0,"[57, 276]",346,5,20,0.004582476802170277
4MX6A,0,"[57, 276]",346,5,21,0.0047162603586912155
4MX6A,0,"[57, 276]",346,5,22,0.004764263518154621
4MX6A,0,"[57, 276]",346,5,23,0.006142185069620609
4MX6A,0,"[57, 276]",346,5,24,0.005421743728220463
4MX6A,0,"[57, 276]",346,5,25,0.013400573283433914
4MX6A,0,"[57, 276]",346,5,26,0.010181153193116188
4MX6A,0,"[57, 276]",346,5,27,0.011369411833584309
4MX6A,0,"[57, 276]",346,5,28,0.011130237020552158
4MX6A,0,"[57, 276]",346,5,29,0.1385217308998108
4MX6A,0,"[57, 276]",346,5,30,0.38244858384132385
4MX6A,0,"[57, 276]",346,5,31,0.3523816466331482
4MX6A,0,"[57, 276]",346,5,32,0.3850053548812866
4MX6A,0,"[57, 276]",346,5,33,0.501657247543335
4MX6A,0,"[57, 276]",346,5,34,0.405398964881897
4MX6A,0,"[57, 276]",346,5,35,0.3776948153972626
4MX6A,0,"[57, 276]",346,5,36,0.38426724076271057
4MX6A,0,"[57, 276]",346,5,37,0.4349099397659302
4MX6A,0,"[57, 276]",346,5,38,0.448198527097702
4MX6A,0,"[57, 276]",346,5,39,0.38964566588401794
4MX6A,0,"[57, 276]",346,5,40,0.5327684879302979
4MX6A,0,"[57, 276]",346,5,41,0.5400266051292419
4MX6A,0,"[57, 276]",346,5,42,0.4461481273174286
4MX6A,0,"[57, 276]",346,5,43,0.49931755661964417
4MX6A,0,"[57, 276]",346,5,44,0.5359374284744263
4MX6A,0,"[57, 276]",346,5,45,0.5383133888244629
4MX6A,0,"[57, 276]",346,5,46,0.5443898439407349
4MX6A,0,"[57, 276]",346,5,47,0.54119873046875
4MX6A,0,"[57, 276]",346,5,48,0.5582574605941772
4MX6A,0,"[57, 276]",346,5,49,0.602552056312561
4MX6A,0,"[57, 276]",346,5,50,0.5920295715332031
4MX6A,0,"[57, 276]",346,5,51,0.6396172046661377
4MX6A,0,"[57, 276]",346,5,52,0.6227030754089355
4MX6A,0,"[57, 276]",346,5,53,0.6392620801925659
4MX6A,0,"[57, 276]",346,5,54,0.6197018623352051
4MX6A,0,"[57, 276]",346,5,55,0.6143755316734314
4MX6A,0,"[57, 276]",346,5,56,0.5807116627693176
4MX6A,0,"[57, 276]",346,5,57,0.5051501393318176
4MX6A,0,"[57, 276]",346,5,58,0.518660306930542
4MX6A,0,"[57, 276]",346,5,59,0.5292251706123352
4MX6A,0,"[57, 276]",346,5,60,0.5346426367759705
4N13A,0,"[80, 226]",265,5,0,0.005831747781485319
4N13A,0,"[80, 226]",265,5,1,0.005898900795727968
4N13A,0,"[80, 226]",265,5,2,0.006439486984163523
4N13A,0,"[80, 226]",265,5,3,0.00632973900064826
4N13A,0,"[80, 226]",265,5,4,0.006240927614271641
4N13A,0,"[80, 226]",265,5,5,0.005751857068389654
4N13A,0,"[80, 226]",265,5,6,0.006843812298029661
4N13A,0,"[80, 226]",265,5,7,0.006721150130033493
4N13A,0,"[80, 226]",265,5,8,0.005540207494050264
4N13A,0,"[80, 226]",265,5,9,0.005825121887028217
4N13A,0,"[80, 226]",265,5,10,0.005791744217276573
4N13A,0,"[80, 226]",265,5,11,0.005642414558678865
4N13A,0,"[80, 226]",265,5,12,0.005053573753684759
4N13A,0,"[80, 226]",265,5,13,0.004786853678524494
4N13A,0,"[80, 226]",265,5,14,0.004737549927085638
4N13A,0,"[80, 226]",265,5,15,0.004302198067307472
4N13A,0,"[80, 226]",265,5,16,0.005450227297842503
4N13A,0,"[80, 226]",265,5,17,0.00574331684038043
4N13A,0,"[80, 226]",265,5,18,0.005357329733669758
4N13A,0,"[80, 226]",265,5,19,0.05649709329009056
4N13A,0,"[80, 226]",265,5,20,0.04276536405086517
4N13A,0,"[80, 226]",265,5,21,0.05304544046521187
4N13A,0,"[80, 226]",265,5,22,0.03974391520023346
4N13A,0,"[80, 226]",265,5,23,0.045975878834724426
4N13A,0,"[80, 226]",265,5,24,0.46461838483810425
4N13A,0,"[80, 226]",265,5,25,0.2967510521411896
4N13A,0,"[80, 226]",265,5,26,0.3041868805885315
4N13A,0,"[80, 226]",265,5,27,0.4646514654159546
4N13A,0,"[80, 226]",265,5,28,0.6710357666015625
4N13A,0,"[80, 226]",265,5,29,0.6074354648590088
4N13A,0,"[80, 226]",265,5,30,0.6593866348266602
4N13A,0,"[80, 226]",265,5,31,0.7569945454597473
4N13A,0,"[80, 226]",265,5,32,0.7070725560188293
4N13A,0,"[80, 226]",265,5,33,0.8729560375213623
4N13A,0,"[80, 226]",265,5,34,0.8001240491867065
4N13A,0,"[80, 226]",265,5,35,0.8816487193107605
4N13A,0,"[80, 226]",265,5,36,0.8799619078636169
4N13A,0,"[80, 226]",265,5,37,0.8972957730293274
4N13A,0,"[80, 226]",265,5,38,0.8880834579467773
4N13A,0,"[80, 226]",265,5,39,0.8916443586349487
4N13A,0,"[80, 226]",265,5,40,0.8886497020721436
4N13A,0,"[80, 226]",265,5,41,0.9370312690734863
4N13A,0,"[80, 226]",265,5,42,0.9341152906417847
4N13A,0,"[80, 226]",265,5,43,0.9797344207763672
4N13A,0,"[80, 226]",265,5,44,0.9580947160720825
4N13A,0,"[80, 226]",265,5,45,0.9429722428321838
4N13A,0,"[80, 226]",265,5,46,0.9476654529571533
4N13A,0,"[80, 226]",265,5,47,0.9575455188751221
4N13A,0,"[80, 226]",265,5,48,0.9803974032402039
4N13A,0,"[80, 226]",265,5,49,0.9829167127609253
4N13A,0,"[80, 226]",265,5,50,0.9948912262916565
4N13A,0,"[80, 226]",265,5,51,1.0012683868408203
4N13A,0,"[80, 226]",265,5,52,1.003835678100586
4N13A,0,"[80, 226]",265,5,53,1.0009825229644775
4N13A,0,"[80, 226]",265,5,54,0.996300995349884
4N13A,0,"[80, 226]",265,5,55,0.9962911009788513
4N13A,0,"[80, 226]",265,5,56,0.9916587471961975
4N13A,0,"[80, 226]",265,5,57,0.9859166741371155
4N13A,0,"[80, 226]",265,5,58,0.9901005625724792
4N13A,0,"[80, 226]",265,5,59,0.9837421178817749
4N13A,0,"[80, 226]",265,5,60,0.9876273274421692
4N91A,0,"[183, 308]",347,5,0,0.005570638924837112
4N91A,0,"[183, 308]",347,5,1,0.005625331774353981
4N91A,0,"[183, 308]",347,5,2,0.006556369364261627
4N91A,0,"[183, 308]",347,5,3,0.006750038824975491
4N91A,0,"[183, 308]",347,5,4,0.006609005853533745
4N91A,0,"[183, 308]",347,5,5,0.008004922419786453
4N91A,0,"[183, 308]",347,5,6,0.005425359588116407
4N91A,0,"[183, 308]",347,5,7,0.00506459129974246
4N91A,0,"[183, 308]",347,5,8,0.005780406761914492
4N91A,0,"[183, 308]",347,5,9,0.005785840097814798
4N91A,0,"[183, 308]",347,5,10,0.00611155666410923
4N91A,0,"[183, 308]",347,5,11,0.00516522629186511
4N91A,0,"[183, 308]",347,5,12,0.006889958865940571
4N91A,0,"[183, 308]",347,5,13,0.006917549297213554
4N91A,0,"[183, 308]",347,5,14,0.006420711055397987
4N91A,0,"[183, 308]",347,5,15,0.006502144038677216
4N91A,0,"[183, 308]",347,5,16,0.005410613026469946
4N91A,0,"[183, 308]",347,5,17,0.00568526703864336
4N91A,0,"[183, 308]",347,5,18,0.005339372903108597
4N91A,0,"[183, 308]",347,5,19,0.005816746037453413
4N91A,0,"[183, 308]",347,5,20,0.005611960310488939
4N91A,0,"[183, 308]",347,5,21,0.005337212700396776
4N91A,0,"[183, 308]",347,5,22,0.0049217464402318
4N91A,0,"[183, 308]",347,5,23,0.004926930647343397
4N91A,0,"[183, 308]",347,5,24,0.005164063069969416
4N91A,0,"[183, 308]",347,5,25,0.0052361078560352325
4N91A,0,"[183, 308]",347,5,26,0.005391974467784166
4N91A,0,"[183, 308]",347,5,27,0.006108194589614868
4N91A,0,"[183, 308]",347,5,28,0.0060593076050281525
4N91A,0,"[183, 308]",347,5,29,0.006435360759496689
4N91A,0,"[183, 308]",347,5,30,0.006684906780719757
4N91A,0,"[183, 308]",347,5,31,0.006457451265305281
4N91A,0,"[183, 308]",347,5,32,0.7802600860595703
4N91A,0,"[183, 308]",347,5,33,0.8655798435211182
4N91A,0,"[183, 308]",347,5,34,0.8452186584472656
4N91A,0,"[183, 308]",347,5,35,0.8655273914337158
4N9WA,0,"[214, 325]",390,5,0,0.006482955999672413
4N9WA,0,"[214, 325]",390,5,1,0.004723291844129562
4N9WA,0,"[214, 325]",390,5,2,0.006419904995709658
4N9WA,0,"[214, 325]",390,5,3,0.005717829335480928
4N9WA,0,"[214, 325]",390,5,4,0.004787334706634283
4N9WA,0,"[214, 325]",390,5,5,0.005372261628508568
4N9WA,0,"[214, 325]",390,5,6,0.005270335357636213
4N9WA,0,"[214, 325]",390,5,7,0.005696972832083702
4N9WA,0,"[214, 325]",390,5,8,0.006453233305364847
4N9WA,0,"[214, 325]",390,5,9,0.0063308775424957275
4N9WA,0,"[214, 325]",390,5,10,0.0067484318278729916
4N9WA,0,"[214, 325]",390,5,11,0.007355695590376854
4N9WA,0,"[214, 325]",390,5,12,0.006417071912437677
4N9WA,0,"[214, 325]",390,5,13,0.007863353006541729
4N9WA,0,"[214, 325]",390,5,14,0.005700439214706421
4N9WA,0,"[214, 325]",390,5,15,0.00550974253565073
4N9WA,0,"[214, 325]",390,5,16,0.005289248190820217
4N9WA,0,"[214, 325]",390,5,17,0.0070756953209638596
4N9WA,0,"[214, 325]",390,5,18,0.009220368228852749
4N9WA,0,"[214, 325]",390,5,19,0.005891669075936079
4N9WA,0,"[214, 325]",390,5,20,0.006155254784971476
4N9WA,0,"[214, 325]",390,5,21,0.007200558204203844
4N9WA,0,"[214, 325]",390,5,22,0.006390012335032225
4N9WA,0,"[214, 325]",390,5,23,0.005756587255746126
4N9WA,0,"[214, 325]",390,5,24,0.007507906761020422
4N9WA,0,"[214, 325]",390,5,25,0.006834855768829584
4N9WA,0,"[214, 325]",390,5,26,0.006039755418896675
4N9WA,0,"[214, 325]",390,5,27,0.006389884743839502
4N9WA,0,"[214, 325]",390,5,28,0.006095831282436848
4N9WA,0,"[214, 325]",390,5,29,0.006074823904782534
4N9WA,0,"[214, 325]",390,5,30,0.005870867054909468
4N9WA,0,"[214, 325]",390,5,31,0.006303204223513603
4N9WA,0,"[214, 325]",390,5,32,0.007995674386620522
4N9WA,0,"[214, 325]",390,5,33,0.006566853262484074
4N9WA,0,"[214, 325]",390,5,34,0.007122942712157965
4N9WA,0,"[214, 325]",390,5,35,0.0065955426543951035
4N9WA,0,"[214, 325]",390,5,36,0.0064339409582316875
4N9WA,0,"[214, 325]",390,5,37,0.006285917013883591
4N9WA,0,"[214, 325]",390,5,38,0.923696756362915
4N9WA,0,"[214, 325]",390,5,39,0.9250507354736328
4N9WA,0,"[214, 325]",390,5,40,0.9391739368438721
4N9WA,0,"[214, 325]",390,5,41,0.934094250202179
4N9WA,0,"[214, 325]",390,5,42,0.9222652912139893
4N9WA,0,"[214, 325]",390,5,43,0.9268553256988525
4NN3A,0,"[49, 269]",357,5,0,0.005326299462467432
4NN3A,0,"[49, 269]",357,5,1,0.006075650453567505
4NN3A,0,"[49, 269]",357,5,2,0.005383739713579416
4NN3A,0,"[49, 269]",357,5,3,0.004990570712834597
4NN3A,0,"[49, 269]",357,5,4,0.006182465236634016
4NN3A,0,"[49, 269]",357,5,5,0.005271547473967075
4NN3A,0,"[49, 269]",357,5,6,0.004689107183367014
4NN3A,0,"[49, 269]",357,5,7,0.005492002237588167
4NN3A,0,"[49, 269]",357,5,8,0.00536878127604723
4NN3A,0,"[49, 269]",357,5,9,0.0052286721765995026
4NN3A,0,"[49, 269]",357,5,10,0.005174717865884304
4NN3A,0,"[49, 269]",357,5,11,0.004752920940518379
4NN3A,0,"[49, 269]",357,5,12,0.00471092201769352
4NN3A,0,"[49, 269]",357,5,13,0.004322009161114693
4NN3A,0,"[49, 269]",357,5,14,0.004923661705106497
4NN3A,0,"[49, 269]",357,5,15,0.004898201674222946
4NN3A,0,"[49, 269]",357,5,16,0.005145172122865915
4NN3A,0,"[49, 269]",357,5,17,0.00500578572973609
4NN3A,0,"[49, 269]",357,5,18,0.005039441864937544
4NN3A,0,"[49, 269]",357,5,19,0.005018466617912054
4NN3A,0,"[49, 269]",357,5,20,0.005035610869526863
4NN3A,0,"[49, 269]",357,5,21,0.005132609978318214
4NN3A,0,"[49, 269]",357,5,22,0.005324921105057001
4NN3A,0,"[49, 269]",357,5,23,0.00544587429612875
4NN3A,0,"[49, 269]",357,5,24,0.005938319955021143
4NN3A,0,"[49, 269]",357,5,25,0.005376934539526701
4NN3A,0,"[49, 269]",357,5,26,0.00872092042118311
4NN3A,0,"[49, 269]",357,5,27,0.008390255272388458
4NN3A,0,"[49, 269]",357,5,28,0.008423993363976479
4NN3A,0,"[49, 269]",357,5,29,0.008063940331339836
4NN3A,0,"[49, 269]",357,5,30,0.007773933466523886
4NN3A,0,"[49, 269]",357,5,31,0.007488949690014124
4NN3A,0,"[49, 269]",357,5,32,0.007345506921410561
4NN3A,0,"[49, 269]",357,5,33,0.0075755249708890915
4NN3A,0,"[49, 269]",357,5,34,0.007797837723046541
4NN3A,0,"[49, 269]",357,5,35,0.0074648731388151646
4NN3A,0,"[49, 269]",357,5,36,0.007230387534946203
4NN3A,0,"[49, 269]",357,5,37,0.007115901913493872
4NN3A,0,"[49, 269]",357,5,38,0.007111597340553999
4NN3A,0,"[49, 269]",357,5,39,0.007531424984335899
4NN3A,0,"[49, 269]",357,5,40,0.007451724261045456
4NN3A,0,"[49, 269]",357,5,41,0.0073280176147818565
4NN3A,0,"[49, 269]",357,5,42,0.006663444917649031
4NN3A,0,"[49, 269]",357,5,43,0.007018831092864275
4NN3A,0,"[49, 269]",357,5,44,0.006887179333716631
4NN3A,0,"[49, 269]",357,5,45,0.0070765214040875435
4NN3A,0,"[49, 269]",357,5,46,0.00698877451941371
4NN3A,0,"[49, 269]",357,5,47,0.0069277300499379635
4NN3A,0,"[49, 269]",357,5,48,0.007017017807811499
4NN3A,0,"[49, 269]",357,5,49,0.006984680891036987
4NN3A,0,"[49, 269]",357,5,50,0.007067840080708265
4NN3A,0,"[49, 269]",357,5,51,0.006766431499272585
4NN3A,0,"[49, 269]",357,5,52,0.006809601094573736
4NN3A,0,"[49, 269]",357,5,53,0.006556701846420765
4NN3A,0,"[49, 269]",357,5,54,0.006704017054289579
4NN3A,0,"[49, 269]",357,5,55,0.0065775467082858086
4NN3A,0,"[49, 269]",357,5,56,0.006452625151723623
4NN3A,0,"[49, 269]",357,5,57,0.006415349896997213
4NN3A,0,"[49, 269]",357,5,58,0.00651070661842823
4NN3A,0,"[49, 269]",357,5,59,0.006467786617577076
4NN3A,0,"[49, 269]",357,5,60,0.006494191009551287
4NTDA,0,"[34, 135]",340,5,0,0.009173432365059853
4NTDA,0,"[34, 135]",340,5,1,0.009217734448611736
4NTDA,0,"[34, 135]",340,5,2,0.009909164160490036
4NTDA,0,"[34, 135]",340,5,3,0.009816116653382778
4NTDA,0,"[34, 135]",340,5,4,0.008654394187033176
4NTDA,0,"[34, 135]",340,5,5,0.007982078939676285
4NTDA,0,"[34, 135]",340,5,6,0.0088648721575737
4NTDA,0,"[34, 135]",340,5,7,0.008922594599425793
4NTDA,0,"[34, 135]",340,5,8,0.008185479789972305
4NTDA,0,"[34, 135]",340,5,9,0.008116962388157845
4NTDA,0,"[34, 135]",340,5,10,0.009315782226622105
4NTDA,0,"[34, 135]",340,5,11,0.008370056748390198
4NTDA,0,"[34, 135]",340,5,12,0.008480907417833805
4NTDA,0,"[34, 135]",340,5,13,0.008277861401438713
4NTDA,0,"[34, 135]",340,5,14,0.008624905720353127
4NTDA,0,"[34, 135]",340,5,15,0.008725220337510109
4NTDA,0,"[34, 135]",340,5,16,0.008444555103778839
4NTDA,0,"[34, 135]",340,5,17,0.00826000701636076
4NTDA,0,"[34, 135]",340,5,18,0.008336805738508701
4NTDA,0,"[34, 135]",340,5,19,0.008028192445635796
4NTDA,0,"[34, 135]",340,5,20,0.008333772420883179
4NTDA,0,"[34, 135]",340,5,21,0.9408831000328064
4NTDA,0,"[34, 135]",340,5,22,0.9521665573120117
4NTDA,0,"[34, 135]",340,5,23,0.9512385129928589
4O5FA,0,"[142, 245]",280,5,0,0.005556230898946524
4O5FA,0,"[142, 245]",280,5,1,0.00792624056339264
4O5FA,0,"[142, 245]",280,5,2,0.00541670760139823
4O5FA,0,"[142, 245]",280,5,3,0.005158651154488325
4O5FA,0,"[142, 245]",280,5,4,0.0066784461960196495
4O5FA,0,"[142, 245]",280,5,5,0.005799163598567247
4O5FA,0,"[142, 245]",280,5,6,0.007233371026813984
4O5FA,0,"[142, 245]",280,5,7,0.006665928289294243
4O5FA,0,"[142, 245]",280,5,8,0.006947819143533707
4O5FA,0,"[142, 245]",280,5,9,0.006796067114919424
4O5FA,0,"[142, 245]",280,5,10,0.006839848589152098
4O5FA,0,"[142, 245]",280,5,11,0.006418485660105944
4O5FA,0,"[142, 245]",280,5,12,0.005854470189660788
4O5FA,0,"[142, 245]",280,5,13,0.005968712270259857
4O5FA,0,"[142, 245]",280,5,14,0.006155319511890411
4O5FA,0,"[142, 245]",280,5,15,0.006049792747944593
4O5FA,0,"[142, 245]",280,5,16,0.005706199444830418
4O5FA,0,"[142, 245]",280,5,17,0.006159055978059769
4O5FA,0,"[142, 245]",280,5,18,0.005607242695987225
4O5FA,0,"[142, 245]",280,5,19,0.006208439357578754
4O5FA,0,"[142, 245]",280,5,20,0.008037596009671688
4O5FA,0,"[142, 245]",280,5,21,0.006024537608027458
4O5FA,0,"[142, 245]",280,5,22,0.005946447607129812
4O5FA,0,"[142, 245]",280,5,23,0.007222214713692665
4O5FA,0,"[142, 245]",280,5,24,1.0395724773406982
4O5FA,0,"[142, 245]",280,5,25,1.0644011497497559
4O5FA,0,"[142, 245]",280,5,26,1.0631870031356812
4O5FA,0,"[142, 245]",280,5,27,1.0591468811035156
4O5OA,0,"[29, 236]",263,5,0,0.005525872111320496
4O5OA,0,"[29, 236]",263,5,1,0.00429184827953577
4O5OA,0,"[29, 236]",263,5,2,0.004183724522590637
4O5OA,0,"[29, 236]",263,5,3,0.004773634951561689
4O5OA,0,"[29, 236]",263,5,4,0.0043423534370958805
4O5OA,0,"[29, 236]",263,5,5,0.003881520126014948
4O5OA,0,"[29, 236]",263,5,6,0.004365074913948774
4O5OA,0,"[29, 236]",263,5,7,0.004727857653051615
4O5OA,0,"[29, 236]",263,5,8,0.00403461791574955
4O5OA,0,"[29, 236]",263,5,9,0.00548835564404726
4O5OA,0,"[29, 236]",263,5,10,0.005563414189964533
4O5OA,0,"[29, 236]",263,5,11,0.005177158396691084
4O5OA,0,"[29, 236]",263,5,12,0.005849558860063553
4O5OA,0,"[29, 236]",263,5,13,0.005966696422547102
4O5OA,0,"[29, 236]",263,5,14,0.006172152701765299
4O5OA,0,"[29, 236]",263,5,15,0.9098536372184753
4O5OA,0,"[29, 236]",263,5,16,0.942148745059967
4O5OA,0,"[29, 236]",263,5,17,0.9624711871147156
4O5OA,0,"[29, 236]",263,5,18,0.9782037734985352
4O5OA,0,"[29, 236]",263,5,19,0.9721783399581909
4O6VA,0,"[28, 214]",242,5,0,0.005401313304901123
4O6VA,0,"[28, 214]",242,5,1,0.005006090272217989
4O6VA,0,"[28, 214]",242,5,2,0.005837514065206051
4O6VA,0,"[28, 214]",242,5,3,0.0057923682034015656
4O6VA,0,"[28, 214]",242,5,4,0.00598379410803318
4O6VA,0,"[28, 214]",242,5,5,0.006349378265440464
4O6VA,0,"[28, 214]",242,5,6,0.005166752729564905
4O6VA,0,"[28, 214]",242,5,7,0.0047638569958508015
4O6VA,0,"[28, 214]",242,5,8,0.004629490431398153
4O6VA,0,"[28, 214]",242,5,9,0.004898977931588888
4O6VA,0,"[28, 214]",242,5,10,0.00482300017029047
4O6VA,0,"[28, 214]",242,5,11,0.004806680139154196
4O6VA,0,"[28, 214]",242,5,12,0.005041445139795542
4O6VA,0,"[28, 214]",242,5,13,0.00632496876642108
4O6VA,0,"[28, 214]",242,5,14,1.0142778158187866
4O6VA,0,"[28, 214]",242,5,15,1.0072076320648193
4O6VA,0,"[28, 214]",242,5,16,1.0077415704727173
4O6VA,0,"[28, 214]",242,5,17,1.0001646280288696
4O6VA,0,"[28, 214]",242,5,18,1.0011701583862305
4O6VA,0,"[28, 214]",242,5,19,0.9999421834945679
4OEVA,0,"[234, 462]",494,5,0,0.009772407822310925
4OEVA,0,"[234, 462]",494,5,1,0.009820705279707909
4OEVA,0,"[234, 462]",494,5,2,0.008911944925785065
4OEVA,0,"[234, 462]",494,5,3,0.008266977965831757
4OEVA,0,"[234, 462]",494,5,4,0.008136882446706295
4OEVA,0,"[234, 462]",494,5,5,0.008901974186301231
4OEVA,0,"[234, 462]",494,5,6,0.008987387642264366
4OEVA,0,"[234, 462]",494,5,7,0.008573849685490131
4OEVA,0,"[234, 462]",494,5,8,0.008108663372695446
4OEVA,0,"[234, 462]",494,5,9,0.007990545593202114
4OEVA,0,"[234, 462]",494,5,10,0.008343663066625595
4OEVA,0,"[234, 462]",494,5,11,0.00901157408952713
4OEVA,0,"[234, 462]",494,5,12,0.008607548661530018
4OEVA,0,"[234, 462]",494,5,13,0.008821009658277035
4OEVA,0,"[234, 462]",494,5,14,0.008845658041536808
4OEVA,0,"[234, 462]",494,5,15,0.008476495742797852
4OEVA,0,"[234, 462]",494,5,16,0.009015499614179134
4OEVA,0,"[234, 462]",494,5,17,0.008552701212465763
4OEVA,0,"[234, 462]",494,5,18,0.008604484610259533
4OEVA,0,"[234, 462]",494,5,19,0.008415388874709606
4OEVA,0,"[234, 462]",494,5,20,0.008816133253276348
4OEVA,0,"[234, 462]",494,5,21,0.008809576742351055
4OEVA,0,"[234, 462]",494,5,22,0.008398625068366528
4OEVA,0,"[234, 462]",494,5,23,0.007881909608840942
4OEVA,0,"[234, 462]",494,5,24,0.009088542312383652
4OEVA,0,"[234, 462]",494,5,25,0.008720499463379383
4OEVA,0,"[234, 462]",494,5,26,0.008544537238776684
4OEVA,0,"[234, 462]",494,5,27,0.008247729390859604
4OEVA,0,"[234, 462]",494,5,28,0.008453031070530415
4OEVA,0,"[234, 462]",494,5,29,0.008000090718269348
4OEVA,0,"[234, 462]",494,5,30,0.007953502237796783
4OEVA,0,"[234, 462]",494,5,31,0.008054681122303009
4OEVA,0,"[234, 462]",494,5,32,0.008181276731193066
4OEVA,0,"[234, 462]",494,5,33,0.008073561824858189
4OEVA,0,"[234, 462]",494,5,34,0.008502371609210968
4OEVA,0,"[234, 462]",494,5,35,0.008243718184530735
4OEVA,0,"[234, 462]",494,5,36,0.00862627848982811
4OEVA,0,"[234, 462]",494,5,37,0.008731772191822529
4OEVA,0,"[234, 462]",494,5,38,0.008247747085988522
4OEVA,0,"[234, 462]",494,5,39,0.008627066388726234
4OEVA,0,"[234, 462]",494,5,40,0.008362030610442162
4OEVA,0,"[234, 462]",494,5,41,0.008625669404864311
4OEVA,0,"[234, 462]",494,5,42,0.008496614173054695
4OEVA,0,"[234, 462]",494,5,43,0.008193700574338436
4OEVA,0,"[234, 462]",494,5,44,0.008556636981666088
4OEVA,0,"[234, 462]",494,5,45,0.008562210015952587
4OEVA,0,"[234, 462]",494,5,46,0.008765575475990772
4OEVA,0,"[234, 462]",494,5,47,0.009107319638133049
4OEVA,0,"[234, 462]",494,5,48,0.008460339158773422
4OEVA,0,"[234, 462]",494,5,49,0.0086925458163023
4OEVA,0,"[234, 462]",494,5,50,0.009643549099564552
4OEVA,0,"[234, 462]",494,5,51,0.009042725898325443
4OEVA,0,"[234, 462]",494,5,52,0.009287944063544273
4OEVA,0,"[234, 462]",494,5,53,0.008982423692941666
4OEVA,0,"[234, 462]",494,5,54,0.008838547393679619
4OEVA,0,"[234, 462]",494,5,55,0.008645188994705677
4OEVA,0,"[234, 462]",494,5,56,0.008660168386995792
4OEVA,0,"[234, 462]",494,5,57,0.0085096824914217
4OEVA,0,"[234, 462]",494,5,58,0.008390501141548157
4OEVA,0,"[234, 462]",494,5,59,0.008824490942060947
4OEVA,0,"[234, 462]",494,5,60,0.008721766993403435
4OPCA,0,"[20, 311]",453,5,0,0.00589465769007802
4OPCA,0,"[20, 311]",453,5,1,0.0057580131106078625
4OPCA,0,"[20, 311]",453,5,2,0.005677579902112484
4OPCA,0,"[20, 311]",453,5,3,0.005636090878397226
4OPCA,0,"[20, 311]",453,5,4,0.006496928632259369
4OPCA,0,"[20, 311]",453,5,5,0.005759288556873798
4OPCA,0,"[20, 311]",453,5,6,0.00571924913674593
4OPCA,0,"[20, 311]",453,5,7,0.005968667101114988
4OPCA,0,"[20, 311]",453,5,8,0.005308679770678282
4OPCA,0,"[20, 311]",453,5,9,0.005858137737959623
4OPCA,0,"[20, 311]",453,5,10,0.00526083679869771
4OPCA,0,"[20, 311]",453,5,11,0.006039346568286419
4OPCA,0,"[20, 311]",453,5,12,0.0065058753825724125
4OPCA,0,"[20, 311]",453,5,13,0.006371668074280024
4OPCA,0,"[20, 311]",453,5,14,0.005841684527695179
4OPCA,0,"[20, 311]",453,5,15,0.006154559087008238
4OPCA,0,"[20, 311]",453,5,16,0.005724920891225338
4OPCA,0,"[20, 311]",453,5,17,0.0061083221808075905
4OPCA,0,"[20, 311]",453,5,18,0.006101354490965605
4OPCA,0,"[20, 311]",453,5,19,0.006015158724039793
4OPCA,0,"[20, 311]",453,5,20,0.005950959865003824
4OPCA,0,"[20, 311]",453,5,21,0.005776501726359129
4OPCA,0,"[20, 311]",453,5,22,0.005953238345682621
4OPCA,0,"[20, 311]",453,5,23,0.006551140919327736
4OPCA,0,"[20, 311]",453,5,24,0.006632272619754076
4OPCA,0,"[20, 311]",453,5,25,0.007481622043997049
4OPCA,0,"[20, 311]",453,5,26,0.007575821131467819
4OPCA,0,"[20, 311]",453,5,27,0.007108284160494804
4OPCA,0,"[20, 311]",453,5,28,0.005980205722153187
4OPCA,0,"[20, 311]",453,5,29,0.008684450760483742
4OPCA,0,"[20, 311]",453,5,30,0.0061730085872113705
4OPCA,0,"[20, 311]",453,5,31,0.005165025591850281
4OPCA,0,"[20, 311]",453,5,32,0.005291938781738281
4OPCA,0,"[20, 311]",453,5,33,0.005271262489259243
4OPCA,0,"[20, 311]",453,5,34,0.005056016147136688
4OPCA,0,"[20, 311]",453,5,35,0.00520031014457345
4OPCA,0,"[20, 311]",453,5,36,0.005073712673038244
4OPCA,0,"[20, 311]",453,5,37,0.004942239727824926
4OPCA,0,"[20, 311]",453,5,38,0.005135048646479845
4OPCA,0,"[20, 311]",453,5,39,0.004997390788048506
4OPCA,0,"[20, 311]",453,5,40,0.00524028018116951
4OPCA,0,"[20, 311]",453,5,41,0.00513088284060359
4OPCA,0,"[20, 311]",453,5,42,0.005196790210902691
4OPCA,0,"[20, 311]",453,5,43,0.00521162198856473
4OPCA,0,"[20, 311]",453,5,44,0.005226676817983389
4OPCA,0,"[20, 311]",453,5,45,0.005340801551938057
4OPCA,0,"[20, 311]",453,5,46,0.005375521723181009
4OPCA,0,"[20, 311]",453,5,47,0.005379646085202694
4OPCA,0,"[20, 311]",453,5,48,0.005841013975441456
4OPCA,0,"[20, 311]",453,5,49,0.005588408559560776
4OPCA,0,"[20, 311]",453,5,50,0.0060812863521277905
4OPCA,0,"[20, 311]",453,5,51,0.006810894701629877
4OPCA,0,"[20, 311]",453,5,52,0.0069757867604494095
4OPCA,0,"[20, 311]",453,5,53,0.006548028904944658
4OPCA,0,"[20, 311]",453,5,54,0.00725614232942462
4OPCA,0,"[20, 311]",453,5,55,0.8307636976242065
4OPCA,0,"[20, 311]",453,5,56,0.8142039179801941
4OPCA,0,"[20, 311]",453,5,57,0.8178365230560303
4OPCA,0,"[20, 311]",453,5,58,0.8253554105758667
4OPCA,0,"[20, 311]",453,5,59,0.8095795512199402
4OY3A,0,"[61, 181]",231,5,0,0.004306078422814608
4OY3A,0,"[61, 181]",231,5,1,0.004133434966206551
4OY3A,0,"[61, 181]",231,5,2,0.0037520385812968016
4OY3A,0,"[61, 181]",231,5,3,0.005467978771775961
4OY3A,0,"[61, 181]",231,5,4,0.004851232748478651
4OY3A,0,"[61, 181]",231,5,5,0.0048082624562084675
4OY3A,0,"[61, 181]",231,5,6,0.005332794971764088
4OY3A,0,"[61, 181]",231,5,7,0.0051971254870295525
4OY3A,0,"[61, 181]",231,5,8,0.005052494816482067
4OY3A,0,"[61, 181]",231,5,9,0.0057571460492908955
4OY3A,0,"[61, 181]",231,5,10,0.004791817627847195
4OY3A,0,"[61, 181]",231,5,11,0.0049276575446128845
4OY3A,0,"[61, 181]",231,5,12,0.004237794317305088
4OY3A,0,"[61, 181]",231,5,13,0.007013718131929636
4OY3A,0,"[61, 181]",231,5,14,0.007965069264173508
4OY3A,0,"[61, 181]",231,5,15,0.009127209894359112
4OY3A,0,"[61, 181]",231,5,16,0.007522922940552235
4OY3A,0,"[61, 181]",231,5,17,0.006915339268743992
4OY3A,0,"[61, 181]",231,5,18,0.007401724811643362
4OY3A,0,"[61, 181]",231,5,19,0.00782522838562727
4OY3A,0,"[61, 181]",231,5,20,0.007253929506987333
4OY3A,0,"[61, 181]",231,5,21,0.7689245343208313
4OY3A,0,"[61, 181]",231,5,22,0.8707877397537231
4OY3A,0,"[61, 181]",231,5,23,0.862433910369873
4P6BA,0,"[66, 193]",390,5,0,0.006048929411917925
4P6BA,0,"[66, 193]",390,5,1,0.006463282275944948
4P6BA,0,"[66, 193]",390,5,2,0.007073593325912952
4P6BA,0,"[66, 193]",390,5,3,0.006551986560225487
4P6BA,0,"[66, 193]",390,5,4,0.006467101629823446
4P6BA,0,"[66, 193]",390,5,5,0.006468439940363169
4P6BA,0,"[66, 193]",390,5,6,0.006630472838878632
4P6BA,0,"[66, 193]",390,5,7,0.007454141974449158
4P6BA,0,"[66, 193]",390,5,8,0.006889708805829287
4P6BA,0,"[66, 193]",390,5,9,0.0063367984257638454
4P6BA,0,"[66, 193]",390,5,10,0.006510272156447172
4P6BA,0,"[66, 193]",390,5,11,0.007141405250877142
4P6BA,0,"[66, 193]",390,5,12,0.007194617763161659
4P6BA,0,"[66, 193]",390,5,13,0.0074663166888058186
4P6BA,0,"[66, 193]",390,5,14,0.008199245668947697
4P6BA,0,"[66, 193]",390,5,15,0.007970326580107212
4P6BA,0,"[66, 193]",390,5,16,0.004677767865359783
4P6BA,0,"[66, 193]",390,5,17,0.003797780256718397
4P6BA,0,"[66, 193]",390,5,18,0.005057935137301683
4P6BA,0,"[66, 193]",390,5,19,0.00514215836301446
4P6BA,0,"[66, 193]",390,5,20,0.0044972458854317665
4P6BA,0,"[66, 193]",390,5,21,0.00420621270313859
4P6BA,0,"[66, 193]",390,5,22,0.004124773200601339
4P6BA,0,"[66, 193]",390,5,23,0.004637114237993956
4P6BA,0,"[66, 193]",390,5,24,0.004744642414152622
4P6BA,0,"[66, 193]",390,5,25,0.00512473750859499
4P6BA,0,"[66, 193]",390,5,26,0.008556604385375977
4P6BA,0,"[66, 193]",390,5,27,0.4630190432071686
4P6BA,0,"[66, 193]",390,5,28,0.6930665373802185
4P6BA,0,"[66, 193]",390,5,29,0.6911805868148804
4P6BA,0,"[66, 193]",390,5,30,0.6885904669761658
4P6BA,0,"[66, 193]",390,5,31,0.654914379119873
4P6BA,0,"[66, 193]",390,5,32,0.85359787940979
4P6BA,0,"[66, 193]",390,5,33,0.8993880152702332
4P6BA,0,"[66, 193]",390,5,34,0.9240725040435791
4P6BA,0,"[66, 193]",390,5,35,0.9202200770378113
4P6BA,0,"[66, 193]",390,5,36,0.9276520013809204
4P6BA,0,"[66, 193]",390,5,37,0.9261015057563782
4P6BA,0,"[66, 193]",390,5,38,0.8991649150848389
4P6BA,0,"[66, 193]",390,5,39,0.8849283456802368
4P6BA,0,"[66, 193]",390,5,40,0.8958170413970947
4P6BA,0,"[66, 193]",390,5,41,0.9060683846473694
4P6BA,0,"[66, 193]",390,5,42,0.9013515710830688
4P6BA,0,"[66, 193]",390,5,43,0.9146334528923035
4P6BA,0,"[66, 193]",390,5,44,0.9134131669998169
4P6BA,0,"[66, 193]",390,5,45,0.9224894046783447
4P6BA,0,"[66, 193]",390,5,46,0.9345020055770874
4P6BA,0,"[66, 193]",390,5,47,0.9387037754058838
4P6BA,0,"[66, 193]",390,5,48,0.9451828002929688
4P6BA,0,"[66, 193]",390,5,49,0.9503275752067566
4P6BA,0,"[66, 193]",390,5,50,0.9504820704460144
4P6BA,0,"[66, 193]",390,5,51,0.9424352049827576
4P6BA,0,"[66, 193]",390,5,52,0.9417254328727722
4P6BA,0,"[66, 193]",390,5,53,0.9452866315841675
4P6BA,0,"[66, 193]",390,5,54,0.9491021037101746
4P6BA,0,"[66, 193]",390,5,55,0.9485467672348022
4P6BA,0,"[66, 193]",390,5,56,0.9442831873893738
4P6BA,0,"[66, 193]",390,5,57,0.9432342648506165
4P6BA,0,"[66, 193]",390,5,58,0.9492006897926331
4P6BA,0,"[66, 193]",390,5,59,0.9521984457969666
4P6BA,0,"[66, 193]",390,5,60,0.9518769383430481
4PXEA,0,"[234, 339]",430,5,0,0.007276732474565506
4PXEA,0,"[234, 339]",430,5,1,0.0068708742037415504
4PXEA,0,"[234, 339]",430,5,2,0.006181714124977589
4PXEA,0,"[234, 339]",430,5,3,0.006783068645745516
4PXEA,0,"[234, 339]",430,5,4,0.005947002675384283
4PXEA,0,"[234, 339]",430,5,5,0.009123616851866245
4PXEA,0,"[234, 339]",430,5,6,0.010930763557553291
4PXEA,0,"[234, 339]",430,5,7,0.0057995617389678955
4PXEA,0,"[234, 339]",430,5,8,0.009241258725523949
4PXEA,0,"[234, 339]",430,5,9,0.007723803166300058
4PXEA,0,"[234, 339]",430,5,10,0.006402695085853338
4PXEA,0,"[234, 339]",430,5,11,0.006969740614295006
4PXEA,0,"[234, 339]",430,5,12,0.007352021988481283
4PXEA,0,"[234, 339]",430,5,13,0.006998858880251646
4PXEA,0,"[234, 339]",430,5,14,0.0077378274872899055
4PXEA,0,"[234, 339]",430,5,15,0.00725209154188633
4PXEA,0,"[234, 339]",430,5,16,0.006785557139664888
4PXEA,0,"[234, 339]",430,5,17,0.006671159062534571
4PXEA,0,"[234, 339]",430,5,18,0.006375591736286879
4PXEA,0,"[234, 339]",430,5,19,0.006106995511800051
4PXEA,0,"[234, 339]",430,5,20,0.006147212348878384
4PXEA,0,"[234, 339]",430,5,21,0.006612008437514305
4PXEA,0,"[234, 339]",430,5,22,0.006871719844639301
4PXEA,0,"[234, 339]",430,5,23,0.006458210293203592
4PXEA,0,"[234, 339]",430,5,24,0.006299005821347237
4PXEA,0,"[234, 339]",430,5,25,0.007142091169953346
4PXEA,0,"[234, 339]",430,5,26,0.006893676705658436
4PXEA,0,"[234, 339]",430,5,27,0.006126918829977512
4PXEA,0,"[234, 339]",430,5,28,0.006424122955650091
4PXEA,0,"[234, 339]",430,5,29,0.007648534141480923
4PXEA,0,"[234, 339]",430,5,30,0.0081104077398777
4PXEA,0,"[234, 339]",430,5,31,0.006944360211491585
4PXEA,0,"[234, 339]",430,5,32,0.0068673258647322655
4PXEA,0,"[234, 339]",430,5,33,0.006113397888839245
4PXEA,0,"[234, 339]",430,5,34,0.005686799064278603
4PXEA,0,"[234, 339]",430,5,35,0.005912287626415491
4PXEA,0,"[234, 339]",430,5,36,0.007110648788511753
4PXEA,0,"[234, 339]",430,5,37,0.006699191406369209
4PXEA,0,"[234, 339]",430,5,38,0.006570195779204369
4PXEA,0,"[234, 339]",430,5,39,0.0059737395495176315
4PXEA,0,"[234, 339]",430,5,40,0.006296420469880104
4PXEA,0,"[234, 339]",430,5,41,0.006651335395872593
4PXEA,0,"[234, 339]",430,5,42,0.007132607512176037
4PXEA,0,"[234, 339]",430,5,43,0.006338560488075018
4PXEA,0,"[234, 339]",430,5,44,0.008479977026581764
4PXEA,0,"[234, 339]",430,5,45,0.011461395770311356
4PXEA,0,"[234, 339]",430,5,46,0.011996567249298096
4PXEA,0,"[234, 339]",430,5,47,0.012119299732148647
4PXEA,0,"[234, 339]",430,5,48,0.011931324377655983
4PXEA,0,"[234, 339]",430,5,49,0.012026499025523663
4PXEA,0,"[234, 339]",430,5,50,0.01362000871449709
4PXEA,0,"[234, 339]",430,5,51,0.24821977317333221
4PXEA,0,"[234, 339]",430,5,52,0.2590157091617584
4PXEA,0,"[234, 339]",430,5,53,0.23635561764240265
4PXEA,0,"[234, 339]",430,5,54,0.23787666857242584
4PXEA,0,"[234, 339]",430,5,55,0.30058518052101135
4PXEA,0,"[234, 339]",430,5,56,0.30807241797447205
4PXEA,0,"[234, 339]",430,5,57,0.4771662652492523
4PXEA,0,"[234, 339]",430,5,58,0.4075338542461395
4PXEA,0,"[234, 339]",430,5,59,0.43995964527130127
4PXEA,0,"[234, 339]",430,5,60,0.47986894845962524
4Q6BA,0,"[32, 292]",356,5,0,0.005516091361641884
4Q6BA,0,"[32, 292]",356,5,1,0.0057174814864993095
4Q6BA,0,"[32, 292]",356,5,2,0.005323181860148907
4Q6BA,0,"[32, 292]",356,5,3,0.008122479543089867
4Q6BA,0,"[32, 292]",356,5,4,0.004987921565771103
4Q6BA,0,"[32, 292]",356,5,5,0.005486853886395693
4Q6BA,0,"[32, 292]",356,5,6,0.0039300392381846905
4Q6BA,0,"[32, 292]",356,5,7,0.005137726664543152
4Q6BA,0,"[32, 292]",356,5,8,0.005655392073094845
4Q6BA,0,"[32, 292]",356,5,9,0.004843421280384064
4Q6BA,0,"[32, 292]",356,5,10,0.005042652599513531
4Q6BA,0,"[32, 292]",356,5,11,0.004996612202376127
4Q6BA,0,"[32, 292]",356,5,12,0.004976583644747734
4Q6BA,0,"[32, 292]",356,5,13,0.004717374220490456
4Q6BA,0,"[32, 292]",356,5,14,0.004395165480673313
4Q6BA,0,"[32, 292]",356,5,15,0.0049444036558270454
4Q6BA,0,"[32, 292]",356,5,16,0.004234011750668287
4Q6BA,0,"[32, 292]",356,5,17,0.0048498655669391155
4Q6BA,0,"[32, 292]",356,5,18,0.005151907913386822
4Q6BA,0,"[32, 292]",356,5,19,0.005162256304174662
4Q6BA,0,"[32, 292]",356,5,20,0.004491593688726425
4Q6BA,0,"[32, 292]",356,5,21,0.006086076609790325
4Q6BA,0,"[32, 292]",356,5,22,1.0532655715942383
4Q6BA,0,"[32, 292]",356,5,23,1.032621145248413
4Q6BA,0,"[32, 292]",356,5,24,1.043304681777954
4Q6BA,0,"[32, 292]",356,5,25,1.047927737236023
4Q6BA,0,"[32, 292]",356,5,26,1.0450119972229004
4Q6BA,0,"[32, 292]",356,5,27,1.0349680185317993
4QBUA,0,"[96, 369]",444,5,0,0.008176100440323353
4QBUA,0,"[96, 369]",444,5,1,0.007416313048452139
4QBUA,0,"[96, 369]",444,5,2,0.007232316769659519
4QBUA,0,"[96, 369]",444,5,3,0.006883423309773207
4QBUA,0,"[96, 369]",444,5,4,0.0071293069049716
4QBUA,0,"[96, 369]",444,5,5,0.007776777725666761
4QBUA,0,"[96, 369]",444,5,6,0.00782229844480753
4QBUA,0,"[96, 369]",444,5,7,0.007338002324104309
4QBUA,0,"[96, 369]",444,5,8,0.00793458055704832
4QBUA,0,"[96, 369]",444,5,9,0.007726008538156748
4QBUA,0,"[96, 369]",444,5,10,0.008754333481192589
4QBUA,0,"[96, 369]",444,5,11,0.007137255277484655
4QBUA,0,"[96, 369]",444,5,12,0.007471413351595402
4QBUA,0,"[96, 369]",444,5,13,0.006677965167909861
4QBUA,0,"[96, 369]",444,5,14,0.00671400036662817
4QBUA,0,"[96, 369]",444,5,15,0.006767533719539642
4QBUA,0,"[96, 369]",444,5,16,0.006928432732820511
4QBUA,0,"[96, 369]",444,5,17,0.0068716066889464855
4QBUA,0,"[96, 369]",444,5,18,0.006307845935225487
4QBUA,0,"[96, 369]",444,5,19,0.006147881969809532
4QBUA,0,"[96, 369]",444,5,20,0.008156068623065948
4QBUA,0,"[96, 369]",444,5,21,0.0081420773640275
4QBUA,0,"[96, 369]",444,5,22,0.009087114594876766
4QBUA,0,"[96, 369]",444,5,23,0.006577165797352791
4QBUA,0,"[96, 369]",444,5,24,0.007091788109391928
4QBUA,0,"[96, 369]",444,5,25,0.006824819836765528
4QBUA,0,"[96, 369]",444,5,26,0.006611868739128113
4QBUA,0,"[96, 369]",444,5,27,0.007067032158374786
4QBUA,0,"[96, 369]",444,5,28,0.006879041902720928
4QBUA,0,"[96, 369]",444,5,29,0.006984831299632788
4QBUA,0,"[96, 369]",444,5,30,0.006913049146533012
4QBUA,0,"[96, 369]",444,5,31,0.0062625110149383545
4QBUA,0,"[96, 369]",444,5,32,0.0061851851642131805
4QBUA,0,"[96, 369]",444,5,33,0.006314232479780912
4QBUA,0,"[96, 369]",444,5,34,0.006325337570160627
4QBUA,0,"[96, 369]",444,5,35,0.006641795858740807
4QBUA,0,"[96, 369]",444,5,36,0.006573954597115517
4QBUA,0,"[96, 369]",444,5,37,0.006153662223368883
4QBUA,0,"[96, 369]",444,5,38,0.007132190745323896
4QBUA,0,"[96, 369]",444,5,39,0.007729887496680021
4QBUA,0,"[96, 369]",444,5,40,0.14291833341121674
4QBUA,0,"[96, 369]",444,5,41,0.04091208055615425
4QBUA,0,"[96, 369]",444,5,42,0.18034735321998596
4QBUA,0,"[96, 369]",444,5,43,0.3735743463039398
4QBUA,0,"[96, 369]",444,5,44,0.5084041953086853
4QBUA,0,"[96, 369]",444,5,45,0.5498043298721313
4QBUA,0,"[96, 369]",444,5,46,0.5610604286193848
4QBUA,0,"[96, 369]",444,5,47,0.5904927253723145
4QBUA,0,"[96, 369]",444,5,48,0.7509672045707703
4QBUA,0,"[96, 369]",444,5,49,0.7168689966201782
4QBUA,0,"[96, 369]",444,5,50,0.6730486750602722
4QBUA,0,"[96, 369]",444,5,51,0.7278090119361877
4QBUA,0,"[96, 369]",444,5,52,0.7446306347846985
4QBUA,0,"[96, 369]",444,5,53,0.7829275727272034
4QBUA,0,"[96, 369]",444,5,54,0.8069294691085815
4QBUA,0,"[96, 369]",444,5,55,0.8145526647567749
4QBUA,0,"[96, 369]",444,5,56,0.846666157245636
4QBUA,0,"[96, 369]",444,5,57,0.8632898330688477
4QBUA,0,"[96, 369]",444,5,58,0.8551807403564453
4QBUA,0,"[96, 369]",444,5,59,0.8774672746658325
4QBUA,0,"[96, 369]",444,5,60,0.8454577922821045
4QFLA,0,"[32, 243]",541,5,0,0.008289871737360954
4QFLA,0,"[32, 243]",541,5,1,0.0087913041934371
4QFLA,0,"[32, 243]",541,5,2,0.008943770080804825
4QFLA,0,"[32, 243]",541,5,3,0.00843770895153284
4QFLA,0,"[32, 243]",541,5,4,0.008696082048118114
4QFLA,0,"[32, 243]",541,5,5,0.007729428354650736
4QFLA,0,"[32, 243]",541,5,6,0.0072956508956849575
4QFLA,0,"[32, 243]",541,5,7,0.007577040698379278
4QFLA,0,"[32, 243]",541,5,8,0.007566927000880241
4QFLA,0,"[32, 243]",541,5,9,0.007504376582801342
4QFLA,0,"[32, 243]",541,5,10,0.0072536468505859375
4QFLA,0,"[32, 243]",541,5,11,0.007261688821017742
4QFLA,0,"[32, 243]",541,5,12,0.007208630908280611
4QFLA,0,"[32, 243]",541,5,13,0.007149783428758383
4QFLA,0,"[32, 243]",541,5,14,0.0075408779084682465
4QFLA,0,"[32, 243]",541,5,15,0.007617765571922064
4QFLA,0,"[32, 243]",541,5,16,0.007661730516701937
4QFLA,0,"[32, 243]",541,5,17,0.007620756980031729
4QFLA,0,"[32, 243]",541,5,18,0.007580781355500221
4QFLA,0,"[32, 243]",541,5,19,0.007280468009412289
4QFLA,0,"[32, 243]",541,5,20,0.0071245962753891945
4QFLA,0,"[32, 243]",541,5,21,0.007240317761898041
4QFLA,0,"[32, 243]",541,5,22,0.006384474225342274
4QFLA,0,"[32, 243]",541,5,23,0.006705072708427906
4QFLA,0,"[32, 243]",541,5,24,0.006586043629795313
4QFLA,0,"[32, 243]",541,5,25,0.006431106477975845
4QFLA,0,"[32, 243]",541,5,26,0.0065665957517921925
4QFLA,0,"[32, 243]",541,5,27,0.006470713764429092
4QFLA,0,"[32, 243]",541,5,28,0.006344497203826904
4QFLA,0,"[32, 243]",541,5,29,0.006343805696815252
4QFLA,0,"[32, 243]",541,5,30,0.006595648359507322
4QFLA,0,"[32, 243]",541,5,31,0.006464976817369461
4QFLA,0,"[32, 243]",541,5,32,0.0068708788603544235
4QFLA,0,"[32, 243]",541,5,33,0.006820965558290482
4QFLA,0,"[32, 243]",541,5,34,0.007435925304889679
4QFLA,0,"[32, 243]",541,5,35,0.006966923829168081
4QFLA,0,"[32, 243]",541,5,36,0.007298030890524387
4QFLA,0,"[32, 243]",541,5,37,0.007416972890496254
4QFLA,0,"[32, 243]",541,5,38,0.006907776463776827
4QFLA,0,"[32, 243]",541,5,39,0.006860875524580479
4QFLA,0,"[32, 243]",541,5,40,0.007173815276473761
4QFLA,0,"[32, 243]",541,5,41,0.007118220441043377
4QFLA,0,"[32, 243]",541,5,42,0.0070164864882826805
4QFLA,0,"[32, 243]",541,5,43,0.0071708159521222115
4QFLA,0,"[32, 243]",541,5,44,0.007451275363564491
4QFLA,0,"[32, 243]",541,5,45,0.007397869601845741
4QFLA,0,"[32, 243]",541,5,46,0.00798082910478115
4QFLA,0,"[32, 243]",541,5,47,0.0072811925783753395
4QFLA,0,"[32, 243]",541,5,48,0.007234645076096058
4QFLA,0,"[32, 243]",541,5,49,0.00747624272480607
4QFLA,0,"[32, 243]",541,5,50,0.007985883392393589
4QFLA,0,"[32, 243]",541,5,51,0.007940561510622501
4QFLA,0,"[32, 243]",541,5,52,0.007804860360920429
4QFLA,0,"[32, 243]",541,5,53,0.0076278275810182095
4QFLA,0,"[32, 243]",541,5,54,0.007391777820885181
4QFLA,0,"[32, 243]",541,5,55,0.007064603269100189
4QFLA,0,"[32, 243]",541,5,56,0.006887291558086872
4QFLA,0,"[32, 243]",541,5,57,0.006780379451811314
4QFLA,0,"[32, 243]",541,5,58,0.007449038792401552
4QFLA,0,"[32, 243]",541,5,59,0.007406937889754772
4QFLA,0,"[32, 243]",541,5,60,0.008708824403584003
4QRHA,0,"[26, 183]",210,5,0,0.004807403311133385
4QRHA,0,"[26, 183]",210,5,1,0.0044442880898714066
4QRHA,0,"[26, 183]",210,5,2,0.0032305645290762186
4QRHA,0,"[26, 183]",210,5,3,0.004554798360913992
4QRHA,0,"[26, 183]",210,5,4,0.004662743769586086
4QRHA,0,"[26, 183]",210,5,5,0.0052799866534769535
4QRHA,0,"[26, 183]",210,5,6,0.0050297509878873825
4QRHA,0,"[26, 183]",210,5,7,0.0051860143430531025
4QRHA,0,"[26, 183]",210,5,8,0.004058639518916607
4QRHA,0,"[26, 183]",210,5,9,0.010779132135212421
4QRHA,0,"[26, 183]",210,5,10,0.01252017356455326
4QRHA,0,"[26, 183]",210,5,11,0.0118089085444808
4QRHA,0,"[26, 183]",210,5,12,0.011917708441615105
4QRHA,0,"[26, 183]",210,5,13,0.013074908405542374
4QRHA,0,"[26, 183]",210,5,14,0.6382406949996948
4QRHA,0,"[26, 183]",210,5,15,0.716876208782196
4QRHA,0,"[26, 183]",210,5,16,0.6847112774848938
4QRHA,0,"[26, 183]",210,5,17,0.6052654385566711
4QRHA,0,"[26, 183]",210,5,18,0.6260236501693726
4QRHA,0,"[26, 183]",210,5,19,0.5734704732894897
4R2FA,0,"[97, 310]",431,5,0,0.007344567682594061
4R2FA,0,"[97, 310]",431,5,1,0.007249368820339441
4R2FA,0,"[97, 310]",431,5,2,0.007166982628405094
4R2FA,0,"[97, 310]",431,5,3,0.008686680346727371
4R2FA,0,"[97, 310]",431,5,4,0.0064542596228420734
4R2FA,0,"[97, 310]",431,5,5,0.0066885570995509624
4R2FA,0,"[97, 310]",431,5,6,0.006937086116522551
4R2FA,0,"[97, 310]",431,5,7,0.006739950273185968
4R2FA,0,"[97, 310]",431,5,8,0.006952693220227957
4R2FA,0,"[97, 310]",431,5,9,0.006851538084447384
4R2FA,0,"[97, 310]",431,5,10,0.006754796952009201
4R2FA,0,"[97, 310]",431,5,11,0.007013106252998114
4R2FA,0,"[97, 310]",431,5,12,0.006880652625113726
4R2FA,0,"[97, 310]",431,5,13,0.007110969629138708
4R2FA,0,"[97, 310]",431,5,14,0.0065079969353973866
4R2FA,0,"[97, 310]",431,5,15,0.006919709965586662
4R2FA,0,"[97, 310]",431,5,16,0.0071368091739714146
4R2FA,0,"[97, 310]",431,5,17,0.0070636398158967495
4R2FA,0,"[97, 310]",431,5,18,0.006957595236599445
4R2FA,0,"[97, 310]",431,5,19,0.0068449173122644424
4R2FA,0,"[97, 310]",431,5,20,0.00678072776645422
4R2FA,0,"[97, 310]",431,5,21,0.006648607086390257
4R2FA,0,"[97, 310]",431,5,22,0.006746860221028328
4R2FA,0,"[97, 310]",431,5,23,0.006600203923881054
4R2FA,0,"[97, 310]",431,5,24,0.006872232537716627
4R2FA,0,"[97, 310]",431,5,25,0.006696429569274187
4R2FA,0,"[97, 310]",431,5,26,0.006831226404756308
4R2FA,0,"[97, 310]",431,5,27,0.006566984113305807
4R2FA,0,"[97, 310]",431,5,28,0.006726084277033806
4R2FA,0,"[97, 310]",431,5,29,0.0064195431768894196
4R2FA,0,"[97, 310]",431,5,30,0.006258423440158367
4R2FA,0,"[97, 310]",431,5,31,0.006299484055489302
4R2FA,0,"[97, 310]",431,5,32,0.006564189214259386
4R2FA,0,"[97, 310]",431,5,33,0.006634024437516928
4R2FA,0,"[97, 310]",431,5,34,0.006742875557392836
4R2FA,0,"[97, 310]",431,5,35,0.006664026528596878
4R2FA,0,"[97, 310]",431,5,36,0.00688873091712594
4R2FA,0,"[97, 310]",431,5,37,0.007088436745107174
4R2FA,0,"[97, 310]",431,5,38,0.006777083966881037
4R2FA,0,"[97, 310]",431,5,39,0.00786491110920906
4R2FA,0,"[97, 310]",431,5,40,0.008236526511609554
4R2FA,0,"[97, 310]",431,5,41,0.008434740826487541
4R2FA,0,"[97, 310]",431,5,42,0.00832507386803627
4R2FA,0,"[97, 310]",431,5,43,0.13932475447654724
4R2FA,0,"[97, 310]",431,5,44,0.11101888120174408
4R2FA,0,"[97, 310]",431,5,45,0.12839056551456451
4R2FA,0,"[97, 310]",431,5,46,0.2822674512863159
4R2FA,0,"[97, 310]",431,5,47,0.25408005714416504
4R2FA,0,"[97, 310]",431,5,48,0.3030620813369751
4R2FA,0,"[97, 310]",431,5,49,0.22573480010032654
4R2FA,0,"[97, 310]",431,5,50,0.3045831620693207
4R2FA,0,"[97, 310]",431,5,51,0.4629901945590973
4R2FA,0,"[97, 310]",431,5,52,0.43013936281204224
4R2FA,0,"[97, 310]",431,5,53,0.6183642148971558
4R2FA,0,"[97, 310]",431,5,54,0.5130442380905151
4R2FA,0,"[97, 310]",431,5,55,0.5669482946395874
4R2FA,0,"[97, 310]",431,5,56,0.5834504961967468
4R2FA,0,"[97, 310]",431,5,57,0.5938694477081299
4R2FA,0,"[97, 310]",431,5,58,0.5821222066879272
4R2FA,0,"[97, 310]",431,5,59,0.5638075470924377
4R2FA,0,"[97, 310]",431,5,60,0.5770490765571594
4R6HA,0,"[146, 288]",428,5,0,0.005717056803405285
4R6HA,0,"[146, 288]",428,5,1,0.006034492515027523
4R6HA,0,"[146, 288]",428,5,2,0.0058406139723956585
4R6HA,0,"[146, 288]",428,5,3,0.005950028542429209
4R6HA,0,"[146, 288]",428,5,4,0.0060176425613462925
4R6HA,0,"[146, 288]",428,5,5,0.0062211910262703896
4R6HA,0,"[146, 288]",428,5,6,0.005057438742369413
4R6HA,0,"[146, 288]",428,5,7,0.005950962193310261
4R6HA,0,"[146, 288]",428,5,8,0.006136798299849033
4R6HA,0,"[146, 288]",428,5,9,0.006100736558437347
4R6HA,0,"[146, 288]",428,5,10,0.005776070058345795
4R6HA,0,"[146, 288]",428,5,11,0.005658549722284079
4R6HA,0,"[146, 288]",428,5,12,0.005838357377797365
4R6HA,0,"[146, 288]",428,5,13,0.005753331817686558
4R6HA,0,"[146, 288]",428,5,14,0.005661780014634132
4R6HA,0,"[146, 288]",428,5,15,0.0058469926007092
4R6HA,0,"[146, 288]",428,5,16,0.0058314125053584576
4R6HA,0,"[146, 288]",428,5,17,0.005736344028264284
4R6HA,0,"[146, 288]",428,5,18,0.005725046619772911
4R6HA,0,"[146, 288]",428,5,19,0.005695629399269819
4R6HA,0,"[146, 288]",428,5,20,0.005584363825619221
4R6HA,0,"[146, 288]",428,5,21,0.005593229550868273
4R6HA,0,"[146, 288]",428,5,22,0.005881100427359343
4R6HA,0,"[146, 288]",428,5,23,0.005870994180440903
4R6HA,0,"[146, 288]",428,5,24,0.005426271818578243
4R6HA,0,"[146, 288]",428,5,25,0.005545841995626688
4R6HA,0,"[146, 288]",428,5,26,0.006101126782596111
4R6HA,0,"[146, 288]",428,5,27,0.0059938207268714905
4R6HA,0,"[146, 288]",428,5,28,0.006390074733644724
4R6HA,0,"[146, 288]",428,5,29,0.006116834934800863
4R6HA,0,"[146, 288]",428,5,30,0.005641806870698929
4R6HA,0,"[146, 288]",428,5,31,0.0052755242213606834
4R6HA,0,"[146, 288]",428,5,32,0.005261766258627176
4R6HA,0,"[146, 288]",428,5,33,0.005137566477060318
4R6HA,0,"[146, 288]",428,5,34,0.004999165423214436
4R6HA,0,"[146, 288]",428,5,35,0.005710350815206766
4R6HA,0,"[146, 288]",428,5,36,0.005599857307970524
4R6HA,0,"[146, 288]",428,5,37,0.00602285610511899
4R6HA,0,"[146, 288]",428,5,38,0.006348020397126675
4R6HA,0,"[146, 288]",428,5,39,0.005878452677279711
4R6HA,0,"[146, 288]",428,5,40,1.001100778579712
4R6HA,0,"[146, 288]",428,5,41,1.0129358768463135
4R6HA,0,"[146, 288]",428,5,42,1.0112934112548828
4R6HA,0,"[146, 288]",428,5,43,1.0159400701522827
4R6KA,0,"[150, 289]",428,5,0,0.005808857269585133
4R6KA,0,"[150, 289]",428,5,1,0.005484266672283411
4R6KA,0,"[150, 289]",428,5,2,0.005392826162278652
4R6KA,0,"[150, 289]",428,5,3,0.0058879791758954525
4R6KA,0,"[150, 289]",428,5,4,0.007209729868918657
4R6KA,0,"[150, 289]",428,5,5,0.007428273558616638
4R6KA,0,"[150, 289]",428,5,6,0.005937656387686729
4R6KA,0,"[150, 289]",428,5,7,0.005870301742106676
4R6KA,0,"[150, 289]",428,5,8,0.007113748230040073
4R6KA,0,"[150, 289]",428,5,9,0.005748391151428223
4R6KA,0,"[150, 289]",428,5,10,0.006602860521525145
4R6KA,0,"[150, 289]",428,5,11,0.006751637905836105
4R6KA,0,"[150, 289]",428,5,12,0.006480742711573839
4R6KA,0,"[150, 289]",428,5,13,0.006319486536085606
4R6KA,0,"[150, 289]",428,5,14,0.00846614595502615
4R6KA,0,"[150, 289]",428,5,15,0.0062205116264522076
4R6KA,0,"[150, 289]",428,5,16,0.0061499751172959805
4R6KA,0,"[150, 289]",428,5,17,0.006256279069930315
4R6KA,0,"[150, 289]",428,5,18,0.0064684320241212845
4R6KA,0,"[150, 289]",428,5,19,0.006204497534781694
4R6KA,0,"[150, 289]",428,5,20,0.0061323195695877075
4R6KA,0,"[150, 289]",428,5,21,0.005967165809124708
4R6KA,0,"[150, 289]",428,5,22,0.006534261628985405
4R6KA,0,"[150, 289]",428,5,23,0.006714147981256247
4R6KA,0,"[150, 289]",428,5,24,0.006365443114191294
4R6KA,0,"[150, 289]",428,5,25,0.0060498216189444065
4R6KA,0,"[150, 289]",428,5,26,0.0053934259340167046
4R6KA,0,"[150, 289]",428,5,27,0.006161033641546965
4R6KA,0,"[150, 289]",428,5,28,0.005924185272306204
4R6KA,0,"[150, 289]",428,5,29,0.005347957834601402
4R6KA,0,"[150, 289]",428,5,30,0.005144285038113594
4R6KA,0,"[150, 289]",428,5,31,0.005379739683121443
4R6KA,0,"[150, 289]",428,5,32,0.0050582606345415115
4R6KA,0,"[150, 289]",428,5,33,0.005054530221968889
4R6KA,0,"[150, 289]",428,5,34,0.005201623309403658
4R6KA,0,"[150, 289]",428,5,35,0.006188498344272375
4R6KA,0,"[150, 289]",428,5,36,0.006103862542659044
4R6KA,0,"[150, 289]",428,5,37,0.006236045155674219
4R6KA,0,"[150, 289]",428,5,38,0.006462850142270327
4R6KA,0,"[150, 289]",428,5,39,0.006904709618538618
4R6KA,0,"[150, 289]",428,5,40,0.005930647253990173
4R6KA,0,"[150, 289]",428,5,41,0.006296892184764147
4R6KA,0,"[150, 289]",428,5,42,0.4395965337753296
4R6KA,0,"[150, 289]",428,5,43,0.6188232898712158
4R6KA,0,"[150, 289]",428,5,44,0.6811209321022034
4R6KA,0,"[150, 289]",428,5,45,0.7724615931510925
4R6KA,0,"[150, 289]",428,5,46,0.7953210473060608
4R6KA,0,"[150, 289]",428,5,47,0.7290605306625366
4R6KA,0,"[150, 289]",428,5,48,0.6886350512504578
4R6KA,0,"[150, 289]",428,5,49,0.5779381394386292
4R6KA,0,"[150, 289]",428,5,50,0.832250714302063
4R6KA,0,"[150, 289]",428,5,51,0.6035057902336121
4R6KA,0,"[150, 289]",428,5,52,0.4749450385570526
4R6KA,0,"[150, 289]",428,5,53,0.5986692905426025
4R6KA,0,"[150, 289]",428,5,54,0.544375479221344
4R6KA,0,"[150, 289]",428,5,55,0.676119327545166
4R6KA,0,"[150, 289]",428,5,56,0.5897348523139954
4R6KA,0,"[150, 289]",428,5,57,0.5293371677398682
4R6KA,0,"[150, 289]",428,5,58,0.5069200992584229
4R6KA,0,"[150, 289]",428,5,59,0.5045621991157532
4R6KA,0,"[150, 289]",428,5,60,0.5238615870475769
4R75A,0,"[109, 220]",321,5,0,0.005306472070515156
4R75A,0,"[109, 220]",321,5,1,0.006113906390964985
4R75A,0,"[109, 220]",321,5,2,0.007048820145428181
4R75A,0,"[109, 220]",321,5,3,0.007035406306385994
4R75A,0,"[109, 220]",321,5,4,0.006360081024467945
4R75A,0,"[109, 220]",321,5,5,0.006073879078030586
4R75A,0,"[109, 220]",321,5,6,0.00786503404378891
4R75A,0,"[109, 220]",321,5,7,0.006349058356136084
4R75A,0,"[109, 220]",321,5,8,0.006381435319781303
4R75A,0,"[109, 220]",321,5,9,0.0063107809983193874
4R75A,0,"[109, 220]",321,5,10,0.005840696394443512
4R75A,0,"[109, 220]",321,5,11,0.006639010272920132
4R75A,0,"[109, 220]",321,5,12,0.006921013817191124
4R75A,0,"[109, 220]",321,5,13,0.0074187032878398895
4R75A,0,"[109, 220]",321,5,14,0.006061861291527748
4R75A,0,"[109, 220]",321,5,15,0.006365406792610884
4R75A,0,"[109, 220]",321,5,16,0.006701563019305468
4R75A,0,"[109, 220]",321,5,17,0.006423072423785925
4R75A,0,"[109, 220]",321,5,18,0.006722554098814726
4R75A,0,"[109, 220]",321,5,19,0.006948836613446474
4R75A,0,"[109, 220]",321,5,20,0.006168276537209749
4R75A,0,"[109, 220]",321,5,21,0.006094584707170725
4R75A,0,"[109, 220]",321,5,22,0.005716267973184586
4R75A,0,"[109, 220]",321,5,23,0.0059837521985173225
4R75A,0,"[109, 220]",321,5,24,0.006537615321576595
4R75A,0,"[109, 220]",321,5,25,0.006529232952743769
4R75A,0,"[109, 220]",321,5,26,0.004912877455353737
4R75A,0,"[109, 220]",321,5,27,0.7988762855529785
4R75A,0,"[109, 220]",321,5,28,0.9157282114028931
4R75A,0,"[109, 220]",321,5,29,0.9768652319908142
4R75A,0,"[109, 220]",321,5,30,1.0287609100341797
4R75A,0,"[109, 220]",321,5,31,1.0296376943588257
4R9FA,0,"[109, 334]",447,5,0,0.009434323757886887
4R9FA,0,"[109, 334]",447,5,1,0.009281669743359089
4R9FA,0,"[109, 334]",447,5,2,0.00967309158295393
4R9FA,0,"[109, 334]",447,5,3,0.009709334000945091
4R9FA,0,"[109, 334]",447,5,4,0.008613994345068932
4R9FA,0,"[109, 334]",447,5,5,0.008813311345875263
4R9FA,0,"[109, 334]",447,5,6,0.00977344624698162
4R9FA,0,"[109, 334]",447,5,7,0.008640753105282784
4R9FA,0,"[109, 334]",447,5,8,0.009043676778674126
4R9FA,0,"[109, 334]",447,5,9,0.00840404536575079
4R9FA,0,"[109, 334]",447,5,10,0.00862786453217268
4R9FA,0,"[109, 334]",447,5,11,0.009199798107147217
4R9FA,0,"[109, 334]",447,5,12,0.00859858375042677
4R9FA,0,"[109, 334]",447,5,13,0.008681864477694035
4R9FA,0,"[109, 334]",447,5,14,0.008587038144469261
4R9FA,0,"[109, 334]",447,5,15,0.008848125115036964
4R9FA,0,"[109, 334]",447,5,16,0.008729575201869011
4R9FA,0,"[109, 334]",447,5,17,0.00898428913205862
4R9FA,0,"[109, 334]",447,5,18,0.008567411452531815
4R9FA,0,"[109, 334]",447,5,19,0.008667347952723503
4R9FA,0,"[109, 334]",447,5,20,0.008538136258721352
4R9FA,0,"[109, 334]",447,5,21,0.008178303018212318
4R9FA,0,"[109, 334]",447,5,22,0.008510657586157322
4R9FA,0,"[109, 334]",447,5,23,0.008346855640411377
4R9FA,0,"[109, 334]",447,5,24,0.008098909631371498
4R9FA,0,"[109, 334]",447,5,25,0.007989509962499142
4R9FA,0,"[109, 334]",447,5,26,0.007891208864748478
4R9FA,0,"[109, 334]",447,5,27,0.009526055306196213
4R9FA,0,"[109, 334]",447,5,28,0.008464712649583817
4R9FA,0,"[109, 334]",447,5,29,0.007595771457999945
4R9FA,0,"[109, 334]",447,5,30,0.007794389501214027
4R9FA,0,"[109, 334]",447,5,31,0.008163796737790108
4R9FA,0,"[109, 334]",447,5,32,0.007635264191776514
4R9FA,0,"[109, 334]",447,5,33,0.007604668848216534
4R9FA,0,"[109, 334]",447,5,34,0.0080399289727211
4R9FA,0,"[109, 334]",447,5,35,0.00786812137812376
4R9FA,0,"[109, 334]",447,5,36,0.008085221983492374
4R9FA,0,"[109, 334]",447,5,37,0.00768626295030117
4R9FA,0,"[109, 334]",447,5,38,0.00884720403701067
4R9FA,0,"[109, 334]",447,5,39,0.008793673478066921
4R9FA,0,"[109, 334]",447,5,40,0.897840142250061
4R9FA,0,"[109, 334]",447,5,41,0.9007827639579773
4R9FA,0,"[109, 334]",447,5,42,0.906908392906189
4R9FA,0,"[109, 334]",447,5,43,0.8797301650047302
4RJ2A,0,"[72, 186]",237,5,0,0.005084450356662273
4RJ2A,0,"[72, 186]",237,5,1,0.008569926954805851
4RJ2A,0,"[72, 186]",237,5,2,0.005570567678660154
4RJ2A,0,"[72, 186]",237,5,3,0.005666584242135286
4RJ2A,0,"[72, 186]",237,5,4,0.0054943859577178955
4RJ2A,0,"[72, 186]",237,5,5,0.005614922381937504
4RJ2A,0,"[72, 186]",237,5,6,0.005890924483537674
4RJ2A,0,"[72, 186]",237,5,7,0.005822295788675547
4RJ2A,0,"[72, 186]",237,5,8,0.005952033679932356
4RJ2A,0,"[72, 186]",237,5,9,0.005667590536177158
4RJ2A,0,"[72, 186]",237,5,10,0.005749373231083155
4RJ2A,0,"[72, 186]",237,5,11,0.005923241842538118
4RJ2A,0,"[72, 186]",237,5,12,0.00589779345318675
4RJ2A,0,"[72, 186]",237,5,13,0.006639278493821621
4RJ2A,0,"[72, 186]",237,5,14,0.007095093838870525
4RJ2A,0,"[72, 186]",237,5,15,0.015556254424154758
4RJ2A,0,"[72, 186]",237,5,16,0.009771585464477539
4RJ2A,0,"[72, 186]",237,5,17,0.7556024789810181
4RJ2A,0,"[72, 186]",237,5,18,0.8431193828582764
4RJ2A,0,"[72, 186]",237,5,19,0.8806734681129456
4RK6A,0,"[105, 268]",287,5,0,0.006873707287013531
4RK6A,0,"[105, 268]",287,5,1,0.006883265916258097
4RK6A,0,"[105, 268]",287,5,2,0.008439330384135246
4RK6A,0,"[105, 268]",287,5,3,0.008151000365614891
4RK6A,0,"[105, 268]",287,5,4,0.007634959649294615
4RK6A,0,"[105, 268]",287,5,5,0.00819493643939495
4RK6A,0,"[105, 268]",287,5,6,0.006425695959478617
4RK6A,0,"[105, 268]",287,5,7,0.00510585168376565
4RK6A,0,"[105, 268]",287,5,8,0.005182462278753519
4RK6A,0,"[105, 268]",287,5,9,0.005292486399412155
4RK6A,0,"[105, 268]",287,5,10,0.005932866130024195
4RK6A,0,"[105, 268]",287,5,11,0.006083895917981863
4RK6A,0,"[105, 268]",287,5,12,0.006196947302669287
4RK6A,0,"[105, 268]",287,5,13,0.0058058444410562515
4RK6A,0,"[105, 268]",287,5,14,0.005955178756266832
4RK6A,0,"[105, 268]",287,5,15,0.006181941833347082
4RK6A,0,"[105, 268]",287,5,16,0.007114524953067303
4RK6A,0,"[105, 268]",287,5,17,0.006018646061420441
4RK6A,0,"[105, 268]",287,5,18,0.005859047640115023
4RK6A,0,"[105, 268]",287,5,19,0.005111135542392731
4RK6A,0,"[105, 268]",287,5,20,0.005135252606123686
4RK6A,0,"[105, 268]",287,5,21,0.005450854077935219
4RK6A,0,"[105, 268]",287,5,22,0.00575522193685174
4RK6A,0,"[105, 268]",287,5,23,0.005760396830737591
4RK6A,0,"[105, 268]",287,5,24,0.005932497791945934
4RK6A,0,"[105, 268]",287,5,25,0.005639309529215097
4RK6A,0,"[105, 268]",287,5,26,0.006721420679241419
4RK6A,0,"[105, 268]",287,5,27,0.00665411027148366
4RK6A,0,"[105, 268]",287,5,28,0.008264067582786083
4RK6A,0,"[105, 268]",287,5,29,0.010419981554150581
4RK6A,0,"[105, 268]",287,5,30,0.010318364016711712
4RK6A,0,"[105, 268]",287,5,31,0.0101408576592803
4RK6A,0,"[105, 268]",287,5,32,0.010405336506664753
4RK6A,0,"[105, 268]",287,5,33,0.010337336920201778
4RK6A,0,"[105, 268]",287,5,34,0.010049613192677498
4RK6A,0,"[105, 268]",287,5,35,0.010218321345746517
4RK6A,0,"[105, 268]",287,5,36,0.010473806411027908
4RK6A,0,"[105, 268]",287,5,37,0.010111750103533268
4RK6A,0,"[105, 268]",287,5,38,0.009768529795110226
4RK6A,0,"[105, 268]",287,5,39,0.008393428288400173
4RK6A,0,"[105, 268]",287,5,40,0.008032768033444881
4RK6A,0,"[105, 268]",287,5,41,0.008482036180794239
4RK6A,0,"[105, 268]",287,5,42,0.008351230062544346
4RK6A,0,"[105, 268]",287,5,43,0.008579951710999012
4RK6A,0,"[105, 268]",287,5,44,0.009924468584358692
4RK6A,0,"[105, 268]",287,5,45,0.009983005933463573
4RK6A,0,"[105, 268]",287,5,46,0.011892464011907578
4RK6A,0,"[105, 268]",287,5,47,0.010872325859963894
4RK6A,0,"[105, 268]",287,5,48,0.011901908554136753
4RK6A,0,"[105, 268]",287,5,49,0.011818434111773968
4RK6A,0,"[105, 268]",287,5,50,0.290163516998291
4RK6A,0,"[105, 268]",287,5,51,0.1330207884311676
4RK6A,0,"[105, 268]",287,5,52,0.012804638594388962
4RK6A,0,"[105, 268]",287,5,53,0.013471730053424835
4RK6A,0,"[105, 268]",287,5,54,0.3602391481399536
4RK6A,0,"[105, 268]",287,5,55,0.39675334095954895
4RK6A,0,"[105, 268]",287,5,56,0.5733794569969177
4RK6A,0,"[105, 268]",287,5,57,0.5894447565078735
4RK6A,0,"[105, 268]",287,5,58,0.6324111819267273
4RK6A,0,"[105, 268]",287,5,59,0.6386769413948059
4RK6A,0,"[105, 268]",287,5,60,0.6120042204856873
4RVCA,0,"[32, 188]",245,5,0,0.005442156456410885
4RVCA,0,"[32, 188]",245,5,1,0.0054121240973472595
4RVCA,0,"[32, 188]",245,5,2,0.005534107331186533
4RVCA,0,"[32, 188]",245,5,3,0.005203607026487589
4RVCA,0,"[32, 188]",245,5,4,0.005015979055315256
4RVCA,0,"[32, 188]",245,5,5,0.005163433495908976
4RVCA,0,"[32, 188]",245,5,6,0.005069328472018242
4RVCA,0,"[32, 188]",245,5,7,0.005542297847568989
4RVCA,0,"[32, 188]",245,5,8,0.005926693323999643
4RVCA,0,"[32, 188]",245,5,9,0.005257837940007448
4RVCA,0,"[32, 188]",245,5,10,0.005506139248609543
4RVCA,0,"[32, 188]",245,5,11,0.005618065595626831
4RVCA,0,"[32, 188]",245,5,12,0.7061107754707336
4RVCA,0,"[32, 188]",245,5,13,0.6719588041305542
4RVCA,0,"[32, 188]",245,5,14,0.6874299645423889
4RVCA,0,"[32, 188]",245,5,15,0.7489250898361206
4TL6A,0,"[43, 179]",253,5,0,0.0049154204316437244
4TL6A,0,"[43, 179]",253,5,1,0.004953534342348576
4TL6A,0,"[43, 179]",253,5,2,0.005198391154408455
4TL6A,0,"[43, 179]",253,5,3,0.005655483342707157
4TL6A,0,"[43, 179]",253,5,4,0.005074987653642893
4TL6A,0,"[43, 179]",253,5,5,0.004793724976480007
4TL6A,0,"[43, 179]",253,5,6,0.004725741688162088
4TL6A,0,"[43, 179]",253,5,7,0.004909921437501907
4TL6A,0,"[43, 179]",253,5,8,0.005082349758595228
4TL6A,0,"[43, 179]",253,5,9,0.0055980863980948925
4TL6A,0,"[43, 179]",253,5,10,0.005204204469919205
4TL6A,0,"[43, 179]",253,5,11,0.005762376822531223
4TL6A,0,"[43, 179]",253,5,12,0.005178963299840689
4TL6A,0,"[43, 179]",253,5,13,0.012910954654216766
4TL6A,0,"[43, 179]",253,5,14,0.019825879484415054
4TL6A,0,"[43, 179]",253,5,15,0.15856900811195374
4TL6A,0,"[43, 179]",253,5,16,0.2692684233188629
4TL6A,0,"[43, 179]",253,5,17,0.3660905957221985
4TL6A,0,"[43, 179]",253,5,18,0.562798261642456
4TL6A,0,"[43, 179]",253,5,19,0.9432620406150818
4TL6A,0,"[43, 179]",253,5,20,0.966982364654541
4TL6A,0,"[43, 179]",253,5,21,0.9658296704292297
4TL6A,0,"[43, 179]",253,5,22,1.04029381275177
4TL6A,0,"[43, 179]",253,5,23,1.080066442489624
4TL6A,0,"[43, 179]",253,5,24,1.0888621807098389
4TL6A,0,"[43, 179]",253,5,25,1.0782169103622437
4TL6A,0,"[43, 179]",253,5,26,1.057440161705017
4TL6A,0,"[43, 179]",253,5,27,1.0439269542694092
4TL6A,0,"[43, 179]",253,5,28,1.0230077505111694
4TL6A,0,"[43, 179]",253,5,29,0.9939948916435242
4TL6A,0,"[43, 179]",253,5,30,1.060461401939392
4TL6A,0,"[43, 179]",253,5,31,1.0318818092346191
4TL6A,0,"[43, 179]",253,5,32,1.0093512535095215
4TL6A,0,"[43, 179]",253,5,33,1.0130139589309692
4TL6A,0,"[43, 179]",253,5,34,1.0637325048446655
4TL6A,0,"[43, 179]",253,5,35,1.0598385334014893
4TL6A,0,"[43, 179]",253,5,36,1.0531320571899414
4TL6A,0,"[43, 179]",253,5,37,1.0680897235870361
4TL6A,0,"[43, 179]",253,5,38,1.0744951963424683
4TL6A,0,"[43, 179]",253,5,39,1.0646837949752808
4TL6A,0,"[43, 179]",253,5,40,1.0543559789657593
4TL6A,0,"[43, 179]",253,5,41,1.0557498931884766
4TL6A,0,"[43, 179]",253,5,42,1.0535753965377808
4TL6A,0,"[43, 179]",253,5,43,1.0514410734176636
4TL6A,0,"[43, 179]",253,5,44,1.0501211881637573
4TL6A,0,"[43, 179]",253,5,45,1.0459305047988892
4TL6A,0,"[43, 179]",253,5,46,1.040529727935791
4TL6A,0,"[43, 179]",253,5,47,1.0364296436309814
4TL6A,0,"[43, 179]",253,5,48,1.029089331626892
4TL6A,0,"[43, 179]",253,5,49,1.0350807905197144
4TL6A,0,"[43, 179]",253,5,50,1.0262302160263062
4TL6A,0,"[43, 179]",253,5,51,1.0367032289505005
4TL6A,0,"[43, 179]",253,5,52,1.0316460132598877
4TL6A,0,"[43, 179]",253,5,53,1.0249509811401367
4TL6A,0,"[43, 179]",253,5,54,1.0232306718826294
4TL6A,0,"[43, 179]",253,5,55,1.019745111465454
4TL6A,0,"[43, 179]",253,5,56,1.0182650089263916
4TL6A,0,"[43, 179]",253,5,57,1.019871473312378
4TL6A,0,"[43, 179]",253,5,58,1.0206787586212158
4TL6A,0,"[43, 179]",253,5,59,1.0208103656768799
4TL6A,0,"[43, 179]",253,5,60,1.0210212469100952
4UA6A,0,"[21, 235]",263,5,0,0.004956580698490143
4UA6A,0,"[21, 235]",263,5,1,0.0050885239616036415
4UA6A,0,"[21, 235]",263,5,2,0.0051678200252354145
4UA6A,0,"[21, 235]",263,5,3,0.004756794776767492
4UA6A,0,"[21, 235]",263,5,4,0.003492152551189065
4UA6A,0,"[21, 235]",263,5,5,0.0032619796693325043
4UA6A,0,"[21, 235]",263,5,6,0.005371445324271917
4UA6A,0,"[21, 235]",263,5,7,0.0037028989754617214
4UA6A,0,"[21, 235]",263,5,8,0.003189216833561659
4UA6A,0,"[21, 235]",263,5,9,0.00293759279884398
4UA6A,0,"[21, 235]",263,5,10,0.002933540614321828
4UA6A,0,"[21, 235]",263,5,11,0.0059045772068202496
4UA6A,0,"[21, 235]",263,5,12,0.0058594378642737865
4UA6A,0,"[21, 235]",263,5,13,0.006329676602035761
4UA6A,0,"[21, 235]",263,5,14,0.0065748984925448895
4UA6A,0,"[21, 235]",263,5,15,0.02328065037727356
4UA6A,0,"[21, 235]",263,5,16,0.017113706097006798
4UA6A,0,"[21, 235]",263,5,17,0.02480819821357727
4UA6A,0,"[21, 235]",263,5,18,0.041517224162817
4UA6A,0,"[21, 235]",263,5,19,0.6906648278236389
4UA6A,0,"[21, 235]",263,5,20,0.8674221038818359
4UA6A,0,"[21, 235]",263,5,21,0.9296143054962158
4UA6A,0,"[21, 235]",263,5,22,0.977199375629425
4UA6A,0,"[21, 235]",263,5,23,0.977199375629425
4UA8A,0,"[139, 260]",400,5,0,0.006830370519310236
4UA8A,0,"[139, 260]",400,5,1,0.006531249266117811
4UA8A,0,"[139, 260]",400,5,2,0.007177155464887619
4UA8A,0,"[139, 260]",400,5,3,0.007990041747689247
4UA8A,0,"[139, 260]",400,5,4,0.006756134796887636
4UA8A,0,"[139, 260]",400,5,5,0.006872259546071291
4UA8A,0,"[139, 260]",400,5,6,0.006582417991012335
4UA8A,0,"[139, 260]",400,5,7,0.006437983829528093
4UA8A,0,"[139, 260]",400,5,8,0.006836893502622843
4UA8A,0,"[139, 260]",400,5,9,0.007010499481111765
4UA8A,0,"[139, 260]",400,5,10,0.007257569581270218
4UA8A,0,"[139, 260]",400,5,11,0.0073640919290483
4UA8A,0,"[139, 260]",400,5,12,0.007455427199602127
4UA8A,0,"[139, 260]",400,5,13,0.006781951989978552
4UA8A,0,"[139, 260]",400,5,14,0.006696599069982767
4UA8A,0,"[139, 260]",400,5,15,0.006545441225171089
4UA8A,0,"[139, 260]",400,5,16,0.006631751544773579
4UA8A,0,"[139, 260]",400,5,17,0.007036387920379639
4UA8A,0,"[139, 260]",400,5,18,0.007028399966657162
4UA8A,0,"[139, 260]",400,5,19,0.007615950889885426
4UA8A,0,"[139, 260]",400,5,20,0.007827728986740112
4UA8A,0,"[139, 260]",400,5,21,0.008586602285504341
4UA8A,0,"[139, 260]",400,5,22,0.008233546279370785
4UA8A,0,"[139, 260]",400,5,23,0.008574181236326694
4UA8A,0,"[139, 260]",400,5,24,0.008406789042055607
4UA8A,0,"[139, 260]",400,5,25,0.007175453472882509
4UA8A,0,"[139, 260]",400,5,26,0.0064294226467609406
4UA8A,0,"[139, 260]",400,5,27,0.006705540232360363
4UA8A,0,"[139, 260]",400,5,28,0.006857872940599918
4UA8A,0,"[139, 260]",400,5,29,0.00739861186593771
4UA8A,0,"[139, 260]",400,5,30,0.007162480615079403
4UA8A,0,"[139, 260]",400,5,31,0.00712871877476573
4UA8A,0,"[139, 260]",400,5,32,0.007122875656932592
4UA8A,0,"[139, 260]",400,5,33,0.007698683068156242
4UA8A,0,"[139, 260]",400,5,34,0.007699837442487478
4UA8A,0,"[139, 260]",400,5,35,0.0072982474230229855
4UA8A,0,"[139, 260]",400,5,36,0.008393817581236362
4UA8A,0,"[139, 260]",400,5,37,0.958964467048645
4UA8A,0,"[139, 260]",400,5,38,0.9873532652854919
4UA8A,0,"[139, 260]",400,5,39,0.9665580987930298
4UDQA,0,"[33, 226]",531,5,0,0.012301517650485039
4UDQA,0,"[33, 226]",531,5,1,0.008602608926594257
4UDQA,0,"[33, 226]",531,5,2,0.007032163441181183
4UDQA,0,"[33, 226]",531,5,3,0.006943151820451021
4UDQA,0,"[33, 226]",531,5,4,0.007924581877887249
4UDQA,0,"[33, 226]",531,5,5,0.007266815286129713
4UDQA,0,"[33, 226]",531,5,6,0.007199127227067947
4UDQA,0,"[33, 226]",531,5,7,0.006996008567512035
4UDQA,0,"[33, 226]",531,5,8,0.007939310744404793
4UDQA,0,"[33, 226]",531,5,9,0.00796122383326292
4UDQA,0,"[33, 226]",531,5,10,0.008190286345779896
4UDQA,0,"[33, 226]",531,5,11,0.007847248576581478
4UDQA,0,"[33, 226]",531,5,12,0.007734783459454775
4UDQA,0,"[33, 226]",531,5,13,0.007049040403217077
4UDQA,0,"[33, 226]",531,5,14,0.007398085668683052
4UDQA,0,"[33, 226]",531,5,15,0.007175283972173929
4UDQA,0,"[33, 226]",531,5,16,0.007111082319170237
4UDQA,0,"[33, 226]",531,5,17,0.006852992810308933
4UDQA,0,"[33, 226]",531,5,18,0.007047895807772875
4UDQA,0,"[33, 226]",531,5,19,0.0072600445710122585
4UDQA,0,"[33, 226]",531,5,20,0.006998063530772924
4UDQA,0,"[33, 226]",531,5,21,0.007050318643450737
4UDQA,0,"[33, 226]",531,5,22,0.006799142807722092
4UDQA,0,"[33, 226]",531,5,23,0.006698221433907747
4UDQA,0,"[33, 226]",531,5,24,0.007572088856250048
4UDQA,0,"[33, 226]",531,5,25,0.007891276851296425
4UDQA,0,"[33, 226]",531,5,26,0.0074837240390479565
4UDQA,0,"[33, 226]",531,5,27,0.006738725118339062
4UDQA,0,"[33, 226]",531,5,28,0.007301616482436657
4UDQA,0,"[33, 226]",531,5,29,0.007313211914151907
4UDQA,0,"[33, 226]",531,5,30,0.00699005089700222
4UDQA,0,"[33, 226]",531,5,31,0.0069766901433467865
4UDQA,0,"[33, 226]",531,5,32,0.007374844513833523
4UDQA,0,"[33, 226]",531,5,33,0.007061320822685957
4UDQA,0,"[33, 226]",531,5,34,0.0068436358124017715
4UDQA,0,"[33, 226]",531,5,35,0.007238234393298626
4UDQA,0,"[33, 226]",531,5,36,0.007341184187680483
4UDQA,0,"[33, 226]",531,5,37,0.007071023341268301
4UDQA,0,"[33, 226]",531,5,38,0.00717503298074007
4UDQA,0,"[33, 226]",531,5,39,0.006975187920033932
4UDQA,0,"[33, 226]",531,5,40,0.006978892721235752
4UDQA,0,"[33, 226]",531,5,41,0.007005720864981413
4UDQA,0,"[33, 226]",531,5,42,0.007464787922799587
4UDQA,0,"[33, 226]",531,5,43,0.007524521090090275
4UDQA,0,"[33, 226]",531,5,44,0.007403199095278978
4UDQA,0,"[33, 226]",531,5,45,0.007477547042071819
4UDQA,0,"[33, 226]",531,5,46,0.007601937744766474
4UDQA,0,"[33, 226]",531,5,47,0.007735895458608866
4UDQA,0,"[33, 226]",531,5,48,0.008289840072393417
4UDQA,0,"[33, 226]",531,5,49,0.007315185386687517
4UDQA,0,"[33, 226]",531,5,50,0.007668446283787489
4UDQA,0,"[33, 226]",531,5,51,0.9168110489845276
4UDQA,0,"[33, 226]",531,5,52,0.9099868535995483
4UDQA,0,"[33, 226]",531,5,53,0.9074305891990662
4UDQA,0,"[33, 226]",531,5,54,0.9153048992156982
4UDQA,0,"[33, 226]",531,5,55,0.9133779406547546
4USKA,0,"[203, 307]",346,5,0,0.0064752125181257725
4USKA,0,"[203, 307]",346,5,1,0.006706986576318741
4USKA,0,"[203, 307]",346,5,2,0.007420588284730911
4USKA,0,"[203, 307]",346,5,3,0.006357975769788027
4USKA,0,"[203, 307]",346,5,4,0.006961155217140913
4USKA,0,"[203, 307]",346,5,5,0.007634835317730904
4USKA,0,"[203, 307]",346,5,6,0.008272734470665455
4USKA,0,"[203, 307]",346,5,7,0.00748791266232729
4USKA,0,"[203, 307]",346,5,8,0.008742760866880417
4USKA,0,"[203, 307]",346,5,9,0.00827561691403389
4USKA,0,"[203, 307]",346,5,10,0.010297784581780434
4USKA,0,"[203, 307]",346,5,11,0.008422929793596268
4USKA,0,"[203, 307]",346,5,12,0.007283894810825586
4USKA,0,"[203, 307]",346,5,13,0.0074264900758862495
4USKA,0,"[203, 307]",346,5,14,0.007535841315984726
4USKA,0,"[203, 307]",346,5,15,0.007339939940720797
4USKA,0,"[203, 307]",346,5,16,0.010283705778419971
4USKA,0,"[203, 307]",346,5,17,0.010321996174752712
4USKA,0,"[203, 307]",346,5,18,0.010125966742634773
4USKA,0,"[203, 307]",346,5,19,0.010151776485145092
4USKA,0,"[203, 307]",346,5,20,0.007324541918933392
4USKA,0,"[203, 307]",346,5,21,0.00715402839705348
4USKA,0,"[203, 307]",346,5,22,0.009051060304045677
4USKA,0,"[203, 307]",346,5,23,0.00976453348994255
4USKA,0,"[203, 307]",346,5,24,0.009939109906554222
4USKA,0,"[203, 307]",346,5,25,0.009287727996706963
4USKA,0,"[203, 307]",346,5,26,0.009284021332859993
4USKA,0,"[203, 307]",346,5,27,0.008298779837787151
4USKA,0,"[203, 307]",346,5,28,0.008788681589066982
4USKA,0,"[203, 307]",346,5,29,0.008224624209105968
4USKA,0,"[203, 307]",346,5,30,0.018526239320635796
4USKA,0,"[203, 307]",346,5,31,0.027130231261253357
4USKA,0,"[203, 307]",346,5,32,0.01604531705379486
4USKA,0,"[203, 307]",346,5,33,0.02030341513454914
4USKA,0,"[203, 307]",346,5,34,0.017579618841409683
4USKA,0,"[203, 307]",346,5,35,0.023818913847208023
4USKA,0,"[203, 307]",346,5,36,0.0256235022097826
4USKA,0,"[203, 307]",346,5,37,0.06062369421124458
4USKA,0,"[203, 307]",346,5,38,0.03714769706130028
4USKA,0,"[203, 307]",346,5,39,0.01856684684753418
4USKA,0,"[203, 307]",346,5,40,0.01881461776793003
4USKA,0,"[203, 307]",346,5,41,0.019825011491775513
4USKA,0,"[203, 307]",346,5,42,0.023188842460513115
4USKA,0,"[203, 307]",346,5,43,0.01412288099527359
4USKA,0,"[203, 307]",346,5,44,0.017661077901721
4USKA,0,"[203, 307]",346,5,45,0.018296977505087852
4USKA,0,"[203, 307]",346,5,46,0.01736183650791645
4USKA,0,"[203, 307]",346,5,47,0.018232712522149086
4USKA,0,"[203, 307]",346,5,48,0.01678839698433876
4USKA,0,"[203, 307]",346,5,49,0.015666048973798752
4USKA,0,"[203, 307]",346,5,50,0.016076678410172462
4USKA,0,"[203, 307]",346,5,51,0.01616576872766018
4USKA,0,"[203, 307]",346,5,52,0.016793303191661835
4USKA,0,"[203, 307]",346,5,53,0.019777243956923485
4USKA,0,"[203, 307]",346,5,54,0.028785698115825653
4USKA,0,"[203, 307]",346,5,55,0.16407223045825958
4USKA,0,"[203, 307]",346,5,56,0.022053172811865807
4USKA,0,"[203, 307]",346,5,57,0.020165549591183662
4USKA,0,"[203, 307]",346,5,58,0.2674514055252075
4USKA,0,"[203, 307]",346,5,59,0.01878589205443859
4USKA,0,"[203, 307]",346,5,60,0.024832289665937424
4WBTA,0,"[57, 267]",376,5,0,0.005578805226832628
4WBTA,0,"[57, 267]",376,5,1,0.004440139047801495
4WBTA,0,"[57, 267]",376,5,2,0.004506721161305904
4WBTA,0,"[57, 267]",376,5,3,0.0051033105701208115
4WBTA,0,"[57, 267]",376,5,4,0.005369235295802355
4WBTA,0,"[57, 267]",376,5,5,0.005518279504030943
4WBTA,0,"[57, 267]",376,5,6,0.005149358417838812
4WBTA,0,"[57, 267]",376,5,7,0.006376955658197403
4WBTA,0,"[57, 267]",376,5,8,0.006545668933540583
4WBTA,0,"[57, 267]",376,5,9,0.006348095368593931
4WBTA,0,"[57, 267]",376,5,10,0.006212871056050062
4WBTA,0,"[57, 267]",376,5,11,0.005372902844101191
4WBTA,0,"[57, 267]",376,5,12,0.005826620385050774
4WBTA,0,"[57, 267]",376,5,13,0.004979074466973543
4WBTA,0,"[57, 267]",376,5,14,0.004911709576845169
4WBTA,0,"[57, 267]",376,5,15,0.005605325568467379
4WBTA,0,"[57, 267]",376,5,16,0.005430118180811405
4WBTA,0,"[57, 267]",376,5,17,0.005559669341892004
4WBTA,0,"[57, 267]",376,5,18,0.005135452374815941
4WBTA,0,"[57, 267]",376,5,19,0.004517354536801577
4WBTA,0,"[57, 267]",376,5,20,0.004511720966547728
4WBTA,0,"[57, 267]",376,5,21,0.004601147957146168
4WBTA,0,"[57, 267]",376,5,22,0.004571354482322931
4WBTA,0,"[57, 267]",376,5,23,0.005191258620470762
4WBTA,0,"[57, 267]",376,5,24,0.0053437561728060246
4WBTA,0,"[57, 267]",376,5,25,0.0055637052282691
4WBTA,0,"[57, 267]",376,5,26,0.006255971733480692
4WBTA,0,"[57, 267]",376,5,27,0.006764423567801714
4WBTA,0,"[57, 267]",376,5,28,0.013057948090136051
4WBTA,0,"[57, 267]",376,5,29,0.01127878949046135
4WBTA,0,"[57, 267]",376,5,30,0.012325963005423546
4WBTA,0,"[57, 267]",376,5,31,0.011556584388017654
4WBTA,0,"[57, 267]",376,5,32,0.011472460813820362
4WBTA,0,"[57, 267]",376,5,33,0.011465121060609818
4WBTA,0,"[57, 267]",376,5,34,0.011109830811619759
4WBTA,0,"[57, 267]",376,5,35,0.01089328434318304
4WBTA,0,"[57, 267]",376,5,36,0.011005205102264881
4WBTA,0,"[57, 267]",376,5,37,0.010644950903952122
4WBTA,0,"[57, 267]",376,5,38,0.010636732913553715
4WBTA,0,"[57, 267]",376,5,39,0.011314013972878456
4WBTA,0,"[57, 267]",376,5,40,0.011041692458093166
4WBTA,0,"[57, 267]",376,5,41,0.011161264032125473
4WBTA,0,"[57, 267]",376,5,42,0.011417625471949577
4WBTA,0,"[57, 267]",376,5,43,0.011106012389063835
4WBTA,0,"[57, 267]",376,5,44,0.010799744166433811
4WBTA,0,"[57, 267]",376,5,45,0.011748341843485832
4WBTA,0,"[57, 267]",376,5,46,0.011605086736381054
4WBTA,0,"[57, 267]",376,5,47,0.011456071399152279
4WBTA,0,"[57, 267]",376,5,48,0.01174131128937006
4WBTA,0,"[57, 267]",376,5,49,0.011771316640079021
4WBTA,0,"[57, 267]",376,5,50,0.011523092165589333
4WBTA,0,"[57, 267]",376,5,51,0.011070874519646168
4WBTA,0,"[57, 267]",376,5,52,0.01147459913045168
4WBTA,0,"[57, 267]",376,5,53,0.011139104142785072
4WBTA,0,"[57, 267]",376,5,54,0.01171659491956234
4WBTA,0,"[57, 267]",376,5,55,0.021091682836413383
4WBTA,0,"[57, 267]",376,5,56,0.08605841547250748
4WBTA,0,"[57, 267]",376,5,57,0.08538564294576645
4WBTA,0,"[57, 267]",376,5,58,0.07640136778354645
4WBTA,0,"[57, 267]",376,5,59,0.07342734932899475
4WBTA,0,"[57, 267]",376,5,60,0.07888330519199371
4WY2A,0,"[159, 271]",319,5,0,0.008515525609254837
4WY2A,0,"[159, 271]",319,5,1,0.008794005960226059
4WY2A,0,"[159, 271]",319,5,2,0.007692364975810051
4WY2A,0,"[159, 271]",319,5,3,0.007610693108290434
4WY2A,0,"[159, 271]",319,5,4,0.007752987556159496
4WY2A,0,"[159, 271]",319,5,5,0.006715814583003521
4WY2A,0,"[159, 271]",319,5,6,0.006931660231202841
4WY2A,0,"[159, 271]",319,5,7,0.007273077964782715
4WY2A,0,"[159, 271]",319,5,8,0.0066870045848190784
4WY2A,0,"[159, 271]",319,5,9,0.00688911322504282
4WY2A,0,"[159, 271]",319,5,10,0.007339500356465578
4WY2A,0,"[159, 271]",319,5,11,0.006327533163130283
4WY2A,0,"[159, 271]",319,5,12,0.006594408303499222
4WY2A,0,"[159, 271]",319,5,13,0.005858618300408125
4WY2A,0,"[159, 271]",319,5,14,0.006450911983847618
4WY2A,0,"[159, 271]",319,5,15,0.0061524538323283195
4WY2A,0,"[159, 271]",319,5,16,0.005528824403882027
4WY2A,0,"[159, 271]",319,5,17,0.0061707100830972195
4WY2A,0,"[159, 271]",319,5,18,0.0062117730267345905
4WY2A,0,"[159, 271]",319,5,19,0.006006044335663319
4WY2A,0,"[159, 271]",319,5,20,0.005938555113971233
4WY2A,0,"[159, 271]",319,5,21,0.006049185525625944
4WY2A,0,"[159, 271]",319,5,22,0.006699147634208202
4WY2A,0,"[159, 271]",319,5,23,0.006794360466301441
4WY2A,0,"[159, 271]",319,5,24,0.006956630386412144
4WY2A,0,"[159, 271]",319,5,25,0.006991872563958168
4WY2A,0,"[159, 271]",319,5,26,0.0069097173400223255
4WY2A,0,"[159, 271]",319,5,27,0.9313880205154419
4WY2A,0,"[159, 271]",319,5,28,0.9381961226463318
4WY2A,0,"[159, 271]",319,5,29,0.9510517120361328
4WY2A,0,"[159, 271]",319,5,30,0.9509359002113342
4WY2A,0,"[159, 271]",319,5,31,0.9562258720397949
4XLZA,0,"[35, 136]",267,5,0,0.006764028687030077
4XLZA,0,"[35, 136]",267,5,1,0.006556318141520023
4XLZA,0,"[35, 136]",267,5,2,0.00734410947188735
4XLZA,0,"[35, 136]",267,5,3,0.006471934728324413
4XLZA,0,"[35, 136]",267,5,4,0.006397424731403589
4XLZA,0,"[35, 136]",267,5,5,0.0060135675594210625
4XLZA,0,"[35, 136]",267,5,6,0.00617248984053731
4XLZA,0,"[35, 136]",267,5,7,0.006058710627257824
4XLZA,0,"[35, 136]",267,5,8,0.006337450817227364
4XLZA,0,"[35, 136]",267,5,9,0.0054513863287866116
4XLZA,0,"[35, 136]",267,5,10,0.005528419744223356
4XLZA,0,"[35, 136]",267,5,11,0.0052211694419384
4XLZA,0,"[35, 136]",267,5,12,0.0054575856775045395
4XLZA,0,"[35, 136]",267,5,13,0.0052816965617239475
4XLZA,0,"[35, 136]",267,5,14,0.005815323442220688
4XLZA,0,"[35, 136]",267,5,15,0.01024954579770565
4XLZA,0,"[35, 136]",267,5,16,0.010582667775452137
4XLZA,0,"[35, 136]",267,5,17,0.010786391794681549
4XLZA,0,"[35, 136]",267,5,18,0.010642283596098423
4XLZA,0,"[35, 136]",267,5,19,0.010299582034349442
4XLZA,0,"[35, 136]",267,5,20,0.007160167675465345
4XLZA,0,"[35, 136]",267,5,21,0.006590400822460651
4XLZA,0,"[35, 136]",267,5,22,0.008665344677865505
4XLZA,0,"[35, 136]",267,5,23,0.008363609202206135
4XLZA,0,"[35, 136]",267,5,24,0.008362079039216042
4XLZA,0,"[35, 136]",267,5,25,0.00647950591519475
4XLZA,0,"[35, 136]",267,5,26,0.0057845707051455975
4XLZA,0,"[35, 136]",267,5,27,0.007432570680975914
4XLZA,0,"[35, 136]",267,5,28,0.006325763650238514
4XLZA,0,"[35, 136]",267,5,29,0.006088860798627138
4XLZA,0,"[35, 136]",267,5,30,0.005427141673862934
4XLZA,0,"[35, 136]",267,5,31,0.006382641848176718
4XLZA,0,"[35, 136]",267,5,32,0.007154279854148626
4XLZA,0,"[35, 136]",267,5,33,0.00795133039355278
4XLZA,0,"[35, 136]",267,5,34,0.00977422297000885
4XLZA,0,"[35, 136]",267,5,35,0.009441884234547615
4XLZA,0,"[35, 136]",267,5,36,0.007846904918551445
4XLZA,0,"[35, 136]",267,5,37,0.00831642933189869
4XLZA,0,"[35, 136]",267,5,38,0.11777452379465103
4XLZA,0,"[35, 136]",267,5,39,0.0068346853367984295
4XLZA,0,"[35, 136]",267,5,40,0.006183121353387833
4XLZA,0,"[35, 136]",267,5,41,0.006192323751747608
4XLZA,0,"[35, 136]",267,5,42,0.006353509146720171
4XLZA,0,"[35, 136]",267,5,43,0.0067094056867063046
4XLZA,0,"[35, 136]",267,5,44,0.008232192136347294
4XLZA,0,"[35, 136]",267,5,45,0.445403516292572
4XLZA,0,"[35, 136]",267,5,46,0.6039663553237915
4XLZA,0,"[35, 136]",267,5,47,0.6651625633239746
4XLZA,0,"[35, 136]",267,5,48,0.8027552962303162
4XLZA,0,"[35, 136]",267,5,49,0.8433084487915039
4XLZA,0,"[35, 136]",267,5,50,0.847318172454834
4XLZA,0,"[35, 136]",267,5,51,0.8558617830276489
4XLZA,0,"[35, 136]",267,5,52,0.8585394620895386
4XLZA,0,"[35, 136]",267,5,53,0.8516824841499329
4XLZA,0,"[35, 136]",267,5,54,0.8505778908729553
4XLZA,0,"[35, 136]",267,5,55,0.8488408327102661
4XLZA,0,"[35, 136]",267,5,56,0.8511729836463928
4XLZA,0,"[35, 136]",267,5,57,0.8472067713737488
4XLZA,0,"[35, 136]",267,5,58,0.8449431657791138
4XLZA,0,"[35, 136]",267,5,59,0.8446124792098999
4XLZA,0,"[35, 136]",267,5,60,0.8433406949043274
4Y1BA,0,"[74, 178]",425,5,0,0.007826404646039009
4Y1BA,0,"[74, 178]",425,5,1,0.007619029376655817
4Y1BA,0,"[74, 178]",425,5,2,0.007408156059682369
4Y1BA,0,"[74, 178]",425,5,3,0.009462783113121986
4Y1BA,0,"[74, 178]",425,5,4,0.007126303389668465
4Y1BA,0,"[74, 178]",425,5,5,0.008404909633100033
4Y1BA,0,"[74, 178]",425,5,6,0.008726474829018116
4Y1BA,0,"[74, 178]",425,5,7,0.007479947991669178
4Y1BA,0,"[74, 178]",425,5,8,0.008239272981882095
4Y1BA,0,"[74, 178]",425,5,9,0.007739570923149586
4Y1BA,0,"[74, 178]",425,5,10,0.007969883270561695
4Y1BA,0,"[74, 178]",425,5,11,0.007784832268953323
4Y1BA,0,"[74, 178]",425,5,12,0.007697977125644684
4Y1BA,0,"[74, 178]",425,5,13,0.007576414383947849
4Y1BA,0,"[74, 178]",425,5,14,0.007602017372846603
4Y1BA,0,"[74, 178]",425,5,15,0.0071948315016925335
4Y1BA,0,"[74, 178]",425,5,16,0.007043925579637289
4Y1BA,0,"[74, 178]",425,5,17,0.007889618165791035
4Y1BA,0,"[74, 178]",425,5,18,0.007943520322442055
4Y1BA,0,"[74, 178]",425,5,19,0.007421379908919334
4Y1BA,0,"[74, 178]",425,5,20,0.007478376850485802
4Y1BA,0,"[74, 178]",425,5,21,0.006446593441069126
4Y1BA,0,"[74, 178]",425,5,22,0.006723841652274132
4Y1BA,0,"[74, 178]",425,5,23,0.0073453751392662525
4Y1BA,0,"[74, 178]",425,5,24,0.0068666464649140835
4Y1BA,0,"[74, 178]",425,5,25,0.006925120484083891
4Y1BA,0,"[74, 178]",425,5,26,0.007243028376251459
4Y1BA,0,"[74, 178]",425,5,27,0.007562367245554924
4Y1BA,0,"[74, 178]",425,5,28,0.007755871396511793
4Y1BA,0,"[74, 178]",425,5,29,0.00755572784692049
4Y1BA,0,"[74, 178]",425,5,30,0.007366690784692764
4Y1BA,0,"[74, 178]",425,5,31,0.007658312562853098
4Y1BA,0,"[74, 178]",425,5,32,0.007658102083951235
4Y1BA,0,"[74, 178]",425,5,33,1.1160131692886353
4Y1BA,0,"[74, 178]",425,5,34,1.11579167842865
4Y1BA,0,"[74, 178]",425,5,35,1.1158618927001953
4Y9TA,0,"[47, 275]",346,5,0,0.006018403917551041
4Y9TA,0,"[47, 275]",346,5,1,0.006373744457960129
4Y9TA,0,"[47, 275]",346,5,2,0.004403278231620789
4Y9TA,0,"[47, 275]",346,5,3,0.005472723860293627
4Y9TA,0,"[47, 275]",346,5,4,0.004742694087326527
4Y9TA,0,"[47, 275]",346,5,5,0.004956200253218412
4Y9TA,0,"[47, 275]",346,5,6,0.00524766743183136
4Y9TA,0,"[47, 275]",346,5,7,0.005145753733813763
4Y9TA,0,"[47, 275]",346,5,8,0.005329882726073265
4Y9TA,0,"[47, 275]",346,5,9,0.00409610103815794
4Y9TA,0,"[47, 275]",346,5,10,0.005493251606822014
4Y9TA,0,"[47, 275]",346,5,11,0.004966433160007
4Y9TA,0,"[47, 275]",346,5,12,0.005129532422870398
4Y9TA,0,"[47, 275]",346,5,13,0.0045398022048175335
4Y9TA,0,"[47, 275]",346,5,14,0.0036884990986436605
4Y9TA,0,"[47, 275]",346,5,15,0.0050602806732058525
4Y9TA,0,"[47, 275]",346,5,16,0.004993378184735775
4Y9TA,0,"[47, 275]",346,5,17,0.00505734933540225
4Y9TA,0,"[47, 275]",346,5,18,0.004619160667061806
4Y9TA,0,"[47, 275]",346,5,19,0.004803115036338568
4Y9TA,0,"[47, 275]",346,5,20,0.004956502467393875
4Y9TA,0,"[47, 275]",346,5,21,0.005255305208265781
4Y9TA,0,"[47, 275]",346,5,22,0.00599732855334878
4Y9TA,0,"[47, 275]",346,5,23,0.0049454523250460625
4Y9TA,0,"[47, 275]",346,5,24,0.006045841611921787
4Y9TA,0,"[47, 275]",346,5,25,0.012946571223437786
4Y9TA,0,"[47, 275]",346,5,26,0.013721080496907234
4Y9TA,0,"[47, 275]",346,5,27,0.01382286287844181
4Y9TA,0,"[47, 275]",346,5,28,0.013001416809856892
4Y9TA,0,"[47, 275]",346,5,29,0.012785962782800198
4Y9TA,0,"[47, 275]",346,5,30,0.0145118972286582
4Y9TA,0,"[47, 275]",346,5,31,0.013759305700659752
4Y9TA,0,"[47, 275]",346,5,32,0.01516276691108942
4Y9TA,0,"[47, 275]",346,5,33,0.015181873925030231
4Y9TA,0,"[47, 275]",346,5,34,0.014043305069208145
4Y9TA,0,"[47, 275]",346,5,35,0.013570181094110012
4Y9TA,0,"[47, 275]",346,5,36,0.013974633067846298
4Y9TA,0,"[47, 275]",346,5,37,0.0197723638266325
4Y9TA,0,"[47, 275]",346,5,38,0.015737807378172874
4Y9TA,0,"[47, 275]",346,5,39,0.013983345590531826
4Y9TA,0,"[47, 275]",346,5,40,0.012571398168802261
4Y9TA,0,"[47, 275]",346,5,41,0.01249974500387907
4Y9TA,0,"[47, 275]",346,5,42,0.0121505968272686
4Y9TA,0,"[47, 275]",346,5,43,0.011566344648599625
4Y9TA,0,"[47, 275]",346,5,44,0.011591268703341484
4Y9TA,0,"[47, 275]",346,5,45,0.011258130893111229
4Y9TA,0,"[47, 275]",346,5,46,0.011398936621844769
4Y9TA,0,"[47, 275]",346,5,47,0.011827612295746803
4Y9TA,0,"[47, 275]",346,5,48,0.01221343781799078
4Y9TA,0,"[47, 275]",346,5,49,0.012464416213333607
4Y9TA,0,"[47, 275]",346,5,50,0.012708520516753197
4Y9TA,0,"[47, 275]",346,5,51,0.011155187152326107
4Y9TA,0,"[47, 275]",346,5,52,0.012176849879324436
4Y9TA,0,"[47, 275]",346,5,53,0.012495343573391438
4Y9TA,0,"[47, 275]",346,5,54,0.012081034481525421
4Y9TA,0,"[47, 275]",346,5,55,0.0123439971357584
4Y9TA,0,"[47, 275]",346,5,56,0.012785255908966064
4Y9TA,0,"[47, 275]",346,5,57,0.012874188832938671
4Y9TA,0,"[47, 275]",346,5,58,0.012522310949862003
4Y9TA,0,"[47, 275]",346,5,59,0.012769433669745922
4Y9TA,0,"[47, 275]",346,5,60,0.013216772116720676
4YGSA,0,"[94, 206]",229,5,0,0.006526974495500326
4YGSA,0,"[94, 206]",229,5,1,0.005224308930337429
4YGSA,0,"[94, 206]",229,5,2,0.004926885943859816
4YGSA,0,"[94, 206]",229,5,3,0.005605513229966164
4YGSA,0,"[94, 206]",229,5,4,0.005112034734338522
4YGSA,0,"[94, 206]",229,5,5,0.005503448657691479
4YGSA,0,"[94, 206]",229,5,6,0.004551673773676157
4YGSA,0,"[94, 206]",229,5,7,0.005467500537633896
4YGSA,0,"[94, 206]",229,5,8,0.00631142221391201
4YGSA,0,"[94, 206]",229,5,9,0.006156357005238533
4YGSA,0,"[94, 206]",229,5,10,0.005640954710543156
4YGSA,0,"[94, 206]",229,5,11,0.005476098973304033
4YGSA,0,"[94, 206]",229,5,12,0.004948481917381287
4YGSA,0,"[94, 206]",229,5,13,0.005512535106390715
4YGSA,0,"[94, 206]",229,5,14,0.006102982442826033
4YGSA,0,"[94, 206]",229,5,15,0.007162256632000208
4YGSA,0,"[94, 206]",229,5,16,0.010602938011288643
4YGSA,0,"[94, 206]",229,5,17,0.012619717046618462
4YGSA,0,"[94, 206]",229,5,18,0.013469712808728218
4YGSA,0,"[94, 206]",229,5,19,0.014559894800186157
4YGSA,0,"[94, 206]",229,5,20,0.0133062107488513
4YGSA,0,"[94, 206]",229,5,21,0.01279522106051445
4YGSA,0,"[94, 206]",229,5,22,0.011514735408127308
4YGSA,0,"[94, 206]",229,5,23,0.011128347367048264
4YGSA,0,"[94, 206]",229,5,24,0.010148342698812485
4YGSA,0,"[94, 206]",229,5,25,0.008881841786205769
4YGSA,0,"[94, 206]",229,5,26,0.0082573676481843
4YGSA,0,"[94, 206]",229,5,27,0.00792864989489317
4YGSA,0,"[94, 206]",229,5,28,0.009811447001993656
4YGSA,0,"[94, 206]",229,5,29,0.009612922556698322
4YGSA,0,"[94, 206]",229,5,30,0.011832542717456818
4YGSA,0,"[94, 206]",229,5,31,0.016117099672555923
4YGSA,0,"[94, 206]",229,5,32,0.012821708805859089
4YGSA,0,"[94, 206]",229,5,33,0.014708876609802246
4YGSA,0,"[94, 206]",229,5,34,0.01507144421339035
4YGSA,0,"[94, 206]",229,5,35,0.01668565534055233
4YGSA,0,"[94, 206]",229,5,36,0.013164647854864597
4YGSA,0,"[94, 206]",229,5,37,0.016439195722341537
4YGSA,0,"[94, 206]",229,5,38,0.015896039083600044
4YGSA,0,"[94, 206]",229,5,39,0.016893664374947548
4YGSA,0,"[94, 206]",229,5,40,0.017184752970933914
4YGSA,0,"[94, 206]",229,5,41,0.024399224668741226
4YGSA,0,"[94, 206]",229,5,42,0.03163444623351097
4YGSA,0,"[94, 206]",229,5,43,0.021088778972625732
4YGSA,0,"[94, 206]",229,5,44,0.48164311051368713
4YGSA,0,"[94, 206]",229,5,45,0.5209254026412964
4YGSA,0,"[94, 206]",229,5,46,0.5202817320823669
4YGSA,0,"[94, 206]",229,5,47,0.5245721936225891
4YGSA,0,"[94, 206]",229,5,48,0.48510977625846863
4YGSA,0,"[94, 206]",229,5,49,0.616265058517456
4YGSA,0,"[94, 206]",229,5,50,0.6389406323432922
4YGSA,0,"[94, 206]",229,5,51,0.680095374584198
4YGSA,0,"[94, 206]",229,5,52,0.603674590587616
4YGSA,0,"[94, 206]",229,5,53,0.6793239712715149
4YGSA,0,"[94, 206]",229,5,54,0.7127372026443481
4YGSA,0,"[94, 206]",229,5,55,0.6859731674194336
4YGSA,0,"[94, 206]",229,5,56,0.7630037665367126
4YGSA,0,"[94, 206]",229,5,57,0.7728257179260254
4YGSA,0,"[94, 206]",229,5,58,0.7792521119117737
4YGSA,0,"[94, 206]",229,5,59,0.7952130436897278
4YGSA,0,"[94, 206]",229,5,60,0.8129976987838745
4YHBA,0,"[19, 126]",273,5,0,0.007004714570939541
4YHBA,0,"[19, 126]",273,5,1,0.006809927988797426
4YHBA,0,"[19, 126]",273,5,2,0.00803774781525135
4YHBA,0,"[19, 126]",273,5,3,0.007785901427268982
4YHBA,0,"[19, 126]",273,5,4,0.0060010384768247604
4YHBA,0,"[19, 126]",273,5,5,0.007089071907103062
4YHBA,0,"[19, 126]",273,5,6,0.006787135731428862
4YHBA,0,"[19, 126]",273,5,7,0.006681294180452824
4YHBA,0,"[19, 126]",273,5,8,0.006595426704734564
4YHBA,0,"[19, 126]",273,5,9,0.006441669072955847
4YHBA,0,"[19, 126]",273,5,10,0.0056141447275877
4YHBA,0,"[19, 126]",273,5,11,0.0056905597448349
4YHBA,0,"[19, 126]",273,5,12,0.005886554252356291
4YHBA,0,"[19, 126]",273,5,13,0.0057091787457466125
4YHBA,0,"[19, 126]",273,5,14,0.00598546676337719
4YHBA,0,"[19, 126]",273,5,15,0.01255859900265932
4YHBA,0,"[19, 126]",273,5,16,0.011689667589962482
4YHBA,0,"[19, 126]",273,5,17,0.011736798100173473
4YHBA,0,"[19, 126]",273,5,18,0.012126773595809937
4YHBA,0,"[19, 126]",273,5,19,0.012413160875439644
4YHBA,0,"[19, 126]",273,5,20,0.012324417941272259
4YHBA,0,"[19, 126]",273,5,21,0.8722558617591858
4YHBA,0,"[19, 126]",273,5,22,0.6765346527099609
4YHBA,0,"[19, 126]",273,5,23,0.5141652822494507
4YJ6A,0,"[271, 395]",501,5,0,0.0071537853218615055
4YJ6A,0,"[271, 395]",501,5,1,0.006516787689179182
4YJ6A,0,"[271, 395]",501,5,2,0.006746835540980101
4YJ6A,0,"[271, 395]",501,5,3,0.006153480615466833
4YJ6A,0,"[271, 395]",501,5,4,0.006348077207803726
4YJ6A,0,"[271, 395]",501,5,5,0.00756844412535429
4YJ6A,0,"[271, 395]",501,5,6,0.0074413856491446495
4YJ6A,0,"[271, 395]",501,5,7,0.006792442407459021
4YJ6A,0,"[271, 395]",501,5,8,0.006772463209927082
4YJ6A,0,"[271, 395]",501,5,9,0.006962770130485296
4YJ6A,0,"[271, 395]",501,5,10,0.007392990402877331
4YJ6A,0,"[271, 395]",501,5,11,0.008252110332250595
4YJ6A,0,"[271, 395]",501,5,12,0.007074629422277212
4YJ6A,0,"[271, 395]",501,5,13,0.006918773986399174
4YJ6A,0,"[271, 395]",501,5,14,0.007072935812175274
4YJ6A,0,"[271, 395]",501,5,15,0.006937888450920582
4YJ6A,0,"[271, 395]",501,5,16,0.006588134448975325
4YJ6A,0,"[271, 395]",501,5,17,0.006204352248460054
4YJ6A,0,"[271, 395]",501,5,18,0.006356654688715935
4YJ6A,0,"[271, 395]",501,5,19,0.007070575375109911
4YJ6A,0,"[271, 395]",501,5,20,0.0071591767482459545
4YJ6A,0,"[271, 395]",501,5,21,0.007156364154070616
4YJ6A,0,"[271, 395]",501,5,22,0.006307309493422508
4YJ6A,0,"[271, 395]",501,5,23,0.0058561889454722404
4YJ6A,0,"[271, 395]",501,5,24,0.005825799889862537
4YJ6A,0,"[271, 395]",501,5,25,0.006064302753657103
4YJ6A,0,"[271, 395]",501,5,26,0.0066445814445614815
4YJ6A,0,"[271, 395]",501,5,27,0.006922564003616571
4YJ6A,0,"[271, 395]",501,5,28,0.007396713364869356
4YJ6A,0,"[271, 395]",501,5,29,0.00718440068885684
4YJ6A,0,"[271, 395]",501,5,30,0.007191806565970182
4YJ6A,0,"[271, 395]",501,5,31,0.007366185076534748
4YJ6A,0,"[271, 395]",501,5,32,0.007760238833725452
4YJ6A,0,"[271, 395]",501,5,33,0.007338575553148985
4YJ6A,0,"[271, 395]",501,5,34,0.007300726603716612
4YJ6A,0,"[271, 395]",501,5,35,0.007240886799991131
4YJ6A,0,"[271, 395]",501,5,36,0.007301083765923977
4YJ6A,0,"[271, 395]",501,5,37,0.007117033936083317
4YJ6A,0,"[271, 395]",501,5,38,0.007204563356935978
4YJ6A,0,"[271, 395]",501,5,39,0.006732851266860962
4YJ6A,0,"[271, 395]",501,5,40,0.0067356061190366745
4YJ6A,0,"[271, 395]",501,5,41,0.006972796283662319
4YJ6A,0,"[271, 395]",501,5,42,0.006996599026024342
4YJ6A,0,"[271, 395]",501,5,43,0.006821559742093086
4YJ6A,0,"[271, 395]",501,5,44,0.006808397825807333
4YJ6A,0,"[271, 395]",501,5,45,0.0070715490728616714
4YJ6A,0,"[271, 395]",501,5,46,0.006927341688424349
4YJ6A,0,"[271, 395]",501,5,47,0.006902116816490889
4YJ6A,0,"[271, 395]",501,5,48,0.006845517084002495
4YJ6A,0,"[271, 395]",501,5,49,0.007113459520041943
4YJ6A,0,"[271, 395]",501,5,50,0.007244449108839035
4YJ6A,0,"[271, 395]",501,5,51,0.007094791159033775
4YJ6A,0,"[271, 395]",501,5,52,0.007258480880409479
4YJ6A,0,"[271, 395]",501,5,53,0.007250357419252396
4YJ6A,0,"[271, 395]",501,5,54,0.006825624965131283
4YJ6A,0,"[271, 395]",501,5,55,0.006907719187438488
4YJ6A,0,"[271, 395]",501,5,56,0.006971401162445545
4YJ6A,0,"[271, 395]",501,5,57,0.8023126125335693
4YJ6A,0,"[271, 395]",501,5,58,0.795175313949585
4YJ6A,0,"[271, 395]",501,5,59,0.7787457704544067
4ZE8A,0,"[249, 466]",499,5,0,0.006518475711345673
4ZE8A,0,"[249, 466]",499,5,1,0.006432071328163147
4ZE8A,0,"[249, 466]",499,5,2,0.0066098724491894245
4ZE8A,0,"[249, 466]",499,5,3,0.006738530471920967
4ZE8A,0,"[249, 466]",499,5,4,0.006895017810165882
4ZE8A,0,"[249, 466]",499,5,5,0.007350530941039324
4ZE8A,0,"[249, 466]",499,5,6,0.006996348965913057
4ZE8A,0,"[249, 466]",499,5,7,0.006813954096287489
4ZE8A,0,"[249, 466]",499,5,8,0.006744938436895609
4ZE8A,0,"[249, 466]",499,5,9,0.006920041050761938
4ZE8A,0,"[249, 466]",499,5,10,0.007333940360695124
4ZE8A,0,"[249, 466]",499,5,11,0.007455145008862019
4ZE8A,0,"[249, 466]",499,5,12,0.0067472211085259914
4ZE8A,0,"[249, 466]",499,5,13,0.0067614237777888775
4ZE8A,0,"[249, 466]",499,5,14,0.00676385872066021
4ZE8A,0,"[249, 466]",499,5,15,0.006433618254959583
4ZE8A,0,"[249, 466]",499,5,16,0.006621026434004307
4ZE8A,0,"[249, 466]",499,5,17,0.00662590004503727
4ZE8A,0,"[249, 466]",499,5,18,0.006659853737801313
4ZE8A,0,"[249, 466]",499,5,19,0.0066050379537045956
4ZE8A,0,"[249, 466]",499,5,20,0.006556457839906216
4ZE8A,0,"[249, 466]",499,5,21,0.006413120776414871
4ZE8A,0,"[249, 466]",499,5,22,0.0063167596235871315
4ZE8A,0,"[249, 466]",499,5,23,0.006249723490327597
4ZE8A,0,"[249, 466]",499,5,24,0.0062375920824706554
4ZE8A,0,"[249, 466]",499,5,25,0.0060015213675796986
4ZE8A,0,"[249, 466]",499,5,26,0.006080147344619036
4ZE8A,0,"[249, 466]",499,5,27,0.006548343226313591
4ZE8A,0,"[249, 466]",499,5,28,0.006670232862234116
4ZE8A,0,"[249, 466]",499,5,29,0.006651537027209997
4ZE8A,0,"[249, 466]",499,5,30,0.006278219632804394
4ZE8A,0,"[249, 466]",499,5,31,0.006370299030095339
4ZE8A,0,"[249, 466]",499,5,32,0.00612341845408082
4ZE8A,0,"[249, 466]",499,5,33,0.006585581693798304
4ZE8A,0,"[249, 466]",499,5,34,0.0065776277333498
4ZE8A,0,"[249, 466]",499,5,35,0.006652668584138155
4ZE8A,0,"[249, 466]",499,5,36,0.00673311622813344
4ZE8A,0,"[249, 466]",499,5,37,0.006642157211899757
4ZE8A,0,"[249, 466]",499,5,38,0.006480894982814789
4ZE8A,0,"[249, 466]",499,5,39,0.006359273102134466
4ZE8A,0,"[249, 466]",499,5,40,0.006432675290852785
4ZE8A,0,"[249, 466]",499,5,41,0.006375314202159643
4ZE8A,0,"[249, 466]",499,5,42,0.006134897004812956
4ZE8A,0,"[249, 466]",499,5,43,0.0068185520358383656
4ZE8A,0,"[249, 466]",499,5,44,0.006434830371290445
4ZE8A,0,"[249, 466]",499,5,45,0.006694165524095297
4ZE8A,0,"[249, 466]",499,5,46,0.006575179286301136
4ZE8A,0,"[249, 466]",499,5,47,0.005885732360184193
4ZE8A,0,"[249, 466]",499,5,48,0.00608487706631422
4ZE8A,0,"[249, 466]",499,5,49,0.006092645227909088
4ZE8A,0,"[249, 466]",499,5,50,0.006275526247918606
4ZE8A,0,"[249, 466]",499,5,51,0.0062677995301783085
4ZE8A,0,"[249, 466]",499,5,52,0.006332255434244871
4ZE8A,0,"[249, 466]",499,5,53,0.006372625939548016
4ZE8A,0,"[249, 466]",499,5,54,0.005955319385975599
4ZE8A,0,"[249, 466]",499,5,55,0.006164603400975466
4ZE8A,0,"[249, 466]",499,5,56,0.00621791509911418
4ZE8A,0,"[249, 466]",499,5,57,0.006301096640527248
4ZE8A,0,"[249, 466]",499,5,58,0.006297037471085787
4ZE8A,0,"[249, 466]",499,5,59,0.006236327812075615
4ZE8A,0,"[249, 466]",499,5,60,0.006171958986669779
4ZJUA,0,"[34, 238]",275,5,0,0.005296854302287102
4ZJUA,0,"[34, 238]",275,5,1,0.005208367481827736
4ZJUA,0,"[34, 238]",275,5,2,0.005340712610632181
4ZJUA,0,"[34, 238]",275,5,3,0.005024931859225035
4ZJUA,0,"[34, 238]",275,5,4,0.005646557081490755
4ZJUA,0,"[34, 238]",275,5,5,0.005672127474099398
4ZJUA,0,"[34, 238]",275,5,6,0.005964579991996288
4ZJUA,0,"[34, 238]",275,5,7,0.004576447419822216
4ZJUA,0,"[34, 238]",275,5,8,0.0053422520868480206
4ZJUA,0,"[34, 238]",275,5,9,0.005331903230398893
4ZJUA,0,"[34, 238]",275,5,10,0.0055424924939870834
4ZJUA,0,"[34, 238]",275,5,11,0.004870608448982239
4ZJUA,0,"[34, 238]",275,5,12,0.004919784609228373
4ZJUA,0,"[34, 238]",275,5,13,0.0054441471584141254
4ZJUA,0,"[34, 238]",275,5,14,0.005412484519183636
4ZJUA,0,"[34, 238]",275,5,15,0.0056127505376935005
4ZJUA,0,"[34, 238]",275,5,16,0.8013272285461426
4ZJUA,0,"[34, 238]",275,5,17,0.7485759258270264
4ZJUA,0,"[34, 238]",275,5,18,0.7764000296592712
4ZJUA,0,"[34, 238]",275,5,19,0.7578237056732178
4ZNMA,0,"[245, 425]",462,5,0,0.006832800805568695
4ZNMA,0,"[245, 425]",462,5,1,0.006665902212262154
4ZNMA,0,"[245, 425]",462,5,2,0.00681763282045722
4ZNMA,0,"[245, 425]",462,5,3,0.006265503354370594
4ZNMA,0,"[245, 425]",462,5,4,0.007250764407217503
4ZNMA,0,"[245, 425]",462,5,5,0.007247328758239746
4ZNMA,0,"[245, 425]",462,5,6,0.00657401978969574
4ZNMA,0,"[245, 425]",462,5,7,0.00738929957151413
4ZNMA,0,"[245, 425]",462,5,8,0.00665291165933013
4ZNMA,0,"[245, 425]",462,5,9,0.006447521038353443
4ZNMA,0,"[245, 425]",462,5,10,0.006754929665476084
4ZNMA,0,"[245, 425]",462,5,11,0.006697403267025948
4ZNMA,0,"[245, 425]",462,5,12,0.006655923090875149
4ZNMA,0,"[245, 425]",462,5,13,0.006408579647541046
4ZNMA,0,"[245, 425]",462,5,14,0.006450204644352198
4ZNMA,0,"[245, 425]",462,5,15,0.006060983054339886
4ZNMA,0,"[245, 425]",462,5,16,0.0067481352016329765
4ZNMA,0,"[245, 425]",462,5,17,0.005827680230140686
4ZNMA,0,"[245, 425]",462,5,18,0.006138571072369814
4ZNMA,0,"[245, 425]",462,5,19,0.006219266448169947
4ZNMA,0,"[245, 425]",462,5,20,0.006411635782569647
4ZNMA,0,"[245, 425]",462,5,21,0.006271809805184603
4ZNMA,0,"[245, 425]",462,5,22,0.006173272617161274
4ZNMA,0,"[245, 425]",462,5,23,0.006174690555781126
4ZNMA,0,"[245, 425]",462,5,24,0.006092058029025793
4ZNMA,0,"[245, 425]",462,5,25,0.006111823953688145
4ZNMA,0,"[245, 425]",462,5,26,0.006563140079379082
4ZNMA,0,"[245, 425]",462,5,27,0.0062466575764119625
4ZNMA,0,"[245, 425]",462,5,28,0.0063429055735468864
4ZNMA,0,"[245, 425]",462,5,29,0.006375929806381464
4ZNMA,0,"[245, 425]",462,5,30,0.006470807828009129
4ZNMA,0,"[245, 425]",462,5,31,0.006569089833647013
4ZNMA,0,"[245, 425]",462,5,32,0.0065232221968472
4ZNMA,0,"[245, 425]",462,5,33,0.006851509213447571
4ZNMA,0,"[245, 425]",462,5,34,0.006880621891468763
4ZNMA,0,"[245, 425]",462,5,35,0.007353488355875015
4ZNMA,0,"[245, 425]",462,5,36,0.006532379891723394
4ZNMA,0,"[245, 425]",462,5,37,0.00668554101139307
4ZNMA,0,"[245, 425]",462,5,38,0.006404307205229998
4ZNMA,0,"[245, 425]",462,5,39,0.006313000805675983
4ZNMA,0,"[245, 425]",462,5,40,0.0067047858610749245
4ZNMA,0,"[245, 425]",462,5,41,0.005995819810777903
4ZNMA,0,"[245, 425]",462,5,42,0.0065498948097229
4ZNMA,0,"[245, 425]",462,5,43,0.006388799287378788
4ZNMA,0,"[245, 425]",462,5,44,0.006314033642411232
4ZNMA,0,"[245, 425]",462,5,45,0.006414748262614012
4ZNMA,0,"[245, 425]",462,5,46,0.006298440974205732
4ZNMA,0,"[245, 425]",462,5,47,0.005990255624055862
4ZNMA,0,"[245, 425]",462,5,48,0.006005600560456514
4ZNMA,0,"[245, 425]",462,5,49,0.005844528321176767
4ZNMA,0,"[245, 425]",462,5,50,0.005893527530133724
4ZNMA,0,"[245, 425]",462,5,51,0.005770673975348473
4ZNMA,0,"[245, 425]",462,5,52,0.005726358387619257
4ZNMA,0,"[245, 425]",462,5,53,0.00559687614440918
4ZNMA,0,"[245, 425]",462,5,54,0.006195577327162027
4ZNMA,0,"[245, 425]",462,5,55,0.006189027335494757
4ZNMA,0,"[245, 425]",462,5,56,0.006032945588231087
4ZNMA,0,"[245, 425]",462,5,57,0.00635177455842495
4ZNMA,0,"[245, 425]",462,5,58,0.006265191826969385
4ZNMA,0,"[245, 425]",462,5,59,0.00677537964656949
4ZNMA,0,"[245, 425]",462,5,60,0.0065085808746516705
5AB4A,0,"[127, 233]",425,5,0,0.007248175796121359
5AB4A,0,"[127, 233]",425,5,1,0.007327169645577669
5AB4A,0,"[127, 233]",425,5,2,0.007663872092962265
5AB4A,0,"[127, 233]",425,5,3,0.008322902023792267
5AB4A,0,"[127, 233]",425,5,4,0.007237197365611792
5AB4A,0,"[127, 233]",425,5,5,0.007833384908735752
5AB4A,0,"[127, 233]",425,5,6,0.0076951016671955585
5AB4A,0,"[127, 233]",425,5,7,0.007737383712083101
5AB4A,0,"[127, 233]",425,5,8,0.007497735321521759
5AB4A,0,"[127, 233]",425,5,9,0.00783466175198555
5AB4A,0,"[127, 233]",425,5,10,0.008175884373486042
5AB4A,0,"[127, 233]",425,5,11,0.007025152910500765
5AB4A,0,"[127, 233]",425,5,12,0.007613504305481911
5AB4A,0,"[127, 233]",425,5,13,0.008057639002799988
5AB4A,0,"[127, 233]",425,5,14,0.006827569101005793
5AB4A,0,"[127, 233]",425,5,15,0.0073296865448355675
5AB4A,0,"[127, 233]",425,5,16,0.007531595416367054
5AB4A,0,"[127, 233]",425,5,17,0.006525356788188219
5AB4A,0,"[127, 233]",425,5,18,0.007664593402296305
5AB4A,0,"[127, 233]",425,5,19,0.007765083108097315
5AB4A,0,"[127, 233]",425,5,20,0.007672726642340422
5AB4A,0,"[127, 233]",425,5,21,0.009085201658308506
5AB4A,0,"[127, 233]",425,5,22,0.007443665061146021
5AB4A,0,"[127, 233]",425,5,23,0.007986250333487988
5AB4A,0,"[127, 233]",425,5,24,0.006964472588151693
5AB4A,0,"[127, 233]",425,5,25,0.006452583707869053
5AB4A,0,"[127, 233]",425,5,26,0.006670363247394562
5AB4A,0,"[127, 233]",425,5,27,0.0064375433139503
5AB4A,0,"[127, 233]",425,5,28,0.007100536487996578
5AB4A,0,"[127, 233]",425,5,29,0.006703423336148262
5AB4A,0,"[127, 233]",425,5,30,0.006998199503868818
5AB4A,0,"[127, 233]",425,5,31,0.0067116147838532925
5AB4A,0,"[127, 233]",425,5,32,0.007073149550706148
5AB4A,0,"[127, 233]",425,5,33,0.0073810662142932415
5AB4A,0,"[127, 233]",425,5,34,0.007651798892766237
5AB4A,0,"[127, 233]",425,5,35,0.0066664209589362144
5AB4A,0,"[127, 233]",425,5,36,0.006007772870361805
5AB4A,0,"[127, 233]",425,5,37,0.016534678637981415
5AB4A,0,"[127, 233]",425,5,38,0.02040080912411213
5AB4A,0,"[127, 233]",425,5,39,0.021289579570293427
5AB4A,0,"[127, 233]",425,5,40,0.020171066746115685
5AB4A,0,"[127, 233]",425,5,41,0.017714224755764008
5AB4A,0,"[127, 233]",425,5,42,0.017403999343514442
5AB4A,0,"[127, 233]",425,5,43,0.017192861065268517
5AB4A,0,"[127, 233]",425,5,44,0.018496539443731308
5AB4A,0,"[127, 233]",425,5,45,0.016753142699599266
5AB4A,0,"[127, 233]",425,5,46,0.014812642708420753
5AB4A,0,"[127, 233]",425,5,47,0.01480151992291212
5AB4A,0,"[127, 233]",425,5,48,0.014900851994752884
5AB4A,0,"[127, 233]",425,5,49,0.015136794187128544
5AB4A,0,"[127, 233]",425,5,50,0.015236265026032925
5AB4A,0,"[127, 233]",425,5,51,0.01573377661406994
5AB4A,0,"[127, 233]",425,5,52,0.014652608893811703
5AB4A,0,"[127, 233]",425,5,53,0.014179728925228119
5AB4A,0,"[127, 233]",425,5,54,0.014560958370566368
5AB4A,0,"[127, 233]",425,5,55,0.015170683152973652
5AB4A,0,"[127, 233]",425,5,56,0.014906997792422771
5AB4A,0,"[127, 233]",425,5,57,0.014539669267833233
5AB4A,0,"[127, 233]",425,5,58,0.013789165765047073
5AB4A,0,"[127, 233]",425,5,59,0.013610774651169777
5AB4A,0,"[127, 233]",425,5,60,0.01651136577129364
5AJGA,0,"[174, 287]",329,5,0,0.008313124999403954
5AJGA,0,"[174, 287]",329,5,1,0.00830055121332407
5AJGA,0,"[174, 287]",329,5,2,0.007684594020247459
5AJGA,0,"[174, 287]",329,5,3,0.008340733125805855
5AJGA,0,"[174, 287]",329,5,4,0.00772528862580657
5AJGA,0,"[174, 287]",329,5,5,0.00724437739700079
5AJGA,0,"[174, 287]",329,5,6,0.007140295580029488
5AJGA,0,"[174, 287]",329,5,7,0.0070166755467653275
5AJGA,0,"[174, 287]",329,5,8,0.0085349315777421
5AJGA,0,"[174, 287]",329,5,9,0.007832088507711887
5AJGA,0,"[174, 287]",329,5,10,0.008886986412107944
5AJGA,0,"[174, 287]",329,5,11,0.008128269575536251
5AJGA,0,"[174, 287]",329,5,12,0.007101259659975767
5AJGA,0,"[174, 287]",329,5,13,0.007837050594389439
5AJGA,0,"[174, 287]",329,5,14,0.007029390428215265
5AJGA,0,"[174, 287]",329,5,15,0.00734082143753767
5AJGA,0,"[174, 287]",329,5,16,0.00657845102250576
5AJGA,0,"[174, 287]",329,5,17,0.006158762611448765
5AJGA,0,"[174, 287]",329,5,18,0.007146126590669155
5AJGA,0,"[174, 287]",329,5,19,0.00690216850489378
5AJGA,0,"[174, 287]",329,5,20,0.006139873526990414
5AJGA,0,"[174, 287]",329,5,21,0.006055650766938925
5AJGA,0,"[174, 287]",329,5,22,0.006121837999671698
5AJGA,0,"[174, 287]",329,5,23,0.006370884366333485
5AJGA,0,"[174, 287]",329,5,24,0.0065957242622971535
5AJGA,0,"[174, 287]",329,5,25,0.007150285877287388
5AJGA,0,"[174, 287]",329,5,26,0.008784464560449123
5AJGA,0,"[174, 287]",329,5,27,0.009123802185058594
5AJGA,0,"[174, 287]",329,5,28,1.256420373916626
5AJGA,0,"[174, 287]",329,5,29,1.2664093971252441
5AJGA,0,"[174, 287]",329,5,30,1.266227126121521
5AJGA,0,"[174, 287]",329,5,31,1.2698689699172974
5AUNB,0,"[22, 129]",248,5,0,0.007269422058016062
5AUNB,0,"[22, 129]",248,5,1,0.006817572750151157
5AUNB,0,"[22, 129]",248,5,2,0.006769184954464436
5AUNB,0,"[22, 129]",248,5,3,0.006760338321328163
5AUNB,0,"[22, 129]",248,5,4,0.007383750285953283
5AUNB,0,"[22, 129]",248,5,5,0.007277642842382193
5AUNB,0,"[22, 129]",248,5,6,0.007978747598826885
5AUNB,0,"[22, 129]",248,5,7,0.007839757949113846
5AUNB,0,"[22, 129]",248,5,8,0.007908081635832787
5AUNB,0,"[22, 129]",248,5,9,0.0074962736107409
5AUNB,0,"[22, 129]",248,5,10,0.009948303923010826
5AUNB,0,"[22, 129]",248,5,11,0.09346644580364227
5AUNB,0,"[22, 129]",248,5,12,0.21639427542686462
5AUNB,0,"[22, 129]",248,5,13,0.028424732387065887
5AUNB,0,"[22, 129]",248,5,14,0.034458085894584656
5AUNB,0,"[22, 129]",248,5,15,0.035154782235622406
5AUNB,0,"[22, 129]",248,5,16,0.07582535594701767
5AUNB,0,"[22, 129]",248,5,17,0.1846032738685608
5AUNB,0,"[22, 129]",248,5,18,0.14772877097129822
5AUNB,0,"[22, 129]",248,5,19,0.12931156158447266
5AUNB,0,"[22, 129]",248,5,20,0.054155364632606506
5AUNB,0,"[22, 129]",248,5,21,0.03573424741625786
5AUNB,0,"[22, 129]",248,5,22,0.027435865253210068
5AUNB,0,"[22, 129]",248,5,23,0.02595898136496544
5AUNB,0,"[22, 129]",248,5,24,0.027454745024442673
5AUNB,0,"[22, 129]",248,5,25,0.026676248759031296
5AUNB,0,"[22, 129]",248,5,26,0.023059263825416565
5AUNB,0,"[22, 129]",248,5,27,0.01893312856554985
5AUNB,0,"[22, 129]",248,5,28,0.01672017015516758
5AUNB,0,"[22, 129]",248,5,29,0.014967100694775581
5AUNB,0,"[22, 129]",248,5,30,0.015084273181855679
5AUNB,0,"[22, 129]",248,5,31,0.01429001335054636
5AUNB,0,"[22, 129]",248,5,32,0.01405397616326809
5AUNB,0,"[22, 129]",248,5,33,0.013883373700082302
5AUNB,0,"[22, 129]",248,5,34,0.01288523431867361
5AUNB,0,"[22, 129]",248,5,35,0.01458099577575922
5AUNB,0,"[22, 129]",248,5,36,0.01715095154941082
5AUNB,0,"[22, 129]",248,5,37,0.019764112308621407
5AUNB,0,"[22, 129]",248,5,38,0.02043095789849758
5AUNB,0,"[22, 129]",248,5,39,0.03905622288584709
5AUNB,0,"[22, 129]",248,5,40,0.04604940488934517
5AUNB,0,"[22, 129]",248,5,41,0.04090609401464462
5AUNB,0,"[22, 129]",248,5,42,0.030078338459134102
5AUNB,0,"[22, 129]",248,5,43,0.0403439924120903
5AUNB,0,"[22, 129]",248,5,44,0.032101429998874664
5AUNB,0,"[22, 129]",248,5,45,0.0319264754652977
5AUNB,0,"[22, 129]",248,5,46,0.03283635526895523
5AUNB,0,"[22, 129]",248,5,47,0.030270133167505264
5AUNB,0,"[22, 129]",248,5,48,0.029957054182887077
5AUNB,0,"[22, 129]",248,5,49,0.03112049028277397
5AUNB,0,"[22, 129]",248,5,50,0.03029196709394455
5AUNB,0,"[22, 129]",248,5,51,0.03047925792634487
5AUNB,0,"[22, 129]",248,5,52,0.02942330576479435
5AUNB,0,"[22, 129]",248,5,53,0.02536708489060402
5AUNB,0,"[22, 129]",248,5,54,0.025006715208292007
5AUNB,0,"[22, 129]",248,5,55,0.02710779942572117
5AUNB,0,"[22, 129]",248,5,56,0.027697548270225525
5AUNB,0,"[22, 129]",248,5,57,0.027705088257789612
5AUNB,0,"[22, 129]",248,5,58,0.027934294193983078
5AUNB,0,"[22, 129]",248,5,59,0.026150768622756004
5AUNB,0,"[22, 129]",248,5,60,0.02849176712334156
5AZ3A,0,"[192, 324]",344,5,0,0.0060750506818294525
5AZ3A,0,"[192, 324]",344,5,1,0.005540687125176191
5AZ3A,0,"[192, 324]",344,5,2,0.005065657198429108
5AZ3A,0,"[192, 324]",344,5,3,0.00548949372023344
5AZ3A,0,"[192, 324]",344,5,4,0.005517216399312019
5AZ3A,0,"[192, 324]",344,5,5,0.007011419627815485
5AZ3A,0,"[192, 324]",344,5,6,0.007129820995032787
5AZ3A,0,"[192, 324]",344,5,7,0.006667099427431822
5AZ3A,0,"[192, 324]",344,5,8,0.007113470230251551
5AZ3A,0,"[192, 324]",344,5,9,0.007859288714826107
5AZ3A,0,"[192, 324]",344,5,10,0.006862854119390249
5AZ3A,0,"[192, 324]",344,5,11,0.008528109639883041
5AZ3A,0,"[192, 324]",344,5,12,0.00690323393791914
5AZ3A,0,"[192, 324]",344,5,13,0.006869611795991659
5AZ3A,0,"[192, 324]",344,5,14,0.006267705000936985
5AZ3A,0,"[192, 324]",344,5,15,0.006382543593645096
5AZ3A,0,"[192, 324]",344,5,16,0.006510565523058176
5AZ3A,0,"[192, 324]",344,5,17,0.006195832509547472
5AZ3A,0,"[192, 324]",344,5,18,0.006313913501799107
5AZ3A,0,"[192, 324]",344,5,19,0.007011584937572479
5AZ3A,0,"[192, 324]",344,5,20,0.006801916752010584
5AZ3A,0,"[192, 324]",344,5,21,0.006789020728319883
5AZ3A,0,"[192, 324]",344,5,22,0.007056479807943106
5AZ3A,0,"[192, 324]",344,5,23,0.006670488975942135
5AZ3A,0,"[192, 324]",344,5,24,0.006001639645546675
5AZ3A,0,"[192, 324]",344,5,25,0.00580081669613719
5AZ3A,0,"[192, 324]",344,5,26,0.0057803671807050705
5AZ3A,0,"[192, 324]",344,5,27,0.006167302373796701
5AZ3A,0,"[192, 324]",344,5,28,0.00575603824108839
5AZ3A,0,"[192, 324]",344,5,29,0.005797282792627811
5AZ3A,0,"[192, 324]",344,5,30,0.005472124088555574
5AZ3A,0,"[192, 324]",344,5,31,0.0053502353839576244
5AZ3A,0,"[192, 324]",344,5,32,0.005402051378041506
5AZ3A,0,"[192, 324]",344,5,33,0.005446608178317547
5AZ3A,0,"[192, 324]",344,5,34,0.0053993407636880875
5AZ3A,0,"[192, 324]",344,5,35,0.005793457385152578
5AZ3A,0,"[192, 324]",344,5,36,0.006104717496782541
5AZ3A,0,"[192, 324]",344,5,37,0.005856628064066172
5AZ3A,0,"[192, 324]",344,5,38,0.006374959833920002
5AZ3A,0,"[192, 324]",344,5,39,0.0057532694190740585
5AZ3A,0,"[192, 324]",344,5,40,0.006180707830935717
5AZ3A,0,"[192, 324]",344,5,41,0.0061612846329808235
5AZ3A,0,"[192, 324]",344,5,42,0.006250565405935049
5AZ3A,0,"[192, 324]",344,5,43,0.007009778171777725
5AZ3A,0,"[192, 324]",344,5,44,0.006541934330016375
5AZ3A,0,"[192, 324]",344,5,45,0.006351054646074772
5AZ3A,0,"[192, 324]",344,5,46,0.007272334303706884
5AZ3A,0,"[192, 324]",344,5,47,0.007159331813454628
5AZ3A,0,"[192, 324]",344,5,48,0.0071618566289544106
5AZ3A,0,"[192, 324]",344,5,49,0.007102440111339092
5AZ3A,0,"[192, 324]",344,5,50,0.007175227627158165
5AZ3A,0,"[192, 324]",344,5,51,0.0072538298554718494
5AZ3A,0,"[192, 324]",344,5,52,0.007330434862524271
5AZ3A,0,"[192, 324]",344,5,53,0.007308548782020807
5AZ3A,0,"[192, 324]",344,5,54,0.007439588196575642
5AZ3A,0,"[192, 324]",344,5,55,0.007414883002638817
5AZ3A,0,"[192, 324]",344,5,56,0.01762901060283184
5AZ3A,0,"[192, 324]",344,5,57,0.007908106781542301
5AZ3A,0,"[192, 324]",344,5,58,0.2279893308877945
5AZ3A,0,"[192, 324]",344,5,59,0.2928677201271057
5AZ3A,0,"[192, 324]",344,5,60,0.3370462656021118
5B19A,0,"[19, 212]",232,5,0,0.0035811131820082664
5B19A,0,"[19, 212]",232,5,1,0.005107991397380829
5B19A,0,"[19, 212]",232,5,2,0.0034790311474353075
5B19A,0,"[19, 212]",232,5,3,0.0034839657600969076
5B19A,0,"[19, 212]",232,5,4,0.005644961725920439
5B19A,0,"[19, 212]",232,5,5,0.004127034451812506
5B19A,0,"[19, 212]",232,5,6,0.004617951810359955
5B19A,0,"[19, 212]",232,5,7,0.004163033328950405
5B19A,0,"[19, 212]",232,5,8,0.0038627043832093477
5B19A,0,"[19, 212]",232,5,9,0.005445075687021017
5B19A,0,"[19, 212]",232,5,10,0.006210459396243095
5B19A,0,"[19, 212]",232,5,11,0.009943475015461445
5B19A,0,"[19, 212]",232,5,12,0.012365907430648804
5B19A,0,"[19, 212]",232,5,13,0.011840913444757462
5B19A,0,"[19, 212]",232,5,14,0.011555023491382599
5B19A,0,"[19, 212]",232,5,15,0.011555023491382599
5B19A,0,"[19, 212]",232,5,16,0.011555023491382599
5B19A,0,"[19, 212]",232,5,17,0.011555023491382599
5B19A,0,"[19, 212]",232,5,18,0.011555023491382599
5B19A,0,"[19, 212]",232,5,19,0.011555023491382599
5B19A,0,"[19, 212]",232,5,20,0.011555023491382599
5B19A,0,"[19, 212]",232,5,21,0.011555023491382599
5B19A,0,"[19, 212]",232,5,22,0.011555023491382599
5B19A,0,"[19, 212]",232,5,23,0.011555023491382599
5B19A,0,"[19, 212]",232,5,24,0.011555023491382599
5B19A,0,"[19, 212]",232,5,25,0.011555023491382599
5B19A,0,"[19, 212]",232,5,26,0.011555023491382599
5B19A,0,"[19, 212]",232,5,27,0.011555023491382599
5B19A,0,"[19, 212]",232,5,28,0.011555023491382599
5B19A,0,"[19, 212]",232,5,29,0.011555023491382599
5B19A,0,"[19, 212]",232,5,30,0.011555023491382599
5B19A,0,"[19, 212]",232,5,31,0.011555023491382599
5B19A,0,"[19, 212]",232,5,32,0.011555023491382599
5B19A,0,"[19, 212]",232,5,33,0.011555023491382599
5B19A,0,"[19, 212]",232,5,34,0.011555023491382599
5B19A,0,"[19, 212]",232,5,35,0.011555023491382599
5B19A,0,"[19, 212]",232,5,36,0.011555023491382599
5B19A,0,"[19, 212]",232,5,37,0.011555023491382599
5B19A,0,"[19, 212]",232,5,38,0.011555023491382599
5B19A,0,"[19, 212]",232,5,39,0.011555023491382599
5B19A,0,"[19, 212]",232,5,40,0.011555023491382599
5B19A,0,"[19, 212]",232,5,41,0.011555023491382599
5B19A,0,"[19, 212]",232,5,42,0.011555023491382599
5B19A,0,"[19, 212]",232,5,43,0.011555023491382599
5B19A,0,"[19, 212]",232,5,44,0.011555023491382599
5B19A,0,"[19, 212]",232,5,45,0.011555023491382599
5B19A,0,"[19, 212]",232,5,46,0.011555023491382599
5B19A,0,"[19, 212]",232,5,47,0.011555023491382599
5B19A,0,"[19, 212]",232,5,48,0.011555023491382599
5B19A,0,"[19, 212]",232,5,49,0.011555023491382599
5B19A,0,"[19, 212]",232,5,50,0.011555023491382599
5B19A,0,"[19, 212]",232,5,51,0.011555023491382599
5B19A,0,"[19, 212]",232,5,52,0.011555023491382599
5B19A,0,"[19, 212]",232,5,53,0.011555023491382599
5B19A,0,"[19, 212]",232,5,54,0.011555023491382599
5B19A,0,"[19, 212]",232,5,55,0.011555023491382599
5B19A,0,"[19, 212]",232,5,56,0.011555023491382599
5B19A,0,"[19, 212]",232,5,57,0.011555023491382599
5B19A,0,"[19, 212]",232,5,58,0.011555023491382599
5B19A,0,"[19, 212]",232,5,59,0.011555023491382599
5B19A,0,"[19, 212]",232,5,60,0.01155511848628521
5BRLA,0,"[58, 173]",210,5,0,0.0059317369014024734
5BRLA,0,"[58, 173]",210,5,1,0.005804292391985655
5BRLA,0,"[58, 173]",210,5,2,0.0075267585925757885
5BRLA,0,"[58, 173]",210,5,3,0.006424427032470703
5BRLA,0,"[58, 173]",210,5,4,0.0068245986476540565
5BRLA,0,"[58, 173]",210,5,5,0.006248630583286285
5BRLA,0,"[58, 173]",210,5,6,0.005716467276215553
5BRLA,0,"[58, 173]",210,5,7,0.005888647399842739
5BRLA,0,"[58, 173]",210,5,8,0.0069250850938260555
5BRLA,0,"[58, 173]",210,5,9,0.005787569563835859
5BRLA,0,"[58, 173]",210,5,10,0.006749230902642012
5BRLA,0,"[58, 173]",210,5,11,0.026327619329094887
5BRLA,0,"[58, 173]",210,5,12,0.023559141904115677
5BRLA,0,"[58, 173]",210,5,13,0.01761055737733841
5BRLA,0,"[58, 173]",210,5,14,0.8945601582527161
5BRLA,0,"[58, 173]",210,5,15,0.993897020816803
5BRLA,0,"[58, 173]",210,5,16,1.01791512966156
5BRLA,0,"[58, 173]",210,5,17,1.0188298225402832
5BRLA,0,"[58, 173]",210,5,18,1.0067381858825684
5BRLA,0,"[58, 173]",210,5,19,0.9860244393348694
5CMLA,0,"[50, 242]",263,5,0,0.00451135728508234
5CMLA,0,"[50, 242]",263,5,1,0.005518210120499134
5CMLA,0,"[50, 242]",263,5,2,0.0045717558823525906
5CMLA,0,"[50, 242]",263,5,3,0.006105463020503521
5CMLA,0,"[50, 242]",263,5,4,0.004960787482559681
5CMLA,0,"[50, 242]",263,5,5,0.0057340036146342754
5CMLA,0,"[50, 242]",263,5,6,0.006488247774541378
5CMLA,0,"[50, 242]",263,5,7,0.006385246757417917
5CMLA,0,"[50, 242]",263,5,8,0.0060394927859306335
5CMLA,0,"[50, 242]",263,5,9,0.005600093863904476
5CMLA,0,"[50, 242]",263,5,10,0.005608942825347185
5CMLA,0,"[50, 242]",263,5,11,0.00534824188798666
5CMLA,0,"[50, 242]",263,5,12,0.0063384296372532845
5CMLA,0,"[50, 242]",263,5,13,0.006526815705001354
5CMLA,0,"[50, 242]",263,5,14,0.006881904322654009
5CMLA,0,"[50, 242]",263,5,15,0.007379317190498114
5CMLA,0,"[50, 242]",263,5,16,0.007186196744441986
5CMLA,0,"[50, 242]",263,5,17,0.007282341364771128
5CMLA,0,"[50, 242]",263,5,18,0.007250720169395208
5CMLA,0,"[50, 242]",263,5,19,0.007087564095854759
5CMLA,0,"[50, 242]",263,5,20,0.0070708985440433025
5CMLA,0,"[50, 242]",263,5,21,0.007450997829437256
5CMLA,0,"[50, 242]",263,5,22,0.007931330241262913
5CMLA,0,"[50, 242]",263,5,23,0.007803813088685274
5CMLA,0,"[50, 242]",263,5,24,0.007669183891266584
5CMLA,0,"[50, 242]",263,5,25,0.007133948616683483
5CMLA,0,"[50, 242]",263,5,26,0.007350579369813204
5CMLA,0,"[50, 242]",263,5,27,0.007124505937099457
5CMLA,0,"[50, 242]",263,5,28,0.007072612177580595
5CMLA,0,"[50, 242]",263,5,29,0.00696274871006608
5CMLA,0,"[50, 242]",263,5,30,0.006921205669641495
5CMLA,0,"[50, 242]",263,5,31,0.0067983949556946754
5CMLA,0,"[50, 242]",263,5,32,0.0068535832688212395
5CMLA,0,"[50, 242]",263,5,33,0.007830321788787842
5CMLA,0,"[50, 242]",263,5,34,0.007780206855386496
5CMLA,0,"[50, 242]",263,5,35,0.00766943721100688
5CMLA,0,"[50, 242]",263,5,36,0.007694448344409466
5CMLA,0,"[50, 242]",263,5,37,0.007801147643476725
5CMLA,0,"[50, 242]",263,5,38,0.01271237712353468
5CMLA,0,"[50, 242]",263,5,39,0.045047882944345474
5CMLA,0,"[50, 242]",263,5,40,0.031867969781160355
5CMLA,0,"[50, 242]",263,5,41,0.026381274685263634
5CMLA,0,"[50, 242]",263,5,42,0.21571598947048187
5CMLA,0,"[50, 242]",263,5,43,0.19255782663822174
5CMLA,0,"[50, 242]",263,5,44,0.22021135687828064
5CMLA,0,"[50, 242]",263,5,45,0.22874337434768677
5CMLA,0,"[50, 242]",263,5,46,0.22874337434768677
5CMLA,0,"[50, 242]",263,5,47,0.22874337434768677
5CMLA,0,"[50, 242]",263,5,48,0.22874337434768677
5CMLA,0,"[50, 242]",263,5,49,0.22874337434768677
5CMLA,0,"[50, 242]",263,5,50,0.22874337434768677
5CMLA,0,"[50, 242]",263,5,51,0.22874337434768677
5CMLA,0,"[50, 242]",263,5,52,0.22874337434768677
5CMLA,0,"[50, 242]",263,5,53,0.22874337434768677
5CMLA,0,"[50, 242]",263,5,54,0.22874337434768677
5CMLA,0,"[50, 242]",263,5,55,0.22874337434768677
5CMLA,0,"[50, 242]",263,5,56,0.22874337434768677
5CMLA,0,"[50, 242]",263,5,57,0.22874337434768677
5CMLA,0,"[50, 242]",263,5,58,0.22874337434768677
5CMLA,0,"[50, 242]",263,5,59,0.22874337434768677
5CMLA,0,"[50, 242]",263,5,60,0.22874340415000916
5CXXA,0,"[29, 136]",275,5,0,0.006285776849836111
5CXXA,0,"[29, 136]",275,5,1,0.007492497097700834
5CXXA,0,"[29, 136]",275,5,2,0.005622285883873701
5CXXA,0,"[29, 136]",275,5,3,0.005872243084013462
5CXXA,0,"[29, 136]",275,5,4,0.009812912903726101
5CXXA,0,"[29, 136]",275,5,5,0.008873156271874905
5CXXA,0,"[29, 136]",275,5,6,0.006434739101678133
5CXXA,0,"[29, 136]",275,5,7,0.006745177786797285
5CXXA,0,"[29, 136]",275,5,8,0.006633204873651266
5CXXA,0,"[29, 136]",275,5,9,0.007131442427635193
5CXXA,0,"[29, 136]",275,5,10,0.0071827988140285015
5CXXA,0,"[29, 136]",275,5,11,0.0071694497019052505
5CXXA,0,"[29, 136]",275,5,12,0.006844392977654934
5CXXA,0,"[29, 136]",275,5,13,0.006761598400771618
5CXXA,0,"[29, 136]",275,5,14,0.0070014819502830505
5CXXA,0,"[29, 136]",275,5,15,0.007261157035827637
5CXXA,0,"[29, 136]",275,5,16,0.00664974981918931
5CXXA,0,"[29, 136]",275,5,17,0.017948200926184654
5CXXA,0,"[29, 136]",275,5,18,0.01239848043769598
5CXXA,0,"[29, 136]",275,5,19,0.024036144837737083
5CXXA,0,"[29, 136]",275,5,20,0.28253209590911865
5CXXA,0,"[29, 136]",275,5,21,0.6656627058982849
5CXXA,0,"[29, 136]",275,5,22,0.6476156711578369
5CXXA,0,"[29, 136]",275,5,23,0.653691828250885
5CXXA,0,"[29, 136]",275,5,24,0.6853471994400024
5CXXA,0,"[29, 136]",275,5,25,0.6821038126945496
5CXXA,0,"[29, 136]",275,5,26,0.6629464626312256
5CXXA,0,"[29, 136]",275,5,27,0.6555468440055847
5CXXA,0,"[29, 136]",275,5,28,0.6574819684028625
5CXXA,0,"[29, 136]",275,5,29,0.6960957646369934
5CXXA,0,"[29, 136]",275,5,30,0.7393701076507568
5CXXA,0,"[29, 136]",275,5,31,0.7434776425361633
5CXXA,0,"[29, 136]",275,5,32,0.770348310470581
5CXXA,0,"[29, 136]",275,5,33,0.7632954120635986
5CXXA,0,"[29, 136]",275,5,34,0.7692356705665588
5CXXA,0,"[29, 136]",275,5,35,0.759442925453186
5CXXA,0,"[29, 136]",275,5,36,0.7684928178787231
5CXXA,0,"[29, 136]",275,5,37,0.7870886325836182
5CXXA,0,"[29, 136]",275,5,38,0.8075987100601196
5CXXA,0,"[29, 136]",275,5,39,0.7971419095993042
5CXXA,0,"[29, 136]",275,5,40,0.7987610697746277
5CXXA,0,"[29, 136]",275,5,41,0.8121057152748108
5CXXA,0,"[29, 136]",275,5,42,0.8031190633773804
5CXXA,0,"[29, 136]",275,5,43,0.8071848154067993
5CXXA,0,"[29, 136]",275,5,44,0.8136534094810486
5CXXA,0,"[29, 136]",275,5,45,0.8201980590820312
5CXXA,0,"[29, 136]",275,5,46,0.8332318067550659
5CXXA,0,"[29, 136]",275,5,47,0.8525282740592957
5CXXA,0,"[29, 136]",275,5,48,0.8682878613471985
5CXXA,0,"[29, 136]",275,5,49,0.8614528775215149
5CXXA,0,"[29, 136]",275,5,50,0.8721269369125366
5CXXA,0,"[29, 136]",275,5,51,0.8701402544975281
5CXXA,0,"[29, 136]",275,5,52,0.8481481671333313
5CXXA,0,"[29, 136]",275,5,53,0.8429750204086304
5CXXA,0,"[29, 136]",275,5,54,0.8562098741531372
5CXXA,0,"[29, 136]",275,5,55,0.872316300868988
5CXXA,0,"[29, 136]",275,5,56,0.8699701428413391
5CXXA,0,"[29, 136]",275,5,57,0.857970654964447
5CXXA,0,"[29, 136]",275,5,58,0.8735789060592651
5CXXA,0,"[29, 136]",275,5,59,0.8722740411758423
5CXXA,0,"[29, 136]",275,5,60,0.849677562713623
5FS8A,0,"[33, 149]",515,5,0,0.010641083121299744
5FS8A,0,"[33, 149]",515,5,1,0.011149212718009949
5FS8A,0,"[33, 149]",515,5,2,0.012825618498027325
5FS8A,0,"[33, 149]",515,5,3,0.009110263548791409
5FS8A,0,"[33, 149]",515,5,4,0.012020477093756199
5FS8A,0,"[33, 149]",515,5,5,0.012335027568042278
5FS8A,0,"[33, 149]",515,5,6,0.010122530162334442
5FS8A,0,"[33, 149]",515,5,7,0.010261314921081066
5FS8A,0,"[33, 149]",515,5,8,0.011336718685925007
5FS8A,0,"[33, 149]",515,5,9,0.010262430645525455
5FS8A,0,"[33, 149]",515,5,10,0.010127093642950058
5FS8A,0,"[33, 149]",515,5,11,0.01067978423088789
5FS8A,0,"[33, 149]",515,5,12,0.009780087508261204
5FS8A,0,"[33, 149]",515,5,13,0.009991195984184742
5FS8A,0,"[33, 149]",515,5,14,0.009727354161441326
5FS8A,0,"[33, 149]",515,5,15,0.01039160881191492
5FS8A,0,"[33, 149]",515,5,16,0.011059245094656944
5FS8A,0,"[33, 149]",515,5,17,0.01116403192281723
5FS8A,0,"[33, 149]",515,5,18,0.010402695275843143
5FS8A,0,"[33, 149]",515,5,19,0.01062660664319992
5FS8A,0,"[33, 149]",515,5,20,0.011782234534621239
5FS8A,0,"[33, 149]",515,5,21,0.010553652420639992
5FS8A,0,"[33, 149]",515,5,22,0.0101105235517025
5FS8A,0,"[33, 149]",515,5,23,0.010368605144321918
5FS8A,0,"[33, 149]",515,5,24,0.012147394008934498
5FS8A,0,"[33, 149]",515,5,25,0.009999508038163185
5FS8A,0,"[33, 149]",515,5,26,0.012884187512099743
5FS8A,0,"[33, 149]",515,5,27,0.01004700642079115
5FS8A,0,"[33, 149]",515,5,28,0.01216462068259716
5FS8A,0,"[33, 149]",515,5,29,0.008275444619357586
5FS8A,0,"[33, 149]",515,5,30,0.007881106808781624
5FS8A,0,"[33, 149]",515,5,31,0.009879122488200665
5FS8A,0,"[33, 149]",515,5,32,0.010778246447443962
5FS8A,0,"[33, 149]",515,5,33,0.010447220876812935
5FS8A,0,"[33, 149]",515,5,34,0.010738278739154339
5FS8A,0,"[33, 149]",515,5,35,0.010810256004333496
5FS8A,0,"[33, 149]",515,5,36,0.01075666956603527
5FS8A,0,"[33, 149]",515,5,37,0.010903825052082539
5FS8A,0,"[33, 149]",515,5,38,0.010690636932849884
5FS8A,0,"[33, 149]",515,5,39,0.010886581614613533
5FS8A,0,"[33, 149]",515,5,40,0.010436293669044971
5FS8A,0,"[33, 149]",515,5,41,0.010597421787679195
5FS8A,0,"[33, 149]",515,5,42,0.010763549245893955
5FS8A,0,"[33, 149]",515,5,43,0.011767526157200336
5FS8A,0,"[33, 149]",515,5,44,0.010367728769779205
5FS8A,0,"[33, 149]",515,5,45,0.010271218605339527
5FS8A,0,"[33, 149]",515,5,46,0.009907546453177929
5FS8A,0,"[33, 149]",515,5,47,0.009914268739521503
5FS8A,0,"[33, 149]",515,5,48,0.009610059671103954
5FS8A,0,"[33, 149]",515,5,49,0.009069081395864487
5FS8A,0,"[33, 149]",515,5,50,0.009896748699247837
5FS8A,0,"[33, 149]",515,5,51,0.009668847545981407
5FS8A,0,"[33, 149]",515,5,52,1.0946543216705322
5FS8A,0,"[33, 149]",515,5,53,1.0891848802566528
5FS8A,0,"[33, 149]",515,5,54,1.0673120021820068
5FS8A,0,"[33, 149]",515,5,55,1.0334248542785645
5G0AA,0,"[97, 342]",483,5,0,0.005904631223529577
5G0AA,0,"[97, 342]",483,5,1,0.006371196359395981
5G0AA,0,"[97, 342]",483,5,2,0.0060674347914755344
5G0AA,0,"[97, 342]",483,5,3,0.006357870995998383
5G0AA,0,"[97, 342]",483,5,4,0.00623817415907979
5G0AA,0,"[97, 342]",483,5,5,0.006173924542963505
5G0AA,0,"[97, 342]",483,5,6,0.0060382443480193615
5G0AA,0,"[97, 342]",483,5,7,0.005978996865451336
5G0AA,0,"[97, 342]",483,5,8,0.006157643161714077
5G0AA,0,"[97, 342]",483,5,9,0.005651827435940504
5G0AA,0,"[97, 342]",483,5,10,0.006270214915275574
5G0AA,0,"[97, 342]",483,5,11,0.006161321885883808
5G0AA,0,"[97, 342]",483,5,12,0.006365005858242512
5G0AA,0,"[97, 342]",483,5,13,0.006301568821072578
5G0AA,0,"[97, 342]",483,5,14,0.006516401655972004
5G0AA,0,"[97, 342]",483,5,15,0.006009811069816351
5G0AA,0,"[97, 342]",483,5,16,0.006284777540713549
5G0AA,0,"[97, 342]",483,5,17,0.006549243815243244
5G0AA,0,"[97, 342]",483,5,18,0.00591922365128994
5G0AA,0,"[97, 342]",483,5,19,0.006169409956783056
5G0AA,0,"[97, 342]",483,5,20,0.006024211645126343
5G0AA,0,"[97, 342]",483,5,21,0.0059684524312615395
5G0AA,0,"[97, 342]",483,5,22,0.006220633164048195
5G0AA,0,"[97, 342]",483,5,23,0.006002267822623253
5G0AA,0,"[97, 342]",483,5,24,0.007328478153795004
5G0AA,0,"[97, 342]",483,5,25,0.006502008996903896
5G0AA,0,"[97, 342]",483,5,26,0.006803549360483885
5G0AA,0,"[97, 342]",483,5,27,0.005900271702557802
5G0AA,0,"[97, 342]",483,5,28,0.006177213508635759
5G0AA,0,"[97, 342]",483,5,29,0.005586506333202124
5G0AA,0,"[97, 342]",483,5,30,0.005832422059029341
5G0AA,0,"[97, 342]",483,5,31,0.006371363531798124
5G0AA,0,"[97, 342]",483,5,32,0.006067188922315836
5G0AA,0,"[97, 342]",483,5,33,0.00592644652351737
5G0AA,0,"[97, 342]",483,5,34,0.005574052222073078
5G0AA,0,"[97, 342]",483,5,35,0.005525090731680393
5G0AA,0,"[97, 342]",483,5,36,0.00515611981973052
5G0AA,0,"[97, 342]",483,5,37,0.0054865190759301186
5G0AA,0,"[97, 342]",483,5,38,0.005189864430576563
5G0AA,0,"[97, 342]",483,5,39,0.005862594116479158
5G0AA,0,"[97, 342]",483,5,40,0.006246938370168209
5G0AA,0,"[97, 342]",483,5,41,0.7240094542503357
5G0AA,0,"[97, 342]",483,5,42,0.728315532207489
5G0AA,0,"[97, 342]",483,5,43,0.7318840622901917
5HEEA,0,"[43, 167]",262,5,0,0.0051629552617669106
5HEEA,0,"[43, 167]",262,5,1,0.00549139641225338
5HEEA,0,"[43, 167]",262,5,2,0.008095906116068363
5HEEA,0,"[43, 167]",262,5,3,0.00558746000751853
5HEEA,0,"[43, 167]",262,5,4,0.006098853889852762
5HEEA,0,"[43, 167]",262,5,5,0.006065550725907087
5HEEA,0,"[43, 167]",262,5,6,0.006703449413180351
5HEEA,0,"[43, 167]",262,5,7,0.006361071951687336
5HEEA,0,"[43, 167]",262,5,8,0.006218678783625364
5HEEA,0,"[43, 167]",262,5,9,0.006143913604319096
5HEEA,0,"[43, 167]",262,5,10,0.006172759924083948
5HEEA,0,"[43, 167]",262,5,11,0.005754504818469286
5HEEA,0,"[43, 167]",262,5,12,0.006266550626605749
5HEEA,0,"[43, 167]",262,5,13,0.022738637402653694
5HEEA,0,"[43, 167]",262,5,14,0.5018636584281921
5HEEA,0,"[43, 167]",262,5,15,0.5694304704666138
5HEEA,0,"[43, 167]",262,5,16,0.7531571984291077
5HEEA,0,"[43, 167]",262,5,17,0.8320335745811462
5HEEA,0,"[43, 167]",262,5,18,0.9796727299690247
5HEEA,0,"[43, 167]",262,5,19,0.9238142371177673
5HEEA,0,"[43, 167]",262,5,20,0.9594965577125549
5HEEA,0,"[43, 167]",262,5,21,0.9592349529266357
5HEEA,0,"[43, 167]",262,5,22,1.2530170679092407
5HEEA,0,"[43, 167]",262,5,23,1.270855188369751
5HEEA,0,"[43, 167]",262,5,24,1.1731150150299072
5HEEA,0,"[43, 167]",262,5,25,1.1719510555267334
5HEEA,0,"[43, 167]",262,5,26,1.1991231441497803
5HEEA,0,"[43, 167]",262,5,27,1.235923409461975
5HEEA,0,"[43, 167]",262,5,28,1.2042250633239746
5HEEA,0,"[43, 167]",262,5,29,1.2704676389694214
5HEEA,0,"[43, 167]",262,5,30,1.2610573768615723
5HEEA,0,"[43, 167]",262,5,31,1.2479698657989502
5HEEA,0,"[43, 167]",262,5,32,1.2488398551940918
5HEEA,0,"[43, 167]",262,5,33,1.2403825521469116
5HEEA,0,"[43, 167]",262,5,34,1.206417441368103
5HEEA,0,"[43, 167]",262,5,35,1.2084612846374512
5HEEA,0,"[43, 167]",262,5,36,1.2074015140533447
5HEEA,0,"[43, 167]",262,5,37,1.209450602531433
5HEEA,0,"[43, 167]",262,5,38,1.2162889242172241
5HEEA,0,"[43, 167]",262,5,39,1.2195035219192505
5HEEA,0,"[43, 167]",262,5,40,1.2164511680603027
5HEEA,0,"[43, 167]",262,5,41,1.213650107383728
5HEEA,0,"[43, 167]",262,5,42,1.2101255655288696
5HEEA,0,"[43, 167]",262,5,43,1.2098183631896973
5HEEA,0,"[43, 167]",262,5,44,1.2105828523635864
5HEEA,0,"[43, 167]",262,5,45,1.2098478078842163
5HEEA,0,"[43, 167]",262,5,46,1.2076811790466309
5HEEA,0,"[43, 167]",262,5,47,1.210874319076538
5HEEA,0,"[43, 167]",262,5,48,1.204126238822937
5HEEA,0,"[43, 167]",262,5,49,1.2051012516021729
5HEEA,0,"[43, 167]",262,5,50,1.2038524150848389
5HEEA,0,"[43, 167]",262,5,51,1.1962718963623047
5HEEA,0,"[43, 167]",262,5,52,1.1898788213729858
5HEEA,0,"[43, 167]",262,5,53,1.185958743095398
5HEEA,0,"[43, 167]",262,5,54,1.1838769912719727
5HEEA,0,"[43, 167]",262,5,55,1.1805717945098877
5HEEA,0,"[43, 167]",262,5,56,1.1790099143981934
5HEEA,0,"[43, 167]",262,5,57,1.1765259504318237
5HEEA,0,"[43, 167]",262,5,58,1.172935962677002
5HEEA,0,"[43, 167]",262,5,59,1.1714608669281006
5HEEA,0,"[43, 167]",262,5,60,1.1711738109588623
5I45A,0,"[49, 169]",218,5,0,0.0041710683144629
5I45A,0,"[49, 169]",218,5,1,0.0036705774255096912
5I45A,0,"[49, 169]",218,5,2,0.004457096569240093
5I45A,0,"[49, 169]",218,5,3,0.004214871674776077
5I45A,0,"[49, 169]",218,5,4,0.004101278726011515
5I45A,0,"[49, 169]",218,5,5,0.003652334213256836
5I45A,0,"[49, 169]",218,5,6,0.004493188112974167
5I45A,0,"[49, 169]",218,5,7,0.005091971252113581
5I45A,0,"[49, 169]",218,5,8,0.004690865986049175
5I45A,0,"[49, 169]",218,5,9,0.005268371198326349
5I45A,0,"[49, 169]",218,5,10,0.02337813377380371
5I45A,0,"[49, 169]",218,5,11,0.01911231130361557
5I45A,0,"[49, 169]",218,5,12,0.01680500991642475
5I45A,0,"[49, 169]",218,5,13,1.0345699787139893
5I45A,0,"[49, 169]",218,5,14,0.03688550367951393
5I45A,0,"[49, 169]",218,5,15,0.047195304185152054
5I9JA,0,"[69, 187]",229,5,0,0.005256530363112688
5I9JA,0,"[69, 187]",229,5,1,0.004444517195224762
5I9JA,0,"[69, 187]",229,5,2,0.005080877337604761
5I9JA,0,"[69, 187]",229,5,3,0.006546333432197571
5I9JA,0,"[69, 187]",229,5,4,0.007588737644255161
5I9JA,0,"[69, 187]",229,5,5,0.005909319967031479
5I9JA,0,"[69, 187]",229,5,6,0.006716076750308275
5I9JA,0,"[69, 187]",229,5,7,0.006866071373224258
5I9JA,0,"[69, 187]",229,5,8,0.006437907461076975
5I9JA,0,"[69, 187]",229,5,9,0.006364133674651384
5I9JA,0,"[69, 187]",229,5,10,0.0059882402420043945
5I9JA,0,"[69, 187]",229,5,11,0.006558464840054512
5I9JA,0,"[69, 187]",229,5,12,0.0489448681473732
5I9JA,0,"[69, 187]",229,5,13,0.023968223482370377
5I9JA,0,"[69, 187]",229,5,14,0.03213862329721451
5I9JA,0,"[69, 187]",229,5,15,0.07904642075300217
5I9JA,0,"[69, 187]",229,5,16,0.08295660465955734
5I9JA,0,"[69, 187]",229,5,17,0.43272873759269714
5I9JA,0,"[69, 187]",229,5,18,0.4126908481121063
5I9JA,0,"[69, 187]",229,5,19,0.6219729781150818
5I9JA,0,"[69, 187]",229,5,20,0.6467334032058716
5I9JA,0,"[69, 187]",229,5,21,0.8507529497146606
5I9JA,0,"[69, 187]",229,5,22,0.862639307975769
5I9JA,0,"[69, 187]",229,5,23,0.8516219258308411
5I9JA,0,"[69, 187]",229,5,24,0.8607290983200073
5I9JA,0,"[69, 187]",229,5,25,0.8349624276161194
5I9JA,0,"[69, 187]",229,5,26,0.8347738981246948
5I9JA,0,"[69, 187]",229,5,27,0.840771496295929
5I9JA,0,"[69, 187]",229,5,28,0.8274984359741211
5I9JA,0,"[69, 187]",229,5,29,0.8222400546073914
5I9JA,0,"[69, 187]",229,5,30,0.838786244392395
5I9JA,0,"[69, 187]",229,5,31,0.8469336032867432
5I9JA,0,"[69, 187]",229,5,32,0.8335129022598267
5I9JA,0,"[69, 187]",229,5,33,0.8440654873847961
5I9JA,0,"[69, 187]",229,5,34,0.8291964530944824
5I9JA,0,"[69, 187]",229,5,35,0.8305336833000183
5I9JA,0,"[69, 187]",229,5,36,0.8212539553642273
5I9JA,0,"[69, 187]",229,5,37,0.8432979583740234
5I9JA,0,"[69, 187]",229,5,38,0.7962397933006287
5I9JA,0,"[69, 187]",229,5,39,0.770883321762085
5I9JA,0,"[69, 187]",229,5,40,0.7760055065155029
5I9JA,0,"[69, 187]",229,5,41,0.8105383515357971
5I9JA,0,"[69, 187]",229,5,42,0.8390126824378967
5I9JA,0,"[69, 187]",229,5,43,0.8683363199234009
5I9JA,0,"[69, 187]",229,5,44,0.8576787114143372
5I9JA,0,"[69, 187]",229,5,45,0.8677676320075989
5I9JA,0,"[69, 187]",229,5,46,0.855843186378479
5I9JA,0,"[69, 187]",229,5,47,0.8631000518798828
5I9JA,0,"[69, 187]",229,5,48,0.8809869885444641
5I9JA,0,"[69, 187]",229,5,49,0.8797544836997986
5I9JA,0,"[69, 187]",229,5,50,0.875573456287384
5I9JA,0,"[69, 187]",229,5,51,0.8891432881355286
5I9JA,0,"[69, 187]",229,5,52,0.8888072371482849
5I9JA,0,"[69, 187]",229,5,53,0.8903259634971619
5I9JA,0,"[69, 187]",229,5,54,0.8900124430656433
5I9JA,0,"[69, 187]",229,5,55,0.8929321765899658
5I9JA,0,"[69, 187]",229,5,56,0.8934182524681091
5I9JA,0,"[69, 187]",229,5,57,0.8951091170310974
5I9JA,0,"[69, 187]",229,5,58,0.8957410454750061
5I9JA,0,"[69, 187]",229,5,59,0.8956476449966431
5I9JA,0,"[69, 187]",229,5,60,0.8814415335655212
5IDVA,0,"[69, 245]",279,5,0,0.004507305100560188
5IDVA,0,"[69, 245]",279,5,1,0.0043380241841077805
5IDVA,0,"[69, 245]",279,5,2,0.0038449924904853106
5IDVA,0,"[69, 245]",279,5,3,0.004002503585070372
5IDVA,0,"[69, 245]",279,5,4,0.0042541371658444405
5IDVA,0,"[69, 245]",279,5,5,0.00414316775277257
5IDVA,0,"[69, 245]",279,5,6,0.004375677555799484
5IDVA,0,"[69, 245]",279,5,7,0.005085846874862909
5IDVA,0,"[69, 245]",279,5,8,0.004731271415948868
5IDVA,0,"[69, 245]",279,5,9,0.004579802043735981
5IDVA,0,"[69, 245]",279,5,10,0.0041815186850726604
5IDVA,0,"[69, 245]",279,5,11,0.0039053994696587324
5IDVA,0,"[69, 245]",279,5,12,0.0036199744790792465
5IDVA,0,"[69, 245]",279,5,13,0.0035084434784948826
5IDVA,0,"[69, 245]",279,5,14,0.0038035407196730375
5IDVA,0,"[69, 245]",279,5,15,0.003980425652116537
5IDVA,0,"[69, 245]",279,5,16,0.004828155506402254
5IDVA,0,"[69, 245]",279,5,17,0.005217430647462606
5IDVA,0,"[69, 245]",279,5,18,0.004719821736216545
5IDVA,0,"[69, 245]",279,5,19,0.004671668633818626
5IDVA,0,"[69, 245]",279,5,20,0.875080943107605
5IDVA,0,"[69, 245]",279,5,21,0.8697057366371155
5IDVA,0,"[69, 245]",279,5,22,0.8638579249382019
5IDVA,0,"[69, 245]",279,5,23,0.8766830563545227
5IDYA,0,"[31, 237]",267,5,0,0.0057987733744084835
5IDYA,0,"[31, 237]",267,5,1,0.0057548112235963345
5IDYA,0,"[31, 237]",267,5,2,0.005682223942130804
5IDYA,0,"[31, 237]",267,5,3,0.005470934323966503
5IDYA,0,"[31, 237]",267,5,4,0.005483787041157484
5IDYA,0,"[31, 237]",267,5,5,0.005589357577264309
5IDYA,0,"[31, 237]",267,5,6,0.0091562420129776
5IDYA,0,"[31, 237]",267,5,7,0.005058023147284985
5IDYA,0,"[31, 237]",267,5,8,0.0053484756499528885
5IDYA,0,"[31, 237]",267,5,9,0.005009889602661133
5IDYA,0,"[31, 237]",267,5,10,0.00412457762286067
5IDYA,0,"[31, 237]",267,5,11,0.005278153344988823
5IDYA,0,"[31, 237]",267,5,12,0.0053769382648169994
5IDYA,0,"[31, 237]",267,5,13,0.005549437832087278
5IDYA,0,"[31, 237]",267,5,14,0.005850753281265497
5IDYA,0,"[31, 237]",267,5,15,1.0533726215362549
5IDYA,0,"[31, 237]",267,5,16,1.02561616897583
5IDYA,0,"[31, 237]",267,5,17,1.0221316814422607
5IDYA,0,"[31, 237]",267,5,18,1.0182288885116577
5IDYA,0,"[31, 237]",267,5,19,1.025378942489624
5IVKA,0,"[247, 352]",577,5,0,0.007919440045952797
5IVKA,0,"[247, 352]",577,5,1,0.007277172524482012
5IVKA,0,"[247, 352]",577,5,2,0.007626575883477926
5IVKA,0,"[247, 352]",577,5,3,0.007057643495500088
5IVKA,0,"[247, 352]",577,5,4,0.007512061391025782
5IVKA,0,"[247, 352]",577,5,5,0.008408958092331886
5IVKA,0,"[247, 352]",577,5,6,0.007582222577184439
5IVKA,0,"[247, 352]",577,5,7,0.007564720697700977
5IVKA,0,"[247, 352]",577,5,8,0.007825791835784912
5IVKA,0,"[247, 352]",577,5,9,0.008072664961218834
5IVKA,0,"[247, 352]",577,5,10,0.007599241565912962
5IVKA,0,"[247, 352]",577,5,11,0.007830087095499039
5IVKA,0,"[247, 352]",577,5,12,0.007636093534529209
5IVKA,0,"[247, 352]",577,5,13,0.008080441504716873
5IVKA,0,"[247, 352]",577,5,14,0.007983382791280746
5IVKA,0,"[247, 352]",577,5,15,0.007777729537338018
5IVKA,0,"[247, 352]",577,5,16,0.0074691311456263065
5IVKA,0,"[247, 352]",577,5,17,0.007620031945407391
5IVKA,0,"[247, 352]",577,5,18,0.00736636109650135
5IVKA,0,"[247, 352]",577,5,19,0.006679238751530647
5IVKA,0,"[247, 352]",577,5,20,0.007027606945484877
5IVKA,0,"[247, 352]",577,5,21,0.008917504921555519
5IVKA,0,"[247, 352]",577,5,22,0.008641703985631466
5IVKA,0,"[247, 352]",577,5,23,0.008536113426089287
5IVKA,0,"[247, 352]",577,5,24,0.008038226515054703
5IVKA,0,"[247, 352]",577,5,25,0.007901443168520927
5IVKA,0,"[247, 352]",577,5,26,0.008015156723558903
5IVKA,0,"[247, 352]",577,5,27,0.007876962423324585
5IVKA,0,"[247, 352]",577,5,28,0.0078987255692482
5IVKA,0,"[247, 352]",577,5,29,0.00801140908151865
5IVKA,0,"[247, 352]",577,5,30,0.008008517324924469
5IVKA,0,"[247, 352]",577,5,31,0.006604619324207306
5IVKA,0,"[247, 352]",577,5,32,0.007989953272044659
5IVKA,0,"[247, 352]",577,5,33,0.00809451099485159
5IVKA,0,"[247, 352]",577,5,34,0.007544537074863911
5IVKA,0,"[247, 352]",577,5,35,0.008285501040518284
5IVKA,0,"[247, 352]",577,5,36,0.0074127446860075
5IVKA,0,"[247, 352]",577,5,37,0.007304003927856684
5IVKA,0,"[247, 352]",577,5,38,0.00864460039883852
5IVKA,0,"[247, 352]",577,5,39,0.008399834856390953
5IVKA,0,"[247, 352]",577,5,40,0.007533369120210409
5IVKA,0,"[247, 352]",577,5,41,0.007300989702343941
5IVKA,0,"[247, 352]",577,5,42,0.008164161816239357
5IVKA,0,"[247, 352]",577,5,43,0.008481529541313648
5IVKA,0,"[247, 352]",577,5,44,0.009945717640221119
5IVKA,0,"[247, 352]",577,5,45,0.007986199110746384
5IVKA,0,"[247, 352]",577,5,46,0.00815699715167284
5IVKA,0,"[247, 352]",577,5,47,0.007310620509088039
5IVKA,0,"[247, 352]",577,5,48,0.007846882566809654
5IVKA,0,"[247, 352]",577,5,49,0.007545278873294592
5IVKA,0,"[247, 352]",577,5,50,0.007176744285970926
5IVKA,0,"[247, 352]",577,5,51,0.006716744042932987
5IVKA,0,"[247, 352]",577,5,52,0.00668088486418128
5IVKA,0,"[247, 352]",577,5,53,0.006940052844583988
5IVKA,0,"[247, 352]",577,5,54,0.007674988359212875
5IVKA,0,"[247, 352]",577,5,55,0.007627127692103386
5IVKA,0,"[247, 352]",577,5,56,0.007896414957940578
5IVKA,0,"[247, 352]",577,5,57,0.007419596426188946
5IVKA,0,"[247, 352]",577,5,58,0.0076459855772554874
5IVKA,0,"[247, 352]",577,5,59,0.007571488618850708
5IVKA,0,"[247, 352]",577,5,60,0.008014910854399204
